   0.168 2026-09-23 09:28:43.251 TigerBrowser2[11759] *** _NSAutoreleaseNoPool(): Object 0x7c09140 of class NSCFString autoreleased with no pool in place - just leaking
   0.619 Unknown logging channel: Loading
   0.619 Unknown logging channel: Layout
   0.621 [com.apple.WebKit:Process:4] getNetworkProcessConnection: Request connection for core identifier 3
   0.634 Unknown logging channel: Loading
   0.634 Unknown logging channel: Layout
   0.641 [com.apple.WebKit:Process:4] 0x10c601220 - NetworkProcess::initializeNetworkProcess: Presenting processPID=11763
   0.642 [com.apple.WebKit:Process:4] 0x10c601220 - NetworkProcess::createNetworkConnectionToWebProcess: Create connection for web process core identifier 3
   0.643 [com.apple.WebKit:Process:4] 0x10c612b80 - NetworkConnectionToWebProcess::NetworkConnectionToWebProcess: Create connection for web process core identifier 3
   0.643 [com.apple.WebKit:Process:4] 0x10c612b80 - NetworkConnectionToWebProcess::NetworkConnectionToWebProcess: Connection for web process core identifier 3 established service worker server connection
   0.644 [com.apple.WebKit:Process:4] 0x10c612b80 - NetworkConnectionToWebProcess::NetworkConnectionToWebProcess: Connection for web process core identifier 3 established shared worker connection
   0.644 [com.apple.WebKit:Process:4] 0x10c601220 - NetworkProcess::createNetworkConnectionToWebProcess: Finished creating connection for web process core identifier 3, notifying the UI process
   0.652 [com.apple.WebKit:Process:4] 0x10c601220 - NetworkProcess::createNetworkConnectionToWebProcess: Handed off connect for web process core identifier 3 to the UI process
   0.700 [com.apple.WebKit:Process:4] 0x10c601220 - [sessionID=1] WebProcess::initializeWebProcess: Presenting processPID=11759
   0.701 [com.apple.WebKit:Loading:4] 0x10d024400 - [webPageID=5] WebPage::constructor:
   0.706 [com.apple.WebKit:Loading:4] WebPreferencesStore: non-default preferences: UseGPUProcessForDOMRenderingEnabled=false, AcceleratedCompositingEnabled=false
   0.734 [com.apple.WebKit:Layout:4] [webFrameID=4294967297, webPageID=5] WebLocalFrameLoaderClient::completePageTransitionIfNeeded: dispatching didCompletePageTransition
   0.737 [com.apple.WebKit:Loading:4] [webPageID=5] WebPage::loadRequest: navigationID=11, shouldTreatAsContinuingLoad=0, lastNavigationWasAppInitiated=1, existingNetworkResourceLoadIdentifierToResume=0
   0.775 [com.apple.WebKit:Loading:4] [pageID=5, frameID=4294967297] PolicyChecker::checkNavigationPolicy: continuing because this policyAction from dispatchDecidePolicyForNavigationAction is Use
   0.779 [com.apple.WebKit:Loading:4] 0x10c612b80 - [webProcessIdentifier=3] NetworkConnectionToWebProcess::scheduleResourceLoad: (parentPID=11759, pageProxyID=4, webPageID=5, frameID=4294967297, resourceID=9, existingLoaderToResume=0)
   0.779 [com.apple.WebKit:Loading:4] 0x10c612b80 - [webProcessIdentifier=3] NetworkConnectionToWebProcess::scheduleResourceLoad: Deferring resource load until service worker registrations for origin are imported
   0.780 [com.apple.WebKit:Loading:4] 0x10c612b80 - [webProcessIdentifier=3] NetworkConnectionToWebProcess::scheduleResourceLoad: (parentPID=11759, pageProxyID=4, webPageID=5, frameID=4294967297, resourceID=9, existingLoaderToResume=0)
   0.780 [com.apple.WebKit:Loading:4] 0x10c612b80 - [webProcessIdentifier=3] NetworkConnectionToWebProcess::resolveBlobReferences: (parentPID=11759, pageProxyID=4, webPageID=5, frameID=4294967297, resourceID=9)
   0.853 TIGER script: wait 20
   0.922 [com.apple.WebKit:Loading:4] 0x10c612b80 - [webProcessIdentifier=3] NetworkConnectionToWebProcess::scheduleResourceLoad: (parentPID=11759, pageProxyID=4, webPageID=5, frameID=4294967297, resourceID=16, existingLoaderToResume=0)
   0.922 [com.apple.WebKit:Loading:4] 0x10c612b80 - [webProcessIdentifier=3] NetworkConnectionToWebProcess::resolveBlobReferences: (parentPID=11759, pageProxyID=4, webPageID=5, frameID=4294967297, resourceID=16)
   0.922 [com.apple.WebKit:Loading:4] 0x10c612b80 - [webProcessIdentifier=3] NetworkConnectionToWebProcess::scheduleResourceLoad: (parentPID=11759, pageProxyID=4, webPageID=5, frameID=4294967297, resourceID=17, existingLoaderToResume=0)
   0.922 [com.apple.WebKit:Loading:4] 0x10c612b80 - [webProcessIdentifier=3] NetworkConnectionToWebProcess::resolveBlobReferences: (parentPID=11759, pageProxyID=4, webPageID=5, frameID=4294967297, resourceID=17)
   0.922 [com.apple.WebKit:Loading:4] 0x10c612b80 - [webProcessIdentifier=3] NetworkConnectionToWebProcess::scheduleResourceLoad: (parentPID=11759, pageProxyID=4, webPageID=5, frameID=4294967297, resourceID=18, existingLoaderToResume=0)
   0.923 [com.apple.WebKit:Loading:4] 0x10c612b80 - [webProcessIdentifier=3] NetworkConnectionToWebProcess::resolveBlobReferences: (parentPID=11759, pageProxyID=4, webPageID=5, frameID=4294967297, resourceID=18)
   0.923 [com.apple.WebKit:Loading:4] 0x10c612b80 - [webProcessIdentifier=3] NetworkConnectionToWebProcess::scheduleResourceLoad: (parentPID=11759, pageProxyID=4, webPageID=5, frameID=4294967297, resourceID=19, existingLoaderToResume=0)
   0.923 [com.apple.WebKit:Loading:4] 0x10c612b80 - [webProcessIdentifier=3] NetworkConnectionToWebProcess::resolveBlobReferences: (parentPID=11759, pageProxyID=4, webPageID=5, frameID=4294967297, resourceID=19)
   0.923 [com.apple.WebKit:Loading:4] 0x10c612b80 - [webProcessIdentifier=3] NetworkConnectionToWebProcess::scheduleResourceLoad: (parentPID=11759, pageProxyID=4, webPageID=5, frameID=4294967297, resourceID=20, existingLoaderToResume=0)
   0.923 [com.apple.WebKit:Loading:4] 0x10c612b80 - [webProcessIdentifier=3] NetworkConnectionToWebProcess::resolveBlobReferences: (parentPID=11759, pageProxyID=4, webPageID=5, frameID=4294967297, resourceID=20)
   0.923 [com.apple.WebKit:Loading:4] 0x10c612b80 - [webProcessIdentifier=3] NetworkConnectionToWebProcess::scheduleResourceLoad: (parentPID=11759, pageProxyID=4, webPageID=5, frameID=4294967297, resourceID=21, existingLoaderToResume=0)
   0.924 [com.apple.WebKit:Loading:4] 0x10c612b80 - [webProcessIdentifier=3] NetworkConnectionToWebProcess::resolveBlobReferences: (parentPID=11759, pageProxyID=4, webPageID=5, frameID=4294967297, resourceID=21)
   0.924 [com.apple.WebKit:Loading:4] 0x10c612b80 - [webProcessIdentifier=3] NetworkConnectionToWebProcess::scheduleResourceLoad: (parentPID=11759, pageProxyID=4, webPageID=5, frameID=4294967297, resourceID=22, existingLoaderToResume=0)
   0.924 [com.apple.WebKit:Loading:4] 0x10c612b80 - [webProcessIdentifier=3] NetworkConnectionToWebProcess::resolveBlobReferences: (parentPID=11759, pageProxyID=4, webPageID=5, frameID=4294967297, resourceID=22)
   0.924 [com.apple.WebKit:Loading:4] 0x10c612b80 - [webProcessIdentifier=3] NetworkConnectionToWebProcess::scheduleResourceLoad: (parentPID=11759, pageProxyID=4, webPageID=5, frameID=4294967297, resourceID=23, existingLoaderToResume=0)
   0.924 [com.apple.WebKit:Loading:4] 0x10c612b80 - [webProcessIdentifier=3] NetworkConnectionToWebProcess::resolveBlobReferences: (parentPID=11759, pageProxyID=4, webPageID=5, frameID=4294967297, resourceID=23)
   0.924 [com.apple.WebKit:Loading:4] 0x10c612b80 - [webProcessIdentifier=3] NetworkConnectionToWebProcess::scheduleResourceLoad: (parentPID=11759, pageProxyID=4, webPageID=5, frameID=4294967297, resourceID=24, existingLoaderToResume=0)
   0.925 [com.apple.WebKit:Loading:4] 0x10c612b80 - [webProcessIdentifier=3] NetworkConnectionToWebProcess::resolveBlobReferences: (parentPID=11759, pageProxyID=4, webPageID=5, frameID=4294967297, resourceID=24)
   0.925 [com.apple.WebKit:Loading:4] 0x10c612b80 - [webProcessIdentifier=3] NetworkConnectionToWebProcess::scheduleResourceLoad: (parentPID=11759, pageProxyID=4, webPageID=5, frameID=4294967297, resourceID=25, existingLoaderToResume=0)
   0.925 [com.apple.WebKit:Loading:4] 0x10c612b80 - [webProcessIdentifier=3] NetworkConnectionToWebProcess::resolveBlobReferences: (parentPID=11759, pageProxyID=4, webPageID=5, frameID=4294967297, resourceID=25)
   0.925 [com.apple.WebKit:Loading:4] 0x10c612b80 - [webProcessIdentifier=3] NetworkConnectionToWebProcess::scheduleResourceLoad: (parentPID=11759, pageProxyID=4, webPageID=5, frameID=4294967297, resourceID=26, existingLoaderToResume=0)
   0.925 [com.apple.WebKit:Loading:4] 0x10c612b80 - [webProcessIdentifier=3] NetworkConnectionToWebProcess::resolveBlobReferences: (parentPID=11759, pageProxyID=4, webPageID=5, frameID=4294967297, resourceID=26)
   0.947 [com.apple.WebKit:Loading:4] 0x10c612b80 - [webProcessIdentifier=3] NetworkConnectionToWebProcess::scheduleResourceLoad: (parentPID=11759, pageProxyID=4, webPageID=5, frameID=4294967297, resourceID=28, existingLoaderToResume=0)
   0.947 [com.apple.WebKit:Loading:4] 0x10c612b80 - [webProcessIdentifier=3] NetworkConnectionToWebProcess::resolveBlobReferences: (parentPID=11759, pageProxyID=4, webPageID=5, frameID=4294967297, resourceID=28)
   0.947 [com.apple.WebKit:Loading:4] 0x10c612b80 - [webProcessIdentifier=3] NetworkConnectionToWebProcess::scheduleResourceLoad: (parentPID=11759, pageProxyID=4, webPageID=5, frameID=4294967297, resourceID=29, existingLoaderToResume=0)
   0.948 [com.apple.WebKit:Loading:4] 0x10c612b80 - [webProcessIdentifier=3] NetworkConnectionToWebProcess::resolveBlobReferences: (parentPID=11759, pageProxyID=4, webPageID=5, frameID=4294967297, resourceID=29)
   0.948 [com.apple.WebKit:Loading:4] 0x10c612b80 - [webProcessIdentifier=3] NetworkConnectionToWebProcess::scheduleResourceLoad: (parentPID=11759, pageProxyID=4, webPageID=5, frameID=4294967297, resourceID=30, existingLoaderToResume=0)
   0.948 [com.apple.WebKit:Loading:4] 0x10c612b80 - [webProcessIdentifier=3] NetworkConnectionToWebProcess::resolveBlobReferences: (parentPID=11759, pageProxyID=4, webPageID=5, frameID=4294967297, resourceID=30)
   0.948 [com.apple.WebKit:Loading:4] 0x10c612b80 - [webProcessIdentifier=3] NetworkConnectionToWebProcess::scheduleResourceLoad: (parentPID=11759, pageProxyID=4, webPageID=5, frameID=4294967297, resourceID=31, existingLoaderToResume=0)
   0.948 [com.apple.WebKit:Loading:4] 0x10c612b80 - [webProcessIdentifier=3] NetworkConnectionToWebProcess::resolveBlobReferences: (parentPID=11759, pageProxyID=4, webPageID=5, frameID=4294967297, resourceID=31)
   0.948 [com.apple.WebKit:Loading:4] 0x10c612b80 - [webProcessIdentifier=3] NetworkConnectionToWebProcess::scheduleResourceLoad: (parentPID=11759, pageProxyID=4, webPageID=5, frameID=4294967297, resourceID=32, existingLoaderToResume=0)
   0.948 [com.apple.WebKit:Loading:4] 0x10c612b80 - [webProcessIdentifier=3] NetworkConnectionToWebProcess::resolveBlobReferences: (parentPID=11759, pageProxyID=4, webPageID=5, frameID=4294967297, resourceID=32)
   0.948 [com.apple.WebKit:Loading:4] 0x10c612b80 - [webProcessIdentifier=3] NetworkConnectionToWebProcess::scheduleResourceLoad: (parentPID=11759, pageProxyID=4, webPageID=5, frameID=4294967297, resourceID=33, existingLoaderToResume=0)
   0.948 [com.apple.WebKit:Loading:4] 0x10c612b80 - [webProcessIdentifier=3] NetworkConnectionToWebProcess::resolveBlobReferences: (parentPID=11759, pageProxyID=4, webPageID=5, frameID=4294967297, resourceID=33)
   0.949 [com.apple.WebKit:Loading:4] 0x10c612b80 - [webProcessIdentifier=3] NetworkConnectionToWebProcess::scheduleResourceLoad: (parentPID=11759, pageProxyID=4, webPageID=5, frameID=4294967297, resourceID=34, existingLoaderToResume=0)
   0.949 [com.apple.WebKit:Loading:4] 0x10c612b80 - [webProcessIdentifier=3] NetworkConnectionToWebProcess::resolveBlobReferences: (parentPID=11759, pageProxyID=4, webPageID=5, frameID=4294967297, resourceID=34)
   0.949 [com.apple.WebKit:Loading:4] 0x10c612b80 - [webProcessIdentifier=3] NetworkConnectionToWebProcess::scheduleResourceLoad: (parentPID=11759, pageProxyID=4, webPageID=5, frameID=4294967297, resourceID=35, existingLoaderToResume=0)
   0.949 [com.apple.WebKit:Loading:4] 0x10c612b80 - [webProcessIdentifier=3] NetworkConnectionToWebProcess::resolveBlobReferences: (parentPID=11759, pageProxyID=4, webPageID=5, frameID=4294967297, resourceID=35)
   0.949 [com.apple.WebKit:Loading:4] 0x10c612b80 - [webProcessIdentifier=3] NetworkConnectionToWebProcess::scheduleResourceLoad: (parentPID=11759, pageProxyID=4, webPageID=5, frameID=4294967297, resourceID=36, existingLoaderToResume=0)
   0.949 [com.apple.WebKit:Loading:4] 0x10c612b80 - [webProcessIdentifier=3] NetworkConnectionToWebProcess::resolveBlobReferences: (parentPID=11759, pageProxyID=4, webPageID=5, frameID=4294967297, resourceID=36)
   0.952 [com.apple.WebKit:Loading:4] 0x10c612b80 - [webProcessIdentifier=3] NetworkConnectionToWebProcess::scheduleResourceLoad: (parentPID=11759, pageProxyID=4, webPageID=5, frameID=4294967297, resourceID=37, existingLoaderToResume=0)
   0.952 [com.apple.WebKit:Loading:4] 0x10c612b80 - [webProcessIdentifier=3] NetworkConnectionToWebProcess::resolveBlobReferences: (parentPID=11759, pageProxyID=4, webPageID=5, frameID=4294967297, resourceID=37)
   0.952 [com.apple.WebKit:Loading:4] 0x10c612b80 - [webProcessIdentifier=3] NetworkConnectionToWebProcess::scheduleResourceLoad: (parentPID=11759, pageProxyID=4, webPageID=5, frameID=4294967297, resourceID=38, existingLoaderToResume=0)
   0.952 [com.apple.WebKit:Loading:4] 0x10c612b80 - [webProcessIdentifier=3] NetworkConnectionToWebProcess::resolveBlobReferences: (parentPID=11759, pageProxyID=4, webPageID=5, frameID=4294967297, resourceID=38)
   0.952 [com.apple.WebKit:Loading:4] 0x10c612b80 - [webProcessIdentifier=3] NetworkConnectionToWebProcess::scheduleResourceLoad: (parentPID=11759, pageProxyID=4, webPageID=5, frameID=4294967297, resourceID=39, existingLoaderToResume=0)
   0.952 [com.apple.WebKit:Loading:4] 0x10c612b80 - [webProcessIdentifier=3] NetworkConnectionToWebProcess::resolveBlobReferences: (parentPID=11759, pageProxyID=4, webPageID=5, frameID=4294967297, resourceID=39)
   0.953 [com.apple.WebKit:Loading:4] 0x10c612b80 - [webProcessIdentifier=3] NetworkConnectionToWebProcess::scheduleResourceLoad: (parentPID=11759, pageProxyID=4, webPageID=5, frameID=4294967297, resourceID=40, existingLoaderToResume=0)
   0.953 [com.apple.WebKit:Loading:4] 0x10c612b80 - [webProcessIdentifier=3] NetworkConnectionToWebProcess::resolveBlobReferences: (parentPID=11759, pageProxyID=4, webPageID=5, frameID=4294967297, resourceID=40)
   0.953 [com.apple.WebKit:Loading:4] 0x10c612b80 - [webProcessIdentifier=3] NetworkConnectionToWebProcess::scheduleResourceLoad: (parentPID=11759, pageProxyID=4, webPageID=5, frameID=4294967297, resourceID=41, existingLoaderToResume=0)
   0.953 [com.apple.WebKit:Loading:4] 0x10c612b80 - [webProcessIdentifier=3] NetworkConnectionToWebProcess::resolveBlobReferences: (parentPID=11759, pageProxyID=4, webPageID=5, frameID=4294967297, resourceID=41)
   0.957 [com.apple.WebKit:Loading:4] 0x10c612b80 - [webProcessIdentifier=3] NetworkConnectionToWebProcess::scheduleResourceLoad: (parentPID=11759, pageProxyID=4, webPageID=5, frameID=4294967297, resourceID=42, existingLoaderToResume=0)
   0.957 [com.apple.WebKit:Loading:4] 0x10c612b80 - [webProcessIdentifier=3] NetworkConnectionToWebProcess::resolveBlobReferences: (parentPID=11759, pageProxyID=4, webPageID=5, frameID=4294967297, resourceID=42)
   0.957 [com.apple.WebKit:Loading:4] 0x10c612b80 - [webProcessIdentifier=3] NetworkConnectionToWebProcess::scheduleResourceLoad: (parentPID=11759, pageProxyID=4, webPageID=5, frameID=4294967297, resourceID=43, existingLoaderToResume=0)
   0.957 [com.apple.WebKit:Loading:4] 0x10c612b80 - [webProcessIdentifier=3] NetworkConnectionToWebProcess::resolveBlobReferences: (parentPID=11759, pageProxyID=4, webPageID=5, frameID=4294967297, resourceID=43)
   0.957 [com.apple.WebKit:Loading:4] 0x10c612b80 - [webProcessIdentifier=3] NetworkConnectionToWebProcess::scheduleResourceLoad: (parentPID=11759, pageProxyID=4, webPageID=5, frameID=4294967297, resourceID=44, existingLoaderToResume=0)
   0.957 [com.apple.WebKit:Loading:4] 0x10c612b80 - [webProcessIdentifier=3] NetworkConnectionToWebProcess::resolveBlobReferences: (parentPID=11759, pageProxyID=4, webPageID=5, frameID=4294967297, resourceID=44)
   0.957 [com.apple.WebKit:Loading:4] 0x10c612b80 - [webProcessIdentifier=3] NetworkConnectionToWebProcess::scheduleResourceLoad: (parentPID=11759, pageProxyID=4, webPageID=5, frameID=4294967297, resourceID=45, existingLoaderToResume=0)
   0.958 [com.apple.WebKit:Loading:4] 0x10c612b80 - [webProcessIdentifier=3] NetworkConnectionToWebProcess::resolveBlobReferences: (parentPID=11759, pageProxyID=4, webPageID=5, frameID=4294967297, resourceID=45)
   0.958 [com.apple.WebKit:Loading:4] 0x10c612b80 - [webProcessIdentifier=3] NetworkConnectionToWebProcess::scheduleResourceLoad: (parentPID=11759, pageProxyID=4, webPageID=5, frameID=4294967297, resourceID=46, existingLoaderToResume=0)
   0.958 [com.apple.WebKit:Loading:4] 0x10c612b80 - [webProcessIdentifier=3] NetworkConnectionToWebProcess::resolveBlobReferences: (parentPID=11759, pageProxyID=4, webPageID=5, frameID=4294967297, resourceID=46)
   0.958 [com.apple.WebKit:Loading:4] 0x10c612b80 - [webProcessIdentifier=3] NetworkConnectionToWebProcess::scheduleResourceLoad: (parentPID=11759, pageProxyID=4, webPageID=5, frameID=4294967297, resourceID=47, existingLoaderToResume=0)
   0.959 [com.apple.WebKit:Loading:4] 0x10c612b80 - [webProcessIdentifier=3] NetworkConnectionToWebProcess::resolveBlobReferences: (parentPID=11759, pageProxyID=4, webPageID=5, frameID=4294967297, resourceID=47)
   0.959 [com.apple.WebKit:Loading:4] 0x10c612b80 - [webProcessIdentifier=3] NetworkConnectionToWebProcess::scheduleResourceLoad: (parentPID=11759, pageProxyID=4, webPageID=5, frameID=4294967297, resourceID=48, existingLoaderToResume=0)
   0.959 [com.apple.WebKit:Loading:4] 0x10c612b80 - [webProcessIdentifier=3] NetworkConnectionToWebProcess::resolveBlobReferences: (parentPID=11759, pageProxyID=4, webPageID=5, frameID=4294967297, resourceID=48)
   0.959 [com.apple.WebKit:Loading:4] 0x10c612b80 - [webProcessIdentifier=3] NetworkConnectionToWebProcess::scheduleResourceLoad: (parentPID=11759, pageProxyID=4, webPageID=5, frameID=4294967297, resourceID=49, existingLoaderToResume=0)
   0.959 [com.apple.WebKit:Loading:4] 0x10c612b80 - [webProcessIdentifier=3] NetworkConnectionToWebProcess::resolveBlobReferences: (parentPID=11759, pageProxyID=4, webPageID=5, frameID=4294967297, resourceID=49)
   0.965 [com.apple.WebKit:Loading:4] 0x10c612b80 - [webProcessIdentifier=3] NetworkConnectionToWebProcess::scheduleResourceLoad: (parentPID=11759, pageProxyID=4, webPageID=5, frameID=4294967297, resourceID=50, existingLoaderToResume=0)
   0.965 [com.apple.WebKit:Loading:4] 0x10c612b80 - [webProcessIdentifier=3] NetworkConnectionToWebProcess::resolveBlobReferences: (parentPID=11759, pageProxyID=4, webPageID=5, frameID=4294967297, resourceID=50)
   0.966 [com.apple.WebKit:Loading:4] 0x10c612b80 - [webProcessIdentifier=3] NetworkConnectionToWebProcess::scheduleResourceLoad: (parentPID=11759, pageProxyID=4, webPageID=5, frameID=4294967297, resourceID=51, existingLoaderToResume=0)
   0.966 [com.apple.WebKit:Loading:4] 0x10c612b80 - [webProcessIdentifier=3] NetworkConnectionToWebProcess::resolveBlobReferences: (parentPID=11759, pageProxyID=4, webPageID=5, frameID=4294967297, resourceID=51)
   0.966 [com.apple.WebKit:Loading:4] 0x10c612b80 - [webProcessIdentifier=3] NetworkConnectionToWebProcess::scheduleResourceLoad: (parentPID=11759, pageProxyID=4, webPageID=5, frameID=4294967297, resourceID=52, existingLoaderToResume=0)
   0.966 [com.apple.WebKit:Loading:4] 0x10c612b80 - [webProcessIdentifier=3] NetworkConnectionToWebProcess::resolveBlobReferences: (parentPID=11759, pageProxyID=4, webPageID=5, frameID=4294967297, resourceID=52)
   0.966 [com.apple.WebKit:Loading:4] 0x10c612b80 - [webProcessIdentifier=3] NetworkConnectionToWebProcess::scheduleResourceLoad: (parentPID=11759, pageProxyID=4, webPageID=5, frameID=4294967297, resourceID=53, existingLoaderToResume=0)
   0.966 [com.apple.WebKit:Loading:4] 0x10c612b80 - [webProcessIdentifier=3] NetworkConnectionToWebProcess::resolveBlobReferences: (parentPID=11759, pageProxyID=4, webPageID=5, frameID=4294967297, resourceID=53)
   0.982 [com.apple.WebKit:Loading:4] 0x10c612b80 - [webProcessIdentifier=3] NetworkConnectionToWebProcess::scheduleResourceLoad: (parentPID=11759, pageProxyID=4, webPageID=5, frameID=4294967297, resourceID=54, existingLoaderToResume=0)
   0.982 [com.apple.WebKit:Loading:4] 0x10c612b80 - [webProcessIdentifier=3] NetworkConnectionToWebProcess::resolveBlobReferences: (parentPID=11759, pageProxyID=4, webPageID=5, frameID=4294967297, resourceID=54)
   0.982 [com.apple.WebKit:Loading:4] 0x10c612b80 - [webProcessIdentifier=3] NetworkConnectionToWebProcess::scheduleResourceLoad: (parentPID=11759, pageProxyID=4, webPageID=5, frameID=4294967297, resourceID=55, existingLoaderToResume=0)
   0.982 [com.apple.WebKit:Loading:4] 0x10c612b80 - [webProcessIdentifier=3] NetworkConnectionToWebProcess::resolveBlobReferences: (parentPID=11759, pageProxyID=4, webPageID=5, frameID=4294967297, resourceID=55)
   0.983 [com.apple.WebKit:Loading:4] 0x10c612b80 - [webProcessIdentifier=3] NetworkConnectionToWebProcess::scheduleResourceLoad: (parentPID=11759, pageProxyID=4, webPageID=5, frameID=4294967297, resourceID=56, existingLoaderToResume=0)
   0.983 [com.apple.WebKit:Loading:4] 0x10c612b80 - [webProcessIdentifier=3] NetworkConnectionToWebProcess::resolveBlobReferences: (parentPID=11759, pageProxyID=4, webPageID=5, frameID=4294967297, resourceID=56)
   0.985 [com.apple.WebKit:Loading:4] 0x10c612b80 - [webProcessIdentifier=3] NetworkConnectionToWebProcess::scheduleResourceLoad: (parentPID=11759, pageProxyID=4, webPageID=5, frameID=4294967297, resourceID=57, existingLoaderToResume=0)
   0.986 [com.apple.WebKit:Loading:4] 0x10c612b80 - [webProcessIdentifier=3] NetworkConnectionToWebProcess::resolveBlobReferences: (parentPID=11759, pageProxyID=4, webPageID=5, frameID=4294967297, resourceID=57)
   0.986 [com.apple.WebKit:Loading:4] 0x10c612b80 - [webProcessIdentifier=3] NetworkConnectionToWebProcess::scheduleResourceLoad: (parentPID=11759, pageProxyID=4, webPageID=5, frameID=4294967297, resourceID=58, existingLoaderToResume=0)
   0.986 [com.apple.WebKit:Loading:4] 0x10c612b80 - [webProcessIdentifier=3] NetworkConnectionToWebProcess::resolveBlobReferences: (parentPID=11759, pageProxyID=4, webPageID=5, frameID=4294967297, resourceID=58)
   0.986 [com.apple.WebKit:Loading:4] 0x10c612b80 - [webProcessIdentifier=3] NetworkConnectionToWebProcess::scheduleResourceLoad: (parentPID=11759, pageProxyID=4, webPageID=5, frameID=4294967297, resourceID=59, existingLoaderToResume=0)
   0.986 [com.apple.WebKit:Loading:4] 0x10c612b80 - [webProcessIdentifier=3] NetworkConnectionToWebProcess::resolveBlobReferences: (parentPID=11759, pageProxyID=4, webPageID=5, frameID=4294967297, resourceID=59)
   0.986 [com.apple.WebKit:Loading:4] 0x10c612b80 - [webProcessIdentifier=3] NetworkConnectionToWebProcess::scheduleResourceLoad: (parentPID=11759, pageProxyID=4, webPageID=5, frameID=4294967297, resourceID=60, existingLoaderToResume=0)
   0.986 [com.apple.WebKit:Loading:4] 0x10c612b80 - [webProcessIdentifier=3] NetworkConnectionToWebProcess::resolveBlobReferences: (parentPID=11759, pageProxyID=4, webPageID=5, frameID=4294967297, resourceID=60)
   0.988 [com.apple.WebKit:Loading:4] 0x10c612b80 - [webProcessIdentifier=3] NetworkConnectionToWebProcess::scheduleResourceLoad: (parentPID=11759, pageProxyID=4, webPageID=5, frameID=4294967297, resourceID=61, existingLoaderToResume=0)
   0.988 [com.apple.WebKit:Loading:4] 0x10c612b80 - [webProcessIdentifier=3] NetworkConnectionToWebProcess::resolveBlobReferences: (parentPID=11759, pageProxyID=4, webPageID=5, frameID=4294967297, resourceID=61)
   0.988 [com.apple.WebKit:Loading:4] 0x10c612b80 - [webProcessIdentifier=3] NetworkConnectionToWebProcess::scheduleResourceLoad: (parentPID=11759, pageProxyID=4, webPageID=5, frameID=4294967297, resourceID=62, existingLoaderToResume=0)
   0.988 [com.apple.WebKit:Loading:4] 0x10c612b80 - [webProcessIdentifier=3] NetworkConnectionToWebProcess::resolveBlobReferences: (parentPID=11759, pageProxyID=4, webPageID=5, frameID=4294967297, resourceID=62)
   0.989 [com.apple.WebKit:Loading:4] 0x10c612b80 - [webProcessIdentifier=3] NetworkConnectionToWebProcess::scheduleResourceLoad: (parentPID=11759, pageProxyID=4, webPageID=5, frameID=4294967297, resourceID=63, existingLoaderToResume=0)
   0.989 [com.apple.WebKit:Loading:4] 0x10c612b80 - [webProcessIdentifier=3] NetworkConnectionToWebProcess::resolveBlobReferences: (parentPID=11759, pageProxyID=4, webPageID=5, frameID=4294967297, resourceID=63)
   0.989 [com.apple.WebKit:Loading:4] 0x10c612b80 - [webProcessIdentifier=3] NetworkConnectionToWebProcess::scheduleResourceLoad: (parentPID=11759, pageProxyID=4, webPageID=5, frameID=4294967297, resourceID=64, existingLoaderToResume=0)
   0.989 [com.apple.WebKit:Loading:4] 0x10c612b80 - [webProcessIdentifier=3] NetworkConnectionToWebProcess::resolveBlobReferences: (parentPID=11759, pageProxyID=4, webPageID=5, frameID=4294967297, resourceID=64)
   0.989 [com.apple.WebKit:Loading:4] 0x10c612b80 - [webProcessIdentifier=3] NetworkConnectionToWebProcess::scheduleResourceLoad: (parentPID=11759, pageProxyID=4, webPageID=5, frameID=4294967297, resourceID=65, existingLoaderToResume=0)
   0.989 [com.apple.WebKit:Loading:4] 0x10c612b80 - [webProcessIdentifier=3] NetworkConnectionToWebProcess::resolveBlobReferences: (parentPID=11759, pageProxyID=4, webPageID=5, frameID=4294967297, resourceID=65)
   0.989 [com.apple.WebKit:Loading:4] 0x10c612b80 - [webProcessIdentifier=3] NetworkConnectionToWebProcess::scheduleResourceLoad: (parentPID=11759, pageProxyID=4, webPageID=5, frameID=4294967297, resourceID=66, existingLoaderToResume=0)
   0.990 [com.apple.WebKit:Loading:4] 0x10c612b80 - [webProcessIdentifier=3] NetworkConnectionToWebProcess::resolveBlobReferences: (parentPID=11759, pageProxyID=4, webPageID=5, frameID=4294967297, resourceID=66)
   0.990 [com.apple.WebKit:Loading:4] 0x10c612b80 - [webProcessIdentifier=3] NetworkConnectionToWebProcess::scheduleResourceLoad: (parentPID=11759, pageProxyID=4, webPageID=5, frameID=4294967297, resourceID=67, existingLoaderToResume=0)
   0.990 [com.apple.WebKit:Loading:4] 0x10c612b80 - [webProcessIdentifier=3] NetworkConnectionToWebProcess::resolveBlobReferences: (parentPID=11759, pageProxyID=4, webPageID=5, frameID=4294967297, resourceID=67)
   0.993 [com.apple.WebKit:Loading:4] 0x10c612b80 - [webProcessIdentifier=3] NetworkConnectionToWebProcess::scheduleResourceLoad: (parentPID=11759, pageProxyID=4, webPageID=5, frameID=4294967297, resourceID=68, existingLoaderToResume=0)
   0.993 [com.apple.WebKit:Loading:4] 0x10c612b80 - [webProcessIdentifier=3] NetworkConnectionToWebProcess::resolveBlobReferences: (parentPID=11759, pageProxyID=4, webPageID=5, frameID=4294967297, resourceID=68)
   0.993 [com.apple.WebKit:Loading:4] 0x10c612b80 - [webProcessIdentifier=3] NetworkConnectionToWebProcess::scheduleResourceLoad: (parentPID=11759, pageProxyID=4, webPageID=5, frameID=4294967297, resourceID=69, existingLoaderToResume=0)
   0.993 [com.apple.WebKit:Loading:4] 0x10c612b80 - [webProcessIdentifier=3] NetworkConnectionToWebProcess::resolveBlobReferences: (parentPID=11759, pageProxyID=4, webPageID=5, frameID=4294967297, resourceID=69)
   0.993 [com.apple.WebKit:Loading:4] 0x10c612b80 - [webProcessIdentifier=3] NetworkConnectionToWebProcess::scheduleResourceLoad: (parentPID=11759, pageProxyID=4, webPageID=5, frameID=4294967297, resourceID=70, existingLoaderToResume=0)
   0.993 [com.apple.WebKit:Loading:4] 0x10c612b80 - [webProcessIdentifier=3] NetworkConnectionToWebProcess::resolveBlobReferences: (parentPID=11759, pageProxyID=4, webPageID=5, frameID=4294967297, resourceID=70)
   0.993 [com.apple.WebKit:Loading:4] 0x10c612b80 - [webProcessIdentifier=3] NetworkConnectionToWebProcess::scheduleResourceLoad: (parentPID=11759, pageProxyID=4, webPageID=5, frameID=4294967297, resourceID=71, existingLoaderToResume=0)
   0.994 [com.apple.WebKit:Loading:4] 0x10c612b80 - [webProcessIdentifier=3] NetworkConnectionToWebProcess::resolveBlobReferences: (parentPID=11759, pageProxyID=4, webPageID=5, frameID=4294967297, resourceID=71)
   0.994 [com.apple.WebKit:Loading:4] 0x10c612b80 - [webProcessIdentifier=3] NetworkConnectionToWebProcess::scheduleResourceLoad: (parentPID=11759, pageProxyID=4, webPageID=5, frameID=4294967297, resourceID=72, existingLoaderToResume=0)
   0.994 [com.apple.WebKit:Loading:4] 0x10c612b80 - [webProcessIdentifier=3] NetworkConnectionToWebProcess::resolveBlobReferences: (parentPID=11759, pageProxyID=4, webPageID=5, frameID=4294967297, resourceID=72)
   0.995 [com.apple.WebKit:Loading:4] 0x10c612b80 - [webProcessIdentifier=3] NetworkConnectionToWebProcess::scheduleResourceLoad: (parentPID=11759, pageProxyID=4, webPageID=5, frameID=4294967297, resourceID=73, existingLoaderToResume=0)
   0.995 [com.apple.WebKit:Loading:4] 0x10c612b80 - [webProcessIdentifier=3] NetworkConnectionToWebProcess::resolveBlobReferences: (parentPID=11759, pageProxyID=4, webPageID=5, frameID=4294967297, resourceID=73)
   0.997 [com.apple.WebKit:Loading:4] 0x10c612b80 - [webProcessIdentifier=3] NetworkConnectionToWebProcess::scheduleResourceLoad: (parentPID=11759, pageProxyID=4, webPageID=5, frameID=4294967297, resourceID=74, existingLoaderToResume=0)
   0.997 [com.apple.WebKit:Loading:4] 0x10c612b80 - [webProcessIdentifier=3] NetworkConnectionToWebProcess::resolveBlobReferences: (parentPID=11759, pageProxyID=4, webPageID=5, frameID=4294967297, resourceID=74)
   0.997 [com.apple.WebKit:Loading:4] 0x10c612b80 - [webProcessIdentifier=3] NetworkConnectionToWebProcess::scheduleResourceLoad: (parentPID=11759, pageProxyID=4, webPageID=5, frameID=4294967297, resourceID=75, existingLoaderToResume=0)
   0.997 [com.apple.WebKit:Loading:4] 0x10c612b80 - [webProcessIdentifier=3] NetworkConnectionToWebProcess::resolveBlobReferences: (parentPID=11759, pageProxyID=4, webPageID=5, frameID=4294967297, resourceID=75)
   0.998 [com.apple.WebKit:Loading:4] 0x10c612b80 - [webProcessIdentifier=3] NetworkConnectionToWebProcess::scheduleResourceLoad: (parentPID=11759, pageProxyID=4, webPageID=5, frameID=4294967297, resourceID=76, existingLoaderToResume=0)
   1.005 [com.apple.WebKit:Loading:4] 0x10c612b80 - [webProcessIdentifier=3] NetworkConnectionToWebProcess::resolveBlobReferences: (parentPID=11759, pageProxyID=4, webPageID=5, frameID=4294967297, resourceID=76)
   1.006 [com.apple.WebKit:Loading:4] 0x10c612b80 - [webProcessIdentifier=3] NetworkConnectionToWebProcess::scheduleResourceLoad: (parentPID=11759, pageProxyID=4, webPageID=5, frameID=4294967297, resourceID=77, existingLoaderToResume=0)
   1.006 [com.apple.WebKit:Loading:4] 0x10c612b80 - [webProcessIdentifier=3] NetworkConnectionToWebProcess::resolveBlobReferences: (parentPID=11759, pageProxyID=4, webPageID=5, frameID=4294967297, resourceID=77)
   1.006 [com.apple.WebKit:Loading:4] 0x10c612b80 - [webProcessIdentifier=3] NetworkConnectionToWebProcess::scheduleResourceLoad: (parentPID=11759, pageProxyID=4, webPageID=5, frameID=4294967297, resourceID=78, existingLoaderToResume=0)
   1.006 [com.apple.WebKit:Loading:4] 0x10c612b80 - [webProcessIdentifier=3] NetworkConnectionToWebProcess::resolveBlobReferences: (parentPID=11759, pageProxyID=4, webPageID=5, frameID=4294967297, resourceID=78)
   1.006 [com.apple.WebKit:Loading:4] 0x10c612b80 - [webProcessIdentifier=3] NetworkConnectionToWebProcess::scheduleResourceLoad: (parentPID=11759, pageProxyID=4, webPageID=5, frameID=4294967297, resourceID=79, existingLoaderToResume=0)
   1.006 [com.apple.WebKit:Loading:4] 0x10c612b80 - [webProcessIdentifier=3] NetworkConnectionToWebProcess::resolveBlobReferences: (parentPID=11759, pageProxyID=4, webPageID=5, frameID=4294967297, resourceID=79)
   1.007 [com.apple.WebKit:Loading:4] 0x10c612b80 - [webProcessIdentifier=3] NetworkConnectionToWebProcess::scheduleResourceLoad: (parentPID=11759, pageProxyID=4, webPageID=5, frameID=4294967297, resourceID=80, existingLoaderToResume=0)
   1.007 [com.apple.WebKit:Loading:4] 0x10c612b80 - [webProcessIdentifier=3] NetworkConnectionToWebProcess::resolveBlobReferences: (parentPID=11759, pageProxyID=4, webPageID=5, frameID=4294967297, resourceID=80)
   1.007 [com.apple.WebKit:Loading:4] 0x10c612b80 - [webProcessIdentifier=3] NetworkConnectionToWebProcess::scheduleResourceLoad: (parentPID=11759, pageProxyID=4, webPageID=5, frameID=4294967297, resourceID=81, existingLoaderToResume=0)
   1.007 [com.apple.WebKit:Loading:4] 0x10c612b80 - [webProcessIdentifier=3] NetworkConnectionToWebProcess::resolveBlobReferences: (parentPID=11759, pageProxyID=4, webPageID=5, frameID=4294967297, resourceID=81)
   1.007 [com.apple.WebKit:Loading:4] 0x10c612b80 - [webProcessIdentifier=3] NetworkConnectionToWebProcess::scheduleResourceLoad: (parentPID=11759, pageProxyID=4, webPageID=5, frameID=4294967297, resourceID=82, existingLoaderToResume=0)
   1.007 [com.apple.WebKit:Loading:4] 0x10c612b80 - [webProcessIdentifier=3] NetworkConnectionToWebProcess::resolveBlobReferences: (parentPID=11759, pageProxyID=4, webPageID=5, frameID=4294967297, resourceID=82)
   1.008 [com.apple.WebKit:Loading:4] 0x10c612b80 - [webProcessIdentifier=3] NetworkConnectionToWebProcess::scheduleResourceLoad: (parentPID=11759, pageProxyID=4, webPageID=5, frameID=4294967297, resourceID=83, existingLoaderToResume=0)
   1.008 [com.apple.WebKit:Loading:4] 0x10c612b80 - [webProcessIdentifier=3] NetworkConnectionToWebProcess::resolveBlobReferences: (parentPID=11759, pageProxyID=4, webPageID=5, frameID=4294967297, resourceID=83)
   1.008 [com.apple.WebKit:Loading:4] 0x10c612b80 - [webProcessIdentifier=3] NetworkConnectionToWebProcess::scheduleResourceLoad: (parentPID=11759, pageProxyID=4, webPageID=5, frameID=4294967297, resourceID=84, existingLoaderToResume=0)
   1.008 [com.apple.WebKit:Loading:4] 0x10c612b80 - [webProcessIdentifier=3] NetworkConnectionToWebProcess::resolveBlobReferences: (parentPID=11759, pageProxyID=4, webPageID=5, frameID=4294967297, resourceID=84)
   1.008 [com.apple.WebKit:Loading:4] 0x10c612b80 - [webProcessIdentifier=3] NetworkConnectionToWebProcess::scheduleResourceLoad: (parentPID=11759, pageProxyID=4, webPageID=5, frameID=4294967297, resourceID=85, existingLoaderToResume=0)
   1.008 [com.apple.WebKit:Loading:4] 0x10c612b80 - [webProcessIdentifier=3] NetworkConnectionToWebProcess::resolveBlobReferences: (parentPID=11759, pageProxyID=4, webPageID=5, frameID=4294967297, resourceID=85)
   1.008 [com.apple.WebKit:Loading:4] 0x10c612b80 - [webProcessIdentifier=3] NetworkConnectionToWebProcess::scheduleResourceLoad: (parentPID=11759, pageProxyID=4, webPageID=5, frameID=4294967297, resourceID=86, existingLoaderToResume=0)
   1.008 [com.apple.WebKit:Loading:4] 0x10c612b80 - [webProcessIdentifier=3] NetworkConnectionToWebProcess::resolveBlobReferences: (parentPID=11759, pageProxyID=4, webPageID=5, frameID=4294967297, resourceID=86)
   1.008 [com.apple.WebKit:Loading:4] 0x10c612b80 - [webProcessIdentifier=3] NetworkConnectionToWebProcess::scheduleResourceLoad: (parentPID=11759, pageProxyID=4, webPageID=5, frameID=4294967297, resourceID=87, existingLoaderToResume=0)
   1.008 [com.apple.WebKit:Loading:4] 0x10c612b80 - [webProcessIdentifier=3] NetworkConnectionToWebProcess::resolveBlobReferences: (parentPID=11759, pageProxyID=4, webPageID=5, frameID=4294967297, resourceID=87)
   1.008 [com.apple.WebKit:Loading:4] 0x10c612b80 - [webProcessIdentifier=3] NetworkConnectionToWebProcess::scheduleResourceLoad: (parentPID=11759, pageProxyID=4, webPageID=5, frameID=4294967297, resourceID=88, existingLoaderToResume=0)
   1.009 [com.apple.WebKit:Loading:4] 0x10c612b80 - [webProcessIdentifier=3] NetworkConnectionToWebProcess::resolveBlobReferences: (parentPID=11759, pageProxyID=4, webPageID=5, frameID=4294967297, resourceID=88)
   1.011 [com.apple.WebKit:Loading:4] 0x10c612b80 - [webProcessIdentifier=3] NetworkConnectionToWebProcess::scheduleResourceLoad: (parentPID=11759, pageProxyID=4, webPageID=5, frameID=4294967297, resourceID=89, existingLoaderToResume=0)
   1.011 [com.apple.WebKit:Loading:4] 0x10c612b80 - [webProcessIdentifier=3] NetworkConnectionToWebProcess::resolveBlobReferences: (parentPID=11759, pageProxyID=4, webPageID=5, frameID=4294967297, resourceID=89)
   1.011 [com.apple.WebKit:Loading:4] 0x10c612b80 - [webProcessIdentifier=3] NetworkConnectionToWebProcess::scheduleResourceLoad: (parentPID=11759, pageProxyID=4, webPageID=5, frameID=4294967297, resourceID=90, existingLoaderToResume=0)
   1.011 [com.apple.WebKit:Loading:4] 0x10c612b80 - [webProcessIdentifier=3] NetworkConnectionToWebProcess::resolveBlobReferences: (parentPID=11759, pageProxyID=4, webPageID=5, frameID=4294967297, resourceID=90)
   1.011 [com.apple.WebKit:Loading:4] 0x10c612b80 - [webProcessIdentifier=3] NetworkConnectionToWebProcess::scheduleResourceLoad: (parentPID=11759, pageProxyID=4, webPageID=5, frameID=4294967297, resourceID=91, existingLoaderToResume=0)
   1.011 [com.apple.WebKit:Loading:4] 0x10c612b80 - [webProcessIdentifier=3] NetworkConnectionToWebProcess::resolveBlobReferences: (parentPID=11759, pageProxyID=4, webPageID=5, frameID=4294967297, resourceID=91)
   1.011 [com.apple.WebKit:Loading:4] 0x10c612b80 - [webProcessIdentifier=3] NetworkConnectionToWebProcess::scheduleResourceLoad: (parentPID=11759, pageProxyID=4, webPageID=5, frameID=4294967297, resourceID=92, existingLoaderToResume=0)
   1.011 [com.apple.WebKit:Loading:4] 0x10c612b80 - [webProcessIdentifier=3] NetworkConnectionToWebProcess::resolveBlobReferences: (parentPID=11759, pageProxyID=4, webPageID=5, frameID=4294967297, resourceID=92)
   1.011 [com.apple.WebKit:Loading:4] 0x10c612b80 - [webProcessIdentifier=3] NetworkConnectionToWebProcess::scheduleResourceLoad: (parentPID=11759, pageProxyID=4, webPageID=5, frameID=4294967297, resourceID=93, existingLoaderToResume=0)
   1.011 [com.apple.WebKit:Loading:4] 0x10c612b80 - [webProcessIdentifier=3] NetworkConnectionToWebProcess::resolveBlobReferences: (parentPID=11759, pageProxyID=4, webPageID=5, frameID=4294967297, resourceID=93)
   1.011 [com.apple.WebKit:Loading:4] 0x10c612b80 - [webProcessIdentifier=3] NetworkConnectionToWebProcess::scheduleResourceLoad: (parentPID=11759, pageProxyID=4, webPageID=5, frameID=4294967297, resourceID=94, existingLoaderToResume=0)
   1.011 [com.apple.WebKit:Loading:4] 0x10c612b80 - [webProcessIdentifier=3] NetworkConnectionToWebProcess::resolveBlobReferences: (parentPID=11759, pageProxyID=4, webPageID=5, frameID=4294967297, resourceID=94)
   1.011 [com.apple.WebKit:Loading:4] 0x10c612b80 - [webProcessIdentifier=3] NetworkConnectionToWebProcess::scheduleResourceLoad: (parentPID=11759, pageProxyID=4, webPageID=5, frameID=4294967297, resourceID=95, existingLoaderToResume=0)
   1.012 [com.apple.WebKit:Loading:4] 0x10c612b80 - [webProcessIdentifier=3] NetworkConnectionToWebProcess::resolveBlobReferences: (parentPID=11759, pageProxyID=4, webPageID=5, frameID=4294967297, resourceID=95)
   1.012 [com.apple.WebKit:Loading:4] 0x10c612b80 - [webProcessIdentifier=3] NetworkConnectionToWebProcess::scheduleResourceLoad: (parentPID=11759, pageProxyID=4, webPageID=5, frameID=4294967297, resourceID=96, existingLoaderToResume=0)
   1.012 [com.apple.WebKit:Loading:4] 0x10c612b80 - [webProcessIdentifier=3] NetworkConnectionToWebProcess::resolveBlobReferences: (parentPID=11759, pageProxyID=4, webPageID=5, frameID=4294967297, resourceID=96)
   1.012 [com.apple.WebKit:Loading:4] 0x10c612b80 - [webProcessIdentifier=3] NetworkConnectionToWebProcess::scheduleResourceLoad: (parentPID=11759, pageProxyID=4, webPageID=5, frameID=4294967297, resourceID=97, existingLoaderToResume=0)
   1.012 [com.apple.WebKit:Loading:4] 0x10c612b80 - [webProcessIdentifier=3] NetworkConnectionToWebProcess::resolveBlobReferences: (parentPID=11759, pageProxyID=4, webPageID=5, frameID=4294967297, resourceID=97)
   1.014 [com.apple.WebKit:Loading:4] 0x10c612b80 - [webProcessIdentifier=3] NetworkConnectionToWebProcess::scheduleResourceLoad: (parentPID=11759, pageProxyID=4, webPageID=5, frameID=4294967297, resourceID=98, existingLoaderToResume=0)
   1.014 [com.apple.WebKit:Loading:4] 0x10c612b80 - [webProcessIdentifier=3] NetworkConnectionToWebProcess::resolveBlobReferences: (parentPID=11759, pageProxyID=4, webPageID=5, frameID=4294967297, resourceID=98)
   1.015 [com.apple.WebKit:Loading:4] 0x10c612b80 - [webProcessIdentifier=3] NetworkConnectionToWebProcess::scheduleResourceLoad: (parentPID=11759, pageProxyID=4, webPageID=5, frameID=4294967297, resourceID=99, existingLoaderToResume=0)
   1.015 [com.apple.WebKit:Loading:4] 0x10c612b80 - [webProcessIdentifier=3] NetworkConnectionToWebProcess::resolveBlobReferences: (parentPID=11759, pageProxyID=4, webPageID=5, frameID=4294967297, resourceID=99)
   1.015 [com.apple.WebKit:Loading:4] 0x10c612b80 - [webProcessIdentifier=3] NetworkConnectionToWebProcess::scheduleResourceLoad: (parentPID=11759, pageProxyID=4, webPageID=5, frameID=4294967297, resourceID=100, existingLoaderToResume=0)
   1.015 [com.apple.WebKit:Loading:4] 0x10c612b80 - [webProcessIdentifier=3] NetworkConnectionToWebProcess::resolveBlobReferences: (parentPID=11759, pageProxyID=4, webPageID=5, frameID=4294967297, resourceID=100)
   1.015 [com.apple.WebKit:Loading:4] 0x10c612b80 - [webProcessIdentifier=3] NetworkConnectionToWebProcess::scheduleResourceLoad: (parentPID=11759, pageProxyID=4, webPageID=5, frameID=4294967297, resourceID=101, existingLoaderToResume=0)
   1.015 [com.apple.WebKit:Loading:4] 0x10c612b80 - [webProcessIdentifier=3] NetworkConnectionToWebProcess::resolveBlobReferences: (parentPID=11759, pageProxyID=4, webPageID=5, frameID=4294967297, resourceID=101)
   1.015 [com.apple.WebKit:Loading:4] 0x10c612b80 - [webProcessIdentifier=3] NetworkConnectionToWebProcess::scheduleResourceLoad: (parentPID=11759, pageProxyID=4, webPageID=5, frameID=4294967297, resourceID=102, existingLoaderToResume=0)
   1.015 [com.apple.WebKit:Loading:4] 0x10c612b80 - [webProcessIdentifier=3] NetworkConnectionToWebProcess::resolveBlobReferences: (parentPID=11759, pageProxyID=4, webPageID=5, frameID=4294967297, resourceID=102)
   1.016 [com.apple.WebKit:Loading:4] 0x10c612b80 - [webProcessIdentifier=3] NetworkConnectionToWebProcess::scheduleResourceLoad: (parentPID=11759, pageProxyID=4, webPageID=5, frameID=4294967297, resourceID=103, existingLoaderToResume=0)
   1.016 [com.apple.WebKit:Loading:4] 0x10c612b80 - [webProcessIdentifier=3] NetworkConnectionToWebProcess::resolveBlobReferences: (parentPID=11759, pageProxyID=4, webPageID=5, frameID=4294967297, resourceID=103)
   1.016 [com.apple.WebKit:Loading:4] 0x10c612b80 - [webProcessIdentifier=3] NetworkConnectionToWebProcess::scheduleResourceLoad: (parentPID=11759, pageProxyID=4, webPageID=5, frameID=4294967297, resourceID=104, existingLoaderToResume=0)
   1.016 [com.apple.WebKit:Loading:4] 0x10c612b80 - [webProcessIdentifier=3] NetworkConnectionToWebProcess::resolveBlobReferences: (parentPID=11759, pageProxyID=4, webPageID=5, frameID=4294967297, resourceID=104)
   1.017 [com.apple.WebKit:Loading:4] 0x10c612b80 - [webProcessIdentifier=3] NetworkConnectionToWebProcess::scheduleResourceLoad: (parentPID=11759, pageProxyID=4, webPageID=5, frameID=4294967297, resourceID=105, existingLoaderToResume=0)
   1.017 [com.apple.WebKit:Loading:4] 0x10c612b80 - [webProcessIdentifier=3] NetworkConnectionToWebProcess::resolveBlobReferences: (parentPID=11759, pageProxyID=4, webPageID=5, frameID=4294967297, resourceID=105)
   1.018 [com.apple.WebKit:Loading:4] 0x10c612b80 - [webProcessIdentifier=3] NetworkConnectionToWebProcess::scheduleResourceLoad: (parentPID=11759, pageProxyID=4, webPageID=5, frameID=4294967297, resourceID=106, existingLoaderToResume=0)
   1.018 [com.apple.WebKit:Loading:4] 0x10c612b80 - [webProcessIdentifier=3] NetworkConnectionToWebProcess::resolveBlobReferences: (parentPID=11759, pageProxyID=4, webPageID=5, frameID=4294967297, resourceID=106)
   1.018 [com.apple.WebKit:Loading:4] 0x10c612b80 - [webProcessIdentifier=3] NetworkConnectionToWebProcess::scheduleResourceLoad: (parentPID=11759, pageProxyID=4, webPageID=5, frameID=4294967297, resourceID=107, existingLoaderToResume=0)
   1.018 [com.apple.WebKit:Loading:4] 0x10c612b80 - [webProcessIdentifier=3] NetworkConnectionToWebProcess::resolveBlobReferences: (parentPID=11759, pageProxyID=4, webPageID=5, frameID=4294967297, resourceID=107)
   1.030 [com.apple.WebKit:Loading:4] 0x10c612b80 - [webProcessIdentifier=3] NetworkConnectionToWebProcess::scheduleResourceLoad: (parentPID=11759, pageProxyID=4, webPageID=5, frameID=4294967297, resourceID=108, existingLoaderToResume=0)
   1.030 [com.apple.WebKit:Loading:4] 0x10c612b80 - [webProcessIdentifier=3] NetworkConnectionToWebProcess::resolveBlobReferences: (parentPID=11759, pageProxyID=4, webPageID=5, frameID=4294967297, resourceID=108)
   1.030 [com.apple.WebKit:Loading:4] 0x10c612b80 - [webProcessIdentifier=3] NetworkConnectionToWebProcess::scheduleResourceLoad: (parentPID=11759, pageProxyID=4, webPageID=5, frameID=4294967297, resourceID=109, existingLoaderToResume=0)
   1.031 [com.apple.WebKit:Loading:4] 0x10c612b80 - [webProcessIdentifier=3] NetworkConnectionToWebProcess::resolveBlobReferences: (parentPID=11759, pageProxyID=4, webPageID=5, frameID=4294967297, resourceID=109)
   1.031 [com.apple.WebKit:Loading:4] 0x10c612b80 - [webProcessIdentifier=3] NetworkConnectionToWebProcess::scheduleResourceLoad: (parentPID=11759, pageProxyID=4, webPageID=5, frameID=4294967297, resourceID=110, existingLoaderToResume=0)
   1.031 [com.apple.WebKit:Loading:4] 0x10c612b80 - [webProcessIdentifier=3] NetworkConnectionToWebProcess::resolveBlobReferences: (parentPID=11759, pageProxyID=4, webPageID=5, frameID=4294967297, resourceID=110)
   1.031 [com.apple.WebKit:Loading:4] 0x10c612b80 - [webProcessIdentifier=3] NetworkConnectionToWebProcess::scheduleResourceLoad: (parentPID=11759, pageProxyID=4, webPageID=5, frameID=4294967297, resourceID=111, existingLoaderToResume=0)
   1.031 [com.apple.WebKit:Loading:4] 0x10c612b80 - [webProcessIdentifier=3] NetworkConnectionToWebProcess::resolveBlobReferences: (parentPID=11759, pageProxyID=4, webPageID=5, frameID=4294967297, resourceID=111)
   1.031 [com.apple.WebKit:Loading:4] 0x10c612b80 - [webProcessIdentifier=3] NetworkConnectionToWebProcess::scheduleResourceLoad: (parentPID=11759, pageProxyID=4, webPageID=5, frameID=4294967297, resourceID=112, existingLoaderToResume=0)
   1.031 [com.apple.WebKit:Loading:4] 0x10c612b80 - [webProcessIdentifier=3] NetworkConnectionToWebProcess::resolveBlobReferences: (parentPID=11759, pageProxyID=4, webPageID=5, frameID=4294967297, resourceID=112)
   1.031 [com.apple.WebKit:Loading:4] 0x10c612b80 - [webProcessIdentifier=3] NetworkConnectionToWebProcess::scheduleResourceLoad: (parentPID=11759, pageProxyID=4, webPageID=5, frameID=4294967297, resourceID=113, existingLoaderToResume=0)
   1.031 [com.apple.WebKit:Loading:4] 0x10c612b80 - [webProcessIdentifier=3] NetworkConnectionToWebProcess::resolveBlobReferences: (parentPID=11759, pageProxyID=4, webPageID=5, frameID=4294967297, resourceID=113)
   1.032 [com.apple.WebKit:Loading:4] 0x10c612b80 - [webProcessIdentifier=3] NetworkConnectionToWebProcess::scheduleResourceLoad: (parentPID=11759, pageProxyID=4, webPageID=5, frameID=4294967297, resourceID=114, existingLoaderToResume=0)
   1.032 [com.apple.WebKit:Loading:4] 0x10c612b80 - [webProcessIdentifier=3] NetworkConnectionToWebProcess::resolveBlobReferences: (parentPID=11759, pageProxyID=4, webPageID=5, frameID=4294967297, resourceID=114)
   1.032 [com.apple.WebKit:Loading:4] 0x10c612b80 - [webProcessIdentifier=3] NetworkConnectionToWebProcess::scheduleResourceLoad: (parentPID=11759, pageProxyID=4, webPageID=5, frameID=4294967297, resourceID=115, existingLoaderToResume=0)
   1.032 [com.apple.WebKit:Loading:4] 0x10c612b80 - [webProcessIdentifier=3] NetworkConnectionToWebProcess::resolveBlobReferences: (parentPID=11759, pageProxyID=4, webPageID=5, frameID=4294967297, resourceID=115)
   1.034 [com.apple.WebKit:Loading:4] 0x10c612b80 - [webProcessIdentifier=3] NetworkConnectionToWebProcess::scheduleResourceLoad: (parentPID=11759, pageProxyID=4, webPageID=5, frameID=4294967297, resourceID=116, existingLoaderToResume=0)
   1.034 [com.apple.WebKit:Loading:4] 0x10c612b80 - [webProcessIdentifier=3] NetworkConnectionToWebProcess::resolveBlobReferences: (parentPID=11759, pageProxyID=4, webPageID=5, frameID=4294967297, resourceID=116)
   1.034 [com.apple.WebKit:Loading:4] 0x10c612b80 - [webProcessIdentifier=3] NetworkConnectionToWebProcess::scheduleResourceLoad: (parentPID=11759, pageProxyID=4, webPageID=5, frameID=4294967297, resourceID=117, existingLoaderToResume=0)
   1.035 [com.apple.WebKit:Loading:4] 0x10c612b80 - [webProcessIdentifier=3] NetworkConnectionToWebProcess::resolveBlobReferences: (parentPID=11759, pageProxyID=4, webPageID=5, frameID=4294967297, resourceID=117)
   1.035 [com.apple.WebKit:Loading:4] 0x10c612b80 - [webProcessIdentifier=3] NetworkConnectionToWebProcess::scheduleResourceLoad: (parentPID=11759, pageProxyID=4, webPageID=5, frameID=4294967297, resourceID=118, existingLoaderToResume=0)
   1.035 [com.apple.WebKit:Loading:4] 0x10c612b80 - [webProcessIdentifier=3] NetworkConnectionToWebProcess::resolveBlobReferences: (parentPID=11759, pageProxyID=4, webPageID=5, frameID=4294967297, resourceID=118)
   1.035 [com.apple.WebKit:Loading:4] 0x10c612b80 - [webProcessIdentifier=3] NetworkConnectionToWebProcess::scheduleResourceLoad: (parentPID=11759, pageProxyID=4, webPageID=5, frameID=4294967297, resourceID=119, existingLoaderToResume=0)
   1.035 [com.apple.WebKit:Loading:4] 0x10c612b80 - [webProcessIdentifier=3] NetworkConnectionToWebProcess::resolveBlobReferences: (parentPID=11759, pageProxyID=4, webPageID=5, frameID=4294967297, resourceID=119)
   1.035 [com.apple.WebKit:Loading:4] 0x10c612b80 - [webProcessIdentifier=3] NetworkConnectionToWebProcess::scheduleResourceLoad: (parentPID=11759, pageProxyID=4, webPageID=5, frameID=4294967297, resourceID=120, existingLoaderToResume=0)
   1.035 [com.apple.WebKit:Loading:4] 0x10c612b80 - [webProcessIdentifier=3] NetworkConnectionToWebProcess::resolveBlobReferences: (parentPID=11759, pageProxyID=4, webPageID=5, frameID=4294967297, resourceID=120)
   1.036 [com.apple.WebKit:Loading:4] 0x10c612b80 - [webProcessIdentifier=3] NetworkConnectionToWebProcess::scheduleResourceLoad: (parentPID=11759, pageProxyID=4, webPageID=5, frameID=4294967297, resourceID=121, existingLoaderToResume=0)
   1.036 [com.apple.WebKit:Loading:4] 0x10c612b80 - [webProcessIdentifier=3] NetworkConnectionToWebProcess::resolveBlobReferences: (parentPID=11759, pageProxyID=4, webPageID=5, frameID=4294967297, resourceID=121)
   1.036 [com.apple.WebKit:Loading:4] 0x10c612b80 - [webProcessIdentifier=3] NetworkConnectionToWebProcess::scheduleResourceLoad: (parentPID=11759, pageProxyID=4, webPageID=5, frameID=4294967297, resourceID=122, existingLoaderToResume=0)
   1.036 [com.apple.WebKit:Loading:4] 0x10c612b80 - [webProcessIdentifier=3] NetworkConnectionToWebProcess::resolveBlobReferences: (parentPID=11759, pageProxyID=4, webPageID=5, frameID=4294967297, resourceID=122)
   1.037 [com.apple.WebKit:Loading:4] 0x10c612b80 - [webProcessIdentifier=3] NetworkConnectionToWebProcess::scheduleResourceLoad: (parentPID=11759, pageProxyID=4, webPageID=5, frameID=4294967297, resourceID=123, existingLoaderToResume=0)
   1.037 [com.apple.WebKit:Loading:4] 0x10c612b80 - [webProcessIdentifier=3] NetworkConnectionToWebProcess::resolveBlobReferences: (parentPID=11759, pageProxyID=4, webPageID=5, frameID=4294967297, resourceID=123)
   1.037 [com.apple.WebKit:Loading:4] 0x10c612b80 - [webProcessIdentifier=3] NetworkConnectionToWebProcess::scheduleResourceLoad: (parentPID=11759, pageProxyID=4, webPageID=5, frameID=4294967297, resourceID=124, existingLoaderToResume=0)
   1.037 [com.apple.WebKit:Loading:4] 0x10c612b80 - [webProcessIdentifier=3] NetworkConnectionToWebProcess::resolveBlobReferences: (parentPID=11759, pageProxyID=4, webPageID=5, frameID=4294967297, resourceID=124)
   1.037 [com.apple.WebKit:Loading:4] 0x10c612b80 - [webProcessIdentifier=3] NetworkConnectionToWebProcess::scheduleResourceLoad: (parentPID=11759, pageProxyID=4, webPageID=5, frameID=4294967297, resourceID=125, existingLoaderToResume=0)
   1.037 [com.apple.WebKit:Loading:4] 0x10c612b80 - [webProcessIdentifier=3] NetworkConnectionToWebProcess::resolveBlobReferences: (parentPID=11759, pageProxyID=4, webPageID=5, frameID=4294967297, resourceID=125)
   1.038 [com.apple.WebKit:Loading:4] 0x10c612b80 - [webProcessIdentifier=3] NetworkConnectionToWebProcess::scheduleResourceLoad: (parentPID=11759, pageProxyID=4, webPageID=5, frameID=4294967297, resourceID=126, existingLoaderToResume=0)
   1.038 [com.apple.WebKit:Loading:4] 0x10c612b80 - [webProcessIdentifier=3] NetworkConnectionToWebProcess::resolveBlobReferences: (parentPID=11759, pageProxyID=4, webPageID=5, frameID=4294967297, resourceID=126)
   1.038 [com.apple.WebKit:Loading:4] 0x10c612b80 - [webProcessIdentifier=3] NetworkConnectionToWebProcess::scheduleResourceLoad: (parentPID=11759, pageProxyID=4, webPageID=5, frameID=4294967297, resourceID=127, existingLoaderToResume=0)
   1.038 [com.apple.WebKit:Loading:4] 0x10c612b80 - [webProcessIdentifier=3] NetworkConnectionToWebProcess::resolveBlobReferences: (parentPID=11759, pageProxyID=4, webPageID=5, frameID=4294967297, resourceID=127)
   1.043 [com.apple.WebKit:Loading:4] 0x10c612b80 - [webProcessIdentifier=3] NetworkConnectionToWebProcess::scheduleResourceLoad: (parentPID=11759, pageProxyID=4, webPageID=5, frameID=4294967297, resourceID=128, existingLoaderToResume=0)
   1.043 [com.apple.WebKit:Loading:4] 0x10c612b80 - [webProcessIdentifier=3] NetworkConnectionToWebProcess::resolveBlobReferences: (parentPID=11759, pageProxyID=4, webPageID=5, frameID=4294967297, resourceID=128)
   1.043 [com.apple.WebKit:Loading:4] 0x10c612b80 - [webProcessIdentifier=3] NetworkConnectionToWebProcess::scheduleResourceLoad: (parentPID=11759, pageProxyID=4, webPageID=5, frameID=4294967297, resourceID=129, existingLoaderToResume=0)
   1.043 [com.apple.WebKit:Loading:4] 0x10c612b80 - [webProcessIdentifier=3] NetworkConnectionToWebProcess::resolveBlobReferences: (parentPID=11759, pageProxyID=4, webPageID=5, frameID=4294967297, resourceID=129)
   1.043 [com.apple.WebKit:Loading:4] 0x10c612b80 - [webProcessIdentifier=3] NetworkConnectionToWebProcess::scheduleResourceLoad: (parentPID=11759, pageProxyID=4, webPageID=5, frameID=4294967297, resourceID=130, existingLoaderToResume=0)
   1.043 [com.apple.WebKit:Loading:4] 0x10c612b80 - [webProcessIdentifier=3] NetworkConnectionToWebProcess::resolveBlobReferences: (parentPID=11759, pageProxyID=4, webPageID=5, frameID=4294967297, resourceID=130)
   1.044 [com.apple.WebKit:Loading:4] 0x10c612b80 - [webProcessIdentifier=3] NetworkConnectionToWebProcess::scheduleResourceLoad: (parentPID=11759, pageProxyID=4, webPageID=5, frameID=4294967297, resourceID=131, existingLoaderToResume=0)
   1.044 [com.apple.WebKit:Loading:4] 0x10c612b80 - [webProcessIdentifier=3] NetworkConnectionToWebProcess::resolveBlobReferences: (parentPID=11759, pageProxyID=4, webPageID=5, frameID=4294967297, resourceID=131)
   1.044 [com.apple.WebKit:Loading:4] 0x10c612b80 - [webProcessIdentifier=3] NetworkConnectionToWebProcess::scheduleResourceLoad: (parentPID=11759, pageProxyID=4, webPageID=5, frameID=4294967297, resourceID=132, existingLoaderToResume=0)
   1.044 [com.apple.WebKit:Loading:4] 0x10c612b80 - [webProcessIdentifier=3] NetworkConnectionToWebProcess::resolveBlobReferences: (parentPID=11759, pageProxyID=4, webPageID=5, frameID=4294967297, resourceID=132)
   1.044 [com.apple.WebKit:Loading:4] 0x10c612b80 - [webProcessIdentifier=3] NetworkConnectionToWebProcess::scheduleResourceLoad: (parentPID=11759, pageProxyID=4, webPageID=5, frameID=4294967297, resourceID=133, existingLoaderToResume=0)
   1.045 [com.apple.WebKit:Loading:4] 0x10c612b80 - [webProcessIdentifier=3] NetworkConnectionToWebProcess::resolveBlobReferences: (parentPID=11759, pageProxyID=4, webPageID=5, frameID=4294967297, resourceID=133)
   1.045 [com.apple.WebKit:Loading:4] 0x10c612b80 - [webProcessIdentifier=3] NetworkConnectionToWebProcess::scheduleResourceLoad: (parentPID=11759, pageProxyID=4, webPageID=5, frameID=4294967297, resourceID=134, existingLoaderToResume=0)
   1.045 [com.apple.WebKit:Loading:4] 0x10c612b80 - [webProcessIdentifier=3] NetworkConnectionToWebProcess::resolveBlobReferences: (parentPID=11759, pageProxyID=4, webPageID=5, frameID=4294967297, resourceID=134)
   1.045 [com.apple.WebKit:Loading:4] 0x10c612b80 - [webProcessIdentifier=3] NetworkConnectionToWebProcess::scheduleResourceLoad: (parentPID=11759, pageProxyID=4, webPageID=5, frameID=4294967297, resourceID=135, existingLoaderToResume=0)
   1.045 [com.apple.WebKit:Loading:4] 0x10c612b80 - [webProcessIdentifier=3] NetworkConnectionToWebProcess::resolveBlobReferences: (parentPID=11759, pageProxyID=4, webPageID=5, frameID=4294967297, resourceID=135)
   1.046 [com.apple.WebKit:Loading:4] 0x10c612b80 - [webProcessIdentifier=3] NetworkConnectionToWebProcess::scheduleResourceLoad: (parentPID=11759, pageProxyID=4, webPageID=5, frameID=4294967297, resourceID=136, existingLoaderToResume=0)
   1.046 [com.apple.WebKit:Loading:4] 0x10c612b80 - [webProcessIdentifier=3] NetworkConnectionToWebProcess::resolveBlobReferences: (parentPID=11759, pageProxyID=4, webPageID=5, frameID=4294967297, resourceID=136)
   1.047 [com.apple.WebKit:Loading:4] 0x10c612b80 - [webProcessIdentifier=3] NetworkConnectionToWebProcess::scheduleResourceLoad: (parentPID=11759, pageProxyID=4, webPageID=5, frameID=4294967297, resourceID=137, existingLoaderToResume=0)
   1.047 [com.apple.WebKit:Loading:4] 0x10c612b80 - [webProcessIdentifier=3] NetworkConnectionToWebProcess::resolveBlobReferences: (parentPID=11759, pageProxyID=4, webPageID=5, frameID=4294967297, resourceID=137)
   1.047 [com.apple.WebKit:Loading:4] 0x10c612b80 - [webProcessIdentifier=3] NetworkConnectionToWebProcess::scheduleResourceLoad: (parentPID=11759, pageProxyID=4, webPageID=5, frameID=4294967297, resourceID=138, existingLoaderToResume=0)
   1.047 [com.apple.WebKit:Loading:4] 0x10c612b80 - [webProcessIdentifier=3] NetworkConnectionToWebProcess::resolveBlobReferences: (parentPID=11759, pageProxyID=4, webPageID=5, frameID=4294967297, resourceID=138)
   1.048 [com.apple.WebKit:Loading:4] 0x10c612b80 - [webProcessIdentifier=3] NetworkConnectionToWebProcess::scheduleResourceLoad: (parentPID=11759, pageProxyID=4, webPageID=5, frameID=4294967297, resourceID=139, existingLoaderToResume=0)
   1.048 [com.apple.WebKit:Loading:4] 0x10c612b80 - [webProcessIdentifier=3] NetworkConnectionToWebProcess::resolveBlobReferences: (parentPID=11759, pageProxyID=4, webPageID=5, frameID=4294967297, resourceID=139)
   1.048 [com.apple.WebKit:Loading:4] 0x10c612b80 - [webProcessIdentifier=3] NetworkConnectionToWebProcess::scheduleResourceLoad: (parentPID=11759, pageProxyID=4, webPageID=5, frameID=4294967297, resourceID=140, existingLoaderToResume=0)
   1.048 [com.apple.WebKit:Loading:4] 0x10c612b80 - [webProcessIdentifier=3] NetworkConnectionToWebProcess::resolveBlobReferences: (parentPID=11759, pageProxyID=4, webPageID=5, frameID=4294967297, resourceID=140)
   1.048 [com.apple.WebKit:Loading:4] 0x10c612b80 - [webProcessIdentifier=3] NetworkConnectionToWebProcess::scheduleResourceLoad: (parentPID=11759, pageProxyID=4, webPageID=5, frameID=4294967297, resourceID=141, existingLoaderToResume=0)
   1.048 [com.apple.WebKit:Loading:4] 0x10c612b80 - [webProcessIdentifier=3] NetworkConnectionToWebProcess::resolveBlobReferences: (parentPID=11759, pageProxyID=4, webPageID=5, frameID=4294967297, resourceID=141)
   1.049 [com.apple.WebKit:Loading:4] 0x10c612b80 - [webProcessIdentifier=3] NetworkConnectionToWebProcess::scheduleResourceLoad: (parentPID=11759, pageProxyID=4, webPageID=5, frameID=4294967297, resourceID=142, existingLoaderToResume=0)
   1.049 [com.apple.WebKit:Loading:4] 0x10c612b80 - [webProcessIdentifier=3] NetworkConnectionToWebProcess::resolveBlobReferences: (parentPID=11759, pageProxyID=4, webPageID=5, frameID=4294967297, resourceID=142)
   1.049 [com.apple.WebKit:Loading:4] 0x10c612b80 - [webProcessIdentifier=3] NetworkConnectionToWebProcess::scheduleResourceLoad: (parentPID=11759, pageProxyID=4, webPageID=5, frameID=4294967297, resourceID=143, existingLoaderToResume=0)
   1.049 [com.apple.WebKit:Loading:4] 0x10c612b80 - [webProcessIdentifier=3] NetworkConnectionToWebProcess::resolveBlobReferences: (parentPID=11759, pageProxyID=4, webPageID=5, frameID=4294967297, resourceID=143)
   1.050 [com.apple.WebKit:Loading:4] 0x10c612b80 - [webProcessIdentifier=3] NetworkConnectionToWebProcess::scheduleResourceLoad: (parentPID=11759, pageProxyID=4, webPageID=5, frameID=4294967297, resourceID=144, existingLoaderToResume=0)
   1.050 [com.apple.WebKit:Loading:4] 0x10c612b80 - [webProcessIdentifier=3] NetworkConnectionToWebProcess::resolveBlobReferences: (parentPID=11759, pageProxyID=4, webPageID=5, frameID=4294967297, resourceID=144)
   1.050 [com.apple.WebKit:Loading:4] 0x10c612b80 - [webProcessIdentifier=3] NetworkConnectionToWebProcess::scheduleResourceLoad: (parentPID=11759, pageProxyID=4, webPageID=5, frameID=4294967297, resourceID=145, existingLoaderToResume=0)
   1.050 [com.apple.WebKit:Loading:4] 0x10c612b80 - [webProcessIdentifier=3] NetworkConnectionToWebProcess::resolveBlobReferences: (parentPID=11759, pageProxyID=4, webPageID=5, frameID=4294967297, resourceID=145)
   1.165 [com.apple.WebKit:Loading:4] 0x10c612b80 - [webProcessIdentifier=3] NetworkConnectionToWebProcess::removeLoadIdentifier: Removing identifier 9 and aborting corresponding loader
   2.052 [com.apple.WebKit:Loading:4] 0x10c612b80 - [webProcessIdentifier=3] NetworkConnectionToWebProcess::scheduleResourceLoad: (parentPID=11759, pageProxyID=4, webPageID=5, frameID=4294967297, resourceID=155, existingLoaderToResume=0)
   2.052 [com.apple.WebKit:Loading:4] 0x10c612b80 - [webProcessIdentifier=3] NetworkConnectionToWebProcess::resolveBlobReferences: (parentPID=11759, pageProxyID=4, webPageID=5, frameID=4294967297, resourceID=155)
   2.052 [com.apple.WebKit:Loading:4] 0x10c612b80 - [webProcessIdentifier=3] NetworkConnectionToWebProcess::scheduleResourceLoad: (parentPID=11759, pageProxyID=4, webPageID=5, frameID=4294967297, resourceID=156, existingLoaderToResume=0)
   2.052 [com.apple.WebKit:Loading:4] 0x10c612b80 - [webProcessIdentifier=3] NetworkConnectionToWebProcess::resolveBlobReferences: (parentPID=11759, pageProxyID=4, webPageID=5, frameID=4294967297, resourceID=156)
   2.052 [com.apple.WebKit:Loading:4] 0x10c612b80 - [webProcessIdentifier=3] NetworkConnectionToWebProcess::scheduleResourceLoad: (parentPID=11759, pageProxyID=4, webPageID=5, frameID=4294967297, resourceID=157, existingLoaderToResume=0)
   2.052 [com.apple.WebKit:Loading:4] 0x10c612b80 - [webProcessIdentifier=3] NetworkConnectionToWebProcess::resolveBlobReferences: (parentPID=11759, pageProxyID=4, webPageID=5, frameID=4294967297, resourceID=157)
   2.053 [com.apple.WebKit:Loading:4] 0x10c612b80 - [webProcessIdentifier=3] NetworkConnectionToWebProcess::scheduleResourceLoad: (parentPID=11759, pageProxyID=4, webPageID=5, frameID=4294967297, resourceID=158, existingLoaderToResume=0)
   2.053 [com.apple.WebKit:Loading:4] 0x10c612b80 - [webProcessIdentifier=3] NetworkConnectionToWebProcess::resolveBlobReferences: (parentPID=11759, pageProxyID=4, webPageID=5, frameID=4294967297, resourceID=158)
   2.057 [com.apple.WebKit:Layout:4] [pageID=5, frameID=4294967297, isMainFrame=1] LocalFrameView::fireLayoutRelatedMilestonesIfNeeded: Firing first visually non-empty layout milestone on the main frame
   2.057 [com.apple.WebKit:Layout:4] [webFrameID=4294967297, webPageID=5] WebLocalFrameLoaderClient::dispatchDidReachLayoutMilestone: dispatching DidFirstLayoutForFrame
   2.057 [com.apple.WebKit:Layout:4] [webFrameID=4294967297, webPageID=5] WebLocalFrameLoaderClient::dispatchDidReachLayoutMilestone: dispatching DidReachLayoutMilestone (milestones=DidFirstLayout, DidFirstVisuallyNonEmptyLayout)
   2.058 [com.apple.WebKit:Layout:4] [webFrameID=4294967297, webPageID=5] WebLocalFrameLoaderClient::dispatchDidReachLayoutMilestone: dispatching DidFirstVisuallyNonEmptyLayoutForFrame
   2.058 [com.apple.WebKit:Layout:4] [webFrameID=4294967297, webPageID=5] WebLocalFrameLoaderClient::completePageTransitionIfNeeded: dispatching didCompletePageTransition
   2.119 [com.apple.WebKit:Loading:4] 0x10c612b80 - [webProcessIdentifier=3] NetworkConnectionToWebProcess::scheduleResourceLoad: (parentPID=11759, pageProxyID=4, webPageID=5, frameID=4294967297, resourceID=188, existingLoaderToResume=0)
   2.119 [com.apple.WebKit:Loading:4] 0x10c612b80 - [webProcessIdentifier=3] NetworkConnectionToWebProcess::resolveBlobReferences: (parentPID=11759, pageProxyID=4, webPageID=5, frameID=4294967297, resourceID=188)
   2.120 [com.apple.WebKit:Loading:4] 0x10c612b80 - [webProcessIdentifier=3] NetworkConnectionToWebProcess::scheduleResourceLoad: (parentPID=11759, pageProxyID=4, webPageID=5, frameID=4294967297, resourceID=189, existingLoaderToResume=0)
   2.120 [com.apple.WebKit:Loading:4] 0x10c612b80 - [webProcessIdentifier=3] NetworkConnectionToWebProcess::resolveBlobReferences: (parentPID=11759, pageProxyID=4, webPageID=5, frameID=4294967297, resourceID=189)
   2.120 [com.apple.WebKit:Loading:4] 0x10c612b80 - [webProcessIdentifier=3] NetworkConnectionToWebProcess::scheduleResourceLoad: (parentPID=11759, pageProxyID=4, webPageID=5, frameID=4294967297, resourceID=190, existingLoaderToResume=0)
   2.120 [com.apple.WebKit:Loading:4] 0x10c612b80 - [webProcessIdentifier=3] NetworkConnectionToWebProcess::resolveBlobReferences: (parentPID=11759, pageProxyID=4, webPageID=5, frameID=4294967297, resourceID=190)
   2.121 [com.apple.WebKit:Loading:4] 0x10c612b80 - [webProcessIdentifier=3] NetworkConnectionToWebProcess::scheduleResourceLoad: (parentPID=11759, pageProxyID=4, webPageID=5, frameID=4294967297, resourceID=191, existingLoaderToResume=0)
   2.121 [com.apple.WebKit:Loading:4] 0x10c612b80 - [webProcessIdentifier=3] NetworkConnectionToWebProcess::resolveBlobReferences: (parentPID=11759, pageProxyID=4, webPageID=5, frameID=4294967297, resourceID=191)
   2.463 [com.apple.WebKit:Layout:4] [webFrameID=4294967297, webPageID=5] WebLocalFrameLoaderClient::dispatchDidReachLayoutMilestone: dispatching DidReachLayoutMilestone (milestones=DidFirstMeaningfulPaint)
   2.508 [com.apple.WebKit:Loading:4] 0x10c612b80 - [webProcessIdentifier=3] NetworkConnectionToWebProcess::scheduleResourceLoad: (parentPID=11759, pageProxyID=4, webPageID=5, frameID=4294967297, resourceID=223, existingLoaderToResume=0)
   2.508 [com.apple.WebKit:Loading:4] 0x10c612b80 - [webProcessIdentifier=3] NetworkConnectionToWebProcess::resolveBlobReferences: (parentPID=11759, pageProxyID=4, webPageID=5, frameID=4294967297, resourceID=223)
   2.668 [com.apple.WebKit:Loading:4] 0x10c612b80 - [webProcessIdentifier=3] NetworkConnectionToWebProcess::scheduleResourceLoad: (parentPID=11759, pageProxyID=4, webPageID=5, frameID=4294967297, resourceID=224, existingLoaderToResume=0)
   2.668 [com.apple.WebKit:Loading:4] 0x10c612b80 - [webProcessIdentifier=3] NetworkConnectionToWebProcess::resolveBlobReferences: (parentPID=11759, pageProxyID=4, webPageID=5, frameID=4294967297, resourceID=224)
   2.831 [com.apple.WebKit:Loading:4] 0x10c612b80 - [webProcessIdentifier=3] NetworkConnectionToWebProcess::scheduleResourceLoad: (parentPID=11759, pageProxyID=4, webPageID=5, frameID=4294967297, resourceID=227, existingLoaderToResume=0)
   2.831 [com.apple.WebKit:Loading:4] 0x10c612b80 - [webProcessIdentifier=3] NetworkConnectionToWebProcess::resolveBlobReferences: (parentPID=11759, pageProxyID=4, webPageID=5, frameID=4294967297, resourceID=227)
   2.835 [com.apple.WebKit:Loading:4] 0x10c612b80 - [webProcessIdentifier=3] NetworkConnectionToWebProcess::scheduleResourceLoad: (parentPID=11759, pageProxyID=4, webPageID=5, frameID=4294967297, resourceID=228, existingLoaderToResume=0)
   2.835 [com.apple.WebKit:Loading:4] 0x10c612b80 - [webProcessIdentifier=3] NetworkConnectionToWebProcess::resolveBlobReferences: (parentPID=11759, pageProxyID=4, webPageID=5, frameID=4294967297, resourceID=228)
   3.257 [com.apple.WebKit:Loading:4] 0x10c612b80 - [webProcessIdentifier=3] NetworkConnectionToWebProcess::scheduleResourceLoad: (parentPID=11759, pageProxyID=4, webPageID=5, frameID=4294967297, resourceID=231, existingLoaderToResume=0)
   3.257 [com.apple.WebKit:Loading:4] 0x10c612b80 - [webProcessIdentifier=3] NetworkConnectionToWebProcess::resolveBlobReferences: (parentPID=11759, pageProxyID=4, webPageID=5, frameID=4294967297, resourceID=231)
   3.494 [com.apple.WebKit:Loading:4] 0x10c612b80 - [webProcessIdentifier=3] NetworkConnectionToWebProcess::scheduleResourceLoad: (parentPID=11759, pageProxyID=4, webPageID=5, frameID=4294967297, resourceID=232, existingLoaderToResume=0)
   3.494 [com.apple.WebKit:Loading:4] 0x10c612b80 - [webProcessIdentifier=3] NetworkConnectionToWebProcess::resolveBlobReferences: (parentPID=11759, pageProxyID=4, webPageID=5, frameID=4294967297, resourceID=232)
   3.697 [com.apple.WebKit:Loading:4] [pageID=5, frameID=12884901891] PolicyChecker::checkNavigationPolicy: continuing because this is an initial empty document
   3.748 [com.apple.WebKit:Loading:4] 0x10c612b80 - [webProcessIdentifier=3] NetworkConnectionToWebProcess::scheduleResourceLoad: (parentPID=11759, pageProxyID=4, webPageID=5, frameID=4294967297, resourceID=243, existingLoaderToResume=0)
   3.748 [com.apple.WebKit:Loading:4] 0x10c612b80 - [webProcessIdentifier=3] NetworkConnectionToWebProcess::resolveBlobReferences: (parentPID=11759, pageProxyID=4, webPageID=5, frameID=4294967297, resourceID=243)
   5.023 [com.apple.WebKit:Loading:4] 0x10c612b80 - [webProcessIdentifier=3] NetworkConnectionToWebProcess::scheduleResourceLoad: (parentPID=11759, pageProxyID=4, webPageID=5, frameID=4294967297, resourceID=244, existingLoaderToResume=0)
   5.023 [com.apple.WebKit:Loading:4] 0x10c612b80 - [webProcessIdentifier=3] NetworkConnectionToWebProcess::resolveBlobReferences: (parentPID=11759, pageProxyID=4, webPageID=5, frameID=4294967297, resourceID=244)
   5.785 [com.apple.WebKit:Loading:4] 0x10c612b80 - [webProcessIdentifier=3] NetworkConnectionToWebProcess::scheduleResourceLoad: (parentPID=11759, pageProxyID=4, webPageID=5, frameID=4294967297, resourceID=261, existingLoaderToResume=0)
   5.785 [com.apple.WebKit:Loading:4] 0x10c612b80 - [webProcessIdentifier=3] NetworkConnectionToWebProcess::resolveBlobReferences: (parentPID=11759, pageProxyID=4, webPageID=5, frameID=4294967297, resourceID=261)
   5.790 [com.apple.WebKit:Loading:4] 0x10c612b80 - [webProcessIdentifier=3] NetworkConnectionToWebProcess::scheduleResourceLoad: (parentPID=11759, pageProxyID=4, webPageID=5, frameID=4294967297, resourceID=262, existingLoaderToResume=0)
   5.790 [com.apple.WebKit:Loading:4] 0x10c612b80 - [webProcessIdentifier=3] NetworkConnectionToWebProcess::resolveBlobReferences: (parentPID=11759, pageProxyID=4, webPageID=5, frameID=4294967297, resourceID=262)
   6.727 [com.apple.WebKit:Loading:4] 0x10c612b80 - [webProcessIdentifier=3] NetworkConnectionToWebProcess::scheduleResourceLoad: (parentPID=11759, pageProxyID=4, webPageID=5, frameID=4294967297, resourceID=263, existingLoaderToResume=0)
   6.727 [com.apple.WebKit:Loading:4] 0x10c612b80 - [webProcessIdentifier=3] NetworkConnectionToWebProcess::resolveBlobReferences: (parentPID=11759, pageProxyID=4, webPageID=5, frameID=4294967297, resourceID=263)
   6.730 [com.apple.WebKit:Loading:4] 0x10c612b80 - [webProcessIdentifier=3] NetworkConnectionToWebProcess::scheduleResourceLoad: (parentPID=11759, pageProxyID=4, webPageID=5, frameID=4294967297, resourceID=264, existingLoaderToResume=0)
   6.730 [com.apple.WebKit:Loading:4] 0x10c612b80 - [webProcessIdentifier=3] NetworkConnectionToWebProcess::resolveBlobReferences: (parentPID=11759, pageProxyID=4, webPageID=5, frameID=4294967297, resourceID=264)
   6.771 [com.apple.WebKit:Loading:4] 0x10c612b80 - [webProcessIdentifier=3] NetworkConnectionToWebProcess::scheduleResourceLoad: (parentPID=11759, pageProxyID=4, webPageID=5, frameID=4294967297, resourceID=265, existingLoaderToResume=0)
   6.771 [com.apple.WebKit:Loading:4] 0x10c612b80 - [webProcessIdentifier=3] NetworkConnectionToWebProcess::resolveBlobReferences: (parentPID=11759, pageProxyID=4, webPageID=5, frameID=4294967297, resourceID=265)
   6.776 [com.apple.WebKit:Loading:4] 0x10c612b80 - [webProcessIdentifier=3] NetworkConnectionToWebProcess::scheduleResourceLoad: (parentPID=11759, pageProxyID=4, webPageID=5, frameID=4294967297, resourceID=266, existingLoaderToResume=0)
   6.777 [com.apple.WebKit:Loading:4] 0x10c612b80 - [webProcessIdentifier=3] NetworkConnectionToWebProcess::resolveBlobReferences: (parentPID=11759, pageProxyID=4, webPageID=5, frameID=4294967297, resourceID=266)
   6.780 [com.apple.WebKit:Loading:4] 0x10c612b80 - [webProcessIdentifier=3] NetworkConnectionToWebProcess::scheduleResourceLoad: (parentPID=11759, pageProxyID=4, webPageID=5, frameID=4294967297, resourceID=267, existingLoaderToResume=0)
   6.780 [com.apple.WebKit:Loading:4] 0x10c612b80 - [webProcessIdentifier=3] NetworkConnectionToWebProcess::resolveBlobReferences: (parentPID=11759, pageProxyID=4, webPageID=5, frameID=4294967297, resourceID=267)
   6.832 [com.apple.WebKit:Loading:4] 0x10c612b80 - [webProcessIdentifier=3] NetworkConnectionToWebProcess::scheduleResourceLoad: (parentPID=11759, pageProxyID=4, webPageID=5, frameID=4294967297, resourceID=268, existingLoaderToResume=0)
   6.832 [com.apple.WebKit:Loading:4] 0x10c612b80 - [webProcessIdentifier=3] NetworkConnectionToWebProcess::resolveBlobReferences: (parentPID=11759, pageProxyID=4, webPageID=5, frameID=4294967297, resourceID=268)
   6.979 [com.apple.WebKit:Loading:4] 0x10c612b80 - [webProcessIdentifier=3] NetworkConnectionToWebProcess::scheduleResourceLoad: (parentPID=11759, pageProxyID=4, webPageID=5, frameID=4294967297, resourceID=278, existingLoaderToResume=0)
   6.979 [com.apple.WebKit:Loading:4] 0x10c612b80 - [webProcessIdentifier=3] NetworkConnectionToWebProcess::resolveBlobReferences: (parentPID=11759, pageProxyID=4, webPageID=5, frameID=4294967297, resourceID=278)
   6.993 [com.apple.WebKit:Loading:4] 0x10c612b80 - [webProcessIdentifier=3] NetworkConnectionToWebProcess::scheduleResourceLoad: (parentPID=11759, pageProxyID=4, webPageID=5, frameID=4294967297, resourceID=279, existingLoaderToResume=0)
   6.993 [com.apple.WebKit:Loading:4] 0x10c612b80 - [webProcessIdentifier=3] NetworkConnectionToWebProcess::resolveBlobReferences: (parentPID=11759, pageProxyID=4, webPageID=5, frameID=4294967297, resourceID=279)
   7.055 [com.apple.WebKit:Loading:4] 0x10c612b80 - [webProcessIdentifier=3] NetworkConnectionToWebProcess::scheduleResourceLoad: (parentPID=11759, pageProxyID=4, webPageID=5, frameID=4294967297, resourceID=280, existingLoaderToResume=0)
   7.055 [com.apple.WebKit:Loading:4] 0x10c612b80 - [webProcessIdentifier=3] NetworkConnectionToWebProcess::resolveBlobReferences: (parentPID=11759, pageProxyID=4, webPageID=5, frameID=4294967297, resourceID=280)
   7.059 [com.apple.WebKit:Loading:4] 0x10c612b80 - [webProcessIdentifier=3] NetworkConnectionToWebProcess::scheduleResourceLoad: (parentPID=11759, pageProxyID=4, webPageID=5, frameID=4294967297, resourceID=281, existingLoaderToResume=0)
   7.059 [com.apple.WebKit:Loading:4] 0x10c612b80 - [webProcessIdentifier=3] NetworkConnectionToWebProcess::resolveBlobReferences: (parentPID=11759, pageProxyID=4, webPageID=5, frameID=4294967297, resourceID=281)
   7.062 [com.apple.WebKit:Loading:4] 0x10c612b80 - [webProcessIdentifier=3] NetworkConnectionToWebProcess::scheduleResourceLoad: (parentPID=11759, pageProxyID=4, webPageID=5, frameID=4294967297, resourceID=282, existingLoaderToResume=0)
   7.062 [com.apple.WebKit:Loading:4] 0x10c612b80 - [webProcessIdentifier=3] NetworkConnectionToWebProcess::resolveBlobReferences: (parentPID=11759, pageProxyID=4, webPageID=5, frameID=4294967297, resourceID=282)
   7.161 [com.apple.WebKit:Loading:4] 0x10c612b80 - [webProcessIdentifier=3] NetworkConnectionToWebProcess::scheduleResourceLoad: (parentPID=11759, pageProxyID=4, webPageID=5, frameID=4294967297, resourceID=291, existingLoaderToResume=0)
   7.161 [com.apple.WebKit:Loading:4] 0x10c612b80 - [webProcessIdentifier=3] NetworkConnectionToWebProcess::resolveBlobReferences: (parentPID=11759, pageProxyID=4, webPageID=5, frameID=4294967297, resourceID=291)
   7.161 [com.apple.WebKit:Loading:4] 0x10c612b80 - [webProcessIdentifier=3] NetworkConnectionToWebProcess::scheduleResourceLoad: (parentPID=11759, pageProxyID=4, webPageID=5, frameID=4294967297, resourceID=292, existingLoaderToResume=0)
   7.161 [com.apple.WebKit:Loading:4] 0x10c612b80 - [webProcessIdentifier=3] NetworkConnectionToWebProcess::resolveBlobReferences: (parentPID=11759, pageProxyID=4, webPageID=5, frameID=4294967297, resourceID=292)
   7.217 [com.apple.WebKit:Loading:4] [pageID=5, frameID=12884901892] PolicyChecker::checkNavigationPolicy: continuing because this is an initial empty document
   7.278 [com.apple.WebKit:Loading:4] 0x10c612b80 - [webProcessIdentifier=3] NetworkConnectionToWebProcess::scheduleResourceLoad: (parentPID=11759, pageProxyID=4, webPageID=5, frameID=4294967297, resourceID=302, existingLoaderToResume=0)
   7.278 [com.apple.WebKit:Loading:4] 0x10c612b80 - [webProcessIdentifier=3] NetworkConnectionToWebProcess::resolveBlobReferences: (parentPID=11759, pageProxyID=4, webPageID=5, frameID=4294967297, resourceID=302)
   7.289 [com.apple.WebKit:Loading:4] 0x10c612b80 - [webProcessIdentifier=3] NetworkConnectionToWebProcess::scheduleResourceLoad: (parentPID=11759, pageProxyID=4, webPageID=5, frameID=4294967297, resourceID=303, existingLoaderToResume=0)
   7.289 [com.apple.WebKit:Loading:4] 0x10c612b80 - [webProcessIdentifier=3] NetworkConnectionToWebProcess::resolveBlobReferences: (parentPID=11759, pageProxyID=4, webPageID=5, frameID=4294967297, resourceID=303)
   7.464 [com.apple.WebKit:Loading:4] 0x10c612b80 - [webProcessIdentifier=3] NetworkConnectionToWebProcess::scheduleResourceLoad: (parentPID=11759, pageProxyID=4, webPageID=5, frameID=4294967297, resourceID=316, existingLoaderToResume=0)
   7.464 [com.apple.WebKit:Loading:4] 0x10c612b80 - [webProcessIdentifier=3] NetworkConnectionToWebProcess::resolveBlobReferences: (parentPID=11759, pageProxyID=4, webPageID=5, frameID=4294967297, resourceID=316)
   7.466 [com.apple.WebKit:Loading:4] 0x10c612b80 - [webProcessIdentifier=3] NetworkConnectionToWebProcess::scheduleResourceLoad: (parentPID=11759, pageProxyID=4, webPageID=5, frameID=4294967297, resourceID=317, existingLoaderToResume=0)
   7.466 [com.apple.WebKit:Loading:4] 0x10c612b80 - [webProcessIdentifier=3] NetworkConnectionToWebProcess::resolveBlobReferences: (parentPID=11759, pageProxyID=4, webPageID=5, frameID=4294967297, resourceID=317)
   8.233 [com.apple.WebKit:Loading:4] 0x10c612b80 - [webProcessIdentifier=3] NetworkConnectionToWebProcess::scheduleResourceLoad: (parentPID=11759, pageProxyID=4, webPageID=5, frameID=4294967297, resourceID=320, existingLoaderToResume=0)
   8.233 [com.apple.WebKit:Loading:4] 0x10c612b80 - [webProcessIdentifier=3] NetworkConnectionToWebProcess::resolveBlobReferences: (parentPID=11759, pageProxyID=4, webPageID=5, frameID=4294967297, resourceID=320)
   8.324 [com.apple.WebKit:Loading:4] 0x10c612b80 - [webProcessIdentifier=3] NetworkConnectionToWebProcess::scheduleResourceLoad: (parentPID=11759, pageProxyID=4, webPageID=5, frameID=4294967297, resourceID=321, existingLoaderToResume=0)
   8.324 [com.apple.WebKit:Loading:4] 0x10c612b80 - [webProcessIdentifier=3] NetworkConnectionToWebProcess::resolveBlobReferences: (parentPID=11759, pageProxyID=4, webPageID=5, frameID=4294967297, resourceID=321)
   8.373 [com.apple.WebKit:Loading:4] 0x10c612b80 - [webProcessIdentifier=3] NetworkConnectionToWebProcess::scheduleResourceLoad: (parentPID=11759, pageProxyID=4, webPageID=5, frameID=4294967297, resourceID=322, existingLoaderToResume=0)
   8.373 [com.apple.WebKit:Loading:4] 0x10c612b80 - [webProcessIdentifier=3] NetworkConnectionToWebProcess::resolveBlobReferences: (parentPID=11759, pageProxyID=4, webPageID=5, frameID=4294967297, resourceID=322)
   8.662 [com.apple.WebKit:Loading:4] 0x10c612b80 - [webProcessIdentifier=3] NetworkConnectionToWebProcess::scheduleResourceLoad: (parentPID=11759, pageProxyID=4, webPageID=5, frameID=4294967297, resourceID=329, existingLoaderToResume=0)
   8.662 [com.apple.WebKit:Loading:4] 0x10c612b80 - [webProcessIdentifier=3] NetworkConnectionToWebProcess::resolveBlobReferences: (parentPID=11759, pageProxyID=4, webPageID=5, frameID=4294967297, resourceID=329)
   9.529 [com.apple.WebKit:Loading:4] 0x10c612b80 - [webProcessIdentifier=3] NetworkConnectionToWebProcess::scheduleResourceLoad: (parentPID=11759, pageProxyID=4, webPageID=5, frameID=4294967297, resourceID=339, existingLoaderToResume=0)
   9.529 [com.apple.WebKit:Loading:4] 0x10c612b80 - [webProcessIdentifier=3] NetworkConnectionToWebProcess::resolveBlobReferences: (parentPID=11759, pageProxyID=4, webPageID=5, frameID=4294967297, resourceID=339)
   9.539 [com.apple.WebKit:Loading:4] 0x10c612b80 - [webProcessIdentifier=3] NetworkConnectionToWebProcess::scheduleResourceLoad: (parentPID=11759, pageProxyID=4, webPageID=5, frameID=4294967297, resourceID=340, existingLoaderToResume=0)
   9.539 [com.apple.WebKit:Loading:4] 0x10c612b80 - [webProcessIdentifier=3] NetworkConnectionToWebProcess::resolveBlobReferences: (parentPID=11759, pageProxyID=4, webPageID=5, frameID=4294967297, resourceID=340)
   9.723 [com.apple.WebKit:Loading:4] 0x10c612b80 - [webProcessIdentifier=3] NetworkConnectionToWebProcess::scheduleResourceLoad: (parentPID=11759, pageProxyID=4, webPageID=5, frameID=4294967297, resourceID=341, existingLoaderToResume=0)
   9.723 [com.apple.WebKit:Loading:4] 0x10c612b80 - [webProcessIdentifier=3] NetworkConnectionToWebProcess::resolveBlobReferences: (parentPID=11759, pageProxyID=4, webPageID=5, frameID=4294967297, resourceID=341)
   9.795 [com.apple.WebKit:Loading:4] 0x10c612b80 - [webProcessIdentifier=3] NetworkConnectionToWebProcess::scheduleResourceLoad: (parentPID=11759, pageProxyID=4, webPageID=5, frameID=4294967297, resourceID=342, existingLoaderToResume=0)
   9.795 [com.apple.WebKit:Loading:4] 0x10c612b80 - [webProcessIdentifier=3] NetworkConnectionToWebProcess::resolveBlobReferences: (parentPID=11759, pageProxyID=4, webPageID=5, frameID=4294967297, resourceID=342)
   9.806 [com.apple.WebKit:Loading:4] 0x10c612b80 - [webProcessIdentifier=3] NetworkConnectionToWebProcess::scheduleResourceLoad: (parentPID=11759, pageProxyID=4, webPageID=5, frameID=4294967297, resourceID=343, existingLoaderToResume=0)
   9.806 [com.apple.WebKit:Loading:4] 0x10c612b80 - [webProcessIdentifier=3] NetworkConnectionToWebProcess::resolveBlobReferences: (parentPID=11759, pageProxyID=4, webPageID=5, frameID=4294967297, resourceID=343)
   9.806 [com.apple.WebKit:Loading:4] 0x10c612b80 - [webProcessIdentifier=3] NetworkConnectionToWebProcess::scheduleResourceLoad: (parentPID=11759, pageProxyID=4, webPageID=5, frameID=4294967297, resourceID=344, existingLoaderToResume=0)
   9.806 [com.apple.WebKit:Loading:4] 0x10c612b80 - [webProcessIdentifier=3] NetworkConnectionToWebProcess::resolveBlobReferences: (parentPID=11759, pageProxyID=4, webPageID=5, frameID=4294967297, resourceID=344)
   9.809 [com.apple.WebKit:Loading:4] 0x10c612b80 - [webProcessIdentifier=3] NetworkConnectionToWebProcess::scheduleResourceLoad: (parentPID=11759, pageProxyID=4, webPageID=5, frameID=4294967297, resourceID=345, existingLoaderToResume=0)
   9.809 [com.apple.WebKit:Loading:4] 0x10c612b80 - [webProcessIdentifier=3] NetworkConnectionToWebProcess::resolveBlobReferences: (parentPID=11759, pageProxyID=4, webPageID=5, frameID=4294967297, resourceID=345)
   9.809 [com.apple.WebKit:Loading:4] 0x10c612b80 - [webProcessIdentifier=3] NetworkConnectionToWebProcess::scheduleResourceLoad: (parentPID=11759, pageProxyID=4, webPageID=5, frameID=4294967297, resourceID=346, existingLoaderToResume=0)
   9.809 [com.apple.WebKit:Loading:4] 0x10c612b80 - [webProcessIdentifier=3] NetworkConnectionToWebProcess::resolveBlobReferences: (parentPID=11759, pageProxyID=4, webPageID=5, frameID=4294967297, resourceID=346)
   9.899 [com.apple.WebKit:Loading:4] 0x10c612b80 - [webProcessIdentifier=3] NetworkConnectionToWebProcess::scheduleResourceLoad: (parentPID=11759, pageProxyID=4, webPageID=5, frameID=4294967297, resourceID=347, existingLoaderToResume=0)
   9.899 [com.apple.WebKit:Loading:4] 0x10c612b80 - [webProcessIdentifier=3] NetworkConnectionToWebProcess::resolveBlobReferences: (parentPID=11759, pageProxyID=4, webPageID=5, frameID=4294967297, resourceID=347)
   9.932 [com.apple.WebKit:Loading:4] 0x10c612b80 - [webProcessIdentifier=3] NetworkConnectionToWebProcess::scheduleResourceLoad: (parentPID=11759, pageProxyID=4, webPageID=5, frameID=4294967297, resourceID=348, existingLoaderToResume=0)
   9.932 [com.apple.WebKit:Loading:4] 0x10c612b80 - [webProcessIdentifier=3] NetworkConnectionToWebProcess::resolveBlobReferences: (parentPID=11759, pageProxyID=4, webPageID=5, frameID=4294967297, resourceID=348)
   9.938 [com.apple.WebKit:Loading:4] 0x10c612b80 - [webProcessIdentifier=3] NetworkConnectionToWebProcess::scheduleResourceLoad: (parentPID=11759, pageProxyID=4, webPageID=5, frameID=4294967297, resourceID=349, existingLoaderToResume=0)
   9.938 [com.apple.WebKit:Loading:4] 0x10c612b80 - [webProcessIdentifier=3] NetworkConnectionToWebProcess::resolveBlobReferences: (parentPID=11759, pageProxyID=4, webPageID=5, frameID=4294967297, resourceID=349)
  10.291 [com.apple.WebKit:Loading:4] 0x10c612b80 - [webProcessIdentifier=3] NetworkConnectionToWebProcess::scheduleResourceLoad: (parentPID=11759, pageProxyID=4, webPageID=5, frameID=4294967297, resourceID=350, existingLoaderToResume=0)
  10.291 [com.apple.WebKit:Loading:4] 0x10c612b80 - [webProcessIdentifier=3] NetworkConnectionToWebProcess::resolveBlobReferences: (parentPID=11759, pageProxyID=4, webPageID=5, frameID=4294967297, resourceID=350)
  10.323 [com.apple.WebKit:Loading:4] 0x10c612b80 - [webProcessIdentifier=3] NetworkConnectionToWebProcess::scheduleResourceLoad: (parentPID=11759, pageProxyID=4, webPageID=5, frameID=4294967297, resourceID=351, existingLoaderToResume=0)
  10.323 [com.apple.WebKit:Loading:4] 0x10c612b80 - [webProcessIdentifier=3] NetworkConnectionToWebProcess::resolveBlobReferences: (parentPID=11759, pageProxyID=4, webPageID=5, frameID=4294967297, resourceID=351)
  10.333 [com.apple.WebKit:Loading:4] 0x10c612b80 - [webProcessIdentifier=3] NetworkConnectionToWebProcess::scheduleResourceLoad: (parentPID=11759, pageProxyID=4, webPageID=5, frameID=4294967297, resourceID=352, existingLoaderToResume=0)
  10.333 [com.apple.WebKit:Loading:4] 0x10c612b80 - [webProcessIdentifier=3] NetworkConnectionToWebProcess::resolveBlobReferences: (parentPID=11759, pageProxyID=4, webPageID=5, frameID=4294967297, resourceID=352)
  10.343 [com.apple.WebKit:Loading:4] 0x10c612b80 - [webProcessIdentifier=3] NetworkConnectionToWebProcess::scheduleResourceLoad: (parentPID=11759, pageProxyID=4, webPageID=5, frameID=4294967297, resourceID=353, existingLoaderToResume=0)
  10.343 [com.apple.WebKit:Loading:4] 0x10c612b80 - [webProcessIdentifier=3] NetworkConnectionToWebProcess::resolveBlobReferences: (parentPID=11759, pageProxyID=4, webPageID=5, frameID=4294967297, resourceID=353)
  10.883 [com.apple.WebKit:Loading:4] 0x10c612b80 - [webProcessIdentifier=3] NetworkConnectionToWebProcess::scheduleResourceLoad: (parentPID=11759, pageProxyID=4, webPageID=5, frameID=4294967297, resourceID=364, existingLoaderToResume=0)
  10.883 [com.apple.WebKit:Loading:4] 0x10c612b80 - [webProcessIdentifier=3] NetworkConnectionToWebProcess::resolveBlobReferences: (parentPID=11759, pageProxyID=4, webPageID=5, frameID=4294967297, resourceID=364)
  11.158 [com.apple.WebKit:Loading:4] 0x10c612b80 - [webProcessIdentifier=3] NetworkConnectionToWebProcess::scheduleResourceLoad: (parentPID=11759, pageProxyID=4, webPageID=5, frameID=4294967297, resourceID=367, existingLoaderToResume=0)
  11.158 [com.apple.WebKit:Loading:4] 0x10c612b80 - [webProcessIdentifier=3] NetworkConnectionToWebProcess::resolveBlobReferences: (parentPID=11759, pageProxyID=4, webPageID=5, frameID=4294967297, resourceID=367)
  11.160 [com.apple.WebKit:Loading:4] 0x10c612b80 - [webProcessIdentifier=3] NetworkConnectionToWebProcess::scheduleResourceLoad: (parentPID=11759, pageProxyID=4, webPageID=5, frameID=4294967297, resourceID=368, existingLoaderToResume=0)
  11.160 [com.apple.WebKit:Loading:4] 0x10c612b80 - [webProcessIdentifier=3] NetworkConnectionToWebProcess::resolveBlobReferences: (parentPID=11759, pageProxyID=4, webPageID=5, frameID=4294967297, resourceID=368)
  11.160 [com.apple.WebKit:Loading:4] 0x10c612b80 - [webProcessIdentifier=3] NetworkConnectionToWebProcess::scheduleResourceLoad: (parentPID=11759, pageProxyID=4, webPageID=5, frameID=4294967297, resourceID=369, existingLoaderToResume=0)
  11.160 [com.apple.WebKit:Loading:4] 0x10c612b80 - [webProcessIdentifier=3] NetworkConnectionToWebProcess::resolveBlobReferences: (parentPID=11759, pageProxyID=4, webPageID=5, frameID=4294967297, resourceID=369)
  11.948 [com.apple.WebKit:Loading:4] 0x10c612b80 - [webProcessIdentifier=3] NetworkConnectionToWebProcess::scheduleResourceLoad: (parentPID=11759, pageProxyID=4, webPageID=5, frameID=4294967297, resourceID=381, existingLoaderToResume=0)
  11.948 [com.apple.WebKit:Loading:4] 0x10c612b80 - [webProcessIdentifier=3] NetworkConnectionToWebProcess::resolveBlobReferences: (parentPID=11759, pageProxyID=4, webPageID=5, frameID=4294967297, resourceID=381)
  11.953 [com.apple.WebKit:Loading:4] 0x10c612b80 - [webProcessIdentifier=3] NetworkConnectionToWebProcess::scheduleResourceLoad: (parentPID=11759, pageProxyID=4, webPageID=5, frameID=4294967297, resourceID=382, existingLoaderToResume=0)
  11.953 [com.apple.WebKit:Loading:4] 0x10c612b80 - [webProcessIdentifier=3] NetworkConnectionToWebProcess::resolveBlobReferences: (parentPID=11759, pageProxyID=4, webPageID=5, frameID=4294967297, resourceID=382)
  12.009 [com.apple.WebKit:Loading:4] 0x10c612b80 - [webProcessIdentifier=3] NetworkConnectionToWebProcess::scheduleResourceLoad: (parentPID=11759, pageProxyID=4, webPageID=5, frameID=4294967297, resourceID=383, existingLoaderToResume=0)
  12.010 [com.apple.WebKit:Loading:4] 0x10c612b80 - [webProcessIdentifier=3] NetworkConnectionToWebProcess::resolveBlobReferences: (parentPID=11759, pageProxyID=4, webPageID=5, frameID=4294967297, resourceID=383)
  12.026 [com.apple.WebKit:Loading:4] 0x10c612b80 - [webProcessIdentifier=3] NetworkConnectionToWebProcess::scheduleResourceLoad: (parentPID=11759, pageProxyID=4, webPageID=5, frameID=4294967297, resourceID=384, existingLoaderToResume=0)
  12.026 [com.apple.WebKit:Loading:4] 0x10c612b80 - [webProcessIdentifier=3] NetworkConnectionToWebProcess::resolveBlobReferences: (parentPID=11759, pageProxyID=4, webPageID=5, frameID=4294967297, resourceID=384)
  12.091 [com.apple.WebKit:Loading:4] 0x10c612b80 - [webProcessIdentifier=3] NetworkConnectionToWebProcess::scheduleResourceLoad: (parentPID=11759, pageProxyID=4, webPageID=5, frameID=4294967297, resourceID=391, existingLoaderToResume=0)
  12.091 [com.apple.WebKit:Loading:4] 0x10c612b80 - [webProcessIdentifier=3] NetworkConnectionToWebProcess::resolveBlobReferences: (parentPID=11759, pageProxyID=4, webPageID=5, frameID=4294967297, resourceID=391)
  12.092 [com.apple.WebKit:Loading:4] 0x10c612b80 - [webProcessIdentifier=3] NetworkConnectionToWebProcess::scheduleResourceLoad: (parentPID=11759, pageProxyID=4, webPageID=5, frameID=4294967297, resourceID=393, existingLoaderToResume=0)
  12.093 [com.apple.WebKit:Loading:4] 0x10c612b80 - [webProcessIdentifier=3] NetworkConnectionToWebProcess::resolveBlobReferences: (parentPID=11759, pageProxyID=4, webPageID=5, frameID=4294967297, resourceID=393)
  12.097 [com.apple.WebKit:Loading:4] 0x10c612b80 - [webProcessIdentifier=3] NetworkConnectionToWebProcess::scheduleResourceLoad: (parentPID=11759, pageProxyID=4, webPageID=5, frameID=4294967297, resourceID=394, existingLoaderToResume=0)
  12.097 [com.apple.WebKit:Loading:4] 0x10c612b80 - [webProcessIdentifier=3] NetworkConnectionToWebProcess::resolveBlobReferences: (parentPID=11759, pageProxyID=4, webPageID=5, frameID=4294967297, resourceID=394)
  12.099 [com.apple.WebKit:Loading:4] 0x10c612b80 - [webProcessIdentifier=3] NetworkConnectionToWebProcess::scheduleResourceLoad: (parentPID=11759, pageProxyID=4, webPageID=5, frameID=4294967297, resourceID=395, existingLoaderToResume=0)
  12.100 [com.apple.WebKit:Loading:4] 0x10c612b80 - [webProcessIdentifier=3] NetworkConnectionToWebProcess::resolveBlobReferences: (parentPID=11759, pageProxyID=4, webPageID=5, frameID=4294967297, resourceID=395)
  12.102 [com.apple.WebKit:Loading:4] 0x10c612b80 - [webProcessIdentifier=3] NetworkConnectionToWebProcess::scheduleResourceLoad: (parentPID=11759, pageProxyID=4, webPageID=5, frameID=4294967297, resourceID=398, existingLoaderToResume=0)
  12.102 [com.apple.WebKit:Loading:4] 0x10c612b80 - [webProcessIdentifier=3] NetworkConnectionToWebProcess::resolveBlobReferences: (parentPID=11759, pageProxyID=4, webPageID=5, frameID=4294967297, resourceID=398)
  12.906 [com.apple.WebKit:Loading:4] 0x10c612b80 - [webProcessIdentifier=3] NetworkConnectionToWebProcess::scheduleResourceLoad: (parentPID=11759, pageProxyID=4, webPageID=5, frameID=4294967297, resourceID=409, existingLoaderToResume=0)
  12.906 [com.apple.WebKit:Loading:4] 0x10c612b80 - [webProcessIdentifier=3] NetworkConnectionToWebProcess::resolveBlobReferences: (parentPID=11759, pageProxyID=4, webPageID=5, frameID=4294967297, resourceID=409)
  12.962 [com.apple.WebKit:Process error] 0x8038c00 - [pageProxyID=4, webPageID=5, PID=11762] WebPageProxy::Ignoring request to load this main resource because it has a custom protocol and comes from a sandboxed iframe
  12.975 [com.apple.WebKit:Loading:4] 0x10c612b80 - [webProcessIdentifier=3] NetworkConnectionToWebProcess::scheduleResourceLoad: (parentPID=11759, pageProxyID=4, webPageID=5, frameID=4294967297, resourceID=415, existingLoaderToResume=0)
  12.975 [com.apple.WebKit:Loading:4] 0x10c612b80 - [webProcessIdentifier=3] NetworkConnectionToWebProcess::resolveBlobReferences: (parentPID=11759, pageProxyID=4, webPageID=5, frameID=4294967297, resourceID=415)
  12.977 [com.apple.WebKit:Loading:4] 0x10c612b80 - [webProcessIdentifier=3] NetworkConnectionToWebProcess::scheduleResourceLoad: (parentPID=11759, pageProxyID=4, webPageID=5, frameID=4294967297, resourceID=416, existingLoaderToResume=0)
  12.977 [com.apple.WebKit:Loading:4] 0x10c612b80 - [webProcessIdentifier=3] NetworkConnectionToWebProcess::resolveBlobReferences: (parentPID=11759, pageProxyID=4, webPageID=5, frameID=4294967297, resourceID=416)
  12.980 [com.apple.WebKit:Loading:4] 0x10c612b80 - [webProcessIdentifier=3] NetworkConnectionToWebProcess::scheduleResourceLoad: (parentPID=11759, pageProxyID=4, webPageID=5, frameID=4294967297, resourceID=417, existingLoaderToResume=0)
  12.980 [com.apple.WebKit:Loading:4] 0x10c612b80 - [webProcessIdentifier=3] NetworkConnectionToWebProcess::resolveBlobReferences: (parentPID=11759, pageProxyID=4, webPageID=5, frameID=4294967297, resourceID=417)
  12.983 [com.apple.WebKit:Loading:4] 0x10c612b80 - [webProcessIdentifier=3] NetworkConnectionToWebProcess::scheduleResourceLoad: (parentPID=11759, pageProxyID=4, webPageID=5, frameID=4294967297, resourceID=418, existingLoaderToResume=0)
  12.983 [com.apple.WebKit:Loading:4] 0x10c612b80 - [webProcessIdentifier=3] NetworkConnectionToWebProcess::resolveBlobReferences: (parentPID=11759, pageProxyID=4, webPageID=5, frameID=4294967297, resourceID=418)
  12.994 [com.apple.WebKit:Process error] 0x8038c00 - [pageProxyID=4, webPageID=5, PID=11762] WebPageProxy::Ignoring request to load this main resource because it has a custom protocol and comes from a sandboxed iframe
  13.018 [com.apple.WebKit:Loading:4] 0x10c612b80 - [webProcessIdentifier=3] NetworkConnectionToWebProcess::scheduleResourceLoad: (parentPID=11759, pageProxyID=4, webPageID=5, frameID=4294967297, resourceID=423, existingLoaderToResume=0)
  13.018 [com.apple.WebKit:Loading:4] 0x10c612b80 - [webProcessIdentifier=3] NetworkConnectionToWebProcess::resolveBlobReferences: (parentPID=11759, pageProxyID=4, webPageID=5, frameID=4294967297, resourceID=423)
  13.033 [com.apple.WebKit:Loading:4] 0x10c612b80 - [webProcessIdentifier=3] NetworkConnectionToWebProcess::scheduleResourceLoad: (parentPID=11759, pageProxyID=4, webPageID=5, frameID=4294967297, resourceID=424, existingLoaderToResume=0)
  13.033 [com.apple.WebKit:Loading:4] 0x10c612b80 - [webProcessIdentifier=3] NetworkConnectionToWebProcess::resolveBlobReferences: (parentPID=11759, pageProxyID=4, webPageID=5, frameID=4294967297, resourceID=424)
  13.321 [com.apple.WebKit:Loading:4] [pageID=5, frameID=12884901896] PolicyChecker::checkNavigationPolicy: continuing because this is an initial empty document
  13.352 [com.apple.WebKit:Loading:4] 0x10c612b80 - [webProcessIdentifier=3] NetworkConnectionToWebProcess::scheduleResourceLoad: (parentPID=11759, pageProxyID=4, webPageID=5, frameID=4294967297, resourceID=434, existingLoaderToResume=0)
  13.352 [com.apple.WebKit:Loading:4] 0x10c612b80 - [webProcessIdentifier=3] NetworkConnectionToWebProcess::resolveBlobReferences: (parentPID=11759, pageProxyID=4, webPageID=5, frameID=4294967297, resourceID=434)
  13.745 [com.apple.WebKit:Loading:4] 0x10c612b80 - [webProcessIdentifier=3] NetworkConnectionToWebProcess::scheduleResourceLoad: (parentPID=11759, pageProxyID=4, webPageID=5, frameID=4294967297, resourceID=440, existingLoaderToResume=0)
  13.745 [com.apple.WebKit:Loading:4] 0x10c612b80 - [webProcessIdentifier=3] NetworkConnectionToWebProcess::resolveBlobReferences: (parentPID=11759, pageProxyID=4, webPageID=5, frameID=4294967297, resourceID=440)
  13.830 [com.apple.WebKit:Loading:4] [pageID=5, frameID=12884901897] PolicyChecker::checkNavigationPolicy: continuing because this is an initial empty document
  13.835 [com.apple.WebKit:Loading:4] 0x10c612b80 - [webProcessIdentifier=3] NetworkConnectionToWebProcess::scheduleResourceLoad: (parentPID=11759, pageProxyID=4, webPageID=5, frameID=4294967297, resourceID=450, existingLoaderToResume=0)
  13.835 [com.apple.WebKit:Loading:4] 0x10c612b80 - [webProcessIdentifier=3] NetworkConnectionToWebProcess::resolveBlobReferences: (parentPID=11759, pageProxyID=4, webPageID=5, frameID=4294967297, resourceID=450)
  13.919 [com.apple.WebKit:Loading:4] 0x10c612b80 - [webProcessIdentifier=3] NetworkConnectionToWebProcess::scheduleResourceLoad: (parentPID=11759, pageProxyID=4, webPageID=5, frameID=4294967297, resourceID=452, existingLoaderToResume=0)
  13.919 [com.apple.WebKit:Loading:4] 0x10c612b80 - [webProcessIdentifier=3] NetworkConnectionToWebProcess::resolveBlobReferences: (parentPID=11759, pageProxyID=4, webPageID=5, frameID=4294967297, resourceID=452)
  13.922 [com.apple.WebKit:Loading:4] [pageID=5, frameID=12884901893] PolicyChecker::checkNavigationPolicy: continuing because this policyAction from dispatchDecidePolicyForNavigationAction is Use
  13.923 [com.apple.WebKit:Loading:4] 0x10c612b80 - [webProcessIdentifier=3] NetworkConnectionToWebProcess::scheduleResourceLoad: (parentPID=11759, pageProxyID=4, webPageID=5, frameID=12884901893, resourceID=454, existingLoaderToResume=0)
  13.923 [com.apple.WebKit:Loading:4] 0x10c612b80 - [webProcessIdentifier=3] NetworkConnectionToWebProcess::resolveBlobReferences: (parentPID=11759, pageProxyID=4, webPageID=5, frameID=12884901893, resourceID=454)
  13.924 WARNING: trying to load platform resource 'missingImage'
  13.926 [com.apple.WebKit:Loading:4] 0x15c40d760 - [pageID=5, frameID=12884901894] PolicyChecker::checkNavigationPolicy: ignoring because policyAction from dispatchDecidePolicyForNavigationAction is Ignore
  13.929 [com.apple.WebKit:Loading:4] 0x15c445f00 - [pageID=5, frameID=12884901895] PolicyChecker::checkNavigationPolicy: ignoring because policyAction from dispatchDecidePolicyForNavigationAction is Ignore
  14.234 [com.apple.WebKit:Loading:4] 0x10c612b80 - [webProcessIdentifier=3] NetworkConnectionToWebProcess::scheduleResourceLoad: (parentPID=11759, pageProxyID=4, webPageID=5, frameID=4294967297, resourceID=457, existingLoaderToResume=0)
  14.234 [com.apple.WebKit:Loading:4] 0x10c612b80 - [webProcessIdentifier=3] NetworkConnectionToWebProcess::resolveBlobReferences: (parentPID=11759, pageProxyID=4, webPageID=5, frameID=4294967297, resourceID=457)
  14.250 [com.apple.WebKit:Loading:4] 0x10c612b80 - [webProcessIdentifier=3] NetworkConnectionToWebProcess::scheduleResourceLoad: (parentPID=11759, pageProxyID=4, webPageID=5, frameID=4294967297, resourceID=458, existingLoaderToResume=0)
  14.250 [com.apple.WebKit:Loading:4] 0x10c612b80 - [webProcessIdentifier=3] NetworkConnectionToWebProcess::resolveBlobReferences: (parentPID=11759, pageProxyID=4, webPageID=5, frameID=4294967297, resourceID=458)
  14.253 [com.apple.WebKit:Loading:4] 0x10c612b80 - [webProcessIdentifier=3] NetworkConnectionToWebProcess::scheduleResourceLoad: (parentPID=11759, pageProxyID=4, webPageID=5, frameID=4294967297, resourceID=459, existingLoaderToResume=0)
  14.253 [com.apple.WebKit:Loading:4] 0x10c612b80 - [webProcessIdentifier=3] NetworkConnectionToWebProcess::resolveBlobReferences: (parentPID=11759, pageProxyID=4, webPageID=5, frameID=4294967297, resourceID=459)
  14.256 [com.apple.WebKit:Loading:4] 0x10c612b80 - [webProcessIdentifier=3] NetworkConnectionToWebProcess::scheduleResourceLoad: (parentPID=11759, pageProxyID=4, webPageID=5, frameID=4294967297, resourceID=460, existingLoaderToResume=0)
  14.256 [com.apple.WebKit:Loading:4] 0x10c612b80 - [webProcessIdentifier=3] NetworkConnectionToWebProcess::resolveBlobReferences: (parentPID=11759, pageProxyID=4, webPageID=5, frameID=4294967297, resourceID=460)
  14.346 [com.apple.WebKit:Loading:4] 0x10c612b80 - [webProcessIdentifier=3] NetworkConnectionToWebProcess::scheduleResourceLoad: (parentPID=11759, pageProxyID=4, webPageID=5, frameID=12884901893, resourceID=474, existingLoaderToResume=0)
  14.346 [com.apple.WebKit:Loading:4] 0x10c612b80 - [webProcessIdentifier=3] NetworkConnectionToWebProcess::resolveBlobReferences: (parentPID=11759, pageProxyID=4, webPageID=5, frameID=12884901893, resourceID=474)
  14.347 [com.apple.WebKit:Loading:4] 0x10c612b80 - [webProcessIdentifier=3] NetworkConnectionToWebProcess::scheduleResourceLoad: (parentPID=11759, pageProxyID=4, webPageID=5, frameID=12884901893, resourceID=475, existingLoaderToResume=0)
  14.347 [com.apple.WebKit:Loading:4] 0x10c612b80 - [webProcessIdentifier=3] NetworkConnectionToWebProcess::resolveBlobReferences: (parentPID=11759, pageProxyID=4, webPageID=5, frameID=12884901893, resourceID=475)
  14.427 [com.apple.WebKit:Loading:4] 0x10c612b80 - [webProcessIdentifier=3] NetworkConnectionToWebProcess::scheduleResourceLoad: (parentPID=11759, pageProxyID=4, webPageID=5, frameID=4294967297, resourceID=476, existingLoaderToResume=0)
  14.427 [com.apple.WebKit:Loading:4] 0x10c612b80 - [webProcessIdentifier=3] NetworkConnectionToWebProcess::resolveBlobReferences: (parentPID=11759, pageProxyID=4, webPageID=5, frameID=4294967297, resourceID=476)
  14.446 [com.apple.WebKit:Loading:4] 0x10c612b80 - [webProcessIdentifier=3] NetworkConnectionToWebProcess::scheduleResourceLoad: (parentPID=11759, pageProxyID=4, webPageID=5, frameID=4294967297, resourceID=484, existingLoaderToResume=0)
  14.446 [com.apple.WebKit:Loading:4] 0x10c612b80 - [webProcessIdentifier=3] NetworkConnectionToWebProcess::resolveBlobReferences: (parentPID=11759, pageProxyID=4, webPageID=5, frameID=4294967297, resourceID=484)
  14.872 [com.apple.WebKit:Loading:4] 0x10c612b80 - [webProcessIdentifier=3] NetworkConnectionToWebProcess::scheduleResourceLoad: (parentPID=11759, pageProxyID=4, webPageID=5, frameID=4294967297, resourceID=489, existingLoaderToResume=0)
  14.872 [com.apple.WebKit:Loading:4] 0x10c612b80 - [webProcessIdentifier=3] NetworkConnectionToWebProcess::resolveBlobReferences: (parentPID=11759, pageProxyID=4, webPageID=5, frameID=4294967297, resourceID=489)
  14.878 [com.apple.WebKit:Loading:4] 0x10c612b80 - [webProcessIdentifier=3] NetworkConnectionToWebProcess::scheduleResourceLoad: (parentPID=11759, pageProxyID=4, webPageID=5, frameID=4294967297, resourceID=490, existingLoaderToResume=0)
  14.878 [com.apple.WebKit:Loading:4] 0x10c612b80 - [webProcessIdentifier=3] NetworkConnectionToWebProcess::resolveBlobReferences: (parentPID=11759, pageProxyID=4, webPageID=5, frameID=4294967297, resourceID=490)
  15.163 [com.apple.WebKit:Loading:4] 0x10c612b80 - [webProcessIdentifier=3] NetworkConnectionToWebProcess::scheduleResourceLoad: (parentPID=11759, pageProxyID=4, webPageID=5, frameID=4294967297, resourceID=497, existingLoaderToResume=0)
  15.163 [com.apple.WebKit:Loading:4] 0x10c612b80 - [webProcessIdentifier=3] NetworkConnectionToWebProcess::resolveBlobReferences: (parentPID=11759, pageProxyID=4, webPageID=5, frameID=4294967297, resourceID=497)
  15.166 [com.apple.WebKit:Loading:4] 0x10c612b80 - [webProcessIdentifier=3] NetworkConnectionToWebProcess::scheduleResourceLoad: (parentPID=11759, pageProxyID=4, webPageID=5, frameID=4294967297, resourceID=498, existingLoaderToResume=0)
  15.166 [com.apple.WebKit:Loading:4] 0x10c612b80 - [webProcessIdentifier=3] NetworkConnectionToWebProcess::resolveBlobReferences: (parentPID=11759, pageProxyID=4, webPageID=5, frameID=4294967297, resourceID=498)
  15.193 [com.apple.WebKit:Loading:4] 0x10c612b80 - [webProcessIdentifier=3] NetworkConnectionToWebProcess::scheduleResourceLoad: (parentPID=11759, pageProxyID=4, webPageID=5, frameID=4294967297, resourceID=499, existingLoaderToResume=0)
  15.193 [com.apple.WebKit:Loading:4] 0x10c612b80 - [webProcessIdentifier=3] NetworkConnectionToWebProcess::resolveBlobReferences: (parentPID=11759, pageProxyID=4, webPageID=5, frameID=4294967297, resourceID=499)
  15.197 [com.apple.WebKit:Loading:4] [pageID=5, frameID=12884901898] PolicyChecker::checkNavigationPolicy: continuing because this is an initial empty document
  15.206 [com.apple.WebKit:Loading:4] [pageID=5, frameID=12884901899] PolicyChecker::checkNavigationPolicy: continuing because this is an initial empty document
  15.265 [com.apple.WebKit:Loading:4] 0x10c612b80 - [webProcessIdentifier=3] NetworkConnectionToWebProcess::scheduleResourceLoad: (parentPID=11759, pageProxyID=4, webPageID=5, frameID=4294967297, resourceID=524, existingLoaderToResume=0)
  15.265 [com.apple.WebKit:Loading:4] 0x10c612b80 - [webProcessIdentifier=3] NetworkConnectionToWebProcess::resolveBlobReferences: (parentPID=11759, pageProxyID=4, webPageID=5, frameID=4294967297, resourceID=524)
  15.364 [com.apple.WebKit:Loading:4] 0x10c612b80 - [webProcessIdentifier=3] NetworkConnectionToWebProcess::scheduleResourceLoad: (parentPID=11759, pageProxyID=4, webPageID=5, frameID=4294967297, resourceID=525, existingLoaderToResume=0)
  15.364 [com.apple.WebKit:Loading:4] 0x10c612b80 - [webProcessIdentifier=3] NetworkConnectionToWebProcess::resolveBlobReferences: (parentPID=11759, pageProxyID=4, webPageID=5, frameID=4294967297, resourceID=525)
  15.410 [com.apple.WebKit:Loading:4] 0x10c612b80 - [webProcessIdentifier=3] NetworkConnectionToWebProcess::scheduleResourceLoad: (parentPID=11759, pageProxyID=4, webPageID=5, frameID=4294967297, resourceID=526, existingLoaderToResume=0)
  15.410 [com.apple.WebKit:Loading:4] 0x10c612b80 - [webProcessIdentifier=3] NetworkConnectionToWebProcess::resolveBlobReferences: (parentPID=11759, pageProxyID=4, webPageID=5, frameID=4294967297, resourceID=526)
  15.454 [com.apple.WebKit:Loading:4] 0x10c612b80 - [webProcessIdentifier=3] NetworkConnectionToWebProcess::scheduleResourceLoad: (parentPID=11759, pageProxyID=4, webPageID=5, frameID=4294967297, resourceID=527, existingLoaderToResume=0)
  15.454 [com.apple.WebKit:Loading:4] 0x10c612b80 - [webProcessIdentifier=3] NetworkConnectionToWebProcess::resolveBlobReferences: (parentPID=11759, pageProxyID=4, webPageID=5, frameID=4294967297, resourceID=527)
  15.457 [com.apple.WebKit:Loading:4] 0x10c612b80 - [webProcessIdentifier=3] NetworkConnectionToWebProcess::scheduleResourceLoad: (parentPID=11759, pageProxyID=4, webPageID=5, frameID=4294967297, resourceID=528, existingLoaderToResume=0)
  15.457 [com.apple.WebKit:Loading:4] 0x10c612b80 - [webProcessIdentifier=3] NetworkConnectionToWebProcess::resolveBlobReferences: (parentPID=11759, pageProxyID=4, webPageID=5, frameID=4294967297, resourceID=528)
  15.459 [com.apple.WebKit:Loading:4] 0x10c612b80 - [webProcessIdentifier=3] NetworkConnectionToWebProcess::scheduleResourceLoad: (parentPID=11759, pageProxyID=4, webPageID=5, frameID=4294967297, resourceID=529, existingLoaderToResume=0)
  15.459 [com.apple.WebKit:Loading:4] 0x10c612b80 - [webProcessIdentifier=3] NetworkConnectionToWebProcess::resolveBlobReferences: (parentPID=11759, pageProxyID=4, webPageID=5, frameID=4294967297, resourceID=529)
  15.462 [com.apple.WebKit:Loading:4] 0x10c612b80 - [webProcessIdentifier=3] NetworkConnectionToWebProcess::scheduleResourceLoad: (parentPID=11759, pageProxyID=4, webPageID=5, frameID=4294967297, resourceID=530, existingLoaderToResume=0)
  15.462 [com.apple.WebKit:Loading:4] 0x10c612b80 - [webProcessIdentifier=3] NetworkConnectionToWebProcess::resolveBlobReferences: (parentPID=11759, pageProxyID=4, webPageID=5, frameID=4294967297, resourceID=530)
  15.476 [com.apple.WebKit:Loading:4] 0x10c612b80 - [webProcessIdentifier=3] NetworkConnectionToWebProcess::scheduleResourceLoad: (parentPID=11759, pageProxyID=4, webPageID=5, frameID=4294967297, resourceID=531, existingLoaderToResume=0)
  15.476 [com.apple.WebKit:Loading:4] 0x10c612b80 - [webProcessIdentifier=3] NetworkConnectionToWebProcess::resolveBlobReferences: (parentPID=11759, pageProxyID=4, webPageID=5, frameID=4294967297, resourceID=531)
  15.478 [com.apple.WebKit:Loading:4] 0x10c612b80 - [webProcessIdentifier=3] NetworkConnectionToWebProcess::scheduleResourceLoad: (parentPID=11759, pageProxyID=4, webPageID=5, frameID=4294967297, resourceID=532, existingLoaderToResume=0)
  15.478 [com.apple.WebKit:Loading:4] 0x10c612b80 - [webProcessIdentifier=3] NetworkConnectionToWebProcess::resolveBlobReferences: (parentPID=11759, pageProxyID=4, webPageID=5, frameID=4294967297, resourceID=532)
  15.481 [com.apple.WebKit:Loading:4] 0x10c612b80 - [webProcessIdentifier=3] NetworkConnectionToWebProcess::scheduleResourceLoad: (parentPID=11759, pageProxyID=4, webPageID=5, frameID=4294967297, resourceID=533, existingLoaderToResume=0)
  15.481 [com.apple.WebKit:Loading:4] 0x10c612b80 - [webProcessIdentifier=3] NetworkConnectionToWebProcess::resolveBlobReferences: (parentPID=11759, pageProxyID=4, webPageID=5, frameID=4294967297, resourceID=533)
  15.484 [com.apple.WebKit:Loading:4] 0x10c612b80 - [webProcessIdentifier=3] NetworkConnectionToWebProcess::scheduleResourceLoad: (parentPID=11759, pageProxyID=4, webPageID=5, frameID=4294967297, resourceID=534, existingLoaderToResume=0)
  15.484 [com.apple.WebKit:Loading:4] 0x10c612b80 - [webProcessIdentifier=3] NetworkConnectionToWebProcess::resolveBlobReferences: (parentPID=11759, pageProxyID=4, webPageID=5, frameID=4294967297, resourceID=534)
  15.506 [com.apple.WebKit:Loading:4] 0x10c612b80 - [webProcessIdentifier=3] NetworkConnectionToWebProcess::scheduleResourceLoad: (parentPID=11759, pageProxyID=4, webPageID=5, frameID=4294967297, resourceID=535, existingLoaderToResume=0)
  15.507 [com.apple.WebKit:Loading:4] 0x10c612b80 - [webProcessIdentifier=3] NetworkConnectionToWebProcess::resolveBlobReferences: (parentPID=11759, pageProxyID=4, webPageID=5, frameID=4294967297, resourceID=535)
  15.524 [com.apple.WebKit:Loading:4] 0x10c612b80 - [webProcessIdentifier=3] NetworkConnectionToWebProcess::scheduleResourceLoad: (parentPID=11759, pageProxyID=4, webPageID=5, frameID=4294967297, resourceID=536, existingLoaderToResume=0)
  15.524 [com.apple.WebKit:Loading:4] 0x10c612b80 - [webProcessIdentifier=3] NetworkConnectionToWebProcess::resolveBlobReferences: (parentPID=11759, pageProxyID=4, webPageID=5, frameID=4294967297, resourceID=536)
  15.807 [com.apple.WebKit:Loading:4] 0x10c612b80 - [webProcessIdentifier=3] NetworkConnectionToWebProcess::scheduleResourceLoad: (parentPID=11759, pageProxyID=4, webPageID=5, frameID=4294967297, resourceID=537, existingLoaderToResume=0)
  15.807 [com.apple.WebKit:Loading:4] 0x10c612b80 - [webProcessIdentifier=3] NetworkConnectionToWebProcess::resolveBlobReferences: (parentPID=11759, pageProxyID=4, webPageID=5, frameID=4294967297, resourceID=537)
  15.829 [com.apple.WebKit:Loading:4] 0x10c612b80 - [webProcessIdentifier=3] NetworkConnectionToWebProcess::scheduleResourceLoad: (parentPID=11759, pageProxyID=4, webPageID=5, frameID=4294967297, resourceID=538, existingLoaderToResume=0)
  15.829 [com.apple.WebKit:Loading:4] 0x10c612b80 - [webProcessIdentifier=3] NetworkConnectionToWebProcess::resolveBlobReferences: (parentPID=11759, pageProxyID=4, webPageID=5, frameID=4294967297, resourceID=538)
  15.832 [com.apple.WebKit:Loading:4] 0x10c612b80 - [webProcessIdentifier=3] NetworkConnectionToWebProcess::scheduleResourceLoad: (parentPID=11759, pageProxyID=4, webPageID=5, frameID=4294967297, resourceID=539, existingLoaderToResume=0)
  15.832 [com.apple.WebKit:Loading:4] 0x10c612b80 - [webProcessIdentifier=3] NetworkConnectionToWebProcess::resolveBlobReferences: (parentPID=11759, pageProxyID=4, webPageID=5, frameID=4294967297, resourceID=539)
  15.834 [com.apple.WebKit:Loading:4] 0x10c612b80 - [webProcessIdentifier=3] NetworkConnectionToWebProcess::scheduleResourceLoad: (parentPID=11759, pageProxyID=4, webPageID=5, frameID=4294967297, resourceID=540, existingLoaderToResume=0)
  15.834 [com.apple.WebKit:Loading:4] 0x10c612b80 - [webProcessIdentifier=3] NetworkConnectionToWebProcess::resolveBlobReferences: (parentPID=11759, pageProxyID=4, webPageID=5, frameID=4294967297, resourceID=540)
  15.836 [com.apple.WebKit:Loading:4] 0x10c612b80 - [webProcessIdentifier=3] NetworkConnectionToWebProcess::scheduleResourceLoad: (parentPID=11759, pageProxyID=4, webPageID=5, frameID=4294967297, resourceID=541, existingLoaderToResume=0)
  15.836 [com.apple.WebKit:Loading:4] 0x10c612b80 - [webProcessIdentifier=3] NetworkConnectionToWebProcess::resolveBlobReferences: (parentPID=11759, pageProxyID=4, webPageID=5, frameID=4294967297, resourceID=541)
  15.857 [com.apple.WebKit:Loading:4] 0x10c612b80 - [webProcessIdentifier=3] NetworkConnectionToWebProcess::scheduleResourceLoad: (parentPID=11759, pageProxyID=4, webPageID=5, frameID=4294967297, resourceID=542, existingLoaderToResume=0)
  15.857 [com.apple.WebKit:Loading:4] 0x10c612b80 - [webProcessIdentifier=3] NetworkConnectionToWebProcess::resolveBlobReferences: (parentPID=11759, pageProxyID=4, webPageID=5, frameID=4294967297, resourceID=542)
  15.865 [com.apple.WebKit:Loading:4] 0x10c612b80 - [webProcessIdentifier=3] NetworkConnectionToWebProcess::scheduleResourceLoad: (parentPID=11759, pageProxyID=4, webPageID=5, frameID=4294967297, resourceID=543, existingLoaderToResume=0)
  15.865 [com.apple.WebKit:Loading:4] 0x10c612b80 - [webProcessIdentifier=3] NetworkConnectionToWebProcess::resolveBlobReferences: (parentPID=11759, pageProxyID=4, webPageID=5, frameID=4294967297, resourceID=543)
  15.892 [com.apple.WebKit:Loading:4] 0x10c612b80 - [webProcessIdentifier=3] NetworkConnectionToWebProcess::scheduleResourceLoad: (parentPID=11759, pageProxyID=4, webPageID=5, frameID=4294967297, resourceID=544, existingLoaderToResume=0)
  15.892 [com.apple.WebKit:Loading:4] 0x10c612b80 - [webProcessIdentifier=3] NetworkConnectionToWebProcess::resolveBlobReferences: (parentPID=11759, pageProxyID=4, webPageID=5, frameID=4294967297, resourceID=544)
  15.895 [com.apple.WebKit:Loading:4] 0x10c612b80 - [webProcessIdentifier=3] NetworkConnectionToWebProcess::scheduleResourceLoad: (parentPID=11759, pageProxyID=4, webPageID=5, frameID=4294967297, resourceID=545, existingLoaderToResume=0)
  15.895 [com.apple.WebKit:Loading:4] 0x10c612b80 - [webProcessIdentifier=3] NetworkConnectionToWebProcess::resolveBlobReferences: (parentPID=11759, pageProxyID=4, webPageID=5, frameID=4294967297, resourceID=545)
  15.911 [com.apple.WebKit:Loading:4] 0x10c612b80 - [webProcessIdentifier=3] NetworkConnectionToWebProcess::scheduleResourceLoad: (parentPID=11759, pageProxyID=4, webPageID=5, frameID=4294967297, resourceID=546, existingLoaderToResume=0)
  15.911 [com.apple.WebKit:Loading:4] 0x10c612b80 - [webProcessIdentifier=3] NetworkConnectionToWebProcess::resolveBlobReferences: (parentPID=11759, pageProxyID=4, webPageID=5, frameID=4294967297, resourceID=546)
  15.935 [com.apple.WebKit:Loading:4] 0x10c612b80 - [webProcessIdentifier=3] NetworkConnectionToWebProcess::scheduleResourceLoad: (parentPID=11759, pageProxyID=4, webPageID=5, frameID=4294967297, resourceID=547, existingLoaderToResume=0)
  15.935 [com.apple.WebKit:Loading:4] 0x10c612b80 - [webProcessIdentifier=3] NetworkConnectionToWebProcess::resolveBlobReferences: (parentPID=11759, pageProxyID=4, webPageID=5, frameID=4294967297, resourceID=547)
  15.971 [com.apple.WebKit:Loading:4] 0x10c612b80 - [webProcessIdentifier=3] NetworkConnectionToWebProcess::scheduleResourceLoad: (parentPID=11759, pageProxyID=4, webPageID=5, frameID=4294967297, resourceID=548, existingLoaderToResume=0)
  15.971 [com.apple.WebKit:Loading:4] 0x10c612b80 - [webProcessIdentifier=3] NetworkConnectionToWebProcess::resolveBlobReferences: (parentPID=11759, pageProxyID=4, webPageID=5, frameID=4294967297, resourceID=548)
  16.002 [com.apple.WebKit:Loading:4] 0x10c612b80 - [webProcessIdentifier=3] NetworkConnectionToWebProcess::scheduleResourceLoad: (parentPID=11759, pageProxyID=4, webPageID=5, frameID=4294967297, resourceID=549, existingLoaderToResume=0)
  16.002 [com.apple.WebKit:Loading:4] 0x10c612b80 - [webProcessIdentifier=3] NetworkConnectionToWebProcess::resolveBlobReferences: (parentPID=11759, pageProxyID=4, webPageID=5, frameID=4294967297, resourceID=549)
  16.053 [com.apple.WebKit:Loading:4] 0x10c612b80 - [webProcessIdentifier=3] NetworkConnectionToWebProcess::scheduleResourceLoad: (parentPID=11759, pageProxyID=4, webPageID=5, frameID=4294967297, resourceID=550, existingLoaderToResume=0)
  16.053 [com.apple.WebKit:Loading:4] 0x10c612b80 - [webProcessIdentifier=3] NetworkConnectionToWebProcess::resolveBlobReferences: (parentPID=11759, pageProxyID=4, webPageID=5, frameID=4294967297, resourceID=550)
  16.128 [com.apple.WebKit:Loading:4] 0x10c612b80 - [webProcessIdentifier=3] NetworkConnectionToWebProcess::scheduleResourceLoad: (parentPID=11759, pageProxyID=4, webPageID=5, frameID=4294967297, resourceID=557, existingLoaderToResume=0)
  16.128 [com.apple.WebKit:Loading:4] 0x10c612b80 - [webProcessIdentifier=3] NetworkConnectionToWebProcess::resolveBlobReferences: (parentPID=11759, pageProxyID=4, webPageID=5, frameID=4294967297, resourceID=557)
  16.140 [com.apple.WebKit:Loading:4] 0x10c612b80 - [webProcessIdentifier=3] NetworkConnectionToWebProcess::scheduleResourceLoad: (parentPID=11759, pageProxyID=4, webPageID=5, frameID=4294967297, resourceID=558, existingLoaderToResume=0)
  16.140 [com.apple.WebKit:Loading:4] 0x10c612b80 - [webProcessIdentifier=3] NetworkConnectionToWebProcess::resolveBlobReferences: (parentPID=11759, pageProxyID=4, webPageID=5, frameID=4294967297, resourceID=558)
  16.163 [com.apple.WebKit:Loading:4] 0x10c612b80 - [webProcessIdentifier=3] NetworkConnectionToWebProcess::scheduleResourceLoad: (parentPID=11759, pageProxyID=4, webPageID=5, frameID=4294967297, resourceID=559, existingLoaderToResume=0)
  16.163 [com.apple.WebKit:Loading:4] 0x10c612b80 - [webProcessIdentifier=3] NetworkConnectionToWebProcess::resolveBlobReferences: (parentPID=11759, pageProxyID=4, webPageID=5, frameID=4294967297, resourceID=559)
  16.266 [com.apple.WebKit:Loading:4] 0x10c612b80 - [webProcessIdentifier=3] NetworkConnectionToWebProcess::scheduleResourceLoad: (parentPID=11759, pageProxyID=4, webPageID=5, frameID=4294967297, resourceID=562, existingLoaderToResume=0)
  16.266 [com.apple.WebKit:Loading:4] 0x10c612b80 - [webProcessIdentifier=3] NetworkConnectionToWebProcess::resolveBlobReferences: (parentPID=11759, pageProxyID=4, webPageID=5, frameID=4294967297, resourceID=562)
  16.266 [com.apple.WebKit:Loading:4] 0x10c612b80 - [webProcessIdentifier=3] NetworkConnectionToWebProcess::scheduleResourceLoad: (parentPID=11759, pageProxyID=4, webPageID=5, frameID=4294967297, resourceID=563, existingLoaderToResume=0)
  16.266 [com.apple.WebKit:Loading:4] 0x10c612b80 - [webProcessIdentifier=3] NetworkConnectionToWebProcess::resolveBlobReferences: (parentPID=11759, pageProxyID=4, webPageID=5, frameID=4294967297, resourceID=563)
  16.286 [com.apple.WebKit:Loading:4] 0x10c612b80 - [webProcessIdentifier=3] NetworkConnectionToWebProcess::scheduleResourceLoad: (parentPID=11759, pageProxyID=4, webPageID=5, frameID=4294967297, resourceID=566, existingLoaderToResume=0)
  16.286 [com.apple.WebKit:Loading:4] 0x10c612b80 - [webProcessIdentifier=3] NetworkConnectionToWebProcess::resolveBlobReferences: (parentPID=11759, pageProxyID=4, webPageID=5, frameID=4294967297, resourceID=566)
  16.297 [com.apple.WebKit:Loading:4] 0x10c612b80 - [webProcessIdentifier=3] NetworkConnectionToWebProcess::scheduleResourceLoad: (parentPID=11759, pageProxyID=4, webPageID=5, frameID=4294967297, resourceID=571, existingLoaderToResume=0)
  16.297 [com.apple.WebKit:Loading:4] 0x10c612b80 - [webProcessIdentifier=3] NetworkConnectionToWebProcess::resolveBlobReferences: (parentPID=11759, pageProxyID=4, webPageID=5, frameID=4294967297, resourceID=571)
  16.449 [com.apple.WebKit:Loading:4] 0x10c612b80 - [webProcessIdentifier=3] NetworkConnectionToWebProcess::scheduleResourceLoad: (parentPID=11759, pageProxyID=4, webPageID=5, frameID=12884901893, resourceID=576, existingLoaderToResume=0)
  16.449 [com.apple.WebKit:Loading:4] 0x10c612b80 - [webProcessIdentifier=3] NetworkConnectionToWebProcess::resolveBlobReferences: (parentPID=11759, pageProxyID=4, webPageID=5, frameID=12884901893, resourceID=576)
  16.514 [com.apple.WebKit:Loading:4] 0x10c612b80 - [webProcessIdentifier=3] NetworkConnectionToWebProcess::scheduleResourceLoad: (parentPID=11759, pageProxyID=4, webPageID=5, frameID=12884901893, resourceID=581, existingLoaderToResume=0)
  16.514 [com.apple.WebKit:Loading:4] 0x10c612b80 - [webProcessIdentifier=3] NetworkConnectionToWebProcess::resolveBlobReferences: (parentPID=11759, pageProxyID=4, webPageID=5, frameID=12884901893, resourceID=581)
  16.520 [com.apple.WebKit:Loading:4] 0x10c612b80 - [webProcessIdentifier=3] NetworkConnectionToWebProcess::scheduleResourceLoad: (parentPID=11759, pageProxyID=4, webPageID=5, frameID=12884901893, resourceID=582, existingLoaderToResume=0)
  16.520 [com.apple.WebKit:Loading:4] 0x10c612b80 - [webProcessIdentifier=3] NetworkConnectionToWebProcess::resolveBlobReferences: (parentPID=11759, pageProxyID=4, webPageID=5, frameID=12884901893, resourceID=582)
  16.540 [com.apple.WebKit:Loading:4] 0x10c612b80 - [webProcessIdentifier=3] NetworkConnectionToWebProcess::scheduleResourceLoad: (parentPID=11759, pageProxyID=4, webPageID=5, frameID=4294967297, resourceID=592, existingLoaderToResume=0)
  16.541 [com.apple.WebKit:Loading:4] 0x10c612b80 - [webProcessIdentifier=3] NetworkConnectionToWebProcess::resolveBlobReferences: (parentPID=11759, pageProxyID=4, webPageID=5, frameID=4294967297, resourceID=592)
  16.653 [com.apple.WebKit:Loading:4] 0x10c612b80 - [webProcessIdentifier=3] NetworkConnectionToWebProcess::scheduleResourceLoad: (parentPID=11759, pageProxyID=4, webPageID=5, frameID=12884901893, resourceID=607, existingLoaderToResume=0)
  16.653 [com.apple.WebKit:Loading:4] 0x10c612b80 - [webProcessIdentifier=3] NetworkConnectionToWebProcess::resolveBlobReferences: (parentPID=11759, pageProxyID=4, webPageID=5, frameID=12884901893, resourceID=607)
  16.736 [com.apple.WebKit:Loading:4] 0x10c612b80 - [webProcessIdentifier=3] NetworkConnectionToWebProcess::scheduleResourceLoad: (parentPID=11759, pageProxyID=4, webPageID=5, frameID=4294967297, resourceID=610, existingLoaderToResume=0)
  16.736 [com.apple.WebKit:Loading:4] 0x10c612b80 - [webProcessIdentifier=3] NetworkConnectionToWebProcess::resolveBlobReferences: (parentPID=11759, pageProxyID=4, webPageID=5, frameID=4294967297, resourceID=610)
  17.093 [com.apple.WebKit:Loading:4] 0x10c612b80 - [webProcessIdentifier=3] NetworkConnectionToWebProcess::scheduleResourceLoad: (parentPID=11759, pageProxyID=4, webPageID=5, frameID=12884901893, resourceID=621, existingLoaderToResume=0)
  17.093 [com.apple.WebKit:Loading:4] 0x10c612b80 - [webProcessIdentifier=3] NetworkConnectionToWebProcess::resolveBlobReferences: (parentPID=11759, pageProxyID=4, webPageID=5, frameID=12884901893, resourceID=621)
  17.634 [com.apple.WebKit:Loading:4] 0x10c612b80 - [webProcessIdentifier=3] NetworkConnectionToWebProcess::scheduleResourceLoad: (parentPID=11759, pageProxyID=4, webPageID=5, frameID=4294967297, resourceID=627, existingLoaderToResume=0)
  17.634 [com.apple.WebKit:Loading:4] 0x10c612b80 - [webProcessIdentifier=3] NetworkConnectionToWebProcess::resolveBlobReferences: (parentPID=11759, pageProxyID=4, webPageID=5, frameID=4294967297, resourceID=627)
  17.682 [com.apple.WebKit:Loading:4] 0x10c612b80 - [webProcessIdentifier=3] NetworkConnectionToWebProcess::scheduleResourceLoad: (parentPID=11759, pageProxyID=4, webPageID=5, frameID=4294967297, resourceID=628, existingLoaderToResume=0)
  17.682 [com.apple.WebKit:Loading:4] 0x10c612b80 - [webProcessIdentifier=3] NetworkConnectionToWebProcess::resolveBlobReferences: (parentPID=11759, pageProxyID=4, webPageID=5, frameID=4294967297, resourceID=628)
  17.827 [com.apple.WebKit:Loading:4] 0x10c612b80 - [webProcessIdentifier=3] NetworkConnectionToWebProcess::scheduleResourceLoad: (parentPID=11759, pageProxyID=4, webPageID=5, frameID=4294967297, resourceID=630, existingLoaderToResume=0)
  17.827 [com.apple.WebKit:Loading:4] 0x10c612b80 - [webProcessIdentifier=3] NetworkConnectionToWebProcess::resolveBlobReferences: (parentPID=11759, pageProxyID=4, webPageID=5, frameID=4294967297, resourceID=630)
  18.090 [com.apple.WebKit:Loading:4] 0x10c612b80 - [webProcessIdentifier=3] NetworkConnectionToWebProcess::scheduleResourceLoad: (parentPID=11759, pageProxyID=4, webPageID=5, frameID=4294967297, resourceID=641, existingLoaderToResume=0)
  18.090 [com.apple.WebKit:Loading:4] 0x10c612b80 - [webProcessIdentifier=3] NetworkConnectionToWebProcess::resolveBlobReferences: (parentPID=11759, pageProxyID=4, webPageID=5, frameID=4294967297, resourceID=641)
  18.209 [com.apple.WebKit:Loading:4] 0x10c612b80 - [webProcessIdentifier=3] NetworkConnectionToWebProcess::scheduleResourceLoad: (parentPID=11759, pageProxyID=4, webPageID=5, frameID=4294967297, resourceID=651, existingLoaderToResume=0)
  18.209 [com.apple.WebKit:Loading:4] 0x10c612b80 - [webProcessIdentifier=3] NetworkConnectionToWebProcess::resolveBlobReferences: (parentPID=11759, pageProxyID=4, webPageID=5, frameID=4294967297, resourceID=651)
  18.657 [com.apple.WebKit:Loading:4] 0x10c612b80 - [webProcessIdentifier=3] NetworkConnectionToWebProcess::scheduleResourceLoad: (parentPID=11759, pageProxyID=4, webPageID=5, frameID=4294967297, resourceID=662, existingLoaderToResume=0)
  18.657 [com.apple.WebKit:Loading:4] 0x10c612b80 - [webProcessIdentifier=3] NetworkConnectionToWebProcess::resolveBlobReferences: (parentPID=11759, pageProxyID=4, webPageID=5, frameID=4294967297, resourceID=662)
  18.697 [com.apple.WebKit:Loading:4] [pageID=5, frameID=12884901901] PolicyChecker::checkNavigationPolicy: continuing because this policyAction from dispatchDecidePolicyForNavigationAction is Use
  18.698 [com.apple.WebKit:Loading:4] 0x10c612b80 - [webProcessIdentifier=3] NetworkConnectionToWebProcess::scheduleResourceLoad: (parentPID=11759, pageProxyID=4, webPageID=5, frameID=12884901901, resourceID=668, existingLoaderToResume=0)
  18.698 [com.apple.WebKit:Loading:4] 0x10c612b80 - [webProcessIdentifier=3] NetworkConnectionToWebProcess::resolveBlobReferences: (parentPID=11759, pageProxyID=4, webPageID=5, frameID=12884901901, resourceID=668)
  18.786 [com.apple.WebKit:Loading:4] 0x10c612b80 - [webProcessIdentifier=3] NetworkConnectionToWebProcess::scheduleResourceLoad: (parentPID=11759, pageProxyID=4, webPageID=5, frameID=4294967297, resourceID=672, existingLoaderToResume=0)
  18.786 [com.apple.WebKit:Loading:4] 0x10c612b80 - [webProcessIdentifier=3] NetworkConnectionToWebProcess::resolveBlobReferences: (parentPID=11759, pageProxyID=4, webPageID=5, frameID=4294967297, resourceID=672)
  18.862 [com.apple.WebKit:Loading:4] 0x10c612b80 - [webProcessIdentifier=3] NetworkConnectionToWebProcess::scheduleResourceLoad: (parentPID=11759, pageProxyID=4, webPageID=5, frameID=4294967297, resourceID=677, existingLoaderToResume=0)
  18.863 [com.apple.WebKit:Loading:4] 0x10c612b80 - [webProcessIdentifier=3] NetworkConnectionToWebProcess::resolveBlobReferences: (parentPID=11759, pageProxyID=4, webPageID=5, frameID=4294967297, resourceID=677)
  18.928 [com.apple.WebKit:Loading:4] 0x10c612b80 - [webProcessIdentifier=3] NetworkConnectionToWebProcess::scheduleResourceLoad: (parentPID=11759, pageProxyID=4, webPageID=5, frameID=4294967297, resourceID=681, existingLoaderToResume=0)
  18.928 [com.apple.WebKit:Loading:4] 0x10c612b80 - [webProcessIdentifier=3] NetworkConnectionToWebProcess::resolveBlobReferences: (parentPID=11759, pageProxyID=4, webPageID=5, frameID=4294967297, resourceID=681)
  18.954 [com.apple.WebKit:Loading error] 0x8038c00 - [pageProxyID=4, webPageID=5, PID=11762] WebPageProxy::didFailLoadForFrame: frameID=12884901901, isMainFrame=0, domain=WebKitErrorDomain, code=302
  19.013 [com.apple.WebKit:Loading:4] 0x10c612b80 - [webProcessIdentifier=3] NetworkConnectionToWebProcess::scheduleResourceLoad: (parentPID=11759, pageProxyID=4, webPageID=5, frameID=4294967297, resourceID=685, existingLoaderToResume=0)
  19.013 [com.apple.WebKit:Loading:4] 0x10c612b80 - [webProcessIdentifier=3] NetworkConnectionToWebProcess::resolveBlobReferences: (parentPID=11759, pageProxyID=4, webPageID=5, frameID=4294967297, resourceID=685)
  19.211 [com.apple.WebKit:Loading:4] 0x10c612b80 - [webProcessIdentifier=3] NetworkConnectionToWebProcess::scheduleResourceLoad: (parentPID=11759, pageProxyID=4, webPageID=5, frameID=4294967297, resourceID=693, existingLoaderToResume=0)
  19.211 [com.apple.WebKit:Loading:4] 0x10c612b80 - [webProcessIdentifier=3] NetworkConnectionToWebProcess::resolveBlobReferences: (parentPID=11759, pageProxyID=4, webPageID=5, frameID=4294967297, resourceID=693)
  19.356 [com.apple.WebKit:Loading:4] 0x10c612b80 - [webProcessIdentifier=3] NetworkConnectionToWebProcess::scheduleResourceLoad: (parentPID=11759, pageProxyID=4, webPageID=5, frameID=4294967297, resourceID=694, existingLoaderToResume=0)
  19.356 [com.apple.WebKit:Loading:4] 0x10c612b80 - [webProcessIdentifier=3] NetworkConnectionToWebProcess::resolveBlobReferences: (parentPID=11759, pageProxyID=4, webPageID=5, frameID=4294967297, resourceID=694)
  19.512 [com.apple.WebKit:Loading:4] 0x10c612b80 - [webProcessIdentifier=3] NetworkConnectionToWebProcess::scheduleResourceLoad: (parentPID=11759, pageProxyID=4, webPageID=5, frameID=4294967297, resourceID=696, existingLoaderToResume=0)
  19.512 [com.apple.WebKit:Loading:4] 0x10c612b80 - [webProcessIdentifier=3] NetworkConnectionToWebProcess::resolveBlobReferences: (parentPID=11759, pageProxyID=4, webPageID=5, frameID=4294967297, resourceID=696)
  19.518 [com.apple.WebKit:Loading:4] 0x10c612b80 - [webProcessIdentifier=3] NetworkConnectionToWebProcess::scheduleResourceLoad: (parentPID=11759, pageProxyID=4, webPageID=5, frameID=4294967297, resourceID=697, existingLoaderToResume=0)
  19.518 [com.apple.WebKit:Loading:4] 0x10c612b80 - [webProcessIdentifier=3] NetworkConnectionToWebProcess::resolveBlobReferences: (parentPID=11759, pageProxyID=4, webPageID=5, frameID=4294967297, resourceID=697)
  19.592 [com.apple.WebKit:Loading:4] 0x10c612b80 - [webProcessIdentifier=3] NetworkConnectionToWebProcess::scheduleResourceLoad: (parentPID=11759, pageProxyID=4, webPageID=5, frameID=4294967297, resourceID=705, existingLoaderToResume=0)
  19.592 [com.apple.WebKit:Loading:4] 0x10c612b80 - [webProcessIdentifier=3] NetworkConnectionToWebProcess::resolveBlobReferences: (parentPID=11759, pageProxyID=4, webPageID=5, frameID=4294967297, resourceID=705)
  19.640 [com.apple.WebKit:Loading:4] 0x10c612b80 - [webProcessIdentifier=3] NetworkConnectionToWebProcess::scheduleResourceLoad: (parentPID=11759, pageProxyID=4, webPageID=5, frameID=4294967297, resourceID=725, existingLoaderToResume=0)
  19.640 [com.apple.WebKit:Loading:4] 0x10c612b80 - [webProcessIdentifier=3] NetworkConnectionToWebProcess::resolveBlobReferences: (parentPID=11759, pageProxyID=4, webPageID=5, frameID=4294967297, resourceID=725)
  19.643 [com.apple.WebKit:Loading:4] [pageID=5, frameID=12884901902] PolicyChecker::checkNavigationPolicy: continuing because this policyAction from dispatchDecidePolicyForNavigationAction is Use
  19.643 [com.apple.WebKit:Loading:4] [pageID=5, frameID=12884901903] PolicyChecker::checkNavigationPolicy: continuing because this policyAction from dispatchDecidePolicyForNavigationAction is Use
  19.644 [com.apple.WebKit:Loading:4] [pageID=5, frameID=12884901904] PolicyChecker::checkNavigationPolicy: continuing because this policyAction from dispatchDecidePolicyForNavigationAction is Use
  19.645 [com.apple.WebKit:Loading:4] [pageID=5, frameID=12884901905] PolicyChecker::checkNavigationPolicy: continuing because this policyAction from dispatchDecidePolicyForNavigationAction is Use
  19.647 [com.apple.WebKit:Loading:4] 0x10c612b80 - [webProcessIdentifier=3] NetworkConnectionToWebProcess::scheduleResourceLoad: (parentPID=11759, pageProxyID=4, webPageID=5, frameID=12884901903, resourceID=730, existingLoaderToResume=0)
  19.647 [com.apple.WebKit:Loading:4] 0x10c612b80 - [webProcessIdentifier=3] NetworkConnectionToWebProcess::resolveBlobReferences: (parentPID=11759, pageProxyID=4, webPageID=5, frameID=12884901903, resourceID=730)
  19.647 [com.apple.WebKit:Loading:4] 0x10c612b80 - [webProcessIdentifier=3] NetworkConnectionToWebProcess::scheduleResourceLoad: (parentPID=11759, pageProxyID=4, webPageID=5, frameID=12884901904, resourceID=732, existingLoaderToResume=0)
  19.647 [com.apple.WebKit:Loading:4] 0x10c612b80 - [webProcessIdentifier=3] NetworkConnectionToWebProcess::resolveBlobReferences: (parentPID=11759, pageProxyID=4, webPageID=5, frameID=12884901904, resourceID=732)
  19.729 [com.apple.WebKit:Loading:4] 0x10c612b80 - [webProcessIdentifier=3] NetworkConnectionToWebProcess::scheduleResourceLoad: (parentPID=11759, pageProxyID=4, webPageID=5, frameID=12884901905, resourceID=753, existingLoaderToResume=0)
  19.729 [com.apple.WebKit:Loading:4] 0x10c612b80 - [webProcessIdentifier=3] NetworkConnectionToWebProcess::resolveBlobReferences: (parentPID=11759, pageProxyID=4, webPageID=5, frameID=12884901905, resourceID=753)
  20.307 [com.apple.WebKit:Loading:4] 0x10c612b80 - [webProcessIdentifier=3] NetworkConnectionToWebProcess::scheduleResourceLoad: (parentPID=11759, pageProxyID=4, webPageID=5, frameID=4294967297, resourceID=765, existingLoaderToResume=0)
  20.307 [com.apple.WebKit:Loading:4] 0x10c612b80 - [webProcessIdentifier=3] NetworkConnectionToWebProcess::resolveBlobReferences: (parentPID=11759, pageProxyID=4, webPageID=5, frameID=4294967297, resourceID=765)
  20.361 [com.apple.WebKit:Loading:4] 0x10c612b80 - [webProcessIdentifier=3] NetworkConnectionToWebProcess::scheduleResourceLoad: (parentPID=11759, pageProxyID=4, webPageID=5, frameID=4294967297, resourceID=782, existingLoaderToResume=0)
  20.361 [com.apple.WebKit:Loading:4] 0x10c612b80 - [webProcessIdentifier=3] NetworkConnectionToWebProcess::resolveBlobReferences: (parentPID=11759, pageProxyID=4, webPageID=5, frameID=4294967297, resourceID=782)
  20.373 [com.apple.WebKit:Loading:4] 0x10c612b80 - [webProcessIdentifier=3] NetworkConnectionToWebProcess::scheduleResourceLoad: (parentPID=11759, pageProxyID=4, webPageID=5, frameID=4294967297, resourceID=783, existingLoaderToResume=0)
  20.373 [com.apple.WebKit:Loading:4] 0x10c612b80 - [webProcessIdentifier=3] NetworkConnectionToWebProcess::resolveBlobReferences: (parentPID=11759, pageProxyID=4, webPageID=5, frameID=4294967297, resourceID=783)
  20.472 [com.apple.WebKit:Loading:4] [pageID=5, frameID=12884901906] PolicyChecker::checkNavigationPolicy: continuing because this policyAction from dispatchDecidePolicyForNavigationAction is Use
  20.475 [com.apple.WebKit:Loading:4] 0x10c612b80 - [webProcessIdentifier=3] NetworkConnectionToWebProcess::scheduleResourceLoad: (parentPID=11759, pageProxyID=4, webPageID=5, frameID=12884901906, resourceID=785, existingLoaderToResume=0)
  20.475 [com.apple.WebKit:Loading:4] 0x10c612b80 - [webProcessIdentifier=3] NetworkConnectionToWebProcess::resolveBlobReferences: (parentPID=11759, pageProxyID=4, webPageID=5, frameID=12884901906, resourceID=785)
  20.625 [com.apple.WebKit:Loading:4] 0x10c612b80 - [webProcessIdentifier=3] NetworkConnectionToWebProcess::scheduleResourceLoad: (parentPID=11759, pageProxyID=4, webPageID=5, frameID=12884901902, resourceID=788, existingLoaderToResume=0)
  20.625 [com.apple.WebKit:Loading:4] 0x10c612b80 - [webProcessIdentifier=3] NetworkConnectionToWebProcess::resolveBlobReferences: (parentPID=11759, pageProxyID=4, webPageID=5, frameID=12884901902, resourceID=788)
  20.664 [com.apple.WebKit:Loading:4] 0x10c612b80 - [webProcessIdentifier=3] NetworkConnectionToWebProcess::scheduleResourceLoad: (parentPID=11759, pageProxyID=4, webPageID=5, frameID=4294967297, resourceID=790, existingLoaderToResume=0)
  20.664 [com.apple.WebKit:Loading:4] 0x10c612b80 - [webProcessIdentifier=3] NetworkConnectionToWebProcess::resolveBlobReferences: (parentPID=11759, pageProxyID=4, webPageID=5, frameID=4294967297, resourceID=790)
  20.665 [com.apple.WebKit:Loading:4] 0x10c612b80 - [webProcessIdentifier=3] NetworkConnectionToWebProcess::scheduleResourceLoad: (parentPID=11759, pageProxyID=4, webPageID=5, frameID=4294967297, resourceID=791, existingLoaderToResume=0)
  20.665 [com.apple.WebKit:Loading:4] 0x10c612b80 - [webProcessIdentifier=3] NetworkConnectionToWebProcess::resolveBlobReferences: (parentPID=11759, pageProxyID=4, webPageID=5, frameID=4294967297, resourceID=791)
  20.701 [com.apple.WebKit:Loading:4] 0x10c612b80 - [webProcessIdentifier=3] NetworkConnectionToWebProcess::scheduleResourceLoad: (parentPID=11759, pageProxyID=4, webPageID=5, frameID=4294967297, resourceID=795, existingLoaderToResume=0)
  20.701 [com.apple.WebKit:Loading:4] 0x10c612b80 - [webProcessIdentifier=3] NetworkConnectionToWebProcess::resolveBlobReferences: (parentPID=11759, pageProxyID=4, webPageID=5, frameID=4294967297, resourceID=795)
  20.723 [com.apple.WebKit:Loading:4] [pageID=5, frameID=12884901906] PolicyChecker::checkNavigationPolicy: continuing because this policyAction from dispatchDecidePolicyForNavigationAction is Use
  20.854 TIGER script: scroll 0,-600
  20.993 [com.apple.WebKit:Loading:4] 0x10c612b80 - [webProcessIdentifier=3] NetworkConnectionToWebProcess::scheduleResourceLoad: (parentPID=11759, pageProxyID=4, webPageID=5, frameID=12884901905, resourceID=813, existingLoaderToResume=0)
  20.994 [com.apple.WebKit:Loading:4] 0x10c612b80 - [webProcessIdentifier=3] NetworkConnectionToWebProcess::resolveBlobReferences: (parentPID=11759, pageProxyID=4, webPageID=5, frameID=12884901905, resourceID=813)
  20.997 [com.apple.WebKit:Loading:4] 0x10c612b80 - [webProcessIdentifier=3] NetworkConnectionToWebProcess::scheduleResourceLoad: (parentPID=11759, pageProxyID=4, webPageID=5, frameID=12884901905, resourceID=814, existingLoaderToResume=0)
  20.997 [com.apple.WebKit:Loading:4] 0x10c612b80 - [webProcessIdentifier=3] NetworkConnectionToWebProcess::resolveBlobReferences: (parentPID=11759, pageProxyID=4, webPageID=5, frameID=12884901905, resourceID=814)
  21.003 [com.apple.WebKit:Loading:4] 0x10c612b80 - [webProcessIdentifier=3] NetworkConnectionToWebProcess::scheduleResourceLoad: (parentPID=11759, pageProxyID=4, webPageID=5, frameID=12884901905, resourceID=815, existingLoaderToResume=0)
  21.003 [com.apple.WebKit:Loading:4] 0x10c612b80 - [webProcessIdentifier=3] NetworkConnectionToWebProcess::resolveBlobReferences: (parentPID=11759, pageProxyID=4, webPageID=5, frameID=12884901905, resourceID=815)
  21.008 [com.apple.WebKit:Loading:4] 0x10c612b80 - [webProcessIdentifier=3] NetworkConnectionToWebProcess::scheduleResourceLoad: (parentPID=11759, pageProxyID=4, webPageID=5, frameID=12884901905, resourceID=816, existingLoaderToResume=0)
  21.008 [com.apple.WebKit:Loading:4] 0x10c612b80 - [webProcessIdentifier=3] NetworkConnectionToWebProcess::resolveBlobReferences: (parentPID=11759, pageProxyID=4, webPageID=5, frameID=12884901905, resourceID=816)
  21.015 [com.apple.WebKit:Loading:4] 0x10c612b80 - [webProcessIdentifier=3] NetworkConnectionToWebProcess::scheduleResourceLoad: (parentPID=11759, pageProxyID=4, webPageID=5, frameID=12884901905, resourceID=819, existingLoaderToResume=0)
  21.015 [com.apple.WebKit:Loading:4] 0x10c612b80 - [webProcessIdentifier=3] NetworkConnectionToWebProcess::resolveBlobReferences: (parentPID=11759, pageProxyID=4, webPageID=5, frameID=12884901905, resourceID=819)
  21.087 [com.apple.WebKit:Loading:4] 0x10c612b80 - [webProcessIdentifier=3] NetworkConnectionToWebProcess::scheduleResourceLoad: (parentPID=11759, pageProxyID=4, webPageID=5, frameID=4294967297, resourceID=827, existingLoaderToResume=0)
  21.087 [com.apple.WebKit:Loading:4] 0x10c612b80 - [webProcessIdentifier=3] NetworkConnectionToWebProcess::resolveBlobReferences: (parentPID=11759, pageProxyID=4, webPageID=5, frameID=4294967297, resourceID=827)
  21.154 TIGER script: wait 3
  21.158 [com.apple.WebKit:Loading:4] 0x10c612b80 - [webProcessIdentifier=3] NetworkConnectionToWebProcess::scheduleResourceLoad: (parentPID=11759, pageProxyID=4, webPageID=5, frameID=12884901906, resourceID=835, existingLoaderToResume=0)
  21.158 [com.apple.WebKit:Loading:4] 0x10c612b80 - [webProcessIdentifier=3] NetworkConnectionToWebProcess::resolveBlobReferences: (parentPID=11759, pageProxyID=4, webPageID=5, frameID=12884901906, resourceID=835)
  21.433 [com.apple.WebKit:Loading:4] [pageID=5, frameID=12884901907] PolicyChecker::checkNavigationPolicy: continuing because this policyAction from dispatchDecidePolicyForNavigationAction is Use
  21.435 [com.apple.WebKit:Loading:4] 0x10c612b80 - [webProcessIdentifier=3] NetworkConnectionToWebProcess::scheduleResourceLoad: (parentPID=11759, pageProxyID=4, webPageID=5, frameID=12884901907, resourceID=857, existingLoaderToResume=0)
  21.435 [com.apple.WebKit:Loading:4] 0x10c612b80 - [webProcessIdentifier=3] NetworkConnectionToWebProcess::resolveBlobReferences: (parentPID=11759, pageProxyID=4, webPageID=5, frameID=12884901907, resourceID=857)
  21.478 [com.apple.WebKit:Loading:4] 0x10c612b80 - [webProcessIdentifier=3] NetworkConnectionToWebProcess::scheduleResourceLoad: (parentPID=11759, pageProxyID=4, webPageID=5, frameID=12884901902, resourceID=859, existingLoaderToResume=0)
  21.478 [com.apple.WebKit:Loading:4] 0x10c612b80 - [webProcessIdentifier=3] NetworkConnectionToWebProcess::resolveBlobReferences: (parentPID=11759, pageProxyID=4, webPageID=5, frameID=12884901902, resourceID=859)
  21.506 [com.apple.WebKit:Loading:4] 0x10c612b80 - [webProcessIdentifier=3] NetworkConnectionToWebProcess::scheduleResourceLoad: (parentPID=11759, pageProxyID=4, webPageID=5, frameID=4294967297, resourceID=862, existingLoaderToResume=0)
  21.506 [com.apple.WebKit:Loading:4] 0x10c612b80 - [webProcessIdentifier=3] NetworkConnectionToWebProcess::resolveBlobReferences: (parentPID=11759, pageProxyID=4, webPageID=5, frameID=4294967297, resourceID=862)
  21.523 [com.apple.WebKit:Loading:4] 0x10c612b80 - [webProcessIdentifier=3] NetworkConnectionToWebProcess::scheduleResourceLoad: (parentPID=11759, pageProxyID=4, webPageID=5, frameID=12884901904, resourceID=864, existingLoaderToResume=0)
  21.523 [com.apple.WebKit:Loading:4] 0x10c612b80 - [webProcessIdentifier=3] NetworkConnectionToWebProcess::resolveBlobReferences: (parentPID=11759, pageProxyID=4, webPageID=5, frameID=12884901904, resourceID=864)
  21.527 [com.apple.WebKit:Loading:4] [pageID=5, frameID=12884901907] PolicyChecker::checkNavigationPolicy: continuing because this policyAction from dispatchDecidePolicyForNavigationAction is Use
  21.779 [com.apple.WebKit:Loading:4] 0x10c612b80 - [webProcessIdentifier=3] NetworkConnectionToWebProcess::scheduleResourceLoad: (parentPID=11759, pageProxyID=4, webPageID=5, frameID=4294967297, resourceID=870, existingLoaderToResume=0)
  21.779 [com.apple.WebKit:Loading:4] 0x10c612b80 - [webProcessIdentifier=3] NetworkConnectionToWebProcess::resolveBlobReferences: (parentPID=11759, pageProxyID=4, webPageID=5, frameID=4294967297, resourceID=870)
  21.801 [com.apple.WebKit:Loading:4] 0x10c612b80 - [webProcessIdentifier=3] NetworkConnectionToWebProcess::scheduleResourceLoad: (parentPID=11759, pageProxyID=4, webPageID=5, frameID=4294967297, resourceID=874, existingLoaderToResume=0)
  21.801 [com.apple.WebKit:Loading:4] 0x10c612b80 - [webProcessIdentifier=3] NetworkConnectionToWebProcess::resolveBlobReferences: (parentPID=11759, pageProxyID=4, webPageID=5, frameID=4294967297, resourceID=874)
  21.825 [com.apple.WebKit:Loading:4] 0x10c612b80 - [webProcessIdentifier=3] NetworkConnectionToWebProcess::scheduleResourceLoad: (parentPID=11759, pageProxyID=4, webPageID=5, frameID=12884901905, resourceID=875, existingLoaderToResume=0)
  21.825 [com.apple.WebKit:Loading:4] 0x10c612b80 - [webProcessIdentifier=3] NetworkConnectionToWebProcess::resolveBlobReferences: (parentPID=11759, pageProxyID=4, webPageID=5, frameID=12884901905, resourceID=875)
  22.116 [com.apple.WebKit:Loading:4] 0x10c612b80 - [webProcessIdentifier=3] NetworkConnectionToWebProcess::scheduleResourceLoad: (parentPID=11759, pageProxyID=4, webPageID=5, frameID=4294967297, resourceID=902, existingLoaderToResume=0)
  22.116 [com.apple.WebKit:Loading:4] 0x10c612b80 - [webProcessIdentifier=3] NetworkConnectionToWebProcess::resolveBlobReferences: (parentPID=11759, pageProxyID=4, webPageID=5, frameID=4294967297, resourceID=902)
  22.145 [com.apple.WebKit:Loading:4] 0x10c612b80 - [webProcessIdentifier=3] NetworkConnectionToWebProcess::scheduleResourceLoad: (parentPID=11759, pageProxyID=4, webPageID=5, frameID=4294967297, resourceID=903, existingLoaderToResume=0)
  22.146 [com.apple.WebKit:Loading:4] 0x10c612b80 - [webProcessIdentifier=3] NetworkConnectionToWebProcess::resolveBlobReferences: (parentPID=11759, pageProxyID=4, webPageID=5, frameID=4294967297, resourceID=903)
  22.171 [com.apple.WebKit:Loading:4] 0x10c612b80 - [webProcessIdentifier=3] NetworkConnectionToWebProcess::scheduleResourceLoad: (parentPID=11759, pageProxyID=4, webPageID=5, frameID=4294967297, resourceID=910, existingLoaderToResume=0)
  22.171 [com.apple.WebKit:Loading:4] 0x10c612b80 - [webProcessIdentifier=3] NetworkConnectionToWebProcess::resolveBlobReferences: (parentPID=11759, pageProxyID=4, webPageID=5, frameID=4294967297, resourceID=910)
  22.174 [com.apple.WebKit:Loading:4] 0x10c612b80 - [webProcessIdentifier=3] NetworkConnectionToWebProcess::scheduleResourceLoad: (parentPID=11759, pageProxyID=4, webPageID=5, frameID=4294967297, resourceID=912, existingLoaderToResume=0)
  22.175 [com.apple.WebKit:Loading:4] 0x10c612b80 - [webProcessIdentifier=3] NetworkConnectionToWebProcess::resolveBlobReferences: (parentPID=11759, pageProxyID=4, webPageID=5, frameID=4294967297, resourceID=912)
  22.230 [com.apple.WebKit:Loading:4] 0x10c612b80 - [webProcessIdentifier=3] NetworkConnectionToWebProcess::scheduleResourceLoad: (parentPID=11759, pageProxyID=4, webPageID=5, frameID=4294967297, resourceID=913, existingLoaderToResume=0)
  22.230 [com.apple.WebKit:Loading:4] 0x10c612b80 - [webProcessIdentifier=3] NetworkConnectionToWebProcess::resolveBlobReferences: (parentPID=11759, pageProxyID=4, webPageID=5, frameID=4294967297, resourceID=913)
  22.452 [com.apple.WebKit:Loading:4] 0x10c612b80 - [webProcessIdentifier=3] NetworkConnectionToWebProcess::scheduleResourceLoad: (parentPID=11759, pageProxyID=4, webPageID=5, frameID=4294967297, resourceID=932, existingLoaderToResume=0)
  22.452 [com.apple.WebKit:Loading:4] 0x10c612b80 - [webProcessIdentifier=3] NetworkConnectionToWebProcess::resolveBlobReferences: (parentPID=11759, pageProxyID=4, webPageID=5, frameID=4294967297, resourceID=932)
  22.585 [com.apple.WebKit:Loading:4] [pageID=5, frameID=12884901908] PolicyChecker::checkNavigationPolicy: continuing because this policyAction from dispatchDecidePolicyForNavigationAction is Use
  22.586 [com.apple.WebKit:Loading:4] [pageID=5, frameID=12884901909] PolicyChecker::checkNavigationPolicy: continuing because this policyAction from dispatchDecidePolicyForNavigationAction is Use
  22.586 [com.apple.WebKit:Loading:4] 0x10c612b80 - [webProcessIdentifier=3] NetworkConnectionToWebProcess::scheduleResourceLoad: (parentPID=11759, pageProxyID=4, webPageID=5, frameID=12884901908, resourceID=944, existingLoaderToResume=0)
  22.586 [com.apple.WebKit:Loading:4] 0x10c612b80 - [webProcessIdentifier=3] NetworkConnectionToWebProcess::resolveBlobReferences: (parentPID=11759, pageProxyID=4, webPageID=5, frameID=12884901908, resourceID=944)
  22.588 [com.apple.WebKit:Loading:4] 0x10c612b80 - [webProcessIdentifier=3] NetworkConnectionToWebProcess::scheduleResourceLoad: (parentPID=11759, pageProxyID=4, webPageID=5, frameID=12884901909, resourceID=946, existingLoaderToResume=0)
  22.588 [com.apple.WebKit:Loading:4] 0x10c612b80 - [webProcessIdentifier=3] NetworkConnectionToWebProcess::resolveBlobReferences: (parentPID=11759, pageProxyID=4, webPageID=5, frameID=12884901909, resourceID=946)
  23.547 [com.apple.WebKit:Loading:4] 0x10c612b80 - [webProcessIdentifier=3] NetworkConnectionToWebProcess::scheduleResourceLoad: (parentPID=11759, pageProxyID=4, webPageID=5, frameID=4294967297, resourceID=976, existingLoaderToResume=0)
  23.547 [com.apple.WebKit:Loading:4] 0x10c612b80 - [webProcessIdentifier=3] NetworkConnectionToWebProcess::resolveBlobReferences: (parentPID=11759, pageProxyID=4, webPageID=5, frameID=4294967297, resourceID=976)
  23.548 [com.apple.WebKit:Loading:4] 0x10c612b80 - [webProcessIdentifier=3] NetworkConnectionToWebProcess::scheduleResourceLoad: (parentPID=11759, pageProxyID=4, webPageID=5, frameID=4294967297, resourceID=977, existingLoaderToResume=0)
  23.548 [com.apple.WebKit:Loading:4] 0x10c612b80 - [webProcessIdentifier=3] NetworkConnectionToWebProcess::resolveBlobReferences: (parentPID=11759, pageProxyID=4, webPageID=5, frameID=4294967297, resourceID=977)
  23.600 [com.apple.WebKit:Loading:4] [pageID=5, frameID=12884901910] PolicyChecker::checkNavigationPolicy: continuing because this is an initial empty document
  23.620 [com.apple.WebKit:Loading:4] [pageID=5, frameID=12884901911] PolicyChecker::checkNavigationPolicy: continuing because this is an initial empty document
  23.636 [com.apple.WebKit:Loading:4] 0x10c612b80 - [webProcessIdentifier=3] NetworkConnectionToWebProcess::scheduleResourceLoad: (parentPID=11759, pageProxyID=4, webPageID=5, frameID=12884901911, resourceID=1021, existingLoaderToResume=0)
  23.636 [com.apple.WebKit:Loading:4] 0x10c612b80 - [webProcessIdentifier=3] NetworkConnectionToWebProcess::resolveBlobReferences: (parentPID=11759, pageProxyID=4, webPageID=5, frameID=12884901911, resourceID=1021)
  23.638 [com.apple.WebKit:Loading:4] 0x10c612b80 - [webProcessIdentifier=3] NetworkConnectionToWebProcess::scheduleResourceLoad: (parentPID=11759, pageProxyID=4, webPageID=5, frameID=12884901911, resourceID=1023, existingLoaderToResume=0)
  23.638 [com.apple.WebKit:Loading:4] 0x10c612b80 - [webProcessIdentifier=3] NetworkConnectionToWebProcess::resolveBlobReferences: (parentPID=11759, pageProxyID=4, webPageID=5, frameID=12884901911, resourceID=1023)
  23.638 [com.apple.WebKit:Loading:4] 0x10c612b80 - [webProcessIdentifier=3] NetworkConnectionToWebProcess::scheduleResourceLoad: (parentPID=11759, pageProxyID=4, webPageID=5, frameID=12884901911, resourceID=1025, existingLoaderToResume=0)
  23.639 [com.apple.WebKit:Loading:4] 0x10c612b80 - [webProcessIdentifier=3] NetworkConnectionToWebProcess::resolveBlobReferences: (parentPID=11759, pageProxyID=4, webPageID=5, frameID=12884901911, resourceID=1025)
  23.690 [com.apple.WebKit:Loading:4] [pageID=5, frameID=12884901912] PolicyChecker::checkNavigationPolicy: continuing because this is an initial empty document
  23.702 [com.apple.WebKit:Loading:4] 0x10c612b80 - [webProcessIdentifier=3] NetworkConnectionToWebProcess::scheduleResourceLoad: (parentPID=11759, pageProxyID=4, webPageID=5, frameID=12884901912, resourceID=1039, existingLoaderToResume=0)
  23.702 [com.apple.WebKit:Loading:4] 0x10c612b80 - [webProcessIdentifier=3] NetworkConnectionToWebProcess::resolveBlobReferences: (parentPID=11759, pageProxyID=4, webPageID=5, frameID=12884901912, resourceID=1039)
  23.736 [com.apple.WebKit:Loading:4] 0x10c612b80 - [webProcessIdentifier=3] NetworkConnectionToWebProcess::scheduleResourceLoad: (parentPID=11759, pageProxyID=4, webPageID=5, frameID=12884901911, resourceID=1043, existingLoaderToResume=0)
  23.736 [com.apple.WebKit:Loading:4] 0x10c612b80 - [webProcessIdentifier=3] NetworkConnectionToWebProcess::resolveBlobReferences: (parentPID=11759, pageProxyID=4, webPageID=5, frameID=12884901911, resourceID=1043)
  24.154 TIGER script: scroll 0,-600
  24.239 [com.apple.WebKit:Loading:4] 0x10c612b80 - [webProcessIdentifier=3] NetworkConnectionToWebProcess::scheduleResourceLoad: (parentPID=11759, pageProxyID=4, webPageID=5, frameID=4294967297, resourceID=1051, existingLoaderToResume=0)
  24.239 [com.apple.WebKit:Loading:4] 0x10c612b80 - [webProcessIdentifier=3] NetworkConnectionToWebProcess::resolveBlobReferences: (parentPID=11759, pageProxyID=4, webPageID=5, frameID=4294967297, resourceID=1051)
  24.352 [com.apple.WebKit:Loading:4] 0x10c612b80 - [webProcessIdentifier=3] NetworkConnectionToWebProcess::scheduleResourceLoad: (parentPID=11759, pageProxyID=4, webPageID=5, frameID=4294967297, resourceID=1054, existingLoaderToResume=0)
  24.352 [com.apple.WebKit:Loading:4] 0x10c612b80 - [webProcessIdentifier=3] NetworkConnectionToWebProcess::resolveBlobReferences: (parentPID=11759, pageProxyID=4, webPageID=5, frameID=4294967297, resourceID=1054)
  24.435 [com.apple.WebKit:Loading:4] 0x10c612b80 - [webProcessIdentifier=3] NetworkConnectionToWebProcess::scheduleResourceLoad: (parentPID=11759, pageProxyID=4, webPageID=5, frameID=4294967297, resourceID=1055, existingLoaderToResume=0)
  24.435 [com.apple.WebKit:Loading:4] 0x10c612b80 - [webProcessIdentifier=3] NetworkConnectionToWebProcess::resolveBlobReferences: (parentPID=11759, pageProxyID=4, webPageID=5, frameID=4294967297, resourceID=1055)
  24.454 TIGER script: wait 3
  24.475 [com.apple.WebKit:Loading:4] 0x10c612b80 - [webProcessIdentifier=3] NetworkConnectionToWebProcess::scheduleResourceLoad: (parentPID=11759, pageProxyID=4, webPageID=5, frameID=4294967297, resourceID=1056, existingLoaderToResume=0)
  24.476 [com.apple.WebKit:Loading:4] 0x10c612b80 - [webProcessIdentifier=3] NetworkConnectionToWebProcess::resolveBlobReferences: (parentPID=11759, pageProxyID=4, webPageID=5, frameID=4294967297, resourceID=1056)
  24.476 [com.apple.WebKit:Loading:4] 0x10c612b80 - [webProcessIdentifier=3] NetworkConnectionToWebProcess::scheduleResourceLoad: (parentPID=11759, pageProxyID=4, webPageID=5, frameID=4294967297, resourceID=1057, existingLoaderToResume=0)
  24.476 [com.apple.WebKit:Loading:4] 0x10c612b80 - [webProcessIdentifier=3] NetworkConnectionToWebProcess::resolveBlobReferences: (parentPID=11759, pageProxyID=4, webPageID=5, frameID=4294967297, resourceID=1057)
  24.637 [com.apple.WebKit:Loading:4] [pageID=5, frameID=12884901913] PolicyChecker::checkNavigationPolicy: continuing because this is an initial empty document
  24.654 [com.apple.WebKit:Loading:4] [pageID=5, frameID=12884901914] PolicyChecker::checkNavigationPolicy: continuing because this is an initial empty document
  24.668 [com.apple.WebKit:Loading:4] 0x10c612b80 - [webProcessIdentifier=3] NetworkConnectionToWebProcess::scheduleResourceLoad: (parentPID=11759, pageProxyID=4, webPageID=5, frameID=12884901914, resourceID=1108, existingLoaderToResume=0)
  24.668 [com.apple.WebKit:Loading:4] 0x10c612b80 - [webProcessIdentifier=3] NetworkConnectionToWebProcess::resolveBlobReferences: (parentPID=11759, pageProxyID=4, webPageID=5, frameID=12884901914, resourceID=1108)
  24.810 [com.apple.WebKit:Loading:4] 0x10c612b80 - [webProcessIdentifier=3] NetworkConnectionToWebProcess::scheduleResourceLoad: (parentPID=11759, pageProxyID=4, webPageID=5, frameID=4294967297, resourceID=1113, existingLoaderToResume=0)
  24.810 [com.apple.WebKit:Loading:4] 0x10c612b80 - [webProcessIdentifier=3] NetworkConnectionToWebProcess::resolveBlobReferences: (parentPID=11759, pageProxyID=4, webPageID=5, frameID=4294967297, resourceID=1113)
  24.812 [com.apple.WebKit:Loading:4] 0x10c612b80 - [webProcessIdentifier=3] NetworkConnectionToWebProcess::scheduleResourceLoad: (parentPID=11759, pageProxyID=4, webPageID=5, frameID=4294967297, resourceID=1114, existingLoaderToResume=0)
  24.812 [com.apple.WebKit:Loading:4] 0x10c612b80 - [webProcessIdentifier=3] NetworkConnectionToWebProcess::resolveBlobReferences: (parentPID=11759, pageProxyID=4, webPageID=5, frameID=4294967297, resourceID=1114)
  24.812 [com.apple.WebKit:Loading:4] 0x10c612b80 - [webProcessIdentifier=3] NetworkConnectionToWebProcess::scheduleResourceLoad: (parentPID=11759, pageProxyID=4, webPageID=5, frameID=4294967297, resourceID=1115, existingLoaderToResume=0)
  24.812 [com.apple.WebKit:Loading:4] 0x10c612b80 - [webProcessIdentifier=3] NetworkConnectionToWebProcess::resolveBlobReferences: (parentPID=11759, pageProxyID=4, webPageID=5, frameID=4294967297, resourceID=1115)
  25.046 [com.apple.WebKit:Loading:4] [pageID=5, frameID=12884901915] PolicyChecker::checkNavigationPolicy: continuing because this is an initial empty document
  25.068 [com.apple.WebKit:Loading:4] 0x10c612b80 - [webProcessIdentifier=3] NetworkConnectionToWebProcess::scheduleResourceLoad: (parentPID=11759, pageProxyID=4, webPageID=5, frameID=12884901915, resourceID=1126, existingLoaderToResume=0)
  25.068 [com.apple.WebKit:Loading:4] 0x10c612b80 - [webProcessIdentifier=3] NetworkConnectionToWebProcess::resolveBlobReferences: (parentPID=11759, pageProxyID=4, webPageID=5, frameID=12884901915, resourceID=1126)
  25.074 [com.apple.WebKit:Loading:4] 0x10c612b80 - [webProcessIdentifier=3] NetworkConnectionToWebProcess::scheduleResourceLoad: (parentPID=11759, pageProxyID=4, webPageID=5, frameID=12884901915, resourceID=1128, existingLoaderToResume=0)
  25.074 [com.apple.WebKit:Loading:4] 0x10c612b80 - [webProcessIdentifier=3] NetworkConnectionToWebProcess::resolveBlobReferences: (parentPID=11759, pageProxyID=4, webPageID=5, frameID=12884901915, resourceID=1128)
  25.077 [com.apple.WebKit:Loading:4] 0x10c612b80 - [webProcessIdentifier=3] NetworkConnectionToWebProcess::scheduleResourceLoad: (parentPID=11759, pageProxyID=4, webPageID=5, frameID=12884901915, resourceID=1131, existingLoaderToResume=0)
  25.077 [com.apple.WebKit:Loading:4] 0x10c612b80 - [webProcessIdentifier=3] NetworkConnectionToWebProcess::resolveBlobReferences: (parentPID=11759, pageProxyID=4, webPageID=5, frameID=12884901915, resourceID=1131)
  25.077 [com.apple.WebKit:Loading:4] 0x10c612b80 - [webProcessIdentifier=3] NetworkConnectionToWebProcess::scheduleResourceLoad: (parentPID=11759, pageProxyID=4, webPageID=5, frameID=12884901915, resourceID=1133, existingLoaderToResume=0)
  25.077 [com.apple.WebKit:Loading:4] 0x10c612b80 - [webProcessIdentifier=3] NetworkConnectionToWebProcess::resolveBlobReferences: (parentPID=11759, pageProxyID=4, webPageID=5, frameID=12884901915, resourceID=1133)
  25.096 [com.apple.WebKit:Loading:4] [pageID=5, frameID=12884901916] PolicyChecker::checkNavigationPolicy: continuing because this is an initial empty document
  25.139 [com.apple.WebKit:Loading:4] 0x10c612b80 - [webProcessIdentifier=3] NetworkConnectionToWebProcess::scheduleResourceLoad: (parentPID=11759, pageProxyID=4, webPageID=5, frameID=4294967297, resourceID=1147, existingLoaderToResume=0)
  25.139 [com.apple.WebKit:Loading:4] 0x10c612b80 - [webProcessIdentifier=3] NetworkConnectionToWebProcess::resolveBlobReferences: (parentPID=11759, pageProxyID=4, webPageID=5, frameID=4294967297, resourceID=1147)
  25.381 [com.apple.WebKit:Loading:4] 0x10c612b80 - [webProcessIdentifier=3] NetworkConnectionToWebProcess::scheduleResourceLoad: (parentPID=11759, pageProxyID=4, webPageID=5, frameID=4294967297, resourceID=1149, existingLoaderToResume=0)
  25.382 [com.apple.WebKit:Loading:4] 0x10c612b80 - [webProcessIdentifier=3] NetworkConnectionToWebProcess::resolveBlobReferences: (parentPID=11759, pageProxyID=4, webPageID=5, frameID=4294967297, resourceID=1149)
  25.391 [com.apple.WebKit:Loading:4] 0x10c612b80 - [webProcessIdentifier=3] NetworkConnectionToWebProcess::scheduleResourceLoad: (parentPID=11759, pageProxyID=4, webPageID=5, frameID=12884901915, resourceID=1151, existingLoaderToResume=0)
  25.391 [com.apple.WebKit:Loading:4] 0x10c612b80 - [webProcessIdentifier=3] NetworkConnectionToWebProcess::resolveBlobReferences: (parentPID=11759, pageProxyID=4, webPageID=5, frameID=12884901915, resourceID=1151)
  25.410 [com.apple.WebKit:Loading:4] 0x10c612b80 - [webProcessIdentifier=3] NetworkConnectionToWebProcess::scheduleResourceLoad: (parentPID=11759, pageProxyID=4, webPageID=5, frameID=12884901911, resourceID=1154, existingLoaderToResume=0)
  25.410 [com.apple.WebKit:Loading:4] 0x10c612b80 - [webProcessIdentifier=3] NetworkConnectionToWebProcess::resolveBlobReferences: (parentPID=11759, pageProxyID=4, webPageID=5, frameID=12884901911, resourceID=1154)
  25.411 [com.apple.WebKit:Loading:4] 0x10c612b80 - [webProcessIdentifier=3] NetworkConnectionToWebProcess::scheduleResourceLoad: (parentPID=11759, pageProxyID=4, webPageID=5, frameID=12884901911, resourceID=1156, existingLoaderToResume=0)
  25.411 [com.apple.WebKit:Loading:4] 0x10c612b80 - [webProcessIdentifier=3] NetworkConnectionToWebProcess::resolveBlobReferences: (parentPID=11759, pageProxyID=4, webPageID=5, frameID=12884901911, resourceID=1156)
  25.414 [com.apple.WebKit:Loading:4] 0x10c612b80 - [webProcessIdentifier=3] NetworkConnectionToWebProcess::scheduleResourceLoad: (parentPID=11759, pageProxyID=4, webPageID=5, frameID=12884901911, resourceID=1158, existingLoaderToResume=0)
  25.414 [com.apple.WebKit:Loading:4] 0x10c612b80 - [webProcessIdentifier=3] NetworkConnectionToWebProcess::resolveBlobReferences: (parentPID=11759, pageProxyID=4, webPageID=5, frameID=12884901911, resourceID=1158)
  25.774 [com.apple.WebKit:Loading:4] 0x10c612b80 - [webProcessIdentifier=3] NetworkConnectionToWebProcess::scheduleResourceLoad: (parentPID=11759, pageProxyID=4, webPageID=5, frameID=12884901914, resourceID=1164, existingLoaderToResume=0)
  25.775 [com.apple.WebKit:Loading:4] 0x10c612b80 - [webProcessIdentifier=3] NetworkConnectionToWebProcess::resolveBlobReferences: (parentPID=11759, pageProxyID=4, webPageID=5, frameID=12884901914, resourceID=1164)
  26.298 [com.apple.WebKit:Loading:4] [pageID=5, frameID=12884901917] PolicyChecker::checkNavigationPolicy: continuing because this is an initial empty document
  26.312 [com.apple.WebKit:Loading:4] 0x10c612b80 - [webProcessIdentifier=3] NetworkConnectionToWebProcess::scheduleResourceLoad: (parentPID=11759, pageProxyID=4, webPageID=5, frameID=12884901917, resourceID=1183, existingLoaderToResume=0)
  26.313 [com.apple.WebKit:Loading:4] 0x10c612b80 - [webProcessIdentifier=3] NetworkConnectionToWebProcess::resolveBlobReferences: (parentPID=11759, pageProxyID=4, webPageID=5, frameID=12884901917, resourceID=1183)
  26.317 [com.apple.WebKit:Loading:4] 0x10c612b80 - [webProcessIdentifier=3] NetworkConnectionToWebProcess::scheduleResourceLoad: (parentPID=11759, pageProxyID=4, webPageID=5, frameID=12884901917, resourceID=1185, existingLoaderToResume=0)
  26.317 [com.apple.WebKit:Loading:4] 0x10c612b80 - [webProcessIdentifier=3] NetworkConnectionToWebProcess::resolveBlobReferences: (parentPID=11759, pageProxyID=4, webPageID=5, frameID=12884901917, resourceID=1185)
  26.319 [com.apple.WebKit:Loading:4] 0x10c612b80 - [webProcessIdentifier=3] NetworkConnectionToWebProcess::scheduleResourceLoad: (parentPID=11759, pageProxyID=4, webPageID=5, frameID=12884901917, resourceID=1188, existingLoaderToResume=0)
  26.319 [com.apple.WebKit:Loading:4] 0x10c612b80 - [webProcessIdentifier=3] NetworkConnectionToWebProcess::resolveBlobReferences: (parentPID=11759, pageProxyID=4, webPageID=5, frameID=12884901917, resourceID=1188)
  26.337 [com.apple.WebKit:Loading:4] [pageID=5, frameID=12884901918] PolicyChecker::checkNavigationPolicy: continuing because this is an initial empty document
  26.402 [com.apple.WebKit:Loading:4] [pageID=5, frameID=12884901919] PolicyChecker::checkNavigationPolicy: continuing because this is an initial empty document
  26.415 [com.apple.WebKit:Loading:4] [pageID=5, frameID=12884901920] PolicyChecker::checkNavigationPolicy: continuing because this is an initial empty document
  26.434 [com.apple.WebKit:Loading:4] 0x10c612b80 - [webProcessIdentifier=3] NetworkConnectionToWebProcess::scheduleResourceLoad: (parentPID=11759, pageProxyID=4, webPageID=5, frameID=4294967297, resourceID=1228, existingLoaderToResume=0)
  26.434 [com.apple.WebKit:Loading:4] 0x10c612b80 - [webProcessIdentifier=3] NetworkConnectionToWebProcess::resolveBlobReferences: (parentPID=11759, pageProxyID=4, webPageID=5, frameID=4294967297, resourceID=1228)
  26.517 [com.apple.WebKit:Loading:4] 0x10c612b80 - [webProcessIdentifier=3] NetworkConnectionToWebProcess::scheduleResourceLoad: (parentPID=11759, pageProxyID=4, webPageID=5, frameID=4294967297, resourceID=1229, existingLoaderToResume=0)
  26.517 [com.apple.WebKit:Loading:4] 0x10c612b80 - [webProcessIdentifier=3] NetworkConnectionToWebProcess::resolveBlobReferences: (parentPID=11759, pageProxyID=4, webPageID=5, frameID=4294967297, resourceID=1229)
  26.526 [com.apple.WebKit:Loading:4] 0x10c612b80 - [webProcessIdentifier=3] NetworkConnectionToWebProcess::scheduleResourceLoad: (parentPID=11759, pageProxyID=4, webPageID=5, frameID=4294967297, resourceID=1230, existingLoaderToResume=0)
  26.526 [com.apple.WebKit:Loading:4] 0x10c612b80 - [webProcessIdentifier=3] NetworkConnectionToWebProcess::resolveBlobReferences: (parentPID=11759, pageProxyID=4, webPageID=5, frameID=4294967297, resourceID=1230)
  26.923 [com.apple.WebKit:Loading:4] 0x10c612b80 - [webProcessIdentifier=3] NetworkConnectionToWebProcess::scheduleResourceLoad: (parentPID=11759, pageProxyID=4, webPageID=5, frameID=4294967297, resourceID=1231, existingLoaderToResume=0)
  26.923 [com.apple.WebKit:Loading:4] 0x10c612b80 - [webProcessIdentifier=3] NetworkConnectionToWebProcess::resolveBlobReferences: (parentPID=11759, pageProxyID=4, webPageID=5, frameID=4294967297, resourceID=1231)
  26.930 [com.apple.WebKit:Loading:4] 0x10c612b80 - [webProcessIdentifier=3] NetworkConnectionToWebProcess::scheduleResourceLoad: (parentPID=11759, pageProxyID=4, webPageID=5, frameID=4294967297, resourceID=1232, existingLoaderToResume=0)
  26.930 [com.apple.WebKit:Loading:4] 0x10c612b80 - [webProcessIdentifier=3] NetworkConnectionToWebProcess::resolveBlobReferences: (parentPID=11759, pageProxyID=4, webPageID=5, frameID=4294967297, resourceID=1232)
  26.937 [com.apple.WebKit:Loading:4] 0x10c612b80 - [webProcessIdentifier=3] NetworkConnectionToWebProcess::scheduleResourceLoad: (parentPID=11759, pageProxyID=4, webPageID=5, frameID=4294967297, resourceID=1233, existingLoaderToResume=0)
  26.937 [com.apple.WebKit:Loading:4] 0x10c612b80 - [webProcessIdentifier=3] NetworkConnectionToWebProcess::resolveBlobReferences: (parentPID=11759, pageProxyID=4, webPageID=5, frameID=4294967297, resourceID=1233)
  26.949 [com.apple.WebKit:Loading:4] 0x10c612b80 - [webProcessIdentifier=3] NetworkConnectionToWebProcess::scheduleResourceLoad: (parentPID=11759, pageProxyID=4, webPageID=5, frameID=4294967297, resourceID=1234, existingLoaderToResume=0)
  26.949 [com.apple.WebKit:Loading:4] 0x10c612b80 - [webProcessIdentifier=3] NetworkConnectionToWebProcess::resolveBlobReferences: (parentPID=11759, pageProxyID=4, webPageID=5, frameID=4294967297, resourceID=1234)
  26.970 [com.apple.WebKit:Loading:4] 0x10c612b80 - [webProcessIdentifier=3] NetworkConnectionToWebProcess::scheduleResourceLoad: (parentPID=11759, pageProxyID=4, webPageID=5, frameID=4294967297, resourceID=1235, existingLoaderToResume=0)
  26.970 [com.apple.WebKit:Loading:4] 0x10c612b80 - [webProcessIdentifier=3] NetworkConnectionToWebProcess::resolveBlobReferences: (parentPID=11759, pageProxyID=4, webPageID=5, frameID=4294967297, resourceID=1235)
  26.994 [com.apple.WebKit:Loading:4] 0x10c612b80 - [webProcessIdentifier=3] NetworkConnectionToWebProcess::scheduleResourceLoad: (parentPID=11759, pageProxyID=4, webPageID=5, frameID=4294967297, resourceID=1236, existingLoaderToResume=0)
  26.994 [com.apple.WebKit:Loading:4] 0x10c612b80 - [webProcessIdentifier=3] NetworkConnectionToWebProcess::resolveBlobReferences: (parentPID=11759, pageProxyID=4, webPageID=5, frameID=4294967297, resourceID=1236)
  26.994 [com.apple.WebKit:Loading:4] 0x10c612b80 - [webProcessIdentifier=3] NetworkConnectionToWebProcess::scheduleResourceLoad: (parentPID=11759, pageProxyID=4, webPageID=5, frameID=4294967297, resourceID=1237, existingLoaderToResume=0)
  26.995 [com.apple.WebKit:Loading:4] 0x10c612b80 - [webProcessIdentifier=3] NetworkConnectionToWebProcess::resolveBlobReferences: (parentPID=11759, pageProxyID=4, webPageID=5, frameID=4294967297, resourceID=1237)
  27.008 [com.apple.WebKit:Loading:4] 0x10c612b80 - [webProcessIdentifier=3] NetworkConnectionToWebProcess::scheduleResourceLoad: (parentPID=11759, pageProxyID=4, webPageID=5, frameID=4294967297, resourceID=1238, existingLoaderToResume=0)
  27.008 [com.apple.WebKit:Loading:4] 0x10c612b80 - [webProcessIdentifier=3] NetworkConnectionToWebProcess::resolveBlobReferences: (parentPID=11759, pageProxyID=4, webPageID=5, frameID=4294967297, resourceID=1238)
  27.016 [com.apple.WebKit:Loading:4] 0x10c612b80 - [webProcessIdentifier=3] NetworkConnectionToWebProcess::scheduleResourceLoad: (parentPID=11759, pageProxyID=4, webPageID=5, frameID=4294967297, resourceID=1239, existingLoaderToResume=0)
  27.016 [com.apple.WebKit:Loading:4] 0x10c612b80 - [webProcessIdentifier=3] NetworkConnectionToWebProcess::resolveBlobReferences: (parentPID=11759, pageProxyID=4, webPageID=5, frameID=4294967297, resourceID=1239)
  27.026 [com.apple.WebKit:Loading:4] 0x10c612b80 - [webProcessIdentifier=3] NetworkConnectionToWebProcess::scheduleResourceLoad: (parentPID=11759, pageProxyID=4, webPageID=5, frameID=4294967297, resourceID=1240, existingLoaderToResume=0)
  27.027 [com.apple.WebKit:Loading:4] 0x10c612b80 - [webProcessIdentifier=3] NetworkConnectionToWebProcess::resolveBlobReferences: (parentPID=11759, pageProxyID=4, webPageID=5, frameID=4294967297, resourceID=1240)
  27.041 [com.apple.WebKit:Loading:4] 0x10c612b80 - [webProcessIdentifier=3] NetworkConnectionToWebProcess::scheduleResourceLoad: (parentPID=11759, pageProxyID=4, webPageID=5, frameID=4294967297, resourceID=1241, existingLoaderToResume=0)
  27.041 [com.apple.WebKit:Loading:4] 0x10c612b80 - [webProcessIdentifier=3] NetworkConnectionToWebProcess::resolveBlobReferences: (parentPID=11759, pageProxyID=4, webPageID=5, frameID=4294967297, resourceID=1241)
  27.047 [com.apple.WebKit:Loading:4] 0x10c612b80 - [webProcessIdentifier=3] NetworkConnectionToWebProcess::scheduleResourceLoad: (parentPID=11759, pageProxyID=4, webPageID=5, frameID=4294967297, resourceID=1242, existingLoaderToResume=0)
  27.047 [com.apple.WebKit:Loading:4] 0x10c612b80 - [webProcessIdentifier=3] NetworkConnectionToWebProcess::resolveBlobReferences: (parentPID=11759, pageProxyID=4, webPageID=5, frameID=4294967297, resourceID=1242)
  27.114 [com.apple.WebKit:Layout:4] [webFrameID=4294967297, webPageID=5] WebLocalFrameLoaderClient::dispatchDidReachLayoutMilestone: dispatching DidReachLayoutMilestone (milestones=DidFirstMeaningfulPaint)
  27.147 [com.apple.WebKit:Loading:4] 0x10c612b80 - [webProcessIdentifier=3] NetworkConnectionToWebProcess::scheduleResourceLoad: (parentPID=11759, pageProxyID=4, webPageID=5, frameID=4294967297, resourceID=1266, existingLoaderToResume=0)
  27.147 [com.apple.WebKit:Loading:4] 0x10c612b80 - [webProcessIdentifier=3] NetworkConnectionToWebProcess::resolveBlobReferences: (parentPID=11759, pageProxyID=4, webPageID=5, frameID=4294967297, resourceID=1266)
  27.149 [com.apple.WebKit:Loading:4] 0x10c612b80 - [webProcessIdentifier=3] NetworkConnectionToWebProcess::scheduleResourceLoad: (parentPID=11759, pageProxyID=4, webPageID=5, frameID=12884901915, resourceID=1267, existingLoaderToResume=0)
  27.149 [com.apple.WebKit:Loading:4] 0x10c612b80 - [webProcessIdentifier=3] NetworkConnectionToWebProcess::resolveBlobReferences: (parentPID=11759, pageProxyID=4, webPageID=5, frameID=12884901915, resourceID=1267)
  27.265 [com.apple.WebKit:Loading:4] 0x10c612b80 - [webProcessIdentifier=3] NetworkConnectionToWebProcess::scheduleResourceLoad: (parentPID=11759, pageProxyID=4, webPageID=5, frameID=12884901915, resourceID=1270, existingLoaderToResume=0)
  27.265 [com.apple.WebKit:Loading:4] 0x10c612b80 - [webProcessIdentifier=3] NetworkConnectionToWebProcess::resolveBlobReferences: (parentPID=11759, pageProxyID=4, webPageID=5, frameID=12884901915, resourceID=1270)
  27.455 TIGER script: scroll 0,-600
  27.634 [com.apple.WebKit:Loading:4] 0x10c612b80 - [webProcessIdentifier=3] NetworkConnectionToWebProcess::scheduleResourceLoad: (parentPID=11759, pageProxyID=4, webPageID=5, frameID=12884901915, resourceID=1292, existingLoaderToResume=0)
  27.634 [com.apple.WebKit:Loading:4] 0x10c612b80 - [webProcessIdentifier=3] NetworkConnectionToWebProcess::resolveBlobReferences: (parentPID=11759, pageProxyID=4, webPageID=5, frameID=12884901915, resourceID=1292)
  27.645 [com.apple.WebKit:Loading:4] [pageID=5, frameID=12884901921] PolicyChecker::checkNavigationPolicy: continuing because this is an initial empty document
  27.658 [com.apple.WebKit:Loading:4] 0x10c612b80 - [webProcessIdentifier=3] NetworkConnectionToWebProcess::scheduleResourceLoad: (parentPID=11759, pageProxyID=4, webPageID=5, frameID=12884901921, resourceID=1304, existingLoaderToResume=0)
  27.658 [com.apple.WebKit:Loading:4] 0x10c612b80 - [webProcessIdentifier=3] NetworkConnectionToWebProcess::resolveBlobReferences: (parentPID=11759, pageProxyID=4, webPageID=5, frameID=12884901921, resourceID=1304)
  27.660 [com.apple.WebKit:Loading:4] 0x10c612b80 - [webProcessIdentifier=3] NetworkConnectionToWebProcess::scheduleResourceLoad: (parentPID=11759, pageProxyID=4, webPageID=5, frameID=12884901915, resourceID=1306, existingLoaderToResume=0)
  27.660 [com.apple.WebKit:Loading:4] 0x10c612b80 - [webProcessIdentifier=3] NetworkConnectionToWebProcess::resolveBlobReferences: (parentPID=11759, pageProxyID=4, webPageID=5, frameID=12884901915, resourceID=1306)
  27.757 TIGER script: wait 3
  27.786 [com.apple.WebKit:Loading:4] [pageID=5, frameID=12884901922] PolicyChecker::checkNavigationPolicy: continuing because this is an initial empty document
  27.799 [com.apple.WebKit:Loading:4] [pageID=5, frameID=12884901923] PolicyChecker::checkNavigationPolicy: continuing because this is an initial empty document
  27.835 [com.apple.WebKit:Loading:4] 0x10c612b80 - [webProcessIdentifier=3] NetworkConnectionToWebProcess::scheduleResourceLoad: (parentPID=11759, pageProxyID=4, webPageID=5, frameID=12884901917, resourceID=1341, existingLoaderToResume=0)
  27.835 [com.apple.WebKit:Loading:4] 0x10c612b80 - [webProcessIdentifier=3] NetworkConnectionToWebProcess::resolveBlobReferences: (parentPID=11759, pageProxyID=4, webPageID=5, frameID=12884901917, resourceID=1341)
  27.837 [com.apple.WebKit:Loading:4] 0x10c612b80 - [webProcessIdentifier=3] NetworkConnectionToWebProcess::scheduleResourceLoad: (parentPID=11759, pageProxyID=4, webPageID=5, frameID=12884901917, resourceID=1343, existingLoaderToResume=0)
  27.837 [com.apple.WebKit:Loading:4] 0x10c612b80 - [webProcessIdentifier=3] NetworkConnectionToWebProcess::resolveBlobReferences: (parentPID=11759, pageProxyID=4, webPageID=5, frameID=12884901917, resourceID=1343)
  27.930 [com.apple.WebKit:Loading:4] 0x10c612b80 - [webProcessIdentifier=3] NetworkConnectionToWebProcess::scheduleResourceLoad: (parentPID=11759, pageProxyID=4, webPageID=5, frameID=12884901920, resourceID=1350, existingLoaderToResume=0)
  27.930 [com.apple.WebKit:Loading:4] 0x10c612b80 - [webProcessIdentifier=3] NetworkConnectionToWebProcess::resolveBlobReferences: (parentPID=11759, pageProxyID=4, webPageID=5, frameID=12884901920, resourceID=1350)
  28.264 [com.apple.WebKit:Loading:4] 0x10c612b80 - [webProcessIdentifier=3] NetworkConnectionToWebProcess::scheduleResourceLoad: (parentPID=11759, pageProxyID=4, webPageID=5, frameID=12884901917, resourceID=1378, existingLoaderToResume=0)
  28.264 [com.apple.WebKit:Loading:4] 0x10c612b80 - [webProcessIdentifier=3] NetworkConnectionToWebProcess::resolveBlobReferences: (parentPID=11759, pageProxyID=4, webPageID=5, frameID=12884901917, resourceID=1378)
  28.270 [com.apple.WebKit:Loading:4] [pageID=5, frameID=12884901924] PolicyChecker::checkNavigationPolicy: continuing because this is an initial empty document
  28.284 [com.apple.WebKit:Loading:4] 0x10c612b80 - [webProcessIdentifier=3] NetworkConnectionToWebProcess::scheduleResourceLoad: (parentPID=11759, pageProxyID=4, webPageID=5, frameID=12884901917, resourceID=1392, existingLoaderToResume=0)
  28.284 [com.apple.WebKit:Loading:4] 0x10c612b80 - [webProcessIdentifier=3] NetworkConnectionToWebProcess::resolveBlobReferences: (parentPID=11759, pageProxyID=4, webPageID=5, frameID=12884901917, resourceID=1392)
  28.445 [com.apple.WebKit:Loading:4] 0x10c612b80 - [webProcessIdentifier=3] NetworkConnectionToWebProcess::scheduleResourceLoad: (parentPID=11759, pageProxyID=4, webPageID=5, frameID=12884901917, resourceID=1396, existingLoaderToResume=0)
  28.445 [com.apple.WebKit:Loading:4] 0x10c612b80 - [webProcessIdentifier=3] NetworkConnectionToWebProcess::resolveBlobReferences: (parentPID=11759, pageProxyID=4, webPageID=5, frameID=12884901917, resourceID=1396)
  28.633 [com.apple.WebKit:Loading:4] 0x10c612b80 - [webProcessIdentifier=3] NetworkConnectionToWebProcess::scheduleResourceLoad: (parentPID=11759, pageProxyID=4, webPageID=5, frameID=12884901917, resourceID=1397, existingLoaderToResume=0)
  28.633 [com.apple.WebKit:Loading:4] 0x10c612b80 - [webProcessIdentifier=3] NetworkConnectionToWebProcess::resolveBlobReferences: (parentPID=11759, pageProxyID=4, webPageID=5, frameID=12884901917, resourceID=1397)
  28.695 [com.apple.WebKit:Loading:4] 0x10c612b80 - [webProcessIdentifier=3] NetworkConnectionToWebProcess::scheduleResourceLoad: (parentPID=11759, pageProxyID=4, webPageID=5, frameID=4294967297, resourceID=1400, existingLoaderToResume=0)
  28.695 [com.apple.WebKit:Loading:4] 0x10c612b80 - [webProcessIdentifier=3] NetworkConnectionToWebProcess::resolveBlobReferences: (parentPID=11759, pageProxyID=4, webPageID=5, frameID=4294967297, resourceID=1400)
  29.169 [com.apple.WebKit:Loading:4] 0x10c612b80 - [webProcessIdentifier=3] NetworkConnectionToWebProcess::scheduleResourceLoad: (parentPID=11759, pageProxyID=4, webPageID=5, frameID=12884901915, resourceID=1405, existingLoaderToResume=0)
  29.169 [com.apple.WebKit:Loading:4] 0x10c612b80 - [webProcessIdentifier=3] NetworkConnectionToWebProcess::resolveBlobReferences: (parentPID=11759, pageProxyID=4, webPageID=5, frameID=12884901915, resourceID=1405)
  29.184 [com.apple.WebKit:Loading:4] 0x10c612b80 - [webProcessIdentifier=3] NetworkConnectionToWebProcess::scheduleResourceLoad: (parentPID=11759, pageProxyID=4, webPageID=5, frameID=12884901915, resourceID=1411, existingLoaderToResume=0)
  29.184 [com.apple.WebKit:Loading:4] 0x10c612b80 - [webProcessIdentifier=3] NetworkConnectionToWebProcess::resolveBlobReferences: (parentPID=11759, pageProxyID=4, webPageID=5, frameID=12884901915, resourceID=1411)
  29.194 [com.apple.WebKit:Loading:4] [pageID=5, frameID=12884901925] PolicyChecker::checkNavigationPolicy: continuing because this policyAction from dispatchDecidePolicyForNavigationAction is Use
  29.197 [com.apple.WebKit:Loading:4] 0x10c612b80 - [webProcessIdentifier=3] NetworkConnectionToWebProcess::scheduleResourceLoad: (parentPID=11759, pageProxyID=4, webPageID=5, frameID=12884901925, resourceID=1417, existingLoaderToResume=0)
  29.197 [com.apple.WebKit:Loading:4] 0x10c612b80 - [webProcessIdentifier=3] NetworkConnectionToWebProcess::resolveBlobReferences: (parentPID=11759, pageProxyID=4, webPageID=5, frameID=12884901925, resourceID=1417)
  29.265 [com.apple.WebKit:Loading:4] 0x10c612b80 - [webProcessIdentifier=3] NetworkConnectionToWebProcess::scheduleResourceLoad: (parentPID=11759, pageProxyID=4, webPageID=5, frameID=12884901911, resourceID=1419, existingLoaderToResume=0)
  29.265 [com.apple.WebKit:Loading:4] 0x10c612b80 - [webProcessIdentifier=3] NetworkConnectionToWebProcess::resolveBlobReferences: (parentPID=11759, pageProxyID=4, webPageID=5, frameID=12884901911, resourceID=1419)
  29.377 [com.apple.WebKit:Loading:4] 0x10c612b80 - [webProcessIdentifier=3] NetworkConnectionToWebProcess::scheduleResourceLoad: (parentPID=11759, pageProxyID=4, webPageID=5, frameID=12884901925, resourceID=1454, existingLoaderToResume=0)
  29.377 [com.apple.WebKit:Loading:4] 0x10c612b80 - [webProcessIdentifier=3] NetworkConnectionToWebProcess::resolveBlobReferences: (parentPID=11759, pageProxyID=4, webPageID=5, frameID=12884901925, resourceID=1454)
  29.428 [com.apple.WebKit:Loading:4] 0x10c612b80 - [webProcessIdentifier=3] NetworkConnectionToWebProcess::scheduleResourceLoad: (parentPID=11759, pageProxyID=4, webPageID=5, frameID=12884901915, resourceID=1456, existingLoaderToResume=0)
  29.428 [com.apple.WebKit:Loading:4] 0x10c612b80 - [webProcessIdentifier=3] NetworkConnectionToWebProcess::resolveBlobReferences: (parentPID=11759, pageProxyID=4, webPageID=5, frameID=12884901915, resourceID=1456)
  29.560 [com.apple.WebKit:Loading:4] 0x10c612b80 - [webProcessIdentifier=3] NetworkConnectionToWebProcess::scheduleResourceLoad: (parentPID=11759, pageProxyID=4, webPageID=5, frameID=12884901915, resourceID=1459, existingLoaderToResume=0)
  29.560 [com.apple.WebKit:Loading:4] 0x10c612b80 - [webProcessIdentifier=3] NetworkConnectionToWebProcess::resolveBlobReferences: (parentPID=11759, pageProxyID=4, webPageID=5, frameID=12884901915, resourceID=1459)
  29.655 [com.apple.WebKit:Loading:4] 0x10c612b80 - [webProcessIdentifier=3] NetworkConnectionToWebProcess::scheduleResourceLoad: (parentPID=11759, pageProxyID=4, webPageID=5, frameID=4294967297, resourceID=1461, existingLoaderToResume=0)
  29.655 [com.apple.WebKit:Loading:4] 0x10c612b80 - [webProcessIdentifier=3] NetworkConnectionToWebProcess::resolveBlobReferences: (parentPID=11759, pageProxyID=4, webPageID=5, frameID=4294967297, resourceID=1461)
  29.863 [com.apple.WebKit:Loading:4] 0x10c612b80 - [webProcessIdentifier=3] NetworkConnectionToWebProcess::scheduleResourceLoad: (parentPID=11759, pageProxyID=4, webPageID=5, frameID=12884901923, resourceID=1483, existingLoaderToResume=0)
  29.863 [com.apple.WebKit:Loading:4] 0x10c612b80 - [webProcessIdentifier=3] NetworkConnectionToWebProcess::resolveBlobReferences: (parentPID=11759, pageProxyID=4, webPageID=5, frameID=12884901923, resourceID=1483)
  29.939 [com.apple.WebKit:Loading:4] 0x10c612b80 - [webProcessIdentifier=3] NetworkConnectionToWebProcess::scheduleResourceLoad: (parentPID=11759, pageProxyID=4, webPageID=5, frameID=4294967297, resourceID=1522, existingLoaderToResume=0)
  29.939 [com.apple.WebKit:Loading:4] 0x10c612b80 - [webProcessIdentifier=3] NetworkConnectionToWebProcess::resolveBlobReferences: (parentPID=11759, pageProxyID=4, webPageID=5, frameID=4294967297, resourceID=1522)
  29.941 [com.apple.WebKit:Loading:4] 0x10c612b80 - [webProcessIdentifier=3] NetworkConnectionToWebProcess::scheduleResourceLoad: (parentPID=11759, pageProxyID=4, webPageID=5, frameID=4294967297, resourceID=1523, existingLoaderToResume=0)
  29.941 [com.apple.WebKit:Loading:4] 0x10c612b80 - [webProcessIdentifier=3] NetworkConnectionToWebProcess::resolveBlobReferences: (parentPID=11759, pageProxyID=4, webPageID=5, frameID=4294967297, resourceID=1523)
  29.968 [com.apple.WebKit:Loading:4] 0x10c612b80 - [webProcessIdentifier=3] NetworkConnectionToWebProcess::scheduleResourceLoad: (parentPID=11759, pageProxyID=4, webPageID=5, frameID=12884901917, resourceID=1525, existingLoaderToResume=0)
  29.968 [com.apple.WebKit:Loading:4] 0x10c612b80 - [webProcessIdentifier=3] NetworkConnectionToWebProcess::resolveBlobReferences: (parentPID=11759, pageProxyID=4, webPageID=5, frameID=12884901917, resourceID=1525)
  29.977 [com.apple.WebKit:Loading:4] 0x10c612b80 - [webProcessIdentifier=3] NetworkConnectionToWebProcess::scheduleResourceLoad: (parentPID=11759, pageProxyID=4, webPageID=5, frameID=12884901917, resourceID=1531, existingLoaderToResume=0)
  29.977 [com.apple.WebKit:Loading:4] 0x10c612b80 - [webProcessIdentifier=3] NetworkConnectionToWebProcess::resolveBlobReferences: (parentPID=11759, pageProxyID=4, webPageID=5, frameID=12884901917, resourceID=1531)
  29.984 [com.apple.WebKit:Loading:4] [pageID=5, frameID=12884901926] PolicyChecker::checkNavigationPolicy: continuing because this policyAction from dispatchDecidePolicyForNavigationAction is Use
  29.987 [com.apple.WebKit:Loading:4] 0x10c612b80 - [webProcessIdentifier=3] NetworkConnectionToWebProcess::scheduleResourceLoad: (parentPID=11759, pageProxyID=4, webPageID=5, frameID=12884901926, resourceID=1536, existingLoaderToResume=0)
  29.988 [com.apple.WebKit:Loading:4] 0x10c612b80 - [webProcessIdentifier=3] NetworkConnectionToWebProcess::resolveBlobReferences: (parentPID=11759, pageProxyID=4, webPageID=5, frameID=12884901926, resourceID=1536)
  30.052 [com.apple.WebKit:Loading:4] 0x10c612b80 - [webProcessIdentifier=3] NetworkConnectionToWebProcess::scheduleResourceLoad: (parentPID=11759, pageProxyID=4, webPageID=5, frameID=4294967297, resourceID=1538, existingLoaderToResume=0)
  30.052 [com.apple.WebKit:Loading:4] 0x10c612b80 - [webProcessIdentifier=3] NetworkConnectionToWebProcess::resolveBlobReferences: (parentPID=11759, pageProxyID=4, webPageID=5, frameID=4294967297, resourceID=1538)
  30.067 [com.apple.WebKit:Loading:4] 0x10c612b80 - [webProcessIdentifier=3] NetworkConnectionToWebProcess::scheduleResourceLoad: (parentPID=11759, pageProxyID=4, webPageID=5, frameID=4294967297, resourceID=1540, existingLoaderToResume=0)
  30.068 [com.apple.WebKit:Loading:4] 0x10c612b80 - [webProcessIdentifier=3] NetworkConnectionToWebProcess::resolveBlobReferences: (parentPID=11759, pageProxyID=4, webPageID=5, frameID=4294967297, resourceID=1540)
  30.173 [com.apple.WebKit:Loading:4] 0x10c612b80 - [webProcessIdentifier=3] NetworkConnectionToWebProcess::scheduleResourceLoad: (parentPID=11759, pageProxyID=4, webPageID=5, frameID=12884901925, resourceID=1571, existingLoaderToResume=0)
  30.173 [com.apple.WebKit:Loading:4] 0x10c612b80 - [webProcessIdentifier=3] NetworkConnectionToWebProcess::resolveBlobReferences: (parentPID=11759, pageProxyID=4, webPageID=5, frameID=12884901925, resourceID=1571)
  30.652 [com.apple.WebKit:Loading:4] 0x10c612b80 - [webProcessIdentifier=3] NetworkConnectionToWebProcess::scheduleResourceLoad: (parentPID=11759, pageProxyID=4, webPageID=5, frameID=4294967297, resourceID=1587, existingLoaderToResume=0)
  30.652 [com.apple.WebKit:Loading:4] 0x10c612b80 - [webProcessIdentifier=3] NetworkConnectionToWebProcess::resolveBlobReferences: (parentPID=11759, pageProxyID=4, webPageID=5, frameID=4294967297, resourceID=1587)
  30.755 TIGER script: scroll 0,-600
  30.811 [com.apple.WebKit:Loading:4] 0x10c612b80 - [webProcessIdentifier=3] NetworkConnectionToWebProcess::scheduleResourceLoad: (parentPID=11759, pageProxyID=4, webPageID=5, frameID=12884901926, resourceID=1652, existingLoaderToResume=0)
  30.811 [com.apple.WebKit:Loading:4] 0x10c612b80 - [webProcessIdentifier=3] NetworkConnectionToWebProcess::resolveBlobReferences: (parentPID=11759, pageProxyID=4, webPageID=5, frameID=12884901926, resourceID=1652)
  31.055 TIGER script: wait 3
  31.056 [com.apple.WebKit:Loading:4] 0x10c612b80 - [webProcessIdentifier=3] NetworkConnectionToWebProcess::scheduleResourceLoad: (parentPID=11759, pageProxyID=4, webPageID=5, frameID=4294967297, resourceID=1667, existingLoaderToResume=0)
  31.056 [com.apple.WebKit:Loading:4] 0x10c612b80 - [webProcessIdentifier=3] NetworkConnectionToWebProcess::resolveBlobReferences: (parentPID=11759, pageProxyID=4, webPageID=5, frameID=4294967297, resourceID=1667)
  31.080 [com.apple.WebKit:Loading:4] 0x10c612b80 - [webProcessIdentifier=3] NetworkConnectionToWebProcess::scheduleResourceLoad: (parentPID=11759, pageProxyID=4, webPageID=5, frameID=12884901905, resourceID=1669, existingLoaderToResume=0)
  31.080 [com.apple.WebKit:Loading:4] 0x10c612b80 - [webProcessIdentifier=3] NetworkConnectionToWebProcess::resolveBlobReferences: (parentPID=11759, pageProxyID=4, webPageID=5, frameID=12884901905, resourceID=1669)
  31.097 [com.apple.WebKit:Loading:4] [pageID=5, frameID=12884901927] PolicyChecker::checkNavigationPolicy: continuing because this is an initial empty document
  31.195 [com.apple.WebKit:Loading:4] 0x10c612b80 - [webProcessIdentifier=3] NetworkConnectionToWebProcess::scheduleResourceLoad: (parentPID=11759, pageProxyID=4, webPageID=5, frameID=4294967297, resourceID=1680, existingLoaderToResume=0)
  31.195 [com.apple.WebKit:Loading:4] 0x10c612b80 - [webProcessIdentifier=3] NetworkConnectionToWebProcess::resolveBlobReferences: (parentPID=11759, pageProxyID=4, webPageID=5, frameID=4294967297, resourceID=1680)
  31.207 [com.apple.WebKit:Loading:4] 0x10c612b80 - [webProcessIdentifier=3] NetworkConnectionToWebProcess::scheduleResourceLoad: (parentPID=11759, pageProxyID=4, webPageID=5, frameID=12884901914, resourceID=1682, existingLoaderToResume=0)
  31.207 [com.apple.WebKit:Loading:4] 0x10c612b80 - [webProcessIdentifier=3] NetworkConnectionToWebProcess::resolveBlobReferences: (parentPID=11759, pageProxyID=4, webPageID=5, frameID=12884901914, resourceID=1682)
  31.269 [com.apple.WebKit:Loading:4] 0x10c612b80 - [webProcessIdentifier=3] NetworkConnectionToWebProcess::scheduleResourceLoad: (parentPID=11759, pageProxyID=4, webPageID=5, frameID=4294967297, resourceID=1700, existingLoaderToResume=0)
  31.269 [com.apple.WebKit:Loading:4] 0x10c612b80 - [webProcessIdentifier=3] NetworkConnectionToWebProcess::resolveBlobReferences: (parentPID=11759, pageProxyID=4, webPageID=5, frameID=4294967297, resourceID=1700)
  31.324 [com.apple.WebKit:Loading:4] 0x10c612b80 - [webProcessIdentifier=3] NetworkConnectionToWebProcess::scheduleResourceLoad: (parentPID=11759, pageProxyID=4, webPageID=5, frameID=4294967297, resourceID=1726, existingLoaderToResume=0)
  31.324 [com.apple.WebKit:Loading:4] 0x10c612b80 - [webProcessIdentifier=3] NetworkConnectionToWebProcess::resolveBlobReferences: (parentPID=11759, pageProxyID=4, webPageID=5, frameID=4294967297, resourceID=1726)
  31.326 [com.apple.WebKit:Loading:4] 0x10c612b80 - [webProcessIdentifier=3] NetworkConnectionToWebProcess::scheduleResourceLoad: (parentPID=11759, pageProxyID=4, webPageID=5, frameID=4294967297, resourceID=1727, existingLoaderToResume=0)
  31.326 [com.apple.WebKit:Loading:4] 0x10c612b80 - [webProcessIdentifier=3] NetworkConnectionToWebProcess::resolveBlobReferences: (parentPID=11759, pageProxyID=4, webPageID=5, frameID=4294967297, resourceID=1727)
  31.331 [com.apple.WebKit:Loading:4] 0x10c612b80 - [webProcessIdentifier=3] NetworkConnectionToWebProcess::scheduleResourceLoad: (parentPID=11759, pageProxyID=4, webPageID=5, frameID=4294967297, resourceID=1728, existingLoaderToResume=0)
  31.331 [com.apple.WebKit:Loading:4] 0x10c612b80 - [webProcessIdentifier=3] NetworkConnectionToWebProcess::resolveBlobReferences: (parentPID=11759, pageProxyID=4, webPageID=5, frameID=4294967297, resourceID=1728)
  31.333 [com.apple.WebKit:Loading:4] 0x10c612b80 - [webProcessIdentifier=3] NetworkConnectionToWebProcess::scheduleResourceLoad: (parentPID=11759, pageProxyID=4, webPageID=5, frameID=4294967297, resourceID=1729, existingLoaderToResume=0)
  31.333 [com.apple.WebKit:Loading:4] 0x10c612b80 - [webProcessIdentifier=3] NetworkConnectionToWebProcess::resolveBlobReferences: (parentPID=11759, pageProxyID=4, webPageID=5, frameID=4294967297, resourceID=1729)
  31.402 [com.apple.WebKit:Loading:4] 0x10c612b80 - [webProcessIdentifier=3] NetworkConnectionToWebProcess::scheduleResourceLoad: (parentPID=11759, pageProxyID=4, webPageID=5, frameID=12884901909, resourceID=1731, existingLoaderToResume=0)
  31.402 [com.apple.WebKit:Loading:4] 0x10c612b80 - [webProcessIdentifier=3] NetworkConnectionToWebProcess::resolveBlobReferences: (parentPID=11759, pageProxyID=4, webPageID=5, frameID=12884901909, resourceID=1731)
  31.682 [com.apple.WebKit:Loading:4] [pageID=5, frameID=12884901928] PolicyChecker::checkNavigationPolicy: continuing because this is an initial empty document
  31.699 [com.apple.WebKit:Loading:4] 0x10c612b80 - [webProcessIdentifier=3] NetworkConnectionToWebProcess::scheduleResourceLoad: (parentPID=11759, pageProxyID=4, webPageID=5, frameID=12884901928, resourceID=1795, existingLoaderToResume=0)
  31.699 [com.apple.WebKit:Loading:4] 0x10c612b80 - [webProcessIdentifier=3] NetworkConnectionToWebProcess::resolveBlobReferences: (parentPID=11759, pageProxyID=4, webPageID=5, frameID=12884901928, resourceID=1795)
  31.703 [com.apple.WebKit:Loading:4] 0x10c612b80 - [webProcessIdentifier=3] NetworkConnectionToWebProcess::scheduleResourceLoad: (parentPID=11759, pageProxyID=4, webPageID=5, frameID=12884901928, resourceID=1799, existingLoaderToResume=0)
  31.703 [com.apple.WebKit:Loading:4] 0x10c612b80 - [webProcessIdentifier=3] NetworkConnectionToWebProcess::resolveBlobReferences: (parentPID=11759, pageProxyID=4, webPageID=5, frameID=12884901928, resourceID=1799)
  31.705 [com.apple.WebKit:Loading:4] 0x10c612b80 - [webProcessIdentifier=3] NetworkConnectionToWebProcess::scheduleResourceLoad: (parentPID=11759, pageProxyID=4, webPageID=5, frameID=12884901928, resourceID=1801, existingLoaderToResume=0)
  31.705 [com.apple.WebKit:Loading:4] 0x10c612b80 - [webProcessIdentifier=3] NetworkConnectionToWebProcess::resolveBlobReferences: (parentPID=11759, pageProxyID=4, webPageID=5, frameID=12884901928, resourceID=1801)
  31.705 [com.apple.WebKit:Loading:4] 0x10c612b80 - [webProcessIdentifier=3] NetworkConnectionToWebProcess::scheduleResourceLoad: (parentPID=11759, pageProxyID=4, webPageID=5, frameID=12884901928, resourceID=1803, existingLoaderToResume=0)
  31.705 [com.apple.WebKit:Loading:4] 0x10c612b80 - [webProcessIdentifier=3] NetworkConnectionToWebProcess::resolveBlobReferences: (parentPID=11759, pageProxyID=4, webPageID=5, frameID=12884901928, resourceID=1803)
  31.748 [com.apple.WebKit:Loading:4] [pageID=5, frameID=12884901929] PolicyChecker::checkNavigationPolicy: continuing because this is an initial empty document
  31.794 [com.apple.WebKit:Loading:4] 0x10c612b80 - [webProcessIdentifier=3] NetworkConnectionToWebProcess::scheduleResourceLoad: (parentPID=11759, pageProxyID=4, webPageID=5, frameID=12884901928, resourceID=1824, existingLoaderToResume=0)
  31.794 [com.apple.WebKit:Loading:4] 0x10c612b80 - [webProcessIdentifier=3] NetworkConnectionToWebProcess::resolveBlobReferences: (parentPID=11759, pageProxyID=4, webPageID=5, frameID=12884901928, resourceID=1824)
  31.993 [com.apple.WebKit:Loading:4] [pageID=5, frameID=12884901930] PolicyChecker::checkNavigationPolicy: continuing because this is an initial empty document
  32.010 [com.apple.WebKit:Loading:4] [pageID=5, frameID=12884901931] PolicyChecker::checkNavigationPolicy: continuing because this is an initial empty document
  32.220 [com.apple.WebKit:Loading:4] 0x10c612b80 - [webProcessIdentifier=3] NetworkConnectionToWebProcess::scheduleResourceLoad: (parentPID=11759, pageProxyID=4, webPageID=5, frameID=12884901928, resourceID=1895, existingLoaderToResume=0)
  32.220 [com.apple.WebKit:Loading:4] 0x10c612b80 - [webProcessIdentifier=3] NetworkConnectionToWebProcess::resolveBlobReferences: (parentPID=11759, pageProxyID=4, webPageID=5, frameID=12884901928, resourceID=1895)
  32.291 [com.apple.WebKit:Loading:4] 0x10c612b80 - [webProcessIdentifier=3] NetworkConnectionToWebProcess::scheduleResourceLoad: (parentPID=11759, pageProxyID=4, webPageID=5, frameID=12884901908, resourceID=1909, existingLoaderToResume=0)
  32.291 [com.apple.WebKit:Loading:4] 0x10c612b80 - [webProcessIdentifier=3] NetworkConnectionToWebProcess::resolveBlobReferences: (parentPID=11759, pageProxyID=4, webPageID=5, frameID=12884901908, resourceID=1909)
  32.401 [com.apple.WebKit:Loading:4] 0x10c612b80 - [webProcessIdentifier=3] NetworkConnectionToWebProcess::scheduleResourceLoad: (parentPID=11759, pageProxyID=4, webPageID=5, frameID=12884901928, resourceID=1945, existingLoaderToResume=0)
  32.401 [com.apple.WebKit:Loading:4] 0x10c612b80 - [webProcessIdentifier=3] NetworkConnectionToWebProcess::resolveBlobReferences: (parentPID=11759, pageProxyID=4, webPageID=5, frameID=12884901928, resourceID=1945)
  32.412 [com.apple.WebKit:Loading:4] [pageID=5, frameID=12884901932] PolicyChecker::checkNavigationPolicy: continuing because this is an initial empty document
  32.433 [com.apple.WebKit:Loading:4] 0x10c612b80 - [webProcessIdentifier=3] NetworkConnectionToWebProcess::scheduleResourceLoad: (parentPID=11759, pageProxyID=4, webPageID=5, frameID=12884901928, resourceID=1959, existingLoaderToResume=0)
  32.433 [com.apple.WebKit:Loading:4] 0x10c612b80 - [webProcessIdentifier=3] NetworkConnectionToWebProcess::resolveBlobReferences: (parentPID=11759, pageProxyID=4, webPageID=5, frameID=12884901928, resourceID=1959)
  32.533 [com.apple.WebKit:Loading:4] 0x10c612b80 - [webProcessIdentifier=3] NetworkConnectionToWebProcess::scheduleResourceLoad: (parentPID=11759, pageProxyID=4, webPageID=5, frameID=12884901928, resourceID=1964, existingLoaderToResume=0)
  32.533 [com.apple.WebKit:Loading:4] 0x10c612b80 - [webProcessIdentifier=3] NetworkConnectionToWebProcess::resolveBlobReferences: (parentPID=11759, pageProxyID=4, webPageID=5, frameID=12884901928, resourceID=1964)
  32.829 [com.apple.WebKit:Loading:4] 0x10c612b80 - [webProcessIdentifier=3] NetworkConnectionToWebProcess::scheduleResourceLoad: (parentPID=11759, pageProxyID=4, webPageID=5, frameID=12884901928, resourceID=1967, existingLoaderToResume=0)
  32.829 [com.apple.WebKit:Loading:4] 0x10c612b80 - [webProcessIdentifier=3] NetworkConnectionToWebProcess::resolveBlobReferences: (parentPID=11759, pageProxyID=4, webPageID=5, frameID=12884901928, resourceID=1967)
  33.162 [com.apple.WebKit:Loading:4] 0x10c612b80 - [webProcessIdentifier=3] NetworkConnectionToWebProcess::scheduleResourceLoad: (parentPID=11759, pageProxyID=4, webPageID=5, frameID=12884901928, resourceID=1972, existingLoaderToResume=0)
  33.162 [com.apple.WebKit:Loading:4] 0x10c612b80 - [webProcessIdentifier=3] NetworkConnectionToWebProcess::resolveBlobReferences: (parentPID=11759, pageProxyID=4, webPageID=5, frameID=12884901928, resourceID=1972)
  33.189 [com.apple.WebKit:Loading:4] 0x10c612b80 - [webProcessIdentifier=3] NetworkConnectionToWebProcess::scheduleResourceLoad: (parentPID=11759, pageProxyID=4, webPageID=5, frameID=12884901928, resourceID=1974, existingLoaderToResume=0)
  33.189 [com.apple.WebKit:Loading:4] 0x10c612b80 - [webProcessIdentifier=3] NetworkConnectionToWebProcess::resolveBlobReferences: (parentPID=11759, pageProxyID=4, webPageID=5, frameID=12884901928, resourceID=1974)
  33.320 [com.apple.WebKit:Loading:4] 0x10c612b80 - [webProcessIdentifier=3] NetworkConnectionToWebProcess::scheduleResourceLoad: (parentPID=11759, pageProxyID=4, webPageID=5, frameID=4294967297, resourceID=1985, existingLoaderToResume=0)
  33.320 [com.apple.WebKit:Loading:4] 0x10c612b80 - [webProcessIdentifier=3] NetworkConnectionToWebProcess::resolveBlobReferences: (parentPID=11759, pageProxyID=4, webPageID=5, frameID=4294967297, resourceID=1985)
  33.469 [com.apple.WebKit:Loading:4] 0x10c612b80 - [webProcessIdentifier=3] NetworkConnectionToWebProcess::scheduleResourceLoad: (parentPID=11759, pageProxyID=4, webPageID=5, frameID=12884901931, resourceID=2000, existingLoaderToResume=0)
  33.469 [com.apple.WebKit:Loading:4] 0x10c612b80 - [webProcessIdentifier=3] NetworkConnectionToWebProcess::resolveBlobReferences: (parentPID=11759, pageProxyID=4, webPageID=5, frameID=12884901931, resourceID=2000)
  33.686 [com.apple.WebKit:Loading:4] 0x10c612b80 - [webProcessIdentifier=3] NetworkConnectionToWebProcess::scheduleResourceLoad: (parentPID=11759, pageProxyID=4, webPageID=5, frameID=4294967297, resourceID=2053, existingLoaderToResume=0)
  33.687 [com.apple.WebKit:Loading:4] 0x10c612b80 - [webProcessIdentifier=3] NetworkConnectionToWebProcess::resolveBlobReferences: (parentPID=11759, pageProxyID=4, webPageID=5, frameID=4294967297, resourceID=2053)
  33.930 [com.apple.WebKit:Loading:4] 0x10c612b80 - [webProcessIdentifier=3] NetworkConnectionToWebProcess::scheduleResourceLoad: (parentPID=11759, pageProxyID=4, webPageID=5, frameID=12884901920, resourceID=2123, existingLoaderToResume=0)
  33.930 [com.apple.WebKit:Loading:4] 0x10c612b80 - [webProcessIdentifier=3] NetworkConnectionToWebProcess::resolveBlobReferences: (parentPID=11759, pageProxyID=4, webPageID=5, frameID=12884901920, resourceID=2123)
  34.055 TIGER script: scroll 0,-600
  34.355 TIGER script: wait 3
  34.359 [com.apple.WebKit:Loading:4] 0x10c612b80 - [webProcessIdentifier=3] NetworkConnectionToWebProcess::scheduleResourceLoad: (parentPID=11759, pageProxyID=4, webPageID=5, frameID=4294967297, resourceID=2185, existingLoaderToResume=0)
  34.359 [com.apple.WebKit:Loading:4] 0x10c612b80 - [webProcessIdentifier=3] NetworkConnectionToWebProcess::resolveBlobReferences: (parentPID=11759, pageProxyID=4, webPageID=5, frameID=4294967297, resourceID=2185)
  34.418 [com.apple.WebKit:Loading:4] 0x10c612b80 - [webProcessIdentifier=3] NetworkConnectionToWebProcess::scheduleResourceLoad: (parentPID=11759, pageProxyID=4, webPageID=5, frameID=12884901923, resourceID=2203, existingLoaderToResume=0)
  34.418 [com.apple.WebKit:Loading:4] 0x10c612b80 - [webProcessIdentifier=3] NetworkConnectionToWebProcess::resolveBlobReferences: (parentPID=11759, pageProxyID=4, webPageID=5, frameID=12884901923, resourceID=2203)
  37.356 TIGER script: scroll 0,-600
  37.656 TIGER script: wait 3
  37.749 [com.apple.WebKit:Loading:4] 0x10c612b80 - [webProcessIdentifier=3] NetworkConnectionToWebProcess::scheduleResourceLoad: (parentPID=11759, pageProxyID=4, webPageID=5, frameID=4294967297, resourceID=2339, existingLoaderToResume=0)
  37.749 [com.apple.WebKit:Loading:4] 0x10c612b80 - [webProcessIdentifier=3] NetworkConnectionToWebProcess::resolveBlobReferences: (parentPID=11759, pageProxyID=4, webPageID=5, frameID=4294967297, resourceID=2339)
  37.749 [com.apple.WebKit:Loading:4] 0x10c612b80 - [webProcessIdentifier=3] NetworkConnectionToWebProcess::scheduleResourceLoad: (parentPID=11759, pageProxyID=4, webPageID=5, frameID=4294967297, resourceID=2340, existingLoaderToResume=0)
  37.749 [com.apple.WebKit:Loading:4] 0x10c612b80 - [webProcessIdentifier=3] NetworkConnectionToWebProcess::resolveBlobReferences: (parentPID=11759, pageProxyID=4, webPageID=5, frameID=4294967297, resourceID=2340)
  37.751 [com.apple.WebKit:Loading:4] 0x10c612b80 - [webProcessIdentifier=3] NetworkConnectionToWebProcess::scheduleResourceLoad: (parentPID=11759, pageProxyID=4, webPageID=5, frameID=4294967297, resourceID=2341, existingLoaderToResume=0)
  37.751 [com.apple.WebKit:Loading:4] 0x10c612b80 - [webProcessIdentifier=3] NetworkConnectionToWebProcess::resolveBlobReferences: (parentPID=11759, pageProxyID=4, webPageID=5, frameID=4294967297, resourceID=2341)
  37.864 [com.apple.WebKit:Loading:4] 0x10c612b80 - [webProcessIdentifier=3] NetworkConnectionToWebProcess::scheduleResourceLoad: (parentPID=11759, pageProxyID=4, webPageID=5, frameID=4294967297, resourceID=2355, existingLoaderToResume=0)
  37.865 [com.apple.WebKit:Loading:4] 0x10c612b80 - [webProcessIdentifier=3] NetworkConnectionToWebProcess::resolveBlobReferences: (parentPID=11759, pageProxyID=4, webPageID=5, frameID=4294967297, resourceID=2355)
  39.167 [com.apple.WebKit:Loading:4] 0x10c612b80 - [webProcessIdentifier=3] NetworkConnectionToWebProcess::scheduleResourceLoad: (parentPID=11759, pageProxyID=4, webPageID=5, frameID=12884901931, resourceID=2413, existingLoaderToResume=0)
  39.167 [com.apple.WebKit:Loading:4] 0x10c612b80 - [webProcessIdentifier=3] NetworkConnectionToWebProcess::resolveBlobReferences: (parentPID=11759, pageProxyID=4, webPageID=5, frameID=12884901931, resourceID=2413)
  39.376 [com.apple.WebKit:Loading:4] 0x10c612b80 - [webProcessIdentifier=3] NetworkConnectionToWebProcess::scheduleResourceLoad: (parentPID=11759, pageProxyID=4, webPageID=5, frameID=4294967297, resourceID=2442, existingLoaderToResume=0)
  39.376 [com.apple.WebKit:Loading:4] 0x10c612b80 - [webProcessIdentifier=3] NetworkConnectionToWebProcess::resolveBlobReferences: (parentPID=11759, pageProxyID=4, webPageID=5, frameID=4294967297, resourceID=2442)
  39.435 [com.apple.WebKit:Loading:4] 0x10c612b80 - [webProcessIdentifier=3] NetworkConnectionToWebProcess::scheduleResourceLoad: (parentPID=11759, pageProxyID=4, webPageID=5, frameID=4294967297, resourceID=2443, existingLoaderToResume=0)
  39.435 [com.apple.WebKit:Loading:4] 0x10c612b80 - [webProcessIdentifier=3] NetworkConnectionToWebProcess::resolveBlobReferences: (parentPID=11759, pageProxyID=4, webPageID=5, frameID=4294967297, resourceID=2443)
  39.562 [com.apple.WebKit:Loading:4] 0x10c612b80 - [webProcessIdentifier=3] NetworkConnectionToWebProcess::scheduleResourceLoad: (parentPID=11759, pageProxyID=4, webPageID=5, frameID=4294967297, resourceID=2479, existingLoaderToResume=0)
  39.562 [com.apple.WebKit:Loading:4] 0x10c612b80 - [webProcessIdentifier=3] NetworkConnectionToWebProcess::resolveBlobReferences: (parentPID=11759, pageProxyID=4, webPageID=5, frameID=4294967297, resourceID=2479)
  39.564 [com.apple.WebKit:Loading:4] 0x10c612b80 - [webProcessIdentifier=3] NetworkConnectionToWebProcess::scheduleResourceLoad: (parentPID=11759, pageProxyID=4, webPageID=5, frameID=4294967297, resourceID=2480, existingLoaderToResume=0)
  39.565 [com.apple.WebKit:Loading:4] 0x10c612b80 - [webProcessIdentifier=3] NetworkConnectionToWebProcess::resolveBlobReferences: (parentPID=11759, pageProxyID=4, webPageID=5, frameID=4294967297, resourceID=2480)
  39.727 [com.apple.WebKit:Loading:4] 0x10c612b80 - [webProcessIdentifier=3] NetworkConnectionToWebProcess::scheduleResourceLoad: (parentPID=11759, pageProxyID=4, webPageID=5, frameID=12884901905, resourceID=2494, existingLoaderToResume=0)
  39.727 [com.apple.WebKit:Loading:4] 0x10c612b80 - [webProcessIdentifier=3] NetworkConnectionToWebProcess::resolveBlobReferences: (parentPID=11759, pageProxyID=4, webPageID=5, frameID=12884901905, resourceID=2494)
  39.753 [com.apple.WebKit:Loading:4] 0x10c612b80 - [webProcessIdentifier=3] NetworkConnectionToWebProcess::scheduleResourceLoad: (parentPID=11759, pageProxyID=4, webPageID=5, frameID=12884901925, resourceID=2495, existingLoaderToResume=0)
  39.753 [com.apple.WebKit:Loading:4] 0x10c612b80 - [webProcessIdentifier=3] NetworkConnectionToWebProcess::resolveBlobReferences: (parentPID=11759, pageProxyID=4, webPageID=5, frameID=12884901925, resourceID=2495)
  39.810 [com.apple.WebKit:Loading:4] 0x10c612b80 - [webProcessIdentifier=3] NetworkConnectionToWebProcess::scheduleResourceLoad: (parentPID=11759, pageProxyID=4, webPageID=5, frameID=12884901925, resourceID=2528, existingLoaderToResume=0)
  39.810 [com.apple.WebKit:Loading:4] 0x10c612b80 - [webProcessIdentifier=3] NetworkConnectionToWebProcess::resolveBlobReferences: (parentPID=11759, pageProxyID=4, webPageID=5, frameID=12884901925, resourceID=2528)
  39.813 [com.apple.WebKit:Loading:4] [pageID=5, frameID=12884901934] PolicyChecker::checkNavigationPolicy: continuing because this is an initial empty document
  39.822 [com.apple.WebKit:Loading:4] 0x10c612b80 - [webProcessIdentifier=3] NetworkConnectionToWebProcess::scheduleResourceLoad: (parentPID=11759, pageProxyID=4, webPageID=5, frameID=4294967297, resourceID=2539, existingLoaderToResume=0)
  39.823 [com.apple.WebKit:Loading:4] 0x10c612b80 - [webProcessIdentifier=3] NetworkConnectionToWebProcess::resolveBlobReferences: (parentPID=11759, pageProxyID=4, webPageID=5, frameID=4294967297, resourceID=2539)
  39.841 [com.apple.WebKit:Loading:4] 0x10c612b80 - [webProcessIdentifier=3] NetworkConnectionToWebProcess::scheduleResourceLoad: (parentPID=11759, pageProxyID=4, webPageID=5, frameID=4294967297, resourceID=2540, existingLoaderToResume=0)
  39.841 [com.apple.WebKit:Loading:4] 0x10c612b80 - [webProcessIdentifier=3] NetworkConnectionToWebProcess::resolveBlobReferences: (parentPID=11759, pageProxyID=4, webPageID=5, frameID=4294967297, resourceID=2540)
  39.898 [com.apple.WebKit:Loading:4] 0x10c612b80 - [webProcessIdentifier=3] NetworkConnectionToWebProcess::scheduleResourceLoad: (parentPID=11759, pageProxyID=4, webPageID=5, frameID=12884901934, resourceID=2541, existingLoaderToResume=0)
  39.898 [com.apple.WebKit:Loading:4] 0x10c612b80 - [webProcessIdentifier=3] NetworkConnectionToWebProcess::resolveBlobReferences: (parentPID=11759, pageProxyID=4, webPageID=5, frameID=12884901934, resourceID=2541)
  39.898 [com.apple.WebKit:Loading:4] 0x10c612b80 - [webProcessIdentifier=3] NetworkConnectionToWebProcess::scheduleResourceLoad: (parentPID=11759, pageProxyID=4, webPageID=5, frameID=12884901934, resourceID=2542, existingLoaderToResume=0)
  39.898 [com.apple.WebKit:Loading:4] 0x10c612b80 - [webProcessIdentifier=3] NetworkConnectionToWebProcess::resolveBlobReferences: (parentPID=11759, pageProxyID=4, webPageID=5, frameID=12884901934, resourceID=2542)
  39.902 [com.apple.WebKit:Loading:4] 0x10c612b80 - [webProcessIdentifier=3] NetworkConnectionToWebProcess::scheduleResourceLoad: (parentPID=11759, pageProxyID=4, webPageID=5, frameID=12884901934, resourceID=2543, existingLoaderToResume=0)
  39.902 [com.apple.WebKit:Loading:4] 0x10c612b80 - [webProcessIdentifier=3] NetworkConnectionToWebProcess::resolveBlobReferences: (parentPID=11759, pageProxyID=4, webPageID=5, frameID=12884901934, resourceID=2543)
  39.903 [com.apple.WebKit:Loading:4] 0x10c612b80 - [webProcessIdentifier=3] NetworkConnectionToWebProcess::scheduleResourceLoad: (parentPID=11759, pageProxyID=4, webPageID=5, frameID=12884901934, resourceID=2544, existingLoaderToResume=0)
  39.903 [com.apple.WebKit:Loading:4] 0x10c612b80 - [webProcessIdentifier=3] NetworkConnectionToWebProcess::resolveBlobReferences: (parentPID=11759, pageProxyID=4, webPageID=5, frameID=12884901934, resourceID=2544)
  39.903 [com.apple.WebKit:Loading:4] 0x10c612b80 - [webProcessIdentifier=3] NetworkConnectionToWebProcess::scheduleResourceLoad: (parentPID=11759, pageProxyID=4, webPageID=5, frameID=12884901934, resourceID=2545, existingLoaderToResume=0)
  39.903 [com.apple.WebKit:Loading:4] 0x10c612b80 - [webProcessIdentifier=3] NetworkConnectionToWebProcess::resolveBlobReferences: (parentPID=11759, pageProxyID=4, webPageID=5, frameID=12884901934, resourceID=2545)
  39.918 [com.apple.WebKit:Media:-] HTMLMediaElement::updateShouldPlay(BFA0F8F7AC005120) autoplay blocked with reason: PageConsentRequired: Not enough data
  39.918 [com.apple.WebKit:Media:-] MediaElementSession::clientWillBeginAutoplaying(BFA0F8F7AC005120) state = Idle
  39.918 [com.apple.WebKit:Media:-] MediaElementSession::setState(BFA0F8F7AC005120) Autoplaying, canProduceAudio=false
  39.920 [com.apple.WebKit:Media:-] MediaElementSession::clientWillBeginAutoplaying(BFA0F8F7AC005120) state = Autoplaying
  39.927 [com.apple.WebKit:Media:-] MediaElementSession::clientWillBeginAutoplaying(BFA0F8F7AC005120) state = Idle
  39.927 [com.apple.WebKit:Media:-] MediaElementSession::setState(BFA0F8F7AC005120) Autoplaying, canProduceAudio=false
  40.000 [com.apple.WebKit:Loading:4] 0x10c612b80 - [webProcessIdentifier=3] NetworkConnectionToWebProcess::scheduleResourceLoad: (parentPID=11759, pageProxyID=4, webPageID=5, frameID=12884901926, resourceID=2579, existingLoaderToResume=0)
  40.000 [com.apple.WebKit:Loading:4] 0x10c612b80 - [webProcessIdentifier=3] NetworkConnectionToWebProcess::resolveBlobReferences: (parentPID=11759, pageProxyID=4, webPageID=5, frameID=12884901926, resourceID=2579)
  40.016 [com.apple.WebKit:Media:-] MediaElementSession::clientWillBeginAutoplaying(BFA0F8F7AC005120) state = Autoplaying
  40.016 [com.apple.WebKit:Media:-] MediaElementSession::clientWillBeginPlayback(BFA0F8F7AC005120) state = Autoplaying
  40.017 [com.apple.WebKit:Loading:4] 0x10c612b80 - [webProcessIdentifier=3] NetworkConnectionToWebProcess::scheduleResourceLoad: (parentPID=11759, pageProxyID=4, webPageID=5, frameID=12884901925, resourceID=2580, existingLoaderToResume=0)
  40.017 [com.apple.WebKit:Loading:4] 0x10c612b80 - [webProcessIdentifier=3] NetworkConnectionToWebProcess::resolveBlobReferences: (parentPID=11759, pageProxyID=4, webPageID=5, frameID=12884901925, resourceID=2580)
  40.022 [com.apple.WebKit:Loading:4] 0x10c612b80 - [webProcessIdentifier=3] NetworkConnectionToWebProcess::scheduleResourceLoad: (parentPID=11759, pageProxyID=4, webPageID=5, frameID=4294967297, resourceID=2581, existingLoaderToResume=0)
  40.022 [com.apple.WebKit:Loading:4] 0x10c612b80 - [webProcessIdentifier=3] NetworkConnectionToWebProcess::resolveBlobReferences: (parentPID=11759, pageProxyID=4, webPageID=5, frameID=4294967297, resourceID=2581)
  40.029 [com.apple.WebKit:Loading:4] 0x10c612b80 - [webProcessIdentifier=3] NetworkConnectionToWebProcess::scheduleResourceLoad: (parentPID=11759, pageProxyID=4, webPageID=5, frameID=12884901926, resourceID=2582, existingLoaderToResume=0)
  40.029 [com.apple.WebKit:Loading:4] 0x10c612b80 - [webProcessIdentifier=3] NetworkConnectionToWebProcess::resolveBlobReferences: (parentPID=11759, pageProxyID=4, webPageID=5, frameID=12884901926, resourceID=2582)
  40.032 [com.apple.WebKit:Loading:4] [pageID=5, frameID=12884901935] PolicyChecker::checkNavigationPolicy: continuing because this is an initial empty document
  40.039 [com.apple.WebKit:Media:-] MediaSessionManagerInterface::startSessionAdmission(0) 13808310200144253216
  40.039 [com.apple.WebKit:Media:-] MediaSessionManagerInterface::setCurrentSession(0) 13808310200144253216, size = 1
  40.039 [com.apple.WebKit:Media:-] MediaElementSession::setState(BFA0F8F7AC005120) Playing, canProduceAudio=false
  40.039 [com.apple.WebKit:Media:-] MediaSessionManagerInterface::startSessionAdmission(0) 13808310200144253216 returning true
  40.296 [com.apple.WebKit:Loading:4] 0x10c612b80 - [webProcessIdentifier=3] NetworkConnectionToWebProcess::scheduleResourceLoad: (parentPID=11759, pageProxyID=4, webPageID=5, frameID=12884901934, resourceID=2595, existingLoaderToResume=0)
  40.296 [com.apple.WebKit:Loading:4] 0x10c612b80 - [webProcessIdentifier=3] NetworkConnectionToWebProcess::resolveBlobReferences: (parentPID=11759, pageProxyID=4, webPageID=5, frameID=12884901934, resourceID=2595)
  40.311 [com.apple.WebKit:Loading:4] 0x10c612b80 - [webProcessIdentifier=3] NetworkConnectionToWebProcess::scheduleResourceLoad: (parentPID=11759, pageProxyID=4, webPageID=5, frameID=12884901935, resourceID=2596, existingLoaderToResume=0)
  40.311 [com.apple.WebKit:Loading:4] 0x10c612b80 - [webProcessIdentifier=3] NetworkConnectionToWebProcess::resolveBlobReferences: (parentPID=11759, pageProxyID=4, webPageID=5, frameID=12884901935, resourceID=2596)
  40.311 [com.apple.WebKit:Loading:4] 0x10c612b80 - [webProcessIdentifier=3] NetworkConnectionToWebProcess::scheduleResourceLoad: (parentPID=11759, pageProxyID=4, webPageID=5, frameID=12884901935, resourceID=2597, existingLoaderToResume=0)
  40.311 [com.apple.WebKit:Loading:4] 0x10c612b80 - [webProcessIdentifier=3] NetworkConnectionToWebProcess::resolveBlobReferences: (parentPID=11759, pageProxyID=4, webPageID=5, frameID=12884901935, resourceID=2597)
  40.315 [com.apple.WebKit:Loading:4] 0x10c612b80 - [webProcessIdentifier=3] NetworkConnectionToWebProcess::scheduleResourceLoad: (parentPID=11759, pageProxyID=4, webPageID=5, frameID=12884901935, resourceID=2600, existingLoaderToResume=0)
  40.315 [com.apple.WebKit:Loading:4] 0x10c612b80 - [webProcessIdentifier=3] NetworkConnectionToWebProcess::resolveBlobReferences: (parentPID=11759, pageProxyID=4, webPageID=5, frameID=12884901935, resourceID=2600)
  40.325 [com.apple.WebKit:Media:-] HTMLMediaElement::updateShouldPlay(D6789D0B520AE0D8) autoplay blocked with reason: PageConsentRequired: Not enough data
  40.325 [com.apple.WebKit:Media:-] MediaElementSession::clientWillBeginAutoplaying(D6789D0B520AE0D8) state = Idle
  40.325 [com.apple.WebKit:Media:-] MediaElementSession::setState(D6789D0B520AE0D8) Autoplaying, canProduceAudio=false
  40.325 [com.apple.WebKit:Media:-] MediaElementSession::clientWillBeginAutoplaying(D6789D0B520AE0D8) state = Autoplaying
  40.330 [com.apple.WebKit:Media:-] MediaElementSession::clientWillBeginAutoplaying(D6789D0B520AE0D8) state = Idle
  40.330 [com.apple.WebKit:Media:-] MediaElementSession::setState(D6789D0B520AE0D8) Autoplaying, canProduceAudio=false
  40.378 [com.apple.WebKit:Media:-] HTMLMediaElement::setReadyState(BFA0F8F7AC005120) Autoplay blocked with reason: PageConsentRequired: !paused
  40.378 [com.apple.WebKit:Media:-] MediaElementSession::clientWillBeginPlayback(BFA0F8F7AC005120) state = Playing
  40.396 [com.apple.WebKit:Loading:4] 0x10c612b80 - [webProcessIdentifier=3] NetworkConnectionToWebProcess::scheduleResourceLoad: (parentPID=11759, pageProxyID=4, webPageID=5, frameID=4294967297, resourceID=2617, existingLoaderToResume=0)
  40.396 [com.apple.WebKit:Loading:4] 0x10c612b80 - [webProcessIdentifier=3] NetworkConnectionToWebProcess::resolveBlobReferences: (parentPID=11759, pageProxyID=4, webPageID=5, frameID=4294967297, resourceID=2617)
  40.656 TIGER script: scroll 0,-600
  40.957 TIGER script: wait 3
  41.633 [com.apple.WebKit:Loading:4] 0x10c612b80 - [webProcessIdentifier=3] NetworkConnectionToWebProcess::scheduleResourceLoad: (parentPID=11759, pageProxyID=4, webPageID=5, frameID=4294967297, resourceID=2654, existingLoaderToResume=0)
  41.633 [com.apple.WebKit:Loading:4] 0x10c612b80 - [webProcessIdentifier=3] NetworkConnectionToWebProcess::resolveBlobReferences: (parentPID=11759, pageProxyID=4, webPageID=5, frameID=4294967297, resourceID=2654)
  41.633 [com.apple.WebKit:Loading:4] 0x10c612b80 - [webProcessIdentifier=3] NetworkConnectionToWebProcess::scheduleResourceLoad: (parentPID=11759, pageProxyID=4, webPageID=5, frameID=4294967297, resourceID=2655, existingLoaderToResume=0)
  41.633 [com.apple.WebKit:Loading:4] 0x10c612b80 - [webProcessIdentifier=3] NetworkConnectionToWebProcess::resolveBlobReferences: (parentPID=11759, pageProxyID=4, webPageID=5, frameID=4294967297, resourceID=2655)
  41.635 [com.apple.WebKit:Loading:4] 0x10c612b80 - [webProcessIdentifier=3] NetworkConnectionToWebProcess::scheduleResourceLoad: (parentPID=11759, pageProxyID=4, webPageID=5, frameID=4294967297, resourceID=2656, existingLoaderToResume=0)
  41.635 [com.apple.WebKit:Loading:4] 0x10c612b80 - [webProcessIdentifier=3] NetworkConnectionToWebProcess::resolveBlobReferences: (parentPID=11759, pageProxyID=4, webPageID=5, frameID=4294967297, resourceID=2656)
  41.712 [com.apple.WebKit:Loading:4] [pageID=5, frameID=12884901936] PolicyChecker::checkNavigationPolicy: continuing because this is an initial empty document
  41.747 [com.apple.WebKit:Media:-] MediaElementSession::clientWillBeginAutoplaying(D6789D0B520AE0D8) state = Autoplaying
  41.747 [com.apple.WebKit:Media:-] MediaElementSession::clientWillBeginPlayback(D6789D0B520AE0D8) state = Autoplaying
  41.750 [com.apple.WebKit:Media:-] MediaSessionManagerInterface::startSessionAdmission(0) 15454274793268502744
  41.750 [com.apple.WebKit:Media:-] MediaSessionManagerInterface::setCurrentSession(0) 15454274793268502744, size = 2
  41.750 [com.apple.WebKit:Media:-] MediaElementSession::setState(D6789D0B520AE0D8) Playing, canProduceAudio=false
  41.750 [com.apple.WebKit:Media:-] MediaSessionManagerInterface::startSessionAdmission(0) 15454274793268502744 returning true
  41.803 [com.apple.WebKit:Loading:4] 0x10c612b80 - [webProcessIdentifier=3] NetworkConnectionToWebProcess::scheduleResourceLoad: (parentPID=11759, pageProxyID=4, webPageID=5, frameID=4294967297, resourceID=2693, existingLoaderToResume=0)
  41.803 [com.apple.WebKit:Loading:4] 0x10c612b80 - [webProcessIdentifier=3] NetworkConnectionToWebProcess::resolveBlobReferences: (parentPID=11759, pageProxyID=4, webPageID=5, frameID=4294967297, resourceID=2693)
  41.914 [com.apple.WebKit:Loading:4] 0x10c612b80 - [webProcessIdentifier=3] NetworkConnectionToWebProcess::scheduleResourceLoad: (parentPID=11759, pageProxyID=4, webPageID=5, frameID=12884901935, resourceID=2721, existingLoaderToResume=0)
  41.914 [com.apple.WebKit:Loading:4] 0x10c612b80 - [webProcessIdentifier=3] NetworkConnectionToWebProcess::resolveBlobReferences: (parentPID=11759, pageProxyID=4, webPageID=5, frameID=12884901935, resourceID=2721)
  41.945 [com.apple.WebKit:Loading:4] 0x10c612b80 - [webProcessIdentifier=3] NetworkConnectionToWebProcess::scheduleResourceLoad: (parentPID=11759, pageProxyID=4, webPageID=5, frameID=4294967297, resourceID=2723, existingLoaderToResume=0)
  41.945 [com.apple.WebKit:Loading:4] 0x10c612b80 - [webProcessIdentifier=3] NetworkConnectionToWebProcess::resolveBlobReferences: (parentPID=11759, pageProxyID=4, webPageID=5, frameID=4294967297, resourceID=2723)
  41.988 [com.apple.WebKit:Media:-] HTMLMediaElement::setReadyState(D6789D0B520AE0D8) Autoplay blocked with reason: PageConsentRequired: !paused
  41.988 [com.apple.WebKit:Media:-] MediaElementSession::clientWillBeginPlayback(D6789D0B520AE0D8) state = Playing
  42.254 [com.apple.WebKit:Loading:4] 0x10c612b80 - [webProcessIdentifier=3] NetworkConnectionToWebProcess::scheduleResourceLoad: (parentPID=11759, pageProxyID=4, webPageID=5, frameID=4294967297, resourceID=2724, existingLoaderToResume=0)
  42.254 [com.apple.WebKit:Loading:4] 0x10c612b80 - [webProcessIdentifier=3] NetworkConnectionToWebProcess::resolveBlobReferences: (parentPID=11759, pageProxyID=4, webPageID=5, frameID=4294967297, resourceID=2724)
  42.379 TIGER-MEDIA fps=24.4 shown=49 dropped=0 lag=0ms pts=2.00
  42.460 [com.apple.WebKit:Loading:4] 0x10c612b80 - [webProcessIdentifier=3] NetworkConnectionToWebProcess::scheduleResourceLoad: (parentPID=11759, pageProxyID=4, webPageID=5, frameID=4294967297, resourceID=2777, existingLoaderToResume=0)
  42.460 [com.apple.WebKit:Loading:4] 0x10c612b80 - [webProcessIdentifier=3] NetworkConnectionToWebProcess::resolveBlobReferences: (parentPID=11759, pageProxyID=4, webPageID=5, frameID=4294967297, resourceID=2777)
  42.469 [com.apple.WebKit:Loading:4] 0x10c612b80 - [webProcessIdentifier=3] NetworkConnectionToWebProcess::scheduleResourceLoad: (parentPID=11759, pageProxyID=4, webPageID=5, frameID=4294967297, resourceID=2778, existingLoaderToResume=0)
  42.469 [com.apple.WebKit:Loading:4] 0x10c612b80 - [webProcessIdentifier=3] NetworkConnectionToWebProcess::resolveBlobReferences: (parentPID=11759, pageProxyID=4, webPageID=5, frameID=4294967297, resourceID=2778)
  42.477 [com.apple.WebKit:Loading:4] 0x10c612b80 - [webProcessIdentifier=3] NetworkConnectionToWebProcess::scheduleResourceLoad: (parentPID=11759, pageProxyID=4, webPageID=5, frameID=4294967297, resourceID=2779, existingLoaderToResume=0)
  42.477 [com.apple.WebKit:Loading:4] 0x10c612b80 - [webProcessIdentifier=3] NetworkConnectionToWebProcess::resolveBlobReferences: (parentPID=11759, pageProxyID=4, webPageID=5, frameID=4294967297, resourceID=2779)
  42.483 [com.apple.WebKit:Loading:4] 0x10c612b80 - [webProcessIdentifier=3] NetworkConnectionToWebProcess::scheduleResourceLoad: (parentPID=11759, pageProxyID=4, webPageID=5, frameID=4294967297, resourceID=2780, existingLoaderToResume=0)
  42.484 [com.apple.WebKit:Loading:4] 0x10c612b80 - [webProcessIdentifier=3] NetworkConnectionToWebProcess::resolveBlobReferences: (parentPID=11759, pageProxyID=4, webPageID=5, frameID=4294967297, resourceID=2780)
  42.493 [com.apple.WebKit:Loading:4] 0x10c612b80 - [webProcessIdentifier=3] NetworkConnectionToWebProcess::scheduleResourceLoad: (parentPID=11759, pageProxyID=4, webPageID=5, frameID=4294967297, resourceID=2781, existingLoaderToResume=0)
  42.493 [com.apple.WebKit:Loading:4] 0x10c612b80 - [webProcessIdentifier=3] NetworkConnectionToWebProcess::resolveBlobReferences: (parentPID=11759, pageProxyID=4, webPageID=5, frameID=4294967297, resourceID=2781)
  42.501 [com.apple.WebKit:Loading:4] 0x10c612b80 - [webProcessIdentifier=3] NetworkConnectionToWebProcess::scheduleResourceLoad: (parentPID=11759, pageProxyID=4, webPageID=5, frameID=4294967297, resourceID=2782, existingLoaderToResume=0)
  42.502 [com.apple.WebKit:Loading:4] 0x10c612b80 - [webProcessIdentifier=3] NetworkConnectionToWebProcess::resolveBlobReferences: (parentPID=11759, pageProxyID=4, webPageID=5, frameID=4294967297, resourceID=2782)
  42.514 [com.apple.WebKit:Loading:4] 0x10c612b80 - [webProcessIdentifier=3] NetworkConnectionToWebProcess::scheduleResourceLoad: (parentPID=11759, pageProxyID=4, webPageID=5, frameID=4294967297, resourceID=2783, existingLoaderToResume=0)
  42.514 [com.apple.WebKit:Loading:4] 0x10c612b80 - [webProcessIdentifier=3] NetworkConnectionToWebProcess::resolveBlobReferences: (parentPID=11759, pageProxyID=4, webPageID=5, frameID=4294967297, resourceID=2783)
  42.524 [com.apple.WebKit:Loading:4] 0x10c612b80 - [webProcessIdentifier=3] NetworkConnectionToWebProcess::scheduleResourceLoad: (parentPID=11759, pageProxyID=4, webPageID=5, frameID=4294967297, resourceID=2784, existingLoaderToResume=0)
  42.525 [com.apple.WebKit:Loading:4] 0x10c612b80 - [webProcessIdentifier=3] NetworkConnectionToWebProcess::resolveBlobReferences: (parentPID=11759, pageProxyID=4, webPageID=5, frameID=4294967297, resourceID=2784)
  42.531 [com.apple.WebKit:Loading:4] 0x10c612b80 - [webProcessIdentifier=3] NetworkConnectionToWebProcess::scheduleResourceLoad: (parentPID=11759, pageProxyID=4, webPageID=5, frameID=4294967297, resourceID=2785, existingLoaderToResume=0)
  42.531 [com.apple.WebKit:Loading:4] 0x10c612b80 - [webProcessIdentifier=3] NetworkConnectionToWebProcess::resolveBlobReferences: (parentPID=11759, pageProxyID=4, webPageID=5, frameID=4294967297, resourceID=2785)
  42.542 [com.apple.WebKit:Loading:4] 0x10c612b80 - [webProcessIdentifier=3] NetworkConnectionToWebProcess::scheduleResourceLoad: (parentPID=11759, pageProxyID=4, webPageID=5, frameID=4294967297, resourceID=2786, existingLoaderToResume=0)
  42.542 [com.apple.WebKit:Loading:4] 0x10c612b80 - [webProcessIdentifier=3] NetworkConnectionToWebProcess::resolveBlobReferences: (parentPID=11759, pageProxyID=4, webPageID=5, frameID=4294967297, resourceID=2786)
  42.560 [com.apple.WebKit:Loading:4] 0x10c612b80 - [webProcessIdentifier=3] NetworkConnectionToWebProcess::scheduleResourceLoad: (parentPID=11759, pageProxyID=4, webPageID=5, frameID=4294967297, resourceID=2787, existingLoaderToResume=0)
  42.560 [com.apple.WebKit:Loading:4] 0x10c612b80 - [webProcessIdentifier=3] NetworkConnectionToWebProcess::resolveBlobReferences: (parentPID=11759, pageProxyID=4, webPageID=5, frameID=4294967297, resourceID=2787)
  42.574 [com.apple.WebKit:Loading:4] 0x10c612b80 - [webProcessIdentifier=3] NetworkConnectionToWebProcess::scheduleResourceLoad: (parentPID=11759, pageProxyID=4, webPageID=5, frameID=4294967297, resourceID=2788, existingLoaderToResume=0)
  42.574 [com.apple.WebKit:Loading:4] 0x10c612b80 - [webProcessIdentifier=3] NetworkConnectionToWebProcess::resolveBlobReferences: (parentPID=11759, pageProxyID=4, webPageID=5, frameID=4294967297, resourceID=2788)
  42.590 [com.apple.WebKit:Loading:4] 0x10c612b80 - [webProcessIdentifier=3] NetworkConnectionToWebProcess::scheduleResourceLoad: (parentPID=11759, pageProxyID=4, webPageID=5, frameID=4294967297, resourceID=2789, existingLoaderToResume=0)
  42.590 [com.apple.WebKit:Loading:4] 0x10c612b80 - [webProcessIdentifier=3] NetworkConnectionToWebProcess::resolveBlobReferences: (parentPID=11759, pageProxyID=4, webPageID=5, frameID=4294967297, resourceID=2789)
  42.731 [com.apple.WebKit:Loading:4] 0x10c612b80 - [webProcessIdentifier=3] NetworkConnectionToWebProcess::scheduleResourceLoad: (parentPID=11759, pageProxyID=4, webPageID=5, frameID=4294967297, resourceID=2790, existingLoaderToResume=0)
  42.731 [com.apple.WebKit:Loading:4] 0x10c612b80 - [webProcessIdentifier=3] NetworkConnectionToWebProcess::resolveBlobReferences: (parentPID=11759, pageProxyID=4, webPageID=5, frameID=4294967297, resourceID=2790)
  42.744 [com.apple.WebKit:Loading:4] 0x10c612b80 - [webProcessIdentifier=3] NetworkConnectionToWebProcess::scheduleResourceLoad: (parentPID=11759, pageProxyID=4, webPageID=5, frameID=12884901915, resourceID=2792, existingLoaderToResume=0)
  42.744 [com.apple.WebKit:Loading:4] 0x10c612b80 - [webProcessIdentifier=3] NetworkConnectionToWebProcess::resolveBlobReferences: (parentPID=11759, pageProxyID=4, webPageID=5, frameID=12884901915, resourceID=2792)
  42.823 [com.apple.WebKit:Loading:4] [pageID=5, frameID=12884901937] PolicyChecker::checkNavigationPolicy: continuing because this is an initial empty document
  43.065 [com.apple.WebKit:Loading:4] 0x10c612b80 - [webProcessIdentifier=3] NetworkConnectionToWebProcess::scheduleResourceLoad: (parentPID=11759, pageProxyID=4, webPageID=5, frameID=12884901917, resourceID=2879, existingLoaderToResume=0)
  43.065 [com.apple.WebKit:Loading:4] 0x10c612b80 - [webProcessIdentifier=3] NetworkConnectionToWebProcess::resolveBlobReferences: (parentPID=11759, pageProxyID=4, webPageID=5, frameID=12884901917, resourceID=2879)
  43.067 [com.apple.WebKit:Loading:4] 0x10c612b80 - [webProcessIdentifier=3] NetworkConnectionToWebProcess::scheduleResourceLoad: (parentPID=11759, pageProxyID=4, webPageID=5, frameID=12884901915, resourceID=2881, existingLoaderToResume=0)
  43.067 [com.apple.WebKit:Loading:4] 0x10c612b80 - [webProcessIdentifier=3] NetworkConnectionToWebProcess::resolveBlobReferences: (parentPID=11759, pageProxyID=4, webPageID=5, frameID=12884901915, resourceID=2881)
  43.078 [com.apple.WebKit:Process error] 0x8038c00 - [pageProxyID=4, webPageID=5, PID=11762] WebPageProxy::Ignoring request to load this main resource because it has a custom protocol and comes from a sandboxed iframe
  43.088 [com.apple.WebKit:Loading:4] 0x169fee940 - [pageID=5, frameID=12884901938] PolicyChecker::checkNavigationPolicy: ignoring because policyAction from dispatchDecidePolicyForNavigationAction is Ignore
  43.193 [com.apple.WebKit:Loading:4] 0x10c612b80 - [webProcessIdentifier=3] NetworkConnectionToWebProcess::scheduleResourceLoad: (parentPID=11759, pageProxyID=4, webPageID=5, frameID=12884901934, resourceID=2887, existingLoaderToResume=0)
  43.193 [com.apple.WebKit:Loading:4] 0x10c612b80 - [webProcessIdentifier=3] NetworkConnectionToWebProcess::resolveBlobReferences: (parentPID=11759, pageProxyID=4, webPageID=5, frameID=12884901934, resourceID=2887)
  43.196 [com.apple.WebKit:Loading:4] 0x10c612b80 - [webProcessIdentifier=3] NetworkConnectionToWebProcess::scheduleResourceLoad: (parentPID=11759, pageProxyID=4, webPageID=5, frameID=12884901934, resourceID=2888, existingLoaderToResume=0)
  43.196 [com.apple.WebKit:Loading:4] 0x10c612b80 - [webProcessIdentifier=3] NetworkConnectionToWebProcess::resolveBlobReferences: (parentPID=11759, pageProxyID=4, webPageID=5, frameID=12884901934, resourceID=2888)
  43.197 [com.apple.WebKit:Loading:4] 0x10c612b80 - [webProcessIdentifier=3] NetworkConnectionToWebProcess::scheduleResourceLoad: (parentPID=11759, pageProxyID=4, webPageID=5, frameID=12884901934, resourceID=2889, existingLoaderToResume=0)
  43.197 [com.apple.WebKit:Loading:4] 0x10c612b80 - [webProcessIdentifier=3] NetworkConnectionToWebProcess::resolveBlobReferences: (parentPID=11759, pageProxyID=4, webPageID=5, frameID=12884901934, resourceID=2889)
  43.197 [com.apple.WebKit:Loading:4] 0x10c612b80 - [webProcessIdentifier=3] NetworkConnectionToWebProcess::scheduleResourceLoad: (parentPID=11759, pageProxyID=4, webPageID=5, frameID=12884901934, resourceID=2890, existingLoaderToResume=0)
  43.197 [com.apple.WebKit:Loading:4] 0x10c612b80 - [webProcessIdentifier=3] NetworkConnectionToWebProcess::resolveBlobReferences: (parentPID=11759, pageProxyID=4, webPageID=5, frameID=12884901934, resourceID=2890)
  43.199 [com.apple.WebKit:Loading:4] 0x10c612b80 - [webProcessIdentifier=3] NetworkConnectionToWebProcess::scheduleResourceLoad: (parentPID=11759, pageProxyID=4, webPageID=5, frameID=12884901934, resourceID=2891, existingLoaderToResume=0)
  43.199 [com.apple.WebKit:Loading:4] 0x10c612b80 - [webProcessIdentifier=3] NetworkConnectionToWebProcess::resolveBlobReferences: (parentPID=11759, pageProxyID=4, webPageID=5, frameID=12884901934, resourceID=2891)
  43.201 [com.apple.WebKit:Loading:4] 0x10c612b80 - [webProcessIdentifier=3] NetworkConnectionToWebProcess::scheduleResourceLoad: (parentPID=11759, pageProxyID=4, webPageID=5, frameID=12884901934, resourceID=2892, existingLoaderToResume=0)
  43.201 [com.apple.WebKit:Loading:4] 0x10c612b80 - [webProcessIdentifier=3] NetworkConnectionToWebProcess::resolveBlobReferences: (parentPID=11759, pageProxyID=4, webPageID=5, frameID=12884901934, resourceID=2892)
  43.201 [com.apple.WebKit:Loading:4] 0x10c612b80 - [webProcessIdentifier=3] NetworkConnectionToWebProcess::scheduleResourceLoad: (parentPID=11759, pageProxyID=4, webPageID=5, frameID=12884901934, resourceID=2893, existingLoaderToResume=0)
  43.201 [com.apple.WebKit:Loading:4] 0x10c612b80 - [webProcessIdentifier=3] NetworkConnectionToWebProcess::resolveBlobReferences: (parentPID=11759, pageProxyID=4, webPageID=5, frameID=12884901934, resourceID=2893)
  43.202 [com.apple.WebKit:Loading:4] 0x10c612b80 - [webProcessIdentifier=3] NetworkConnectionToWebProcess::scheduleResourceLoad: (parentPID=11759, pageProxyID=4, webPageID=5, frameID=12884901934, resourceID=2894, existingLoaderToResume=0)
  43.202 [com.apple.WebKit:Loading:4] 0x10c612b80 - [webProcessIdentifier=3] NetworkConnectionToWebProcess::resolveBlobReferences: (parentPID=11759, pageProxyID=4, webPageID=5, frameID=12884901934, resourceID=2894)
  43.203 [com.apple.WebKit:Loading:4] 0x10c612b80 - [webProcessIdentifier=3] NetworkConnectionToWebProcess::scheduleResourceLoad: (parentPID=11759, pageProxyID=4, webPageID=5, frameID=12884901934, resourceID=2895, existingLoaderToResume=0)
  43.203 [com.apple.WebKit:Loading:4] 0x10c612b80 - [webProcessIdentifier=3] NetworkConnectionToWebProcess::resolveBlobReferences: (parentPID=11759, pageProxyID=4, webPageID=5, frameID=12884901934, resourceID=2895)
  43.206 [com.apple.WebKit:Loading:4] 0x10c612b80 - [webProcessIdentifier=3] NetworkConnectionToWebProcess::scheduleResourceLoad: (parentPID=11759, pageProxyID=4, webPageID=5, frameID=12884901934, resourceID=2896, existingLoaderToResume=0)
  43.206 [com.apple.WebKit:Loading:4] 0x10c612b80 - [webProcessIdentifier=3] NetworkConnectionToWebProcess::resolveBlobReferences: (parentPID=11759, pageProxyID=4, webPageID=5, frameID=12884901934, resourceID=2896)
  43.207 [com.apple.WebKit:Loading:4] 0x10c612b80 - [webProcessIdentifier=3] NetworkConnectionToWebProcess::scheduleResourceLoad: (parentPID=11759, pageProxyID=4, webPageID=5, frameID=12884901934, resourceID=2897, existingLoaderToResume=0)
  43.207 [com.apple.WebKit:Loading:4] 0x10c612b80 - [webProcessIdentifier=3] NetworkConnectionToWebProcess::resolveBlobReferences: (parentPID=11759, pageProxyID=4, webPageID=5, frameID=12884901934, resourceID=2897)
  43.208 [com.apple.WebKit:Loading:4] 0x10c612b80 - [webProcessIdentifier=3] NetworkConnectionToWebProcess::scheduleResourceLoad: (parentPID=11759, pageProxyID=4, webPageID=5, frameID=12884901934, resourceID=2898, existingLoaderToResume=0)
  43.209 [com.apple.WebKit:Loading:4] 0x10c612b80 - [webProcessIdentifier=3] NetworkConnectionToWebProcess::resolveBlobReferences: (parentPID=11759, pageProxyID=4, webPageID=5, frameID=12884901934, resourceID=2898)
  43.210 [com.apple.WebKit:Loading:4] 0x10c612b80 - [webProcessIdentifier=3] NetworkConnectionToWebProcess::scheduleResourceLoad: (parentPID=11759, pageProxyID=4, webPageID=5, frameID=12884901934, resourceID=2899, existingLoaderToResume=0)
  43.210 [com.apple.WebKit:Loading:4] 0x10c612b80 - [webProcessIdentifier=3] NetworkConnectionToWebProcess::resolveBlobReferences: (parentPID=11759, pageProxyID=4, webPageID=5, frameID=12884901934, resourceID=2899)
  43.211 [com.apple.WebKit:Loading:4] 0x10c612b80 - [webProcessIdentifier=3] NetworkConnectionToWebProcess::scheduleResourceLoad: (parentPID=11759, pageProxyID=4, webPageID=5, frameID=12884901934, resourceID=2900, existingLoaderToResume=0)
  43.211 [com.apple.WebKit:Loading:4] 0x10c612b80 - [webProcessIdentifier=3] NetworkConnectionToWebProcess::resolveBlobReferences: (parentPID=11759, pageProxyID=4, webPageID=5, frameID=12884901934, resourceID=2900)
  43.211 [com.apple.WebKit:Loading:4] 0x10c612b80 - [webProcessIdentifier=3] NetworkConnectionToWebProcess::scheduleResourceLoad: (parentPID=11759, pageProxyID=4, webPageID=5, frameID=12884901934, resourceID=2901, existingLoaderToResume=0)
  43.211 [com.apple.WebKit:Loading:4] 0x10c612b80 - [webProcessIdentifier=3] NetworkConnectionToWebProcess::resolveBlobReferences: (parentPID=11759, pageProxyID=4, webPageID=5, frameID=12884901934, resourceID=2901)
  43.215 [com.apple.WebKit:Loading:4] 0x10c612b80 - [webProcessIdentifier=3] NetworkConnectionToWebProcess::scheduleResourceLoad: (parentPID=11759, pageProxyID=4, webPageID=5, frameID=12884901934, resourceID=2902, existingLoaderToResume=0)
  43.215 [com.apple.WebKit:Loading:4] 0x10c612b80 - [webProcessIdentifier=3] NetworkConnectionToWebProcess::resolveBlobReferences: (parentPID=11759, pageProxyID=4, webPageID=5, frameID=12884901934, resourceID=2902)
  43.217 [com.apple.WebKit:Loading:4] 0x10c612b80 - [webProcessIdentifier=3] NetworkConnectionToWebProcess::scheduleResourceLoad: (parentPID=11759, pageProxyID=4, webPageID=5, frameID=12884901934, resourceID=2903, existingLoaderToResume=0)
  43.217 [com.apple.WebKit:Loading:4] 0x10c612b80 - [webProcessIdentifier=3] NetworkConnectionToWebProcess::resolveBlobReferences: (parentPID=11759, pageProxyID=4, webPageID=5, frameID=12884901934, resourceID=2903)
  43.218 [com.apple.WebKit:Loading:4] 0x10c612b80 - [webProcessIdentifier=3] NetworkConnectionToWebProcess::scheduleResourceLoad: (parentPID=11759, pageProxyID=4, webPageID=5, frameID=12884901934, resourceID=2904, existingLoaderToResume=0)
  43.218 [com.apple.WebKit:Loading:4] 0x10c612b80 - [webProcessIdentifier=3] NetworkConnectionToWebProcess::resolveBlobReferences: (parentPID=11759, pageProxyID=4, webPageID=5, frameID=12884901934, resourceID=2904)
  43.218 [com.apple.WebKit:Loading:4] 0x10c612b80 - [webProcessIdentifier=3] NetworkConnectionToWebProcess::scheduleResourceLoad: (parentPID=11759, pageProxyID=4, webPageID=5, frameID=12884901934, resourceID=2905, existingLoaderToResume=0)
  43.218 [com.apple.WebKit:Loading:4] 0x10c612b80 - [webProcessIdentifier=3] NetworkConnectionToWebProcess::resolveBlobReferences: (parentPID=11759, pageProxyID=4, webPageID=5, frameID=12884901934, resourceID=2905)
  43.219 [com.apple.WebKit:Loading:4] 0x10c612b80 - [webProcessIdentifier=3] NetworkConnectionToWebProcess::scheduleResourceLoad: (parentPID=11759, pageProxyID=4, webPageID=5, frameID=12884901934, resourceID=2906, existingLoaderToResume=0)
  43.219 [com.apple.WebKit:Loading:4] 0x10c612b80 - [webProcessIdentifier=3] NetworkConnectionToWebProcess::resolveBlobReferences: (parentPID=11759, pageProxyID=4, webPageID=5, frameID=12884901934, resourceID=2906)
  43.363 [com.apple.WebKit:Loading:4] 0x10c612b80 - [webProcessIdentifier=3] NetworkConnectionToWebProcess::scheduleResourceLoad: (parentPID=11759, pageProxyID=4, webPageID=5, frameID=12884901934, resourceID=2927, existingLoaderToResume=0)
  43.363 [com.apple.WebKit:Loading:4] 0x10c612b80 - [webProcessIdentifier=3] NetworkConnectionToWebProcess::resolveBlobReferences: (parentPID=11759, pageProxyID=4, webPageID=5, frameID=12884901934, resourceID=2927)
  43.364 [com.apple.WebKit:Loading:4] 0x10c612b80 - [webProcessIdentifier=3] NetworkConnectionToWebProcess::scheduleResourceLoad: (parentPID=11759, pageProxyID=4, webPageID=5, frameID=12884901934, resourceID=2928, existingLoaderToResume=0)
  43.364 [com.apple.WebKit:Loading:4] 0x10c612b80 - [webProcessIdentifier=3] NetworkConnectionToWebProcess::resolveBlobReferences: (parentPID=11759, pageProxyID=4, webPageID=5, frameID=12884901934, resourceID=2928)
  43.365 [com.apple.WebKit:Loading:4] 0x10c612b80 - [webProcessIdentifier=3] NetworkConnectionToWebProcess::scheduleResourceLoad: (parentPID=11759, pageProxyID=4, webPageID=5, frameID=12884901934, resourceID=2929, existingLoaderToResume=0)
  43.365 [com.apple.WebKit:Loading:4] 0x10c612b80 - [webProcessIdentifier=3] NetworkConnectionToWebProcess::resolveBlobReferences: (parentPID=11759, pageProxyID=4, webPageID=5, frameID=12884901934, resourceID=2929)
  43.366 [com.apple.WebKit:Loading:4] 0x10c612b80 - [webProcessIdentifier=3] NetworkConnectionToWebProcess::scheduleResourceLoad: (parentPID=11759, pageProxyID=4, webPageID=5, frameID=12884901934, resourceID=2930, existingLoaderToResume=0)
  43.366 [com.apple.WebKit:Loading:4] 0x10c612b80 - [webProcessIdentifier=3] NetworkConnectionToWebProcess::resolveBlobReferences: (parentPID=11759, pageProxyID=4, webPageID=5, frameID=12884901934, resourceID=2930)
  43.368 [com.apple.WebKit:Loading:4] 0x10c612b80 - [webProcessIdentifier=3] NetworkConnectionToWebProcess::scheduleResourceLoad: (parentPID=11759, pageProxyID=4, webPageID=5, frameID=12884901934, resourceID=2931, existingLoaderToResume=0)
  43.368 [com.apple.WebKit:Loading:4] 0x10c612b80 - [webProcessIdentifier=3] NetworkConnectionToWebProcess::resolveBlobReferences: (parentPID=11759, pageProxyID=4, webPageID=5, frameID=12884901934, resourceID=2931)
  43.369 [com.apple.WebKit:Loading:4] 0x10c612b80 - [webProcessIdentifier=3] NetworkConnectionToWebProcess::scheduleResourceLoad: (parentPID=11759, pageProxyID=4, webPageID=5, frameID=12884901934, resourceID=2932, existingLoaderToResume=0)
  43.369 [com.apple.WebKit:Loading:4] 0x10c612b80 - [webProcessIdentifier=3] NetworkConnectionToWebProcess::resolveBlobReferences: (parentPID=11759, pageProxyID=4, webPageID=5, frameID=12884901934, resourceID=2932)
  43.370 [com.apple.WebKit:Loading:4] 0x10c612b80 - [webProcessIdentifier=3] NetworkConnectionToWebProcess::scheduleResourceLoad: (parentPID=11759, pageProxyID=4, webPageID=5, frameID=12884901934, resourceID=2933, existingLoaderToResume=0)
  43.370 [com.apple.WebKit:Loading:4] 0x10c612b80 - [webProcessIdentifier=3] NetworkConnectionToWebProcess::resolveBlobReferences: (parentPID=11759, pageProxyID=4, webPageID=5, frameID=12884901934, resourceID=2933)
  43.371 [com.apple.WebKit:Loading:4] 0x10c612b80 - [webProcessIdentifier=3] NetworkConnectionToWebProcess::scheduleResourceLoad: (parentPID=11759, pageProxyID=4, webPageID=5, frameID=12884901934, resourceID=2934, existingLoaderToResume=0)
  43.371 [com.apple.WebKit:Loading:4] 0x10c612b80 - [webProcessIdentifier=3] NetworkConnectionToWebProcess::resolveBlobReferences: (parentPID=11759, pageProxyID=4, webPageID=5, frameID=12884901934, resourceID=2934)
  43.373 [com.apple.WebKit:Loading:4] 0x10c612b80 - [webProcessIdentifier=3] NetworkConnectionToWebProcess::scheduleResourceLoad: (parentPID=11759, pageProxyID=4, webPageID=5, frameID=12884901934, resourceID=2935, existingLoaderToResume=0)
  43.373 [com.apple.WebKit:Loading:4] 0x10c612b80 - [webProcessIdentifier=3] NetworkConnectionToWebProcess::resolveBlobReferences: (parentPID=11759, pageProxyID=4, webPageID=5, frameID=12884901934, resourceID=2935)
  43.375 [com.apple.WebKit:Loading:4] 0x10c612b80 - [webProcessIdentifier=3] NetworkConnectionToWebProcess::scheduleResourceLoad: (parentPID=11759, pageProxyID=4, webPageID=5, frameID=12884901934, resourceID=2936, existingLoaderToResume=0)
  43.375 [com.apple.WebKit:Loading:4] 0x10c612b80 - [webProcessIdentifier=3] NetworkConnectionToWebProcess::resolveBlobReferences: (parentPID=11759, pageProxyID=4, webPageID=5, frameID=12884901934, resourceID=2936)
  43.375 [com.apple.WebKit:Loading:4] 0x10c612b80 - [webProcessIdentifier=3] NetworkConnectionToWebProcess::scheduleResourceLoad: (parentPID=11759, pageProxyID=4, webPageID=5, frameID=12884901934, resourceID=2937, existingLoaderToResume=0)
  43.375 [com.apple.WebKit:Loading:4] 0x10c612b80 - [webProcessIdentifier=3] NetworkConnectionToWebProcess::resolveBlobReferences: (parentPID=11759, pageProxyID=4, webPageID=5, frameID=12884901934, resourceID=2937)
  43.376 [com.apple.WebKit:Loading:4] 0x10c612b80 - [webProcessIdentifier=3] NetworkConnectionToWebProcess::scheduleResourceLoad: (parentPID=11759, pageProxyID=4, webPageID=5, frameID=12884901934, resourceID=2938, existingLoaderToResume=0)
  43.376 [com.apple.WebKit:Loading:4] 0x10c612b80 - [webProcessIdentifier=3] NetworkConnectionToWebProcess::resolveBlobReferences: (parentPID=11759, pageProxyID=4, webPageID=5, frameID=12884901934, resourceID=2938)
  43.378 [com.apple.WebKit:Loading:4] 0x10c612b80 - [webProcessIdentifier=3] NetworkConnectionToWebProcess::scheduleResourceLoad: (parentPID=11759, pageProxyID=4, webPageID=5, frameID=12884901934, resourceID=2939, existingLoaderToResume=0)
  43.378 [com.apple.WebKit:Loading:4] 0x10c612b80 - [webProcessIdentifier=3] NetworkConnectionToWebProcess::resolveBlobReferences: (parentPID=11759, pageProxyID=4, webPageID=5, frameID=12884901934, resourceID=2939)
  43.380 [com.apple.WebKit:Loading:4] 0x10c612b80 - [webProcessIdentifier=3] NetworkConnectionToWebProcess::scheduleResourceLoad: (parentPID=11759, pageProxyID=4, webPageID=5, frameID=12884901934, resourceID=2940, existingLoaderToResume=0)
  43.380 [com.apple.WebKit:Loading:4] 0x10c612b80 - [webProcessIdentifier=3] NetworkConnectionToWebProcess::resolveBlobReferences: (parentPID=11759, pageProxyID=4, webPageID=5, frameID=12884901934, resourceID=2940)
  43.443 [com.apple.WebKit:Loading:4] 0x10c612b80 - [webProcessIdentifier=3] NetworkConnectionToWebProcess::scheduleResourceLoad: (parentPID=11759, pageProxyID=4, webPageID=5, frameID=12884901935, resourceID=2941, existingLoaderToResume=0)
  43.443 [com.apple.WebKit:Loading:4] 0x10c612b80 - [webProcessIdentifier=3] NetworkConnectionToWebProcess::resolveBlobReferences: (parentPID=11759, pageProxyID=4, webPageID=5, frameID=12884901935, resourceID=2941)
  43.446 [com.apple.WebKit:Loading:4] 0x10c612b80 - [webProcessIdentifier=3] NetworkConnectionToWebProcess::scheduleResourceLoad: (parentPID=11759, pageProxyID=4, webPageID=5, frameID=12884901935, resourceID=2942, existingLoaderToResume=0)
  43.446 [com.apple.WebKit:Loading:4] 0x10c612b80 - [webProcessIdentifier=3] NetworkConnectionToWebProcess::resolveBlobReferences: (parentPID=11759, pageProxyID=4, webPageID=5, frameID=12884901935, resourceID=2942)
  43.448 [com.apple.WebKit:Loading:4] 0x10c612b80 - [webProcessIdentifier=3] NetworkConnectionToWebProcess::scheduleResourceLoad: (parentPID=11759, pageProxyID=4, webPageID=5, frameID=12884901935, resourceID=2943, existingLoaderToResume=0)
  43.448 [com.apple.WebKit:Loading:4] 0x10c612b80 - [webProcessIdentifier=3] NetworkConnectionToWebProcess::resolveBlobReferences: (parentPID=11759, pageProxyID=4, webPageID=5, frameID=12884901935, resourceID=2943)
  43.448 [com.apple.WebKit:Loading:4] 0x10c612b80 - [webProcessIdentifier=3] NetworkConnectionToWebProcess::scheduleResourceLoad: (parentPID=11759, pageProxyID=4, webPageID=5, frameID=12884901935, resourceID=2944, existingLoaderToResume=0)
  43.448 [com.apple.WebKit:Loading:4] 0x10c612b80 - [webProcessIdentifier=3] NetworkConnectionToWebProcess::resolveBlobReferences: (parentPID=11759, pageProxyID=4, webPageID=5, frameID=12884901935, resourceID=2944)
  43.450 [com.apple.WebKit:Loading:4] 0x10c612b80 - [webProcessIdentifier=3] NetworkConnectionToWebProcess::scheduleResourceLoad: (parentPID=11759, pageProxyID=4, webPageID=5, frameID=12884901935, resourceID=2945, existingLoaderToResume=0)
  43.450 [com.apple.WebKit:Loading:4] 0x10c612b80 - [webProcessIdentifier=3] NetworkConnectionToWebProcess::resolveBlobReferences: (parentPID=11759, pageProxyID=4, webPageID=5, frameID=12884901935, resourceID=2945)
  43.452 [com.apple.WebKit:Loading:4] 0x10c612b80 - [webProcessIdentifier=3] NetworkConnectionToWebProcess::scheduleResourceLoad: (parentPID=11759, pageProxyID=4, webPageID=5, frameID=12884901935, resourceID=2946, existingLoaderToResume=0)
  43.452 [com.apple.WebKit:Loading:4] 0x10c612b80 - [webProcessIdentifier=3] NetworkConnectionToWebProcess::resolveBlobReferences: (parentPID=11759, pageProxyID=4, webPageID=5, frameID=12884901935, resourceID=2946)
  43.452 [com.apple.WebKit:Loading:4] 0x10c612b80 - [webProcessIdentifier=3] NetworkConnectionToWebProcess::scheduleResourceLoad: (parentPID=11759, pageProxyID=4, webPageID=5, frameID=12884901935, resourceID=2947, existingLoaderToResume=0)
  43.452 [com.apple.WebKit:Loading:4] 0x10c612b80 - [webProcessIdentifier=3] NetworkConnectionToWebProcess::resolveBlobReferences: (parentPID=11759, pageProxyID=4, webPageID=5, frameID=12884901935, resourceID=2947)
  43.452 [com.apple.WebKit:Loading:4] 0x10c612b80 - [webProcessIdentifier=3] NetworkConnectionToWebProcess::scheduleResourceLoad: (parentPID=11759, pageProxyID=4, webPageID=5, frameID=12884901935, resourceID=2948, existingLoaderToResume=0)
  43.452 [com.apple.WebKit:Loading:4] 0x10c612b80 - [webProcessIdentifier=3] NetworkConnectionToWebProcess::resolveBlobReferences: (parentPID=11759, pageProxyID=4, webPageID=5, frameID=12884901935, resourceID=2948)
  43.455 [com.apple.WebKit:Loading:4] 0x10c612b80 - [webProcessIdentifier=3] NetworkConnectionToWebProcess::scheduleResourceLoad: (parentPID=11759, pageProxyID=4, webPageID=5, frameID=12884901935, resourceID=2949, existingLoaderToResume=0)
  43.455 [com.apple.WebKit:Loading:4] 0x10c612b80 - [webProcessIdentifier=3] NetworkConnectionToWebProcess::resolveBlobReferences: (parentPID=11759, pageProxyID=4, webPageID=5, frameID=12884901935, resourceID=2949)
  43.457 [com.apple.WebKit:Loading:4] 0x10c612b80 - [webProcessIdentifier=3] NetworkConnectionToWebProcess::scheduleResourceLoad: (parentPID=11759, pageProxyID=4, webPageID=5, frameID=12884901935, resourceID=2950, existingLoaderToResume=0)
  43.457 [com.apple.WebKit:Loading:4] 0x10c612b80 - [webProcessIdentifier=3] NetworkConnectionToWebProcess::resolveBlobReferences: (parentPID=11759, pageProxyID=4, webPageID=5, frameID=12884901935, resourceID=2950)
  43.460 [com.apple.WebKit:Loading:4] 0x10c612b80 - [webProcessIdentifier=3] NetworkConnectionToWebProcess::scheduleResourceLoad: (parentPID=11759, pageProxyID=4, webPageID=5, frameID=12884901935, resourceID=2951, existingLoaderToResume=0)
  43.460 [com.apple.WebKit:Loading:4] 0x10c612b80 - [webProcessIdentifier=3] NetworkConnectionToWebProcess::resolveBlobReferences: (parentPID=11759, pageProxyID=4, webPageID=5, frameID=12884901935, resourceID=2951)
  43.460 [com.apple.WebKit:Loading:4] 0x10c612b80 - [webProcessIdentifier=3] NetworkConnectionToWebProcess::scheduleResourceLoad: (parentPID=11759, pageProxyID=4, webPageID=5, frameID=12884901935, resourceID=2952, existingLoaderToResume=0)
  43.460 [com.apple.WebKit:Loading:4] 0x10c612b80 - [webProcessIdentifier=3] NetworkConnectionToWebProcess::resolveBlobReferences: (parentPID=11759, pageProxyID=4, webPageID=5, frameID=12884901935, resourceID=2952)
  43.460 [com.apple.WebKit:Loading:4] 0x10c612b80 - [webProcessIdentifier=3] NetworkConnectionToWebProcess::scheduleResourceLoad: (parentPID=11759, pageProxyID=4, webPageID=5, frameID=12884901935, resourceID=2953, existingLoaderToResume=0)
  43.460 [com.apple.WebKit:Loading:4] 0x10c612b80 - [webProcessIdentifier=3] NetworkConnectionToWebProcess::resolveBlobReferences: (parentPID=11759, pageProxyID=4, webPageID=5, frameID=12884901935, resourceID=2953)
  43.460 [com.apple.WebKit:Loading:4] 0x10c612b80 - [webProcessIdentifier=3] NetworkConnectionToWebProcess::scheduleResourceLoad: (parentPID=11759, pageProxyID=4, webPageID=5, frameID=12884901935, resourceID=2954, existingLoaderToResume=0)
  43.460 [com.apple.WebKit:Loading:4] 0x10c612b80 - [webProcessIdentifier=3] NetworkConnectionToWebProcess::resolveBlobReferences: (parentPID=11759, pageProxyID=4, webPageID=5, frameID=12884901935, resourceID=2954)
  43.464 [com.apple.WebKit:Loading:4] 0x10c612b80 - [webProcessIdentifier=3] NetworkConnectionToWebProcess::scheduleResourceLoad: (parentPID=11759, pageProxyID=4, webPageID=5, frameID=12884901935, resourceID=2955, existingLoaderToResume=0)
  43.464 [com.apple.WebKit:Loading:4] 0x10c612b80 - [webProcessIdentifier=3] NetworkConnectionToWebProcess::resolveBlobReferences: (parentPID=11759, pageProxyID=4, webPageID=5, frameID=12884901935, resourceID=2955)
  43.465 [com.apple.WebKit:Loading:4] 0x10c612b80 - [webProcessIdentifier=3] NetworkConnectionToWebProcess::scheduleResourceLoad: (parentPID=11759, pageProxyID=4, webPageID=5, frameID=12884901935, resourceID=2956, existingLoaderToResume=0)
  43.465 [com.apple.WebKit:Loading:4] 0x10c612b80 - [webProcessIdentifier=3] NetworkConnectionToWebProcess::resolveBlobReferences: (parentPID=11759, pageProxyID=4, webPageID=5, frameID=12884901935, resourceID=2956)
  43.467 [com.apple.WebKit:Loading:4] 0x10c612b80 - [webProcessIdentifier=3] NetworkConnectionToWebProcess::scheduleResourceLoad: (parentPID=11759, pageProxyID=4, webPageID=5, frameID=12884901935, resourceID=2957, existingLoaderToResume=0)
  43.467 [com.apple.WebKit:Loading:4] 0x10c612b80 - [webProcessIdentifier=3] NetworkConnectionToWebProcess::resolveBlobReferences: (parentPID=11759, pageProxyID=4, webPageID=5, frameID=12884901935, resourceID=2957)
  43.467 [com.apple.WebKit:Loading:4] 0x10c612b80 - [webProcessIdentifier=3] NetworkConnectionToWebProcess::scheduleResourceLoad: (parentPID=11759, pageProxyID=4, webPageID=5, frameID=12884901935, resourceID=2958, existingLoaderToResume=0)
  43.467 [com.apple.WebKit:Loading:4] 0x10c612b80 - [webProcessIdentifier=3] NetworkConnectionToWebProcess::resolveBlobReferences: (parentPID=11759, pageProxyID=4, webPageID=5, frameID=12884901935, resourceID=2958)
  43.467 [com.apple.WebKit:Loading:4] 0x10c612b80 - [webProcessIdentifier=3] NetworkConnectionToWebProcess::scheduleResourceLoad: (parentPID=11759, pageProxyID=4, webPageID=5, frameID=12884901935, resourceID=2959, existingLoaderToResume=0)
  43.467 [com.apple.WebKit:Loading:4] 0x10c612b80 - [webProcessIdentifier=3] NetworkConnectionToWebProcess::resolveBlobReferences: (parentPID=11759, pageProxyID=4, webPageID=5, frameID=12884901935, resourceID=2959)
  43.467 [com.apple.WebKit:Loading:4] 0x10c612b80 - [webProcessIdentifier=3] NetworkConnectionToWebProcess::scheduleResourceLoad: (parentPID=11759, pageProxyID=4, webPageID=5, frameID=12884901935, resourceID=2960, existingLoaderToResume=0)
  43.467 [com.apple.WebKit:Loading:4] 0x10c612b80 - [webProcessIdentifier=3] NetworkConnectionToWebProcess::resolveBlobReferences: (parentPID=11759, pageProxyID=4, webPageID=5, frameID=12884901935, resourceID=2960)
  43.557 [com.apple.WebKit:Loading:4] 0x10c612b80 - [webProcessIdentifier=3] NetworkConnectionToWebProcess::scheduleResourceLoad: (parentPID=11759, pageProxyID=4, webPageID=5, frameID=4294967297, resourceID=2985, existingLoaderToResume=0)
  43.557 [com.apple.WebKit:Loading:4] 0x10c612b80 - [webProcessIdentifier=3] NetworkConnectionToWebProcess::resolveBlobReferences: (parentPID=11759, pageProxyID=4, webPageID=5, frameID=4294967297, resourceID=2985)
  43.559 [com.apple.WebKit:Loading:4] 0x10c612b80 - [webProcessIdentifier=3] NetworkConnectionToWebProcess::scheduleResourceLoad: (parentPID=11759, pageProxyID=4, webPageID=5, frameID=4294967297, resourceID=2986, existingLoaderToResume=0)
  43.559 [com.apple.WebKit:Loading:4] 0x10c612b80 - [webProcessIdentifier=3] NetworkConnectionToWebProcess::resolveBlobReferences: (parentPID=11759, pageProxyID=4, webPageID=5, frameID=4294967297, resourceID=2986)
  43.562 [com.apple.WebKit:Loading:4] 0x10c612b80 - [webProcessIdentifier=3] NetworkConnectionToWebProcess::scheduleResourceLoad: (parentPID=11759, pageProxyID=4, webPageID=5, frameID=12884901934, resourceID=2987, existingLoaderToResume=0)
  43.562 [com.apple.WebKit:Loading:4] 0x10c612b80 - [webProcessIdentifier=3] NetworkConnectionToWebProcess::resolveBlobReferences: (parentPID=11759, pageProxyID=4, webPageID=5, frameID=12884901934, resourceID=2987)
  43.642 [com.apple.WebKit:Loading:4] 0x10c612b80 - [webProcessIdentifier=3] NetworkConnectionToWebProcess::scheduleResourceLoad: (parentPID=11759, pageProxyID=4, webPageID=5, frameID=12884901934, resourceID=2989, existingLoaderToResume=0)
  43.642 [com.apple.WebKit:Loading:4] 0x10c612b80 - [webProcessIdentifier=3] NetworkConnectionToWebProcess::resolveBlobReferences: (parentPID=11759, pageProxyID=4, webPageID=5, frameID=12884901934, resourceID=2989)
  43.642 [com.apple.WebKit:Loading:4] 0x10c612b80 - [webProcessIdentifier=3] NetworkConnectionToWebProcess::scheduleResourceLoad: (parentPID=11759, pageProxyID=4, webPageID=5, frameID=12884901934, resourceID=2990, existingLoaderToResume=0)
  43.642 [com.apple.WebKit:Loading:4] 0x10c612b80 - [webProcessIdentifier=3] NetworkConnectionToWebProcess::resolveBlobReferences: (parentPID=11759, pageProxyID=4, webPageID=5, frameID=12884901934, resourceID=2990)
  43.643 [com.apple.WebKit:Loading:4] 0x10c612b80 - [webProcessIdentifier=3] NetworkConnectionToWebProcess::scheduleResourceLoad: (parentPID=11759, pageProxyID=4, webPageID=5, frameID=12884901934, resourceID=2991, existingLoaderToResume=0)
  43.643 [com.apple.WebKit:Loading:4] 0x10c612b80 - [webProcessIdentifier=3] NetworkConnectionToWebProcess::resolveBlobReferences: (parentPID=11759, pageProxyID=4, webPageID=5, frameID=12884901934, resourceID=2991)
  43.643 [com.apple.WebKit:Loading:4] 0x10c612b80 - [webProcessIdentifier=3] NetworkConnectionToWebProcess::scheduleResourceLoad: (parentPID=11759, pageProxyID=4, webPageID=5, frameID=12884901934, resourceID=2992, existingLoaderToResume=0)
  43.643 [com.apple.WebKit:Loading:4] 0x10c612b80 - [webProcessIdentifier=3] NetworkConnectionToWebProcess::resolveBlobReferences: (parentPID=11759, pageProxyID=4, webPageID=5, frameID=12884901934, resourceID=2992)
  43.644 [com.apple.WebKit:Loading:4] 0x10c612b80 - [webProcessIdentifier=3] NetworkConnectionToWebProcess::scheduleResourceLoad: (parentPID=11759, pageProxyID=4, webPageID=5, frameID=12884901934, resourceID=2993, existingLoaderToResume=0)
  43.644 [com.apple.WebKit:Loading:4] 0x10c612b80 - [webProcessIdentifier=3] NetworkConnectionToWebProcess::resolveBlobReferences: (parentPID=11759, pageProxyID=4, webPageID=5, frameID=12884901934, resourceID=2993)
  43.644 [com.apple.WebKit:Loading:4] 0x10c612b80 - [webProcessIdentifier=3] NetworkConnectionToWebProcess::scheduleResourceLoad: (parentPID=11759, pageProxyID=4, webPageID=5, frameID=12884901934, resourceID=2994, existingLoaderToResume=0)
  43.644 [com.apple.WebKit:Loading:4] 0x10c612b80 - [webProcessIdentifier=3] NetworkConnectionToWebProcess::resolveBlobReferences: (parentPID=11759, pageProxyID=4, webPageID=5, frameID=12884901934, resourceID=2994)
  43.649 [com.apple.WebKit:Loading:4] 0x10c612b80 - [webProcessIdentifier=3] NetworkConnectionToWebProcess::scheduleResourceLoad: (parentPID=11759, pageProxyID=4, webPageID=5, frameID=12884901935, resourceID=2995, existingLoaderToResume=0)
  43.649 [com.apple.WebKit:Loading:4] 0x10c612b80 - [webProcessIdentifier=3] NetworkConnectionToWebProcess::resolveBlobReferences: (parentPID=11759, pageProxyID=4, webPageID=5, frameID=12884901935, resourceID=2995)
  43.650 [com.apple.WebKit:Loading:4] 0x10c612b80 - [webProcessIdentifier=3] NetworkConnectionToWebProcess::scheduleResourceLoad: (parentPID=11759, pageProxyID=4, webPageID=5, frameID=12884901935, resourceID=2996, existingLoaderToResume=0)
  43.650 [com.apple.WebKit:Loading:4] 0x10c612b80 - [webProcessIdentifier=3] NetworkConnectionToWebProcess::resolveBlobReferences: (parentPID=11759, pageProxyID=4, webPageID=5, frameID=12884901935, resourceID=2996)
  43.650 [com.apple.WebKit:Loading:4] 0x10c612b80 - [webProcessIdentifier=3] NetworkConnectionToWebProcess::scheduleResourceLoad: (parentPID=11759, pageProxyID=4, webPageID=5, frameID=12884901935, resourceID=2997, existingLoaderToResume=0)
  43.650 [com.apple.WebKit:Loading:4] 0x10c612b80 - [webProcessIdentifier=3] NetworkConnectionToWebProcess::resolveBlobReferences: (parentPID=11759, pageProxyID=4, webPageID=5, frameID=12884901935, resourceID=2997)
  43.654 [com.apple.WebKit:Loading:4] 0x10c612b80 - [webProcessIdentifier=3] NetworkConnectionToWebProcess::scheduleResourceLoad: (parentPID=11759, pageProxyID=4, webPageID=5, frameID=12884901935, resourceID=2998, existingLoaderToResume=0)
  43.654 [com.apple.WebKit:Loading:4] 0x10c612b80 - [webProcessIdentifier=3] NetworkConnectionToWebProcess::resolveBlobReferences: (parentPID=11759, pageProxyID=4, webPageID=5, frameID=12884901935, resourceID=2998)
  43.655 [com.apple.WebKit:Loading:4] 0x10c612b80 - [webProcessIdentifier=3] NetworkConnectionToWebProcess::scheduleResourceLoad: (parentPID=11759, pageProxyID=4, webPageID=5, frameID=12884901935, resourceID=2999, existingLoaderToResume=0)
  43.655 [com.apple.WebKit:Loading:4] 0x10c612b80 - [webProcessIdentifier=3] NetworkConnectionToWebProcess::resolveBlobReferences: (parentPID=11759, pageProxyID=4, webPageID=5, frameID=12884901935, resourceID=2999)
  43.656 [com.apple.WebKit:Loading:4] 0x10c612b80 - [webProcessIdentifier=3] NetworkConnectionToWebProcess::scheduleResourceLoad: (parentPID=11759, pageProxyID=4, webPageID=5, frameID=12884901935, resourceID=3000, existingLoaderToResume=0)
  43.656 [com.apple.WebKit:Loading:4] 0x10c612b80 - [webProcessIdentifier=3] NetworkConnectionToWebProcess::resolveBlobReferences: (parentPID=11759, pageProxyID=4, webPageID=5, frameID=12884901935, resourceID=3000)
  43.656 [com.apple.WebKit:Loading:4] 0x10c612b80 - [webProcessIdentifier=3] NetworkConnectionToWebProcess::scheduleResourceLoad: (parentPID=11759, pageProxyID=4, webPageID=5, frameID=12884901935, resourceID=3001, existingLoaderToResume=0)
  43.656 [com.apple.WebKit:Loading:4] 0x10c612b80 - [webProcessIdentifier=3] NetworkConnectionToWebProcess::resolveBlobReferences: (parentPID=11759, pageProxyID=4, webPageID=5, frameID=12884901935, resourceID=3001)
  43.658 [com.apple.WebKit:Loading:4] 0x10c612b80 - [webProcessIdentifier=3] NetworkConnectionToWebProcess::scheduleResourceLoad: (parentPID=11759, pageProxyID=4, webPageID=5, frameID=12884901935, resourceID=3002, existingLoaderToResume=0)
  43.658 [com.apple.WebKit:Loading:4] 0x10c612b80 - [webProcessIdentifier=3] NetworkConnectionToWebProcess::resolveBlobReferences: (parentPID=11759, pageProxyID=4, webPageID=5, frameID=12884901935, resourceID=3002)
  43.659 [com.apple.WebKit:Loading:4] 0x10c612b80 - [webProcessIdentifier=3] NetworkConnectionToWebProcess::scheduleResourceLoad: (parentPID=11759, pageProxyID=4, webPageID=5, frameID=12884901935, resourceID=3003, existingLoaderToResume=0)
  43.659 [com.apple.WebKit:Loading:4] 0x10c612b80 - [webProcessIdentifier=3] NetworkConnectionToWebProcess::resolveBlobReferences: (parentPID=11759, pageProxyID=4, webPageID=5, frameID=12884901935, resourceID=3003)
  43.680 [com.apple.WebKit:Loading:4] 0x10c612b80 - [webProcessIdentifier=3] NetworkConnectionToWebProcess::scheduleResourceLoad: (parentPID=11759, pageProxyID=4, webPageID=5, frameID=12884901935, resourceID=3012, existingLoaderToResume=0)
  43.681 [com.apple.WebKit:Loading:4] 0x10c612b80 - [webProcessIdentifier=3] NetworkConnectionToWebProcess::resolveBlobReferences: (parentPID=11759, pageProxyID=4, webPageID=5, frameID=12884901935, resourceID=3012)
  43.774 [com.apple.WebKit:Media:-] MediaElementSession::clientWillPausePlayback(BFA0F8F7AC005120) 
  43.774 [com.apple.WebKit:Media:-] MediaElementSession::processClientWillPausePlayback(BFA0F8F7AC005120) state = Playing
  43.774 [com.apple.WebKit:Media:-] MediaElementSession::setState(BFA0F8F7AC005120) Paused, canProduceAudio=false
  43.774 [com.apple.WebKit:Loading:4] 0x10c612b80 - [webProcessIdentifier=3] NetworkConnectionToWebProcess::scheduleResourceLoad: (parentPID=11759, pageProxyID=4, webPageID=5, frameID=12884901935, resourceID=3014, existingLoaderToResume=0)
  43.774 [com.apple.WebKit:Loading:4] 0x10c612b80 - [webProcessIdentifier=3] NetworkConnectionToWebProcess::resolveBlobReferences: (parentPID=11759, pageProxyID=4, webPageID=5, frameID=12884901935, resourceID=3014)
  43.774 [com.apple.WebKit:Loading:4] 0x10c612b80 - [webProcessIdentifier=3] NetworkConnectionToWebProcess::scheduleResourceLoad: (parentPID=11759, pageProxyID=4, webPageID=5, frameID=12884901935, resourceID=3015, existingLoaderToResume=0)
  43.774 [com.apple.WebKit:Loading:4] 0x10c612b80 - [webProcessIdentifier=3] NetworkConnectionToWebProcess::resolveBlobReferences: (parentPID=11759, pageProxyID=4, webPageID=5, frameID=12884901935, resourceID=3015)
  43.775 [com.apple.WebKit:Loading:4] 0x10c612b80 - [webProcessIdentifier=3] NetworkConnectionToWebProcess::scheduleResourceLoad: (parentPID=11759, pageProxyID=4, webPageID=5, frameID=12884901935, resourceID=3016, existingLoaderToResume=0)
  43.775 [com.apple.WebKit:Loading:4] 0x10c612b80 - [webProcessIdentifier=3] NetworkConnectionToWebProcess::resolveBlobReferences: (parentPID=11759, pageProxyID=4, webPageID=5, frameID=12884901935, resourceID=3016)
  43.777 [com.apple.WebKit:Loading:4] 0x10c612b80 - [webProcessIdentifier=3] NetworkConnectionToWebProcess::scheduleResourceLoad: (parentPID=11759, pageProxyID=4, webPageID=5, frameID=12884901935, resourceID=3017, existingLoaderToResume=0)
  43.777 [com.apple.WebKit:Loading:4] 0x10c612b80 - [webProcessIdentifier=3] NetworkConnectionToWebProcess::resolveBlobReferences: (parentPID=11759, pageProxyID=4, webPageID=5, frameID=12884901935, resourceID=3017)
  43.777 [com.apple.WebKit:Loading:4] 0x10c612b80 - [webProcessIdentifier=3] NetworkConnectionToWebProcess::scheduleResourceLoad: (parentPID=11759, pageProxyID=4, webPageID=5, frameID=12884901935, resourceID=3018, existingLoaderToResume=0)
  43.777 [com.apple.WebKit:Loading:4] 0x10c612b80 - [webProcessIdentifier=3] NetworkConnectionToWebProcess::resolveBlobReferences: (parentPID=11759, pageProxyID=4, webPageID=5, frameID=12884901935, resourceID=3018)
  43.777 [com.apple.WebKit:Loading:4] 0x10c612b80 - [webProcessIdentifier=3] NetworkConnectionToWebProcess::scheduleResourceLoad: (parentPID=11759, pageProxyID=4, webPageID=5, frameID=12884901935, resourceID=3019, existingLoaderToResume=0)
  43.777 [com.apple.WebKit:Loading:4] 0x10c612b80 - [webProcessIdentifier=3] NetworkConnectionToWebProcess::resolveBlobReferences: (parentPID=11759, pageProxyID=4, webPageID=5, frameID=12884901935, resourceID=3019)
  43.777 [com.apple.WebKit:Loading:4] 0x10c612b80 - [webProcessIdentifier=3] NetworkConnectionToWebProcess::scheduleResourceLoad: (parentPID=11759, pageProxyID=4, webPageID=5, frameID=12884901935, resourceID=3020, existingLoaderToResume=0)
  43.777 [com.apple.WebKit:Loading:4] 0x10c612b80 - [webProcessIdentifier=3] NetworkConnectionToWebProcess::resolveBlobReferences: (parentPID=11759, pageProxyID=4, webPageID=5, frameID=12884901935, resourceID=3020)
  43.777 [com.apple.WebKit:Loading:4] 0x10c612b80 - [webProcessIdentifier=3] NetworkConnectionToWebProcess::scheduleResourceLoad: (parentPID=11759, pageProxyID=4, webPageID=5, frameID=12884901935, resourceID=3021, existingLoaderToResume=0)
  43.777 [com.apple.WebKit:Loading:4] 0x10c612b80 - [webProcessIdentifier=3] NetworkConnectionToWebProcess::resolveBlobReferences: (parentPID=11759, pageProxyID=4, webPageID=5, frameID=12884901935, resourceID=3021)
  43.777 [com.apple.WebKit:Loading:4] 0x10c612b80 - [webProcessIdentifier=3] NetworkConnectionToWebProcess::scheduleResourceLoad: (parentPID=11759, pageProxyID=4, webPageID=5, frameID=12884901935, resourceID=3022, existingLoaderToResume=0)
  43.777 [com.apple.WebKit:Loading:4] 0x10c612b80 - [webProcessIdentifier=3] NetworkConnectionToWebProcess::resolveBlobReferences: (parentPID=11759, pageProxyID=4, webPageID=5, frameID=12884901935, resourceID=3022)
  43.782 [com.apple.WebKit:Loading:4] 0x10c612b80 - [webProcessIdentifier=3] NetworkConnectionToWebProcess::scheduleResourceLoad: (parentPID=11759, pageProxyID=4, webPageID=5, frameID=12884901935, resourceID=3023, existingLoaderToResume=0)
  43.782 [com.apple.WebKit:Loading:4] 0x10c612b80 - [webProcessIdentifier=3] NetworkConnectionToWebProcess::resolveBlobReferences: (parentPID=11759, pageProxyID=4, webPageID=5, frameID=12884901935, resourceID=3023)
  43.782 [com.apple.WebKit:Loading:4] 0x10c612b80 - [webProcessIdentifier=3] NetworkConnectionToWebProcess::scheduleResourceLoad: (parentPID=11759, pageProxyID=4, webPageID=5, frameID=12884901935, resourceID=3024, existingLoaderToResume=0)
  43.782 [com.apple.WebKit:Loading:4] 0x10c612b80 - [webProcessIdentifier=3] NetworkConnectionToWebProcess::resolveBlobReferences: (parentPID=11759, pageProxyID=4, webPageID=5, frameID=12884901935, resourceID=3024)
  43.797 [com.apple.WebKit:Loading:4] 0x10c612b80 - [webProcessIdentifier=3] NetworkConnectionToWebProcess::scheduleResourceLoad: (parentPID=11759, pageProxyID=4, webPageID=5, frameID=12884901915, resourceID=3088, existingLoaderToResume=0)
  43.797 [com.apple.WebKit:Loading:4] 0x10c612b80 - [webProcessIdentifier=3] NetworkConnectionToWebProcess::resolveBlobReferences: (parentPID=11759, pageProxyID=4, webPageID=5, frameID=12884901915, resourceID=3088)
  43.800 [com.apple.WebKit:Loading:4] 0x10c612b80 - [webProcessIdentifier=3] NetworkConnectionToWebProcess::scheduleResourceLoad: (parentPID=11759, pageProxyID=4, webPageID=5, frameID=12884901917, resourceID=3090, existingLoaderToResume=0)
  43.801 [com.apple.WebKit:Loading:4] 0x10c612b80 - [webProcessIdentifier=3] NetworkConnectionToWebProcess::resolveBlobReferences: (parentPID=11759, pageProxyID=4, webPageID=5, frameID=12884901917, resourceID=3090)
  43.842 [com.apple.WebKit:Media:-] MediaElementSession::clientWillPausePlayback(D6789D0B520AE0D8) 
  43.842 [com.apple.WebKit:Media:-] MediaElementSession::processClientWillPausePlayback(D6789D0B520AE0D8) state = Playing
  43.842 [com.apple.WebKit:Media:-] MediaElementSession::setState(D6789D0B520AE0D8) Paused, canProduceAudio=false
  43.957 TIGER script: scroll 0,-600
  44.057 [com.apple.WebKit:Loading:4] 0x10c612b80 - [webProcessIdentifier=3] NetworkConnectionToWebProcess::scheduleResourceLoad: (parentPID=11759, pageProxyID=4, webPageID=5, frameID=4294967297, resourceID=3151, existingLoaderToResume=0)
  44.057 [com.apple.WebKit:Loading:4] 0x10c612b80 - [webProcessIdentifier=3] NetworkConnectionToWebProcess::resolveBlobReferences: (parentPID=11759, pageProxyID=4, webPageID=5, frameID=4294967297, resourceID=3151)
  44.161 [com.apple.WebKit:Loading:4] 0x10c612b80 - [webProcessIdentifier=3] NetworkConnectionToWebProcess::scheduleResourceLoad: (parentPID=11759, pageProxyID=4, webPageID=5, frameID=4294967297, resourceID=3187, existingLoaderToResume=0)
  44.161 [com.apple.WebKit:Loading:4] 0x10c612b80 - [webProcessIdentifier=3] NetworkConnectionToWebProcess::resolveBlobReferences: (parentPID=11759, pageProxyID=4, webPageID=5, frameID=4294967297, resourceID=3187)
  44.170 [com.apple.WebKit:Loading:4] 0x10c612b80 - [webProcessIdentifier=3] NetworkConnectionToWebProcess::scheduleResourceLoad: (parentPID=11759, pageProxyID=4, webPageID=5, frameID=4294967297, resourceID=3188, existingLoaderToResume=0)
  44.170 [com.apple.WebKit:Loading:4] 0x10c612b80 - [webProcessIdentifier=3] NetworkConnectionToWebProcess::resolveBlobReferences: (parentPID=11759, pageProxyID=4, webPageID=5, frameID=4294967297, resourceID=3188)
  44.170 [com.apple.WebKit:Loading:4] 0x10c612b80 - [webProcessIdentifier=3] NetworkConnectionToWebProcess::scheduleResourceLoad: (parentPID=11759, pageProxyID=4, webPageID=5, frameID=4294967297, resourceID=3189, existingLoaderToResume=0)
  44.170 [com.apple.WebKit:Loading:4] 0x10c612b80 - [webProcessIdentifier=3] NetworkConnectionToWebProcess::resolveBlobReferences: (parentPID=11759, pageProxyID=4, webPageID=5, frameID=4294967297, resourceID=3189)
  44.170 [com.apple.WebKit:Loading:4] 0x10c612b80 - [webProcessIdentifier=3] NetworkConnectionToWebProcess::scheduleResourceLoad: (parentPID=11759, pageProxyID=4, webPageID=5, frameID=4294967297, resourceID=3190, existingLoaderToResume=0)
  44.170 [com.apple.WebKit:Loading:4] 0x10c612b80 - [webProcessIdentifier=3] NetworkConnectionToWebProcess::resolveBlobReferences: (parentPID=11759, pageProxyID=4, webPageID=5, frameID=4294967297, resourceID=3190)
  44.260 [com.apple.WebKit:Loading:4] [pageID=5, frameID=12884901939] PolicyChecker::checkNavigationPolicy: continuing because this is an initial empty document
  44.260 TIGER script: wait 3
  44.295 [com.apple.WebKit:Loading:4] 0x10c612b80 - [webProcessIdentifier=3] NetworkConnectionToWebProcess::scheduleResourceLoad: (parentPID=11759, pageProxyID=4, webPageID=5, frameID=12884901915, resourceID=3234, existingLoaderToResume=0)
  44.295 [com.apple.WebKit:Loading:4] 0x10c612b80 - [webProcessIdentifier=3] NetworkConnectionToWebProcess::resolveBlobReferences: (parentPID=11759, pageProxyID=4, webPageID=5, frameID=12884901915, resourceID=3234)
  44.298 [com.apple.WebKit:Loading:4] 0x10c612b80 - [webProcessIdentifier=3] NetworkConnectionToWebProcess::scheduleResourceLoad: (parentPID=11759, pageProxyID=4, webPageID=5, frameID=12884901917, resourceID=3236, existingLoaderToResume=0)
  44.298 [com.apple.WebKit:Loading:4] 0x10c612b80 - [webProcessIdentifier=3] NetworkConnectionToWebProcess::resolveBlobReferences: (parentPID=11759, pageProxyID=4, webPageID=5, frameID=12884901917, resourceID=3236)
  44.300 [com.apple.WebKit:Loading:4] 0x10c612b80 - [webProcessIdentifier=3] NetworkConnectionToWebProcess::scheduleResourceLoad: (parentPID=11759, pageProxyID=4, webPageID=5, frameID=12884901917, resourceID=3238, existingLoaderToResume=0)
  44.301 [com.apple.WebKit:Loading:4] 0x10c612b80 - [webProcessIdentifier=3] NetworkConnectionToWebProcess::resolveBlobReferences: (parentPID=11759, pageProxyID=4, webPageID=5, frameID=12884901917, resourceID=3238)
  44.429 [com.apple.WebKit:Loading:4] [pageID=5, frameID=12884901940] PolicyChecker::checkNavigationPolicy: continuing because this is an initial empty document
  44.443 [com.apple.WebKit:Loading:4] 0x10c612b80 - [webProcessIdentifier=3] NetworkConnectionToWebProcess::scheduleResourceLoad: (parentPID=11759, pageProxyID=4, webPageID=5, frameID=12884901940, resourceID=3291, existingLoaderToResume=0)
  44.443 [com.apple.WebKit:Loading:4] 0x10c612b80 - [webProcessIdentifier=3] NetworkConnectionToWebProcess::resolveBlobReferences: (parentPID=11759, pageProxyID=4, webPageID=5, frameID=12884901940, resourceID=3291)
  44.447 [com.apple.WebKit:Loading:4] 0x10c612b80 - [webProcessIdentifier=3] NetworkConnectionToWebProcess::scheduleResourceLoad: (parentPID=11759, pageProxyID=4, webPageID=5, frameID=12884901940, resourceID=3295, existingLoaderToResume=0)
  44.447 [com.apple.WebKit:Loading:4] 0x10c612b80 - [webProcessIdentifier=3] NetworkConnectionToWebProcess::resolveBlobReferences: (parentPID=11759, pageProxyID=4, webPageID=5, frameID=12884901940, resourceID=3295)
  44.449 [com.apple.WebKit:Loading:4] 0x10c612b80 - [webProcessIdentifier=3] NetworkConnectionToWebProcess::scheduleResourceLoad: (parentPID=11759, pageProxyID=4, webPageID=5, frameID=12884901940, resourceID=3299, existingLoaderToResume=0)
  44.449 [com.apple.WebKit:Loading:4] 0x10c612b80 - [webProcessIdentifier=3] NetworkConnectionToWebProcess::resolveBlobReferences: (parentPID=11759, pageProxyID=4, webPageID=5, frameID=12884901940, resourceID=3299)
  44.500 [com.apple.WebKit:Loading:4] [pageID=5, frameID=12884901941] PolicyChecker::checkNavigationPolicy: continuing because this is an initial empty document
  44.561 [com.apple.WebKit:Loading:4] 0x10c612b80 - [webProcessIdentifier=3] NetworkConnectionToWebProcess::scheduleResourceLoad: (parentPID=11759, pageProxyID=4, webPageID=5, frameID=12884901940, resourceID=3319, existingLoaderToResume=0)
  44.561 [com.apple.WebKit:Loading:4] 0x10c612b80 - [webProcessIdentifier=3] NetworkConnectionToWebProcess::resolveBlobReferences: (parentPID=11759, pageProxyID=4, webPageID=5, frameID=12884901940, resourceID=3319)
  44.591 [com.apple.WebKit:Loading:4] 0x10c612b80 - [webProcessIdentifier=3] NetworkConnectionToWebProcess::scheduleResourceLoad: (parentPID=11759, pageProxyID=4, webPageID=5, frameID=4294967297, resourceID=3320, existingLoaderToResume=0)
  44.591 [com.apple.WebKit:Loading:4] 0x10c612b80 - [webProcessIdentifier=3] NetworkConnectionToWebProcess::resolveBlobReferences: (parentPID=11759, pageProxyID=4, webPageID=5, frameID=4294967297, resourceID=3320)
  44.654 [com.apple.WebKit:Loading:4] [pageID=5, frameID=12884901942] PolicyChecker::checkNavigationPolicy: continuing because this is an initial empty document
  44.667 [com.apple.WebKit:Loading:4] [pageID=5, frameID=12884901943] PolicyChecker::checkNavigationPolicy: continuing because this is an initial empty document
  44.712 [com.apple.WebKit:Layout:4] [webFrameID=4294967297, webPageID=5] WebLocalFrameLoaderClient::dispatchDidReachLayoutMilestone: dispatching DidReachLayoutMilestone (milestones=DidFirstMeaningfulPaint)
  44.838 [com.apple.WebKit:Loading:4] 0x10c612b80 - [webProcessIdentifier=3] NetworkConnectionToWebProcess::scheduleResourceLoad: (parentPID=11759, pageProxyID=4, webPageID=5, frameID=12884901940, resourceID=3384, existingLoaderToResume=0)
  44.838 [com.apple.WebKit:Loading:4] 0x10c612b80 - [webProcessIdentifier=3] NetworkConnectionToWebProcess::resolveBlobReferences: (parentPID=11759, pageProxyID=4, webPageID=5, frameID=12884901940, resourceID=3384)
  44.929 [com.apple.WebKit:Loading:4] 0x10c612b80 - [webProcessIdentifier=3] NetworkConnectionToWebProcess::scheduleResourceLoad: (parentPID=11759, pageProxyID=4, webPageID=5, frameID=12884901943, resourceID=3394, existingLoaderToResume=0)
  44.929 [com.apple.WebKit:Loading:4] 0x10c612b80 - [webProcessIdentifier=3] NetworkConnectionToWebProcess::resolveBlobReferences: (parentPID=11759, pageProxyID=4, webPageID=5, frameID=12884901943, resourceID=3394)
  45.013 [com.apple.WebKit:Loading:4] 0x10c612b80 - [webProcessIdentifier=3] NetworkConnectionToWebProcess::scheduleResourceLoad: (parentPID=11759, pageProxyID=4, webPageID=5, frameID=12884901940, resourceID=3405, existingLoaderToResume=0)
  45.013 [com.apple.WebKit:Loading:4] 0x10c612b80 - [webProcessIdentifier=3] NetworkConnectionToWebProcess::resolveBlobReferences: (parentPID=11759, pageProxyID=4, webPageID=5, frameID=12884901940, resourceID=3405)
  45.017 [com.apple.WebKit:Loading:4] 0x10c612b80 - [webProcessIdentifier=3] NetworkConnectionToWebProcess::scheduleResourceLoad: (parentPID=11759, pageProxyID=4, webPageID=5, frameID=4294967297, resourceID=3407, existingLoaderToResume=0)
  45.017 [com.apple.WebKit:Loading:4] 0x10c612b80 - [webProcessIdentifier=3] NetworkConnectionToWebProcess::resolveBlobReferences: (parentPID=11759, pageProxyID=4, webPageID=5, frameID=4294967297, resourceID=3407)
  45.020 [com.apple.WebKit:Loading:4] 0x10c612b80 - [webProcessIdentifier=3] NetworkConnectionToWebProcess::scheduleResourceLoad: (parentPID=11759, pageProxyID=4, webPageID=5, frameID=4294967297, resourceID=3408, existingLoaderToResume=0)
  45.020 [com.apple.WebKit:Loading:4] 0x10c612b80 - [webProcessIdentifier=3] NetworkConnectionToWebProcess::resolveBlobReferences: (parentPID=11759, pageProxyID=4, webPageID=5, frameID=4294967297, resourceID=3408)
  45.267 [com.apple.WebKit:Media:-] MediaSessionManagerInterface::dumpSessionStates(0)  Sessions:
  45.267 (D6789D0B520AE0D8): Video, Paused, 
  45.267 (BFA0F8F7AC005120): Video, Paused, 
  45.267 
  45.279 [com.apple.WebKit:Loading:4] 0x10c612b80 - [webProcessIdentifier=3] NetworkConnectionToWebProcess::scheduleResourceLoad: (parentPID=11759, pageProxyID=4, webPageID=5, frameID=4294967297, resourceID=3449, existingLoaderToResume=0)
  45.279 [com.apple.WebKit:Loading:4] 0x10c612b80 - [webProcessIdentifier=3] NetworkConnectionToWebProcess::resolveBlobReferences: (parentPID=11759, pageProxyID=4, webPageID=5, frameID=4294967297, resourceID=3449)
  45.836 [com.apple.WebKit:Loading:4] 0x10c612b80 - [webProcessIdentifier=3] NetworkConnectionToWebProcess::scheduleResourceLoad: (parentPID=11759, pageProxyID=4, webPageID=5, frameID=4294967297, resourceID=3595, existingLoaderToResume=0)
  45.836 [com.apple.WebKit:Loading:4] 0x10c612b80 - [webProcessIdentifier=3] NetworkConnectionToWebProcess::resolveBlobReferences: (parentPID=11759, pageProxyID=4, webPageID=5, frameID=4294967297, resourceID=3595)
  45.839 [com.apple.WebKit:Loading:4] 0x10c612b80 - [webProcessIdentifier=3] NetworkConnectionToWebProcess::scheduleResourceLoad: (parentPID=11759, pageProxyID=4, webPageID=5, frameID=4294967297, resourceID=3596, existingLoaderToResume=0)
  45.839 [com.apple.WebKit:Loading:4] 0x10c612b80 - [webProcessIdentifier=3] NetworkConnectionToWebProcess::resolveBlobReferences: (parentPID=11759, pageProxyID=4, webPageID=5, frameID=4294967297, resourceID=3596)
  45.965 [com.apple.WebKit:Loading:4] 0x10c612b80 - [webProcessIdentifier=3] NetworkConnectionToWebProcess::scheduleResourceLoad: (parentPID=11759, pageProxyID=4, webPageID=5, frameID=12884901908, resourceID=3603, existingLoaderToResume=0)
  45.965 [com.apple.WebKit:Loading:4] 0x10c612b80 - [webProcessIdentifier=3] NetworkConnectionToWebProcess::resolveBlobReferences: (parentPID=11759, pageProxyID=4, webPageID=5, frameID=12884901908, resourceID=3603)
  46.196 [com.apple.WebKit:Loading:4] 0x10c612b80 - [webProcessIdentifier=3] NetworkConnectionToWebProcess::scheduleResourceLoad: (parentPID=11759, pageProxyID=4, webPageID=5, frameID=4294967297, resourceID=3706, existingLoaderToResume=0)
  46.196 [com.apple.WebKit:Loading:4] 0x10c612b80 - [webProcessIdentifier=3] NetworkConnectionToWebProcess::resolveBlobReferences: (parentPID=11759, pageProxyID=4, webPageID=5, frameID=4294967297, resourceID=3706)
  46.408 [com.apple.WebKit:Loading:4] 0x10c612b80 - [webProcessIdentifier=3] NetworkConnectionToWebProcess::scheduleResourceLoad: (parentPID=11759, pageProxyID=4, webPageID=5, frameID=4294967297, resourceID=3789, existingLoaderToResume=0)
  46.409 [com.apple.WebKit:Loading:4] 0x10c612b80 - [webProcessIdentifier=3] NetworkConnectionToWebProcess::resolveBlobReferences: (parentPID=11759, pageProxyID=4, webPageID=5, frameID=4294967297, resourceID=3789)
  47.259 TIGER script: scroll 0,-600
  47.303 [com.apple.WebKit:Loading:4] 0x10c612b80 - [webProcessIdentifier=3] NetworkConnectionToWebProcess::scheduleResourceLoad: (parentPID=11759, pageProxyID=4, webPageID=5, frameID=4294967297, resourceID=4132, existingLoaderToResume=0)
  47.303 [com.apple.WebKit:Loading:4] 0x10c612b80 - [webProcessIdentifier=3] NetworkConnectionToWebProcess::resolveBlobReferences: (parentPID=11759, pageProxyID=4, webPageID=5, frameID=4294967297, resourceID=4132)
  47.559 TIGER script: wait 3
  47.818 [com.apple.WebKit:Loading:4] 0x10c612b80 - [webProcessIdentifier=3] NetworkConnectionToWebProcess::scheduleResourceLoad: (parentPID=11759, pageProxyID=4, webPageID=5, frameID=4294967297, resourceID=4275, existingLoaderToResume=0)
  47.818 [com.apple.WebKit:Loading:4] 0x10c612b80 - [webProcessIdentifier=3] NetworkConnectionToWebProcess::resolveBlobReferences: (parentPID=11759, pageProxyID=4, webPageID=5, frameID=4294967297, resourceID=4275)
  48.114 [com.apple.WebKit:Loading:4] 0x10c612b80 - [webProcessIdentifier=3] NetworkConnectionToWebProcess::scheduleResourceLoad: (parentPID=11759, pageProxyID=4, webPageID=5, frameID=12884901940, resourceID=4443, existingLoaderToResume=0)
  48.114 [com.apple.WebKit:Loading:4] 0x10c612b80 - [webProcessIdentifier=3] NetworkConnectionToWebProcess::resolveBlobReferences: (parentPID=11759, pageProxyID=4, webPageID=5, frameID=12884901940, resourceID=4443)
  48.119 [com.apple.WebKit:Loading:4] [pageID=5, frameID=12884901944] PolicyChecker::checkNavigationPolicy: continuing because this is an initial empty document
  48.129 [com.apple.WebKit:Loading:4] 0x10c612b80 - [webProcessIdentifier=3] NetworkConnectionToWebProcess::scheduleResourceLoad: (parentPID=11759, pageProxyID=4, webPageID=5, frameID=12884901940, resourceID=4457, existingLoaderToResume=0)
  48.129 [com.apple.WebKit:Loading:4] 0x10c612b80 - [webProcessIdentifier=3] NetworkConnectionToWebProcess::resolveBlobReferences: (parentPID=11759, pageProxyID=4, webPageID=5, frameID=12884901940, resourceID=4457)
  48.201 [com.apple.WebKit:Loading:4] 0x10c612b80 - [webProcessIdentifier=3] NetworkConnectionToWebProcess::scheduleResourceLoad: (parentPID=11759, pageProxyID=4, webPageID=5, frameID=12884901940, resourceID=4462, existingLoaderToResume=0)
  48.201 [com.apple.WebKit:Loading:4] 0x10c612b80 - [webProcessIdentifier=3] NetworkConnectionToWebProcess::resolveBlobReferences: (parentPID=11759, pageProxyID=4, webPageID=5, frameID=12884901940, resourceID=4462)
  48.385 [com.apple.WebKit:Loading:4] 0x10c612b80 - [webProcessIdentifier=3] NetworkConnectionToWebProcess::scheduleResourceLoad: (parentPID=11759, pageProxyID=4, webPageID=5, frameID=12884901940, resourceID=4465, existingLoaderToResume=0)
  48.385 [com.apple.WebKit:Loading:4] 0x10c612b80 - [webProcessIdentifier=3] NetworkConnectionToWebProcess::resolveBlobReferences: (parentPID=11759, pageProxyID=4, webPageID=5, frameID=12884901940, resourceID=4465)
  48.608 [com.apple.WebKit:Loading:4] 0x10c612b80 - [webProcessIdentifier=3] NetworkConnectionToWebProcess::scheduleResourceLoad: (parentPID=11759, pageProxyID=4, webPageID=5, frameID=12884901943, resourceID=4555, existingLoaderToResume=0)
  48.608 [com.apple.WebKit:Loading:4] 0x10c612b80 - [webProcessIdentifier=3] NetworkConnectionToWebProcess::resolveBlobReferences: (parentPID=11759, pageProxyID=4, webPageID=5, frameID=12884901943, resourceID=4555)
  48.789 [com.apple.WebKit:Loading:4] 0x10c612b80 - [webProcessIdentifier=3] NetworkConnectionToWebProcess::scheduleResourceLoad: (parentPID=11759, pageProxyID=4, webPageID=5, frameID=4294967297, resourceID=4567, existingLoaderToResume=0)
  48.789 [com.apple.WebKit:Loading:4] 0x10c612b80 - [webProcessIdentifier=3] NetworkConnectionToWebProcess::resolveBlobReferences: (parentPID=11759, pageProxyID=4, webPageID=5, frameID=4294967297, resourceID=4567)
  49.073 [com.apple.WebKit:Loading:4] 0x10c612b80 - [webProcessIdentifier=3] NetworkConnectionToWebProcess::scheduleResourceLoad: (parentPID=11759, pageProxyID=4, webPageID=5, frameID=4294967297, resourceID=4669, existingLoaderToResume=0)
  49.074 [com.apple.WebKit:Loading:4] 0x10c612b80 - [webProcessIdentifier=3] NetworkConnectionToWebProcess::resolveBlobReferences: (parentPID=11759, pageProxyID=4, webPageID=5, frameID=4294967297, resourceID=4669)
  49.139 [com.apple.WebKit:Loading:4] 0x10c612b80 - [webProcessIdentifier=3] NetworkConnectionToWebProcess::scheduleResourceLoad: (parentPID=11759, pageProxyID=4, webPageID=5, frameID=4294967297, resourceID=4714, existingLoaderToResume=0)
  49.139 [com.apple.WebKit:Loading:4] 0x10c612b80 - [webProcessIdentifier=3] NetworkConnectionToWebProcess::resolveBlobReferences: (parentPID=11759, pageProxyID=4, webPageID=5, frameID=4294967297, resourceID=4714)
  50.561 TIGER script: scroll 0,-600
  50.695 [com.apple.WebKit:Loading:4] 0x10c612b80 - [webProcessIdentifier=3] NetworkConnectionToWebProcess::scheduleResourceLoad: (parentPID=11759, pageProxyID=4, webPageID=5, frameID=4294967297, resourceID=4809, existingLoaderToResume=0)
  50.695 [com.apple.WebKit:Loading:4] 0x10c612b80 - [webProcessIdentifier=3] NetworkConnectionToWebProcess::resolveBlobReferences: (parentPID=11759, pageProxyID=4, webPageID=5, frameID=4294967297, resourceID=4809)
  50.712 [com.apple.WebKit:Loading:4] 0x10c612b80 - [webProcessIdentifier=3] NetworkConnectionToWebProcess::scheduleResourceLoad: (parentPID=11759, pageProxyID=4, webPageID=5, frameID=12884901940, resourceID=4810, existingLoaderToResume=0)
  50.712 [com.apple.WebKit:Loading:4] 0x10c612b80 - [webProcessIdentifier=3] NetworkConnectionToWebProcess::resolveBlobReferences: (parentPID=11759, pageProxyID=4, webPageID=5, frameID=12884901940, resourceID=4810)
  50.742 [com.apple.WebKit:Loading:4] 0x10c612b80 - [webProcessIdentifier=3] NetworkConnectionToWebProcess::scheduleResourceLoad: (parentPID=11759, pageProxyID=4, webPageID=5, frameID=4294967297, resourceID=4831, existingLoaderToResume=0)
  50.742 [com.apple.WebKit:Loading:4] 0x10c612b80 - [webProcessIdentifier=3] NetworkConnectionToWebProcess::resolveBlobReferences: (parentPID=11759, pageProxyID=4, webPageID=5, frameID=4294967297, resourceID=4831)
  50.763 [com.apple.WebKit:Loading:4] 0x10c612b80 - [webProcessIdentifier=3] NetworkConnectionToWebProcess::scheduleResourceLoad: (parentPID=11759, pageProxyID=4, webPageID=5, frameID=4294967297, resourceID=4832, existingLoaderToResume=0)
  50.763 [com.apple.WebKit:Loading:4] 0x10c612b80 - [webProcessIdentifier=3] NetworkConnectionToWebProcess::resolveBlobReferences: (parentPID=11759, pageProxyID=4, webPageID=5, frameID=4294967297, resourceID=4832)
  50.788 [com.apple.WebKit:Loading:4] 0x10c612b80 - [webProcessIdentifier=3] NetworkConnectionToWebProcess::scheduleResourceLoad: (parentPID=11759, pageProxyID=4, webPageID=5, frameID=12884901943, resourceID=4850, existingLoaderToResume=0)
  50.788 [com.apple.WebKit:Loading:4] 0x10c612b80 - [webProcessIdentifier=3] NetworkConnectionToWebProcess::resolveBlobReferences: (parentPID=11759, pageProxyID=4, webPageID=5, frameID=12884901943, resourceID=4850)
  50.859 TIGER script: wait 3
  51.192 [com.apple.WebKit:Loading:4] 0x10c612b80 - [webProcessIdentifier=3] NetworkConnectionToWebProcess::scheduleResourceLoad: (parentPID=11759, pageProxyID=4, webPageID=5, frameID=4294967297, resourceID=4902, existingLoaderToResume=0)
  51.192 [com.apple.WebKit:Loading:4] 0x10c612b80 - [webProcessIdentifier=3] NetworkConnectionToWebProcess::resolveBlobReferences: (parentPID=11759, pageProxyID=4, webPageID=5, frameID=4294967297, resourceID=4902)
  51.293 [com.apple.WebKit:Loading:4] 0x10c612b80 - [webProcessIdentifier=3] NetworkConnectionToWebProcess::scheduleResourceLoad: (parentPID=11759, pageProxyID=4, webPageID=5, frameID=4294967297, resourceID=4955, existingLoaderToResume=0)
  51.293 [com.apple.WebKit:Loading:4] 0x10c612b80 - [webProcessIdentifier=3] NetworkConnectionToWebProcess::resolveBlobReferences: (parentPID=11759, pageProxyID=4, webPageID=5, frameID=4294967297, resourceID=4955)
  51.301 [com.apple.WebKit:Loading:4] 0x10c612b80 - [webProcessIdentifier=3] NetworkConnectionToWebProcess::scheduleResourceLoad: (parentPID=11759, pageProxyID=4, webPageID=5, frameID=4294967297, resourceID=4956, existingLoaderToResume=0)
  51.301 [com.apple.WebKit:Loading:4] 0x10c612b80 - [webProcessIdentifier=3] NetworkConnectionToWebProcess::resolveBlobReferences: (parentPID=11759, pageProxyID=4, webPageID=5, frameID=4294967297, resourceID=4956)
  51.308 [com.apple.WebKit:Loading:4] 0x10c612b80 - [webProcessIdentifier=3] NetworkConnectionToWebProcess::scheduleResourceLoad: (parentPID=11759, pageProxyID=4, webPageID=5, frameID=4294967297, resourceID=4957, existingLoaderToResume=0)
  51.308 [com.apple.WebKit:Loading:4] 0x10c612b80 - [webProcessIdentifier=3] NetworkConnectionToWebProcess::resolveBlobReferences: (parentPID=11759, pageProxyID=4, webPageID=5, frameID=4294967297, resourceID=4957)
  51.317 [com.apple.WebKit:Loading:4] 0x10c612b80 - [webProcessIdentifier=3] NetworkConnectionToWebProcess::scheduleResourceLoad: (parentPID=11759, pageProxyID=4, webPageID=5, frameID=4294967297, resourceID=4958, existingLoaderToResume=0)
  51.317 [com.apple.WebKit:Loading:4] 0x10c612b80 - [webProcessIdentifier=3] NetworkConnectionToWebProcess::resolveBlobReferences: (parentPID=11759, pageProxyID=4, webPageID=5, frameID=4294967297, resourceID=4958)
  51.326 [com.apple.WebKit:Loading:4] 0x10c612b80 - [webProcessIdentifier=3] NetworkConnectionToWebProcess::scheduleResourceLoad: (parentPID=11759, pageProxyID=4, webPageID=5, frameID=4294967297, resourceID=4959, existingLoaderToResume=0)
  51.326 [com.apple.WebKit:Loading:4] 0x10c612b80 - [webProcessIdentifier=3] NetworkConnectionToWebProcess::resolveBlobReferences: (parentPID=11759, pageProxyID=4, webPageID=5, frameID=4294967297, resourceID=4959)
  51.334 [com.apple.WebKit:Loading:4] 0x10c612b80 - [webProcessIdentifier=3] NetworkConnectionToWebProcess::scheduleResourceLoad: (parentPID=11759, pageProxyID=4, webPageID=5, frameID=4294967297, resourceID=4960, existingLoaderToResume=0)
  51.334 [com.apple.WebKit:Loading:4] 0x10c612b80 - [webProcessIdentifier=3] NetworkConnectionToWebProcess::resolveBlobReferences: (parentPID=11759, pageProxyID=4, webPageID=5, frameID=4294967297, resourceID=4960)
  51.346 [com.apple.WebKit:Loading:4] 0x10c612b80 - [webProcessIdentifier=3] NetworkConnectionToWebProcess::scheduleResourceLoad: (parentPID=11759, pageProxyID=4, webPageID=5, frameID=4294967297, resourceID=4961, existingLoaderToResume=0)
  51.346 [com.apple.WebKit:Loading:4] 0x10c612b80 - [webProcessIdentifier=3] NetworkConnectionToWebProcess::resolveBlobReferences: (parentPID=11759, pageProxyID=4, webPageID=5, frameID=4294967297, resourceID=4961)
  51.373 [com.apple.WebKit:Loading:4] 0x10c612b80 - [webProcessIdentifier=3] NetworkConnectionToWebProcess::scheduleResourceLoad: (parentPID=11759, pageProxyID=4, webPageID=5, frameID=4294967297, resourceID=4962, existingLoaderToResume=0)
  51.373 [com.apple.WebKit:Loading:4] 0x10c612b80 - [webProcessIdentifier=3] NetworkConnectionToWebProcess::resolveBlobReferences: (parentPID=11759, pageProxyID=4, webPageID=5, frameID=4294967297, resourceID=4962)
  51.389 [com.apple.WebKit:Loading:4] 0x10c612b80 - [webProcessIdentifier=3] NetworkConnectionToWebProcess::scheduleResourceLoad: (parentPID=11759, pageProxyID=4, webPageID=5, frameID=4294967297, resourceID=4963, existingLoaderToResume=0)
  51.389 [com.apple.WebKit:Loading:4] 0x10c612b80 - [webProcessIdentifier=3] NetworkConnectionToWebProcess::resolveBlobReferences: (parentPID=11759, pageProxyID=4, webPageID=5, frameID=4294967297, resourceID=4963)
  51.396 [com.apple.WebKit:Loading:4] 0x10c612b80 - [webProcessIdentifier=3] NetworkConnectionToWebProcess::scheduleResourceLoad: (parentPID=11759, pageProxyID=4, webPageID=5, frameID=4294967297, resourceID=4964, existingLoaderToResume=0)
  51.396 [com.apple.WebKit:Loading:4] 0x10c612b80 - [webProcessIdentifier=3] NetworkConnectionToWebProcess::resolveBlobReferences: (parentPID=11759, pageProxyID=4, webPageID=5, frameID=4294967297, resourceID=4964)
  51.403 [com.apple.WebKit:Loading:4] 0x10c612b80 - [webProcessIdentifier=3] NetworkConnectionToWebProcess::scheduleResourceLoad: (parentPID=11759, pageProxyID=4, webPageID=5, frameID=4294967297, resourceID=4965, existingLoaderToResume=0)
  51.403 [com.apple.WebKit:Loading:4] 0x10c612b80 - [webProcessIdentifier=3] NetworkConnectionToWebProcess::resolveBlobReferences: (parentPID=11759, pageProxyID=4, webPageID=5, frameID=4294967297, resourceID=4965)
  51.411 [com.apple.WebKit:Loading:4] 0x10c612b80 - [webProcessIdentifier=3] NetworkConnectionToWebProcess::scheduleResourceLoad: (parentPID=11759, pageProxyID=4, webPageID=5, frameID=4294967297, resourceID=4966, existingLoaderToResume=0)
  51.411 [com.apple.WebKit:Loading:4] 0x10c612b80 - [webProcessIdentifier=3] NetworkConnectionToWebProcess::resolveBlobReferences: (parentPID=11759, pageProxyID=4, webPageID=5, frameID=4294967297, resourceID=4966)
  51.416 [com.apple.WebKit:Loading:4] 0x10c612b80 - [webProcessIdentifier=3] NetworkConnectionToWebProcess::scheduleResourceLoad: (parentPID=11759, pageProxyID=4, webPageID=5, frameID=4294967297, resourceID=4967, existingLoaderToResume=0)
  51.416 [com.apple.WebKit:Loading:4] 0x10c612b80 - [webProcessIdentifier=3] NetworkConnectionToWebProcess::resolveBlobReferences: (parentPID=11759, pageProxyID=4, webPageID=5, frameID=4294967297, resourceID=4967)
  51.441 [com.apple.WebKit:Loading:4] 0x10c612b80 - [webProcessIdentifier=3] NetworkConnectionToWebProcess::scheduleResourceLoad: (parentPID=11759, pageProxyID=4, webPageID=5, frameID=4294967297, resourceID=4968, existingLoaderToResume=0)
  51.441 [com.apple.WebKit:Loading:4] 0x10c612b80 - [webProcessIdentifier=3] NetworkConnectionToWebProcess::resolveBlobReferences: (parentPID=11759, pageProxyID=4, webPageID=5, frameID=4294967297, resourceID=4968)
  51.893 [com.apple.WebKit:Loading:4] 0x10c612b80 - [webProcessIdentifier=3] NetworkConnectionToWebProcess::scheduleResourceLoad: (parentPID=11759, pageProxyID=4, webPageID=5, frameID=4294967297, resourceID=5053, existingLoaderToResume=0)
  51.893 [com.apple.WebKit:Loading:4] 0x10c612b80 - [webProcessIdentifier=3] NetworkConnectionToWebProcess::resolveBlobReferences: (parentPID=11759, pageProxyID=4, webPageID=5, frameID=4294967297, resourceID=5053)
  52.094 [com.apple.WebKit:Loading:4] [pageID=5, frameID=12884901945] PolicyChecker::checkNavigationPolicy: continuing because this is an initial empty document
  52.111 [com.apple.WebKit:Loading:4] 0x10c612b80 - [webProcessIdentifier=3] NetworkConnectionToWebProcess::scheduleResourceLoad: (parentPID=11759, pageProxyID=4, webPageID=5, frameID=12884901945, resourceID=5150, existingLoaderToResume=0)
  52.111 [com.apple.WebKit:Loading:4] 0x10c612b80 - [webProcessIdentifier=3] NetworkConnectionToWebProcess::resolveBlobReferences: (parentPID=11759, pageProxyID=4, webPageID=5, frameID=12884901945, resourceID=5150)
  52.116 [com.apple.WebKit:Loading:4] 0x10c612b80 - [webProcessIdentifier=3] NetworkConnectionToWebProcess::scheduleResourceLoad: (parentPID=11759, pageProxyID=4, webPageID=5, frameID=12884901945, resourceID=5152, existingLoaderToResume=0)
  52.116 [com.apple.WebKit:Loading:4] 0x10c612b80 - [webProcessIdentifier=3] NetworkConnectionToWebProcess::resolveBlobReferences: (parentPID=11759, pageProxyID=4, webPageID=5, frameID=12884901945, resourceID=5152)
  52.159 [com.apple.WebKit:Loading:4] [pageID=5, frameID=12884901946] PolicyChecker::checkNavigationPolicy: continuing because this is an initial empty document
  52.242 [com.apple.WebKit:Loading:4] [pageID=5, frameID=12884901947] PolicyChecker::checkNavigationPolicy: continuing because this is an initial empty document
  52.257 [com.apple.WebKit:Loading:4] [pageID=5, frameID=12884901948] PolicyChecker::checkNavigationPolicy: continuing because this is an initial empty document
  52.387 [com.apple.WebKit:Loading:4] 0x10c612b80 - [webProcessIdentifier=3] NetworkConnectionToWebProcess::scheduleResourceLoad: (parentPID=11759, pageProxyID=4, webPageID=5, frameID=12884901948, resourceID=5267, existingLoaderToResume=0)
  52.387 [com.apple.WebKit:Loading:4] 0x10c612b80 - [webProcessIdentifier=3] NetworkConnectionToWebProcess::resolveBlobReferences: (parentPID=11759, pageProxyID=4, webPageID=5, frameID=12884901948, resourceID=5267)
  52.497 [com.apple.WebKit:Loading:4] 0x10c612b80 - [webProcessIdentifier=3] NetworkConnectionToWebProcess::scheduleResourceLoad: (parentPID=11759, pageProxyID=4, webPageID=5, frameID=12884901945, resourceID=5321, existingLoaderToResume=0)
  52.497 [com.apple.WebKit:Loading:4] 0x10c612b80 - [webProcessIdentifier=3] NetworkConnectionToWebProcess::resolveBlobReferences: (parentPID=11759, pageProxyID=4, webPageID=5, frameID=12884901945, resourceID=5321)
  52.679 [com.apple.WebKit:Loading:4] 0x10c612b80 - [webProcessIdentifier=3] NetworkConnectionToWebProcess::scheduleResourceLoad: (parentPID=11759, pageProxyID=4, webPageID=5, frameID=12884901945, resourceID=5349, existingLoaderToResume=0)
  52.679 [com.apple.WebKit:Loading:4] 0x10c612b80 - [webProcessIdentifier=3] NetworkConnectionToWebProcess::resolveBlobReferences: (parentPID=11759, pageProxyID=4, webPageID=5, frameID=12884901945, resourceID=5349)
  52.686 [com.apple.WebKit:Loading:4] [pageID=5, frameID=12884901949] PolicyChecker::checkNavigationPolicy: continuing because this is an initial empty document
  52.698 [com.apple.WebKit:Loading:4] 0x10c612b80 - [webProcessIdentifier=3] NetworkConnectionToWebProcess::scheduleResourceLoad: (parentPID=11759, pageProxyID=4, webPageID=5, frameID=12884901945, resourceID=5363, existingLoaderToResume=0)
  52.698 [com.apple.WebKit:Loading:4] 0x10c612b80 - [webProcessIdentifier=3] NetworkConnectionToWebProcess::resolveBlobReferences: (parentPID=11759, pageProxyID=4, webPageID=5, frameID=12884901945, resourceID=5363)
  52.710 [com.apple.WebKit:Loading:4] 0x10c612b80 - [webProcessIdentifier=3] NetworkConnectionToWebProcess::scheduleResourceLoad: (parentPID=11759, pageProxyID=4, webPageID=5, frameID=12884901945, resourceID=5366, existingLoaderToResume=0)
  52.710 [com.apple.WebKit:Loading:4] 0x10c612b80 - [webProcessIdentifier=3] NetworkConnectionToWebProcess::resolveBlobReferences: (parentPID=11759, pageProxyID=4, webPageID=5, frameID=12884901945, resourceID=5366)
  52.826 [com.apple.WebKit:Loading:4] 0x10c612b80 - [webProcessIdentifier=3] NetworkConnectionToWebProcess::scheduleResourceLoad: (parentPID=11759, pageProxyID=4, webPageID=5, frameID=4294967297, resourceID=5422, existingLoaderToResume=0)
  52.826 [com.apple.WebKit:Loading:4] 0x10c612b80 - [webProcessIdentifier=3] NetworkConnectionToWebProcess::resolveBlobReferences: (parentPID=11759, pageProxyID=4, webPageID=5, frameID=4294967297, resourceID=5422)
  52.911 [com.apple.WebKit:Loading:4] 0x10c612b80 - [webProcessIdentifier=3] NetworkConnectionToWebProcess::scheduleResourceLoad: (parentPID=11759, pageProxyID=4, webPageID=5, frameID=12884901945, resourceID=5432, existingLoaderToResume=0)
  52.911 [com.apple.WebKit:Loading:4] 0x10c612b80 - [webProcessIdentifier=3] NetworkConnectionToWebProcess::resolveBlobReferences: (parentPID=11759, pageProxyID=4, webPageID=5, frameID=12884901945, resourceID=5432)
  53.077 [com.apple.WebKit:Loading:4] 0x10c612b80 - [webProcessIdentifier=3] NetworkConnectionToWebProcess::scheduleResourceLoad: (parentPID=11759, pageProxyID=4, webPageID=5, frameID=12884901945, resourceID=5433, existingLoaderToResume=0)
  53.077 [com.apple.WebKit:Loading:4] 0x10c612b80 - [webProcessIdentifier=3] NetworkConnectionToWebProcess::resolveBlobReferences: (parentPID=11759, pageProxyID=4, webPageID=5, frameID=12884901945, resourceID=5433)
  53.112 [com.apple.WebKit:Loading:4] 0x10c612b80 - [webProcessIdentifier=3] NetworkConnectionToWebProcess::scheduleResourceLoad: (parentPID=11759, pageProxyID=4, webPageID=5, frameID=12884901945, resourceID=5435, existingLoaderToResume=0)
  53.112 [com.apple.WebKit:Loading:4] 0x10c612b80 - [webProcessIdentifier=3] NetworkConnectionToWebProcess::resolveBlobReferences: (parentPID=11759, pageProxyID=4, webPageID=5, frameID=12884901945, resourceID=5435)
  53.130 [com.apple.WebKit:Loading:4] 0x10c612b80 - [webProcessIdentifier=3] NetworkConnectionToWebProcess::scheduleResourceLoad: (parentPID=11759, pageProxyID=4, webPageID=5, frameID=12884901945, resourceID=5441, existingLoaderToResume=0)
  53.130 [com.apple.WebKit:Loading:4] 0x10c612b80 - [webProcessIdentifier=3] NetworkConnectionToWebProcess::resolveBlobReferences: (parentPID=11759, pageProxyID=4, webPageID=5, frameID=12884901945, resourceID=5441)
  53.142 [com.apple.WebKit:Loading:4] [pageID=5, frameID=12884901950] PolicyChecker::checkNavigationPolicy: continuing because this policyAction from dispatchDecidePolicyForNavigationAction is Use
  53.210 [com.apple.WebKit:Loading:4] 0x10c612b80 - [webProcessIdentifier=3] NetworkConnectionToWebProcess::scheduleResourceLoad: (parentPID=11759, pageProxyID=4, webPageID=5, frameID=4294967297, resourceID=5447, existingLoaderToResume=0)
  53.210 [com.apple.WebKit:Loading:4] 0x10c612b80 - [webProcessIdentifier=3] NetworkConnectionToWebProcess::resolveBlobReferences: (parentPID=11759, pageProxyID=4, webPageID=5, frameID=4294967297, resourceID=5447)
  53.567 [com.apple.WebKit:Loading:4] 0x10c612b80 - [webProcessIdentifier=3] NetworkConnectionToWebProcess::scheduleResourceLoad: (parentPID=11759, pageProxyID=4, webPageID=5, frameID=4294967297, resourceID=5544, existingLoaderToResume=0)
  53.567 [com.apple.WebKit:Loading:4] 0x10c612b80 - [webProcessIdentifier=3] NetworkConnectionToWebProcess::resolveBlobReferences: (parentPID=11759, pageProxyID=4, webPageID=5, frameID=4294967297, resourceID=5544)
  53.582 [com.apple.WebKit:Network error] Unexpectedly missing certificate info
  53.771 [com.apple.WebKit:Loading:4] 0x10c612b80 - [webProcessIdentifier=3] NetworkConnectionToWebProcess::scheduleResourceLoad: (parentPID=11759, pageProxyID=4, webPageID=5, frameID=12884901950, resourceID=5649, existingLoaderToResume=0)
  53.771 [com.apple.WebKit:Loading:4] 0x10c612b80 - [webProcessIdentifier=3] NetworkConnectionToWebProcess::resolveBlobReferences: (parentPID=11759, pageProxyID=4, webPageID=5, frameID=12884901950, resourceID=5649)
  53.813 [com.apple.WebKit:Loading:4] 0x10c612b80 - [webProcessIdentifier=3] NetworkConnectionToWebProcess::scheduleResourceLoad: (parentPID=11759, pageProxyID=4, webPageID=5, frameID=12884901950, resourceID=5650, existingLoaderToResume=0)
  53.813 [com.apple.WebKit:Loading:4] 0x10c612b80 - [webProcessIdentifier=3] NetworkConnectionToWebProcess::resolveBlobReferences: (parentPID=11759, pageProxyID=4, webPageID=5, frameID=12884901950, resourceID=5650)
  53.816 [com.apple.WebKit:Loading:4] [pageID=5, frameID=12884901951] PolicyChecker::checkNavigationPolicy: continuing because this is an initial empty document
  53.859 TIGER script: scroll 0,-600
  53.865 [com.apple.WebKit:Media:-] HTMLMediaElement::updateShouldPlay(55F2986245F8B5EE) autoplay blocked with reason: PageConsentRequired: Not enough data
  53.865 [com.apple.WebKit:Media:-] MediaElementSession::clientWillBeginAutoplaying(55F2986245F8B5EE) state = Idle
  53.865 [com.apple.WebKit:Media:-] MediaElementSession::setState(55F2986245F8B5EE) Autoplaying, canProduceAudio=false
  53.865 [com.apple.WebKit:Media:-] MediaElementSession::clientWillBeginAutoplaying(55F2986245F8B5EE) state = Autoplaying
  53.869 [com.apple.WebKit:Media:-] MediaElementSession::clientWillBeginAutoplaying(55F2986245F8B5EE) state = Idle
  53.869 [com.apple.WebKit:Media:-] MediaElementSession::setState(55F2986245F8B5EE) Autoplaying, canProduceAudio=false
  53.930 [com.apple.WebKit:Media:-] MediaElementSession::clientWillBeginAutoplaying(55F2986245F8B5EE) state = Autoplaying
  53.932 [com.apple.WebKit:Media:-] MediaElementSession::clientWillBeginPlayback(55F2986245F8B5EE) state = Autoplaying
  53.955 [com.apple.WebKit:Loading:4] 0x10c612b80 - [webProcessIdentifier=3] NetworkConnectionToWebProcess::scheduleResourceLoad: (parentPID=11759, pageProxyID=4, webPageID=5, frameID=4294967297, resourceID=5715, existingLoaderToResume=0)
  53.956 [com.apple.WebKit:Loading:4] 0x10c612b80 - [webProcessIdentifier=3] NetworkConnectionToWebProcess::resolveBlobReferences: (parentPID=11759, pageProxyID=4, webPageID=5, frameID=4294967297, resourceID=5715)
  53.971 [com.apple.WebKit:Layout:4] [webFrameID=4294967297, webPageID=5] WebLocalFrameLoaderClient::dispatchDidReachLayoutMilestone: dispatching DidReachLayoutMilestone (milestones=DidFirstMeaningfulPaint)
  53.971 [com.apple.WebKit:Layout:4] [webFrameID=4294967297, webPageID=5] WebLocalFrameLoaderClient::dispatchDidReachLayoutMilestone: dispatching DidReachLayoutMilestone (milestones=DidFirstMeaningfulPaint)
  53.990 [com.apple.WebKit:Media:-] MediaSessionManagerInterface::startSessionAdmission(0) 6193179985435997678
  53.990 [com.apple.WebKit:Media:-] MediaSessionManagerInterface::setCurrentSession(0) 6193179985435997678, size = 3
  53.991 [com.apple.WebKit:Media:-] MediaElementSession::setState(55F2986245F8B5EE) Playing, canProduceAudio=false
  53.991 [com.apple.WebKit:Media:-] MediaSessionManagerInterface::startSessionAdmission(0) 6193179985435997678 returning true
  54.064 [com.apple.WebKit:Loading:4] 0x10c612b80 - [webProcessIdentifier=3] NetworkConnectionToWebProcess::scheduleResourceLoad: (parentPID=11759, pageProxyID=4, webPageID=5, frameID=12884901951, resourceID=5739, existingLoaderToResume=0)
  54.064 [com.apple.WebKit:Loading:4] 0x10c612b80 - [webProcessIdentifier=3] NetworkConnectionToWebProcess::resolveBlobReferences: (parentPID=11759, pageProxyID=4, webPageID=5, frameID=12884901951, resourceID=5739)
  54.084 [com.apple.WebKit:Loading:4] 0x10c612b80 - [webProcessIdentifier=3] NetworkConnectionToWebProcess::scheduleResourceLoad: (parentPID=11759, pageProxyID=4, webPageID=5, frameID=4294967297, resourceID=5753, existingLoaderToResume=0)
  54.084 [com.apple.WebKit:Loading:4] 0x10c612b80 - [webProcessIdentifier=3] NetworkConnectionToWebProcess::resolveBlobReferences: (parentPID=11759, pageProxyID=4, webPageID=5, frameID=4294967297, resourceID=5753)
  54.090 [com.apple.WebKit:Loading:4] 0x10c612b80 - [webProcessIdentifier=3] NetworkConnectionToWebProcess::scheduleResourceLoad: (parentPID=11759, pageProxyID=4, webPageID=5, frameID=12884901945, resourceID=5755, existingLoaderToResume=0)
  54.090 [com.apple.WebKit:Loading:4] 0x10c612b80 - [webProcessIdentifier=3] NetworkConnectionToWebProcess::resolveBlobReferences: (parentPID=11759, pageProxyID=4, webPageID=5, frameID=12884901945, resourceID=5755)
  54.141 [com.apple.WebKit:Media:-] HTMLMediaElement::setReadyState(55F2986245F8B5EE) Autoplay blocked with reason: PageConsentRequired: !paused
  54.141 [com.apple.WebKit:Media:-] MediaElementSession::clientWillBeginPlayback(55F2986245F8B5EE) state = Playing
  54.160 TIGER script: wait 3
  54.266 [com.apple.WebKit:Loading:4] 0x10c612b80 - [webProcessIdentifier=3] NetworkConnectionToWebProcess::scheduleResourceLoad: (parentPID=11759, pageProxyID=4, webPageID=5, frameID=12884901951, resourceID=5834, existingLoaderToResume=0)
  54.266 [com.apple.WebKit:Loading:4] 0x10c612b80 - [webProcessIdentifier=3] NetworkConnectionToWebProcess::resolveBlobReferences: (parentPID=11759, pageProxyID=4, webPageID=5, frameID=12884901951, resourceID=5834)
  54.270 [com.apple.WebKit:Loading:4] 0x10c612b80 - [webProcessIdentifier=3] NetworkConnectionToWebProcess::scheduleResourceLoad: (parentPID=11759, pageProxyID=4, webPageID=5, frameID=12884901951, resourceID=5835, existingLoaderToResume=0)
  54.270 [com.apple.WebKit:Loading:4] 0x10c612b80 - [webProcessIdentifier=3] NetworkConnectionToWebProcess::resolveBlobReferences: (parentPID=11759, pageProxyID=4, webPageID=5, frameID=12884901951, resourceID=5835)
  54.272 [com.apple.WebKit:Loading:4] 0x10c612b80 - [webProcessIdentifier=3] NetworkConnectionToWebProcess::scheduleResourceLoad: (parentPID=11759, pageProxyID=4, webPageID=5, frameID=12884901951, resourceID=5836, existingLoaderToResume=0)
  54.272 [com.apple.WebKit:Loading:4] 0x10c612b80 - [webProcessIdentifier=3] NetworkConnectionToWebProcess::resolveBlobReferences: (parentPID=11759, pageProxyID=4, webPageID=5, frameID=12884901951, resourceID=5836)
  54.272 [com.apple.WebKit:Loading:4] 0x10c612b80 - [webProcessIdentifier=3] NetworkConnectionToWebProcess::scheduleResourceLoad: (parentPID=11759, pageProxyID=4, webPageID=5, frameID=12884901951, resourceID=5837, existingLoaderToResume=0)
  54.272 [com.apple.WebKit:Loading:4] 0x10c612b80 - [webProcessIdentifier=3] NetworkConnectionToWebProcess::resolveBlobReferences: (parentPID=11759, pageProxyID=4, webPageID=5, frameID=12884901951, resourceID=5837)
  54.274 [com.apple.WebKit:Loading:4] 0x10c612b80 - [webProcessIdentifier=3] NetworkConnectionToWebProcess::scheduleResourceLoad: (parentPID=11759, pageProxyID=4, webPageID=5, frameID=12884901951, resourceID=5838, existingLoaderToResume=0)
  54.274 [com.apple.WebKit:Loading:4] 0x10c612b80 - [webProcessIdentifier=3] NetworkConnectionToWebProcess::resolveBlobReferences: (parentPID=11759, pageProxyID=4, webPageID=5, frameID=12884901951, resourceID=5838)
  54.275 [com.apple.WebKit:Loading:4] 0x10c612b80 - [webProcessIdentifier=3] NetworkConnectionToWebProcess::scheduleResourceLoad: (parentPID=11759, pageProxyID=4, webPageID=5, frameID=12884901951, resourceID=5839, existingLoaderToResume=0)
  54.275 [com.apple.WebKit:Loading:4] 0x10c612b80 - [webProcessIdentifier=3] NetworkConnectionToWebProcess::resolveBlobReferences: (parentPID=11759, pageProxyID=4, webPageID=5, frameID=12884901951, resourceID=5839)
  54.276 [com.apple.WebKit:Loading:4] 0x10c612b80 - [webProcessIdentifier=3] NetworkConnectionToWebProcess::scheduleResourceLoad: (parentPID=11759, pageProxyID=4, webPageID=5, frameID=12884901951, resourceID=5840, existingLoaderToResume=0)
  54.276 [com.apple.WebKit:Loading:4] 0x10c612b80 - [webProcessIdentifier=3] NetworkConnectionToWebProcess::resolveBlobReferences: (parentPID=11759, pageProxyID=4, webPageID=5, frameID=12884901951, resourceID=5840)
  54.276 [com.apple.WebKit:Loading:4] 0x10c612b80 - [webProcessIdentifier=3] NetworkConnectionToWebProcess::scheduleResourceLoad: (parentPID=11759, pageProxyID=4, webPageID=5, frameID=12884901951, resourceID=5841, existingLoaderToResume=0)
  54.276 [com.apple.WebKit:Loading:4] 0x10c612b80 - [webProcessIdentifier=3] NetworkConnectionToWebProcess::resolveBlobReferences: (parentPID=11759, pageProxyID=4, webPageID=5, frameID=12884901951, resourceID=5841)
  54.279 [com.apple.WebKit:Loading:4] 0x10c612b80 - [webProcessIdentifier=3] NetworkConnectionToWebProcess::scheduleResourceLoad: (parentPID=11759, pageProxyID=4, webPageID=5, frameID=12884901951, resourceID=5842, existingLoaderToResume=0)
  54.279 [com.apple.WebKit:Loading:4] 0x10c612b80 - [webProcessIdentifier=3] NetworkConnectionToWebProcess::resolveBlobReferences: (parentPID=11759, pageProxyID=4, webPageID=5, frameID=12884901951, resourceID=5842)
  54.281 [com.apple.WebKit:Loading:4] 0x10c612b80 - [webProcessIdentifier=3] NetworkConnectionToWebProcess::scheduleResourceLoad: (parentPID=11759, pageProxyID=4, webPageID=5, frameID=12884901951, resourceID=5843, existingLoaderToResume=0)
  54.281 [com.apple.WebKit:Loading:4] 0x10c612b80 - [webProcessIdentifier=3] NetworkConnectionToWebProcess::resolveBlobReferences: (parentPID=11759, pageProxyID=4, webPageID=5, frameID=12884901951, resourceID=5843)
  54.281 [com.apple.WebKit:Loading:4] 0x10c612b80 - [webProcessIdentifier=3] NetworkConnectionToWebProcess::scheduleResourceLoad: (parentPID=11759, pageProxyID=4, webPageID=5, frameID=12884901951, resourceID=5844, existingLoaderToResume=0)
  54.281 [com.apple.WebKit:Loading:4] 0x10c612b80 - [webProcessIdentifier=3] NetworkConnectionToWebProcess::resolveBlobReferences: (parentPID=11759, pageProxyID=4, webPageID=5, frameID=12884901951, resourceID=5844)
  54.281 [com.apple.WebKit:Loading:4] 0x10c612b80 - [webProcessIdentifier=3] NetworkConnectionToWebProcess::scheduleResourceLoad: (parentPID=11759, pageProxyID=4, webPageID=5, frameID=12884901951, resourceID=5845, existingLoaderToResume=0)
  54.281 [com.apple.WebKit:Loading:4] 0x10c612b80 - [webProcessIdentifier=3] NetworkConnectionToWebProcess::resolveBlobReferences: (parentPID=11759, pageProxyID=4, webPageID=5, frameID=12884901951, resourceID=5845)
  54.283 [com.apple.WebKit:Loading:4] 0x10c612b80 - [webProcessIdentifier=3] NetworkConnectionToWebProcess::scheduleResourceLoad: (parentPID=11759, pageProxyID=4, webPageID=5, frameID=12884901951, resourceID=5846, existingLoaderToResume=0)
  54.283 [com.apple.WebKit:Loading:4] 0x10c612b80 - [webProcessIdentifier=3] NetworkConnectionToWebProcess::resolveBlobReferences: (parentPID=11759, pageProxyID=4, webPageID=5, frameID=12884901951, resourceID=5846)
  54.286 [com.apple.WebKit:Loading:4] 0x10c612b80 - [webProcessIdentifier=3] NetworkConnectionToWebProcess::scheduleResourceLoad: (parentPID=11759, pageProxyID=4, webPageID=5, frameID=12884901951, resourceID=5847, existingLoaderToResume=0)
  54.286 [com.apple.WebKit:Loading:4] 0x10c612b80 - [webProcessIdentifier=3] NetworkConnectionToWebProcess::resolveBlobReferences: (parentPID=11759, pageProxyID=4, webPageID=5, frameID=12884901951, resourceID=5847)
  54.288 [com.apple.WebKit:Loading:4] 0x10c612b80 - [webProcessIdentifier=3] NetworkConnectionToWebProcess::scheduleResourceLoad: (parentPID=11759, pageProxyID=4, webPageID=5, frameID=12884901951, resourceID=5848, existingLoaderToResume=0)
  54.288 [com.apple.WebKit:Loading:4] 0x10c612b80 - [webProcessIdentifier=3] NetworkConnectionToWebProcess::resolveBlobReferences: (parentPID=11759, pageProxyID=4, webPageID=5, frameID=12884901951, resourceID=5848)
  54.289 [com.apple.WebKit:Loading:4] 0x10c612b80 - [webProcessIdentifier=3] NetworkConnectionToWebProcess::scheduleResourceLoad: (parentPID=11759, pageProxyID=4, webPageID=5, frameID=12884901951, resourceID=5849, existingLoaderToResume=0)
  54.289 [com.apple.WebKit:Loading:4] 0x10c612b80 - [webProcessIdentifier=3] NetworkConnectionToWebProcess::resolveBlobReferences: (parentPID=11759, pageProxyID=4, webPageID=5, frameID=12884901951, resourceID=5849)
  54.289 [com.apple.WebKit:Loading:4] 0x10c612b80 - [webProcessIdentifier=3] NetworkConnectionToWebProcess::scheduleResourceLoad: (parentPID=11759, pageProxyID=4, webPageID=5, frameID=12884901951, resourceID=5850, existingLoaderToResume=0)
  54.289 [com.apple.WebKit:Loading:4] 0x10c612b80 - [webProcessIdentifier=3] NetworkConnectionToWebProcess::resolveBlobReferences: (parentPID=11759, pageProxyID=4, webPageID=5, frameID=12884901951, resourceID=5850)
  54.289 [com.apple.WebKit:Loading:4] 0x10c612b80 - [webProcessIdentifier=3] NetworkConnectionToWebProcess::scheduleResourceLoad: (parentPID=11759, pageProxyID=4, webPageID=5, frameID=12884901951, resourceID=5851, existingLoaderToResume=0)
  54.289 [com.apple.WebKit:Loading:4] 0x10c612b80 - [webProcessIdentifier=3] NetworkConnectionToWebProcess::resolveBlobReferences: (parentPID=11759, pageProxyID=4, webPageID=5, frameID=12884901951, resourceID=5851)
  54.289 [com.apple.WebKit:Loading:4] 0x10c612b80 - [webProcessIdentifier=3] NetworkConnectionToWebProcess::scheduleResourceLoad: (parentPID=11759, pageProxyID=4, webPageID=5, frameID=12884901951, resourceID=5852, existingLoaderToResume=0)
  54.289 [com.apple.WebKit:Loading:4] 0x10c612b80 - [webProcessIdentifier=3] NetworkConnectionToWebProcess::resolveBlobReferences: (parentPID=11759, pageProxyID=4, webPageID=5, frameID=12884901951, resourceID=5852)
  54.292 [com.apple.WebKit:Loading:4] 0x10c612b80 - [webProcessIdentifier=3] NetworkConnectionToWebProcess::scheduleResourceLoad: (parentPID=11759, pageProxyID=4, webPageID=5, frameID=12884901951, resourceID=5853, existingLoaderToResume=0)
  54.292 [com.apple.WebKit:Loading:4] 0x10c612b80 - [webProcessIdentifier=3] NetworkConnectionToWebProcess::resolveBlobReferences: (parentPID=11759, pageProxyID=4, webPageID=5, frameID=12884901951, resourceID=5853)
  54.390 [com.apple.WebKit:Loading:4] 0x10c612b80 - [webProcessIdentifier=3] NetworkConnectionToWebProcess::scheduleResourceLoad: (parentPID=11759, pageProxyID=4, webPageID=5, frameID=12884901951, resourceID=5862, existingLoaderToResume=0)
  54.390 [com.apple.WebKit:Loading:4] 0x10c612b80 - [webProcessIdentifier=3] NetworkConnectionToWebProcess::resolveBlobReferences: (parentPID=11759, pageProxyID=4, webPageID=5, frameID=12884901951, resourceID=5862)
  54.393 [com.apple.WebKit:Loading:4] 0x10c612b80 - [webProcessIdentifier=3] NetworkConnectionToWebProcess::scheduleResourceLoad: (parentPID=11759, pageProxyID=4, webPageID=5, frameID=12884901951, resourceID=5863, existingLoaderToResume=0)
  54.393 [com.apple.WebKit:Loading:4] 0x10c612b80 - [webProcessIdentifier=3] NetworkConnectionToWebProcess::resolveBlobReferences: (parentPID=11759, pageProxyID=4, webPageID=5, frameID=12884901951, resourceID=5863)
  54.396 [com.apple.WebKit:Loading:4] 0x10c612b80 - [webProcessIdentifier=3] NetworkConnectionToWebProcess::scheduleResourceLoad: (parentPID=11759, pageProxyID=4, webPageID=5, frameID=12884901951, resourceID=5864, existingLoaderToResume=0)
  54.396 [com.apple.WebKit:Loading:4] 0x10c612b80 - [webProcessIdentifier=3] NetworkConnectionToWebProcess::resolveBlobReferences: (parentPID=11759, pageProxyID=4, webPageID=5, frameID=12884901951, resourceID=5864)
  54.396 [com.apple.WebKit:Loading:4] 0x10c612b80 - [webProcessIdentifier=3] NetworkConnectionToWebProcess::scheduleResourceLoad: (parentPID=11759, pageProxyID=4, webPageID=5, frameID=12884901951, resourceID=5865, existingLoaderToResume=0)
  54.396 [com.apple.WebKit:Loading:4] 0x10c612b80 - [webProcessIdentifier=3] NetworkConnectionToWebProcess::resolveBlobReferences: (parentPID=11759, pageProxyID=4, webPageID=5, frameID=12884901951, resourceID=5865)
  54.396 [com.apple.WebKit:Loading:4] 0x10c612b80 - [webProcessIdentifier=3] NetworkConnectionToWebProcess::scheduleResourceLoad: (parentPID=11759, pageProxyID=4, webPageID=5, frameID=12884901951, resourceID=5866, existingLoaderToResume=0)
  54.397 [com.apple.WebKit:Loading:4] 0x10c612b80 - [webProcessIdentifier=3] NetworkConnectionToWebProcess::resolveBlobReferences: (parentPID=11759, pageProxyID=4, webPageID=5, frameID=12884901951, resourceID=5866)
  54.397 [com.apple.WebKit:Loading:4] 0x10c612b80 - [webProcessIdentifier=3] NetworkConnectionToWebProcess::scheduleResourceLoad: (parentPID=11759, pageProxyID=4, webPageID=5, frameID=12884901951, resourceID=5867, existingLoaderToResume=0)
  54.397 [com.apple.WebKit:Loading:4] 0x10c612b80 - [webProcessIdentifier=3] NetworkConnectionToWebProcess::resolveBlobReferences: (parentPID=11759, pageProxyID=4, webPageID=5, frameID=12884901951, resourceID=5867)
  54.398 [com.apple.WebKit:Loading:4] 0x10c612b80 - [webProcessIdentifier=3] NetworkConnectionToWebProcess::scheduleResourceLoad: (parentPID=11759, pageProxyID=4, webPageID=5, frameID=12884901951, resourceID=5868, existingLoaderToResume=0)
  54.398 [com.apple.WebKit:Loading:4] 0x10c612b80 - [webProcessIdentifier=3] NetworkConnectionToWebProcess::resolveBlobReferences: (parentPID=11759, pageProxyID=4, webPageID=5, frameID=12884901951, resourceID=5868)
  54.399 [com.apple.WebKit:Loading:4] 0x10c612b80 - [webProcessIdentifier=3] NetworkConnectionToWebProcess::scheduleResourceLoad: (parentPID=11759, pageProxyID=4, webPageID=5, frameID=12884901951, resourceID=5869, existingLoaderToResume=0)
  54.399 [com.apple.WebKit:Loading:4] 0x10c612b80 - [webProcessIdentifier=3] NetworkConnectionToWebProcess::resolveBlobReferences: (parentPID=11759, pageProxyID=4, webPageID=5, frameID=12884901951, resourceID=5869)
  54.401 [com.apple.WebKit:Loading:4] 0x10c612b80 - [webProcessIdentifier=3] NetworkConnectionToWebProcess::scheduleResourceLoad: (parentPID=11759, pageProxyID=4, webPageID=5, frameID=12884901951, resourceID=5870, existingLoaderToResume=0)
  54.401 [com.apple.WebKit:Loading:4] 0x10c612b80 - [webProcessIdentifier=3] NetworkConnectionToWebProcess::resolveBlobReferences: (parentPID=11759, pageProxyID=4, webPageID=5, frameID=12884901951, resourceID=5870)
  54.404 [com.apple.WebKit:Loading:4] 0x10c612b80 - [webProcessIdentifier=3] NetworkConnectionToWebProcess::scheduleResourceLoad: (parentPID=11759, pageProxyID=4, webPageID=5, frameID=12884901951, resourceID=5871, existingLoaderToResume=0)
  54.404 [com.apple.WebKit:Loading:4] 0x10c612b80 - [webProcessIdentifier=3] NetworkConnectionToWebProcess::resolveBlobReferences: (parentPID=11759, pageProxyID=4, webPageID=5, frameID=12884901951, resourceID=5871)
  54.404 [com.apple.WebKit:Loading:4] 0x10c612b80 - [webProcessIdentifier=3] NetworkConnectionToWebProcess::scheduleResourceLoad: (parentPID=11759, pageProxyID=4, webPageID=5, frameID=12884901951, resourceID=5872, existingLoaderToResume=0)
  54.404 [com.apple.WebKit:Loading:4] 0x10c612b80 - [webProcessIdentifier=3] NetworkConnectionToWebProcess::resolveBlobReferences: (parentPID=11759, pageProxyID=4, webPageID=5, frameID=12884901951, resourceID=5872)
  54.404 [com.apple.WebKit:Loading:4] 0x10c612b80 - [webProcessIdentifier=3] NetworkConnectionToWebProcess::scheduleResourceLoad: (parentPID=11759, pageProxyID=4, webPageID=5, frameID=12884901951, resourceID=5873, existingLoaderToResume=0)
  54.404 [com.apple.WebKit:Loading:4] 0x10c612b80 - [webProcessIdentifier=3] NetworkConnectionToWebProcess::resolveBlobReferences: (parentPID=11759, pageProxyID=4, webPageID=5, frameID=12884901951, resourceID=5873)
  54.404 [com.apple.WebKit:Loading:4] 0x10c612b80 - [webProcessIdentifier=3] NetworkConnectionToWebProcess::scheduleResourceLoad: (parentPID=11759, pageProxyID=4, webPageID=5, frameID=12884901951, resourceID=5874, existingLoaderToResume=0)
  54.405 [com.apple.WebKit:Loading:4] 0x10c612b80 - [webProcessIdentifier=3] NetworkConnectionToWebProcess::resolveBlobReferences: (parentPID=11759, pageProxyID=4, webPageID=5, frameID=12884901951, resourceID=5874)
  54.405 [com.apple.WebKit:Loading:4] 0x10c612b80 - [webProcessIdentifier=3] NetworkConnectionToWebProcess::scheduleResourceLoad: (parentPID=11759, pageProxyID=4, webPageID=5, frameID=12884901951, resourceID=5875, existingLoaderToResume=0)
  54.405 [com.apple.WebKit:Loading:4] 0x10c612b80 - [webProcessIdentifier=3] NetworkConnectionToWebProcess::resolveBlobReferences: (parentPID=11759, pageProxyID=4, webPageID=5, frameID=12884901951, resourceID=5875)
  55.800 [com.apple.WebKit:Layout:4] [webFrameID=4294967297, webPageID=5] WebLocalFrameLoaderClient::dispatchDidReachLayoutMilestone: dispatching DidReachLayoutMilestone (milestones=DidFirstMeaningfulPaint)
  55.844 [com.apple.WebKit:Loading:4] 0x10c612b80 - [webProcessIdentifier=3] NetworkConnectionToWebProcess::scheduleResourceLoad: (parentPID=11759, pageProxyID=4, webPageID=5, frameID=12884901951, resourceID=5922, existingLoaderToResume=0)
  55.845 [com.apple.WebKit:Loading:4] 0x10c612b80 - [webProcessIdentifier=3] NetworkConnectionToWebProcess::resolveBlobReferences: (parentPID=11759, pageProxyID=4, webPageID=5, frameID=12884901951, resourceID=5922)
  55.845 [com.apple.WebKit:Loading:4] 0x10c612b80 - [webProcessIdentifier=3] NetworkConnectionToWebProcess::scheduleResourceLoad: (parentPID=11759, pageProxyID=4, webPageID=5, frameID=12884901951, resourceID=5923, existingLoaderToResume=0)
  55.845 [com.apple.WebKit:Loading:4] 0x10c612b80 - [webProcessIdentifier=3] NetworkConnectionToWebProcess::resolveBlobReferences: (parentPID=11759, pageProxyID=4, webPageID=5, frameID=12884901951, resourceID=5923)
  55.845 [com.apple.WebKit:Loading:4] 0x10c612b80 - [webProcessIdentifier=3] NetworkConnectionToWebProcess::scheduleResourceLoad: (parentPID=11759, pageProxyID=4, webPageID=5, frameID=12884901951, resourceID=5924, existingLoaderToResume=0)
  55.845 [com.apple.WebKit:Loading:4] 0x10c612b80 - [webProcessIdentifier=3] NetworkConnectionToWebProcess::resolveBlobReferences: (parentPID=11759, pageProxyID=4, webPageID=5, frameID=12884901951, resourceID=5924)
  55.845 [com.apple.WebKit:Loading:4] 0x10c612b80 - [webProcessIdentifier=3] NetworkConnectionToWebProcess::scheduleResourceLoad: (parentPID=11759, pageProxyID=4, webPageID=5, frameID=12884901951, resourceID=5925, existingLoaderToResume=0)
  55.845 [com.apple.WebKit:Loading:4] 0x10c612b80 - [webProcessIdentifier=3] NetworkConnectionToWebProcess::resolveBlobReferences: (parentPID=11759, pageProxyID=4, webPageID=5, frameID=12884901951, resourceID=5925)
  55.845 [com.apple.WebKit:Loading:4] 0x10c612b80 - [webProcessIdentifier=3] NetworkConnectionToWebProcess::scheduleResourceLoad: (parentPID=11759, pageProxyID=4, webPageID=5, frameID=12884901951, resourceID=5926, existingLoaderToResume=0)
  55.845 [com.apple.WebKit:Loading:4] 0x10c612b80 - [webProcessIdentifier=3] NetworkConnectionToWebProcess::resolveBlobReferences: (parentPID=11759, pageProxyID=4, webPageID=5, frameID=12884901951, resourceID=5926)
  55.845 [com.apple.WebKit:Loading:4] 0x10c612b80 - [webProcessIdentifier=3] NetworkConnectionToWebProcess::scheduleResourceLoad: (parentPID=11759, pageProxyID=4, webPageID=5, frameID=12884901951, resourceID=5927, existingLoaderToResume=0)
  55.845 [com.apple.WebKit:Loading:4] 0x10c612b80 - [webProcessIdentifier=3] NetworkConnectionToWebProcess::resolveBlobReferences: (parentPID=11759, pageProxyID=4, webPageID=5, frameID=12884901951, resourceID=5927)
  55.890 [com.apple.WebKit:Loading:4] 0x10c612b80 - [webProcessIdentifier=3] NetworkConnectionToWebProcess::scheduleResourceLoad: (parentPID=11759, pageProxyID=4, webPageID=5, frameID=12884901945, resourceID=5948, existingLoaderToResume=0)
  55.890 [com.apple.WebKit:Loading:4] 0x10c612b80 - [webProcessIdentifier=3] NetworkConnectionToWebProcess::resolveBlobReferences: (parentPID=11759, pageProxyID=4, webPageID=5, frameID=12884901945, resourceID=5948)
  55.977 [com.apple.WebKit:Loading:4] 0x10c612b80 - [webProcessIdentifier=3] NetworkConnectionToWebProcess::scheduleResourceLoad: (parentPID=11759, pageProxyID=4, webPageID=5, frameID=12884901948, resourceID=5995, existingLoaderToResume=0)
  55.978 [com.apple.WebKit:Loading:4] 0x10c612b80 - [webProcessIdentifier=3] NetworkConnectionToWebProcess::resolveBlobReferences: (parentPID=11759, pageProxyID=4, webPageID=5, frameID=12884901948, resourceID=5995)
  55.980 [com.apple.WebKit:Loading:4] 0x10c612b80 - [webProcessIdentifier=3] NetworkConnectionToWebProcess::scheduleResourceLoad: (parentPID=11759, pageProxyID=4, webPageID=5, frameID=12884901945, resourceID=5997, existingLoaderToResume=0)
  55.980 [com.apple.WebKit:Loading:4] 0x10c612b80 - [webProcessIdentifier=3] NetworkConnectionToWebProcess::resolveBlobReferences: (parentPID=11759, pageProxyID=4, webPageID=5, frameID=12884901945, resourceID=5997)
  55.990 [com.apple.WebKit:Media:-] MediaElementSession::clientWillPausePlayback(55F2986245F8B5EE) 
  55.990 [com.apple.WebKit:Media:-] MediaElementSession::processClientWillPausePlayback(55F2986245F8B5EE) state = Playing
  55.990 [com.apple.WebKit:Media:-] MediaElementSession::setState(55F2986245F8B5EE) Paused, canProduceAudio=false
  56.124 [com.apple.WebKit:Loading:4] 0x10c612b80 - [webProcessIdentifier=3] NetworkConnectionToWebProcess::scheduleResourceLoad: (parentPID=11759, pageProxyID=4, webPageID=5, frameID=12884901945, resourceID=6103, existingLoaderToResume=0)
  56.124 [com.apple.WebKit:Loading:4] 0x10c612b80 - [webProcessIdentifier=3] NetworkConnectionToWebProcess::resolveBlobReferences: (parentPID=11759, pageProxyID=4, webPageID=5, frameID=12884901945, resourceID=6103)
  56.338 [com.apple.WebKit:Loading:4] 0x10c612b80 - [webProcessIdentifier=3] NetworkConnectionToWebProcess::scheduleResourceLoad: (parentPID=11759, pageProxyID=4, webPageID=5, frameID=4294967297, resourceID=6247, existingLoaderToResume=0)
  56.338 [com.apple.WebKit:Loading:4] 0x10c612b80 - [webProcessIdentifier=3] NetworkConnectionToWebProcess::resolveBlobReferences: (parentPID=11759, pageProxyID=4, webPageID=5, frameID=4294967297, resourceID=6247)
  56.710 [com.apple.WebKit:Loading:4] 0x10c612b80 - [webProcessIdentifier=3] NetworkConnectionToWebProcess::scheduleResourceLoad: (parentPID=11759, pageProxyID=4, webPageID=5, frameID=4294967297, resourceID=6434, existingLoaderToResume=0)
  56.710 [com.apple.WebKit:Loading:4] 0x10c612b80 - [webProcessIdentifier=3] NetworkConnectionToWebProcess::resolveBlobReferences: (parentPID=11759, pageProxyID=4, webPageID=5, frameID=4294967297, resourceID=6434)
  56.836 [com.apple.WebKit:Loading:4] 0x10c612b80 - [webProcessIdentifier=3] NetworkConnectionToWebProcess::scheduleResourceLoad: (parentPID=11759, pageProxyID=4, webPageID=5, frameID=12884901945, resourceID=6499, existingLoaderToResume=0)
  56.836 [com.apple.WebKit:Loading:4] 0x10c612b80 - [webProcessIdentifier=3] NetworkConnectionToWebProcess::resolveBlobReferences: (parentPID=11759, pageProxyID=4, webPageID=5, frameID=12884901945, resourceID=6499)
  56.953 [com.apple.WebKit:Loading:4] 0x10c612b80 - [webProcessIdentifier=3] NetworkConnectionToWebProcess::scheduleResourceLoad: (parentPID=11759, pageProxyID=4, webPageID=5, frameID=4294967297, resourceID=6554, existingLoaderToResume=0)
  56.953 [com.apple.WebKit:Loading:4] 0x10c612b80 - [webProcessIdentifier=3] NetworkConnectionToWebProcess::resolveBlobReferences: (parentPID=11759, pageProxyID=4, webPageID=5, frameID=4294967297, resourceID=6554)
  56.953 [com.apple.WebKit:Loading:4] 0x10c612b80 - [webProcessIdentifier=3] NetworkConnectionToWebProcess::scheduleResourceLoad: (parentPID=11759, pageProxyID=4, webPageID=5, frameID=4294967297, resourceID=6555, existingLoaderToResume=0)
  56.953 [com.apple.WebKit:Loading:4] 0x10c612b80 - [webProcessIdentifier=3] NetworkConnectionToWebProcess::resolveBlobReferences: (parentPID=11759, pageProxyID=4, webPageID=5, frameID=4294967297, resourceID=6555)
  57.065 [com.apple.WebKit:Loading:4] 0x10c612b80 - [webProcessIdentifier=3] NetworkConnectionToWebProcess::scheduleResourceLoad: (parentPID=11759, pageProxyID=4, webPageID=5, frameID=12884901948, resourceID=6627, existingLoaderToResume=0)
  57.065 [com.apple.WebKit:Loading:4] 0x10c612b80 - [webProcessIdentifier=3] NetworkConnectionToWebProcess::resolveBlobReferences: (parentPID=11759, pageProxyID=4, webPageID=5, frameID=12884901948, resourceID=6627)
  57.115 [com.apple.WebKit:Loading:4] 0x10c612b80 - [webProcessIdentifier=3] NetworkConnectionToWebProcess::scheduleResourceLoad: (parentPID=11759, pageProxyID=4, webPageID=5, frameID=4294967297, resourceID=6641, existingLoaderToResume=0)
  57.115 [com.apple.WebKit:Loading:4] 0x10c612b80 - [webProcessIdentifier=3] NetworkConnectionToWebProcess::resolveBlobReferences: (parentPID=11759, pageProxyID=4, webPageID=5, frameID=4294967297, resourceID=6641)
  57.160 TIGER script: scroll 0,-600
  57.316 [com.apple.WebKit:Loading:4] 0x10c612b80 - [webProcessIdentifier=3] NetworkConnectionToWebProcess::scheduleResourceLoad: (parentPID=11759, pageProxyID=4, webPageID=5, frameID=4294967297, resourceID=6703, existingLoaderToResume=0)
  57.316 [com.apple.WebKit:Loading:4] 0x10c612b80 - [webProcessIdentifier=3] NetworkConnectionToWebProcess::resolveBlobReferences: (parentPID=11759, pageProxyID=4, webPageID=5, frameID=4294967297, resourceID=6703)
  57.317 [com.apple.WebKit:Loading:4] 0x10c612b80 - [webProcessIdentifier=3] NetworkConnectionToWebProcess::scheduleResourceLoad: (parentPID=11759, pageProxyID=4, webPageID=5, frameID=4294967297, resourceID=6704, existingLoaderToResume=0)
  57.317 [com.apple.WebKit:Loading:4] 0x10c612b80 - [webProcessIdentifier=3] NetworkConnectionToWebProcess::resolveBlobReferences: (parentPID=11759, pageProxyID=4, webPageID=5, frameID=4294967297, resourceID=6704)
  57.322 [com.apple.WebKit:Loading:4] 0x10c612b80 - [webProcessIdentifier=3] NetworkConnectionToWebProcess::scheduleResourceLoad: (parentPID=11759, pageProxyID=4, webPageID=5, frameID=4294967297, resourceID=6705, existingLoaderToResume=0)
  57.323 [com.apple.WebKit:Loading:4] 0x10c612b80 - [webProcessIdentifier=3] NetworkConnectionToWebProcess::resolveBlobReferences: (parentPID=11759, pageProxyID=4, webPageID=5, frameID=4294967297, resourceID=6705)
  57.460 TIGER script: wait 3
  58.873 [com.apple.WebKit:Media:-] MediaSessionManagerInterface::dumpSessionStates(0)  Sessions:
  58.873 (55F2986245F8B5EE): Video, Paused, 
  58.873 (D6789D0B520AE0D8): Video, Paused, 
  58.873 (BFA0F8F7AC005120): Video, Paused, 
  58.873 
  60.461 TIGER script: scroll 0,-600
  60.509 [com.apple.WebKit:Loading:4] 0x10c612b80 - [webProcessIdentifier=3] NetworkConnectionToWebProcess::scheduleResourceLoad: (parentPID=11759, pageProxyID=4, webPageID=5, frameID=4294967297, resourceID=8044, existingLoaderToResume=0)
  60.509 [com.apple.WebKit:Loading:4] 0x10c612b80 - [webProcessIdentifier=3] NetworkConnectionToWebProcess::resolveBlobReferences: (parentPID=11759, pageProxyID=4, webPageID=5, frameID=4294967297, resourceID=8044)
  60.732 [com.apple.WebKit:Loading:4] 0x10c612b80 - [webProcessIdentifier=3] NetworkConnectionToWebProcess::scheduleResourceLoad: (parentPID=11759, pageProxyID=4, webPageID=5, frameID=4294967297, resourceID=8055, existingLoaderToResume=0)
  60.732 [com.apple.WebKit:Loading:4] 0x10c612b80 - [webProcessIdentifier=3] NetworkConnectionToWebProcess::resolveBlobReferences: (parentPID=11759, pageProxyID=4, webPageID=5, frameID=4294967297, resourceID=8055)
  60.761 TIGER script: wait 3
  60.838 [com.apple.WebKit:Loading:4] 0x10c612b80 - [webProcessIdentifier=3] NetworkConnectionToWebProcess::scheduleResourceLoad: (parentPID=11759, pageProxyID=4, webPageID=5, frameID=4294967297, resourceID=8106, existingLoaderToResume=0)
  60.838 [com.apple.WebKit:Loading:4] 0x10c612b80 - [webProcessIdentifier=3] NetworkConnectionToWebProcess::resolveBlobReferences: (parentPID=11759, pageProxyID=4, webPageID=5, frameID=4294967297, resourceID=8106)
  60.842 [com.apple.WebKit:Loading:4] 0x10c612b80 - [webProcessIdentifier=3] NetworkConnectionToWebProcess::scheduleResourceLoad: (parentPID=11759, pageProxyID=4, webPageID=5, frameID=4294967297, resourceID=8107, existingLoaderToResume=0)
  60.842 [com.apple.WebKit:Loading:4] 0x10c612b80 - [webProcessIdentifier=3] NetworkConnectionToWebProcess::resolveBlobReferences: (parentPID=11759, pageProxyID=4, webPageID=5, frameID=4294967297, resourceID=8107)
  60.847 [com.apple.WebKit:Loading:4] 0x10c612b80 - [webProcessIdentifier=3] NetworkConnectionToWebProcess::scheduleResourceLoad: (parentPID=11759, pageProxyID=4, webPageID=5, frameID=4294967297, resourceID=8108, existingLoaderToResume=0)
  60.847 [com.apple.WebKit:Loading:4] 0x10c612b80 - [webProcessIdentifier=3] NetworkConnectionToWebProcess::resolveBlobReferences: (parentPID=11759, pageProxyID=4, webPageID=5, frameID=4294967297, resourceID=8108)
  60.855 [com.apple.WebKit:Loading:4] 0x10c612b80 - [webProcessIdentifier=3] NetworkConnectionToWebProcess::scheduleResourceLoad: (parentPID=11759, pageProxyID=4, webPageID=5, frameID=4294967297, resourceID=8109, existingLoaderToResume=0)
  60.855 [com.apple.WebKit:Loading:4] 0x10c612b80 - [webProcessIdentifier=3] NetworkConnectionToWebProcess::resolveBlobReferences: (parentPID=11759, pageProxyID=4, webPageID=5, frameID=4294967297, resourceID=8109)
  60.859 [com.apple.WebKit:Loading:4] 0x10c612b80 - [webProcessIdentifier=3] NetworkConnectionToWebProcess::scheduleResourceLoad: (parentPID=11759, pageProxyID=4, webPageID=5, frameID=4294967297, resourceID=8110, existingLoaderToResume=0)
  60.859 [com.apple.WebKit:Loading:4] 0x10c612b80 - [webProcessIdentifier=3] NetworkConnectionToWebProcess::resolveBlobReferences: (parentPID=11759, pageProxyID=4, webPageID=5, frameID=4294967297, resourceID=8110)
  60.865 [com.apple.WebKit:Loading:4] 0x10c612b80 - [webProcessIdentifier=3] NetworkConnectionToWebProcess::scheduleResourceLoad: (parentPID=11759, pageProxyID=4, webPageID=5, frameID=4294967297, resourceID=8111, existingLoaderToResume=0)
  60.865 [com.apple.WebKit:Loading:4] 0x10c612b80 - [webProcessIdentifier=3] NetworkConnectionToWebProcess::resolveBlobReferences: (parentPID=11759, pageProxyID=4, webPageID=5, frameID=4294967297, resourceID=8111)
  60.874 [com.apple.WebKit:Loading:4] 0x10c612b80 - [webProcessIdentifier=3] NetworkConnectionToWebProcess::scheduleResourceLoad: (parentPID=11759, pageProxyID=4, webPageID=5, frameID=4294967297, resourceID=8112, existingLoaderToResume=0)
  60.874 [com.apple.WebKit:Loading:4] 0x10c612b80 - [webProcessIdentifier=3] NetworkConnectionToWebProcess::resolveBlobReferences: (parentPID=11759, pageProxyID=4, webPageID=5, frameID=4294967297, resourceID=8112)
  60.875 [com.apple.WebKit:Loading:4] 0x10c612b80 - [webProcessIdentifier=3] NetworkConnectionToWebProcess::scheduleResourceLoad: (parentPID=11759, pageProxyID=4, webPageID=5, frameID=4294967297, resourceID=8113, existingLoaderToResume=0)
  60.875 [com.apple.WebKit:Loading:4] 0x10c612b80 - [webProcessIdentifier=3] NetworkConnectionToWebProcess::resolveBlobReferences: (parentPID=11759, pageProxyID=4, webPageID=5, frameID=4294967297, resourceID=8113)
  60.885 [com.apple.WebKit:Loading:4] 0x10c612b80 - [webProcessIdentifier=3] NetworkConnectionToWebProcess::scheduleResourceLoad: (parentPID=11759, pageProxyID=4, webPageID=5, frameID=4294967297, resourceID=8114, existingLoaderToResume=0)
  60.885 [com.apple.WebKit:Loading:4] 0x10c612b80 - [webProcessIdentifier=3] NetworkConnectionToWebProcess::resolveBlobReferences: (parentPID=11759, pageProxyID=4, webPageID=5, frameID=4294967297, resourceID=8114)
  60.891 [com.apple.WebKit:Loading:4] 0x10c612b80 - [webProcessIdentifier=3] NetworkConnectionToWebProcess::scheduleResourceLoad: (parentPID=11759, pageProxyID=4, webPageID=5, frameID=4294967297, resourceID=8115, existingLoaderToResume=0)
  60.891 [com.apple.WebKit:Loading:4] 0x10c612b80 - [webProcessIdentifier=3] NetworkConnectionToWebProcess::resolveBlobReferences: (parentPID=11759, pageProxyID=4, webPageID=5, frameID=4294967297, resourceID=8115)
  60.899 [com.apple.WebKit:Loading:4] 0x10c612b80 - [webProcessIdentifier=3] NetworkConnectionToWebProcess::scheduleResourceLoad: (parentPID=11759, pageProxyID=4, webPageID=5, frameID=4294967297, resourceID=8116, existingLoaderToResume=0)
  60.899 [com.apple.WebKit:Loading:4] 0x10c612b80 - [webProcessIdentifier=3] NetworkConnectionToWebProcess::resolveBlobReferences: (parentPID=11759, pageProxyID=4, webPageID=5, frameID=4294967297, resourceID=8116)
  60.911 [com.apple.WebKit:Loading:4] 0x10c612b80 - [webProcessIdentifier=3] NetworkConnectionToWebProcess::scheduleResourceLoad: (parentPID=11759, pageProxyID=4, webPageID=5, frameID=4294967297, resourceID=8117, existingLoaderToResume=0)
  60.911 [com.apple.WebKit:Loading:4] 0x10c612b80 - [webProcessIdentifier=3] NetworkConnectionToWebProcess::resolveBlobReferences: (parentPID=11759, pageProxyID=4, webPageID=5, frameID=4294967297, resourceID=8117)
  60.917 [com.apple.WebKit:Loading:4] 0x10c612b80 - [webProcessIdentifier=3] NetworkConnectionToWebProcess::scheduleResourceLoad: (parentPID=11759, pageProxyID=4, webPageID=5, frameID=4294967297, resourceID=8118, existingLoaderToResume=0)
  60.917 [com.apple.WebKit:Loading:4] 0x10c612b80 - [webProcessIdentifier=3] NetworkConnectionToWebProcess::resolveBlobReferences: (parentPID=11759, pageProxyID=4, webPageID=5, frameID=4294967297, resourceID=8118)
  60.985 [com.apple.WebKit:Loading:4] 0x10c612b80 - [webProcessIdentifier=3] NetworkConnectionToWebProcess::scheduleResourceLoad: (parentPID=11759, pageProxyID=4, webPageID=5, frameID=4294967297, resourceID=8127, existingLoaderToResume=0)
  60.986 [com.apple.WebKit:Loading:4] 0x10c612b80 - [webProcessIdentifier=3] NetworkConnectionToWebProcess::resolveBlobReferences: (parentPID=11759, pageProxyID=4, webPageID=5, frameID=4294967297, resourceID=8127)
  61.494 [com.apple.WebKit:Loading:4] 0x10c612b80 - [webProcessIdentifier=3] NetworkConnectionToWebProcess::scheduleResourceLoad: (parentPID=11759, pageProxyID=4, webPageID=5, frameID=4294967297, resourceID=8294, existingLoaderToResume=0)
  61.494 [com.apple.WebKit:Loading:4] 0x10c612b80 - [webProcessIdentifier=3] NetworkConnectionToWebProcess::resolveBlobReferences: (parentPID=11759, pageProxyID=4, webPageID=5, frameID=4294967297, resourceID=8294)
  61.687 [com.apple.WebKit:Loading:4] [pageID=5, frameID=12884901952] PolicyChecker::checkNavigationPolicy: continuing because this is an initial empty document
  61.703 [com.apple.WebKit:Loading:4] 0x10c612b80 - [webProcessIdentifier=3] NetworkConnectionToWebProcess::scheduleResourceLoad: (parentPID=11759, pageProxyID=4, webPageID=5, frameID=12884901952, resourceID=8417, existingLoaderToResume=0)
  61.703 [com.apple.WebKit:Loading:4] 0x10c612b80 - [webProcessIdentifier=3] NetworkConnectionToWebProcess::resolveBlobReferences: (parentPID=11759, pageProxyID=4, webPageID=5, frameID=12884901952, resourceID=8417)
  61.707 [com.apple.WebKit:Loading:4] 0x10c612b80 - [webProcessIdentifier=3] NetworkConnectionToWebProcess::scheduleResourceLoad: (parentPID=11759, pageProxyID=4, webPageID=5, frameID=12884901952, resourceID=8421, existingLoaderToResume=0)
  61.707 [com.apple.WebKit:Loading:4] 0x10c612b80 - [webProcessIdentifier=3] NetworkConnectionToWebProcess::resolveBlobReferences: (parentPID=11759, pageProxyID=4, webPageID=5, frameID=12884901952, resourceID=8421)
  61.709 [com.apple.WebKit:Loading:4] 0x10c612b80 - [webProcessIdentifier=3] NetworkConnectionToWebProcess::scheduleResourceLoad: (parentPID=11759, pageProxyID=4, webPageID=5, frameID=12884901952, resourceID=8425, existingLoaderToResume=0)
  61.709 [com.apple.WebKit:Loading:4] 0x10c612b80 - [webProcessIdentifier=3] NetworkConnectionToWebProcess::resolveBlobReferences: (parentPID=11759, pageProxyID=4, webPageID=5, frameID=12884901952, resourceID=8425)
  61.761 [com.apple.WebKit:Loading:4] [pageID=5, frameID=12884901953] PolicyChecker::checkNavigationPolicy: continuing because this is an initial empty document
  61.804 [com.apple.WebKit:Loading:4] 0x10c612b80 - [webProcessIdentifier=3] NetworkConnectionToWebProcess::scheduleResourceLoad: (parentPID=11759, pageProxyID=4, webPageID=5, frameID=12884901952, resourceID=8445, existingLoaderToResume=0)
  61.804 [com.apple.WebKit:Loading:4] 0x10c612b80 - [webProcessIdentifier=3] NetworkConnectionToWebProcess::resolveBlobReferences: (parentPID=11759, pageProxyID=4, webPageID=5, frameID=12884901952, resourceID=8445)
  61.832 [com.apple.WebKit:Loading:4] [pageID=5, frameID=12884901954] PolicyChecker::checkNavigationPolicy: continuing because this is an initial empty document
  61.849 [com.apple.WebKit:Loading:4] [pageID=5, frameID=12884901955] PolicyChecker::checkNavigationPolicy: continuing because this is an initial empty document
  61.945 [com.apple.WebKit:Loading:4] 0x10c612b80 - [webProcessIdentifier=3] NetworkConnectionToWebProcess::scheduleResourceLoad: (parentPID=11759, pageProxyID=4, webPageID=5, frameID=12884901952, resourceID=8525, existingLoaderToResume=0)
  61.945 [com.apple.WebKit:Loading:4] 0x10c612b80 - [webProcessIdentifier=3] NetworkConnectionToWebProcess::resolveBlobReferences: (parentPID=11759, pageProxyID=4, webPageID=5, frameID=12884901952, resourceID=8525)
  62.032 [com.apple.WebKit:Loading:4] 0x10c612b80 - [webProcessIdentifier=3] NetworkConnectionToWebProcess::scheduleResourceLoad: (parentPID=11759, pageProxyID=4, webPageID=5, frameID=12884901955, resourceID=8533, existingLoaderToResume=0)
  62.032 [com.apple.WebKit:Loading:4] 0x10c612b80 - [webProcessIdentifier=3] NetworkConnectionToWebProcess::resolveBlobReferences: (parentPID=11759, pageProxyID=4, webPageID=5, frameID=12884901955, resourceID=8533)
  62.148 [com.apple.WebKit:Loading:4] 0x10c612b80 - [webProcessIdentifier=3] NetworkConnectionToWebProcess::scheduleResourceLoad: (parentPID=11759, pageProxyID=4, webPageID=5, frameID=12884901952, resourceID=8577, existingLoaderToResume=0)
  62.148 [com.apple.WebKit:Loading:4] 0x10c612b80 - [webProcessIdentifier=3] NetworkConnectionToWebProcess::resolveBlobReferences: (parentPID=11759, pageProxyID=4, webPageID=5, frameID=12884901952, resourceID=8577)
  62.155 [com.apple.WebKit:Loading:4] [pageID=5, frameID=12884901956] PolicyChecker::checkNavigationPolicy: continuing because this is an initial empty document
  62.167 [com.apple.WebKit:Loading:4] 0x10c612b80 - [webProcessIdentifier=3] NetworkConnectionToWebProcess::scheduleResourceLoad: (parentPID=11759, pageProxyID=4, webPageID=5, frameID=12884901952, resourceID=8591, existingLoaderToResume=0)
  62.167 [com.apple.WebKit:Loading:4] 0x10c612b80 - [webProcessIdentifier=3] NetworkConnectionToWebProcess::resolveBlobReferences: (parentPID=11759, pageProxyID=4, webPageID=5, frameID=12884901952, resourceID=8591)
  62.227 [com.apple.WebKit:Loading:4] 0x10c612b80 - [webProcessIdentifier=3] NetworkConnectionToWebProcess::scheduleResourceLoad: (parentPID=11759, pageProxyID=4, webPageID=5, frameID=12884901952, resourceID=8596, existingLoaderToResume=0)
  62.227 [com.apple.WebKit:Loading:4] 0x10c612b80 - [webProcessIdentifier=3] NetworkConnectionToWebProcess::resolveBlobReferences: (parentPID=11759, pageProxyID=4, webPageID=5, frameID=12884901952, resourceID=8596)
  62.364 [com.apple.WebKit:Loading:4] 0x10c612b80 - [webProcessIdentifier=3] NetworkConnectionToWebProcess::scheduleResourceLoad: (parentPID=11759, pageProxyID=4, webPageID=5, frameID=12884901952, resourceID=8599, existingLoaderToResume=0)
  62.364 [com.apple.WebKit:Loading:4] 0x10c612b80 - [webProcessIdentifier=3] NetworkConnectionToWebProcess::resolveBlobReferences: (parentPID=11759, pageProxyID=4, webPageID=5, frameID=12884901952, resourceID=8599)
  62.439 [com.apple.WebKit:Loading:4] 0x10c612b80 - [webProcessIdentifier=3] NetworkConnectionToWebProcess::scheduleResourceLoad: (parentPID=11759, pageProxyID=4, webPageID=5, frameID=12884901952, resourceID=8603, existingLoaderToResume=0)
  62.439 [com.apple.WebKit:Loading:4] 0x10c612b80 - [webProcessIdentifier=3] NetworkConnectionToWebProcess::resolveBlobReferences: (parentPID=11759, pageProxyID=4, webPageID=5, frameID=12884901952, resourceID=8603)
  62.653 [com.apple.WebKit:Loading:4] 0x10c612b80 - [webProcessIdentifier=3] NetworkConnectionToWebProcess::scheduleResourceLoad: (parentPID=11759, pageProxyID=4, webPageID=5, frameID=4294967297, resourceID=8717, existingLoaderToResume=0)
  62.653 [com.apple.WebKit:Loading:4] 0x10c612b80 - [webProcessIdentifier=3] NetworkConnectionToWebProcess::resolveBlobReferences: (parentPID=11759, pageProxyID=4, webPageID=5, frameID=4294967297, resourceID=8717)
  62.831 [com.apple.WebKit:Loading:4] 0x10c612b80 - [webProcessIdentifier=3] NetworkConnectionToWebProcess::scheduleResourceLoad: (parentPID=11759, pageProxyID=4, webPageID=5, frameID=4294967297, resourceID=8855, existingLoaderToResume=0)
  62.831 [com.apple.WebKit:Loading:4] 0x10c612b80 - [webProcessIdentifier=3] NetworkConnectionToWebProcess::resolveBlobReferences: (parentPID=11759, pageProxyID=4, webPageID=5, frameID=4294967297, resourceID=8855)
  63.543 [com.apple.WebKit:Loading:4] 0x10c612b80 - [webProcessIdentifier=3] NetworkConnectionToWebProcess::scheduleResourceLoad: (parentPID=11759, pageProxyID=4, webPageID=5, frameID=4294967297, resourceID=9218, existingLoaderToResume=0)
  63.543 [com.apple.WebKit:Loading:4] 0x10c612b80 - [webProcessIdentifier=3] NetworkConnectionToWebProcess::resolveBlobReferences: (parentPID=11759, pageProxyID=4, webPageID=5, frameID=4294967297, resourceID=9218)
  63.644 [com.apple.WebKit:Loading:4] 0x10c612b80 - [webProcessIdentifier=3] NetworkConnectionToWebProcess::scheduleResourceLoad: (parentPID=11759, pageProxyID=4, webPageID=5, frameID=12884901940, resourceID=9275, existingLoaderToResume=0)
  63.644 [com.apple.WebKit:Loading:4] 0x10c612b80 - [webProcessIdentifier=3] NetworkConnectionToWebProcess::resolveBlobReferences: (parentPID=11759, pageProxyID=4, webPageID=5, frameID=12884901940, resourceID=9275)
  63.655 [com.apple.WebKit:Loading:4] 0x10c612b80 - [webProcessIdentifier=3] NetworkConnectionToWebProcess::scheduleResourceLoad: (parentPID=11759, pageProxyID=4, webPageID=5, frameID=4294967297, resourceID=9276, existingLoaderToResume=0)
  63.655 [com.apple.WebKit:Loading:4] 0x10c612b80 - [webProcessIdentifier=3] NetworkConnectionToWebProcess::resolveBlobReferences: (parentPID=11759, pageProxyID=4, webPageID=5, frameID=4294967297, resourceID=9276)
  63.659 [com.apple.WebKit:Loading:4] 0x10c612b80 - [webProcessIdentifier=3] NetworkConnectionToWebProcess::removeLoadIdentifier: Removing identifier 9275 and aborting corresponding loader
  63.694 [com.apple.WebKit:Loading:4] 0x10c612b80 - [webProcessIdentifier=3] NetworkConnectionToWebProcess::scheduleResourceLoad: (parentPID=11759, pageProxyID=4, webPageID=5, frameID=12884901943, resourceID=9278, existingLoaderToResume=0)
  63.694 [com.apple.WebKit:Loading:4] 0x10c612b80 - [webProcessIdentifier=3] NetworkConnectionToWebProcess::resolveBlobReferences: (parentPID=11759, pageProxyID=4, webPageID=5, frameID=12884901943, resourceID=9278)
  63.702 [com.apple.WebKit:Loading:4] 0x10c612b80 - [webProcessIdentifier=3] NetworkConnectionToWebProcess::scheduleResourceLoad: (parentPID=11759, pageProxyID=4, webPageID=5, frameID=12884901943, resourceID=9280, existingLoaderToResume=0)
  63.702 [com.apple.WebKit:Loading:4] 0x10c612b80 - [webProcessIdentifier=3] NetworkConnectionToWebProcess::resolveBlobReferences: (parentPID=11759, pageProxyID=4, webPageID=5, frameID=12884901943, resourceID=9280)
  63.704 [com.apple.WebKit:Loading:4] 0x10c612b80 - [webProcessIdentifier=3] NetworkConnectionToWebProcess::removeLoadIdentifier: Removing identifier 9278 and aborting corresponding loader
  63.704 [com.apple.WebKit:Loading:4] 0x10c612b80 - [webProcessIdentifier=3] NetworkConnectionToWebProcess::removeLoadIdentifier: Removing identifier 9280 and aborting corresponding loader
  63.738 [com.apple.WebKit:Loading:4] 0x10c612b80 - [webProcessIdentifier=3] NetworkConnectionToWebProcess::scheduleResourceLoad: (parentPID=11759, pageProxyID=4, webPageID=5, frameID=4294967297, resourceID=9281, existingLoaderToResume=0)
  63.738 [com.apple.WebKit:Loading:4] 0x10c612b80 - [webProcessIdentifier=3] NetworkConnectionToWebProcess::resolveBlobReferences: (parentPID=11759, pageProxyID=4, webPageID=5, frameID=4294967297, resourceID=9281)
  63.768 TIGER script: scroll 0,-600
  64.061 TIGER script: wait 3
  65.329 [com.apple.WebKit:Loading:4] 0x10c612b80 - [webProcessIdentifier=3] NetworkConnectionToWebProcess::scheduleResourceLoad: (parentPID=11759, pageProxyID=4, webPageID=5, frameID=4294967297, resourceID=9400, existingLoaderToResume=0)
  65.329 [com.apple.WebKit:Loading:4] 0x10c612b80 - [webProcessIdentifier=3] NetworkConnectionToWebProcess::resolveBlobReferences: (parentPID=11759, pageProxyID=4, webPageID=5, frameID=4294967297, resourceID=9400)
  65.329 [com.apple.WebKit:Loading:4] 0x10c612b80 - [webProcessIdentifier=3] NetworkConnectionToWebProcess::scheduleResourceLoad: (parentPID=11759, pageProxyID=4, webPageID=5, frameID=4294967297, resourceID=9401, existingLoaderToResume=0)
  65.329 [com.apple.WebKit:Loading:4] 0x10c612b80 - [webProcessIdentifier=3] NetworkConnectionToWebProcess::resolveBlobReferences: (parentPID=11759, pageProxyID=4, webPageID=5, frameID=4294967297, resourceID=9401)
  65.409 [com.apple.WebKit:Layout:4] [webFrameID=4294967297, webPageID=5] WebLocalFrameLoaderClient::dispatchDidReachLayoutMilestone: dispatching DidReachLayoutMilestone (milestones=DidFirstMeaningfulPaint)
  65.661 [com.apple.WebKit:Loading:4] 0x10c612b80 - [webProcessIdentifier=3] NetworkConnectionToWebProcess::scheduleResourceLoad: (parentPID=11759, pageProxyID=4, webPageID=5, frameID=12884901955, resourceID=9536, existingLoaderToResume=0)
  65.661 [com.apple.WebKit:Loading:4] 0x10c612b80 - [webProcessIdentifier=3] NetworkConnectionToWebProcess::resolveBlobReferences: (parentPID=11759, pageProxyID=4, webPageID=5, frameID=12884901955, resourceID=9536)
  65.713 [com.apple.WebKit:Loading:4] 0x10c612b80 - [webProcessIdentifier=3] NetworkConnectionToWebProcess::scheduleResourceLoad: (parentPID=11759, pageProxyID=4, webPageID=5, frameID=4294967297, resourceID=9553, existingLoaderToResume=0)
  65.713 [com.apple.WebKit:Loading:4] 0x10c612b80 - [webProcessIdentifier=3] NetworkConnectionToWebProcess::resolveBlobReferences: (parentPID=11759, pageProxyID=4, webPageID=5, frameID=4294967297, resourceID=9553)
  67.062 TIGER script: scroll 0,-600
  67.068 [com.apple.WebKit:Loading:4] 0x10c612b80 - [webProcessIdentifier=3] NetworkConnectionToWebProcess::scheduleResourceLoad: (parentPID=11759, pageProxyID=4, webPageID=5, frameID=4294967297, resourceID=9805, existingLoaderToResume=0)
  67.068 [com.apple.WebKit:Loading:4] 0x10c612b80 - [webProcessIdentifier=3] NetworkConnectionToWebProcess::resolveBlobReferences: (parentPID=11759, pageProxyID=4, webPageID=5, frameID=4294967297, resourceID=9805)
  67.109 [com.apple.WebKit:Loading:4] 0x10c612b80 - [webProcessIdentifier=3] NetworkConnectionToWebProcess::scheduleResourceLoad: (parentPID=11759, pageProxyID=4, webPageID=5, frameID=12884901952, resourceID=9854, existingLoaderToResume=0)
  67.109 [com.apple.WebKit:Loading:4] 0x10c612b80 - [webProcessIdentifier=3] NetworkConnectionToWebProcess::resolveBlobReferences: (parentPID=11759, pageProxyID=4, webPageID=5, frameID=12884901952, resourceID=9854)
  67.122 [com.apple.WebKit:Loading:4] 0x10c612b80 - [webProcessIdentifier=3] NetworkConnectionToWebProcess::scheduleResourceLoad: (parentPID=11759, pageProxyID=4, webPageID=5, frameID=4294967297, resourceID=9856, existingLoaderToResume=0)
  67.122 [com.apple.WebKit:Loading:4] 0x10c612b80 - [webProcessIdentifier=3] NetworkConnectionToWebProcess::resolveBlobReferences: (parentPID=11759, pageProxyID=4, webPageID=5, frameID=4294967297, resourceID=9856)
  67.362 TIGER script: wait 3
  70.362 TIGER script: scroll 0,-600
  70.393 [com.apple.WebKit:Loading:4] 0x10c612b80 - [webProcessIdentifier=3] NetworkConnectionToWebProcess::scheduleResourceLoad: (parentPID=11759, pageProxyID=4, webPageID=5, frameID=4294967297, resourceID=10279, existingLoaderToResume=0)
  70.393 [com.apple.WebKit:Loading:4] 0x10c612b80 - [webProcessIdentifier=3] NetworkConnectionToWebProcess::resolveBlobReferences: (parentPID=11759, pageProxyID=4, webPageID=5, frameID=4294967297, resourceID=10279)
  70.418 [com.apple.WebKit:Loading:4] 0x10c612b80 - [webProcessIdentifier=3] NetworkConnectionToWebProcess::scheduleResourceLoad: (parentPID=11759, pageProxyID=4, webPageID=5, frameID=4294967297, resourceID=10326, existingLoaderToResume=0)
  70.418 [com.apple.WebKit:Loading:4] 0x10c612b80 - [webProcessIdentifier=3] NetworkConnectionToWebProcess::resolveBlobReferences: (parentPID=11759, pageProxyID=4, webPageID=5, frameID=4294967297, resourceID=10326)
  70.517 [com.apple.WebKit:Loading:4] 0x10c612b80 - [webProcessIdentifier=3] NetworkConnectionToWebProcess::scheduleResourceLoad: (parentPID=11759, pageProxyID=4, webPageID=5, frameID=4294967297, resourceID=10384, existingLoaderToResume=0)
  70.517 [com.apple.WebKit:Loading:4] 0x10c612b80 - [webProcessIdentifier=3] NetworkConnectionToWebProcess::resolveBlobReferences: (parentPID=11759, pageProxyID=4, webPageID=5, frameID=4294967297, resourceID=10384)
  70.662 TIGER script: wait 3
  70.735 [com.apple.WebKit:Loading:4] 0x10c612b80 - [webProcessIdentifier=3] NetworkConnectionToWebProcess::scheduleResourceLoad: (parentPID=11759, pageProxyID=4, webPageID=5, frameID=4294967297, resourceID=10385, existingLoaderToResume=0)
  70.735 [com.apple.WebKit:Loading:4] 0x10c612b80 - [webProcessIdentifier=3] NetworkConnectionToWebProcess::resolveBlobReferences: (parentPID=11759, pageProxyID=4, webPageID=5, frameID=4294967297, resourceID=10385)
  70.807 [com.apple.WebKit:Loading:4] 0x10c612b80 - [webProcessIdentifier=3] NetworkConnectionToWebProcess::scheduleResourceLoad: (parentPID=11759, pageProxyID=4, webPageID=5, frameID=4294967297, resourceID=10434, existingLoaderToResume=0)
  70.808 [com.apple.WebKit:Loading:4] 0x10c612b80 - [webProcessIdentifier=3] NetworkConnectionToWebProcess::resolveBlobReferences: (parentPID=11759, pageProxyID=4, webPageID=5, frameID=4294967297, resourceID=10434)
  70.819 [com.apple.WebKit:Loading:4] 0x10c612b80 - [webProcessIdentifier=3] NetworkConnectionToWebProcess::scheduleResourceLoad: (parentPID=11759, pageProxyID=4, webPageID=5, frameID=4294967297, resourceID=10435, existingLoaderToResume=0)
  70.819 [com.apple.WebKit:Loading:4] 0x10c612b80 - [webProcessIdentifier=3] NetworkConnectionToWebProcess::resolveBlobReferences: (parentPID=11759, pageProxyID=4, webPageID=5, frameID=4294967297, resourceID=10435)
  70.826 [com.apple.WebKit:Loading:4] 0x10c612b80 - [webProcessIdentifier=3] NetworkConnectionToWebProcess::scheduleResourceLoad: (parentPID=11759, pageProxyID=4, webPageID=5, frameID=4294967297, resourceID=10436, existingLoaderToResume=0)
  70.826 [com.apple.WebKit:Loading:4] 0x10c612b80 - [webProcessIdentifier=3] NetworkConnectionToWebProcess::resolveBlobReferences: (parentPID=11759, pageProxyID=4, webPageID=5, frameID=4294967297, resourceID=10436)
  70.832 [com.apple.WebKit:Loading:4] 0x10c612b80 - [webProcessIdentifier=3] NetworkConnectionToWebProcess::scheduleResourceLoad: (parentPID=11759, pageProxyID=4, webPageID=5, frameID=4294967297, resourceID=10437, existingLoaderToResume=0)
  70.832 [com.apple.WebKit:Loading:4] 0x10c612b80 - [webProcessIdentifier=3] NetworkConnectionToWebProcess::resolveBlobReferences: (parentPID=11759, pageProxyID=4, webPageID=5, frameID=4294967297, resourceID=10437)
  70.839 [com.apple.WebKit:Loading:4] 0x10c612b80 - [webProcessIdentifier=3] NetworkConnectionToWebProcess::scheduleResourceLoad: (parentPID=11759, pageProxyID=4, webPageID=5, frameID=4294967297, resourceID=10438, existingLoaderToResume=0)
  70.839 [com.apple.WebKit:Loading:4] 0x10c612b80 - [webProcessIdentifier=3] NetworkConnectionToWebProcess::resolveBlobReferences: (parentPID=11759, pageProxyID=4, webPageID=5, frameID=4294967297, resourceID=10438)
  70.848 [com.apple.WebKit:Loading:4] 0x10c612b80 - [webProcessIdentifier=3] NetworkConnectionToWebProcess::scheduleResourceLoad: (parentPID=11759, pageProxyID=4, webPageID=5, frameID=4294967297, resourceID=10439, existingLoaderToResume=0)
  70.848 [com.apple.WebKit:Loading:4] 0x10c612b80 - [webProcessIdentifier=3] NetworkConnectionToWebProcess::resolveBlobReferences: (parentPID=11759, pageProxyID=4, webPageID=5, frameID=4294967297, resourceID=10439)
  70.857 [com.apple.WebKit:Loading:4] 0x10c612b80 - [webProcessIdentifier=3] NetworkConnectionToWebProcess::scheduleResourceLoad: (parentPID=11759, pageProxyID=4, webPageID=5, frameID=4294967297, resourceID=10440, existingLoaderToResume=0)
  70.857 [com.apple.WebKit:Loading:4] 0x10c612b80 - [webProcessIdentifier=3] NetworkConnectionToWebProcess::resolveBlobReferences: (parentPID=11759, pageProxyID=4, webPageID=5, frameID=4294967297, resourceID=10440)
  70.877 [com.apple.WebKit:Loading:4] 0x10c612b80 - [webProcessIdentifier=3] NetworkConnectionToWebProcess::scheduleResourceLoad: (parentPID=11759, pageProxyID=4, webPageID=5, frameID=4294967297, resourceID=10441, existingLoaderToResume=0)
  70.877 [com.apple.WebKit:Loading:4] 0x10c612b80 - [webProcessIdentifier=3] NetworkConnectionToWebProcess::resolveBlobReferences: (parentPID=11759, pageProxyID=4, webPageID=5, frameID=4294967297, resourceID=10441)
  70.888 [com.apple.WebKit:Loading:4] 0x10c612b80 - [webProcessIdentifier=3] NetworkConnectionToWebProcess::scheduleResourceLoad: (parentPID=11759, pageProxyID=4, webPageID=5, frameID=4294967297, resourceID=10442, existingLoaderToResume=0)
  70.888 [com.apple.WebKit:Loading:4] 0x10c612b80 - [webProcessIdentifier=3] NetworkConnectionToWebProcess::resolveBlobReferences: (parentPID=11759, pageProxyID=4, webPageID=5, frameID=4294967297, resourceID=10442)
  70.897 [com.apple.WebKit:Loading:4] 0x10c612b80 - [webProcessIdentifier=3] NetworkConnectionToWebProcess::scheduleResourceLoad: (parentPID=11759, pageProxyID=4, webPageID=5, frameID=4294967297, resourceID=10443, existingLoaderToResume=0)
  70.897 [com.apple.WebKit:Loading:4] 0x10c612b80 - [webProcessIdentifier=3] NetworkConnectionToWebProcess::resolveBlobReferences: (parentPID=11759, pageProxyID=4, webPageID=5, frameID=4294967297, resourceID=10443)
  70.904 [com.apple.WebKit:Loading:4] 0x10c612b80 - [webProcessIdentifier=3] NetworkConnectionToWebProcess::scheduleResourceLoad: (parentPID=11759, pageProxyID=4, webPageID=5, frameID=4294967297, resourceID=10444, existingLoaderToResume=0)
  70.904 [com.apple.WebKit:Loading:4] 0x10c612b80 - [webProcessIdentifier=3] NetworkConnectionToWebProcess::resolveBlobReferences: (parentPID=11759, pageProxyID=4, webPageID=5, frameID=4294967297, resourceID=10444)
  70.910 [com.apple.WebKit:Loading:4] 0x10c612b80 - [webProcessIdentifier=3] NetworkConnectionToWebProcess::scheduleResourceLoad: (parentPID=11759, pageProxyID=4, webPageID=5, frameID=4294967297, resourceID=10445, existingLoaderToResume=0)
  70.910 [com.apple.WebKit:Loading:4] 0x10c612b80 - [webProcessIdentifier=3] NetworkConnectionToWebProcess::resolveBlobReferences: (parentPID=11759, pageProxyID=4, webPageID=5, frameID=4294967297, resourceID=10445)
  70.916 [com.apple.WebKit:Loading:4] 0x10c612b80 - [webProcessIdentifier=3] NetworkConnectionToWebProcess::scheduleResourceLoad: (parentPID=11759, pageProxyID=4, webPageID=5, frameID=4294967297, resourceID=10446, existingLoaderToResume=0)
  70.917 [com.apple.WebKit:Loading:4] 0x10c612b80 - [webProcessIdentifier=3] NetworkConnectionToWebProcess::resolveBlobReferences: (parentPID=11759, pageProxyID=4, webPageID=5, frameID=4294967297, resourceID=10446)
  70.935 [com.apple.WebKit:Loading:4] 0x10c612b80 - [webProcessIdentifier=3] NetworkConnectionToWebProcess::scheduleResourceLoad: (parentPID=11759, pageProxyID=4, webPageID=5, frameID=4294967297, resourceID=10471, existingLoaderToResume=0)
  70.935 [com.apple.WebKit:Loading:4] 0x10c612b80 - [webProcessIdentifier=3] NetworkConnectionToWebProcess::resolveBlobReferences: (parentPID=11759, pageProxyID=4, webPageID=5, frameID=4294967297, resourceID=10471)
  70.961 [com.apple.WebKit:Loading:4] 0x10c612b80 - [webProcessIdentifier=3] NetworkConnectionToWebProcess::scheduleResourceLoad: (parentPID=11759, pageProxyID=4, webPageID=5, frameID=4294967297, resourceID=10496, existingLoaderToResume=0)
  70.961 [com.apple.WebKit:Loading:4] 0x10c612b80 - [webProcessIdentifier=3] NetworkConnectionToWebProcess::resolveBlobReferences: (parentPID=11759, pageProxyID=4, webPageID=5, frameID=4294967297, resourceID=10496)
  70.985 [com.apple.WebKit:Loading:4] 0x10c612b80 - [webProcessIdentifier=3] NetworkConnectionToWebProcess::scheduleResourceLoad: (parentPID=11759, pageProxyID=4, webPageID=5, frameID=12884901945, resourceID=10497, existingLoaderToResume=0)
  70.985 [com.apple.WebKit:Loading:4] 0x10c612b80 - [webProcessIdentifier=3] NetworkConnectionToWebProcess::resolveBlobReferences: (parentPID=11759, pageProxyID=4, webPageID=5, frameID=12884901945, resourceID=10497)
  71.008 [com.apple.WebKit:Media:-] MediaElementSession::clientWillBeDOMSuspended(55F2986245F8B5EE) 
  71.008 [com.apple.WebKit:Media:-] MediaElementSession::processClientWillPausePlayback(55F2986245F8B5EE) state = Paused
  71.024 [com.apple.WebKit:Media:-] MediaElementSession::stopSession(55F2986245F8B5EE) 
  71.024 [com.apple.WebKit:Media:-] HTMLMediaElement::suspendPlayback(55F2986245F8B5EE) paused = true
  71.054 [com.apple.WebKit:Loading:4] 0x10c612b80 - [webProcessIdentifier=3] NetworkConnectionToWebProcess::scheduleResourceLoad: (parentPID=11759, pageProxyID=4, webPageID=5, frameID=12884901948, resourceID=10499, existingLoaderToResume=0)
  71.055 [com.apple.WebKit:Loading:4] 0x10c612b80 - [webProcessIdentifier=3] NetworkConnectionToWebProcess::resolveBlobReferences: (parentPID=11759, pageProxyID=4, webPageID=5, frameID=12884901948, resourceID=10499)
  71.063 [com.apple.WebKit:Loading:4] 0x10c612b80 - [webProcessIdentifier=3] NetworkConnectionToWebProcess::scheduleResourceLoad: (parentPID=11759, pageProxyID=4, webPageID=5, frameID=12884901948, resourceID=10501, existingLoaderToResume=0)
  71.063 [com.apple.WebKit:Loading:4] 0x10c612b80 - [webProcessIdentifier=3] NetworkConnectionToWebProcess::resolveBlobReferences: (parentPID=11759, pageProxyID=4, webPageID=5, frameID=12884901948, resourceID=10501)
  71.065 [com.apple.WebKit:Loading:4] 0x10c612b80 - [webProcessIdentifier=3] NetworkConnectionToWebProcess::removeLoadIdentifier: Removing identifier 10501 and aborting corresponding loader
  71.065 [com.apple.WebKit:Loading:4] 0x10c612b80 - [webProcessIdentifier=3] NetworkConnectionToWebProcess::removeLoadIdentifier: Removing identifier 10499 and aborting corresponding loader
  71.122 [com.apple.WebKit:Loading:4] 0x10c612b80 - [webProcessIdentifier=3] NetworkConnectionToWebProcess::scheduleResourceLoad: (parentPID=11759, pageProxyID=4, webPageID=5, frameID=4294967297, resourceID=10502, existingLoaderToResume=0)
  71.122 [com.apple.WebKit:Loading:4] 0x10c612b80 - [webProcessIdentifier=3] NetworkConnectionToWebProcess::resolveBlobReferences: (parentPID=11759, pageProxyID=4, webPageID=5, frameID=4294967297, resourceID=10502)
  73.473 [com.apple.WebKit:Loading:4] 0x10c612b80 - [webProcessIdentifier=3] NetworkConnectionToWebProcess::scheduleResourceLoad: (parentPID=11759, pageProxyID=4, webPageID=5, frameID=4294967297, resourceID=11406, existingLoaderToResume=0)
  73.473 [com.apple.WebKit:Loading:4] 0x10c612b80 - [webProcessIdentifier=3] NetworkConnectionToWebProcess::resolveBlobReferences: (parentPID=11759, pageProxyID=4, webPageID=5, frameID=4294967297, resourceID=11406)
  73.663 TIGER script: scroll 0,-600
  73.671 [com.apple.WebKit:Loading:4] 0x10c612b80 - [webProcessIdentifier=3] NetworkConnectionToWebProcess::scheduleResourceLoad: (parentPID=11759, pageProxyID=4, webPageID=5, frameID=4294967297, resourceID=11488, existingLoaderToResume=0)
  73.671 [com.apple.WebKit:Loading:4] 0x10c612b80 - [webProcessIdentifier=3] NetworkConnectionToWebProcess::resolveBlobReferences: (parentPID=11759, pageProxyID=4, webPageID=5, frameID=4294967297, resourceID=11488)
  73.672 [com.apple.WebKit:Loading:4] 0x10c612b80 - [webProcessIdentifier=3] NetworkConnectionToWebProcess::scheduleResourceLoad: (parentPID=11759, pageProxyID=4, webPageID=5, frameID=4294967297, resourceID=11489, existingLoaderToResume=0)
  73.672 [com.apple.WebKit:Loading:4] 0x10c612b80 - [webProcessIdentifier=3] NetworkConnectionToWebProcess::resolveBlobReferences: (parentPID=11759, pageProxyID=4, webPageID=5, frameID=4294967297, resourceID=11489)
  73.672 [com.apple.WebKit:Loading:4] 0x10c612b80 - [webProcessIdentifier=3] NetworkConnectionToWebProcess::scheduleResourceLoad: (parentPID=11759, pageProxyID=4, webPageID=5, frameID=4294967297, resourceID=11490, existingLoaderToResume=0)
  73.672 [com.apple.WebKit:Loading:4] 0x10c612b80 - [webProcessIdentifier=3] NetworkConnectionToWebProcess::resolveBlobReferences: (parentPID=11759, pageProxyID=4, webPageID=5, frameID=4294967297, resourceID=11490)
  73.674 [com.apple.WebKit:Loading:4] 0x10c612b80 - [webProcessIdentifier=3] NetworkConnectionToWebProcess::scheduleResourceLoad: (parentPID=11759, pageProxyID=4, webPageID=5, frameID=4294967297, resourceID=11491, existingLoaderToResume=0)
  73.674 [com.apple.WebKit:Loading:4] 0x10c612b80 - [webProcessIdentifier=3] NetworkConnectionToWebProcess::resolveBlobReferences: (parentPID=11759, pageProxyID=4, webPageID=5, frameID=4294967297, resourceID=11491)
  73.834 [com.apple.WebKit:Loading:4] 0x10c612b80 - [webProcessIdentifier=3] NetworkConnectionToWebProcess::scheduleResourceLoad: (parentPID=11759, pageProxyID=4, webPageID=5, frameID=4294967297, resourceID=11496, existingLoaderToResume=0)
  73.834 [com.apple.WebKit:Loading:4] 0x10c612b80 - [webProcessIdentifier=3] NetworkConnectionToWebProcess::resolveBlobReferences: (parentPID=11759, pageProxyID=4, webPageID=5, frameID=4294967297, resourceID=11496)
  73.963 TIGER script: wait 3
  74.052 [com.apple.WebKit:Loading:4] [pageID=5, frameID=12884901957] PolicyChecker::checkNavigationPolicy: continuing because this is an initial empty document
  74.068 [com.apple.WebKit:Loading:4] 0x10c612b80 - [webProcessIdentifier=3] NetworkConnectionToWebProcess::scheduleResourceLoad: (parentPID=11759, pageProxyID=4, webPageID=5, frameID=12884901957, resourceID=11571, existingLoaderToResume=0)
  74.068 [com.apple.WebKit:Loading:4] 0x10c612b80 - [webProcessIdentifier=3] NetworkConnectionToWebProcess::resolveBlobReferences: (parentPID=11759, pageProxyID=4, webPageID=5, frameID=12884901957, resourceID=11571)
  74.073 [com.apple.WebKit:Loading:4] 0x10c612b80 - [webProcessIdentifier=3] NetworkConnectionToWebProcess::scheduleResourceLoad: (parentPID=11759, pageProxyID=4, webPageID=5, frameID=12884901957, resourceID=11573, existingLoaderToResume=0)
  74.073 [com.apple.WebKit:Loading:4] 0x10c612b80 - [webProcessIdentifier=3] NetworkConnectionToWebProcess::resolveBlobReferences: (parentPID=11759, pageProxyID=4, webPageID=5, frameID=12884901957, resourceID=11573)
  74.120 [com.apple.WebKit:Loading:4] [pageID=5, frameID=12884901958] PolicyChecker::checkNavigationPolicy: continuing because this is an initial empty document
  74.257 [com.apple.WebKit:Loading:4] [pageID=5, frameID=12884901959] PolicyChecker::checkNavigationPolicy: continuing because this is an initial empty document
  74.277 [com.apple.WebKit:Loading:4] [pageID=5, frameID=12884901960] PolicyChecker::checkNavigationPolicy: continuing because this is an initial empty document
  74.321 [com.apple.WebKit:Loading:4] 0x10c612b80 - [webProcessIdentifier=3] NetworkConnectionToWebProcess::scheduleResourceLoad: (parentPID=11759, pageProxyID=4, webPageID=5, frameID=12884901957, resourceID=11690, existingLoaderToResume=0)
  74.321 [com.apple.WebKit:Loading:4] 0x10c612b80 - [webProcessIdentifier=3] NetworkConnectionToWebProcess::resolveBlobReferences: (parentPID=11759, pageProxyID=4, webPageID=5, frameID=12884901957, resourceID=11690)
  74.325 [com.apple.WebKit:Loading:4] 0x10c612b80 - [webProcessIdentifier=3] NetworkConnectionToWebProcess::scheduleResourceLoad: (parentPID=11759, pageProxyID=4, webPageID=5, frameID=12884901957, resourceID=11692, existingLoaderToResume=0)
  74.325 [com.apple.WebKit:Loading:4] 0x10c612b80 - [webProcessIdentifier=3] NetworkConnectionToWebProcess::resolveBlobReferences: (parentPID=11759, pageProxyID=4, webPageID=5, frameID=12884901957, resourceID=11692)
  74.338 [com.apple.WebKit:Layout:4] [webFrameID=4294967297, webPageID=5] WebLocalFrameLoaderClient::dispatchDidReachLayoutMilestone: dispatching DidReachLayoutMilestone (milestones=DidFirstMeaningfulPaint)
  74.466 [com.apple.WebKit:Loading:4] 0x10c612b80 - [webProcessIdentifier=3] NetworkConnectionToWebProcess::scheduleResourceLoad: (parentPID=11759, pageProxyID=4, webPageID=5, frameID=12884901960, resourceID=11732, existingLoaderToResume=0)
  74.466 [com.apple.WebKit:Loading:4] 0x10c612b80 - [webProcessIdentifier=3] NetworkConnectionToWebProcess::resolveBlobReferences: (parentPID=11759, pageProxyID=4, webPageID=5, frameID=12884901960, resourceID=11732)
  74.607 [com.apple.WebKit:Loading:4] 0x10c612b80 - [webProcessIdentifier=3] NetworkConnectionToWebProcess::scheduleResourceLoad: (parentPID=11759, pageProxyID=4, webPageID=5, frameID=12884901957, resourceID=11760, existingLoaderToResume=0)
  74.607 [com.apple.WebKit:Loading:4] 0x10c612b80 - [webProcessIdentifier=3] NetworkConnectionToWebProcess::resolveBlobReferences: (parentPID=11759, pageProxyID=4, webPageID=5, frameID=12884901957, resourceID=11760)
  74.613 [com.apple.WebKit:Loading:4] [pageID=5, frameID=12884901961] PolicyChecker::checkNavigationPolicy: continuing because this is an initial empty document
  74.627 [com.apple.WebKit:Loading:4] 0x10c612b80 - [webProcessIdentifier=3] NetworkConnectionToWebProcess::scheduleResourceLoad: (parentPID=11759, pageProxyID=4, webPageID=5, frameID=12884901957, resourceID=11774, existingLoaderToResume=0)
  74.627 [com.apple.WebKit:Loading:4] 0x10c612b80 - [webProcessIdentifier=3] NetworkConnectionToWebProcess::resolveBlobReferences: (parentPID=11759, pageProxyID=4, webPageID=5, frameID=12884901957, resourceID=11774)
  74.736 [com.apple.WebKit:Loading:4] 0x10c612b80 - [webProcessIdentifier=3] NetworkConnectionToWebProcess::scheduleResourceLoad: (parentPID=11759, pageProxyID=4, webPageID=5, frameID=12884901957, resourceID=11778, existingLoaderToResume=0)
  74.736 [com.apple.WebKit:Loading:4] 0x10c612b80 - [webProcessIdentifier=3] NetworkConnectionToWebProcess::resolveBlobReferences: (parentPID=11759, pageProxyID=4, webPageID=5, frameID=12884901957, resourceID=11778)
  74.936 [com.apple.WebKit:Loading:4] 0x10c612b80 - [webProcessIdentifier=3] NetworkConnectionToWebProcess::scheduleResourceLoad: (parentPID=11759, pageProxyID=4, webPageID=5, frameID=12884901957, resourceID=11779, existingLoaderToResume=0)
  74.936 [com.apple.WebKit:Loading:4] 0x10c612b80 - [webProcessIdentifier=3] NetworkConnectionToWebProcess::resolveBlobReferences: (parentPID=11759, pageProxyID=4, webPageID=5, frameID=12884901957, resourceID=11779)
  75.013 [com.apple.WebKit:Loading:4] 0x10c612b80 - [webProcessIdentifier=3] NetworkConnectionToWebProcess::scheduleResourceLoad: (parentPID=11759, pageProxyID=4, webPageID=5, frameID=4294967297, resourceID=11851, existingLoaderToResume=0)
  75.014 [com.apple.WebKit:Loading:4] 0x10c612b80 - [webProcessIdentifier=3] NetworkConnectionToWebProcess::resolveBlobReferences: (parentPID=11759, pageProxyID=4, webPageID=5, frameID=4294967297, resourceID=11851)
  75.149 [com.apple.WebKit:Loading:4] 0x10c612b80 - [webProcessIdentifier=3] NetworkConnectionToWebProcess::scheduleResourceLoad: (parentPID=11759, pageProxyID=4, webPageID=5, frameID=4294967297, resourceID=11859, existingLoaderToResume=0)
  75.149 [com.apple.WebKit:Loading:4] 0x10c612b80 - [webProcessIdentifier=3] NetworkConnectionToWebProcess::resolveBlobReferences: (parentPID=11759, pageProxyID=4, webPageID=5, frameID=4294967297, resourceID=11859)
  76.963 TIGER script: scroll 0,-600
  77.220 [com.apple.WebKit:Loading:4] 0x10c612b80 - [webProcessIdentifier=3] NetworkConnectionToWebProcess::scheduleResourceLoad: (parentPID=11759, pageProxyID=4, webPageID=5, frameID=4294967297, resourceID=12182, existingLoaderToResume=0)
  77.220 [com.apple.WebKit:Loading:4] 0x10c612b80 - [webProcessIdentifier=3] NetworkConnectionToWebProcess::resolveBlobReferences: (parentPID=11759, pageProxyID=4, webPageID=5, frameID=4294967297, resourceID=12182)
  77.221 [com.apple.WebKit:Loading:4] 0x10c612b80 - [webProcessIdentifier=3] NetworkConnectionToWebProcess::scheduleResourceLoad: (parentPID=11759, pageProxyID=4, webPageID=5, frameID=4294967297, resourceID=12183, existingLoaderToResume=0)
  77.221 [com.apple.WebKit:Loading:4] 0x10c612b80 - [webProcessIdentifier=3] NetworkConnectionToWebProcess::resolveBlobReferences: (parentPID=11759, pageProxyID=4, webPageID=5, frameID=4294967297, resourceID=12183)
  77.221 [com.apple.WebKit:Loading:4] 0x10c612b80 - [webProcessIdentifier=3] NetworkConnectionToWebProcess::scheduleResourceLoad: (parentPID=11759, pageProxyID=4, webPageID=5, frameID=4294967297, resourceID=12184, existingLoaderToResume=0)
  77.221 [com.apple.WebKit:Loading:4] 0x10c612b80 - [webProcessIdentifier=3] NetworkConnectionToWebProcess::resolveBlobReferences: (parentPID=11759, pageProxyID=4, webPageID=5, frameID=4294967297, resourceID=12184)
  77.222 [com.apple.WebKit:Loading:4] 0x10c612b80 - [webProcessIdentifier=3] NetworkConnectionToWebProcess::scheduleResourceLoad: (parentPID=11759, pageProxyID=4, webPageID=5, frameID=4294967297, resourceID=12185, existingLoaderToResume=0)
  77.222 [com.apple.WebKit:Loading:4] 0x10c612b80 - [webProcessIdentifier=3] NetworkConnectionToWebProcess::resolveBlobReferences: (parentPID=11759, pageProxyID=4, webPageID=5, frameID=4294967297, resourceID=12185)
  77.265 TIGER script: wait 3
  77.408 [com.apple.WebKit:Loading:4] 0x10c612b80 - [webProcessIdentifier=3] NetworkConnectionToWebProcess::scheduleResourceLoad: (parentPID=11759, pageProxyID=4, webPageID=5, frameID=12884901957, resourceID=12252, existingLoaderToResume=0)
  77.408 [com.apple.WebKit:Loading:4] 0x10c612b80 - [webProcessIdentifier=3] NetworkConnectionToWebProcess::resolveBlobReferences: (parentPID=11759, pageProxyID=4, webPageID=5, frameID=12884901957, resourceID=12252)
  77.418 [com.apple.WebKit:Loading:4] 0x10c612b80 - [webProcessIdentifier=3] NetworkConnectionToWebProcess::scheduleResourceLoad: (parentPID=11759, pageProxyID=4, webPageID=5, frameID=12884901957, resourceID=12258, existingLoaderToResume=0)
  77.418 [com.apple.WebKit:Loading:4] 0x10c612b80 - [webProcessIdentifier=3] NetworkConnectionToWebProcess::resolveBlobReferences: (parentPID=11759, pageProxyID=4, webPageID=5, frameID=12884901957, resourceID=12258)
  77.437 [com.apple.WebKit:Loading:4] [pageID=5, frameID=12884901962] PolicyChecker::checkNavigationPolicy: continuing because this policyAction from dispatchDecidePolicyForNavigationAction is Use
  77.560 [com.apple.WebKit:Network error] Unexpectedly missing certificate info
  77.669 [com.apple.WebKit:Loading:4] 0x10c612b80 - [webProcessIdentifier=3] NetworkConnectionToWebProcess::scheduleResourceLoad: (parentPID=11759, pageProxyID=4, webPageID=5, frameID=12884901962, resourceID=12375, existingLoaderToResume=0)
  77.669 [com.apple.WebKit:Loading:4] 0x10c612b80 - [webProcessIdentifier=3] NetworkConnectionToWebProcess::resolveBlobReferences: (parentPID=11759, pageProxyID=4, webPageID=5, frameID=12884901962, resourceID=12375)
  77.676 [com.apple.WebKit:Layout:4] [webFrameID=4294967297, webPageID=5] WebLocalFrameLoaderClient::dispatchDidReachLayoutMilestone: dispatching DidReachLayoutMilestone (milestones=DidFirstMeaningfulPaint)
  77.702 [com.apple.WebKit:Loading:4] 0x10c612b80 - [webProcessIdentifier=3] NetworkConnectionToWebProcess::scheduleResourceLoad: (parentPID=11759, pageProxyID=4, webPageID=5, frameID=12884901962, resourceID=12376, existingLoaderToResume=0)
  77.703 [com.apple.WebKit:Loading:4] 0x10c612b80 - [webProcessIdentifier=3] NetworkConnectionToWebProcess::resolveBlobReferences: (parentPID=11759, pageProxyID=4, webPageID=5, frameID=12884901962, resourceID=12376)
  77.705 [com.apple.WebKit:Loading:4] [pageID=5, frameID=12884901963] PolicyChecker::checkNavigationPolicy: continuing because this is an initial empty document
  77.752 [com.apple.WebKit:Media:-] HTMLMediaElement::updateShouldPlay(CECAE048F8AF4190) autoplay blocked with reason: PageConsentRequired: Not enough data
  77.752 [com.apple.WebKit:Media:-] MediaElementSession::clientWillBeginAutoplaying(CECAE048F8AF4190) state = Idle
  77.752 [com.apple.WebKit:Media:-] MediaElementSession::setState(CECAE048F8AF4190) Autoplaying, canProduceAudio=false
  77.752 [com.apple.WebKit:Media:-] MediaElementSession::clientWillBeginAutoplaying(CECAE048F8AF4190) state = Autoplaying
  77.757 [com.apple.WebKit:Media:-] MediaElementSession::clientWillBeginAutoplaying(CECAE048F8AF4190) state = Idle
  77.757 [com.apple.WebKit:Media:-] MediaElementSession::setState(CECAE048F8AF4190) Autoplaying, canProduceAudio=false
  77.810 [com.apple.WebKit:Media:-] MediaElementSession::clientWillBeginAutoplaying(CECAE048F8AF4190) state = Autoplaying
  77.811 [com.apple.WebKit:Media:-] MediaElementSession::clientWillBeginPlayback(CECAE048F8AF4190) state = Autoplaying
  77.818 [com.apple.WebKit:Media:-] MediaSessionManagerInterface::startSessionAdmission(0) 14900968921123209616
  77.819 [com.apple.WebKit:Media:-] MediaSessionManagerInterface::setCurrentSession(0) 14900968921123209616, size = 3
  77.819 [com.apple.WebKit:Media:-] MediaElementSession::setState(CECAE048F8AF4190) Playing, canProduceAudio=false
  77.819 [com.apple.WebKit:Media:-] MediaSessionManagerInterface::startSessionAdmission(0) 14900968921123209616 returning true
  77.852 [com.apple.WebKit:Loading:4] 0x10c612b80 - [webProcessIdentifier=3] NetworkConnectionToWebProcess::scheduleResourceLoad: (parentPID=11759, pageProxyID=4, webPageID=5, frameID=12884901963, resourceID=12476, existingLoaderToResume=0)
  77.852 [com.apple.WebKit:Loading:4] 0x10c612b80 - [webProcessIdentifier=3] NetworkConnectionToWebProcess::resolveBlobReferences: (parentPID=11759, pageProxyID=4, webPageID=5, frameID=12884901963, resourceID=12476)
  77.887 [com.apple.WebKit:Loading:4] 0x10c612b80 - [webProcessIdentifier=3] NetworkConnectionToWebProcess::scheduleResourceLoad: (parentPID=11759, pageProxyID=4, webPageID=5, frameID=4294967297, resourceID=12485, existingLoaderToResume=0)
  77.887 [com.apple.WebKit:Loading:4] 0x10c612b80 - [webProcessIdentifier=3] NetworkConnectionToWebProcess::resolveBlobReferences: (parentPID=11759, pageProxyID=4, webPageID=5, frameID=4294967297, resourceID=12485)
  77.905 [com.apple.WebKit:Loading:4] 0x10c612b80 - [webProcessIdentifier=3] NetworkConnectionToWebProcess::scheduleResourceLoad: (parentPID=11759, pageProxyID=4, webPageID=5, frameID=12884901957, resourceID=12487, existingLoaderToResume=0)
  77.905 [com.apple.WebKit:Loading:4] 0x10c612b80 - [webProcessIdentifier=3] NetworkConnectionToWebProcess::resolveBlobReferences: (parentPID=11759, pageProxyID=4, webPageID=5, frameID=12884901957, resourceID=12487)
  77.907 [com.apple.WebKit:Media:-] HTMLMediaElement::setReadyState(CECAE048F8AF4190) Autoplay blocked with reason: PageConsentRequired: !paused
  77.907 [com.apple.WebKit:Media:-] MediaElementSession::clientWillBeginPlayback(CECAE048F8AF4190) state = Playing
  78.006 [com.apple.WebKit:Loading:4] 0x10c612b80 - [webProcessIdentifier=3] NetworkConnectionToWebProcess::scheduleResourceLoad: (parentPID=11759, pageProxyID=4, webPageID=5, frameID=12884901963, resourceID=12528, existingLoaderToResume=0)
  78.006 [com.apple.WebKit:Loading:4] 0x10c612b80 - [webProcessIdentifier=3] NetworkConnectionToWebProcess::resolveBlobReferences: (parentPID=11759, pageProxyID=4, webPageID=5, frameID=12884901963, resourceID=12528)
  78.009 [com.apple.WebKit:Loading:4] 0x10c612b80 - [webProcessIdentifier=3] NetworkConnectionToWebProcess::scheduleResourceLoad: (parentPID=11759, pageProxyID=4, webPageID=5, frameID=12884901963, resourceID=12529, existingLoaderToResume=0)
  78.009 [com.apple.WebKit:Loading:4] 0x10c612b80 - [webProcessIdentifier=3] NetworkConnectionToWebProcess::resolveBlobReferences: (parentPID=11759, pageProxyID=4, webPageID=5, frameID=12884901963, resourceID=12529)
  78.009 [com.apple.WebKit:Loading:4] 0x10c612b80 - [webProcessIdentifier=3] NetworkConnectionToWebProcess::scheduleResourceLoad: (parentPID=11759, pageProxyID=4, webPageID=5, frameID=12884901963, resourceID=12530, existingLoaderToResume=0)
  78.009 [com.apple.WebKit:Loading:4] 0x10c612b80 - [webProcessIdentifier=3] NetworkConnectionToWebProcess::resolveBlobReferences: (parentPID=11759, pageProxyID=4, webPageID=5, frameID=12884901963, resourceID=12530)
  78.009 [com.apple.WebKit:Loading:4] 0x10c612b80 - [webProcessIdentifier=3] NetworkConnectionToWebProcess::scheduleResourceLoad: (parentPID=11759, pageProxyID=4, webPageID=5, frameID=12884901963, resourceID=12531, existingLoaderToResume=0)
  78.009 [com.apple.WebKit:Loading:4] 0x10c612b80 - [webProcessIdentifier=3] NetworkConnectionToWebProcess::resolveBlobReferences: (parentPID=11759, pageProxyID=4, webPageID=5, frameID=12884901963, resourceID=12531)
  78.012 [com.apple.WebKit:Loading:4] 0x10c612b80 - [webProcessIdentifier=3] NetworkConnectionToWebProcess::scheduleResourceLoad: (parentPID=11759, pageProxyID=4, webPageID=5, frameID=12884901963, resourceID=12532, existingLoaderToResume=0)
  78.012 [com.apple.WebKit:Loading:4] 0x10c612b80 - [webProcessIdentifier=3] NetworkConnectionToWebProcess::resolveBlobReferences: (parentPID=11759, pageProxyID=4, webPageID=5, frameID=12884901963, resourceID=12532)
  78.015 [com.apple.WebKit:Loading:4] 0x10c612b80 - [webProcessIdentifier=3] NetworkConnectionToWebProcess::scheduleResourceLoad: (parentPID=11759, pageProxyID=4, webPageID=5, frameID=12884901963, resourceID=12533, existingLoaderToResume=0)
  78.015 [com.apple.WebKit:Loading:4] 0x10c612b80 - [webProcessIdentifier=3] NetworkConnectionToWebProcess::resolveBlobReferences: (parentPID=11759, pageProxyID=4, webPageID=5, frameID=12884901963, resourceID=12533)
  78.016 [com.apple.WebKit:Loading:4] 0x10c612b80 - [webProcessIdentifier=3] NetworkConnectionToWebProcess::scheduleResourceLoad: (parentPID=11759, pageProxyID=4, webPageID=5, frameID=12884901963, resourceID=12534, existingLoaderToResume=0)
  78.016 [com.apple.WebKit:Loading:4] 0x10c612b80 - [webProcessIdentifier=3] NetworkConnectionToWebProcess::resolveBlobReferences: (parentPID=11759, pageProxyID=4, webPageID=5, frameID=12884901963, resourceID=12534)
  78.016 [com.apple.WebKit:Loading:4] 0x10c612b80 - [webProcessIdentifier=3] NetworkConnectionToWebProcess::scheduleResourceLoad: (parentPID=11759, pageProxyID=4, webPageID=5, frameID=12884901963, resourceID=12535, existingLoaderToResume=0)
  78.016 [com.apple.WebKit:Loading:4] 0x10c612b80 - [webProcessIdentifier=3] NetworkConnectionToWebProcess::resolveBlobReferences: (parentPID=11759, pageProxyID=4, webPageID=5, frameID=12884901963, resourceID=12535)
  78.018 [com.apple.WebKit:Loading:4] 0x10c612b80 - [webProcessIdentifier=3] NetworkConnectionToWebProcess::scheduleResourceLoad: (parentPID=11759, pageProxyID=4, webPageID=5, frameID=12884901963, resourceID=12536, existingLoaderToResume=0)
  78.018 [com.apple.WebKit:Loading:4] 0x10c612b80 - [webProcessIdentifier=3] NetworkConnectionToWebProcess::resolveBlobReferences: (parentPID=11759, pageProxyID=4, webPageID=5, frameID=12884901963, resourceID=12536)
  78.018 [com.apple.WebKit:Loading:4] 0x10c612b80 - [webProcessIdentifier=3] NetworkConnectionToWebProcess::scheduleResourceLoad: (parentPID=11759, pageProxyID=4, webPageID=5, frameID=12884901963, resourceID=12537, existingLoaderToResume=0)
  78.018 [com.apple.WebKit:Loading:4] 0x10c612b80 - [webProcessIdentifier=3] NetworkConnectionToWebProcess::resolveBlobReferences: (parentPID=11759, pageProxyID=4, webPageID=5, frameID=12884901963, resourceID=12537)
  78.022 [com.apple.WebKit:Loading:4] 0x10c612b80 - [webProcessIdentifier=3] NetworkConnectionToWebProcess::scheduleResourceLoad: (parentPID=11759, pageProxyID=4, webPageID=5, frameID=12884901963, resourceID=12538, existingLoaderToResume=0)
  78.022 [com.apple.WebKit:Loading:4] 0x10c612b80 - [webProcessIdentifier=3] NetworkConnectionToWebProcess::resolveBlobReferences: (parentPID=11759, pageProxyID=4, webPageID=5, frameID=12884901963, resourceID=12538)
  78.023 [com.apple.WebKit:Loading:4] 0x10c612b80 - [webProcessIdentifier=3] NetworkConnectionToWebProcess::scheduleResourceLoad: (parentPID=11759, pageProxyID=4, webPageID=5, frameID=12884901963, resourceID=12539, existingLoaderToResume=0)
  78.023 [com.apple.WebKit:Loading:4] 0x10c612b80 - [webProcessIdentifier=3] NetworkConnectionToWebProcess::resolveBlobReferences: (parentPID=11759, pageProxyID=4, webPageID=5, frameID=12884901963, resourceID=12539)
  78.025 [com.apple.WebKit:Loading:4] 0x10c612b80 - [webProcessIdentifier=3] NetworkConnectionToWebProcess::scheduleResourceLoad: (parentPID=11759, pageProxyID=4, webPageID=5, frameID=12884901963, resourceID=12540, existingLoaderToResume=0)
  78.025 [com.apple.WebKit:Loading:4] 0x10c612b80 - [webProcessIdentifier=3] NetworkConnectionToWebProcess::resolveBlobReferences: (parentPID=11759, pageProxyID=4, webPageID=5, frameID=12884901963, resourceID=12540)
  78.025 [com.apple.WebKit:Loading:4] 0x10c612b80 - [webProcessIdentifier=3] NetworkConnectionToWebProcess::scheduleResourceLoad: (parentPID=11759, pageProxyID=4, webPageID=5, frameID=12884901963, resourceID=12541, existingLoaderToResume=0)
  78.025 [com.apple.WebKit:Loading:4] 0x10c612b80 - [webProcessIdentifier=3] NetworkConnectionToWebProcess::resolveBlobReferences: (parentPID=11759, pageProxyID=4, webPageID=5, frameID=12884901963, resourceID=12541)
  78.025 [com.apple.WebKit:Loading:4] 0x10c612b80 - [webProcessIdentifier=3] NetworkConnectionToWebProcess::scheduleResourceLoad: (parentPID=11759, pageProxyID=4, webPageID=5, frameID=12884901963, resourceID=12542, existingLoaderToResume=0)
  78.025 [com.apple.WebKit:Loading:4] 0x10c612b80 - [webProcessIdentifier=3] NetworkConnectionToWebProcess::resolveBlobReferences: (parentPID=11759, pageProxyID=4, webPageID=5, frameID=12884901963, resourceID=12542)
  78.028 [com.apple.WebKit:Loading:4] 0x10c612b80 - [webProcessIdentifier=3] NetworkConnectionToWebProcess::scheduleResourceLoad: (parentPID=11759, pageProxyID=4, webPageID=5, frameID=12884901963, resourceID=12543, existingLoaderToResume=0)
  78.028 [com.apple.WebKit:Loading:4] 0x10c612b80 - [webProcessIdentifier=3] NetworkConnectionToWebProcess::resolveBlobReferences: (parentPID=11759, pageProxyID=4, webPageID=5, frameID=12884901963, resourceID=12543)
  78.030 [com.apple.WebKit:Loading:4] 0x10c612b80 - [webProcessIdentifier=3] NetworkConnectionToWebProcess::scheduleResourceLoad: (parentPID=11759, pageProxyID=4, webPageID=5, frameID=12884901963, resourceID=12544, existingLoaderToResume=0)
  78.030 [com.apple.WebKit:Loading:4] 0x10c612b80 - [webProcessIdentifier=3] NetworkConnectionToWebProcess::resolveBlobReferences: (parentPID=11759, pageProxyID=4, webPageID=5, frameID=12884901963, resourceID=12544)
  78.030 [com.apple.WebKit:Loading:4] 0x10c612b80 - [webProcessIdentifier=3] NetworkConnectionToWebProcess::scheduleResourceLoad: (parentPID=11759, pageProxyID=4, webPageID=5, frameID=12884901963, resourceID=12545, existingLoaderToResume=0)
  78.030 [com.apple.WebKit:Loading:4] 0x10c612b80 - [webProcessIdentifier=3] NetworkConnectionToWebProcess::resolveBlobReferences: (parentPID=11759, pageProxyID=4, webPageID=5, frameID=12884901963, resourceID=12545)
  78.034 [com.apple.WebKit:Loading:4] 0x10c612b80 - [webProcessIdentifier=3] NetworkConnectionToWebProcess::scheduleResourceLoad: (parentPID=11759, pageProxyID=4, webPageID=5, frameID=12884901963, resourceID=12546, existingLoaderToResume=0)
  78.034 [com.apple.WebKit:Loading:4] 0x10c612b80 - [webProcessIdentifier=3] NetworkConnectionToWebProcess::resolveBlobReferences: (parentPID=11759, pageProxyID=4, webPageID=5, frameID=12884901963, resourceID=12546)
  78.034 [com.apple.WebKit:Loading:4] 0x10c612b80 - [webProcessIdentifier=3] NetworkConnectionToWebProcess::scheduleResourceLoad: (parentPID=11759, pageProxyID=4, webPageID=5, frameID=12884901963, resourceID=12547, existingLoaderToResume=0)
  78.034 [com.apple.WebKit:Loading:4] 0x10c612b80 - [webProcessIdentifier=3] NetworkConnectionToWebProcess::resolveBlobReferences: (parentPID=11759, pageProxyID=4, webPageID=5, frameID=12884901963, resourceID=12547)
  78.112 [com.apple.WebKit:Loading:4] 0x10c612b80 - [webProcessIdentifier=3] NetworkConnectionToWebProcess::scheduleResourceLoad: (parentPID=11759, pageProxyID=4, webPageID=5, frameID=12884901957, resourceID=12549, existingLoaderToResume=0)
  78.112 [com.apple.WebKit:Loading:4] 0x10c612b80 - [webProcessIdentifier=3] NetworkConnectionToWebProcess::resolveBlobReferences: (parentPID=11759, pageProxyID=4, webPageID=5, frameID=12884901957, resourceID=12549)
  78.117 [com.apple.WebKit:Loading:4] 0x10c612b80 - [webProcessIdentifier=3] NetworkConnectionToWebProcess::scheduleResourceLoad: (parentPID=11759, pageProxyID=4, webPageID=5, frameID=12884901963, resourceID=12550, existingLoaderToResume=0)
  78.117 [com.apple.WebKit:Loading:4] 0x10c612b80 - [webProcessIdentifier=3] NetworkConnectionToWebProcess::resolveBlobReferences: (parentPID=11759, pageProxyID=4, webPageID=5, frameID=12884901963, resourceID=12550)
  78.117 [com.apple.WebKit:Loading:4] 0x10c612b80 - [webProcessIdentifier=3] NetworkConnectionToWebProcess::scheduleResourceLoad: (parentPID=11759, pageProxyID=4, webPageID=5, frameID=12884901963, resourceID=12551, existingLoaderToResume=0)
  78.117 [com.apple.WebKit:Loading:4] 0x10c612b80 - [webProcessIdentifier=3] NetworkConnectionToWebProcess::resolveBlobReferences: (parentPID=11759, pageProxyID=4, webPageID=5, frameID=12884901963, resourceID=12551)
  78.119 [com.apple.WebKit:Loading:4] 0x10c612b80 - [webProcessIdentifier=3] NetworkConnectionToWebProcess::scheduleResourceLoad: (parentPID=11759, pageProxyID=4, webPageID=5, frameID=12884901963, resourceID=12552, existingLoaderToResume=0)
  78.119 [com.apple.WebKit:Loading:4] 0x10c612b80 - [webProcessIdentifier=3] NetworkConnectionToWebProcess::resolveBlobReferences: (parentPID=11759, pageProxyID=4, webPageID=5, frameID=12884901963, resourceID=12552)
  78.120 [com.apple.WebKit:Loading:4] 0x10c612b80 - [webProcessIdentifier=3] NetworkConnectionToWebProcess::scheduleResourceLoad: (parentPID=11759, pageProxyID=4, webPageID=5, frameID=12884901963, resourceID=12553, existingLoaderToResume=0)
  78.120 [com.apple.WebKit:Loading:4] 0x10c612b80 - [webProcessIdentifier=3] NetworkConnectionToWebProcess::resolveBlobReferences: (parentPID=11759, pageProxyID=4, webPageID=5, frameID=12884901963, resourceID=12553)
  78.121 [com.apple.WebKit:Loading:4] 0x10c612b80 - [webProcessIdentifier=3] NetworkConnectionToWebProcess::scheduleResourceLoad: (parentPID=11759, pageProxyID=4, webPageID=5, frameID=12884901963, resourceID=12554, existingLoaderToResume=0)
  78.121 [com.apple.WebKit:Loading:4] 0x10c612b80 - [webProcessIdentifier=3] NetworkConnectionToWebProcess::resolveBlobReferences: (parentPID=11759, pageProxyID=4, webPageID=5, frameID=12884901963, resourceID=12554)
  78.122 [com.apple.WebKit:Loading:4] 0x10c612b80 - [webProcessIdentifier=3] NetworkConnectionToWebProcess::scheduleResourceLoad: (parentPID=11759, pageProxyID=4, webPageID=5, frameID=12884901963, resourceID=12555, existingLoaderToResume=0)
  78.122 [com.apple.WebKit:Loading:4] 0x10c612b80 - [webProcessIdentifier=3] NetworkConnectionToWebProcess::resolveBlobReferences: (parentPID=11759, pageProxyID=4, webPageID=5, frameID=12884901963, resourceID=12555)
  78.123 [com.apple.WebKit:Loading:4] 0x10c612b80 - [webProcessIdentifier=3] NetworkConnectionToWebProcess::scheduleResourceLoad: (parentPID=11759, pageProxyID=4, webPageID=5, frameID=12884901963, resourceID=12556, existingLoaderToResume=0)
  78.123 [com.apple.WebKit:Loading:4] 0x10c612b80 - [webProcessIdentifier=3] NetworkConnectionToWebProcess::resolveBlobReferences: (parentPID=11759, pageProxyID=4, webPageID=5, frameID=12884901963, resourceID=12556)
  78.124 [com.apple.WebKit:Loading:4] 0x10c612b80 - [webProcessIdentifier=3] NetworkConnectionToWebProcess::scheduleResourceLoad: (parentPID=11759, pageProxyID=4, webPageID=5, frameID=12884901963, resourceID=12557, existingLoaderToResume=0)
  78.124 [com.apple.WebKit:Loading:4] 0x10c612b80 - [webProcessIdentifier=3] NetworkConnectionToWebProcess::resolveBlobReferences: (parentPID=11759, pageProxyID=4, webPageID=5, frameID=12884901963, resourceID=12557)
  78.125 [com.apple.WebKit:Loading:4] 0x10c612b80 - [webProcessIdentifier=3] NetworkConnectionToWebProcess::scheduleResourceLoad: (parentPID=11759, pageProxyID=4, webPageID=5, frameID=12884901963, resourceID=12558, existingLoaderToResume=0)
  78.125 [com.apple.WebKit:Loading:4] 0x10c612b80 - [webProcessIdentifier=3] NetworkConnectionToWebProcess::resolveBlobReferences: (parentPID=11759, pageProxyID=4, webPageID=5, frameID=12884901963, resourceID=12558)
  78.127 [com.apple.WebKit:Loading:4] 0x10c612b80 - [webProcessIdentifier=3] NetworkConnectionToWebProcess::scheduleResourceLoad: (parentPID=11759, pageProxyID=4, webPageID=5, frameID=12884901963, resourceID=12559, existingLoaderToResume=0)
  78.127 [com.apple.WebKit:Loading:4] 0x10c612b80 - [webProcessIdentifier=3] NetworkConnectionToWebProcess::resolveBlobReferences: (parentPID=11759, pageProxyID=4, webPageID=5, frameID=12884901963, resourceID=12559)
  78.128 [com.apple.WebKit:Loading:4] 0x10c612b80 - [webProcessIdentifier=3] NetworkConnectionToWebProcess::scheduleResourceLoad: (parentPID=11759, pageProxyID=4, webPageID=5, frameID=12884901963, resourceID=12560, existingLoaderToResume=0)
  78.128 [com.apple.WebKit:Loading:4] 0x10c612b80 - [webProcessIdentifier=3] NetworkConnectionToWebProcess::resolveBlobReferences: (parentPID=11759, pageProxyID=4, webPageID=5, frameID=12884901963, resourceID=12560)
  78.129 [com.apple.WebKit:Loading:4] 0x10c612b80 - [webProcessIdentifier=3] NetworkConnectionToWebProcess::scheduleResourceLoad: (parentPID=11759, pageProxyID=4, webPageID=5, frameID=12884901963, resourceID=12561, existingLoaderToResume=0)
  78.129 [com.apple.WebKit:Loading:4] 0x10c612b80 - [webProcessIdentifier=3] NetworkConnectionToWebProcess::resolveBlobReferences: (parentPID=11759, pageProxyID=4, webPageID=5, frameID=12884901963, resourceID=12561)
  78.130 [com.apple.WebKit:Loading:4] 0x10c612b80 - [webProcessIdentifier=3] NetworkConnectionToWebProcess::scheduleResourceLoad: (parentPID=11759, pageProxyID=4, webPageID=5, frameID=12884901963, resourceID=12562, existingLoaderToResume=0)
  78.130 [com.apple.WebKit:Loading:4] 0x10c612b80 - [webProcessIdentifier=3] NetworkConnectionToWebProcess::resolveBlobReferences: (parentPID=11759, pageProxyID=4, webPageID=5, frameID=12884901963, resourceID=12562)
  78.146 [com.apple.WebKit:Layout:4] [webFrameID=4294967297, webPageID=5] WebLocalFrameLoaderClient::dispatchDidReachLayoutMilestone: dispatching DidReachLayoutMilestone (milestones=DidFirstMeaningfulPaint)
  78.185 [com.apple.WebKit:Loading:4] 0x10c612b80 - [webProcessIdentifier=3] NetworkConnectionToWebProcess::scheduleResourceLoad: (parentPID=11759, pageProxyID=4, webPageID=5, frameID=12884901957, resourceID=12583, existingLoaderToResume=0)
  78.185 [com.apple.WebKit:Loading:4] 0x10c612b80 - [webProcessIdentifier=3] NetworkConnectionToWebProcess::resolveBlobReferences: (parentPID=11759, pageProxyID=4, webPageID=5, frameID=12884901957, resourceID=12583)
  78.228 [com.apple.WebKit:Loading:4] 0x10c612b80 - [webProcessIdentifier=3] NetworkConnectionToWebProcess::scheduleResourceLoad: (parentPID=11759, pageProxyID=4, webPageID=5, frameID=12884901960, resourceID=12665, existingLoaderToResume=0)
  78.228 [com.apple.WebKit:Loading:4] 0x10c612b80 - [webProcessIdentifier=3] NetworkConnectionToWebProcess::resolveBlobReferences: (parentPID=11759, pageProxyID=4, webPageID=5, frameID=12884901960, resourceID=12665)
  78.230 [com.apple.WebKit:Loading:4] 0x10c612b80 - [webProcessIdentifier=3] NetworkConnectionToWebProcess::scheduleResourceLoad: (parentPID=11759, pageProxyID=4, webPageID=5, frameID=12884901963, resourceID=12666, existingLoaderToResume=0)
  78.230 [com.apple.WebKit:Loading:4] 0x10c612b80 - [webProcessIdentifier=3] NetworkConnectionToWebProcess::resolveBlobReferences: (parentPID=11759, pageProxyID=4, webPageID=5, frameID=12884901963, resourceID=12666)
  78.231 [com.apple.WebKit:Loading:4] 0x10c612b80 - [webProcessIdentifier=3] NetworkConnectionToWebProcess::scheduleResourceLoad: (parentPID=11759, pageProxyID=4, webPageID=5, frameID=12884901963, resourceID=12667, existingLoaderToResume=0)
  78.231 [com.apple.WebKit:Loading:4] 0x10c612b80 - [webProcessIdentifier=3] NetworkConnectionToWebProcess::resolveBlobReferences: (parentPID=11759, pageProxyID=4, webPageID=5, frameID=12884901963, resourceID=12667)
  78.232 [com.apple.WebKit:Loading:4] 0x10c612b80 - [webProcessIdentifier=3] NetworkConnectionToWebProcess::scheduleResourceLoad: (parentPID=11759, pageProxyID=4, webPageID=5, frameID=12884901963, resourceID=12668, existingLoaderToResume=0)
  78.232 [com.apple.WebKit:Loading:4] 0x10c612b80 - [webProcessIdentifier=3] NetworkConnectionToWebProcess::resolveBlobReferences: (parentPID=11759, pageProxyID=4, webPageID=5, frameID=12884901963, resourceID=12668)
  78.233 [com.apple.WebKit:Loading:4] 0x10c612b80 - [webProcessIdentifier=3] NetworkConnectionToWebProcess::scheduleResourceLoad: (parentPID=11759, pageProxyID=4, webPageID=5, frameID=12884901963, resourceID=12669, existingLoaderToResume=0)
  78.233 [com.apple.WebKit:Loading:4] 0x10c612b80 - [webProcessIdentifier=3] NetworkConnectionToWebProcess::resolveBlobReferences: (parentPID=11759, pageProxyID=4, webPageID=5, frameID=12884901963, resourceID=12669)
  78.233 [com.apple.WebKit:Loading:4] 0x10c612b80 - [webProcessIdentifier=3] NetworkConnectionToWebProcess::scheduleResourceLoad: (parentPID=11759, pageProxyID=4, webPageID=5, frameID=12884901963, resourceID=12670, existingLoaderToResume=0)
  78.233 [com.apple.WebKit:Loading:4] 0x10c612b80 - [webProcessIdentifier=3] NetworkConnectionToWebProcess::resolveBlobReferences: (parentPID=11759, pageProxyID=4, webPageID=5, frameID=12884901963, resourceID=12670)
  78.234 [com.apple.WebKit:Loading:4] 0x10c612b80 - [webProcessIdentifier=3] NetworkConnectionToWebProcess::scheduleResourceLoad: (parentPID=11759, pageProxyID=4, webPageID=5, frameID=12884901963, resourceID=12671, existingLoaderToResume=0)
  78.234 [com.apple.WebKit:Loading:4] 0x10c612b80 - [webProcessIdentifier=3] NetworkConnectionToWebProcess::resolveBlobReferences: (parentPID=11759, pageProxyID=4, webPageID=5, frameID=12884901963, resourceID=12671)
  78.235 [com.apple.WebKit:Loading:4] 0x10c612b80 - [webProcessIdentifier=3] NetworkConnectionToWebProcess::scheduleResourceLoad: (parentPID=11759, pageProxyID=4, webPageID=5, frameID=12884901963, resourceID=12672, existingLoaderToResume=0)
  78.235 [com.apple.WebKit:Loading:4] 0x10c612b80 - [webProcessIdentifier=3] NetworkConnectionToWebProcess::resolveBlobReferences: (parentPID=11759, pageProxyID=4, webPageID=5, frameID=12884901963, resourceID=12672)
  78.276 [com.apple.WebKit:Media:-] MediaElementSession::clientWillPausePlayback(CECAE048F8AF4190) 
  78.276 [com.apple.WebKit:Media:-] MediaElementSession::processClientWillPausePlayback(CECAE048F8AF4190) state = Playing
  78.276 [com.apple.WebKit:Media:-] MediaElementSession::setState(CECAE048F8AF4190) Paused, canProduceAudio=false
  78.431 [com.apple.WebKit:Loading:4] 0x10c612b80 - [webProcessIdentifier=3] NetworkConnectionToWebProcess::scheduleResourceLoad: (parentPID=11759, pageProxyID=4, webPageID=5, frameID=12884901957, resourceID=12807, existingLoaderToResume=0)
  78.431 [com.apple.WebKit:Loading:4] 0x10c612b80 - [webProcessIdentifier=3] NetworkConnectionToWebProcess::resolveBlobReferences: (parentPID=11759, pageProxyID=4, webPageID=5, frameID=12884901957, resourceID=12807)
  78.936 [com.apple.WebKit:Loading:4] 0x10c612b80 - [webProcessIdentifier=3] NetworkConnectionToWebProcess::scheduleResourceLoad: (parentPID=11759, pageProxyID=4, webPageID=5, frameID=4294967297, resourceID=13098, existingLoaderToResume=0)
  78.936 [com.apple.WebKit:Loading:4] 0x10c612b80 - [webProcessIdentifier=3] NetworkConnectionToWebProcess::resolveBlobReferences: (parentPID=11759, pageProxyID=4, webPageID=5, frameID=4294967297, resourceID=13098)
  78.940 [com.apple.WebKit:Loading:4] 0x10c612b80 - [webProcessIdentifier=3] NetworkConnectionToWebProcess::scheduleResourceLoad: (parentPID=11759, pageProxyID=4, webPageID=5, frameID=4294967297, resourceID=13099, existingLoaderToResume=0)
  78.941 [com.apple.WebKit:Loading:4] 0x10c612b80 - [webProcessIdentifier=3] NetworkConnectionToWebProcess::resolveBlobReferences: (parentPID=11759, pageProxyID=4, webPageID=5, frameID=4294967297, resourceID=13099)
  78.959 [com.apple.WebKit:Loading:4] 0x10c612b80 - [webProcessIdentifier=3] NetworkConnectionToWebProcess::scheduleResourceLoad: (parentPID=11759, pageProxyID=4, webPageID=5, frameID=4294967297, resourceID=13108, existingLoaderToResume=0)
  78.959 [com.apple.WebKit:Loading:4] 0x10c612b80 - [webProcessIdentifier=3] NetworkConnectionToWebProcess::resolveBlobReferences: (parentPID=11759, pageProxyID=4, webPageID=5, frameID=4294967297, resourceID=13108)
  80.264 TIGER script: scroll 0,-600
  80.274 [com.apple.WebKit:Loading:4] 0x10c612b80 - [webProcessIdentifier=3] NetworkConnectionToWebProcess::scheduleResourceLoad: (parentPID=11759, pageProxyID=4, webPageID=5, frameID=4294967297, resourceID=13926, existingLoaderToResume=0)
  80.274 [com.apple.WebKit:Loading:4] 0x10c612b80 - [webProcessIdentifier=3] NetworkConnectionToWebProcess::resolveBlobReferences: (parentPID=11759, pageProxyID=4, webPageID=5, frameID=4294967297, resourceID=13926)
  80.274 [com.apple.WebKit:Loading:4] 0x10c612b80 - [webProcessIdentifier=3] NetworkConnectionToWebProcess::scheduleResourceLoad: (parentPID=11759, pageProxyID=4, webPageID=5, frameID=4294967297, resourceID=13927, existingLoaderToResume=0)
  80.274 [com.apple.WebKit:Loading:4] 0x10c612b80 - [webProcessIdentifier=3] NetworkConnectionToWebProcess::resolveBlobReferences: (parentPID=11759, pageProxyID=4, webPageID=5, frameID=4294967297, resourceID=13927)
  80.352 [com.apple.WebKit:Loading:4] 0x10c612b80 - [webProcessIdentifier=3] NetworkConnectionToWebProcess::scheduleResourceLoad: (parentPID=11759, pageProxyID=4, webPageID=5, frameID=12884901960, resourceID=13952, existingLoaderToResume=0)
  80.352 [com.apple.WebKit:Loading:4] 0x10c612b80 - [webProcessIdentifier=3] NetworkConnectionToWebProcess::resolveBlobReferences: (parentPID=11759, pageProxyID=4, webPageID=5, frameID=12884901960, resourceID=13952)
  80.564 TIGER script: wait 3
  80.665 [com.apple.WebKit:Loading:4] 0x10c612b80 - [webProcessIdentifier=3] NetworkConnectionToWebProcess::scheduleResourceLoad: (parentPID=11759, pageProxyID=4, webPageID=5, frameID=4294967297, resourceID=13962, existingLoaderToResume=0)
  80.665 [com.apple.WebKit:Loading:4] 0x10c612b80 - [webProcessIdentifier=3] NetworkConnectionToWebProcess::resolveBlobReferences: (parentPID=11759, pageProxyID=4, webPageID=5, frameID=4294967297, resourceID=13962)
  80.768 [com.apple.WebKit:Loading:4] 0x10c612b80 - [webProcessIdentifier=3] NetworkConnectionToWebProcess::scheduleResourceLoad: (parentPID=11759, pageProxyID=4, webPageID=5, frameID=4294967297, resourceID=14015, existingLoaderToResume=0)
  80.768 [com.apple.WebKit:Loading:4] 0x10c612b80 - [webProcessIdentifier=3] NetworkConnectionToWebProcess::resolveBlobReferences: (parentPID=11759, pageProxyID=4, webPageID=5, frameID=4294967297, resourceID=14015)
  80.784 [com.apple.WebKit:Loading:4] 0x10c612b80 - [webProcessIdentifier=3] NetworkConnectionToWebProcess::scheduleResourceLoad: (parentPID=11759, pageProxyID=4, webPageID=5, frameID=4294967297, resourceID=14016, existingLoaderToResume=0)
  80.784 [com.apple.WebKit:Loading:4] 0x10c612b80 - [webProcessIdentifier=3] NetworkConnectionToWebProcess::resolveBlobReferences: (parentPID=11759, pageProxyID=4, webPageID=5, frameID=4294967297, resourceID=14016)
  80.792 [com.apple.WebKit:Loading:4] 0x10c612b80 - [webProcessIdentifier=3] NetworkConnectionToWebProcess::scheduleResourceLoad: (parentPID=11759, pageProxyID=4, webPageID=5, frameID=4294967297, resourceID=14017, existingLoaderToResume=0)
  80.792 [com.apple.WebKit:Loading:4] 0x10c612b80 - [webProcessIdentifier=3] NetworkConnectionToWebProcess::resolveBlobReferences: (parentPID=11759, pageProxyID=4, webPageID=5, frameID=4294967297, resourceID=14017)
  80.809 [com.apple.WebKit:Loading:4] 0x10c612b80 - [webProcessIdentifier=3] NetworkConnectionToWebProcess::scheduleResourceLoad: (parentPID=11759, pageProxyID=4, webPageID=5, frameID=4294967297, resourceID=14018, existingLoaderToResume=0)
  80.809 [com.apple.WebKit:Loading:4] 0x10c612b80 - [webProcessIdentifier=3] NetworkConnectionToWebProcess::resolveBlobReferences: (parentPID=11759, pageProxyID=4, webPageID=5, frameID=4294967297, resourceID=14018)
  80.812 [com.apple.WebKit:Loading:4] 0x10c612b80 - [webProcessIdentifier=3] NetworkConnectionToWebProcess::scheduleResourceLoad: (parentPID=11759, pageProxyID=4, webPageID=5, frameID=4294967297, resourceID=14019, existingLoaderToResume=0)
  80.813 [com.apple.WebKit:Loading:4] 0x10c612b80 - [webProcessIdentifier=3] NetworkConnectionToWebProcess::resolveBlobReferences: (parentPID=11759, pageProxyID=4, webPageID=5, frameID=4294967297, resourceID=14019)
  80.834 [com.apple.WebKit:Loading:4] 0x10c612b80 - [webProcessIdentifier=3] NetworkConnectionToWebProcess::scheduleResourceLoad: (parentPID=11759, pageProxyID=4, webPageID=5, frameID=4294967297, resourceID=14020, existingLoaderToResume=0)
  80.834 [com.apple.WebKit:Loading:4] 0x10c612b80 - [webProcessIdentifier=3] NetworkConnectionToWebProcess::resolveBlobReferences: (parentPID=11759, pageProxyID=4, webPageID=5, frameID=4294967297, resourceID=14020)
  80.837 [com.apple.WebKit:Loading:4] 0x10c612b80 - [webProcessIdentifier=3] NetworkConnectionToWebProcess::scheduleResourceLoad: (parentPID=11759, pageProxyID=4, webPageID=5, frameID=4294967297, resourceID=14021, existingLoaderToResume=0)
  80.837 [com.apple.WebKit:Loading:4] 0x10c612b80 - [webProcessIdentifier=3] NetworkConnectionToWebProcess::resolveBlobReferences: (parentPID=11759, pageProxyID=4, webPageID=5, frameID=4294967297, resourceID=14021)
  80.841 [com.apple.WebKit:Loading:4] 0x10c612b80 - [webProcessIdentifier=3] NetworkConnectionToWebProcess::scheduleResourceLoad: (parentPID=11759, pageProxyID=4, webPageID=5, frameID=4294967297, resourceID=14022, existingLoaderToResume=0)
  80.842 [com.apple.WebKit:Loading:4] 0x10c612b80 - [webProcessIdentifier=3] NetworkConnectionToWebProcess::resolveBlobReferences: (parentPID=11759, pageProxyID=4, webPageID=5, frameID=4294967297, resourceID=14022)
  80.863 [com.apple.WebKit:Loading:4] 0x10c612b80 - [webProcessIdentifier=3] NetworkConnectionToWebProcess::scheduleResourceLoad: (parentPID=11759, pageProxyID=4, webPageID=5, frameID=4294967297, resourceID=14023, existingLoaderToResume=0)
  80.863 [com.apple.WebKit:Loading:4] 0x10c612b80 - [webProcessIdentifier=3] NetworkConnectionToWebProcess::resolveBlobReferences: (parentPID=11759, pageProxyID=4, webPageID=5, frameID=4294967297, resourceID=14023)
  80.870 [com.apple.WebKit:Loading:4] 0x10c612b80 - [webProcessIdentifier=3] NetworkConnectionToWebProcess::scheduleResourceLoad: (parentPID=11759, pageProxyID=4, webPageID=5, frameID=4294967297, resourceID=14024, existingLoaderToResume=0)
  80.870 [com.apple.WebKit:Loading:4] 0x10c612b80 - [webProcessIdentifier=3] NetworkConnectionToWebProcess::resolveBlobReferences: (parentPID=11759, pageProxyID=4, webPageID=5, frameID=4294967297, resourceID=14024)
  80.875 [com.apple.WebKit:Loading:4] 0x10c612b80 - [webProcessIdentifier=3] NetworkConnectionToWebProcess::scheduleResourceLoad: (parentPID=11759, pageProxyID=4, webPageID=5, frameID=4294967297, resourceID=14025, existingLoaderToResume=0)
  80.875 [com.apple.WebKit:Loading:4] 0x10c612b80 - [webProcessIdentifier=3] NetworkConnectionToWebProcess::resolveBlobReferences: (parentPID=11759, pageProxyID=4, webPageID=5, frameID=4294967297, resourceID=14025)
  80.888 [com.apple.WebKit:Loading:4] 0x10c612b80 - [webProcessIdentifier=3] NetworkConnectionToWebProcess::scheduleResourceLoad: (parentPID=11759, pageProxyID=4, webPageID=5, frameID=4294967297, resourceID=14026, existingLoaderToResume=0)
  80.888 [com.apple.WebKit:Loading:4] 0x10c612b80 - [webProcessIdentifier=3] NetworkConnectionToWebProcess::resolveBlobReferences: (parentPID=11759, pageProxyID=4, webPageID=5, frameID=4294967297, resourceID=14026)
  80.895 [com.apple.WebKit:Loading:4] 0x10c612b80 - [webProcessIdentifier=3] NetworkConnectionToWebProcess::scheduleResourceLoad: (parentPID=11759, pageProxyID=4, webPageID=5, frameID=4294967297, resourceID=14027, existingLoaderToResume=0)
  80.895 [com.apple.WebKit:Loading:4] 0x10c612b80 - [webProcessIdentifier=3] NetworkConnectionToWebProcess::resolveBlobReferences: (parentPID=11759, pageProxyID=4, webPageID=5, frameID=4294967297, resourceID=14027)
  80.950 [com.apple.WebKit:Loading:4] 0x10c612b80 - [webProcessIdentifier=3] NetworkConnectionToWebProcess::scheduleResourceLoad: (parentPID=11759, pageProxyID=4, webPageID=5, frameID=4294967297, resourceID=14030, existingLoaderToResume=0)
  80.950 [com.apple.WebKit:Loading:4] 0x10c612b80 - [webProcessIdentifier=3] NetworkConnectionToWebProcess::resolveBlobReferences: (parentPID=11759, pageProxyID=4, webPageID=5, frameID=4294967297, resourceID=14030)
  81.441 [com.apple.WebKit:Loading:4] 0x10c612b80 - [webProcessIdentifier=3] NetworkConnectionToWebProcess::scheduleResourceLoad: (parentPID=11759, pageProxyID=4, webPageID=5, frameID=4294967297, resourceID=14131, existingLoaderToResume=0)
  81.441 [com.apple.WebKit:Loading:4] 0x10c612b80 - [webProcessIdentifier=3] NetworkConnectionToWebProcess::resolveBlobReferences: (parentPID=11759, pageProxyID=4, webPageID=5, frameID=4294967297, resourceID=14131)
  81.645 [com.apple.WebKit:Loading:4] [pageID=5, frameID=12884901964] PolicyChecker::checkNavigationPolicy: continuing because this is an initial empty document
  81.663 [com.apple.WebKit:Loading:4] 0x10c612b80 - [webProcessIdentifier=3] NetworkConnectionToWebProcess::scheduleResourceLoad: (parentPID=11759, pageProxyID=4, webPageID=5, frameID=12884901964, resourceID=14257, existingLoaderToResume=0)
  81.663 [com.apple.WebKit:Loading:4] 0x10c612b80 - [webProcessIdentifier=3] NetworkConnectionToWebProcess::resolveBlobReferences: (parentPID=11759, pageProxyID=4, webPageID=5, frameID=12884901964, resourceID=14257)
  81.668 [com.apple.WebKit:Loading:4] 0x10c612b80 - [webProcessIdentifier=3] NetworkConnectionToWebProcess::scheduleResourceLoad: (parentPID=11759, pageProxyID=4, webPageID=5, frameID=12884901964, resourceID=14259, existingLoaderToResume=0)
  81.668 [com.apple.WebKit:Loading:4] 0x10c612b80 - [webProcessIdentifier=3] NetworkConnectionToWebProcess::resolveBlobReferences: (parentPID=11759, pageProxyID=4, webPageID=5, frameID=12884901964, resourceID=14259)
  81.712 [com.apple.WebKit:Loading:4] [pageID=5, frameID=12884901965] PolicyChecker::checkNavigationPolicy: continuing because this is an initial empty document
  81.840 [com.apple.WebKit:Layout:4] [webFrameID=4294967297, webPageID=5] WebLocalFrameLoaderClient::dispatchDidReachLayoutMilestone: dispatching DidReachLayoutMilestone (milestones=DidFirstMeaningfulPaint)
  81.850 [com.apple.WebKit:Loading:4] [pageID=5, frameID=12884901966] PolicyChecker::checkNavigationPolicy: continuing because this is an initial empty document
  81.868 [com.apple.WebKit:Loading:4] [pageID=5, frameID=12884901967] PolicyChecker::checkNavigationPolicy: continuing because this is an initial empty document
  81.923 [com.apple.WebKit:Loading:4] 0x10c612b80 - [webProcessIdentifier=3] NetworkConnectionToWebProcess::scheduleResourceLoad: (parentPID=11759, pageProxyID=4, webPageID=5, frameID=12884901964, resourceID=14355, existingLoaderToResume=0)
  81.923 [com.apple.WebKit:Loading:4] 0x10c612b80 - [webProcessIdentifier=3] NetworkConnectionToWebProcess::resolveBlobReferences: (parentPID=11759, pageProxyID=4, webPageID=5, frameID=12884901964, resourceID=14355)
  81.928 [com.apple.WebKit:Loading:4] 0x10c612b80 - [webProcessIdentifier=3] NetworkConnectionToWebProcess::scheduleResourceLoad: (parentPID=11759, pageProxyID=4, webPageID=5, frameID=12884901964, resourceID=14357, existingLoaderToResume=0)
  81.928 [com.apple.WebKit:Loading:4] 0x10c612b80 - [webProcessIdentifier=3] NetworkConnectionToWebProcess::resolveBlobReferences: (parentPID=11759, pageProxyID=4, webPageID=5, frameID=12884901964, resourceID=14357)
  82.075 [com.apple.WebKit:Loading:4] 0x10c612b80 - [webProcessIdentifier=3] NetworkConnectionToWebProcess::scheduleResourceLoad: (parentPID=11759, pageProxyID=4, webPageID=5, frameID=12884901967, resourceID=14412, existingLoaderToResume=0)
  82.075 [com.apple.WebKit:Loading:4] 0x10c612b80 - [webProcessIdentifier=3] NetworkConnectionToWebProcess::resolveBlobReferences: (parentPID=11759, pageProxyID=4, webPageID=5, frameID=12884901967, resourceID=14412)
  82.235 [com.apple.WebKit:Loading:4] 0x10c612b80 - [webProcessIdentifier=3] NetworkConnectionToWebProcess::scheduleResourceLoad: (parentPID=11759, pageProxyID=4, webPageID=5, frameID=12884901964, resourceID=14440, existingLoaderToResume=0)
  82.235 [com.apple.WebKit:Loading:4] 0x10c612b80 - [webProcessIdentifier=3] NetworkConnectionToWebProcess::resolveBlobReferences: (parentPID=11759, pageProxyID=4, webPageID=5, frameID=12884901964, resourceID=14440)
  82.242 [com.apple.WebKit:Loading:4] [pageID=5, frameID=12884901968] PolicyChecker::checkNavigationPolicy: continuing because this is an initial empty document
  82.258 [com.apple.WebKit:Loading:4] 0x10c612b80 - [webProcessIdentifier=3] NetworkConnectionToWebProcess::scheduleResourceLoad: (parentPID=11759, pageProxyID=4, webPageID=5, frameID=12884901964, resourceID=14454, existingLoaderToResume=0)
  82.258 [com.apple.WebKit:Loading:4] 0x10c612b80 - [webProcessIdentifier=3] NetworkConnectionToWebProcess::resolveBlobReferences: (parentPID=11759, pageProxyID=4, webPageID=5, frameID=12884901964, resourceID=14454)
  82.678 [com.apple.WebKit:Loading:4] 0x10c612b80 - [webProcessIdentifier=3] NetworkConnectionToWebProcess::scheduleResourceLoad: (parentPID=11759, pageProxyID=4, webPageID=5, frameID=12884901964, resourceID=14458, existingLoaderToResume=0)
  82.678 [com.apple.WebKit:Loading:4] 0x10c612b80 - [webProcessIdentifier=3] NetworkConnectionToWebProcess::resolveBlobReferences: (parentPID=11759, pageProxyID=4, webPageID=5, frameID=12884901964, resourceID=14458)
  82.814 [com.apple.WebKit:Loading:4] 0x10c612b80 - [webProcessIdentifier=3] NetworkConnectionToWebProcess::scheduleResourceLoad: (parentPID=11759, pageProxyID=4, webPageID=5, frameID=12884901964, resourceID=14459, existingLoaderToResume=0)
  82.814 [com.apple.WebKit:Loading:4] 0x10c612b80 - [webProcessIdentifier=3] NetworkConnectionToWebProcess::resolveBlobReferences: (parentPID=11759, pageProxyID=4, webPageID=5, frameID=12884901964, resourceID=14459)
  82.992 [com.apple.WebKit:Loading:4] 0x10c612b80 - [webProcessIdentifier=3] NetworkConnectionToWebProcess::scheduleResourceLoad: (parentPID=11759, pageProxyID=4, webPageID=5, frameID=12884901952, resourceID=14552, existingLoaderToResume=0)
  82.992 [com.apple.WebKit:Loading:4] 0x10c612b80 - [webProcessIdentifier=3] NetworkConnectionToWebProcess::resolveBlobReferences: (parentPID=11759, pageProxyID=4, webPageID=5, frameID=12884901952, resourceID=14552)
  83.011 [com.apple.WebKit:Loading:4] 0x10c612b80 - [webProcessIdentifier=3] NetworkConnectionToWebProcess::scheduleResourceLoad: (parentPID=11759, pageProxyID=4, webPageID=5, frameID=4294967297, resourceID=14553, existingLoaderToResume=0)
  83.012 [com.apple.WebKit:Loading:4] 0x10c612b80 - [webProcessIdentifier=3] NetworkConnectionToWebProcess::resolveBlobReferences: (parentPID=11759, pageProxyID=4, webPageID=5, frameID=4294967297, resourceID=14553)
  83.021 [com.apple.WebKit:Loading:4] 0x10c612b80 - [webProcessIdentifier=3] NetworkConnectionToWebProcess::removeLoadIdentifier: Removing identifier 14552 and aborting corresponding loader
  83.050 [com.apple.WebKit:Loading:4] 0x10c612b80 - [webProcessIdentifier=3] NetworkConnectionToWebProcess::scheduleResourceLoad: (parentPID=11759, pageProxyID=4, webPageID=5, frameID=12884901955, resourceID=14555, existingLoaderToResume=0)
  83.050 [com.apple.WebKit:Loading:4] 0x10c612b80 - [webProcessIdentifier=3] NetworkConnectionToWebProcess::resolveBlobReferences: (parentPID=11759, pageProxyID=4, webPageID=5, frameID=12884901955, resourceID=14555)
  83.058 [com.apple.WebKit:Loading:4] 0x10c612b80 - [webProcessIdentifier=3] NetworkConnectionToWebProcess::scheduleResourceLoad: (parentPID=11759, pageProxyID=4, webPageID=5, frameID=12884901955, resourceID=14557, existingLoaderToResume=0)
  83.058 [com.apple.WebKit:Loading:4] 0x10c612b80 - [webProcessIdentifier=3] NetworkConnectionToWebProcess::resolveBlobReferences: (parentPID=11759, pageProxyID=4, webPageID=5, frameID=12884901955, resourceID=14557)
  83.061 [com.apple.WebKit:Loading:4] 0x10c612b80 - [webProcessIdentifier=3] NetworkConnectionToWebProcess::removeLoadIdentifier: Removing identifier 14555 and aborting corresponding loader
  83.061 [com.apple.WebKit:Loading:4] 0x10c612b80 - [webProcessIdentifier=3] NetworkConnectionToWebProcess::removeLoadIdentifier: Removing identifier 14557 and aborting corresponding loader
  83.098 [com.apple.WebKit:Loading:4] 0x10c612b80 - [webProcessIdentifier=3] NetworkConnectionToWebProcess::scheduleResourceLoad: (parentPID=11759, pageProxyID=4, webPageID=5, frameID=4294967297, resourceID=14558, existingLoaderToResume=0)
  83.099 [com.apple.WebKit:Loading:4] 0x10c612b80 - [webProcessIdentifier=3] NetworkConnectionToWebProcess::resolveBlobReferences: (parentPID=11759, pageProxyID=4, webPageID=5, frameID=4294967297, resourceID=14558)
  83.133 [com.apple.WebKit:Loading:4] 0x10c612b80 - [webProcessIdentifier=3] NetworkConnectionToWebProcess::scheduleResourceLoad: (parentPID=11759, pageProxyID=4, webPageID=5, frameID=12884901964, resourceID=14561, existingLoaderToResume=0)
  83.133 [com.apple.WebKit:Loading:4] 0x10c612b80 - [webProcessIdentifier=3] NetworkConnectionToWebProcess::resolveBlobReferences: (parentPID=11759, pageProxyID=4, webPageID=5, frameID=12884901964, resourceID=14561)
  83.144 [com.apple.WebKit:Loading:4] 0x10c612b80 - [webProcessIdentifier=3] NetworkConnectionToWebProcess::scheduleResourceLoad: (parentPID=11759, pageProxyID=4, webPageID=5, frameID=12884901964, resourceID=14567, existingLoaderToResume=0)
  83.144 [com.apple.WebKit:Loading:4] 0x10c612b80 - [webProcessIdentifier=3] NetworkConnectionToWebProcess::resolveBlobReferences: (parentPID=11759, pageProxyID=4, webPageID=5, frameID=12884901964, resourceID=14567)
  83.159 [com.apple.WebKit:Loading:4] [pageID=5, frameID=12884901969] PolicyChecker::checkNavigationPolicy: continuing because this policyAction from dispatchDecidePolicyForNavigationAction is Use
  83.195 [com.apple.WebKit:Loading:4] 0x10c612b80 - [webProcessIdentifier=3] NetworkConnectionToWebProcess::scheduleResourceLoad: (parentPID=11759, pageProxyID=4, webPageID=5, frameID=4294967297, resourceID=14595, existingLoaderToResume=0)
  83.195 [com.apple.WebKit:Loading:4] 0x10c612b80 - [webProcessIdentifier=3] NetworkConnectionToWebProcess::resolveBlobReferences: (parentPID=11759, pageProxyID=4, webPageID=5, frameID=4294967297, resourceID=14595)
  83.225 [com.apple.WebKit:Media:-] MediaSessionManagerInterface::dumpSessionStates(0)  Sessions:
  83.225 (CECAE048F8AF4190): Video, Paused, 
  83.225 (D6789D0B520AE0D8): Video, Paused, 
  83.225 (BFA0F8F7AC005120): Video, Paused, 
  83.225 
  83.422 [com.apple.WebKit:Loading:4] 0x10c612b80 - [webProcessIdentifier=3] NetworkConnectionToWebProcess::scheduleResourceLoad: (parentPID=11759, pageProxyID=4, webPageID=5, frameID=4294967297, resourceID=14668, existingLoaderToResume=0)
  83.423 [com.apple.WebKit:Loading:4] 0x10c612b80 - [webProcessIdentifier=3] NetworkConnectionToWebProcess::resolveBlobReferences: (parentPID=11759, pageProxyID=4, webPageID=5, frameID=4294967297, resourceID=14668)
  83.444 [com.apple.WebKit:Loading:4] 0x10c612b80 - [webProcessIdentifier=3] NetworkConnectionToWebProcess::scheduleResourceLoad: (parentPID=11759, pageProxyID=4, webPageID=5, frameID=4294967297, resourceID=14670, existingLoaderToResume=0)
  83.444 [com.apple.WebKit:Loading:4] 0x10c612b80 - [webProcessIdentifier=3] NetworkConnectionToWebProcess::resolveBlobReferences: (parentPID=11759, pageProxyID=4, webPageID=5, frameID=4294967297, resourceID=14670)
  83.475 [com.apple.WebKit:Network error] Unexpectedly missing certificate info
  83.564 TIGER script: scroll 0,-600
  83.634 [com.apple.WebKit:Loading:4] 0x10c612b80 - [webProcessIdentifier=3] NetworkConnectionToWebProcess::scheduleResourceLoad: (parentPID=11759, pageProxyID=4, webPageID=5, frameID=4294967297, resourceID=14763, existingLoaderToResume=0)
  83.634 [com.apple.WebKit:Loading:4] 0x10c612b80 - [webProcessIdentifier=3] NetworkConnectionToWebProcess::resolveBlobReferences: (parentPID=11759, pageProxyID=4, webPageID=5, frameID=4294967297, resourceID=14763)
  83.635 [com.apple.WebKit:Loading:4] 0x10c612b80 - [webProcessIdentifier=3] NetworkConnectionToWebProcess::scheduleResourceLoad: (parentPID=11759, pageProxyID=4, webPageID=5, frameID=4294967297, resourceID=14764, existingLoaderToResume=0)
  83.635 [com.apple.WebKit:Loading:4] 0x10c612b80 - [webProcessIdentifier=3] NetworkConnectionToWebProcess::resolveBlobReferences: (parentPID=11759, pageProxyID=4, webPageID=5, frameID=4294967297, resourceID=14764)
  83.637 [com.apple.WebKit:Loading:4] 0x10c612b80 - [webProcessIdentifier=3] NetworkConnectionToWebProcess::scheduleResourceLoad: (parentPID=11759, pageProxyID=4, webPageID=5, frameID=4294967297, resourceID=14765, existingLoaderToResume=0)
  83.637 [com.apple.WebKit:Loading:4] 0x10c612b80 - [webProcessIdentifier=3] NetworkConnectionToWebProcess::resolveBlobReferences: (parentPID=11759, pageProxyID=4, webPageID=5, frameID=4294967297, resourceID=14765)
  83.637 [com.apple.WebKit:Loading:4] 0x10c612b80 - [webProcessIdentifier=3] NetworkConnectionToWebProcess::scheduleResourceLoad: (parentPID=11759, pageProxyID=4, webPageID=5, frameID=4294967297, resourceID=14766, existingLoaderToResume=0)
  83.637 [com.apple.WebKit:Loading:4] 0x10c612b80 - [webProcessIdentifier=3] NetworkConnectionToWebProcess::resolveBlobReferences: (parentPID=11759, pageProxyID=4, webPageID=5, frameID=4294967297, resourceID=14766)
  83.698 [com.apple.WebKit:Loading:4] 0x10c612b80 - [webProcessIdentifier=3] NetworkConnectionToWebProcess::scheduleResourceLoad: (parentPID=11759, pageProxyID=4, webPageID=5, frameID=4294967297, resourceID=14770, existingLoaderToResume=0)
  83.698 [com.apple.WebKit:Loading:4] 0x10c612b80 - [webProcessIdentifier=3] NetworkConnectionToWebProcess::resolveBlobReferences: (parentPID=11759, pageProxyID=4, webPageID=5, frameID=4294967297, resourceID=14770)
  83.852 [com.apple.WebKit:Layout:4] [webFrameID=4294967297, webPageID=5] WebLocalFrameLoaderClient::dispatchDidReachLayoutMilestone: dispatching DidReachLayoutMilestone (milestones=DidFirstMeaningfulPaint)
  83.864 TIGER script: wait 3
  83.881 [com.apple.WebKit:Loading:4] 0x10c612b80 - [webProcessIdentifier=3] NetworkConnectionToWebProcess::scheduleResourceLoad: (parentPID=11759, pageProxyID=4, webPageID=5, frameID=12884901969, resourceID=14846, existingLoaderToResume=0)
  83.881 [com.apple.WebKit:Loading:4] 0x10c612b80 - [webProcessIdentifier=3] NetworkConnectionToWebProcess::resolveBlobReferences: (parentPID=11759, pageProxyID=4, webPageID=5, frameID=12884901969, resourceID=14846)
  83.930 [com.apple.WebKit:Loading:4] 0x10c612b80 - [webProcessIdentifier=3] NetworkConnectionToWebProcess::scheduleResourceLoad: (parentPID=11759, pageProxyID=4, webPageID=5, frameID=12884901969, resourceID=14879, existingLoaderToResume=0)
  83.930 [com.apple.WebKit:Loading:4] 0x10c612b80 - [webProcessIdentifier=3] NetworkConnectionToWebProcess::resolveBlobReferences: (parentPID=11759, pageProxyID=4, webPageID=5, frameID=12884901969, resourceID=14879)
  83.933 [com.apple.WebKit:Loading:4] [pageID=5, frameID=12884901970] PolicyChecker::checkNavigationPolicy: continuing because this is an initial empty document
  84.024 [com.apple.WebKit:Media:-] HTMLMediaElement::updateShouldPlay(6A69A453C6672A3) autoplay blocked with reason: PageConsentRequired: Not enough data
  84.024 [com.apple.WebKit:Media:-] MediaElementSession::clientWillBeginAutoplaying(6A69A453C6672A3) state = Idle
  84.024 [com.apple.WebKit:Media:-] MediaElementSession::setState(6A69A453C6672A3) Autoplaying, canProduceAudio=false
  84.025 [com.apple.WebKit:Media:-] MediaElementSession::clientWillBeginAutoplaying(6A69A453C6672A3) state = Autoplaying
  84.029 [com.apple.WebKit:Media:-] MediaElementSession::clientWillBeginAutoplaying(6A69A453C6672A3) state = Idle
  84.029 [com.apple.WebKit:Media:-] MediaElementSession::setState(6A69A453C6672A3) Autoplaying, canProduceAudio=false
  84.105 [com.apple.WebKit:Loading:4] 0x10c612b80 - [webProcessIdentifier=3] NetworkConnectionToWebProcess::scheduleResourceLoad: (parentPID=11759, pageProxyID=4, webPageID=5, frameID=4294967297, resourceID=14928, existingLoaderToResume=0)
  84.105 [com.apple.WebKit:Loading:4] 0x10c612b80 - [webProcessIdentifier=3] NetworkConnectionToWebProcess::resolveBlobReferences: (parentPID=11759, pageProxyID=4, webPageID=5, frameID=4294967297, resourceID=14928)
  84.130 [com.apple.WebKit:Media:-] MediaElementSession::clientWillBeginAutoplaying(6A69A453C6672A3) state = Autoplaying
  84.132 [com.apple.WebKit:Media:-] MediaElementSession::clientWillBeginPlayback(6A69A453C6672A3) state = Autoplaying
  84.136 [com.apple.WebKit:Media:-] MediaSessionManagerInterface::startSessionAdmission(0) 479240032518304419
  84.136 [com.apple.WebKit:Media:-] MediaSessionManagerInterface::setCurrentSession(0) 479240032518304419, size = 4
  84.136 [com.apple.WebKit:Media:-] MediaElementSession::setState(6A69A453C6672A3) Playing, canProduceAudio=false
  84.136 [com.apple.WebKit:Media:-] MediaSessionManagerInterface::startSessionAdmission(0) 479240032518304419 returning true
  84.199 [com.apple.WebKit:Loading:4] 0x10c612b80 - [webProcessIdentifier=3] NetworkConnectionToWebProcess::scheduleResourceLoad: (parentPID=11759, pageProxyID=4, webPageID=5, frameID=12884901970, resourceID=14993, existingLoaderToResume=0)
  84.199 [com.apple.WebKit:Loading:4] 0x10c612b80 - [webProcessIdentifier=3] NetworkConnectionToWebProcess::resolveBlobReferences: (parentPID=11759, pageProxyID=4, webPageID=5, frameID=12884901970, resourceID=14993)
  84.202 [com.apple.WebKit:Loading:4] 0x10c612b80 - [webProcessIdentifier=3] NetworkConnectionToWebProcess::scheduleResourceLoad: (parentPID=11759, pageProxyID=4, webPageID=5, frameID=12884901964, resourceID=14995, existingLoaderToResume=0)
  84.202 [com.apple.WebKit:Loading:4] 0x10c612b80 - [webProcessIdentifier=3] NetworkConnectionToWebProcess::resolveBlobReferences: (parentPID=11759, pageProxyID=4, webPageID=5, frameID=12884901964, resourceID=14995)
  84.257 [com.apple.WebKit:Media:-] HTMLMediaElement::setReadyState(6A69A453C6672A3) Autoplay blocked with reason: PageConsentRequired: !paused
  84.257 [com.apple.WebKit:Media:-] MediaElementSession::clientWillBeginPlayback(6A69A453C6672A3) state = Playing
  84.296 [com.apple.WebKit:Loading:4] 0x10c612b80 - [webProcessIdentifier=3] NetworkConnectionToWebProcess::scheduleResourceLoad: (parentPID=11759, pageProxyID=4, webPageID=5, frameID=12884901970, resourceID=15044, existingLoaderToResume=0)
  84.296 [com.apple.WebKit:Loading:4] 0x10c612b80 - [webProcessIdentifier=3] NetworkConnectionToWebProcess::resolveBlobReferences: (parentPID=11759, pageProxyID=4, webPageID=5, frameID=12884901970, resourceID=15044)
  84.298 [com.apple.WebKit:Loading:4] 0x10c612b80 - [webProcessIdentifier=3] NetworkConnectionToWebProcess::scheduleResourceLoad: (parentPID=11759, pageProxyID=4, webPageID=5, frameID=12884901970, resourceID=15045, existingLoaderToResume=0)
  84.298 [com.apple.WebKit:Loading:4] 0x10c612b80 - [webProcessIdentifier=3] NetworkConnectionToWebProcess::resolveBlobReferences: (parentPID=11759, pageProxyID=4, webPageID=5, frameID=12884901970, resourceID=15045)
  84.298 [com.apple.WebKit:Loading:4] 0x10c612b80 - [webProcessIdentifier=3] NetworkConnectionToWebProcess::scheduleResourceLoad: (parentPID=11759, pageProxyID=4, webPageID=5, frameID=12884901970, resourceID=15046, existingLoaderToResume=0)
  84.298 [com.apple.WebKit:Loading:4] 0x10c612b80 - [webProcessIdentifier=3] NetworkConnectionToWebProcess::resolveBlobReferences: (parentPID=11759, pageProxyID=4, webPageID=5, frameID=12884901970, resourceID=15046)
  84.303 [com.apple.WebKit:Loading:4] 0x10c612b80 - [webProcessIdentifier=3] NetworkConnectionToWebProcess::scheduleResourceLoad: (parentPID=11759, pageProxyID=4, webPageID=5, frameID=12884901970, resourceID=15047, existingLoaderToResume=0)
  84.303 [com.apple.WebKit:Loading:4] 0x10c612b80 - [webProcessIdentifier=3] NetworkConnectionToWebProcess::resolveBlobReferences: (parentPID=11759, pageProxyID=4, webPageID=5, frameID=12884901970, resourceID=15047)
  84.304 [com.apple.WebKit:Loading:4] 0x10c612b80 - [webProcessIdentifier=3] NetworkConnectionToWebProcess::scheduleResourceLoad: (parentPID=11759, pageProxyID=4, webPageID=5, frameID=12884901970, resourceID=15048, existingLoaderToResume=0)
  84.305 [com.apple.WebKit:Loading:4] 0x10c612b80 - [webProcessIdentifier=3] NetworkConnectionToWebProcess::resolveBlobReferences: (parentPID=11759, pageProxyID=4, webPageID=5, frameID=12884901970, resourceID=15048)
  84.305 [com.apple.WebKit:Loading:4] 0x10c612b80 - [webProcessIdentifier=3] NetworkConnectionToWebProcess::scheduleResourceLoad: (parentPID=11759, pageProxyID=4, webPageID=5, frameID=12884901970, resourceID=15049, existingLoaderToResume=0)
  84.305 [com.apple.WebKit:Loading:4] 0x10c612b80 - [webProcessIdentifier=3] NetworkConnectionToWebProcess::resolveBlobReferences: (parentPID=11759, pageProxyID=4, webPageID=5, frameID=12884901970, resourceID=15049)
  84.307 [com.apple.WebKit:Loading:4] 0x10c612b80 - [webProcessIdentifier=3] NetworkConnectionToWebProcess::scheduleResourceLoad: (parentPID=11759, pageProxyID=4, webPageID=5, frameID=12884901970, resourceID=15050, existingLoaderToResume=0)
  84.307 [com.apple.WebKit:Loading:4] 0x10c612b80 - [webProcessIdentifier=3] NetworkConnectionToWebProcess::resolveBlobReferences: (parentPID=11759, pageProxyID=4, webPageID=5, frameID=12884901970, resourceID=15050)
  84.307 [com.apple.WebKit:Loading:4] 0x10c612b80 - [webProcessIdentifier=3] NetworkConnectionToWebProcess::scheduleResourceLoad: (parentPID=11759, pageProxyID=4, webPageID=5, frameID=12884901970, resourceID=15051, existingLoaderToResume=0)
  84.307 [com.apple.WebKit:Loading:4] 0x10c612b80 - [webProcessIdentifier=3] NetworkConnectionToWebProcess::resolveBlobReferences: (parentPID=11759, pageProxyID=4, webPageID=5, frameID=12884901970, resourceID=15051)
  84.309 [com.apple.WebKit:Loading:4] 0x10c612b80 - [webProcessIdentifier=3] NetworkConnectionToWebProcess::scheduleResourceLoad: (parentPID=11759, pageProxyID=4, webPageID=5, frameID=12884901970, resourceID=15052, existingLoaderToResume=0)
  84.309 [com.apple.WebKit:Loading:4] 0x10c612b80 - [webProcessIdentifier=3] NetworkConnectionToWebProcess::resolveBlobReferences: (parentPID=11759, pageProxyID=4, webPageID=5, frameID=12884901970, resourceID=15052)
  84.311 [com.apple.WebKit:Loading:4] 0x10c612b80 - [webProcessIdentifier=3] NetworkConnectionToWebProcess::scheduleResourceLoad: (parentPID=11759, pageProxyID=4, webPageID=5, frameID=12884901970, resourceID=15053, existingLoaderToResume=0)
  84.311 [com.apple.WebKit:Loading:4] 0x10c612b80 - [webProcessIdentifier=3] NetworkConnectionToWebProcess::resolveBlobReferences: (parentPID=11759, pageProxyID=4, webPageID=5, frameID=12884901970, resourceID=15053)
  84.311 [com.apple.WebKit:Loading:4] 0x10c612b80 - [webProcessIdentifier=3] NetworkConnectionToWebProcess::scheduleResourceLoad: (parentPID=11759, pageProxyID=4, webPageID=5, frameID=12884901970, resourceID=15054, existingLoaderToResume=0)
  84.311 [com.apple.WebKit:Loading:4] 0x10c612b80 - [webProcessIdentifier=3] NetworkConnectionToWebProcess::resolveBlobReferences: (parentPID=11759, pageProxyID=4, webPageID=5, frameID=12884901970, resourceID=15054)
  84.313 [com.apple.WebKit:Loading:4] 0x10c612b80 - [webProcessIdentifier=3] NetworkConnectionToWebProcess::scheduleResourceLoad: (parentPID=11759, pageProxyID=4, webPageID=5, frameID=12884901970, resourceID=15055, existingLoaderToResume=0)
  84.313 [com.apple.WebKit:Loading:4] 0x10c612b80 - [webProcessIdentifier=3] NetworkConnectionToWebProcess::resolveBlobReferences: (parentPID=11759, pageProxyID=4, webPageID=5, frameID=12884901970, resourceID=15055)
  84.315 [com.apple.WebKit:Loading:4] 0x10c612b80 - [webProcessIdentifier=3] NetworkConnectionToWebProcess::scheduleResourceLoad: (parentPID=11759, pageProxyID=4, webPageID=5, frameID=12884901970, resourceID=15056, existingLoaderToResume=0)
  84.315 [com.apple.WebKit:Loading:4] 0x10c612b80 - [webProcessIdentifier=3] NetworkConnectionToWebProcess::resolveBlobReferences: (parentPID=11759, pageProxyID=4, webPageID=5, frameID=12884901970, resourceID=15056)
  84.317 [com.apple.WebKit:Loading:4] 0x10c612b80 - [webProcessIdentifier=3] NetworkConnectionToWebProcess::scheduleResourceLoad: (parentPID=11759, pageProxyID=4, webPageID=5, frameID=12884901970, resourceID=15057, existingLoaderToResume=0)
  84.317 [com.apple.WebKit:Loading:4] 0x10c612b80 - [webProcessIdentifier=3] NetworkConnectionToWebProcess::resolveBlobReferences: (parentPID=11759, pageProxyID=4, webPageID=5, frameID=12884901970, resourceID=15057)
  84.317 [com.apple.WebKit:Loading:4] 0x10c612b80 - [webProcessIdentifier=3] NetworkConnectionToWebProcess::scheduleResourceLoad: (parentPID=11759, pageProxyID=4, webPageID=5, frameID=12884901970, resourceID=15058, existingLoaderToResume=0)
  84.317 [com.apple.WebKit:Loading:4] 0x10c612b80 - [webProcessIdentifier=3] NetworkConnectionToWebProcess::resolveBlobReferences: (parentPID=11759, pageProxyID=4, webPageID=5, frameID=12884901970, resourceID=15058)
  84.317 [com.apple.WebKit:Loading:4] 0x10c612b80 - [webProcessIdentifier=3] NetworkConnectionToWebProcess::scheduleResourceLoad: (parentPID=11759, pageProxyID=4, webPageID=5, frameID=12884901970, resourceID=15059, existingLoaderToResume=0)
  84.317 [com.apple.WebKit:Loading:4] 0x10c612b80 - [webProcessIdentifier=3] NetworkConnectionToWebProcess::resolveBlobReferences: (parentPID=11759, pageProxyID=4, webPageID=5, frameID=12884901970, resourceID=15059)
  84.317 [com.apple.WebKit:Loading:4] 0x10c612b80 - [webProcessIdentifier=3] NetworkConnectionToWebProcess::scheduleResourceLoad: (parentPID=11759, pageProxyID=4, webPageID=5, frameID=12884901970, resourceID=15060, existingLoaderToResume=0)
  84.318 [com.apple.WebKit:Loading:4] 0x10c612b80 - [webProcessIdentifier=3] NetworkConnectionToWebProcess::resolveBlobReferences: (parentPID=11759, pageProxyID=4, webPageID=5, frameID=12884901970, resourceID=15060)
  84.320 [com.apple.WebKit:Loading:4] 0x10c612b80 - [webProcessIdentifier=3] NetworkConnectionToWebProcess::scheduleResourceLoad: (parentPID=11759, pageProxyID=4, webPageID=5, frameID=12884901970, resourceID=15061, existingLoaderToResume=0)
  84.320 [com.apple.WebKit:Loading:4] 0x10c612b80 - [webProcessIdentifier=3] NetworkConnectionToWebProcess::resolveBlobReferences: (parentPID=11759, pageProxyID=4, webPageID=5, frameID=12884901970, resourceID=15061)
  84.322 [com.apple.WebKit:Loading:4] 0x10c612b80 - [webProcessIdentifier=3] NetworkConnectionToWebProcess::scheduleResourceLoad: (parentPID=11759, pageProxyID=4, webPageID=5, frameID=12884901970, resourceID=15062, existingLoaderToResume=0)
  84.322 [com.apple.WebKit:Loading:4] 0x10c612b80 - [webProcessIdentifier=3] NetworkConnectionToWebProcess::resolveBlobReferences: (parentPID=11759, pageProxyID=4, webPageID=5, frameID=12884901970, resourceID=15062)
  84.322 [com.apple.WebKit:Loading:4] 0x10c612b80 - [webProcessIdentifier=3] NetworkConnectionToWebProcess::scheduleResourceLoad: (parentPID=11759, pageProxyID=4, webPageID=5, frameID=12884901970, resourceID=15063, existingLoaderToResume=0)
  84.322 [com.apple.WebKit:Loading:4] 0x10c612b80 - [webProcessIdentifier=3] NetworkConnectionToWebProcess::resolveBlobReferences: (parentPID=11759, pageProxyID=4, webPageID=5, frameID=12884901970, resourceID=15063)
  85.343 [com.apple.WebKit:Loading:4] 0x10c612b80 - [webProcessIdentifier=3] NetworkConnectionToWebProcess::scheduleResourceLoad: (parentPID=11759, pageProxyID=4, webPageID=5, frameID=12884901970, resourceID=15080, existingLoaderToResume=0)
  85.343 [com.apple.WebKit:Loading:4] 0x10c612b80 - [webProcessIdentifier=3] NetworkConnectionToWebProcess::resolveBlobReferences: (parentPID=11759, pageProxyID=4, webPageID=5, frameID=12884901970, resourceID=15080)
  85.345 [com.apple.WebKit:Loading:4] 0x10c612b80 - [webProcessIdentifier=3] NetworkConnectionToWebProcess::scheduleResourceLoad: (parentPID=11759, pageProxyID=4, webPageID=5, frameID=12884901970, resourceID=15081, existingLoaderToResume=0)
  85.345 [com.apple.WebKit:Loading:4] 0x10c612b80 - [webProcessIdentifier=3] NetworkConnectionToWebProcess::resolveBlobReferences: (parentPID=11759, pageProxyID=4, webPageID=5, frameID=12884901970, resourceID=15081)
  85.345 [com.apple.WebKit:Loading:4] 0x10c612b80 - [webProcessIdentifier=3] NetworkConnectionToWebProcess::scheduleResourceLoad: (parentPID=11759, pageProxyID=4, webPageID=5, frameID=12884901970, resourceID=15082, existingLoaderToResume=0)
  85.345 [com.apple.WebKit:Loading:4] 0x10c612b80 - [webProcessIdentifier=3] NetworkConnectionToWebProcess::resolveBlobReferences: (parentPID=11759, pageProxyID=4, webPageID=5, frameID=12884901970, resourceID=15082)
  85.355 [com.apple.WebKit:Loading:4] 0x10c612b80 - [webProcessIdentifier=3] NetworkConnectionToWebProcess::scheduleResourceLoad: (parentPID=11759, pageProxyID=4, webPageID=5, frameID=12884901970, resourceID=15083, existingLoaderToResume=0)
  85.355 [com.apple.WebKit:Loading:4] 0x10c612b80 - [webProcessIdentifier=3] NetworkConnectionToWebProcess::resolveBlobReferences: (parentPID=11759, pageProxyID=4, webPageID=5, frameID=12884901970, resourceID=15083)
  85.366 [com.apple.WebKit:Loading:4] 0x10c612b80 - [webProcessIdentifier=3] NetworkConnectionToWebProcess::scheduleResourceLoad: (parentPID=11759, pageProxyID=4, webPageID=5, frameID=12884901970, resourceID=15084, existingLoaderToResume=0)
  85.367 [com.apple.WebKit:Loading:4] 0x10c612b80 - [webProcessIdentifier=3] NetworkConnectionToWebProcess::resolveBlobReferences: (parentPID=11759, pageProxyID=4, webPageID=5, frameID=12884901970, resourceID=15084)
  85.368 [com.apple.WebKit:Loading:4] 0x10c612b80 - [webProcessIdentifier=3] NetworkConnectionToWebProcess::scheduleResourceLoad: (parentPID=11759, pageProxyID=4, webPageID=5, frameID=12884901970, resourceID=15085, existingLoaderToResume=0)
  85.368 [com.apple.WebKit:Loading:4] 0x10c612b80 - [webProcessIdentifier=3] NetworkConnectionToWebProcess::resolveBlobReferences: (parentPID=11759, pageProxyID=4, webPageID=5, frameID=12884901970, resourceID=15085)
  85.368 [com.apple.WebKit:Loading:4] 0x10c612b80 - [webProcessIdentifier=3] NetworkConnectionToWebProcess::scheduleResourceLoad: (parentPID=11759, pageProxyID=4, webPageID=5, frameID=12884901970, resourceID=15086, existingLoaderToResume=0)
  85.368 [com.apple.WebKit:Loading:4] 0x10c612b80 - [webProcessIdentifier=3] NetworkConnectionToWebProcess::resolveBlobReferences: (parentPID=11759, pageProxyID=4, webPageID=5, frameID=12884901970, resourceID=15086)
  85.368 [com.apple.WebKit:Loading:4] 0x10c612b80 - [webProcessIdentifier=3] NetworkConnectionToWebProcess::scheduleResourceLoad: (parentPID=11759, pageProxyID=4, webPageID=5, frameID=12884901970, resourceID=15087, existingLoaderToResume=0)
  85.368 [com.apple.WebKit:Loading:4] 0x10c612b80 - [webProcessIdentifier=3] NetworkConnectionToWebProcess::resolveBlobReferences: (parentPID=11759, pageProxyID=4, webPageID=5, frameID=12884901970, resourceID=15087)
  85.378 [com.apple.WebKit:Loading:4] 0x10c612b80 - [webProcessIdentifier=3] NetworkConnectionToWebProcess::scheduleResourceLoad: (parentPID=11759, pageProxyID=4, webPageID=5, frameID=12884901970, resourceID=15088, existingLoaderToResume=0)
  85.378 [com.apple.WebKit:Loading:4] 0x10c612b80 - [webProcessIdentifier=3] NetworkConnectionToWebProcess::resolveBlobReferences: (parentPID=11759, pageProxyID=4, webPageID=5, frameID=12884901970, resourceID=15088)
  85.378 [com.apple.WebKit:Loading:4] 0x10c612b80 - [webProcessIdentifier=3] NetworkConnectionToWebProcess::scheduleResourceLoad: (parentPID=11759, pageProxyID=4, webPageID=5, frameID=12884901970, resourceID=15089, existingLoaderToResume=0)
  85.378 [com.apple.WebKit:Loading:4] 0x10c612b80 - [webProcessIdentifier=3] NetworkConnectionToWebProcess::resolveBlobReferences: (parentPID=11759, pageProxyID=4, webPageID=5, frameID=12884901970, resourceID=15089)
  85.379 [com.apple.WebKit:Loading:4] 0x10c612b80 - [webProcessIdentifier=3] NetworkConnectionToWebProcess::scheduleResourceLoad: (parentPID=11759, pageProxyID=4, webPageID=5, frameID=12884901970, resourceID=15090, existingLoaderToResume=0)
  85.379 [com.apple.WebKit:Loading:4] 0x10c612b80 - [webProcessIdentifier=3] NetworkConnectionToWebProcess::resolveBlobReferences: (parentPID=11759, pageProxyID=4, webPageID=5, frameID=12884901970, resourceID=15090)
  85.379 [com.apple.WebKit:Loading:4] 0x10c612b80 - [webProcessIdentifier=3] NetworkConnectionToWebProcess::scheduleResourceLoad: (parentPID=11759, pageProxyID=4, webPageID=5, frameID=12884901970, resourceID=15091, existingLoaderToResume=0)
  85.380 [com.apple.WebKit:Loading:4] 0x10c612b80 - [webProcessIdentifier=3] NetworkConnectionToWebProcess::resolveBlobReferences: (parentPID=11759, pageProxyID=4, webPageID=5, frameID=12884901970, resourceID=15091)
  85.380 [com.apple.WebKit:Loading:4] 0x10c612b80 - [webProcessIdentifier=3] NetworkConnectionToWebProcess::scheduleResourceLoad: (parentPID=11759, pageProxyID=4, webPageID=5, frameID=12884901970, resourceID=15092, existingLoaderToResume=0)
  85.380 [com.apple.WebKit:Loading:4] 0x10c612b80 - [webProcessIdentifier=3] NetworkConnectionToWebProcess::resolveBlobReferences: (parentPID=11759, pageProxyID=4, webPageID=5, frameID=12884901970, resourceID=15092)
  85.381 [com.apple.WebKit:Loading:4] 0x10c612b80 - [webProcessIdentifier=3] NetworkConnectionToWebProcess::scheduleResourceLoad: (parentPID=11759, pageProxyID=4, webPageID=5, frameID=12884901970, resourceID=15093, existingLoaderToResume=0)
  85.381 [com.apple.WebKit:Loading:4] 0x10c612b80 - [webProcessIdentifier=3] NetworkConnectionToWebProcess::resolveBlobReferences: (parentPID=11759, pageProxyID=4, webPageID=5, frameID=12884901970, resourceID=15093)
  85.381 [com.apple.WebKit:Loading:4] 0x10c612b80 - [webProcessIdentifier=3] NetworkConnectionToWebProcess::scheduleResourceLoad: (parentPID=11759, pageProxyID=4, webPageID=5, frameID=12884901970, resourceID=15094, existingLoaderToResume=0)
  85.381 [com.apple.WebKit:Loading:4] 0x10c612b80 - [webProcessIdentifier=3] NetworkConnectionToWebProcess::resolveBlobReferences: (parentPID=11759, pageProxyID=4, webPageID=5, frameID=12884901970, resourceID=15094)
  85.382 [com.apple.WebKit:Loading:4] 0x10c612b80 - [webProcessIdentifier=3] NetworkConnectionToWebProcess::scheduleResourceLoad: (parentPID=11759, pageProxyID=4, webPageID=5, frameID=12884901970, resourceID=15095, existingLoaderToResume=0)
  85.382 [com.apple.WebKit:Loading:4] 0x10c612b80 - [webProcessIdentifier=3] NetworkConnectionToWebProcess::resolveBlobReferences: (parentPID=11759, pageProxyID=4, webPageID=5, frameID=12884901970, resourceID=15095)
  85.383 [com.apple.WebKit:Loading:4] 0x10c612b80 - [webProcessIdentifier=3] NetworkConnectionToWebProcess::scheduleResourceLoad: (parentPID=11759, pageProxyID=4, webPageID=5, frameID=12884901970, resourceID=15096, existingLoaderToResume=0)
  85.383 [com.apple.WebKit:Loading:4] 0x10c612b80 - [webProcessIdentifier=3] NetworkConnectionToWebProcess::resolveBlobReferences: (parentPID=11759, pageProxyID=4, webPageID=5, frameID=12884901970, resourceID=15096)
  85.384 [com.apple.WebKit:Loading:4] 0x10c612b80 - [webProcessIdentifier=3] NetworkConnectionToWebProcess::scheduleResourceLoad: (parentPID=11759, pageProxyID=4, webPageID=5, frameID=12884901970, resourceID=15097, existingLoaderToResume=0)
  85.384 [com.apple.WebKit:Loading:4] 0x10c612b80 - [webProcessIdentifier=3] NetworkConnectionToWebProcess::resolveBlobReferences: (parentPID=11759, pageProxyID=4, webPageID=5, frameID=12884901970, resourceID=15097)
  85.385 [com.apple.WebKit:Loading:4] 0x10c612b80 - [webProcessIdentifier=3] NetworkConnectionToWebProcess::scheduleResourceLoad: (parentPID=11759, pageProxyID=4, webPageID=5, frameID=12884901970, resourceID=15098, existingLoaderToResume=0)
  85.385 [com.apple.WebKit:Loading:4] 0x10c612b80 - [webProcessIdentifier=3] NetworkConnectionToWebProcess::resolveBlobReferences: (parentPID=11759, pageProxyID=4, webPageID=5, frameID=12884901970, resourceID=15098)
  85.386 [com.apple.WebKit:Loading:4] 0x10c612b80 - [webProcessIdentifier=3] NetworkConnectionToWebProcess::scheduleResourceLoad: (parentPID=11759, pageProxyID=4, webPageID=5, frameID=12884901970, resourceID=15099, existingLoaderToResume=0)
  85.386 [com.apple.WebKit:Loading:4] 0x10c612b80 - [webProcessIdentifier=3] NetworkConnectionToWebProcess::resolveBlobReferences: (parentPID=11759, pageProxyID=4, webPageID=5, frameID=12884901970, resourceID=15099)
  85.386 [com.apple.WebKit:Loading:4] 0x10c612b80 - [webProcessIdentifier=3] NetworkConnectionToWebProcess::scheduleResourceLoad: (parentPID=11759, pageProxyID=4, webPageID=5, frameID=12884901964, resourceID=15101, existingLoaderToResume=0)
  85.386 [com.apple.WebKit:Loading:4] 0x10c612b80 - [webProcessIdentifier=3] NetworkConnectionToWebProcess::resolveBlobReferences: (parentPID=11759, pageProxyID=4, webPageID=5, frameID=12884901964, resourceID=15101)
  86.055 [com.apple.WebKit:Loading:4] 0x10c612b80 - [webProcessIdentifier=3] NetworkConnectionToWebProcess::scheduleResourceLoad: (parentPID=11759, pageProxyID=4, webPageID=5, frameID=4294967297, resourceID=15134, existingLoaderToResume=0)
  86.055 [com.apple.WebKit:Loading:4] 0x10c612b80 - [webProcessIdentifier=3] NetworkConnectionToWebProcess::resolveBlobReferences: (parentPID=11759, pageProxyID=4, webPageID=5, frameID=4294967297, resourceID=15134)
  86.072 [com.apple.WebKit:Loading:4] 0x10c612b80 - [webProcessIdentifier=3] NetworkConnectionToWebProcess::scheduleResourceLoad: (parentPID=11759, pageProxyID=4, webPageID=5, frameID=12884901964, resourceID=15151, existingLoaderToResume=0)
  86.072 [com.apple.WebKit:Loading:4] 0x10c612b80 - [webProcessIdentifier=3] NetworkConnectionToWebProcess::resolveBlobReferences: (parentPID=11759, pageProxyID=4, webPageID=5, frameID=12884901964, resourceID=15151)
  86.220 [com.apple.WebKit:Layout:4] [webFrameID=4294967297, webPageID=5] WebLocalFrameLoaderClient::dispatchDidReachLayoutMilestone: dispatching DidReachLayoutMilestone (milestones=DidFirstMeaningfulPaint)
  86.257 TIGER-MEDIA fps=24.4 shown=49 dropped=0 lag=0ms pts=2.00
  86.281 [com.apple.WebKit:Media:-] MediaElementSession::clientWillPausePlayback(6A69A453C6672A3) 
  86.282 [com.apple.WebKit:Media:-] MediaElementSession::processClientWillPausePlayback(6A69A453C6672A3) state = Playing
  86.282 [com.apple.WebKit:Media:-] MediaElementSession::setState(6A69A453C6672A3) Paused, canProduceAudio=false
  86.364 [com.apple.WebKit:Loading:4] 0x10c612b80 - [webProcessIdentifier=3] NetworkConnectionToWebProcess::scheduleResourceLoad: (parentPID=11759, pageProxyID=4, webPageID=5, frameID=12884901967, resourceID=15326, existingLoaderToResume=0)
  86.364 [com.apple.WebKit:Loading:4] 0x10c612b80 - [webProcessIdentifier=3] NetworkConnectionToWebProcess::resolveBlobReferences: (parentPID=11759, pageProxyID=4, webPageID=5, frameID=12884901967, resourceID=15326)
  86.499 [com.apple.WebKit:Loading:4] 0x10c612b80 - [webProcessIdentifier=3] NetworkConnectionToWebProcess::scheduleResourceLoad: (parentPID=11759, pageProxyID=4, webPageID=5, frameID=4294967297, resourceID=15389, existingLoaderToResume=0)
  86.500 [com.apple.WebKit:Loading:4] 0x10c612b80 - [webProcessIdentifier=3] NetworkConnectionToWebProcess::resolveBlobReferences: (parentPID=11759, pageProxyID=4, webPageID=5, frameID=4294967297, resourceID=15389)
  86.747 [com.apple.WebKit:Loading:4] 0x10c612b80 - [webProcessIdentifier=3] NetworkConnectionToWebProcess::scheduleResourceLoad: (parentPID=11759, pageProxyID=4, webPageID=5, frameID=12884901967, resourceID=15519, existingLoaderToResume=0)
  86.747 [com.apple.WebKit:Loading:4] 0x10c612b80 - [webProcessIdentifier=3] NetworkConnectionToWebProcess::resolveBlobReferences: (parentPID=11759, pageProxyID=4, webPageID=5, frameID=12884901967, resourceID=15519)
  86.931 [com.apple.WebKit:Loading:4] 0x10c612b80 - [webProcessIdentifier=3] NetworkConnectionToWebProcess::scheduleResourceLoad: (parentPID=11759, pageProxyID=4, webPageID=5, frameID=4294967297, resourceID=15639, existingLoaderToResume=0)
  86.931 [com.apple.WebKit:Loading:4] 0x10c612b80 - [webProcessIdentifier=3] NetworkConnectionToWebProcess::resolveBlobReferences: (parentPID=11759, pageProxyID=4, webPageID=5, frameID=4294967297, resourceID=15639)
  88.481 [com.apple.WebKit:Loading:4] 0x10c612b80 - [webProcessIdentifier=3] NetworkConnectionToWebProcess::scheduleResourceLoad: (parentPID=11759, pageProxyID=4, webPageID=5, frameID=4294967297, resourceID=15764, existingLoaderToResume=0)
  88.481 [com.apple.WebKit:Loading:4] 0x10c612b80 - [webProcessIdentifier=3] NetworkConnectionToWebProcess::resolveBlobReferences: (parentPID=11759, pageProxyID=4, webPageID=5, frameID=4294967297, resourceID=15764)
  88.481 [com.apple.WebKit:Loading:4] 0x10c612b80 - [webProcessIdentifier=3] NetworkConnectionToWebProcess::scheduleResourceLoad: (parentPID=11759, pageProxyID=4, webPageID=5, frameID=4294967297, resourceID=15765, existingLoaderToResume=0)
  88.481 [com.apple.WebKit:Loading:4] 0x10c612b80 - [webProcessIdentifier=3] NetworkConnectionToWebProcess::resolveBlobReferences: (parentPID=11759, pageProxyID=4, webPageID=5, frameID=4294967297, resourceID=15765)
  89.057 [com.apple.WebKit:Media:-] MediaSessionManagerInterface::dumpSessionStates(0)  Sessions:
  89.057 (6A69A453C6672A3): Video, Paused, 
  89.057 (CECAE048F8AF4190): Video, Paused, 
  89.057 (D6789D0B520AE0D8): Video, Paused, 
  89.057 (BFA0F8F7AC005120): Video, Paused, 
  89.057 
  89.057 [com.apple.WebKit:Loading:4] 0x10c612b80 - [webProcessIdentifier=3] NetworkConnectionToWebProcess::scheduleResourceLoad: (parentPID=11759, pageProxyID=4, webPageID=5, frameID=12884901967, resourceID=16113, existingLoaderToResume=0)
  89.057 [com.apple.WebKit:Loading:4] 0x10c612b80 - [webProcessIdentifier=3] NetworkConnectionToWebProcess::resolveBlobReferences: (parentPID=11759, pageProxyID=4, webPageID=5, frameID=12884901967, resourceID=16113)
  89.504 [com.apple.WebKit:Loading:4] 0x10c612b80 - [webProcessIdentifier=3] NetworkConnectionToWebProcess::scheduleResourceLoad: (parentPID=11759, pageProxyID=4, webPageID=5, frameID=12884901964, resourceID=16371, existingLoaderToResume=0)
  89.504 [com.apple.WebKit:Loading:4] 0x10c612b80 - [webProcessIdentifier=3] NetworkConnectionToWebProcess::resolveBlobReferences: (parentPID=11759, pageProxyID=4, webPageID=5, frameID=12884901964, resourceID=16371)
  90.371 TIGER-EXIT pid 0x2def
  90.371  thread 0x117 state-kr 0x0 pc 0x90009817 leaf mach_msg_trap+0x7 frames: 0x90009817 0x9004626a 0x2dacd5
  90.391 TIGER-EXIT pid 0x2df3
  90.391  thread 0xd03 state-kr 0x0 pc 0x10ae5ae4e leaf mach_msg_trap+0xa frames: 0x10ae5ae4e 0x10ae1011d 0x10032913d 0x10adffc75 0x10adffa0c 0x100001ad3 0x1000019e1 0x3
