   0.227 2026-09-22 20:19:43.256 TigerBrowser2[19236] *** _NSAutoreleaseNoPool(): Object 0x7c09140 of class NSCFString autoreleased with no pool in place - just leaking
   0.480 TIGER-SAMPLE pid 0x4b24 n 0x0 main 0x117 thread 0x117 state-kr 0x0 pc 0x90a594d4 leaf objc_msgSend+0x24 frames: 0x90a594d4 0x9327fef8 0x9327fcc3 0x9328b742 0xbeba 0x8752 0x8679 0x5
   0.480 TIGER-SAMPLE pid 0x4b24 n 0x0 thread 0x1203 thread 0x1203 state-kr 0x0 pc 0x90009817 leaf mach_msg_trap+0x7 frames: 0x90009817 0x2d3fd8 0x90023d67
   0.480 TIGER-SAMPLE pid 0x4b24 n 0x0 thread 0x3207 thread 0x3207 state-kr 0x0 pc 0x90024407 leaf semaphore_wait_signal_trap+0x7 frames: 0x90024407 0x3af7e 0x90023d67
   0.480 TIGER-SAMPLE pid 0x4b24 n 0x0 thread 0x3403 thread 0x3403 state-kr 0x0 pc 0x90024407 leaf semaphore_wait_signal_trap+0x7 frames: 0x90024407 0x3af7e 0x90023d67
   0.687 Unknown logging channel: Loading
   0.688 Unknown logging channel: Layout
   0.691 [com.apple.WebKit:Process:4] getNetworkProcessConnection: Request connection for core identifier 3
   0.703 Unknown logging channel: Loading
   0.703 Unknown logging channel: Layout
   0.708 [com.apple.WebKit:Process:4] 0x10c6011a0 - NetworkProcess::initializeNetworkProcess: Presenting processPID=19240
   0.709 [com.apple.WebKit:Process:4] 0x10c6011a0 - NetworkProcess::createNetworkConnectionToWebProcess: Create connection for web process core identifier 3
   0.719 [com.apple.WebKit:Process:4] 0x10c602e40 - NetworkConnectionToWebProcess::NetworkConnectionToWebProcess: Create connection for web process core identifier 3
   0.720 [com.apple.WebKit:Process:4] 0x10c602e40 - NetworkConnectionToWebProcess::NetworkConnectionToWebProcess: Connection for web process core identifier 3 established service worker server connection
   0.720 [com.apple.WebKit:Process:4] 0x10c602e40 - NetworkConnectionToWebProcess::NetworkConnectionToWebProcess: Connection for web process core identifier 3 established shared worker connection
   0.720 [com.apple.WebKit:Process:4] 0x10c6011a0 - NetworkProcess::createNetworkConnectionToWebProcess: Finished creating connection for web process core identifier 3, notifying the UI process
   0.727 TIGER-SAMPLE pid 0x4b24 n 0x1 main 0x117 thread 0x117 state-kr 0x0 pc 0x90009817 leaf mach_msg_trap+0x7 frames: 0x90009817 0x9082d227 0x9082ca42 0x92e06878 0x92e05f82 0x92e05dd9 0x9328cf45 0x9328cb37 0x932868c4 0xc50a 0x8752 0x8679 0x5
   0.727 TIGER-SAMPLE pid 0x4b24 n 0x1 thread 0x1203 thread 0x1203 state-kr 0x0 pc 0x90009817 leaf mach_msg_trap+0x7 frames: 0x90009817 0x2d3fd8 0x90023d67
   0.728 TIGER-SAMPLE pid 0x4b24 n 0x1 thread 0x3207 thread 0x3207 state-kr 0x0 pc 0x90024407 leaf semaphore_wait_signal_trap+0x7 frames: 0x90024407 0x3af7e 0x90023d67
   0.728 TIGER-SAMPLE pid 0x4b24 n 0x1 thread 0x3403 thread 0x3403 state-kr 0x0 pc 0x90024407 leaf semaphore_wait_signal_trap+0x7 frames: 0x90024407 0x3af7e 0x90023d67
   0.728 TIGER-SAMPLE pid 0x4b24 n 0x1 thread 0x5503 thread 0x5503 state-kr 0x0 pc 0x900bc3fc leaf poll+0xc frames: 0x900bc3fc 0x2d6a64 0x313ae8b 0x31a40a1 0x90023d67
   0.728 TIGER-SAMPLE pid 0x4b24 n 0x1 thread 0x5603 thread 0x5603 state-kr 0x0 pc 0x90024407 leaf semaphore_wait_signal_trap+0x7 frames: 0x90024407 0x3af7e 0x90023d67
   0.728 TIGER-SAMPLE pid 0x4b24 n 0x1 thread 0x5903 thread 0x5903 state-kr 0x0 pc 0x900bc3fc leaf poll+0xc frames: 0x900bc3fc 0x2d6a64 0x313ae8b 0x31a40a1 0x90023d67
   0.729 TIGER-SAMPLE pid 0x4b24 n 0x1 thread 0x5a03 thread 0x5a03 state-kr 0x0 pc 0x90024407 leaf semaphore_wait_signal_trap+0x7 frames: 0x90024407 0x3af7e 0x90023d67
   0.729 [com.apple.WebKit:Process:4] 0x10c6011a0 - NetworkProcess::createNetworkConnectionToWebProcess: Handed off connect for web process core identifier 3 to the UI process
   0.776 [com.apple.WebKit:Process:4] 0x10c6011a0 - [sessionID=1] WebProcess::initializeWebProcess: Presenting processPID=19236
   0.777 [com.apple.WebKit:Loading:4] 0x10d024c00 - [webPageID=5] WebPage::constructor:
   0.782 [com.apple.WebKit:Loading:4] WebPreferencesStore: non-default preferences: UseGPUProcessForDOMRenderingEnabled=false, AcceleratedCompositingEnabled=false
   0.810 [com.apple.WebKit:Layout:4] [webFrameID=4294967297, webPageID=5] WebLocalFrameLoaderClient::completePageTransitionIfNeeded: dispatching didCompletePageTransition
   0.813 [com.apple.WebKit:Loading:4] [webPageID=5] WebPage::loadRequest: navigationID=11, shouldTreatAsContinuingLoad=0, lastNavigationWasAppInitiated=1, existingNetworkResourceLoadIdentifierToResume=0
   0.832 [com.apple.WebKit:Process:4] GPUProcessConnection::create(12)
   0.833 [com.apple.WebKit:Loading:4] [pageID=5, frameID=4294967297] PolicyChecker::checkNavigationPolicy: continuing because this policyAction from dispatchDecidePolicyForNavigationAction is Use
   0.849 [com.apple.WebKit:Loading:4] 0x10c602e40 - [webProcessIdentifier=3] NetworkConnectionToWebProcess::scheduleResourceLoad: (parentPID=19236, pageProxyID=4, webPageID=5, frameID=4294967297, resourceID=13, existingLoaderToResume=0)
   0.849 [com.apple.WebKit:Loading:4] 0x10c602e40 - [webProcessIdentifier=3] NetworkConnectionToWebProcess::scheduleResourceLoad: Deferring resource load until service worker registrations for origin are imported
   0.849 [com.apple.WebKit:Loading:4] 0x10c602e40 - [webProcessIdentifier=3] NetworkConnectionToWebProcess::scheduleResourceLoad: (parentPID=19236, pageProxyID=4, webPageID=5, frameID=4294967297, resourceID=13, existingLoaderToResume=0)
   0.849 [com.apple.WebKit:Loading:4] 0x10c602e40 - [webProcessIdentifier=3] NetworkConnectionToWebProcess::resolveBlobReferences: (parentPID=19236, pageProxyID=4, webPageID=5, frameID=4294967297, resourceID=13)
   0.943 TIGER-SAMPLE pid 0x4b27 n 0x0 main 0xd03 thread 0xd03 state-kr 0x0 pc 0x10c0e2e7e leaf semaphore_signal_thread_trap+0xa frames: 0x10c0e2e7e 0x1041ecd77 0x1042b94ec 0x1042b60c5 0x10042c9c4 0x10043d8ab 0x1002d3afa 0x10025e727 0x101babf24 0x101bafba7 0x101b3456b 0x101b33f78 0x101b55e0d 0x101b70ca4 0x1002c58b8 0x1002c59ae 0x10043d648 0x10044176c 0x100459626 0x100434c83 0x100434fbf 0x1004353f7 0x1041f24b8 0x1042b8d86 0x100046aa8 0x10000234c 0x100002261 0x3
   0.943 TIGER-SAMPLE pid 0x4b27 n 0x0 thread 0xf03 thread 0xf03 state-kr 0x0 pc 0x10c0e2e4e leaf mach_msg_trap+0xa frames: 0x10c0e2e4e 0x10045cd52 0x10c094e9e
   0.943 TIGER-SAMPLE pid 0x4b27 n 0x0 thread 0x1103 thread 0x1103 state-kr 0x0 pc 0x10c098e22 leaf __semwait_signal+0xa frames: 0x10c098e22 0x1042b6ff5 0x1041eb3b2 0x1042ba039 0x1042b91b6 0x1042b8d99 0x10425084e 0x1042b6a19 0x10c094e9e
   0.943 TIGER-SAMPLE pid 0x4b27 n 0x0 thread 0x2303 thread 0x2303 state-kr 0x0 pc 0x10c098e22 leaf __semwait_signal+0xa frames: 0x10c098e22 0x1042b6ff5 0x1041eb3b2 0x1042ba039 0x1042b91b6 0x1042b8d99 0x10425084e 0x1042b6a19 0x10c094e9e
   0.944 TIGER-SAMPLE pid 0x4b27 n 0x0 thread 0x2403 thread 0x2403 state-kr 0x0 pc 0x10c098e22 leaf __semwait_signal+0xa frames: 0x10c098e22 0x1042b6ff5 0x1041eb3b2 0x1041e00e4 0x1042ba095 0x1042b91b6 0x1042b8d99 0x10425084e 0x1042b6a19 0x10c094e9e
   0.944 TIGER-SAMPLE pid 0x4b27 n 0x0 thread 0x2503 thread 0x2503 state-kr 0x0 pc 0x10c0497e6 leaf poll+0xa frames: 0x10c0497e6 0x10425084e 0x1042b6a19 0x10c094e9e
   0.944 TIGER-SAMPLE pid 0x4b27 n 0x0 thread 0x2603 thread 0x2603 state-kr 0x0 pc 0x10c098e22 leaf __semwait_signal+0xa frames: 0x10c098e22 0x1042b6ff5 0x1041eb3b2 0x1042ba039 0x1042b91b6 0x1042b8d99 0x10425084e 0x1042b6a19 0x10c094e9e
   0.944 TIGER-SAMPLE pid 0x4b27 n 0x0 thread 0x2703 thread 0x2703 state-kr 0x0 pc 0x10c0497e6 leaf poll+0xa frames: 0x10c0497e6 0x10425084e 0x1042b6a19 0x10c094e9e
   0.945 TIGER-SAMPLE pid 0x4b27 n 0x0 thread 0x2807 thread 0x2807 state-kr 0x0 pc 0x10c092ab2 leaf select+0xa frames: 0x10c092ab2 0x100040fd8 0x1041f24b8 0x1042b8d86 0x10425084e 0x1042b6a19 0x10c094e9e
   0.945 TIGER-SAMPLE pid 0x4b27 n 0x0 thread 0x2903 thread 0x2903 state-kr 0x0 pc 0x10c098e22 leaf __semwait_signal+0xa frames: 0x10c098e22 0x1042b6ff5 0x1041eb3b2 0x1042ba039 0x1042b91b6 0x1042b8d99 0x10425084e 0x1042b6a19 0x10c094e9e
   0.945 TIGER-SAMPLE pid 0x4b27 n 0x0 thread 0x2a03 thread 0x2a03 state-kr 0x0 pc 0x10c098e22 leaf __semwait_signal+0xa frames: 0x10c098e22 0x1042b6ff5 0x1041eb3b2 0x1042ba039 0x1042b91b6 0x1042b8d99 0x10425084e 0x1042b6a19 0x10c094e9e
   0.945 TIGER-SAMPLE pid 0x4b27 n 0x0 thread 0x2b03 thread 0x2b03 state-kr 0x0 pc 0x10c0497e6 leaf poll+0xa frames: 0x10c0497e6 0x10425084e 0x1042b6a19 0x10c094e9e
   0.946 TIGER-SAMPLE pid 0x4b27 n 0x0 thread 0x2c03 thread 0x2c03 state-kr 0x0 pc 0x10c098e22 leaf __semwait_signal+0xa frames: 0x10c098e22 0x1042b6ff5 0x1041eb3b2 0x1042ba039 0x1042b91b6 0x1042b8d99 0x10425084e 0x1042b6a19 0x10c094e9e
   0.946 TIGER-SAMPLE pid 0x4b27 n 0x0 thread 0x3e03 thread 0x3e03 state-kr 0x0 pc 0x10c0497e6 leaf poll+0xa frames: 0x10c0497e6 0x10425084e 0x1042b6a19 0x10c094e9e
   0.946 [com.apple.WebKit:Layout:4] [webFrameID=4294967297, webPageID=5] WebLocalFrameLoaderClient::completePageTransitionIfNeeded: dispatching didCompletePageTransition
   0.950 TIGER-SAMPLE pid 0x4b28 n 0x0 main 0xd03 thread 0xd03 state-kr 0x0 pc 0x10ae0ce22 leaf __semwait_signal+0xa frames: 0x10ae0ce22 0x1040c7667 0x103ff81b2 0x1040ca799 0x1040c9886 0x1040c9469 0x10004a77b 0x100001b4c 0x100001a61 0x3
   0.950 TIGER-SAMPLE pid 0x4b28 n 0x0 thread 0xf03 thread 0xf03 state-kr 0x0 pc 0x10ae56e4e leaf mach_msg_trap+0xa frames: 0x10ae56e4e 0x100328062 0x10ae08e9e
   0.951 TIGER-SAMPLE pid 0x4b28 n 0x0 thread 0x1103 thread 0x1103 state-kr 0x0 pc 0x10ae0ce22 leaf __semwait_signal+0xa frames: 0x10ae0ce22 0x1040c7625 0x103ff81b2 0x1040ca799 0x1040c9886 0x1040c9469 0x10405e84e 0x1040c7049 0x10ae08e9e
   0.951 TIGER-SAMPLE pid 0x4b28 n 0x0 thread 0x2303 thread 0x2303 state-kr 0x0 pc 0x10adbd7e6 leaf poll+0xa frames: 0x10adbd7e6 0x10405e84e 0x1040c7049 0x10ae08e9e
   0.952 TIGER-SAMPLE pid 0x4b28 n 0x0 thread 0x2407 thread 0x2407 state-kr 0x0 pc 0x10ae0ce22 leaf __semwait_signal+0xa frames: 0x10ae0ce22 0x1040c7625 0x103ff81b2 0x1040ca799 0x1040c9886 0x1040c9469 0x10405e84e 0x1040c7049 0x10ae08e9e
   0.952 TIGER-SAMPLE pid 0x4b28 n 0x0 thread 0x2503 thread 0x2503 state-kr 0x0 pc 0x10ae0ce22 leaf __semwait_signal+0xa frames: 0x10ae0ce22 0x1040c7625 0x103ff81b2 0x1040ca799 0x1040c9886 0x1040c9469 0x10405e84e 0x1040c7049 0x10ae08e9e
   0.966 Unknown logging channel: Loading
   0.967 Unknown logging channel: Layout
   0.968 TIGER-SAMPLE pid 0x4b28 n 0x0 thread 0x2603 thread 0x2603 state-kr 0x0 pc 0x10ae3b542 leaf lstat+0xa frames: 0x10ae3b542 0x103fe26b0 0x1001efe76 0x103fe2720 0x1001efcb9 0x103fe2720 0x1001ef8e3 0x103fff2d8 0x1040c9456 0x10405e84e 0x1040c7049 0x10ae08e9e
   0.968 TIGER-SAMPLE pid 0x4b28 n 0x0 thread 0x2703 thread 0x2703 state-kr 0x0 pc 0x10ae0ce22 leaf __semwait_signal+0xa frames: 0x10ae0ce22 0x1040c7625 0x103ff81b2 0x1040ca799 0x1040c9886 0x1040c9469 0x10405e84e 0x1040c7049 0x10ae08e9e
   0.969 TIGER-SAMPLE pid 0x4b28 n 0x0 thread 0x2903 thread 0x2903 state-kr 0x0 pc 0x10ae0ce22 leaf __semwait_signal+0xa frames: 0x10ae0ce22 0x1040c7625 0x103ff81b2 0x1040ca799 0x1040c9886 0x1040c9469 0x10405e84e 0x1040c7049 0x10ae08e9e
   0.969 TIGER-SAMPLE pid 0x4b28 n 0x0 thread 0x2a03 thread 0x2a03 state-kr 0x0 pc 0x10adbd7e6 leaf poll+0xa frames: 0x10adbd7e6 0x10405e84e 0x1040c7049 0x10ae08e9e
   0.969 TIGER-SAMPLE pid 0x4b28 n 0x0 thread 0x2c03 thread 0x2c03 state-kr 0x0 pc 0x10adbd7e6 leaf poll+0xa frames: 0x10adbd7e6 0x1043c3427 0x1043c35ea 0x101f33797 0x101f3f561 0x10405e84e 0x1040c7049 0x10ae08e9e
   0.970 [com.apple.WebKit:Process:4] getNetworkProcessConnection: Request connection for core identifier 6
   0.971 [com.apple.WebKit:Process:4] 0x10c6011a0 - NetworkProcess::createNetworkConnectionToWebProcess: Create connection for web process core identifier 6
   0.973 [com.apple.WebKit:Process:4] 0x10c61e620 - NetworkConnectionToWebProcess::NetworkConnectionToWebProcess: Create connection for web process core identifier 6
   0.973 [com.apple.WebKit:Process:4] 0x10c61e620 - NetworkConnectionToWebProcess::NetworkConnectionToWebProcess: Connection for web process core identifier 6 established service worker server connection
   0.973 [com.apple.WebKit:Process:4] 0x10c61e620 - NetworkConnectionToWebProcess::NetworkConnectionToWebProcess: Connection for web process core identifier 6 established shared worker connection
   0.973 [com.apple.WebKit:Process:4] 0x10c6011a0 - NetworkProcess::createNetworkConnectionToWebProcess: Finished creating connection for web process core identifier 6, notifying the UI process
   0.973 [com.apple.WebKit:Process:4] 0x10c6011a0 - NetworkProcess::createNetworkConnectionToWebProcess: Handed off connect for web process core identifier 6 to the UI process
   0.982 TIGER-SAMPLE pid 0x4b24 n 0x2 main 0x117 thread 0x117 state-kr 0x0 pc 0x90009817 leaf mach_msg_trap+0x7 frames: 0x90009817 0x9082d227 0x9082ca42 0x92e06878 0x92e05f82 0x92e05dd9 0x9328cf45 0x9328cb37 0x932868c4 0xc50a 0x8752 0x8679 0x5
   0.982 TIGER-SAMPLE pid 0x4b24 n 0x2 thread 0x1203 thread 0x1203 state-kr 0x0 pc 0x90009817 leaf mach_msg_trap+0x7 frames: 0x90009817 0x2d3fd8 0x90023d67
   0.982 TIGER-SAMPLE pid 0x4b24 n 0x2 thread 0x3207 thread 0x3207 state-kr 0x0 pc 0x90024407 leaf semaphore_wait_signal_trap+0x7 frames: 0x90024407 0x3af7e 0x90023d67
   0.982 TIGER-SAMPLE pid 0x4b24 n 0x2 thread 0x3403 thread 0x3403 state-kr 0x0 pc 0x90024407 leaf semaphore_wait_signal_trap+0x7 frames: 0x90024407 0x3af7e 0x90023d67
   0.982 TIGER-SAMPLE pid 0x4b24 n 0x2 thread 0x5503 thread 0x5503 state-kr 0x0 pc 0x900bc3fc leaf poll+0xc frames: 0x900bc3fc 0x2d6a64 0x313ae8b 0x31a40a1 0x90023d67
   0.982 TIGER-SAMPLE pid 0x4b24 n 0x2 thread 0x5603 thread 0x5603 state-kr 0x0 pc 0x90024407 leaf semaphore_wait_signal_trap+0x7 frames: 0x90024407 0x3af7e 0x90023d67
   0.982 TIGER-SAMPLE pid 0x4b24 n 0x2 thread 0x5903 thread 0x5903 state-kr 0x0 pc 0x900bc3fc leaf poll+0xc frames: 0x900bc3fc 0x2d6a64 0x313ae8b 0x31a40a1 0x90023d67
   0.982 TIGER-SAMPLE pid 0x4b24 n 0x2 thread 0x5a03 thread 0x5a03 state-kr 0x0 pc 0x90024407 leaf semaphore_wait_signal_trap+0x7 frames: 0x90024407 0x3af7e 0x90023d67
   0.982 TIGER-SAMPLE pid 0x4b24 n 0x2 thread 0x5807 thread 0x5807 state-kr 0x0 pc 0x900bc3fc leaf poll+0xc frames: 0x900bc3fc 0x2d6a64 0x313ae8b 0x31a40a1 0x90023d67
   0.982 TIGER-SAMPLE pid 0x4b24 n 0x2 thread 0x6003 thread 0x6003 state-kr 0x0 pc 0x900bc3fc leaf poll+0xc frames: 0x900bc3fc 0x2d6a64 0x313ae8b 0x31a40a1 0x90023d67
   0.982 TIGER script: 
   1.021 [com.apple.WebKit:Process:4] 0x10c6011a0 - [sessionID=1] WebProcess::initializeWebProcess: Presenting processPID=19236
   1.032 [com.apple.WebKit:Loading:4] 0x10d025400 - [webPageID=13] WebPage::constructor:
   1.037 [com.apple.WebKit:Loading:4] WebPreferencesStore: non-default preferences: AcceleratedCompositingEnabled=false, UseGPUProcessForDOMRenderingEnabled=false
   1.077 [com.apple.WebKit:Layout:4] [webFrameID=4294967298, webPageID=13] WebLocalFrameLoaderClient::completePageTransitionIfNeeded: dispatching didCompletePageTransition
   1.079 [com.apple.WebKit:Loading:4] [webPageID=13] WebPage::loadRequest: navigationID=11, shouldTreatAsContinuingLoad=2, lastNavigationWasAppInitiated=1, existingNetworkResourceLoadIdentifierToResume=1
   1.083 [com.apple.WebKit:Loading:4] 0x10c61e620 - [webProcessIdentifier=6] NetworkConnectionToWebProcess::scheduleResourceLoad: (parentPID=19236, pageProxyID=4, webPageID=13, frameID=4294967298, resourceID=9, existingLoaderToResume=1)
   1.083 [com.apple.WebKit:Loading:4] 0x10c61e620 - [webProcessIdentifier=6] NetworkConnectionToWebProcess::scheduleResourceLoad: Resuming existing NetworkResourceLoader
   1.107 [com.apple.WebKit:Loading:4] [webPageID=5] WebPage::close
   1.127 [com.apple.WebKit:Loading:4] 0x10c602e40 - [webProcessIdentifier=3] NetworkConnectionToWebProcess::didClose: WebProcess closed its connection. Aborting related loaders.
   1.127 [com.apple.WebKit:Process:4] 0x10c6011a0 - NetworkProcess::removeNetworkConnectionToWebProcess: Removing process 3
   1.157 
   1.157 TIGER-CRASH pid 0x4b2a msgid 0x961 size 0x4c descriptors 0x2 exception 0x2 code 0x1 0x0 thread 0xd03 state-kr 0x0 pc 0x10e015cbd frames: 0x10e015cbd 0x10e00f682 0x104f4b8c4 0x10365b582 0x10380c4db 0x100c170bd 0x100c17498 0x10176f2fe 0x10176cf63 0x101ac7796 0x101ac75f0 0x101a9cbab 0x101a9d055 0x101a9c612 0x101a9e138 0x10165759f 0x101b58b6e 0x101b35f8f 0x1002647fc 0x101b3d304 0x101bdee99 0x101bdeb39 0x101bc5641 0x1001a0cf1 0x1001b414f 0x10019505b 0x1001b3a42 0x100434c83 0x100434fbf 0x1004353f7 0x1041f24b8 0x1042b8d86 0x100046aa8 0x10000234c 0x100002261 0x3
   1.164 [com.apple.WebKit:Process error] 0x8004000 - [PID=19242] WebProcessProxy::didClose (web process crash)
   1.164 [com.apple.WebKit:Process error] 0x8004000 - [PID=19242] WebProcessProxy::processDidTerminateOrFailedToLaunch: reason=Crash
   1.165 [com.apple.WebKit:Process error] 0x803b400 - [pageProxyID=4, webPageID=13, PID=19242] WebPageProxy::processDidTerminate: (pid 19242), reason=Crash
   1.165 [com.apple.WebKit:Loading error] 0x803b400 - [pageProxyID=4, webPageID=13, PID=19242] WebPageProxy::dispatchProcessDidTerminate: reason=Crash
   1.180 [com.apple.WebKit:Loading:4] 0x10c61e620 - [webProcessIdentifier=6] NetworkConnectionToWebProcess::didClose: WebProcess closed its connection. Aborting related loaders.
   1.180 [com.apple.WebKit:Process:4] 0x10c6011a0 - NetworkProcess::removeNetworkConnectionToWebProcess: Removing process 6
   1.219 TIGER-SAMPLE pid 0x4b28 n 0x1 main 0xd03 thread 0xd03 state-kr 0x0 pc 0x10ae0ce22 leaf __semwait_signal+0xa frames: 0x10ae0ce22 0x1040c7667 0x103ff81b2 0x1040ca799 0x1040c9886 0x1040c9469 0x10004a77b 0x100001b4c 0x100001a61 0x3
   1.219 TIGER-SAMPLE pid 0x4b28 n 0x1 thread 0xf03 thread 0xf03 state-kr 0x0 pc 0x10ae56e4e leaf mach_msg_trap+0xa frames: 0x10ae56e4e 0x100328062 0x10ae08e9e
   1.220 TIGER-SAMPLE pid 0x4b28 n 0x1 thread 0x1103 thread 0x1103 state-kr 0x0 pc 0x10ae0ce22 leaf __semwait_signal+0xa frames: 0x10ae0ce22 0x1040c7625 0x103ff81b2 0x1040ca799 0x1040c9886 0x1040c9469 0x10405e84e 0x1040c7049 0x10ae08e9e
   1.220 TIGER-SAMPLE pid 0x4b28 n 0x1 thread 0x2303 thread 0x2303 state-kr 0x0 pc 0x10adbd7e6 leaf poll+0xa frames: 0x10adbd7e6 0x10405e84e 0x1040c7049 0x10ae08e9e
   1.220 TIGER-SAMPLE pid 0x4b28 n 0x1 thread 0x2407 thread 0x2407 state-kr 0x0 pc 0x10ae0ce22 leaf __semwait_signal+0xa frames: 0x10ae0ce22 0x1040c7625 0x103ff81b2 0x1040ca799 0x1040c9886 0x1040c9469 0x10405e84e 0x1040c7049 0x10ae08e9e
   1.220 TIGER-SAMPLE pid 0x4b28 n 0x1 thread 0x2503 thread 0x2503 state-kr 0x0 pc 0x10ae0ce22 leaf __semwait_signal+0xa frames: 0x10ae0ce22 0x1040c7625 0x103ff81b2 0x1040ca799 0x1040c9886 0x1040c9469 0x10405e84e 0x1040c7049 0x10ae08e9e
   1.223 TIGER-SAMPLE pid 0x4b28 n 0x1 thread 0x2603 thread 0x2603 state-kr 0x0 pc 0x10ae3b542 leaf lstat+0xa frames: 0x10ae3b542 0x103fe26b0 0x1001d6509 0x1001cbc79 0x1001ef996 0x103fff2d8 0x1040c9456 0x10405e84e 0x1040c7049 0x10ae08e9e
   1.224 TIGER-SAMPLE pid 0x4b28 n 0x1 thread 0x2703 thread 0x2703 state-kr 0x0 pc 0x10ae0ce22 leaf __semwait_signal+0xa frames: 0x10ae0ce22 0x1040c7625 0x103ff81b2 0x1040ca799 0x1040c9886 0x1040c9469 0x10405e84e 0x1040c7049 0x10ae08e9e
   1.224 TIGER-SAMPLE pid 0x4b28 n 0x1 thread 0x2c03 thread 0x2c03 state-kr 0x0 pc 0x10adbd7e6 leaf poll+0xa frames: 0x10adbd7e6 0x1043c3427 0x1043c35ea 0x101f33797 0x101f3f561 0x10405e84e 0x1040c7049 0x10ae08e9e
   1.224 TIGER-SAMPLE pid 0x4b28 n 0x1 thread 0x2e07 thread 0x2e07 state-kr 0x0 pc 0x10ae0ce22 leaf __semwait_signal+0xa frames: 0x10ae0ce22 0x1040c7625 0x103ff81b2 0x1040ca799 0x1040c9886 0x1040c9469 0x10405e84e 0x1040c7049 0x10ae08e9e
   1.232 TIGER-SAMPLE pid 0x4b24 n 0x3 main 0x117 thread 0x117 state-kr 0x0 pc 0x90009817 leaf mach_msg_trap+0x7 frames: 0x90009817 0x9082d227 0x9082ca42 0x92e06878 0x92e05f82 0x92e05dd9 0x9328cf45 0x9328cb37 0x932868c4 0xc50a 0x8752 0x8679 0x5
   1.232 TIGER-SAMPLE pid 0x4b24 n 0x3 thread 0x1203 thread 0x1203 state-kr 0x0 pc 0x90009817 leaf mach_msg_trap+0x7 frames: 0x90009817 0x2d3fd8 0x90023d67
   1.232 TIGER-SAMPLE pid 0x4b24 n 0x3 thread 0x3207 thread 0x3207 state-kr 0x0 pc 0x90024407 leaf semaphore_wait_signal_trap+0x7 frames: 0x90024407 0x3af7e 0x90023d67
   1.233 TIGER-SAMPLE pid 0x4b24 n 0x3 thread 0x3403 thread 0x3403 state-kr 0x0 pc 0x90024407 leaf semaphore_wait_signal_trap+0x7 frames: 0x90024407 0x3af7e 0x90023d67
   1.233 TIGER-SAMPLE pid 0x4b24 n 0x3 thread 0x5503 thread 0x5503 state-kr 0x0 pc 0x900bc3fc leaf poll+0xc frames: 0x900bc3fc 0x2d6a64 0x313ae8b 0x31a40a1 0x90023d67
   1.233 TIGER-SAMPLE pid 0x4b24 n 0x3 thread 0x5603 thread 0x5603 state-kr 0x0 pc 0x90024407 leaf semaphore_wait_signal_trap+0x7 frames: 0x90024407 0x3af7e 0x90023d67
   1.234 TIGER-SAMPLE pid 0x4b24 n 0x3 thread 0x5903 thread 0x5903 state-kr 0x0 pc 0x900bc3fc leaf poll+0xc frames: 0x900bc3fc 0x2d6a64 0x313ae8b 0x31a40a1 0x90023d67
   1.234 TIGER-SAMPLE pid 0x4b24 n 0x3 thread 0x5a03 thread 0x5a03 state-kr 0x0 pc 0x90024407 leaf semaphore_wait_signal_trap+0x7 frames: 0x90024407 0x3af7e 0x90023d67
   1.234 TIGER-SAMPLE pid 0x4b24 n 0x3 thread 0x5807 thread 0x5807 state-kr 0x0 pc 0x900bc3fc leaf poll+0xc frames: 0x900bc3fc 0x2d6a64 0x313ae8b 0x31a40a1 0x90023d67
   1.235 TIGER-SAMPLE pid 0x4b24 n 0x3 thread 0x4707 thread 0x4707 state-kr 0x0 pc 0x900bc3fc leaf poll+0xc frames: 0x900bc3fc 0x2d6a64 0x313ae8b 0x31a40a1 0x90023d67
   1.237 Tiger IPC: cannot connect to /tmp/webkit-ipc-19239-1: Connection refused
   1.281 Unknown logging channel: Loading
   1.281 Unknown logging channel: Layout
   1.283 [com.apple.WebKit:Process:4] getNetworkProcessConnection: Request connection for core identifier 7
   1.283 [com.apple.WebKit:Process:4] 0x10c6011a0 - NetworkProcess::createNetworkConnectionToWebProcess: Create connection for web process core identifier 7
   1.283 [com.apple.WebKit:Process:4] 0x10c61e180 - NetworkConnectionToWebProcess::NetworkConnectionToWebProcess: Create connection for web process core identifier 7
   1.284 [com.apple.WebKit:Process:4] 0x10c61e180 - NetworkConnectionToWebProcess::NetworkConnectionToWebProcess: Connection for web process core identifier 7 established service worker server connection
   1.284 [com.apple.WebKit:Process:4] 0x10c61e180 - NetworkConnectionToWebProcess::NetworkConnectionToWebProcess: Connection for web process core identifier 7 established shared worker connection
   1.284 [com.apple.WebKit:Process:4] 0x10c6011a0 - NetworkProcess::createNetworkConnectionToWebProcess: Finished creating connection for web process core identifier 7, notifying the UI process
   1.284 [com.apple.WebKit:Process:4] 0x10c6011a0 - NetworkProcess::createNetworkConnectionToWebProcess: Handed off connect for web process core identifier 7 to the UI process
   1.327 [com.apple.WebKit:Process:4] 0x10c6011a0 - [sessionID=1] WebProcess::initializeWebProcess: Presenting processPID=19236
   1.328 [com.apple.WebKit:Loading:4] 0x10d024c00 - [webPageID=13] WebPage::constructor:
   1.333 [com.apple.WebKit:Loading:4] WebPreferencesStore: non-default preferences: UseGPUProcessForDOMRenderingEnabled=false, AcceleratedCompositingEnabled=false
   1.359 [com.apple.WebKit:Layout:4] [webFrameID=4294967299, webPageID=13] WebLocalFrameLoaderClient::completePageTransitionIfNeeded: dispatching didCompletePageTransition
   1.361 [com.apple.WebKit:Loading:4] 0x10d024c00 - [webPageID=13] WebPage::goToBackForwardItem: navigationID=18, backForwardItemID=6-6, shouldTreatAsContinuingLoad=0, lastNavigationWasAppInitiated=1, existingNetworkResourceLoadIdentifierToResume=0
   1.372 [com.apple.WebKit:Process:4] GPUProcessConnection::create(12)
   1.375 [com.apple.WebKit:Process:4] GPUProcessConnection::didInitialize(12)
   1.382 [com.apple.WebKit:Loading:4] [pageID=13, frameID=4294967299] PolicyChecker::checkNavigationPolicy: continuing because this policyAction from dispatchDecidePolicyForNavigationAction is Use
   1.384 [com.apple.WebKit:Loading:4] 0x10c61e180 - [webProcessIdentifier=7] NetworkConnectionToWebProcess::scheduleResourceLoad: (parentPID=19236, pageProxyID=4, webPageID=13, frameID=4294967299, resourceID=15, existingLoaderToResume=0)
   1.384 [com.apple.WebKit:Loading:4] 0x10c61e180 - [webProcessIdentifier=7] NetworkConnectionToWebProcess::resolveBlobReferences: (parentPID=19236, pageProxyID=4, webPageID=13, frameID=4294967299, resourceID=15)
   1.411 
   1.411 TIGER-CRASH pid 0x4b2b msgid 0x961 size 0x4c descriptors 0x2 exception 0x2 code 0x1 0x0 thread 0xd03 state-kr 0x0 pc 0x10e00d25d frames: 0x10e00d25d 0x10e010761 0x104f4b8c4 0x10365b582 0x10380c4db 0x100c170bd 0x100c17498 0x10176f2fe 0x10176cf63 0x101ac7796 0x101ac75f0 0x101a9cbab 0x101a9d055 0x101a9c612 0x101a9e138 0x10165759f 0x101b58b6e 0x101b35f8f 0x1002647fc 0x101b3d304 0x101bdee99 0x101bdeb39 0x101bc5641 0x1001a0cf1 0x1001b414f 0x10019505b 0x1001b3a42 0x100434c83 0x100434fbf 0x1004353f7 0x1041f24b8 0x1042b8d86 0x100046aa8 0x10000234c 0x100002261 0x3
   1.421 [com.apple.WebKit:Process error] 0x8052c00 - [PID=19243] WebProcessProxy::didClose (web process crash)
   1.421 [com.apple.WebKit:Process error] 0x8052c00 - [PID=19243] WebProcessProxy::processDidTerminateOrFailedToLaunch: reason=Crash
   1.422 [com.apple.WebKit:Process error] 0x803b400 - [pageProxyID=4, webPageID=13, PID=19243] WebPageProxy::processDidTerminate: (pid 19243), reason=Crash
   1.422 [com.apple.WebKit:Loading error] 0x803b400 - [pageProxyID=4, webPageID=13, PID=19243] WebPageProxy::dispatchProcessDidTerminate: reason=Crash
   1.422 [com.apple.WebKit:Process error] 0x803b400 - [pageProxyID=4, webPageID=13, PID=19243] WebPageProxy::tryReloadAfterProcessTermination: process crashed and the client did not handle it, not reloading the page because we reached the maximum number of attempts
   1.422 [com.apple.WebKit:Loading:4] 0x10c61e180 - [webProcessIdentifier=7] NetworkConnectionToWebProcess::didClose: WebProcess closed its connection. Aborting related loaders.
   1.422 [com.apple.WebKit:Process:4] 0x10c6011a0 - NetworkProcess::removeNetworkConnectionToWebProcess: Removing process 7
   1.475 TIGER-SAMPLE pid 0x4b28 n 0x2 main 0xd03 thread 0xd03 state-kr 0x0 pc 0x10ae0ce22 leaf __semwait_signal+0xa frames: 0x10ae0ce22 0x1040c7667 0x103ff81b2 0x1040ca799 0x1040c9886 0x1040c9469 0x10004a77b 0x100001b4c 0x100001a61 0x3
   1.475 TIGER-SAMPLE pid 0x4b28 n 0x2 thread 0xf03 thread 0xf03 state-kr 0x0 pc 0x10ae56e4e leaf mach_msg_trap+0xa frames: 0x10ae56e4e 0x100328062 0x10ae08e9e
   1.475 TIGER-SAMPLE pid 0x4b28 n 0x2 thread 0x1103 thread 0x1103 state-kr 0x0 pc 0x10ae0ce22 leaf __semwait_signal+0xa frames: 0x10ae0ce22 0x1040c7625 0x103ff81b2 0x1040ca799 0x1040c9886 0x1040c9469 0x10405e84e 0x1040c7049 0x10ae08e9e
   1.475 TIGER-SAMPLE pid 0x4b28 n 0x2 thread 0x2303 thread 0x2303 state-kr 0x0 pc 0x10adbd7e6 leaf poll+0xa frames: 0x10adbd7e6 0x10405e84e 0x1040c7049 0x10ae08e9e
   1.475 TIGER-SAMPLE pid 0x4b28 n 0x2 thread 0x2407 thread 0x2407 state-kr 0x0 pc 0x10ae0ce22 leaf __semwait_signal+0xa frames: 0x10ae0ce22 0x1040c7625 0x103ff81b2 0x1040ca799 0x1040c9886 0x1040c9469 0x10405e84e 0x1040c7049 0x10ae08e9e
   1.475 TIGER-SAMPLE pid 0x4b28 n 0x2 thread 0x2503 thread 0x2503 state-kr 0x0 pc 0x10ae0ce22 leaf __semwait_signal+0xa frames: 0x10ae0ce22 0x1040c7625 0x103ff81b2 0x1040ca799 0x1040c9886 0x1040c9469 0x10405e84e 0x1040c7049 0x10ae08e9e
   1.476 TIGER-SAMPLE pid 0x4b28 n 0x2 thread 0x2603 thread 0x2603 state-kr 0x0 pc 0x10ae0ce22 leaf __semwait_signal+0xa frames: 0x10ae0ce22 0x1040c7625 0x103ff81b2 0x1040ca799 0x1040c9886 0x1040c9469 0x10405e84e 0x1040c7049 0x10ae08e9e
   1.476 TIGER-SAMPLE pid 0x4b28 n 0x2 thread 0x2703 thread 0x2703 state-kr 0x0 pc 0x10ae0ce22 leaf __semwait_signal+0xa frames: 0x10ae0ce22 0x1040c7625 0x103ff81b2 0x1040ca799 0x1040c9886 0x1040c9469 0x10405e84e 0x1040c7049 0x10ae08e9e
   1.476 TIGER-SAMPLE pid 0x4b28 n 0x2 thread 0x2c03 thread 0x2c03 state-kr 0x0 pc 0x10adbd7e6 leaf poll+0xa frames: 0x10adbd7e6 0x1043c3427 0x1043c35ea 0x101f33797 0x101f3f561 0x10405e84e 0x1040c7049 0x10ae08e9e
   1.476 TIGER-SAMPLE pid 0x4b28 n 0x2 thread 0x2e07 thread 0x2e07 state-kr 0x0 pc 0x10ae0ce22 leaf __semwait_signal+0xa frames: 0x10ae0ce22 0x1040c7625 0x103ff81b2 0x1040ca799 0x1040c9886 0x1040c9469 0x10405e84e 0x1040c7049 0x10ae08e9e
   1.479 TIGER-SAMPLE pid 0x4b29 n 0x0 main 0xd03 thread 0xd03 state-kr 0x0 pc 0x90009817 leaf mach_msg_trap+0x7 frames: 0x90009817 0x9082d227 0x9083e100 0x300d9e7 0x4497f 0x83d4 0x83a2 0x82c9 0x3
   1.479 TIGER-SAMPLE pid 0x4b29 n 0x0 thread 0x1103 thread 0x1103 state-kr 0x0 pc 0x90009817 leaf mach_msg_trap+0x7 frames: 0x90009817 0x148f48 0x90023d67
   1.479 TIGER-SAMPLE pid 0x4b29 n 0x0 thread 0x1303 thread 0x1303 state-kr 0x0 pc 0x900bc3fc leaf poll+0xc frames: 0x900bc3fc 0x14bc44 0x2fac62b 0x30145f1 0x90023d67
   1.480 TIGER-SAMPLE pid 0x4b29 n 0x0 thread 0x2507 thread 0x2507 state-kr 0x0 pc 0x90024407 leaf semaphore_wait_signal_trap+0x7 frames: 0x90024407 0x34e1e 0x90023d67
   1.480 TIGER-SAMPLE pid 0x4b29 n 0x0 thread 0x2703 thread 0x2703 state-kr 0x0 pc 0x90024407 leaf semaphore_wait_signal_trap+0x7 frames: 0x90024407 0x34e1e 0x90023d67
   1.480 TIGER-SAMPLE pid 0x4b29 n 0x0 thread 0x2903 thread 0x2903 state-kr 0x0 pc 0x90024407 leaf semaphore_wait_signal_trap+0x7 frames: 0x90024407 0x34e1e 0x90023d67
   1.480 TIGER-SAMPLE pid 0x4b29 n 0x0 thread 0x2b03 thread 0x2b03 state-kr 0x0 pc 0x90024407 leaf semaphore_wait_signal_trap+0x7 frames: 0x90024407 0x34e1e 0x90023d67
   1.481 TIGER-SAMPLE pid 0x4b29 n 0x0 thread 0x2f07 thread 0x2f07 state-kr 0x0 pc 0x90019d0c leaf select+0xc frames: 0x90019d0c 0x14c115 0x13f348 0x2fac62b 0x30145f1 0x90023d67
   1.485 TIGER-SAMPLE pid 0x4b24 n 0x4 main 0x117 thread 0x117 state-kr 0x0 pc 0x90009817 leaf mach_msg_trap+0x7 frames: 0x90009817 0x9082d227 0x9082ca42 0x92e06878 0x92e05f82 0x92e05dd9 0x9328cf45 0x9328cb37 0x932868c4 0xc50a 0x8752 0x8679 0x5
   1.485 TIGER-SAMPLE pid 0x4b24 n 0x4 thread 0x1203 thread 0x1203 state-kr 0x0 pc 0x90009817 leaf mach_msg_trap+0x7 frames: 0x90009817 0x2d3fd8 0x90023d67
   1.486 TIGER-SAMPLE pid 0x4b24 n 0x4 thread 0x3207 thread 0x3207 state-kr 0x0 pc 0x90024407 leaf semaphore_wait_signal_trap+0x7 frames: 0x90024407 0x3af7e 0x90023d67
   1.486 TIGER-SAMPLE pid 0x4b24 n 0x4 thread 0x3403 thread 0x3403 state-kr 0x0 pc 0x90024407 leaf semaphore_wait_signal_trap+0x7 frames: 0x90024407 0x3af7e 0x90023d67
   1.486 TIGER-SAMPLE pid 0x4b24 n 0x4 thread 0x5503 thread 0x5503 state-kr 0x0 pc 0x900bc3fc leaf poll+0xc frames: 0x900bc3fc 0x2d6a64 0x313ae8b 0x31a40a1 0x90023d67
   1.486 TIGER-SAMPLE pid 0x4b24 n 0x4 thread 0x5603 thread 0x5603 state-kr 0x0 pc 0x90024407 leaf semaphore_wait_signal_trap+0x7 frames: 0x90024407 0x3af7e 0x90023d67
   1.487 TIGER-SAMPLE pid 0x4b24 n 0x4 thread 0x5903 thread 0x5903 state-kr 0x0 pc 0x900bc3fc leaf poll+0xc frames: 0x900bc3fc 0x2d6a64 0x313ae8b 0x31a40a1 0x90023d67
   1.487 TIGER-SAMPLE pid 0x4b24 n 0x4 thread 0x5a03 thread 0x5a03 state-kr 0x0 pc 0x90024407 leaf semaphore_wait_signal_trap+0x7 frames: 0x90024407 0x3af7e 0x90023d67
   1.487 TIGER-SAMPLE pid 0x4b24 n 0x4 thread 0x5807 thread 0x5807 state-kr 0x0 pc 0x900bc3fc leaf poll+0xc frames: 0x900bc3fc 0x2d6a64 0x313ae8b 0x31a40a1 0x90023d67
   1.727 TIGER-SAMPLE pid 0x4b28 n 0x3 main 0xd03 thread 0xd03 state-kr 0x0 pc 0x10ae0ce22 leaf __semwait_signal+0xa frames: 0x10ae0ce22 0x1040c7667 0x103ff81b2 0x1040ca799 0x1040c9886 0x1040c9469 0x10004a77b 0x100001b4c 0x100001a61 0x3
   1.727 TIGER-SAMPLE pid 0x4b28 n 0x3 thread 0xf03 thread 0xf03 state-kr 0x0 pc 0x10ae56e4e leaf mach_msg_trap+0xa frames: 0x10ae56e4e 0x100328062 0x10ae08e9e
   1.727 TIGER-SAMPLE pid 0x4b28 n 0x3 thread 0x1103 thread 0x1103 state-kr 0x0 pc 0x10ae0ce22 leaf __semwait_signal+0xa frames: 0x10ae0ce22 0x1040c7625 0x103ff81b2 0x1040ca799 0x1040c9886 0x1040c9469 0x10405e84e 0x1040c7049 0x10ae08e9e
   1.727 TIGER-SAMPLE pid 0x4b28 n 0x3 thread 0x2303 thread 0x2303 state-kr 0x0 pc 0x10adbd7e6 leaf poll+0xa frames: 0x10adbd7e6 0x10405e84e 0x1040c7049 0x10ae08e9e
   1.727 TIGER-SAMPLE pid 0x4b28 n 0x3 thread 0x2407 thread 0x2407 state-kr 0x0 pc 0x10ae0ce22 leaf __semwait_signal+0xa frames: 0x10ae0ce22 0x1040c7625 0x103ff81b2 0x1040ca799 0x1040c9886 0x1040c9469 0x10405e84e 0x1040c7049 0x10ae08e9e
   1.727 TIGER-SAMPLE pid 0x4b28 n 0x3 thread 0x2503 thread 0x2503 state-kr 0x0 pc 0x10ae0ce22 leaf __semwait_signal+0xa frames: 0x10ae0ce22 0x1040c7625 0x103ff81b2 0x1040ca799 0x1040c9886 0x1040c9469 0x10405e84e 0x1040c7049 0x10ae08e9e
   1.727 TIGER-SAMPLE pid 0x4b28 n 0x3 thread 0x2603 thread 0x2603 state-kr 0x0 pc 0x10ae0ce22 leaf __semwait_signal+0xa frames: 0x10ae0ce22 0x1040c7625 0x103ff81b2 0x1040ca799 0x1040c9886 0x1040c9469 0x10405e84e 0x1040c7049 0x10ae08e9e
   1.728 TIGER-SAMPLE pid 0x4b28 n 0x3 thread 0x2703 thread 0x2703 state-kr 0x0 pc 0x10ae0ce22 leaf __semwait_signal+0xa frames: 0x10ae0ce22 0x1040c7625 0x103ff81b2 0x1040ca799 0x1040c9886 0x1040c9469 0x10405e84e 0x1040c7049 0x10ae08e9e
   1.728 TIGER-SAMPLE pid 0x4b28 n 0x3 thread 0x2c03 thread 0x2c03 state-kr 0x0 pc 0x10adbd7e6 leaf poll+0xa frames: 0x10adbd7e6 0x1043c3427 0x1043c35ea 0x101f33797 0x101f3f561 0x10405e84e 0x1040c7049 0x10ae08e9e
   1.728 TIGER-SAMPLE pid 0x4b28 n 0x3 thread 0x2e07 thread 0x2e07 state-kr 0x0 pc 0x10ae0ce22 leaf __semwait_signal+0xa frames: 0x10ae0ce22 0x1040c7625 0x103ff81b2 0x1040ca799 0x1040c9886 0x1040c9469 0x10405e84e 0x1040c7049 0x10ae08e9e
   1.731 TIGER-SAMPLE pid 0x4b29 n 0x1 main 0xd03 thread 0xd03 state-kr 0x0 pc 0x90009817 leaf mach_msg_trap+0x7 frames: 0x90009817 0x9082d227 0x9083e100 0x300d9e7 0x4497f 0x83d4 0x83a2 0x82c9 0x3
   1.731 TIGER-SAMPLE pid 0x4b29 n 0x1 thread 0x1103 thread 0x1103 state-kr 0x0 pc 0x90009817 leaf mach_msg_trap+0x7 frames: 0x90009817 0x148f48 0x90023d67
   1.732 TIGER-SAMPLE pid 0x4b29 n 0x1 thread 0x1303 thread 0x1303 state-kr 0x0 pc 0x900bc3fc leaf poll+0xc frames: 0x900bc3fc 0x14bc44 0x2fac62b 0x30145f1 0x90023d67
   1.732 TIGER-SAMPLE pid 0x4b29 n 0x1 thread 0x2507 thread 0x2507 state-kr 0x0 pc 0x90024407 leaf semaphore_wait_signal_trap+0x7 frames: 0x90024407 0x34e1e 0x90023d67
   1.732 TIGER-SAMPLE pid 0x4b29 n 0x1 thread 0x2703 thread 0x2703 state-kr 0x0 pc 0x90024407 leaf semaphore_wait_signal_trap+0x7 frames: 0x90024407 0x34e1e 0x90023d67
   1.732 TIGER-SAMPLE pid 0x4b29 n 0x1 thread 0x2903 thread 0x2903 state-kr 0x0 pc 0x90024407 leaf semaphore_wait_signal_trap+0x7 frames: 0x90024407 0x34e1e 0x90023d67
   1.733 TIGER-SAMPLE pid 0x4b29 n 0x1 thread 0x2b03 thread 0x2b03 state-kr 0x0 pc 0x90024407 leaf semaphore_wait_signal_trap+0x7 frames: 0x90024407 0x34e1e 0x90023d67
   1.733 TIGER-SAMPLE pid 0x4b29 n 0x1 thread 0x2f07 thread 0x2f07 state-kr 0x0 pc 0x90019d0c leaf select+0xc frames: 0x90019d0c 0x14c115 0x13f348 0x2fac62b 0x30145f1 0x90023d67
   1.738 TIGER-SAMPLE pid 0x4b24 n 0x5 main 0x117 thread 0x117 state-kr 0x0 pc 0x90009817 leaf mach_msg_trap+0x7 frames: 0x90009817 0x9082d227 0x9082ca42 0x92e06878 0x92e05f82 0x92e05dd9 0x9328cf45 0x9328cb37 0x932868c4 0xc50a 0x8752 0x8679 0x5
   1.738 TIGER-SAMPLE pid 0x4b24 n 0x5 thread 0x1203 thread 0x1203 state-kr 0x0 pc 0x90009817 leaf mach_msg_trap+0x7 frames: 0x90009817 0x2d3fd8 0x90023d67
   1.738 TIGER-SAMPLE pid 0x4b24 n 0x5 thread 0x3207 thread 0x3207 state-kr 0x0 pc 0x90024407 leaf semaphore_wait_signal_trap+0x7 frames: 0x90024407 0x3af7e 0x90023d67
   1.738 TIGER-SAMPLE pid 0x4b24 n 0x5 thread 0x3403 thread 0x3403 state-kr 0x0 pc 0x90024407 leaf semaphore_wait_signal_trap+0x7 frames: 0x90024407 0x3af7e 0x90023d67
   1.738 TIGER-SAMPLE pid 0x4b24 n 0x5 thread 0x5503 thread 0x5503 state-kr 0x0 pc 0x900bc3fc leaf poll+0xc frames: 0x900bc3fc 0x2d6a64 0x313ae8b 0x31a40a1 0x90023d67
   1.739 TIGER-SAMPLE pid 0x4b24 n 0x5 thread 0x5603 thread 0x5603 state-kr 0x0 pc 0x90024407 leaf semaphore_wait_signal_trap+0x7 frames: 0x90024407 0x3af7e 0x90023d67
   1.739 TIGER-SAMPLE pid 0x4b24 n 0x5 thread 0x5903 thread 0x5903 state-kr 0x0 pc 0x900bc3fc leaf poll+0xc frames: 0x900bc3fc 0x2d6a64 0x313ae8b 0x31a40a1 0x90023d67
   1.739 TIGER-SAMPLE pid 0x4b24 n 0x5 thread 0x5a03 thread 0x5a03 state-kr 0x0 pc 0x90024407 leaf semaphore_wait_signal_trap+0x7 frames: 0x90024407 0x3af7e 0x90023d67
   1.739 TIGER-SAMPLE pid 0x4b24 n 0x5 thread 0x5807 thread 0x5807 state-kr 0x0 pc 0x900bc3fc leaf poll+0xc frames: 0x900bc3fc 0x2d6a64 0x313ae8b 0x31a40a1 0x90023d67
   1.978 TIGER-SAMPLE pid 0x4b28 n 0x4 main 0xd03 thread 0xd03 state-kr 0x0 pc 0x10ae0ce22 leaf __semwait_signal+0xa frames: 0x10ae0ce22 0x1040c7667 0x103ff81b2 0x1040ca799 0x1040c9886 0x1040c9469 0x10004a77b 0x100001b4c 0x100001a61 0x3
   1.979 TIGER-SAMPLE pid 0x4b28 n 0x4 thread 0xf03 thread 0xf03 state-kr 0x0 pc 0x10ae56e4e leaf mach_msg_trap+0xa frames: 0x10ae56e4e 0x100328062 0x10ae08e9e
   1.979 TIGER-SAMPLE pid 0x4b28 n 0x4 thread 0x1103 thread 0x1103 state-kr 0x0 pc 0x10ae0ce22 leaf __semwait_signal+0xa frames: 0x10ae0ce22 0x1040c7625 0x103ff81b2 0x1040ca799 0x1040c9886 0x1040c9469 0x10405e84e 0x1040c7049 0x10ae08e9e
   1.979 TIGER-SAMPLE pid 0x4b28 n 0x4 thread 0x2303 thread 0x2303 state-kr 0x0 pc 0x10adbd7e6 leaf poll+0xa frames: 0x10adbd7e6 0x10405e84e 0x1040c7049 0x10ae08e9e
   1.979 TIGER-SAMPLE pid 0x4b28 n 0x4 thread 0x2407 thread 0x2407 state-kr 0x0 pc 0x10ae0ce22 leaf __semwait_signal+0xa frames: 0x10ae0ce22 0x1040c7625 0x103ff81b2 0x1040ca799 0x1040c9886 0x1040c9469 0x10405e84e 0x1040c7049 0x10ae08e9e
   1.979 TIGER-SAMPLE pid 0x4b28 n 0x4 thread 0x2503 thread 0x2503 state-kr 0x0 pc 0x10ae0ce22 leaf __semwait_signal+0xa frames: 0x10ae0ce22 0x1040c7625 0x103ff81b2 0x1040ca799 0x1040c9886 0x1040c9469 0x10405e84e 0x1040c7049 0x10ae08e9e
   1.979 TIGER-SAMPLE pid 0x4b28 n 0x4 thread 0x2603 thread 0x2603 state-kr 0x0 pc 0x10ae0ce22 leaf __semwait_signal+0xa frames: 0x10ae0ce22 0x1040c7625 0x103ff81b2 0x1040ca799 0x1040c9886 0x1040c9469 0x10405e84e 0x1040c7049 0x10ae08e9e
   1.980 TIGER-SAMPLE pid 0x4b28 n 0x4 thread 0x2703 thread 0x2703 state-kr 0x0 pc 0x10ae0ce22 leaf __semwait_signal+0xa frames: 0x10ae0ce22 0x1040c7625 0x103ff81b2 0x1040ca799 0x1040c9886 0x1040c9469 0x10405e84e 0x1040c7049 0x10ae08e9e
   1.980 TIGER-SAMPLE pid 0x4b28 n 0x4 thread 0x2c03 thread 0x2c03 state-kr 0x0 pc 0x10adbd7e6 leaf poll+0xa frames: 0x10adbd7e6 0x1043c3427 0x1043c35ea 0x101f33797 0x101f3f561 0x10405e84e 0x1040c7049 0x10ae08e9e
   1.980 TIGER-SAMPLE pid 0x4b28 n 0x4 thread 0x2e07 thread 0x2e07 state-kr 0x0 pc 0x10ae0ce22 leaf __semwait_signal+0xa frames: 0x10ae0ce22 0x1040c7625 0x103ff81b2 0x1040ca799 0x1040c9886 0x1040c9469 0x10405e84e 0x1040c7049 0x10ae08e9e
   1.983 TIGER-SAMPLE pid 0x4b29 n 0x2 main 0xd03 thread 0xd03 state-kr 0x0 pc 0x90009817 leaf mach_msg_trap+0x7 frames: 0x90009817 0x9082d227 0x9083e100 0x300d9e7 0x4497f 0x83d4 0x83a2 0x82c9 0x3
   1.983 TIGER-SAMPLE pid 0x4b29 n 0x2 thread 0x1103 thread 0x1103 state-kr 0x0 pc 0x90009817 leaf mach_msg_trap+0x7 frames: 0x90009817 0x148f48 0x90023d67
   1.984 TIGER-SAMPLE pid 0x4b29 n 0x2 thread 0x1303 thread 0x1303 state-kr 0x0 pc 0x900bc3fc leaf poll+0xc frames: 0x900bc3fc 0x14bc44 0x2fac62b 0x30145f1 0x90023d67
   1.984 TIGER-SAMPLE pid 0x4b29 n 0x2 thread 0x2507 thread 0x2507 state-kr 0x0 pc 0x90024407 leaf semaphore_wait_signal_trap+0x7 frames: 0x90024407 0x34e1e 0x90023d67
   1.984 TIGER-SAMPLE pid 0x4b29 n 0x2 thread 0x2703 thread 0x2703 state-kr 0x0 pc 0x90024407 leaf semaphore_wait_signal_trap+0x7 frames: 0x90024407 0x34e1e 0x90023d67
   1.984 TIGER-SAMPLE pid 0x4b29 n 0x2 thread 0x2903 thread 0x2903 state-kr 0x0 pc 0x90024407 leaf semaphore_wait_signal_trap+0x7 frames: 0x90024407 0x34e1e 0x90023d67
   1.985 TIGER-SAMPLE pid 0x4b29 n 0x2 thread 0x2b03 thread 0x2b03 state-kr 0x0 pc 0x90024407 leaf semaphore_wait_signal_trap+0x7 frames: 0x90024407 0x34e1e 0x90023d67
   1.985 TIGER-SAMPLE pid 0x4b29 n 0x2 thread 0x2f07 thread 0x2f07 state-kr 0x0 pc 0x90019d0c leaf select+0xc frames: 0x90019d0c 0x14c115 0x13f348 0x2fac62b 0x30145f1 0x90023d67
   1.990 TIGER-SAMPLE pid 0x4b24 n 0x6 main 0x117 thread 0x117 state-kr 0x0 pc 0x90009817 leaf mach_msg_trap+0x7 frames: 0x90009817 0x9082d227 0x9082ca42 0x92e06878 0x92e05f82 0x92e05dd9 0x9328cf45 0x9328cb37 0x932868c4 0xc50a 0x8752 0x8679 0x5
   1.990 TIGER-SAMPLE pid 0x4b24 n 0x6 thread 0x1203 thread 0x1203 state-kr 0x0 pc 0x90009817 leaf mach_msg_trap+0x7 frames: 0x90009817 0x2d3fd8 0x90023d67
   1.990 TIGER-SAMPLE pid 0x4b24 n 0x6 thread 0x3207 thread 0x3207 state-kr 0x0 pc 0x90024407 leaf semaphore_wait_signal_trap+0x7 frames: 0x90024407 0x3af7e 0x90023d67
   1.991 TIGER-SAMPLE pid 0x4b24 n 0x6 thread 0x3403 thread 0x3403 state-kr 0x0 pc 0x90024407 leaf semaphore_wait_signal_trap+0x7 frames: 0x90024407 0x3af7e 0x90023d67
   1.991 TIGER-SAMPLE pid 0x4b24 n 0x6 thread 0x5503 thread 0x5503 state-kr 0x0 pc 0x900bc3fc leaf poll+0xc frames: 0x900bc3fc 0x2d6a64 0x313ae8b 0x31a40a1 0x90023d67
   1.991 TIGER-SAMPLE pid 0x4b24 n 0x6 thread 0x5603 thread 0x5603 state-kr 0x0 pc 0x90024407 leaf semaphore_wait_signal_trap+0x7 frames: 0x90024407 0x3af7e 0x90023d67
   1.991 TIGER-SAMPLE pid 0x4b24 n 0x6 thread 0x5903 thread 0x5903 state-kr 0x0 pc 0x900bc3fc leaf poll+0xc frames: 0x900bc3fc 0x2d6a64 0x313ae8b 0x31a40a1 0x90023d67
   1.992 TIGER-SAMPLE pid 0x4b24 n 0x6 thread 0x5a03 thread 0x5a03 state-kr 0x0 pc 0x90024407 leaf semaphore_wait_signal_trap+0x7 frames: 0x90024407 0x3af7e 0x90023d67
   1.992 TIGER-SAMPLE pid 0x4b24 n 0x6 thread 0x5807 thread 0x5807 state-kr 0x0 pc 0x900bc3fc leaf poll+0xc frames: 0x900bc3fc 0x2d6a64 0x313ae8b 0x31a40a1 0x90023d67
   2.230 TIGER-SAMPLE pid 0x4b28 n 0x5 main 0xd03 thread 0xd03 state-kr 0x0 pc 0x10ae0ce22 leaf __semwait_signal+0xa frames: 0x10ae0ce22 0x1040c7667 0x103ff81b2 0x1040ca799 0x1040c9886 0x1040c9469 0x10004a77b 0x100001b4c 0x100001a61 0x3
   2.230 TIGER-SAMPLE pid 0x4b28 n 0x5 thread 0xf03 thread 0xf03 state-kr 0x0 pc 0x10ae56e4e leaf mach_msg_trap+0xa frames: 0x10ae56e4e 0x100328062 0x10ae08e9e
   2.231 TIGER-SAMPLE pid 0x4b28 n 0x5 thread 0x1103 thread 0x1103 state-kr 0x0 pc 0x10ae0ce22 leaf __semwait_signal+0xa frames: 0x10ae0ce22 0x1040c7625 0x103ff81b2 0x1040ca799 0x1040c9886 0x1040c9469 0x10405e84e 0x1040c7049 0x10ae08e9e
   2.231 TIGER-SAMPLE pid 0x4b28 n 0x5 thread 0x2303 thread 0x2303 state-kr 0x0 pc 0x10adbd7e6 leaf poll+0xa frames: 0x10adbd7e6 0x10405e84e 0x1040c7049 0x10ae08e9e
   2.231 TIGER-SAMPLE pid 0x4b28 n 0x5 thread 0x2407 thread 0x2407 state-kr 0x0 pc 0x10ae0ce22 leaf __semwait_signal+0xa frames: 0x10ae0ce22 0x1040c7625 0x103ff81b2 0x1040ca799 0x1040c9886 0x1040c9469 0x10405e84e 0x1040c7049 0x10ae08e9e
   2.231 TIGER-SAMPLE pid 0x4b28 n 0x5 thread 0x2503 thread 0x2503 state-kr 0x0 pc 0x10ae0ce22 leaf __semwait_signal+0xa frames: 0x10ae0ce22 0x1040c7625 0x103ff81b2 0x1040ca799 0x1040c9886 0x1040c9469 0x10405e84e 0x1040c7049 0x10ae08e9e
   2.231 TIGER-SAMPLE pid 0x4b28 n 0x5 thread 0x2603 thread 0x2603 state-kr 0x0 pc 0x10ae0ce22 leaf __semwait_signal+0xa frames: 0x10ae0ce22 0x1040c7625 0x103ff81b2 0x1040ca799 0x1040c9886 0x1040c9469 0x10405e84e 0x1040c7049 0x10ae08e9e
   2.232 TIGER-SAMPLE pid 0x4b28 n 0x5 thread 0x2703 thread 0x2703 state-kr 0x0 pc 0x10ae0ce22 leaf __semwait_signal+0xa frames: 0x10ae0ce22 0x1040c7625 0x103ff81b2 0x1040ca799 0x1040c9886 0x1040c9469 0x10405e84e 0x1040c7049 0x10ae08e9e
   2.232 TIGER-SAMPLE pid 0x4b28 n 0x5 thread 0x2c03 thread 0x2c03 state-kr 0x0 pc 0x10adbd7e6 leaf poll+0xa frames: 0x10adbd7e6 0x1043c3427 0x1043c35ea 0x101f33797 0x101f3f561 0x10405e84e 0x1040c7049 0x10ae08e9e
   2.235 TIGER-SAMPLE pid 0x4b29 n 0x3 main 0xd03 thread 0xd03 state-kr 0x0 pc 0x90009817 leaf mach_msg_trap+0x7 frames: 0x90009817 0x9082d227 0x9083e100 0x300d9e7 0x4497f 0x83d4 0x83a2 0x82c9 0x3
   2.236 TIGER-SAMPLE pid 0x4b29 n 0x3 thread 0x1103 thread 0x1103 state-kr 0x0 pc 0x90009817 leaf mach_msg_trap+0x7 frames: 0x90009817 0x148f48 0x90023d67
   2.236 TIGER-SAMPLE pid 0x4b29 n 0x3 thread 0x1303 thread 0x1303 state-kr 0x0 pc 0x900bc3fc leaf poll+0xc frames: 0x900bc3fc 0x14bc44 0x2fac62b 0x30145f1 0x90023d67
   2.236 TIGER-SAMPLE pid 0x4b29 n 0x3 thread 0x2507 thread 0x2507 state-kr 0x0 pc 0x90024407 leaf semaphore_wait_signal_trap+0x7 frames: 0x90024407 0x34e1e 0x90023d67
   2.236 TIGER-SAMPLE pid 0x4b29 n 0x3 thread 0x2703 thread 0x2703 state-kr 0x0 pc 0x90024407 leaf semaphore_wait_signal_trap+0x7 frames: 0x90024407 0x34e1e 0x90023d67
   2.237 TIGER-SAMPLE pid 0x4b29 n 0x3 thread 0x2903 thread 0x2903 state-kr 0x0 pc 0x90024407 leaf semaphore_wait_signal_trap+0x7 frames: 0x90024407 0x34e1e 0x90023d67
   2.237 TIGER-SAMPLE pid 0x4b29 n 0x3 thread 0x2b03 thread 0x2b03 state-kr 0x0 pc 0x90024407 leaf semaphore_wait_signal_trap+0x7 frames: 0x90024407 0x34e1e 0x90023d67
   2.237 TIGER-SAMPLE pid 0x4b29 n 0x3 thread 0x2f07 thread 0x2f07 state-kr 0x0 pc 0x90019d0c leaf select+0xc frames: 0x90019d0c 0x14c115 0x13f348 0x2fac62b 0x30145f1 0x90023d67
   2.243 TIGER-SAMPLE pid 0x4b24 n 0x7 main 0x117 thread 0x117 state-kr 0x0 pc 0x90009817 leaf mach_msg_trap+0x7 frames: 0x90009817 0x9082d227 0x9082ca42 0x92e06878 0x92e05f82 0x92e05dd9 0x9328cf45 0x9328cb37 0x932868c4 0xc50a 0x8752 0x8679 0x5
   2.243 TIGER-SAMPLE pid 0x4b24 n 0x7 thread 0x1203 thread 0x1203 state-kr 0x0 pc 0x90009817 leaf mach_msg_trap+0x7 frames: 0x90009817 0x2d3fd8 0x90023d67
   2.243 TIGER-SAMPLE pid 0x4b24 n 0x7 thread 0x3207 thread 0x3207 state-kr 0x0 pc 0x90024407 leaf semaphore_wait_signal_trap+0x7 frames: 0x90024407 0x3af7e 0x90023d67
   2.243 TIGER-SAMPLE pid 0x4b24 n 0x7 thread 0x3403 thread 0x3403 state-kr 0x0 pc 0x90024407 leaf semaphore_wait_signal_trap+0x7 frames: 0x90024407 0x3af7e 0x90023d67
   2.243 TIGER-SAMPLE pid 0x4b24 n 0x7 thread 0x5503 thread 0x5503 state-kr 0x0 pc 0x900bc3fc leaf poll+0xc frames: 0x900bc3fc 0x2d6a64 0x313ae8b 0x31a40a1 0x90023d67
   2.244 TIGER-SAMPLE pid 0x4b24 n 0x7 thread 0x5603 thread 0x5603 state-kr 0x0 pc 0x90024407 leaf semaphore_wait_signal_trap+0x7 frames: 0x90024407 0x3af7e 0x90023d67
   2.244 TIGER-SAMPLE pid 0x4b24 n 0x7 thread 0x5903 thread 0x5903 state-kr 0x0 pc 0x900bc3fc leaf poll+0xc frames: 0x900bc3fc 0x2d6a64 0x313ae8b 0x31a40a1 0x90023d67
   2.244 TIGER-SAMPLE pid 0x4b24 n 0x7 thread 0x5a03 thread 0x5a03 state-kr 0x0 pc 0x90024407 leaf semaphore_wait_signal_trap+0x7 frames: 0x90024407 0x3af7e 0x90023d67
   2.244 TIGER-SAMPLE pid 0x4b24 n 0x7 thread 0x5807 thread 0x5807 state-kr 0x0 pc 0x900bc3fc leaf poll+0xc frames: 0x900bc3fc 0x2d6a64 0x313ae8b 0x31a40a1 0x90023d67
   2.482 TIGER-SAMPLE pid 0x4b28 n 0x6 main 0xd03 thread 0xd03 state-kr 0x0 pc 0x10ae0ce22 leaf __semwait_signal+0xa frames: 0x10ae0ce22 0x1040c7667 0x103ff81b2 0x1040ca799 0x1040c9886 0x1040c9469 0x10004a77b 0x100001b4c 0x100001a61 0x3
   2.482 TIGER-SAMPLE pid 0x4b28 n 0x6 thread 0xf03 thread 0xf03 state-kr 0x0 pc 0x10ae56e4e leaf mach_msg_trap+0xa frames: 0x10ae56e4e 0x100328062 0x10ae08e9e
   2.482 TIGER-SAMPLE pid 0x4b28 n 0x6 thread 0x1103 thread 0x1103 state-kr 0x0 pc 0x10ae0ce22 leaf __semwait_signal+0xa frames: 0x10ae0ce22 0x1040c7625 0x103ff81b2 0x1040ca799 0x1040c9886 0x1040c9469 0x10405e84e 0x1040c7049 0x10ae08e9e
   2.482 TIGER-SAMPLE pid 0x4b28 n 0x6 thread 0x2303 thread 0x2303 state-kr 0x0 pc 0x10adbd7e6 leaf poll+0xa frames: 0x10adbd7e6 0x10405e84e 0x1040c7049 0x10ae08e9e
   2.483 TIGER-SAMPLE pid 0x4b28 n 0x6 thread 0x2407 thread 0x2407 state-kr 0x0 pc 0x10ae0ce22 leaf __semwait_signal+0xa frames: 0x10ae0ce22 0x1040c7625 0x103ff81b2 0x1040ca799 0x1040c9886 0x1040c9469 0x10405e84e 0x1040c7049 0x10ae08e9e
   2.483 TIGER-SAMPLE pid 0x4b28 n 0x6 thread 0x2503 thread 0x2503 state-kr 0x0 pc 0x10ae0ce22 leaf __semwait_signal+0xa frames: 0x10ae0ce22 0x1040c7625 0x103ff81b2 0x1040ca799 0x1040c9886 0x1040c9469 0x10405e84e 0x1040c7049 0x10ae08e9e
   2.483 TIGER-SAMPLE pid 0x4b28 n 0x6 thread 0x2603 thread 0x2603 state-kr 0x0 pc 0x10ae0ce22 leaf __semwait_signal+0xa frames: 0x10ae0ce22 0x1040c7625 0x103ff81b2 0x1040ca799 0x1040c9886 0x1040c9469 0x10405e84e 0x1040c7049 0x10ae08e9e
   2.483 TIGER-SAMPLE pid 0x4b28 n 0x6 thread 0x2703 thread 0x2703 state-kr 0x0 pc 0x10ae0ce22 leaf __semwait_signal+0xa frames: 0x10ae0ce22 0x1040c7625 0x103ff81b2 0x1040ca799 0x1040c9886 0x1040c9469 0x10405e84e 0x1040c7049 0x10ae08e9e
   2.483 TIGER-SAMPLE pid 0x4b28 n 0x6 thread 0x2c03 thread 0x2c03 state-kr 0x0 pc 0x10adbd7e6 leaf poll+0xa frames: 0x10adbd7e6 0x1043c3427 0x1043c35ea 0x101f33797 0x101f3f561 0x10405e84e 0x1040c7049 0x10ae08e9e
   2.488 TIGER-SAMPLE pid 0x4b29 n 0x4 main 0xd03 thread 0xd03 state-kr 0x0 pc 0x90009817 leaf mach_msg_trap+0x7 frames: 0x90009817 0x9082d227 0x9083e100 0x300d9e7 0x4497f 0x83d4 0x83a2 0x82c9 0x3
   2.488 TIGER-SAMPLE pid 0x4b29 n 0x4 thread 0x1103 thread 0x1103 state-kr 0x0 pc 0x90009817 leaf mach_msg_trap+0x7 frames: 0x90009817 0x148f48 0x90023d67
   2.488 TIGER-SAMPLE pid 0x4b29 n 0x4 thread 0x1303 thread 0x1303 state-kr 0x0 pc 0x900bc3fc leaf poll+0xc frames: 0x900bc3fc 0x14bc44 0x2fac62b 0x30145f1 0x90023d67
   2.488 TIGER-SAMPLE pid 0x4b29 n 0x4 thread 0x2507 thread 0x2507 state-kr 0x0 pc 0x90024407 leaf semaphore_wait_signal_trap+0x7 frames: 0x90024407 0x34e1e 0x90023d67
   2.489 TIGER-SAMPLE pid 0x4b29 n 0x4 thread 0x2703 thread 0x2703 state-kr 0x0 pc 0x90024407 leaf semaphore_wait_signal_trap+0x7 frames: 0x90024407 0x34e1e 0x90023d67
   2.489 TIGER-SAMPLE pid 0x4b29 n 0x4 thread 0x2903 thread 0x2903 state-kr 0x0 pc 0x90024407 leaf semaphore_wait_signal_trap+0x7 frames: 0x90024407 0x34e1e 0x90023d67
   2.489 TIGER-SAMPLE pid 0x4b29 n 0x4 thread 0x2b03 thread 0x2b03 state-kr 0x0 pc 0x90024407 leaf semaphore_wait_signal_trap+0x7 frames: 0x90024407 0x34e1e 0x90023d67
   2.489 TIGER-SAMPLE pid 0x4b29 n 0x4 thread 0x2f07 thread 0x2f07 state-kr 0x0 pc 0x90019d0c leaf select+0xc frames: 0x90019d0c 0x14c115 0x13f348 0x2fac62b 0x30145f1 0x90023d67
   2.495 TIGER-SAMPLE pid 0x4b24 n 0x8 main 0x117 thread 0x117 state-kr 0x0 pc 0x90009817 leaf mach_msg_trap+0x7 frames: 0x90009817 0x9082d227 0x9082ca42 0x92e06878 0x92e05f82 0x92e05dd9 0x9328cf45 0x9328cb37 0x932868c4 0xc50a 0x8752 0x8679 0x5
   2.495 TIGER-SAMPLE pid 0x4b24 n 0x8 thread 0x1203 thread 0x1203 state-kr 0x0 pc 0x90009817 leaf mach_msg_trap+0x7 frames: 0x90009817 0x2d3fd8 0x90023d67
   2.495 TIGER-SAMPLE pid 0x4b24 n 0x8 thread 0x3207 thread 0x3207 state-kr 0x0 pc 0x90024407 leaf semaphore_wait_signal_trap+0x7 frames: 0x90024407 0x3af7e 0x90023d67
   2.496 TIGER-SAMPLE pid 0x4b24 n 0x8 thread 0x3403 thread 0x3403 state-kr 0x0 pc 0x90024407 leaf semaphore_wait_signal_trap+0x7 frames: 0x90024407 0x3af7e 0x90023d67
   2.496 TIGER-SAMPLE pid 0x4b24 n 0x8 thread 0x5503 thread 0x5503 state-kr 0x0 pc 0x900bc3fc leaf poll+0xc frames: 0x900bc3fc 0x2d6a64 0x313ae8b 0x31a40a1 0x90023d67
   2.496 TIGER-SAMPLE pid 0x4b24 n 0x8 thread 0x5603 thread 0x5603 state-kr 0x0 pc 0x90024407 leaf semaphore_wait_signal_trap+0x7 frames: 0x90024407 0x3af7e 0x90023d67
   2.496 TIGER-SAMPLE pid 0x4b24 n 0x8 thread 0x5903 thread 0x5903 state-kr 0x0 pc 0x900bc3fc leaf poll+0xc frames: 0x900bc3fc 0x2d6a64 0x313ae8b 0x31a40a1 0x90023d67
   2.497 TIGER-SAMPLE pid 0x4b24 n 0x8 thread 0x5a03 thread 0x5a03 state-kr 0x0 pc 0x90024407 leaf semaphore_wait_signal_trap+0x7 frames: 0x90024407 0x3af7e 0x90023d67
   2.497 TIGER-SAMPLE pid 0x4b24 n 0x8 thread 0x5807 thread 0x5807 state-kr 0x0 pc 0x900bc3fc leaf poll+0xc frames: 0x900bc3fc 0x2d6a64 0x313ae8b 0x31a40a1 0x90023d67
   2.734 TIGER-SAMPLE pid 0x4b28 n 0x7 main 0xd03 thread 0xd03 state-kr 0x0 pc 0x10ae0ce22 leaf __semwait_signal+0xa frames: 0x10ae0ce22 0x1040c7667 0x103ff81b2 0x1040ca799 0x1040c9886 0x1040c9469 0x10004a77b 0x100001b4c 0x100001a61 0x3
   2.734 TIGER-SAMPLE pid 0x4b28 n 0x7 thread 0xf03 thread 0xf03 state-kr 0x0 pc 0x10ae56e4e leaf mach_msg_trap+0xa frames: 0x10ae56e4e 0x100328062 0x10ae08e9e
   2.734 TIGER-SAMPLE pid 0x4b28 n 0x7 thread 0x1103 thread 0x1103 state-kr 0x0 pc 0x10ae0ce22 leaf __semwait_signal+0xa frames: 0x10ae0ce22 0x1040c7625 0x103ff81b2 0x1040ca799 0x1040c9886 0x1040c9469 0x10405e84e 0x1040c7049 0x10ae08e9e
   2.734 TIGER-SAMPLE pid 0x4b28 n 0x7 thread 0x2303 thread 0x2303 state-kr 0x0 pc 0x10adbd7e6 leaf poll+0xa frames: 0x10adbd7e6 0x10405e84e 0x1040c7049 0x10ae08e9e
   2.734 TIGER-SAMPLE pid 0x4b28 n 0x7 thread 0x2407 thread 0x2407 state-kr 0x0 pc 0x10ae0ce22 leaf __semwait_signal+0xa frames: 0x10ae0ce22 0x1040c7625 0x103ff81b2 0x1040ca799 0x1040c9886 0x1040c9469 0x10405e84e 0x1040c7049 0x10ae08e9e
   2.734 TIGER-SAMPLE pid 0x4b28 n 0x7 thread 0x2503 thread 0x2503 state-kr 0x0 pc 0x10ae0ce22 leaf __semwait_signal+0xa frames: 0x10ae0ce22 0x1040c7625 0x103ff81b2 0x1040ca799 0x1040c9886 0x1040c9469 0x10405e84e 0x1040c7049 0x10ae08e9e
   2.735 TIGER-SAMPLE pid 0x4b28 n 0x7 thread 0x2603 thread 0x2603 state-kr 0x0 pc 0x10ae0ce22 leaf __semwait_signal+0xa frames: 0x10ae0ce22 0x1040c7625 0x103ff81b2 0x1040ca799 0x1040c9886 0x1040c9469 0x10405e84e 0x1040c7049 0x10ae08e9e
   2.735 TIGER-SAMPLE pid 0x4b28 n 0x7 thread 0x2703 thread 0x2703 state-kr 0x0 pc 0x10ae0ce22 leaf __semwait_signal+0xa frames: 0x10ae0ce22 0x1040c7625 0x103ff81b2 0x1040ca799 0x1040c9886 0x1040c9469 0x10405e84e 0x1040c7049 0x10ae08e9e
   2.735 TIGER-SAMPLE pid 0x4b28 n 0x7 thread 0x2c03 thread 0x2c03 state-kr 0x0 pc 0x10adbd7e6 leaf poll+0xa frames: 0x10adbd7e6 0x1043c3427 0x1043c35ea 0x101f33797 0x101f3f561 0x10405e84e 0x1040c7049 0x10ae08e9e
   2.740 TIGER-SAMPLE pid 0x4b29 n 0x5 main 0xd03 thread 0xd03 state-kr 0x0 pc 0x90009817 leaf mach_msg_trap+0x7 frames: 0x90009817 0x9082d227 0x9083e100 0x300d9e7 0x4497f 0x83d4 0x83a2 0x82c9 0x3
   2.740 TIGER-SAMPLE pid 0x4b29 n 0x5 thread 0x1103 thread 0x1103 state-kr 0x0 pc 0x90009817 leaf mach_msg_trap+0x7 frames: 0x90009817 0x148f48 0x90023d67
   2.740 TIGER-SAMPLE pid 0x4b29 n 0x5 thread 0x1303 thread 0x1303 state-kr 0x0 pc 0x900bc3fc leaf poll+0xc frames: 0x900bc3fc 0x14bc44 0x2fac62b 0x30145f1 0x90023d67
   2.741 TIGER-SAMPLE pid 0x4b29 n 0x5 thread 0x2507 thread 0x2507 state-kr 0x0 pc 0x90024407 leaf semaphore_wait_signal_trap+0x7 frames: 0x90024407 0x34e1e 0x90023d67
   2.741 TIGER-SAMPLE pid 0x4b29 n 0x5 thread 0x2703 thread 0x2703 state-kr 0x0 pc 0x90024407 leaf semaphore_wait_signal_trap+0x7 frames: 0x90024407 0x34e1e 0x90023d67
   2.741 TIGER-SAMPLE pid 0x4b29 n 0x5 thread 0x2903 thread 0x2903 state-kr 0x0 pc 0x90024407 leaf semaphore_wait_signal_trap+0x7 frames: 0x90024407 0x34e1e 0x90023d67
   2.741 TIGER-SAMPLE pid 0x4b29 n 0x5 thread 0x2b03 thread 0x2b03 state-kr 0x0 pc 0x90024407 leaf semaphore_wait_signal_trap+0x7 frames: 0x90024407 0x34e1e 0x90023d67
   2.741 TIGER-SAMPLE pid 0x4b29 n 0x5 thread 0x2f07 thread 0x2f07 state-kr 0x0 pc 0x90019d0c leaf select+0xc frames: 0x90019d0c 0x14c115 0x13f348 0x2fac62b 0x30145f1 0x90023d67
   2.747 TIGER-SAMPLE pid 0x4b24 n 0x9 main 0x117 thread 0x117 state-kr 0x0 pc 0x90009817 leaf mach_msg_trap+0x7 frames: 0x90009817 0x9082d227 0x9082ca42 0x92e06878 0x92e05f82 0x92e05dd9 0x9328cf45 0x9328cb37 0x932868c4 0xc50a 0x8752 0x8679 0x5
   2.748 TIGER-SAMPLE pid 0x4b24 n 0x9 thread 0x1203 thread 0x1203 state-kr 0x0 pc 0x90009817 leaf mach_msg_trap+0x7 frames: 0x90009817 0x2d3fd8 0x90023d67
   2.748 TIGER-SAMPLE pid 0x4b24 n 0x9 thread 0x3207 thread 0x3207 state-kr 0x0 pc 0x90024407 leaf semaphore_wait_signal_trap+0x7 frames: 0x90024407 0x3af7e 0x90023d67
   2.748 TIGER-SAMPLE pid 0x4b24 n 0x9 thread 0x3403 thread 0x3403 state-kr 0x0 pc 0x90024407 leaf semaphore_wait_signal_trap+0x7 frames: 0x90024407 0x3af7e 0x90023d67
   2.748 TIGER-SAMPLE pid 0x4b24 n 0x9 thread 0x5503 thread 0x5503 state-kr 0x0 pc 0x900bc3fc leaf poll+0xc frames: 0x900bc3fc 0x2d6a64 0x313ae8b 0x31a40a1 0x90023d67
   2.748 TIGER-SAMPLE pid 0x4b24 n 0x9 thread 0x5603 thread 0x5603 state-kr 0x0 pc 0x90024407 leaf semaphore_wait_signal_trap+0x7 frames: 0x90024407 0x3af7e 0x90023d67
   2.749 TIGER-SAMPLE pid 0x4b24 n 0x9 thread 0x5903 thread 0x5903 state-kr 0x0 pc 0x900bc3fc leaf poll+0xc frames: 0x900bc3fc 0x2d6a64 0x313ae8b 0x31a40a1 0x90023d67
   2.749 TIGER-SAMPLE pid 0x4b24 n 0x9 thread 0x5a03 thread 0x5a03 state-kr 0x0 pc 0x90024407 leaf semaphore_wait_signal_trap+0x7 frames: 0x90024407 0x3af7e 0x90023d67
   2.749 TIGER-SAMPLE pid 0x4b24 n 0x9 thread 0x5807 thread 0x5807 state-kr 0x0 pc 0x900bc3fc leaf poll+0xc frames: 0x900bc3fc 0x2d6a64 0x313ae8b 0x31a40a1 0x90023d67
   2.985 TIGER-SAMPLE pid 0x4b28 n 0x8 main 0xd03 thread 0xd03 state-kr 0x0 pc 0x10ae0ce22 leaf __semwait_signal+0xa frames: 0x10ae0ce22 0x1040c7667 0x103ff81b2 0x1040ca799 0x1040c9886 0x1040c9469 0x10004a77b 0x100001b4c 0x100001a61 0x3
   2.986 TIGER-SAMPLE pid 0x4b28 n 0x8 thread 0xf03 thread 0xf03 state-kr 0x0 pc 0x10ae56e4e leaf mach_msg_trap+0xa frames: 0x10ae56e4e 0x100328062 0x10ae08e9e
   2.986 TIGER-SAMPLE pid 0x4b28 n 0x8 thread 0x1103 thread 0x1103 state-kr 0x0 pc 0x10ae0ce22 leaf __semwait_signal+0xa frames: 0x10ae0ce22 0x1040c7625 0x103ff81b2 0x1040ca799 0x1040c9886 0x1040c9469 0x10405e84e 0x1040c7049 0x10ae08e9e
   2.986 TIGER-SAMPLE pid 0x4b28 n 0x8 thread 0x2303 thread 0x2303 state-kr 0x0 pc 0x10adbd7e6 leaf poll+0xa frames: 0x10adbd7e6 0x10405e84e 0x1040c7049 0x10ae08e9e
   2.986 TIGER-SAMPLE pid 0x4b28 n 0x8 thread 0x2407 thread 0x2407 state-kr 0x0 pc 0x10ae0ce22 leaf __semwait_signal+0xa frames: 0x10ae0ce22 0x1040c7625 0x103ff81b2 0x1040ca799 0x1040c9886 0x1040c9469 0x10405e84e 0x1040c7049 0x10ae08e9e
   2.986 TIGER-SAMPLE pid 0x4b28 n 0x8 thread 0x2503 thread 0x2503 state-kr 0x0 pc 0x10ae0ce22 leaf __semwait_signal+0xa frames: 0x10ae0ce22 0x1040c7625 0x103ff81b2 0x1040ca799 0x1040c9886 0x1040c9469 0x10405e84e 0x1040c7049 0x10ae08e9e
   2.986 TIGER-SAMPLE pid 0x4b28 n 0x8 thread 0x2603 thread 0x2603 state-kr 0x0 pc 0x10ae0ce22 leaf __semwait_signal+0xa frames: 0x10ae0ce22 0x1040c7625 0x103ff81b2 0x1040ca799 0x1040c9886 0x1040c9469 0x10405e84e 0x1040c7049 0x10ae08e9e
   2.987 TIGER-SAMPLE pid 0x4b28 n 0x8 thread 0x2703 thread 0x2703 state-kr 0x0 pc 0x10ae0ce22 leaf __semwait_signal+0xa frames: 0x10ae0ce22 0x1040c7625 0x103ff81b2 0x1040ca799 0x1040c9886 0x1040c9469 0x10405e84e 0x1040c7049 0x10ae08e9e
   2.987 TIGER-SAMPLE pid 0x4b28 n 0x8 thread 0x2c03 thread 0x2c03 state-kr 0x0 pc 0x10adbd7e6 leaf poll+0xa frames: 0x10adbd7e6 0x1043c3427 0x1043c35ea 0x101f33797 0x101f3f561 0x10405e84e 0x1040c7049 0x10ae08e9e
   2.992 TIGER-SAMPLE pid 0x4b29 n 0x6 main 0xd03 thread 0xd03 state-kr 0x0 pc 0x90009817 leaf mach_msg_trap+0x7 frames: 0x90009817 0x9082d227 0x9083e100 0x300d9e7 0x4497f 0x83d4 0x83a2 0x82c9 0x3
   2.992 TIGER-SAMPLE pid 0x4b29 n 0x6 thread 0x1103 thread 0x1103 state-kr 0x0 pc 0x90009817 leaf mach_msg_trap+0x7 frames: 0x90009817 0x148f48 0x90023d67
   2.993 TIGER-SAMPLE pid 0x4b29 n 0x6 thread 0x1303 thread 0x1303 state-kr 0x0 pc 0x900bc3fc leaf poll+0xc frames: 0x900bc3fc 0x14bc44 0x2fac62b 0x30145f1 0x90023d67
   2.993 TIGER-SAMPLE pid 0x4b29 n 0x6 thread 0x2507 thread 0x2507 state-kr 0x0 pc 0x90024407 leaf semaphore_wait_signal_trap+0x7 frames: 0x90024407 0x34e1e 0x90023d67
   2.993 TIGER-SAMPLE pid 0x4b29 n 0x6 thread 0x2703 thread 0x2703 state-kr 0x0 pc 0x90024407 leaf semaphore_wait_signal_trap+0x7 frames: 0x90024407 0x34e1e 0x90023d67
   2.993 TIGER-SAMPLE pid 0x4b29 n 0x6 thread 0x2903 thread 0x2903 state-kr 0x0 pc 0x90024407 leaf semaphore_wait_signal_trap+0x7 frames: 0x90024407 0x34e1e 0x90023d67
   2.994 TIGER-SAMPLE pid 0x4b29 n 0x6 thread 0x2b03 thread 0x2b03 state-kr 0x0 pc 0x90024407 leaf semaphore_wait_signal_trap+0x7 frames: 0x90024407 0x34e1e 0x90023d67
   2.994 TIGER-SAMPLE pid 0x4b29 n 0x6 thread 0x2f07 thread 0x2f07 state-kr 0x0 pc 0x90019d0c leaf select+0xc frames: 0x90019d0c 0x14c115 0x13f348 0x2fac62b 0x30145f1 0x90023d67
   3.000 TIGER-SAMPLE pid 0x4b24 n 0xa main 0x117 thread 0x117 state-kr 0x0 pc 0x90009817 leaf mach_msg_trap+0x7 frames: 0x90009817 0x9082d227 0x9082ca42 0x92e06878 0x92e05f82 0x92e05dd9 0x9328cf45 0x9328cb37 0x932868c4 0xc50a 0x8752 0x8679 0x5
   3.000 TIGER-SAMPLE pid 0x4b24 n 0xa thread 0x1203 thread 0x1203 state-kr 0x0 pc 0x90009817 leaf mach_msg_trap+0x7 frames: 0x90009817 0x2d3fd8 0x90023d67
   3.000 TIGER-SAMPLE pid 0x4b24 n 0xa thread 0x3207 thread 0x3207 state-kr 0x0 pc 0x90024407 leaf semaphore_wait_signal_trap+0x7 frames: 0x90024407 0x3af7e 0x90023d67
   3.000 TIGER-SAMPLE pid 0x4b24 n 0xa thread 0x3403 thread 0x3403 state-kr 0x0 pc 0x90024407 leaf semaphore_wait_signal_trap+0x7 frames: 0x90024407 0x3af7e 0x90023d67
   3.001 TIGER-SAMPLE pid 0x4b24 n 0xa thread 0x5603 thread 0x5603 state-kr 0x0 pc 0x90024407 leaf semaphore_wait_signal_trap+0x7 frames: 0x90024407 0x3af7e 0x90023d67
   3.001 TIGER-SAMPLE pid 0x4b24 n 0xa thread 0x5903 thread 0x5903 state-kr 0x0 pc 0x900bc3fc leaf poll+0xc frames: 0x900bc3fc 0x2d6a64 0x313ae8b 0x31a40a1 0x90023d67
   3.001 TIGER-SAMPLE pid 0x4b24 n 0xa thread 0x5a03 thread 0x5a03 state-kr 0x0 pc 0x90024407 leaf semaphore_wait_signal_trap+0x7 frames: 0x90024407 0x3af7e 0x90023d67
   3.001 TIGER-SAMPLE pid 0x4b24 n 0xa thread 0x5807 thread 0x5807 state-kr 0x0 pc 0x900bc3fc leaf poll+0xc frames: 0x900bc3fc 0x2d6a64 0x313ae8b 0x31a40a1 0x90023d67
   3.237 TIGER-SAMPLE pid 0x4b28 n 0x9 main 0xd03 thread 0xd03 state-kr 0x0 pc 0x10ae0ce22 leaf __semwait_signal+0xa frames: 0x10ae0ce22 0x1040c7667 0x103ff81b2 0x1040ca799 0x1040c9886 0x1040c9469 0x10004a77b 0x100001b4c 0x100001a61 0x3
   3.237 TIGER-SAMPLE pid 0x4b28 n 0x9 thread 0xf03 thread 0xf03 state-kr 0x0 pc 0x10ae56e4e leaf mach_msg_trap+0xa frames: 0x10ae56e4e 0x100328062 0x10ae08e9e
   3.237 TIGER-SAMPLE pid 0x4b28 n 0x9 thread 0x1103 thread 0x1103 state-kr 0x0 pc 0x10ae0ce22 leaf __semwait_signal+0xa frames: 0x10ae0ce22 0x1040c7625 0x103ff81b2 0x1040ca799 0x1040c9886 0x1040c9469 0x10405e84e 0x1040c7049 0x10ae08e9e
   3.238 TIGER-SAMPLE pid 0x4b28 n 0x9 thread 0x2303 thread 0x2303 state-kr 0x0 pc 0x10adbd7e6 leaf poll+0xa frames: 0x10adbd7e6 0x10405e84e 0x1040c7049 0x10ae08e9e
   3.238 TIGER-SAMPLE pid 0x4b28 n 0x9 thread 0x2407 thread 0x2407 state-kr 0x0 pc 0x10ae0ce22 leaf __semwait_signal+0xa frames: 0x10ae0ce22 0x1040c7625 0x103ff81b2 0x1040ca799 0x1040c9886 0x1040c9469 0x10405e84e 0x1040c7049 0x10ae08e9e
   3.238 TIGER-SAMPLE pid 0x4b28 n 0x9 thread 0x2503 thread 0x2503 state-kr 0x0 pc 0x10ae0ce22 leaf __semwait_signal+0xa frames: 0x10ae0ce22 0x1040c7625 0x103ff81b2 0x1040ca799 0x1040c9886 0x1040c9469 0x10405e84e 0x1040c7049 0x10ae08e9e
   3.238 TIGER-SAMPLE pid 0x4b28 n 0x9 thread 0x2603 thread 0x2603 state-kr 0x0 pc 0x10ae0ce22 leaf __semwait_signal+0xa frames: 0x10ae0ce22 0x1040c7625 0x103ff81b2 0x1040ca799 0x1040c9886 0x1040c9469 0x10405e84e 0x1040c7049 0x10ae08e9e
   3.238 TIGER-SAMPLE pid 0x4b28 n 0x9 thread 0x2703 thread 0x2703 state-kr 0x0 pc 0x10ae0ce22 leaf __semwait_signal+0xa frames: 0x10ae0ce22 0x1040c7625 0x103ff81b2 0x1040ca799 0x1040c9886 0x1040c9469 0x10405e84e 0x1040c7049 0x10ae08e9e
   3.238 TIGER-SAMPLE pid 0x4b28 n 0x9 thread 0x2c03 thread 0x2c03 state-kr 0x0 pc 0x10adbd7e6 leaf poll+0xa frames: 0x10adbd7e6 0x1043c3427 0x1043c35ea 0x101f33797 0x101f3f561 0x10405e84e 0x1040c7049 0x10ae08e9e
   3.244 TIGER-SAMPLE pid 0x4b29 n 0x7 main 0xd03 thread 0xd03 state-kr 0x0 pc 0x90009817 leaf mach_msg_trap+0x7 frames: 0x90009817 0x9082d227 0x9083e100 0x300d9e7 0x4497f 0x83d4 0x83a2 0x82c9 0x3
   3.245 TIGER-SAMPLE pid 0x4b29 n 0x7 thread 0x1103 thread 0x1103 state-kr 0x0 pc 0x90009817 leaf mach_msg_trap+0x7 frames: 0x90009817 0x148f48 0x90023d67
   3.245 TIGER-SAMPLE pid 0x4b29 n 0x7 thread 0x1303 thread 0x1303 state-kr 0x0 pc 0x900bc3fc leaf poll+0xc frames: 0x900bc3fc 0x14bc44 0x2fac62b 0x30145f1 0x90023d67
   3.245 TIGER-SAMPLE pid 0x4b29 n 0x7 thread 0x2507 thread 0x2507 state-kr 0x0 pc 0x90024407 leaf semaphore_wait_signal_trap+0x7 frames: 0x90024407 0x34e1e 0x90023d67
   3.245 TIGER-SAMPLE pid 0x4b29 n 0x7 thread 0x2703 thread 0x2703 state-kr 0x0 pc 0x90024407 leaf semaphore_wait_signal_trap+0x7 frames: 0x90024407 0x34e1e 0x90023d67
   3.245 TIGER-SAMPLE pid 0x4b29 n 0x7 thread 0x2903 thread 0x2903 state-kr 0x0 pc 0x90024407 leaf semaphore_wait_signal_trap+0x7 frames: 0x90024407 0x34e1e 0x90023d67
   3.246 TIGER-SAMPLE pid 0x4b29 n 0x7 thread 0x2b03 thread 0x2b03 state-kr 0x0 pc 0x90024407 leaf semaphore_wait_signal_trap+0x7 frames: 0x90024407 0x34e1e 0x90023d67
   3.246 TIGER-SAMPLE pid 0x4b29 n 0x7 thread 0x2f07 thread 0x2f07 state-kr 0x0 pc 0x90019d0c leaf select+0xc frames: 0x90019d0c 0x14c115 0x13f348 0x2fac62b 0x30145f1 0x90023d67
   3.252 TIGER-SAMPLE pid 0x4b24 n 0xb main 0x117 thread 0x117 state-kr 0x0 pc 0x90009817 leaf mach_msg_trap+0x7 frames: 0x90009817 0x9082d227 0x9082ca42 0x92e06878 0x92e05f82 0x92e05dd9 0x9328cf45 0x9328cb37 0x932868c4 0xc50a 0x8752 0x8679 0x5
   3.252 TIGER-SAMPLE pid 0x4b24 n 0xb thread 0x1203 thread 0x1203 state-kr 0x0 pc 0x90009817 leaf mach_msg_trap+0x7 frames: 0x90009817 0x2d3fd8 0x90023d67
   3.252 TIGER-SAMPLE pid 0x4b24 n 0xb thread 0x3207 thread 0x3207 state-kr 0x0 pc 0x90024407 leaf semaphore_wait_signal_trap+0x7 frames: 0x90024407 0x3af7e 0x90023d67
   3.253 TIGER-SAMPLE pid 0x4b24 n 0xb thread 0x3403 thread 0x3403 state-kr 0x0 pc 0x90024407 leaf semaphore_wait_signal_trap+0x7 frames: 0x90024407 0x3af7e 0x90023d67
   3.253 TIGER-SAMPLE pid 0x4b24 n 0xb thread 0x5603 thread 0x5603 state-kr 0x0 pc 0x90024407 leaf semaphore_wait_signal_trap+0x7 frames: 0x90024407 0x3af7e 0x90023d67
   3.253 TIGER-SAMPLE pid 0x4b24 n 0xb thread 0x5903 thread 0x5903 state-kr 0x0 pc 0x900bc3fc leaf poll+0xc frames: 0x900bc3fc 0x2d6a64 0x313ae8b 0x31a40a1 0x90023d67
   3.253 TIGER-SAMPLE pid 0x4b24 n 0xb thread 0x5a03 thread 0x5a03 state-kr 0x0 pc 0x90024407 leaf semaphore_wait_signal_trap+0x7 frames: 0x90024407 0x3af7e 0x90023d67
   3.254 TIGER-SAMPLE pid 0x4b24 n 0xb thread 0x5807 thread 0x5807 state-kr 0x0 pc 0x900bc3fc leaf poll+0xc frames: 0x900bc3fc 0x2d6a64 0x313ae8b 0x31a40a1 0x90023d67
   3.489 TIGER-SAMPLE pid 0x4b28 n 0xa main 0xd03 thread 0xd03 state-kr 0x0 pc 0x10ae0ce22 leaf __semwait_signal+0xa frames: 0x10ae0ce22 0x1040c7667 0x103ff81b2 0x1040ca799 0x1040c9886 0x1040c9469 0x10004a77b 0x100001b4c 0x100001a61 0x3
   3.489 TIGER-SAMPLE pid 0x4b28 n 0xa thread 0xf03 thread 0xf03 state-kr 0x0 pc 0x10ae56e4e leaf mach_msg_trap+0xa frames: 0x10ae56e4e 0x100328062 0x10ae08e9e
   3.489 TIGER-SAMPLE pid 0x4b28 n 0xa thread 0x1103 thread 0x1103 state-kr 0x0 pc 0x10ae0ce22 leaf __semwait_signal+0xa frames: 0x10ae0ce22 0x1040c7625 0x103ff81b2 0x1040ca799 0x1040c9886 0x1040c9469 0x10405e84e 0x1040c7049 0x10ae08e9e
   3.489 TIGER-SAMPLE pid 0x4b28 n 0xa thread 0x2303 thread 0x2303 state-kr 0x0 pc 0x10adbd7e6 leaf poll+0xa frames: 0x10adbd7e6 0x10405e84e 0x1040c7049 0x10ae08e9e
   3.489 TIGER-SAMPLE pid 0x4b28 n 0xa thread 0x2407 thread 0x2407 state-kr 0x0 pc 0x10ae0ce22 leaf __semwait_signal+0xa frames: 0x10ae0ce22 0x1040c7625 0x103ff81b2 0x1040ca799 0x1040c9886 0x1040c9469 0x10405e84e 0x1040c7049 0x10ae08e9e
   3.490 TIGER-SAMPLE pid 0x4b28 n 0xa thread 0x2503 thread 0x2503 state-kr 0x0 pc 0x10ae0ce22 leaf __semwait_signal+0xa frames: 0x10ae0ce22 0x1040c7625 0x103ff81b2 0x1040ca799 0x1040c9886 0x1040c9469 0x10405e84e 0x1040c7049 0x10ae08e9e
   3.490 TIGER-SAMPLE pid 0x4b28 n 0xa thread 0x2603 thread 0x2603 state-kr 0x0 pc 0x10ae0ce22 leaf __semwait_signal+0xa frames: 0x10ae0ce22 0x1040c7625 0x103ff81b2 0x1040ca799 0x1040c9886 0x1040c9469 0x10405e84e 0x1040c7049 0x10ae08e9e
   3.490 TIGER-SAMPLE pid 0x4b28 n 0xa thread 0x2703 thread 0x2703 state-kr 0x0 pc 0x10ae0ce22 leaf __semwait_signal+0xa frames: 0x10ae0ce22 0x1040c7625 0x103ff81b2 0x1040ca799 0x1040c9886 0x1040c9469 0x10405e84e 0x1040c7049 0x10ae08e9e
   3.490 TIGER-SAMPLE pid 0x4b28 n 0xa thread 0x2c03 thread 0x2c03 state-kr 0x0 pc 0x10adbd7e6 leaf poll+0xa frames: 0x10adbd7e6 0x1043c3427 0x1043c35ea 0x101f33797 0x101f3f561 0x10405e84e 0x1040c7049 0x10ae08e9e
   3.496 TIGER-SAMPLE pid 0x4b29 n 0x8 main 0xd03 thread 0xd03 state-kr 0x0 pc 0x90009817 leaf mach_msg_trap+0x7 frames: 0x90009817 0x9082d227 0x9083e100 0x300d9e7 0x4497f 0x83d4 0x83a2 0x82c9 0x3
   3.497 TIGER-SAMPLE pid 0x4b29 n 0x8 thread 0x1103 thread 0x1103 state-kr 0x0 pc 0x90009817 leaf mach_msg_trap+0x7 frames: 0x90009817 0x148f48 0x90023d67
   3.497 TIGER-SAMPLE pid 0x4b29 n 0x8 thread 0x1303 thread 0x1303 state-kr 0x0 pc 0x900bc3fc leaf poll+0xc frames: 0x900bc3fc 0x14bc44 0x2fac62b 0x30145f1 0x90023d67
   3.497 TIGER-SAMPLE pid 0x4b29 n 0x8 thread 0x2507 thread 0x2507 state-kr 0x0 pc 0x90024407 leaf semaphore_wait_signal_trap+0x7 frames: 0x90024407 0x34e1e 0x90023d67
   3.497 TIGER-SAMPLE pid 0x4b29 n 0x8 thread 0x2703 thread 0x2703 state-kr 0x0 pc 0x90024407 leaf semaphore_wait_signal_trap+0x7 frames: 0x90024407 0x34e1e 0x90023d67
   3.497 TIGER-SAMPLE pid 0x4b29 n 0x8 thread 0x2903 thread 0x2903 state-kr 0x0 pc 0x90024407 leaf semaphore_wait_signal_trap+0x7 frames: 0x90024407 0x34e1e 0x90023d67
   3.498 TIGER-SAMPLE pid 0x4b29 n 0x8 thread 0x2b03 thread 0x2b03 state-kr 0x0 pc 0x90024407 leaf semaphore_wait_signal_trap+0x7 frames: 0x90024407 0x34e1e 0x90023d67
   3.498 TIGER-SAMPLE pid 0x4b29 n 0x8 thread 0x2f07 thread 0x2f07 state-kr 0x0 pc 0x90019d0c leaf select+0xc frames: 0x90019d0c 0x14c115 0x13f348 0x2fac62b 0x30145f1 0x90023d67
   3.504 TIGER-SAMPLE pid 0x4b24 n 0xc main 0x117 thread 0x117 state-kr 0x0 pc 0x90009817 leaf mach_msg_trap+0x7 frames: 0x90009817 0x9082d227 0x9082ca42 0x92e06878 0x92e05f82 0x92e05dd9 0x9328cf45 0x9328cb37 0x932868c4 0xc50a 0x8752 0x8679 0x5
   3.504 TIGER-SAMPLE pid 0x4b24 n 0xc thread 0x1203 thread 0x1203 state-kr 0x0 pc 0x90009817 leaf mach_msg_trap+0x7 frames: 0x90009817 0x2d3fd8 0x90023d67
   3.505 TIGER-SAMPLE pid 0x4b24 n 0xc thread 0x3207 thread 0x3207 state-kr 0x0 pc 0x90024407 leaf semaphore_wait_signal_trap+0x7 frames: 0x90024407 0x3af7e 0x90023d67
   3.505 TIGER-SAMPLE pid 0x4b24 n 0xc thread 0x3403 thread 0x3403 state-kr 0x0 pc 0x90024407 leaf semaphore_wait_signal_trap+0x7 frames: 0x90024407 0x3af7e 0x90023d67
   3.505 TIGER-SAMPLE pid 0x4b24 n 0xc thread 0x5603 thread 0x5603 state-kr 0x0 pc 0x90024407 leaf semaphore_wait_signal_trap+0x7 frames: 0x90024407 0x3af7e 0x90023d67
   3.505 TIGER-SAMPLE pid 0x4b24 n 0xc thread 0x5903 thread 0x5903 state-kr 0x0 pc 0x900bc3fc leaf poll+0xc frames: 0x900bc3fc 0x2d6a64 0x313ae8b 0x31a40a1 0x90023d67
   3.506 TIGER-SAMPLE pid 0x4b24 n 0xc thread 0x5a03 thread 0x5a03 state-kr 0x0 pc 0x90024407 leaf semaphore_wait_signal_trap+0x7 frames: 0x90024407 0x3af7e 0x90023d67
   3.506 TIGER-SAMPLE pid 0x4b24 n 0xc thread 0x5807 thread 0x5807 state-kr 0x0 pc 0x900bc3fc leaf poll+0xc frames: 0x900bc3fc 0x2d6a64 0x313ae8b 0x31a40a1 0x90023d67
   3.741 TIGER-SAMPLE pid 0x4b28 n 0xb main 0xd03 thread 0xd03 state-kr 0x0 pc 0x10ae0ce22 leaf __semwait_signal+0xa frames: 0x10ae0ce22 0x1040c7667 0x103ff81b2 0x1040ca799 0x1040c9886 0x1040c9469 0x10004a77b 0x100001b4c 0x100001a61 0x3
   3.741 TIGER-SAMPLE pid 0x4b28 n 0xb thread 0xf03 thread 0xf03 state-kr 0x0 pc 0x10ae56e4e leaf mach_msg_trap+0xa frames: 0x10ae56e4e 0x100328062 0x10ae08e9e
   3.741 TIGER-SAMPLE pid 0x4b28 n 0xb thread 0x1103 thread 0x1103 state-kr 0x0 pc 0x10ae0ce22 leaf __semwait_signal+0xa frames: 0x10ae0ce22 0x1040c7625 0x103ff81b2 0x1040ca799 0x1040c9886 0x1040c9469 0x10405e84e 0x1040c7049 0x10ae08e9e
   3.741 TIGER-SAMPLE pid 0x4b28 n 0xb thread 0x2303 thread 0x2303 state-kr 0x0 pc 0x10adbd7e6 leaf poll+0xa frames: 0x10adbd7e6 0x10405e84e 0x1040c7049 0x10ae08e9e
   3.741 TIGER-SAMPLE pid 0x4b28 n 0xb thread 0x2407 thread 0x2407 state-kr 0x0 pc 0x10ae0ce22 leaf __semwait_signal+0xa frames: 0x10ae0ce22 0x1040c7625 0x103ff81b2 0x1040ca799 0x1040c9886 0x1040c9469 0x10405e84e 0x1040c7049 0x10ae08e9e
   3.741 TIGER-SAMPLE pid 0x4b28 n 0xb thread 0x2503 thread 0x2503 state-kr 0x0 pc 0x10ae0ce22 leaf __semwait_signal+0xa frames: 0x10ae0ce22 0x1040c7625 0x103ff81b2 0x1040ca799 0x1040c9886 0x1040c9469 0x10405e84e 0x1040c7049 0x10ae08e9e
   3.741 TIGER-SAMPLE pid 0x4b28 n 0xb thread 0x2603 thread 0x2603 state-kr 0x0 pc 0x10ae0ce22 leaf __semwait_signal+0xa frames: 0x10ae0ce22 0x1040c7625 0x103ff81b2 0x1040ca799 0x1040c9886 0x1040c9469 0x10405e84e 0x1040c7049 0x10ae08e9e
   3.742 TIGER-SAMPLE pid 0x4b28 n 0xb thread 0x2703 thread 0x2703 state-kr 0x0 pc 0x10ae0ce22 leaf __semwait_signal+0xa frames: 0x10ae0ce22 0x1040c7625 0x103ff81b2 0x1040ca799 0x1040c9886 0x1040c9469 0x10405e84e 0x1040c7049 0x10ae08e9e
   3.742 TIGER-SAMPLE pid 0x4b28 n 0xb thread 0x2c03 thread 0x2c03 state-kr 0x0 pc 0x10adbd7e6 leaf poll+0xa frames: 0x10adbd7e6 0x1043c3427 0x1043c35ea 0x101f33797 0x101f3f561 0x10405e84e 0x1040c7049 0x10ae08e9e
   3.748 TIGER-SAMPLE pid 0x4b29 n 0x9 main 0xd03 thread 0xd03 state-kr 0x0 pc 0x90009817 leaf mach_msg_trap+0x7 frames: 0x90009817 0x9082d227 0x9083e100 0x300d9e7 0x4497f 0x83d4 0x83a2 0x82c9 0x3
   3.749 TIGER-SAMPLE pid 0x4b29 n 0x9 thread 0x1103 thread 0x1103 state-kr 0x0 pc 0x90009817 leaf mach_msg_trap+0x7 frames: 0x90009817 0x148f48 0x90023d67
   3.749 TIGER-SAMPLE pid 0x4b29 n 0x9 thread 0x1303 thread 0x1303 state-kr 0x0 pc 0x900bc3fc leaf poll+0xc frames: 0x900bc3fc 0x14bc44 0x2fac62b 0x30145f1 0x90023d67
   3.749 TIGER-SAMPLE pid 0x4b29 n 0x9 thread 0x2507 thread 0x2507 state-kr 0x0 pc 0x90024407 leaf semaphore_wait_signal_trap+0x7 frames: 0x90024407 0x34e1e 0x90023d67
   3.749 TIGER-SAMPLE pid 0x4b29 n 0x9 thread 0x2703 thread 0x2703 state-kr 0x0 pc 0x90024407 leaf semaphore_wait_signal_trap+0x7 frames: 0x90024407 0x34e1e 0x90023d67
   3.750 TIGER-SAMPLE pid 0x4b29 n 0x9 thread 0x2903 thread 0x2903 state-kr 0x0 pc 0x90024407 leaf semaphore_wait_signal_trap+0x7 frames: 0x90024407 0x34e1e 0x90023d67
   3.750 TIGER-SAMPLE pid 0x4b29 n 0x9 thread 0x2b03 thread 0x2b03 state-kr 0x0 pc 0x90024407 leaf semaphore_wait_signal_trap+0x7 frames: 0x90024407 0x34e1e 0x90023d67
   3.750 TIGER-SAMPLE pid 0x4b29 n 0x9 thread 0x2f07 thread 0x2f07 state-kr 0x0 pc 0x90019d0c leaf select+0xc frames: 0x90019d0c 0x14c115 0x13f348 0x2fac62b 0x30145f1 0x90023d67
   3.756 TIGER-SAMPLE pid 0x4b24 n 0xd main 0x117 thread 0x117 state-kr 0x0 pc 0x90009817 leaf mach_msg_trap+0x7 frames: 0x90009817 0x9082d227 0x9082ca42 0x92e06878 0x92e05f82 0x92e05dd9 0x9328cf45 0x9328cb37 0x932868c4 0xc50a 0x8752 0x8679 0x5
   3.757 TIGER-SAMPLE pid 0x4b24 n 0xd thread 0x1203 thread 0x1203 state-kr 0x0 pc 0x90009817 leaf mach_msg_trap+0x7 frames: 0x90009817 0x2d3fd8 0x90023d67
   3.757 TIGER-SAMPLE pid 0x4b24 n 0xd thread 0x3207 thread 0x3207 state-kr 0x0 pc 0x90024407 leaf semaphore_wait_signal_trap+0x7 frames: 0x90024407 0x3af7e 0x90023d67
   3.757 TIGER-SAMPLE pid 0x4b24 n 0xd thread 0x3403 thread 0x3403 state-kr 0x0 pc 0x90024407 leaf semaphore_wait_signal_trap+0x7 frames: 0x90024407 0x3af7e 0x90023d67
   3.757 TIGER-SAMPLE pid 0x4b24 n 0xd thread 0x5603 thread 0x5603 state-kr 0x0 pc 0x90024407 leaf semaphore_wait_signal_trap+0x7 frames: 0x90024407 0x3af7e 0x90023d67
   3.758 TIGER-SAMPLE pid 0x4b24 n 0xd thread 0x5903 thread 0x5903 state-kr 0x0 pc 0x900bc3fc leaf poll+0xc frames: 0x900bc3fc 0x2d6a64 0x313ae8b 0x31a40a1 0x90023d67
   3.758 TIGER-SAMPLE pid 0x4b24 n 0xd thread 0x5a03 thread 0x5a03 state-kr 0x0 pc 0x90024407 leaf semaphore_wait_signal_trap+0x7 frames: 0x90024407 0x3af7e 0x90023d67
   3.758 TIGER-SAMPLE pid 0x4b24 n 0xd thread 0x5807 thread 0x5807 state-kr 0x0 pc 0x900bc3fc leaf poll+0xc frames: 0x900bc3fc 0x2d6a64 0x313ae8b 0x31a40a1 0x90023d67
   3.992 TIGER-SAMPLE pid 0x4b28 n 0xc main 0xd03 thread 0xd03 state-kr 0x0 pc 0x10ae0ce22 leaf __semwait_signal+0xa frames: 0x10ae0ce22 0x1040c7667 0x103ff81b2 0x1040ca799 0x1040c9886 0x1040c9469 0x10004a77b 0x100001b4c 0x100001a61 0x3
   3.992 TIGER-SAMPLE pid 0x4b28 n 0xc thread 0xf03 thread 0xf03 state-kr 0x0 pc 0x10ae56e4e leaf mach_msg_trap+0xa frames: 0x10ae56e4e 0x100328062 0x10ae08e9e
   3.993 TIGER-SAMPLE pid 0x4b28 n 0xc thread 0x1103 thread 0x1103 state-kr 0x0 pc 0x10ae0ce22 leaf __semwait_signal+0xa frames: 0x10ae0ce22 0x1040c7625 0x103ff81b2 0x1040ca799 0x1040c9886 0x1040c9469 0x10405e84e 0x1040c7049 0x10ae08e9e
   3.993 TIGER-SAMPLE pid 0x4b28 n 0xc thread 0x2303 thread 0x2303 state-kr 0x0 pc 0x10adbd7e6 leaf poll+0xa frames: 0x10adbd7e6 0x10405e84e 0x1040c7049 0x10ae08e9e
   3.993 TIGER-SAMPLE pid 0x4b28 n 0xc thread 0x2407 thread 0x2407 state-kr 0x0 pc 0x10ae0ce22 leaf __semwait_signal+0xa frames: 0x10ae0ce22 0x1040c7625 0x103ff81b2 0x1040ca799 0x1040c9886 0x1040c9469 0x10405e84e 0x1040c7049 0x10ae08e9e
   3.993 TIGER-SAMPLE pid 0x4b28 n 0xc thread 0x2503 thread 0x2503 state-kr 0x0 pc 0x10ae0ce22 leaf __semwait_signal+0xa frames: 0x10ae0ce22 0x1040c7625 0x103ff81b2 0x1040ca799 0x1040c9886 0x1040c9469 0x10405e84e 0x1040c7049 0x10ae08e9e
   3.993 TIGER-SAMPLE pid 0x4b28 n 0xc thread 0x2603 thread 0x2603 state-kr 0x0 pc 0x10ae0ce22 leaf __semwait_signal+0xa frames: 0x10ae0ce22 0x1040c7625 0x103ff81b2 0x1040ca799 0x1040c9886 0x1040c9469 0x10405e84e 0x1040c7049 0x10ae08e9e
   3.993 TIGER-SAMPLE pid 0x4b28 n 0xc thread 0x2703 thread 0x2703 state-kr 0x0 pc 0x10ae0ce22 leaf __semwait_signal+0xa frames: 0x10ae0ce22 0x1040c7625 0x103ff81b2 0x1040ca799 0x1040c9886 0x1040c9469 0x10405e84e 0x1040c7049 0x10ae08e9e
   3.994 TIGER-SAMPLE pid 0x4b28 n 0xc thread 0x2c03 thread 0x2c03 state-kr 0x0 pc 0x10adbd7e6 leaf poll+0xa frames: 0x10adbd7e6 0x1043c3427 0x1043c35ea 0x101f33797 0x101f3f561 0x10405e84e 0x1040c7049 0x10ae08e9e
   4.001 TIGER-SAMPLE pid 0x4b29 n 0xa main 0xd03 thread 0xd03 state-kr 0x0 pc 0x90009817 leaf mach_msg_trap+0x7 frames: 0x90009817 0x9082d227 0x9083e100 0x300d9e7 0x4497f 0x83d4 0x83a2 0x82c9 0x3
   4.001 TIGER-SAMPLE pid 0x4b29 n 0xa thread 0x1103 thread 0x1103 state-kr 0x0 pc 0x90009817 leaf mach_msg_trap+0x7 frames: 0x90009817 0x148f48 0x90023d67
   4.001 TIGER-SAMPLE pid 0x4b29 n 0xa thread 0x1303 thread 0x1303 state-kr 0x0 pc 0x900bc3fc leaf poll+0xc frames: 0x900bc3fc 0x14bc44 0x2fac62b 0x30145f1 0x90023d67
   4.001 TIGER-SAMPLE pid 0x4b29 n 0xa thread 0x2507 thread 0x2507 state-kr 0x0 pc 0x90024407 leaf semaphore_wait_signal_trap+0x7 frames: 0x90024407 0x34e1e 0x90023d67
   4.002 TIGER-SAMPLE pid 0x4b29 n 0xa thread 0x2703 thread 0x2703 state-kr 0x0 pc 0x90024407 leaf semaphore_wait_signal_trap+0x7 frames: 0x90024407 0x34e1e 0x90023d67
   4.002 TIGER-SAMPLE pid 0x4b29 n 0xa thread 0x2903 thread 0x2903 state-kr 0x0 pc 0x90024407 leaf semaphore_wait_signal_trap+0x7 frames: 0x90024407 0x34e1e 0x90023d67
   4.002 TIGER-SAMPLE pid 0x4b29 n 0xa thread 0x2b03 thread 0x2b03 state-kr 0x0 pc 0x90024407 leaf semaphore_wait_signal_trap+0x7 frames: 0x90024407 0x34e1e 0x90023d67
   4.002 TIGER-SAMPLE pid 0x4b29 n 0xa thread 0x2f07 thread 0x2f07 state-kr 0x0 pc 0x90019d0c leaf select+0xc frames: 0x90019d0c 0x14c115 0x13f348 0x2fac62b 0x30145f1 0x90023d67
   4.009 TIGER-SAMPLE pid 0x4b24 n 0xe main 0x117 thread 0x117 state-kr 0x0 pc 0x90009817 leaf mach_msg_trap+0x7 frames: 0x90009817 0x9082d227 0x9082ca42 0x92e06878 0x92e05f82 0x92e05dd9 0x9328cf45 0x9328cb37 0x932868c4 0xc50a 0x8752 0x8679 0x5
   4.009 TIGER-SAMPLE pid 0x4b24 n 0xe thread 0x1203 thread 0x1203 state-kr 0x0 pc 0x90009817 leaf mach_msg_trap+0x7 frames: 0x90009817 0x2d3fd8 0x90023d67
   4.009 TIGER-SAMPLE pid 0x4b24 n 0xe thread 0x3207 thread 0x3207 state-kr 0x0 pc 0x90024407 leaf semaphore_wait_signal_trap+0x7 frames: 0x90024407 0x3af7e 0x90023d67
   4.009 TIGER-SAMPLE pid 0x4b24 n 0xe thread 0x3403 thread 0x3403 state-kr 0x0 pc 0x90024407 leaf semaphore_wait_signal_trap+0x7 frames: 0x90024407 0x3af7e 0x90023d67
   4.010 TIGER-SAMPLE pid 0x4b24 n 0xe thread 0x5603 thread 0x5603 state-kr 0x0 pc 0x90024407 leaf semaphore_wait_signal_trap+0x7 frames: 0x90024407 0x3af7e 0x90023d67
   4.010 TIGER-SAMPLE pid 0x4b24 n 0xe thread 0x5903 thread 0x5903 state-kr 0x0 pc 0x900bc3fc leaf poll+0xc frames: 0x900bc3fc 0x2d6a64 0x313ae8b 0x31a40a1 0x90023d67
   4.010 TIGER-SAMPLE pid 0x4b24 n 0xe thread 0x5a03 thread 0x5a03 state-kr 0x0 pc 0x90024407 leaf semaphore_wait_signal_trap+0x7 frames: 0x90024407 0x3af7e 0x90023d67
   4.010 TIGER-SAMPLE pid 0x4b24 n 0xe thread 0x5807 thread 0x5807 state-kr 0x0 pc 0x900bc3fc leaf poll+0xc frames: 0x900bc3fc 0x2d6a64 0x313ae8b 0x31a40a1 0x90023d67
   4.244 TIGER-SAMPLE pid 0x4b28 n 0xd main 0xd03 thread 0xd03 state-kr 0x0 pc 0x10ae0ce22 leaf __semwait_signal+0xa frames: 0x10ae0ce22 0x1040c7667 0x103ff81b2 0x1040ca799 0x1040c9886 0x1040c9469 0x10004a77b 0x100001b4c 0x100001a61 0x3
   4.244 TIGER-SAMPLE pid 0x4b28 n 0xd thread 0xf03 thread 0xf03 state-kr 0x0 pc 0x10ae56e4e leaf mach_msg_trap+0xa frames: 0x10ae56e4e 0x100328062 0x10ae08e9e
   4.244 TIGER-SAMPLE pid 0x4b28 n 0xd thread 0x1103 thread 0x1103 state-kr 0x0 pc 0x10ae0ce22 leaf __semwait_signal+0xa frames: 0x10ae0ce22 0x1040c7625 0x103ff81b2 0x1040ca799 0x1040c9886 0x1040c9469 0x10405e84e 0x1040c7049 0x10ae08e9e
   4.244 TIGER-SAMPLE pid 0x4b28 n 0xd thread 0x2303 thread 0x2303 state-kr 0x0 pc 0x10adbd7e6 leaf poll+0xa frames: 0x10adbd7e6 0x10405e84e 0x1040c7049 0x10ae08e9e
   4.245 TIGER-SAMPLE pid 0x4b28 n 0xd thread 0x2407 thread 0x2407 state-kr 0x0 pc 0x10ae0ce22 leaf __semwait_signal+0xa frames: 0x10ae0ce22 0x1040c7625 0x103ff81b2 0x1040ca799 0x1040c9886 0x1040c9469 0x10405e84e 0x1040c7049 0x10ae08e9e
   4.245 TIGER-SAMPLE pid 0x4b28 n 0xd thread 0x2503 thread 0x2503 state-kr 0x0 pc 0x10ae0ce22 leaf __semwait_signal+0xa frames: 0x10ae0ce22 0x1040c7625 0x103ff81b2 0x1040ca799 0x1040c9886 0x1040c9469 0x10405e84e 0x1040c7049 0x10ae08e9e
   4.245 TIGER-SAMPLE pid 0x4b28 n 0xd thread 0x2603 thread 0x2603 state-kr 0x0 pc 0x10ae0ce22 leaf __semwait_signal+0xa frames: 0x10ae0ce22 0x1040c7625 0x103ff81b2 0x1040ca799 0x1040c9886 0x1040c9469 0x10405e84e 0x1040c7049 0x10ae08e9e
   4.245 TIGER-SAMPLE pid 0x4b28 n 0xd thread 0x2703 thread 0x2703 state-kr 0x0 pc 0x10ae0ce22 leaf __semwait_signal+0xa frames: 0x10ae0ce22 0x1040c7625 0x103ff81b2 0x1040ca799 0x1040c9886 0x1040c9469 0x10405e84e 0x1040c7049 0x10ae08e9e
   4.245 TIGER-SAMPLE pid 0x4b28 n 0xd thread 0x2c03 thread 0x2c03 state-kr 0x0 pc 0x10adbd7e6 leaf poll+0xa frames: 0x10adbd7e6 0x1043c3427 0x1043c35ea 0x101f33797 0x101f3f561 0x10405e84e 0x1040c7049 0x10ae08e9e
   4.253 TIGER-SAMPLE pid 0x4b29 n 0xb main 0xd03 thread 0xd03 state-kr 0x0 pc 0x90009817 leaf mach_msg_trap+0x7 frames: 0x90009817 0x9082d227 0x9083e100 0x300d9e7 0x4497f 0x83d4 0x83a2 0x82c9 0x3
   4.253 TIGER-SAMPLE pid 0x4b29 n 0xb thread 0x1103 thread 0x1103 state-kr 0x0 pc 0x90009817 leaf mach_msg_trap+0x7 frames: 0x90009817 0x148f48 0x90023d67
   4.253 TIGER-SAMPLE pid 0x4b29 n 0xb thread 0x1303 thread 0x1303 state-kr 0x0 pc 0x900bc3fc leaf poll+0xc frames: 0x900bc3fc 0x14bc44 0x2fac62b 0x30145f1 0x90023d67
   4.253 TIGER-SAMPLE pid 0x4b29 n 0xb thread 0x2507 thread 0x2507 state-kr 0x0 pc 0x90024407 leaf semaphore_wait_signal_trap+0x7 frames: 0x90024407 0x34e1e 0x90023d67
   4.254 TIGER-SAMPLE pid 0x4b29 n 0xb thread 0x2703 thread 0x2703 state-kr 0x0 pc 0x90024407 leaf semaphore_wait_signal_trap+0x7 frames: 0x90024407 0x34e1e 0x90023d67
   4.254 TIGER-SAMPLE pid 0x4b29 n 0xb thread 0x2903 thread 0x2903 state-kr 0x0 pc 0x90024407 leaf semaphore_wait_signal_trap+0x7 frames: 0x90024407 0x34e1e 0x90023d67
   4.254 TIGER-SAMPLE pid 0x4b29 n 0xb thread 0x2b03 thread 0x2b03 state-kr 0x0 pc 0x90024407 leaf semaphore_wait_signal_trap+0x7 frames: 0x90024407 0x34e1e 0x90023d67
   4.255 TIGER-SAMPLE pid 0x4b29 n 0xb thread 0x2f07 thread 0x2f07 state-kr 0x0 pc 0x90019d0c leaf select+0xc frames: 0x90019d0c 0x14c115 0x13f348 0x2fac62b 0x30145f1 0x90023d67
   4.261 TIGER-SAMPLE pid 0x4b24 n 0xf main 0x117 thread 0x117 state-kr 0x0 pc 0x90009817 leaf mach_msg_trap+0x7 frames: 0x90009817 0x9082d227 0x9082ca42 0x92e06878 0x92e05f82 0x92e05dd9 0x9328cf45 0x9328cb37 0x932868c4 0xc50a 0x8752 0x8679 0x5
   4.261 TIGER-SAMPLE pid 0x4b24 n 0xf thread 0x1203 thread 0x1203 state-kr 0x0 pc 0x90009817 leaf mach_msg_trap+0x7 frames: 0x90009817 0x2d3fd8 0x90023d67
   4.261 TIGER-SAMPLE pid 0x4b24 n 0xf thread 0x3207 thread 0x3207 state-kr 0x0 pc 0x90024407 leaf semaphore_wait_signal_trap+0x7 frames: 0x90024407 0x3af7e 0x90023d67
   4.262 TIGER-SAMPLE pid 0x4b24 n 0xf thread 0x3403 thread 0x3403 state-kr 0x0 pc 0x90024407 leaf semaphore_wait_signal_trap+0x7 frames: 0x90024407 0x3af7e 0x90023d67
   4.262 TIGER-SAMPLE pid 0x4b24 n 0xf thread 0x5603 thread 0x5603 state-kr 0x0 pc 0x90024407 leaf semaphore_wait_signal_trap+0x7 frames: 0x90024407 0x3af7e 0x90023d67
   4.262 TIGER-SAMPLE pid 0x4b24 n 0xf thread 0x5903 thread 0x5903 state-kr 0x0 pc 0x900bc3fc leaf poll+0xc frames: 0x900bc3fc 0x2d6a64 0x313ae8b 0x31a40a1 0x90023d67
   4.262 TIGER-SAMPLE pid 0x4b24 n 0xf thread 0x5a03 thread 0x5a03 state-kr 0x0 pc 0x90024407 leaf semaphore_wait_signal_trap+0x7 frames: 0x90024407 0x3af7e 0x90023d67
   4.263 TIGER-SAMPLE pid 0x4b24 n 0xf thread 0x5807 thread 0x5807 state-kr 0x0 pc 0x900bc3fc leaf poll+0xc frames: 0x900bc3fc 0x2d6a64 0x313ae8b 0x31a40a1 0x90023d67
   4.496 TIGER-SAMPLE pid 0x4b28 n 0xe main 0xd03 thread 0xd03 state-kr 0x0 pc 0x10ae0ce22 leaf __semwait_signal+0xa frames: 0x10ae0ce22 0x1040c7667 0x103ff81b2 0x1040ca799 0x1040c9886 0x1040c9469 0x10004a77b 0x100001b4c 0x100001a61 0x3
   4.496 TIGER-SAMPLE pid 0x4b28 n 0xe thread 0xf03 thread 0xf03 state-kr 0x0 pc 0x10ae56e4e leaf mach_msg_trap+0xa frames: 0x10ae56e4e 0x100328062 0x10ae08e9e
   4.496 TIGER-SAMPLE pid 0x4b28 n 0xe thread 0x1103 thread 0x1103 state-kr 0x0 pc 0x10ae0ce22 leaf __semwait_signal+0xa frames: 0x10ae0ce22 0x1040c7625 0x103ff81b2 0x1040ca799 0x1040c9886 0x1040c9469 0x10405e84e 0x1040c7049 0x10ae08e9e
   4.496 TIGER-SAMPLE pid 0x4b28 n 0xe thread 0x2303 thread 0x2303 state-kr 0x0 pc 0x10adbd7e6 leaf poll+0xa frames: 0x10adbd7e6 0x10405e84e 0x1040c7049 0x10ae08e9e
   4.496 TIGER-SAMPLE pid 0x4b28 n 0xe thread 0x2407 thread 0x2407 state-kr 0x0 pc 0x10ae0ce22 leaf __semwait_signal+0xa frames: 0x10ae0ce22 0x1040c7625 0x103ff81b2 0x1040ca799 0x1040c9886 0x1040c9469 0x10405e84e 0x1040c7049 0x10ae08e9e
   4.496 TIGER-SAMPLE pid 0x4b28 n 0xe thread 0x2503 thread 0x2503 state-kr 0x0 pc 0x10ae0ce22 leaf __semwait_signal+0xa frames: 0x10ae0ce22 0x1040c7625 0x103ff81b2 0x1040ca799 0x1040c9886 0x1040c9469 0x10405e84e 0x1040c7049 0x10ae08e9e
   4.497 TIGER-SAMPLE pid 0x4b28 n 0xe thread 0x2603 thread 0x2603 state-kr 0x0 pc 0x10ae0ce22 leaf __semwait_signal+0xa frames: 0x10ae0ce22 0x1040c7625 0x103ff81b2 0x1040ca799 0x1040c9886 0x1040c9469 0x10405e84e 0x1040c7049 0x10ae08e9e
   4.497 TIGER-SAMPLE pid 0x4b28 n 0xe thread 0x2703 thread 0x2703 state-kr 0x0 pc 0x10ae0ce22 leaf __semwait_signal+0xa frames: 0x10ae0ce22 0x1040c7625 0x103ff81b2 0x1040ca799 0x1040c9886 0x1040c9469 0x10405e84e 0x1040c7049 0x10ae08e9e
   4.497 TIGER-SAMPLE pid 0x4b28 n 0xe thread 0x2c03 thread 0x2c03 state-kr 0x0 pc 0x10adbd7e6 leaf poll+0xa frames: 0x10adbd7e6 0x1043c3427 0x1043c35ea 0x101f33797 0x101f3f561 0x10405e84e 0x1040c7049 0x10ae08e9e
   4.505 TIGER-SAMPLE pid 0x4b29 n 0xc main 0xd03 thread 0xd03 state-kr 0x0 pc 0x90009817 leaf mach_msg_trap+0x7 frames: 0x90009817 0x9082d227 0x9083e100 0x300d9e7 0x4497f 0x83d4 0x83a2 0x82c9 0x3
   4.505 TIGER-SAMPLE pid 0x4b29 n 0xc thread 0x1103 thread 0x1103 state-kr 0x0 pc 0x90009817 leaf mach_msg_trap+0x7 frames: 0x90009817 0x148f48 0x90023d67
   4.505 TIGER-SAMPLE pid 0x4b29 n 0xc thread 0x1303 thread 0x1303 state-kr 0x0 pc 0x900bc3fc leaf poll+0xc frames: 0x900bc3fc 0x14bc44 0x2fac62b 0x30145f1 0x90023d67
   4.506 TIGER-SAMPLE pid 0x4b29 n 0xc thread 0x2507 thread 0x2507 state-kr 0x0 pc 0x90024407 leaf semaphore_wait_signal_trap+0x7 frames: 0x90024407 0x34e1e 0x90023d67
   4.506 TIGER-SAMPLE pid 0x4b29 n 0xc thread 0x2703 thread 0x2703 state-kr 0x0 pc 0x90024407 leaf semaphore_wait_signal_trap+0x7 frames: 0x90024407 0x34e1e 0x90023d67
   4.506 TIGER-SAMPLE pid 0x4b29 n 0xc thread 0x2903 thread 0x2903 state-kr 0x0 pc 0x90024407 leaf semaphore_wait_signal_trap+0x7 frames: 0x90024407 0x34e1e 0x90023d67
   4.506 TIGER-SAMPLE pid 0x4b29 n 0xc thread 0x2b03 thread 0x2b03 state-kr 0x0 pc 0x90024407 leaf semaphore_wait_signal_trap+0x7 frames: 0x90024407 0x34e1e 0x90023d67
   4.507 TIGER-SAMPLE pid 0x4b29 n 0xc thread 0x2f07 thread 0x2f07 state-kr 0x0 pc 0x90019d0c leaf select+0xc frames: 0x90019d0c 0x14c115 0x13f348 0x2fac62b 0x30145f1 0x90023d67
   4.513 TIGER-SAMPLE pid 0x4b24 n 0x10 main 0x117 thread 0x117 state-kr 0x0 pc 0x90009817 leaf mach_msg_trap+0x7 frames: 0x90009817 0x9082d227 0x9082ca42 0x92e06878 0x92e05f82 0x92e05dd9 0x9328cf45 0x9328cb37 0x932868c4 0xc50a 0x8752 0x8679 0x5
   4.513 TIGER-SAMPLE pid 0x4b24 n 0x10 thread 0x1203 thread 0x1203 state-kr 0x0 pc 0x90009817 leaf mach_msg_trap+0x7 frames: 0x90009817 0x2d3fd8 0x90023d67
   4.514 TIGER-SAMPLE pid 0x4b24 n 0x10 thread 0x3207 thread 0x3207 state-kr 0x0 pc 0x90024407 leaf semaphore_wait_signal_trap+0x7 frames: 0x90024407 0x3af7e 0x90023d67
   4.514 TIGER-SAMPLE pid 0x4b24 n 0x10 thread 0x3403 thread 0x3403 state-kr 0x0 pc 0x90024407 leaf semaphore_wait_signal_trap+0x7 frames: 0x90024407 0x3af7e 0x90023d67
   4.514 TIGER-SAMPLE pid 0x4b24 n 0x10 thread 0x5603 thread 0x5603 state-kr 0x0 pc 0x90024407 leaf semaphore_wait_signal_trap+0x7 frames: 0x90024407 0x3af7e 0x90023d67
   4.514 TIGER-SAMPLE pid 0x4b24 n 0x10 thread 0x5903 thread 0x5903 state-kr 0x0 pc 0x900bc3fc leaf poll+0xc frames: 0x900bc3fc 0x2d6a64 0x313ae8b 0x31a40a1 0x90023d67
   4.515 TIGER-SAMPLE pid 0x4b24 n 0x10 thread 0x5a03 thread 0x5a03 state-kr 0x0 pc 0x90024407 leaf semaphore_wait_signal_trap+0x7 frames: 0x90024407 0x3af7e 0x90023d67
   4.515 TIGER-SAMPLE pid 0x4b24 n 0x10 thread 0x5807 thread 0x5807 state-kr 0x0 pc 0x900bc3fc leaf poll+0xc frames: 0x900bc3fc 0x2d6a64 0x313ae8b 0x31a40a1 0x90023d67
   4.747 TIGER-SAMPLE pid 0x4b28 n 0xf main 0xd03 thread 0xd03 state-kr 0x0 pc 0x10ae0ce22 leaf __semwait_signal+0xa frames: 0x10ae0ce22 0x1040c7667 0x103ff81b2 0x1040ca799 0x1040c9886 0x1040c9469 0x10004a77b 0x100001b4c 0x100001a61 0x3
   4.748 TIGER-SAMPLE pid 0x4b28 n 0xf thread 0xf03 thread 0xf03 state-kr 0x0 pc 0x10ae56e4e leaf mach_msg_trap+0xa frames: 0x10ae56e4e 0x100328062 0x10ae08e9e
   4.748 TIGER-SAMPLE pid 0x4b28 n 0xf thread 0x1103 thread 0x1103 state-kr 0x0 pc 0x10ae0ce22 leaf __semwait_signal+0xa frames: 0x10ae0ce22 0x1040c7625 0x103ff81b2 0x1040ca799 0x1040c9886 0x1040c9469 0x10405e84e 0x1040c7049 0x10ae08e9e
   4.748 TIGER-SAMPLE pid 0x4b28 n 0xf thread 0x2303 thread 0x2303 state-kr 0x0 pc 0x10adbd7e6 leaf poll+0xa frames: 0x10adbd7e6 0x10405e84e 0x1040c7049 0x10ae08e9e
   4.748 TIGER-SAMPLE pid 0x4b28 n 0xf thread 0x2407 thread 0x2407 state-kr 0x0 pc 0x10ae0ce22 leaf __semwait_signal+0xa frames: 0x10ae0ce22 0x1040c7625 0x103ff81b2 0x1040ca799 0x1040c9886 0x1040c9469 0x10405e84e 0x1040c7049 0x10ae08e9e
   4.748 TIGER-SAMPLE pid 0x4b28 n 0xf thread 0x2503 thread 0x2503 state-kr 0x0 pc 0x10ae0ce22 leaf __semwait_signal+0xa frames: 0x10ae0ce22 0x1040c7625 0x103ff81b2 0x1040ca799 0x1040c9886 0x1040c9469 0x10405e84e 0x1040c7049 0x10ae08e9e
   4.748 TIGER-SAMPLE pid 0x4b28 n 0xf thread 0x2603 thread 0x2603 state-kr 0x0 pc 0x10ae0ce22 leaf __semwait_signal+0xa frames: 0x10ae0ce22 0x1040c7625 0x103ff81b2 0x1040ca799 0x1040c9886 0x1040c9469 0x10405e84e 0x1040c7049 0x10ae08e9e
   4.748 TIGER-SAMPLE pid 0x4b28 n 0xf thread 0x2703 thread 0x2703 state-kr 0x0 pc 0x10ae0ce22 leaf __semwait_signal+0xa frames: 0x10ae0ce22 0x1040c7625 0x103ff81b2 0x1040ca799 0x1040c9886 0x1040c9469 0x10405e84e 0x1040c7049 0x10ae08e9e
   4.749 TIGER-SAMPLE pid 0x4b28 n 0xf thread 0x2c03 thread 0x2c03 state-kr 0x0 pc 0x10adbd7e6 leaf poll+0xa frames: 0x10adbd7e6 0x1043c3427 0x1043c35ea 0x101f33797 0x101f3f561 0x10405e84e 0x1040c7049 0x10ae08e9e
   4.757 TIGER-SAMPLE pid 0x4b29 n 0xd main 0xd03 thread 0xd03 state-kr 0x0 pc 0x90009817 leaf mach_msg_trap+0x7 frames: 0x90009817 0x9082d227 0x9083e100 0x300d9e7 0x4497f 0x83d4 0x83a2 0x82c9 0x3
   4.757 TIGER-SAMPLE pid 0x4b29 n 0xd thread 0x1103 thread 0x1103 state-kr 0x0 pc 0x90009817 leaf mach_msg_trap+0x7 frames: 0x90009817 0x148f48 0x90023d67
   4.758 TIGER-SAMPLE pid 0x4b29 n 0xd thread 0x1303 thread 0x1303 state-kr 0x0 pc 0x900bc3fc leaf poll+0xc frames: 0x900bc3fc 0x14bc44 0x2fac62b 0x30145f1 0x90023d67
   4.758 TIGER-SAMPLE pid 0x4b29 n 0xd thread 0x2507 thread 0x2507 state-kr 0x0 pc 0x90024407 leaf semaphore_wait_signal_trap+0x7 frames: 0x90024407 0x34e1e 0x90023d67
   4.758 TIGER-SAMPLE pid 0x4b29 n 0xd thread 0x2703 thread 0x2703 state-kr 0x0 pc 0x90024407 leaf semaphore_wait_signal_trap+0x7 frames: 0x90024407 0x34e1e 0x90023d67
   4.758 TIGER-SAMPLE pid 0x4b29 n 0xd thread 0x2903 thread 0x2903 state-kr 0x0 pc 0x90024407 leaf semaphore_wait_signal_trap+0x7 frames: 0x90024407 0x34e1e 0x90023d67
   4.759 TIGER-SAMPLE pid 0x4b29 n 0xd thread 0x2b03 thread 0x2b03 state-kr 0x0 pc 0x90024407 leaf semaphore_wait_signal_trap+0x7 frames: 0x90024407 0x34e1e 0x90023d67
   4.759 TIGER-SAMPLE pid 0x4b29 n 0xd thread 0x2f07 thread 0x2f07 state-kr 0x0 pc 0x90019d0c leaf select+0xc frames: 0x90019d0c 0x14c115 0x13f348 0x2fac62b 0x30145f1 0x90023d67
   4.765 TIGER-SAMPLE pid 0x4b24 n 0x11 main 0x117 thread 0x117 state-kr 0x0 pc 0x90009817 leaf mach_msg_trap+0x7 frames: 0x90009817 0x9082d227 0x9082ca42 0x92e06878 0x92e05f82 0x92e05dd9 0x9328cf45 0x9328cb37 0x932868c4 0xc50a 0x8752 0x8679 0x5
   4.766 TIGER-SAMPLE pid 0x4b24 n 0x11 thread 0x1203 thread 0x1203 state-kr 0x0 pc 0x90009817 leaf mach_msg_trap+0x7 frames: 0x90009817 0x2d3fd8 0x90023d67
   4.766 TIGER-SAMPLE pid 0x4b24 n 0x11 thread 0x3207 thread 0x3207 state-kr 0x0 pc 0x90024407 leaf semaphore_wait_signal_trap+0x7 frames: 0x90024407 0x3af7e 0x90023d67
   4.766 TIGER-SAMPLE pid 0x4b24 n 0x11 thread 0x3403 thread 0x3403 state-kr 0x0 pc 0x90024407 leaf semaphore_wait_signal_trap+0x7 frames: 0x90024407 0x3af7e 0x90023d67
   4.766 TIGER-SAMPLE pid 0x4b24 n 0x11 thread 0x5603 thread 0x5603 state-kr 0x0 pc 0x90024407 leaf semaphore_wait_signal_trap+0x7 frames: 0x90024407 0x3af7e 0x90023d67
   4.767 TIGER-SAMPLE pid 0x4b24 n 0x11 thread 0x5903 thread 0x5903 state-kr 0x0 pc 0x900bc3fc leaf poll+0xc frames: 0x900bc3fc 0x2d6a64 0x313ae8b 0x31a40a1 0x90023d67
   4.767 TIGER-SAMPLE pid 0x4b24 n 0x11 thread 0x5a03 thread 0x5a03 state-kr 0x0 pc 0x90024407 leaf semaphore_wait_signal_trap+0x7 frames: 0x90024407 0x3af7e 0x90023d67
   4.767 TIGER-SAMPLE pid 0x4b24 n 0x11 thread 0x5807 thread 0x5807 state-kr 0x0 pc 0x900bc3fc leaf poll+0xc frames: 0x900bc3fc 0x2d6a64 0x313ae8b 0x31a40a1 0x90023d67
   4.999 TIGER-SAMPLE pid 0x4b28 n 0x10 main 0xd03 thread 0xd03 state-kr 0x0 pc 0x10ae0ce22 leaf __semwait_signal+0xa frames: 0x10ae0ce22 0x1040c7667 0x103ff81b2 0x1040ca799 0x1040c9886 0x1040c9469 0x10004a77b 0x100001b4c 0x100001a61 0x3
   4.999 TIGER-SAMPLE pid 0x4b28 n 0x10 thread 0xf03 thread 0xf03 state-kr 0x0 pc 0x10ae56e4e leaf mach_msg_trap+0xa frames: 0x10ae56e4e 0x100328062 0x10ae08e9e
   4.999 TIGER-SAMPLE pid 0x4b28 n 0x10 thread 0x1103 thread 0x1103 state-kr 0x0 pc 0x10ae0ce22 leaf __semwait_signal+0xa frames: 0x10ae0ce22 0x1040c7625 0x103ff81b2 0x1040ca799 0x1040c9886 0x1040c9469 0x10405e84e 0x1040c7049 0x10ae08e9e
   5.000 TIGER-SAMPLE pid 0x4b28 n 0x10 thread 0x2303 thread 0x2303 state-kr 0x0 pc 0x10adbd7e6 leaf poll+0xa frames: 0x10adbd7e6 0x10405e84e 0x1040c7049 0x10ae08e9e
   5.000 TIGER-SAMPLE pid 0x4b28 n 0x10 thread 0x2407 thread 0x2407 state-kr 0x0 pc 0x10ae0ce22 leaf __semwait_signal+0xa frames: 0x10ae0ce22 0x1040c7625 0x103ff81b2 0x1040ca799 0x1040c9886 0x1040c9469 0x10405e84e 0x1040c7049 0x10ae08e9e
   5.000 TIGER-SAMPLE pid 0x4b28 n 0x10 thread 0x2503 thread 0x2503 state-kr 0x0 pc 0x10ae0ce22 leaf __semwait_signal+0xa frames: 0x10ae0ce22 0x1040c7625 0x103ff81b2 0x1040ca799 0x1040c9886 0x1040c9469 0x10405e84e 0x1040c7049 0x10ae08e9e
   5.000 TIGER-SAMPLE pid 0x4b28 n 0x10 thread 0x2603 thread 0x2603 state-kr 0x0 pc 0x10ae0ce22 leaf __semwait_signal+0xa frames: 0x10ae0ce22 0x1040c7625 0x103ff81b2 0x1040ca799 0x1040c9886 0x1040c9469 0x10405e84e 0x1040c7049 0x10ae08e9e
   5.000 TIGER-SAMPLE pid 0x4b28 n 0x10 thread 0x2703 thread 0x2703 state-kr 0x0 pc 0x10ae0ce22 leaf __semwait_signal+0xa frames: 0x10ae0ce22 0x1040c7625 0x103ff81b2 0x1040ca799 0x1040c9886 0x1040c9469 0x10405e84e 0x1040c7049 0x10ae08e9e
   5.000 TIGER-SAMPLE pid 0x4b28 n 0x10 thread 0x2c03 thread 0x2c03 state-kr 0x0 pc 0x10adbd7e6 leaf poll+0xa frames: 0x10adbd7e6 0x1043c3427 0x1043c35ea 0x101f33797 0x101f3f561 0x10405e84e 0x1040c7049 0x10ae08e9e
   5.009 TIGER-SAMPLE pid 0x4b29 n 0xe main 0xd03 thread 0xd03 state-kr 0x0 pc 0x90009817 leaf mach_msg_trap+0x7 frames: 0x90009817 0x9082d227 0x9083e100 0x300d9e7 0x4497f 0x83d4 0x83a2 0x82c9 0x3
   5.010 TIGER-SAMPLE pid 0x4b29 n 0xe thread 0x1103 thread 0x1103 state-kr 0x0 pc 0x90009817 leaf mach_msg_trap+0x7 frames: 0x90009817 0x148f48 0x90023d67
   5.010 TIGER-SAMPLE pid 0x4b29 n 0xe thread 0x1303 thread 0x1303 state-kr 0x0 pc 0x900bc3fc leaf poll+0xc frames: 0x900bc3fc 0x14bc44 0x2fac62b 0x30145f1 0x90023d67
   5.010 TIGER-SAMPLE pid 0x4b29 n 0xe thread 0x2507 thread 0x2507 state-kr 0x0 pc 0x90024407 leaf semaphore_wait_signal_trap+0x7 frames: 0x90024407 0x34e1e 0x90023d67
   5.010 TIGER-SAMPLE pid 0x4b29 n 0xe thread 0x2703 thread 0x2703 state-kr 0x0 pc 0x90024407 leaf semaphore_wait_signal_trap+0x7 frames: 0x90024407 0x34e1e 0x90023d67
   5.011 TIGER-SAMPLE pid 0x4b29 n 0xe thread 0x2903 thread 0x2903 state-kr 0x0 pc 0x90024407 leaf semaphore_wait_signal_trap+0x7 frames: 0x90024407 0x34e1e 0x90023d67
   5.011 TIGER-SAMPLE pid 0x4b29 n 0xe thread 0x2b03 thread 0x2b03 state-kr 0x0 pc 0x90024407 leaf semaphore_wait_signal_trap+0x7 frames: 0x90024407 0x34e1e 0x90023d67
   5.011 TIGER-SAMPLE pid 0x4b29 n 0xe thread 0x2f07 thread 0x2f07 state-kr 0x0 pc 0x90019d0c leaf select+0xc frames: 0x90019d0c 0x14c115 0x13f348 0x2fac62b 0x30145f1 0x90023d67
   5.018 TIGER-SAMPLE pid 0x4b24 n 0x12 main 0x117 thread 0x117 state-kr 0x0 pc 0x90009817 leaf mach_msg_trap+0x7 frames: 0x90009817 0x9082d227 0x9082ca42 0x92e06878 0x92e05f82 0x92e05dd9 0x9328cf45 0x9328cb37 0x932868c4 0xc50a 0x8752 0x8679 0x5
   5.018 TIGER-SAMPLE pid 0x4b24 n 0x12 thread 0x1203 thread 0x1203 state-kr 0x0 pc 0x90009817 leaf mach_msg_trap+0x7 frames: 0x90009817 0x2d3fd8 0x90023d67
   5.018 TIGER-SAMPLE pid 0x4b24 n 0x12 thread 0x3207 thread 0x3207 state-kr 0x0 pc 0x90024407 leaf semaphore_wait_signal_trap+0x7 frames: 0x90024407 0x3af7e 0x90023d67
   5.018 TIGER-SAMPLE pid 0x4b24 n 0x12 thread 0x3403 thread 0x3403 state-kr 0x0 pc 0x90024407 leaf semaphore_wait_signal_trap+0x7 frames: 0x90024407 0x3af7e 0x90023d67
   5.019 TIGER-SAMPLE pid 0x4b24 n 0x12 thread 0x5603 thread 0x5603 state-kr 0x0 pc 0x90024407 leaf semaphore_wait_signal_trap+0x7 frames: 0x90024407 0x3af7e 0x90023d67
   5.019 TIGER-SAMPLE pid 0x4b24 n 0x12 thread 0x5903 thread 0x5903 state-kr 0x0 pc 0x900bc3fc leaf poll+0xc frames: 0x900bc3fc 0x2d6a64 0x313ae8b 0x31a40a1 0x90023d67
   5.019 TIGER-SAMPLE pid 0x4b24 n 0x12 thread 0x5a03 thread 0x5a03 state-kr 0x0 pc 0x90024407 leaf semaphore_wait_signal_trap+0x7 frames: 0x90024407 0x3af7e 0x90023d67
   5.019 TIGER-SAMPLE pid 0x4b24 n 0x12 thread 0x5807 thread 0x5807 state-kr 0x0 pc 0x900bc3fc leaf poll+0xc frames: 0x900bc3fc 0x2d6a64 0x313ae8b 0x31a40a1 0x90023d67
   5.251 TIGER-SAMPLE pid 0x4b28 n 0x11 main 0xd03 thread 0xd03 state-kr 0x0 pc 0x10ae0ce22 leaf __semwait_signal+0xa frames: 0x10ae0ce22 0x1040c7667 0x103ff81b2 0x1040ca799 0x1040c9886 0x1040c9469 0x10004a77b 0x100001b4c 0x100001a61 0x3
   5.251 TIGER-SAMPLE pid 0x4b28 n 0x11 thread 0xf03 thread 0xf03 state-kr 0x0 pc 0x10ae56e4e leaf mach_msg_trap+0xa frames: 0x10ae56e4e 0x100328062 0x10ae08e9e
   5.251 TIGER-SAMPLE pid 0x4b28 n 0x11 thread 0x1103 thread 0x1103 state-kr 0x0 pc 0x10ae0ce22 leaf __semwait_signal+0xa frames: 0x10ae0ce22 0x1040c7625 0x103ff81b2 0x1040ca799 0x1040c9886 0x1040c9469 0x10405e84e 0x1040c7049 0x10ae08e9e
   5.251 TIGER-SAMPLE pid 0x4b28 n 0x11 thread 0x2303 thread 0x2303 state-kr 0x0 pc 0x10adbd7e6 leaf poll+0xa frames: 0x10adbd7e6 0x10405e84e 0x1040c7049 0x10ae08e9e
   5.251 TIGER-SAMPLE pid 0x4b28 n 0x11 thread 0x2407 thread 0x2407 state-kr 0x0 pc 0x10ae0ce22 leaf __semwait_signal+0xa frames: 0x10ae0ce22 0x1040c7625 0x103ff81b2 0x1040ca799 0x1040c9886 0x1040c9469 0x10405e84e 0x1040c7049 0x10ae08e9e
   5.252 TIGER-SAMPLE pid 0x4b28 n 0x11 thread 0x2503 thread 0x2503 state-kr 0x0 pc 0x10ae0ce22 leaf __semwait_signal+0xa frames: 0x10ae0ce22 0x1040c7625 0x103ff81b2 0x1040ca799 0x1040c9886 0x1040c9469 0x10405e84e 0x1040c7049 0x10ae08e9e
   5.252 TIGER-SAMPLE pid 0x4b28 n 0x11 thread 0x2603 thread 0x2603 state-kr 0x0 pc 0x10ae0ce22 leaf __semwait_signal+0xa frames: 0x10ae0ce22 0x1040c7625 0x103ff81b2 0x1040ca799 0x1040c9886 0x1040c9469 0x10405e84e 0x1040c7049 0x10ae08e9e
   5.252 TIGER-SAMPLE pid 0x4b28 n 0x11 thread 0x2703 thread 0x2703 state-kr 0x0 pc 0x10ae0ce22 leaf __semwait_signal+0xa frames: 0x10ae0ce22 0x1040c7625 0x103ff81b2 0x1040ca799 0x1040c9886 0x1040c9469 0x10405e84e 0x1040c7049 0x10ae08e9e
   5.252 TIGER-SAMPLE pid 0x4b28 n 0x11 thread 0x2c03 thread 0x2c03 state-kr 0x0 pc 0x10adbd7e6 leaf poll+0xa frames: 0x10adbd7e6 0x1043c3427 0x1043c35ea 0x101f33797 0x101f3f561 0x10405e84e 0x1040c7049 0x10ae08e9e
   5.262 TIGER-SAMPLE pid 0x4b29 n 0xf main 0xd03 thread 0xd03 state-kr 0x0 pc 0x90009817 leaf mach_msg_trap+0x7 frames: 0x90009817 0x9082d227 0x9083e100 0x300d9e7 0x4497f 0x83d4 0x83a2 0x82c9 0x3
   5.262 TIGER-SAMPLE pid 0x4b29 n 0xf thread 0x1103 thread 0x1103 state-kr 0x0 pc 0x90009817 leaf mach_msg_trap+0x7 frames: 0x90009817 0x148f48 0x90023d67
   5.262 TIGER-SAMPLE pid 0x4b29 n 0xf thread 0x1303 thread 0x1303 state-kr 0x0 pc 0x900bc3fc leaf poll+0xc frames: 0x900bc3fc 0x14bc44 0x2fac62b 0x30145f1 0x90023d67
   5.262 TIGER-SAMPLE pid 0x4b29 n 0xf thread 0x2507 thread 0x2507 state-kr 0x0 pc 0x90024407 leaf semaphore_wait_signal_trap+0x7 frames: 0x90024407 0x34e1e 0x90023d67
   5.263 TIGER-SAMPLE pid 0x4b29 n 0xf thread 0x2703 thread 0x2703 state-kr 0x0 pc 0x90024407 leaf semaphore_wait_signal_trap+0x7 frames: 0x90024407 0x34e1e 0x90023d67
   5.263 TIGER-SAMPLE pid 0x4b29 n 0xf thread 0x2903 thread 0x2903 state-kr 0x0 pc 0x90024407 leaf semaphore_wait_signal_trap+0x7 frames: 0x90024407 0x34e1e 0x90023d67
   5.263 TIGER-SAMPLE pid 0x4b29 n 0xf thread 0x2b03 thread 0x2b03 state-kr 0x0 pc 0x90024407 leaf semaphore_wait_signal_trap+0x7 frames: 0x90024407 0x34e1e 0x90023d67
   5.263 TIGER-SAMPLE pid 0x4b29 n 0xf thread 0x2f07 thread 0x2f07 state-kr 0x0 pc 0x90019d0c leaf select+0xc frames: 0x90019d0c 0x14c115 0x13f348 0x2fac62b 0x30145f1 0x90023d67
   5.270 TIGER-SAMPLE pid 0x4b24 n 0x13 main 0x117 thread 0x117 state-kr 0x0 pc 0x90009817 leaf mach_msg_trap+0x7 frames: 0x90009817 0x9082d227 0x9082ca42 0x92e06878 0x92e05f82 0x92e05dd9 0x9328cf45 0x9328cb37 0x932868c4 0xc50a 0x8752 0x8679 0x5
   5.270 TIGER-SAMPLE pid 0x4b24 n 0x13 thread 0x1203 thread 0x1203 state-kr 0x0 pc 0x90009817 leaf mach_msg_trap+0x7 frames: 0x90009817 0x2d3fd8 0x90023d67
   5.271 TIGER-SAMPLE pid 0x4b24 n 0x13 thread 0x3207 thread 0x3207 state-kr 0x0 pc 0x90024407 leaf semaphore_wait_signal_trap+0x7 frames: 0x90024407 0x3af7e 0x90023d67
   5.271 TIGER-SAMPLE pid 0x4b24 n 0x13 thread 0x3403 thread 0x3403 state-kr 0x0 pc 0x90024407 leaf semaphore_wait_signal_trap+0x7 frames: 0x90024407 0x3af7e 0x90023d67
   5.271 TIGER-SAMPLE pid 0x4b24 n 0x13 thread 0x5603 thread 0x5603 state-kr 0x0 pc 0x90024407 leaf semaphore_wait_signal_trap+0x7 frames: 0x90024407 0x3af7e 0x90023d67
   5.271 TIGER-SAMPLE pid 0x4b24 n 0x13 thread 0x5903 thread 0x5903 state-kr 0x0 pc 0x900bc3fc leaf poll+0xc frames: 0x900bc3fc 0x2d6a64 0x313ae8b 0x31a40a1 0x90023d67
   5.271 TIGER-SAMPLE pid 0x4b24 n 0x13 thread 0x5a03 thread 0x5a03 state-kr 0x0 pc 0x90024407 leaf semaphore_wait_signal_trap+0x7 frames: 0x90024407 0x3af7e 0x90023d67
   5.272 TIGER-SAMPLE pid 0x4b24 n 0x13 thread 0x5807 thread 0x5807 state-kr 0x0 pc 0x900bc3fc leaf poll+0xc frames: 0x900bc3fc 0x2d6a64 0x313ae8b 0x31a40a1 0x90023d67
   5.502 TIGER-SAMPLE pid 0x4b28 n 0x12 main 0xd03 thread 0xd03 state-kr 0x0 pc 0x10ae0ce22 leaf __semwait_signal+0xa frames: 0x10ae0ce22 0x1040c7667 0x103ff81b2 0x1040ca799 0x1040c9886 0x1040c9469 0x10004a77b 0x100001b4c 0x100001a61 0x3
   5.503 TIGER-SAMPLE pid 0x4b28 n 0x12 thread 0xf03 thread 0xf03 state-kr 0x0 pc 0x10ae56e4e leaf mach_msg_trap+0xa frames: 0x10ae56e4e 0x100328062 0x10ae08e9e
   5.503 TIGER-SAMPLE pid 0x4b28 n 0x12 thread 0x1103 thread 0x1103 state-kr 0x0 pc 0x10ae0ce22 leaf __semwait_signal+0xa frames: 0x10ae0ce22 0x1040c7625 0x103ff81b2 0x1040ca799 0x1040c9886 0x1040c9469 0x10405e84e 0x1040c7049 0x10ae08e9e
   5.503 TIGER-SAMPLE pid 0x4b28 n 0x12 thread 0x2303 thread 0x2303 state-kr 0x0 pc 0x10adbd7e6 leaf poll+0xa frames: 0x10adbd7e6 0x10405e84e 0x1040c7049 0x10ae08e9e
   5.503 TIGER-SAMPLE pid 0x4b28 n 0x12 thread 0x2407 thread 0x2407 state-kr 0x0 pc 0x10ae0ce22 leaf __semwait_signal+0xa frames: 0x10ae0ce22 0x1040c7625 0x103ff81b2 0x1040ca799 0x1040c9886 0x1040c9469 0x10405e84e 0x1040c7049 0x10ae08e9e
   5.503 TIGER-SAMPLE pid 0x4b28 n 0x12 thread 0x2503 thread 0x2503 state-kr 0x0 pc 0x10ae0ce22 leaf __semwait_signal+0xa frames: 0x10ae0ce22 0x1040c7625 0x103ff81b2 0x1040ca799 0x1040c9886 0x1040c9469 0x10405e84e 0x1040c7049 0x10ae08e9e
   5.503 TIGER-SAMPLE pid 0x4b28 n 0x12 thread 0x2603 thread 0x2603 state-kr 0x0 pc 0x10ae0ce22 leaf __semwait_signal+0xa frames: 0x10ae0ce22 0x1040c7625 0x103ff81b2 0x1040ca799 0x1040c9886 0x1040c9469 0x10405e84e 0x1040c7049 0x10ae08e9e
   5.504 TIGER-SAMPLE pid 0x4b28 n 0x12 thread 0x2703 thread 0x2703 state-kr 0x0 pc 0x10ae0ce22 leaf __semwait_signal+0xa frames: 0x10ae0ce22 0x1040c7625 0x103ff81b2 0x1040ca799 0x1040c9886 0x1040c9469 0x10405e84e 0x1040c7049 0x10ae08e9e
   5.504 TIGER-SAMPLE pid 0x4b28 n 0x12 thread 0x2c03 thread 0x2c03 state-kr 0x0 pc 0x10adbd7e6 leaf poll+0xa frames: 0x10adbd7e6 0x1043c3427 0x1043c35ea 0x101f33797 0x101f3f561 0x10405e84e 0x1040c7049 0x10ae08e9e
   5.514 TIGER-SAMPLE pid 0x4b29 n 0x10 main 0xd03 thread 0xd03 state-kr 0x0 pc 0x90009817 leaf mach_msg_trap+0x7 frames: 0x90009817 0x9082d227 0x9083e100 0x300d9e7 0x4497f 0x83d4 0x83a2 0x82c9 0x3
   5.514 TIGER-SAMPLE pid 0x4b29 n 0x10 thread 0x1103 thread 0x1103 state-kr 0x0 pc 0x90009817 leaf mach_msg_trap+0x7 frames: 0x90009817 0x148f48 0x90023d67
   5.514 TIGER-SAMPLE pid 0x4b29 n 0x10 thread 0x1303 thread 0x1303 state-kr 0x0 pc 0x900bc3fc leaf poll+0xc frames: 0x900bc3fc 0x14bc44 0x2fac62b 0x30145f1 0x90023d67
   5.515 TIGER-SAMPLE pid 0x4b29 n 0x10 thread 0x2507 thread 0x2507 state-kr 0x0 pc 0x90024407 leaf semaphore_wait_signal_trap+0x7 frames: 0x90024407 0x34e1e 0x90023d67
   5.515 TIGER-SAMPLE pid 0x4b29 n 0x10 thread 0x2703 thread 0x2703 state-kr 0x0 pc 0x90024407 leaf semaphore_wait_signal_trap+0x7 frames: 0x90024407 0x34e1e 0x90023d67
   5.515 TIGER-SAMPLE pid 0x4b29 n 0x10 thread 0x2903 thread 0x2903 state-kr 0x0 pc 0x90024407 leaf semaphore_wait_signal_trap+0x7 frames: 0x90024407 0x34e1e 0x90023d67
   5.515 TIGER-SAMPLE pid 0x4b29 n 0x10 thread 0x2b03 thread 0x2b03 state-kr 0x0 pc 0x90024407 leaf semaphore_wait_signal_trap+0x7 frames: 0x90024407 0x34e1e 0x90023d67
   5.515 TIGER-SAMPLE pid 0x4b29 n 0x10 thread 0x2f07 thread 0x2f07 state-kr 0x0 pc 0x90019d0c leaf select+0xc frames: 0x90019d0c 0x14c115 0x13f348 0x2fac62b 0x30145f1 0x90023d67
   5.522 TIGER-SAMPLE pid 0x4b24 n 0x14 main 0x117 thread 0x117 state-kr 0x0 pc 0x90009817 leaf mach_msg_trap+0x7 frames: 0x90009817 0x9082d227 0x9082ca42 0x92e06878 0x92e05f82 0x92e05dd9 0x9328cf45 0x9328cb37 0x932868c4 0xc50a 0x8752 0x8679 0x5
   5.522 TIGER-SAMPLE pid 0x4b24 n 0x14 thread 0x1203 thread 0x1203 state-kr 0x0 pc 0x90009817 leaf mach_msg_trap+0x7 frames: 0x90009817 0x2d3fd8 0x90023d67
   5.523 TIGER-SAMPLE pid 0x4b24 n 0x14 thread 0x3207 thread 0x3207 state-kr 0x0 pc 0x90024407 leaf semaphore_wait_signal_trap+0x7 frames: 0x90024407 0x3af7e 0x90023d67
   5.523 TIGER-SAMPLE pid 0x4b24 n 0x14 thread 0x3403 thread 0x3403 state-kr 0x0 pc 0x90024407 leaf semaphore_wait_signal_trap+0x7 frames: 0x90024407 0x3af7e 0x90023d67
   5.523 TIGER-SAMPLE pid 0x4b24 n 0x14 thread 0x5603 thread 0x5603 state-kr 0x0 pc 0x90024407 leaf semaphore_wait_signal_trap+0x7 frames: 0x90024407 0x3af7e 0x90023d67
   5.523 TIGER-SAMPLE pid 0x4b24 n 0x14 thread 0x5903 thread 0x5903 state-kr 0x0 pc 0x900bc3fc leaf poll+0xc frames: 0x900bc3fc 0x2d6a64 0x313ae8b 0x31a40a1 0x90023d67
   5.523 TIGER-SAMPLE pid 0x4b24 n 0x14 thread 0x5a03 thread 0x5a03 state-kr 0x0 pc 0x90024407 leaf semaphore_wait_signal_trap+0x7 frames: 0x90024407 0x3af7e 0x90023d67
   5.524 TIGER-SAMPLE pid 0x4b24 n 0x14 thread 0x5807 thread 0x5807 state-kr 0x0 pc 0x900bc3fc leaf poll+0xc frames: 0x900bc3fc 0x2d6a64 0x313ae8b 0x31a40a1 0x90023d67
   5.754 TIGER-SAMPLE pid 0x4b28 n 0x13 main 0xd03 thread 0xd03 state-kr 0x0 pc 0x10ae0ce22 leaf __semwait_signal+0xa frames: 0x10ae0ce22 0x1040c7667 0x103ff81b2 0x1040ca799 0x1040c9886 0x1040c9469 0x10004a77b 0x100001b4c 0x100001a61 0x3
   5.754 TIGER-SAMPLE pid 0x4b28 n 0x13 thread 0xf03 thread 0xf03 state-kr 0x0 pc 0x10ae56e4e leaf mach_msg_trap+0xa frames: 0x10ae56e4e 0x100328062 0x10ae08e9e
   5.755 TIGER-SAMPLE pid 0x4b28 n 0x13 thread 0x1103 thread 0x1103 state-kr 0x0 pc 0x10ae0ce22 leaf __semwait_signal+0xa frames: 0x10ae0ce22 0x1040c7625 0x103ff81b2 0x1040ca799 0x1040c9886 0x1040c9469 0x10405e84e 0x1040c7049 0x10ae08e9e
   5.755 TIGER-SAMPLE pid 0x4b28 n 0x13 thread 0x2303 thread 0x2303 state-kr 0x0 pc 0x10adbd7e6 leaf poll+0xa frames: 0x10adbd7e6 0x10405e84e 0x1040c7049 0x10ae08e9e
   5.755 TIGER-SAMPLE pid 0x4b28 n 0x13 thread 0x2407 thread 0x2407 state-kr 0x0 pc 0x10ae0ce22 leaf __semwait_signal+0xa frames: 0x10ae0ce22 0x1040c7625 0x103ff81b2 0x1040ca799 0x1040c9886 0x1040c9469 0x10405e84e 0x1040c7049 0x10ae08e9e
   5.755 TIGER-SAMPLE pid 0x4b28 n 0x13 thread 0x2503 thread 0x2503 state-kr 0x0 pc 0x10ae0ce22 leaf __semwait_signal+0xa frames: 0x10ae0ce22 0x1040c7625 0x103ff81b2 0x1040ca799 0x1040c9886 0x1040c9469 0x10405e84e 0x1040c7049 0x10ae08e9e
   5.755 TIGER-SAMPLE pid 0x4b28 n 0x13 thread 0x2603 thread 0x2603 state-kr 0x0 pc 0x10ae0ce22 leaf __semwait_signal+0xa frames: 0x10ae0ce22 0x1040c7625 0x103ff81b2 0x1040ca799 0x1040c9886 0x1040c9469 0x10405e84e 0x1040c7049 0x10ae08e9e
   5.755 TIGER-SAMPLE pid 0x4b28 n 0x13 thread 0x2703 thread 0x2703 state-kr 0x0 pc 0x10ae0ce22 leaf __semwait_signal+0xa frames: 0x10ae0ce22 0x1040c7625 0x103ff81b2 0x1040ca799 0x1040c9886 0x1040c9469 0x10405e84e 0x1040c7049 0x10ae08e9e
   5.755 TIGER-SAMPLE pid 0x4b28 n 0x13 thread 0x2c03 thread 0x2c03 state-kr 0x0 pc 0x10adbd7e6 leaf poll+0xa frames: 0x10adbd7e6 0x1043c3427 0x1043c35ea 0x101f33797 0x101f3f561 0x10405e84e 0x1040c7049 0x10ae08e9e
   5.756 TIGER-SAMPLE pid 0x4b28 n 0x13 thread 0x2e0f thread 0x2e0f state-kr 0x0 pc 0x10ae0ce22 leaf __semwait_signal+0xa frames: 0x10ae0ce22 0x1040c7625 0x103ff81b2 0x1040ca799 0x1040c9886 0x1040c9469 0x10405e84e 0x1040c7049 0x10ae08e9e
   5.766 TIGER-SAMPLE pid 0x4b29 n 0x11 main 0xd03 thread 0xd03 state-kr 0x0 pc 0x90009817 leaf mach_msg_trap+0x7 frames: 0x90009817 0x9082d227 0x9083e100 0x300d9e7 0x4497f 0x83d4 0x83a2 0x82c9 0x3
   5.766 TIGER-SAMPLE pid 0x4b29 n 0x11 thread 0x1103 thread 0x1103 state-kr 0x0 pc 0x90009817 leaf mach_msg_trap+0x7 frames: 0x90009817 0x148f48 0x90023d67
   5.767 TIGER-SAMPLE pid 0x4b29 n 0x11 thread 0x1303 thread 0x1303 state-kr 0x0 pc 0x900bc3fc leaf poll+0xc frames: 0x900bc3fc 0x14bc44 0x2fac62b 0x30145f1 0x90023d67
   5.767 TIGER-SAMPLE pid 0x4b29 n 0x11 thread 0x2507 thread 0x2507 state-kr 0x0 pc 0x90024407 leaf semaphore_wait_signal_trap+0x7 frames: 0x90024407 0x34e1e 0x90023d67
   5.767 TIGER-SAMPLE pid 0x4b29 n 0x11 thread 0x2703 thread 0x2703 state-kr 0x0 pc 0x90024407 leaf semaphore_wait_signal_trap+0x7 frames: 0x90024407 0x34e1e 0x90023d67
   5.767 TIGER-SAMPLE pid 0x4b29 n 0x11 thread 0x2903 thread 0x2903 state-kr 0x0 pc 0x90024407 leaf semaphore_wait_signal_trap+0x7 frames: 0x90024407 0x34e1e 0x90023d67
   5.768 TIGER-SAMPLE pid 0x4b29 n 0x11 thread 0x2b03 thread 0x2b03 state-kr 0x0 pc 0x90024407 leaf semaphore_wait_signal_trap+0x7 frames: 0x90024407 0x34e1e 0x90023d67
   5.768 TIGER-SAMPLE pid 0x4b29 n 0x11 thread 0x2f07 thread 0x2f07 state-kr 0x0 pc 0x90019d0c leaf select+0xc frames: 0x90019d0c 0x14c115 0x13f348 0x2fac62b 0x30145f1 0x90023d67
   5.774 TIGER-SAMPLE pid 0x4b24 n 0x15 main 0x117 thread 0x117 state-kr 0x0 pc 0x90009817 leaf mach_msg_trap+0x7 frames: 0x90009817 0x9082d227 0x9082ca42 0x92e06878 0x92e05f82 0x92e05dd9 0x9328cf45 0x9328cb37 0x932868c4 0xc50a 0x8752 0x8679 0x5
   5.775 TIGER-SAMPLE pid 0x4b24 n 0x15 thread 0x1203 thread 0x1203 state-kr 0x0 pc 0x90009817 leaf mach_msg_trap+0x7 frames: 0x90009817 0x2d3fd8 0x90023d67
   5.775 TIGER-SAMPLE pid 0x4b24 n 0x15 thread 0x3207 thread 0x3207 state-kr 0x0 pc 0x90024407 leaf semaphore_wait_signal_trap+0x7 frames: 0x90024407 0x3af7e 0x90023d67
   5.775 TIGER-SAMPLE pid 0x4b24 n 0x15 thread 0x3403 thread 0x3403 state-kr 0x0 pc 0x90024407 leaf semaphore_wait_signal_trap+0x7 frames: 0x90024407 0x3af7e 0x90023d67
   5.775 TIGER-SAMPLE pid 0x4b24 n 0x15 thread 0x5603 thread 0x5603 state-kr 0x0 pc 0x90024407 leaf semaphore_wait_signal_trap+0x7 frames: 0x90024407 0x3af7e 0x90023d67
   5.776 TIGER-SAMPLE pid 0x4b24 n 0x15 thread 0x5903 thread 0x5903 state-kr 0x0 pc 0x900bc3fc leaf poll+0xc frames: 0x900bc3fc 0x2d6a64 0x313ae8b 0x31a40a1 0x90023d67
   5.776 TIGER-SAMPLE pid 0x4b24 n 0x15 thread 0x5a03 thread 0x5a03 state-kr 0x0 pc 0x90024407 leaf semaphore_wait_signal_trap+0x7 frames: 0x90024407 0x3af7e 0x90023d67
   5.776 TIGER-SAMPLE pid 0x4b24 n 0x15 thread 0x5807 thread 0x5807 state-kr 0x0 pc 0x900bc3fc leaf poll+0xc frames: 0x900bc3fc 0x2d6a64 0x313ae8b 0x31a40a1 0x90023d67
   6.006 TIGER-SAMPLE pid 0x4b28 n 0x14 main 0xd03 thread 0xd03 state-kr 0x0 pc 0x10ae0ce22 leaf __semwait_signal+0xa frames: 0x10ae0ce22 0x1040c7667 0x103ff81b2 0x1040ca799 0x1040c9886 0x1040c9469 0x10004a77b 0x100001b4c 0x100001a61 0x3
   6.006 TIGER-SAMPLE pid 0x4b28 n 0x14 thread 0xf03 thread 0xf03 state-kr 0x0 pc 0x10ae56e4e leaf mach_msg_trap+0xa frames: 0x10ae56e4e 0x100328062 0x10ae08e9e
   6.006 TIGER-SAMPLE pid 0x4b28 n 0x14 thread 0x1103 thread 0x1103 state-kr 0x0 pc 0x10ae0ce22 leaf __semwait_signal+0xa frames: 0x10ae0ce22 0x1040c7625 0x103ff81b2 0x1040ca799 0x1040c9886 0x1040c9469 0x10405e84e 0x1040c7049 0x10ae08e9e
   6.007 TIGER-SAMPLE pid 0x4b28 n 0x14 thread 0x2303 thread 0x2303 state-kr 0x0 pc 0x10adbd7e6 leaf poll+0xa frames: 0x10adbd7e6 0x10405e84e 0x1040c7049 0x10ae08e9e
   6.007 TIGER-SAMPLE pid 0x4b28 n 0x14 thread 0x2407 thread 0x2407 state-kr 0x0 pc 0x10ae0ce22 leaf __semwait_signal+0xa frames: 0x10ae0ce22 0x1040c7625 0x103ff81b2 0x1040ca799 0x1040c9886 0x1040c9469 0x10405e84e 0x1040c7049 0x10ae08e9e
   6.007 TIGER-SAMPLE pid 0x4b28 n 0x14 thread 0x2503 thread 0x2503 state-kr 0x0 pc 0x10ae0ce22 leaf __semwait_signal+0xa frames: 0x10ae0ce22 0x1040c7625 0x103ff81b2 0x1040ca799 0x1040c9886 0x1040c9469 0x10405e84e 0x1040c7049 0x10ae08e9e
   6.007 TIGER-SAMPLE pid 0x4b28 n 0x14 thread 0x2603 thread 0x2603 state-kr 0x0 pc 0x10ae0ce22 leaf __semwait_signal+0xa frames: 0x10ae0ce22 0x1040c7625 0x103ff81b2 0x1040ca799 0x1040c9886 0x1040c9469 0x10405e84e 0x1040c7049 0x10ae08e9e
   6.007 TIGER-SAMPLE pid 0x4b28 n 0x14 thread 0x2703 thread 0x2703 state-kr 0x0 pc 0x10ae0ce22 leaf __semwait_signal+0xa frames: 0x10ae0ce22 0x1040c7625 0x103ff81b2 0x1040ca799 0x1040c9886 0x1040c9469 0x10405e84e 0x1040c7049 0x10ae08e9e
   6.007 TIGER-SAMPLE pid 0x4b28 n 0x14 thread 0x2c03 thread 0x2c03 state-kr 0x0 pc 0x10adbd7e6 leaf poll+0xa frames: 0x10adbd7e6 0x1043c3427 0x1043c35ea 0x101f33797 0x101f3f561 0x10405e84e 0x1040c7049 0x10ae08e9e
   6.008 TIGER-SAMPLE pid 0x4b28 n 0x14 thread 0x2e0f thread 0x2e0f state-kr 0x0 pc 0x10ae0ce22 leaf __semwait_signal+0xa frames: 0x10ae0ce22 0x1040c7625 0x103ff81b2 0x1040ca799 0x1040c9886 0x1040c9469 0x10405e84e 0x1040c7049 0x10ae08e9e
   6.018 TIGER-SAMPLE pid 0x4b29 n 0x12 main 0xd03 thread 0xd03 state-kr 0x0 pc 0x90009817 leaf mach_msg_trap+0x7 frames: 0x90009817 0x9082d227 0x9083e100 0x300d9e7 0x4497f 0x83d4 0x83a2 0x82c9 0x3
   6.019 TIGER-SAMPLE pid 0x4b29 n 0x12 thread 0x1103 thread 0x1103 state-kr 0x0 pc 0x90009817 leaf mach_msg_trap+0x7 frames: 0x90009817 0x148f48 0x90023d67
   6.019 TIGER-SAMPLE pid 0x4b29 n 0x12 thread 0x1303 thread 0x1303 state-kr 0x0 pc 0x900bc3fc leaf poll+0xc frames: 0x900bc3fc 0x14bc44 0x2fac62b 0x30145f1 0x90023d67
   6.019 TIGER-SAMPLE pid 0x4b29 n 0x12 thread 0x2507 thread 0x2507 state-kr 0x0 pc 0x90024407 leaf semaphore_wait_signal_trap+0x7 frames: 0x90024407 0x34e1e 0x90023d67
   6.019 TIGER-SAMPLE pid 0x4b29 n 0x12 thread 0x2703 thread 0x2703 state-kr 0x0 pc 0x90024407 leaf semaphore_wait_signal_trap+0x7 frames: 0x90024407 0x34e1e 0x90023d67
   6.019 TIGER-SAMPLE pid 0x4b29 n 0x12 thread 0x2903 thread 0x2903 state-kr 0x0 pc 0x90024407 leaf semaphore_wait_signal_trap+0x7 frames: 0x90024407 0x34e1e 0x90023d67
   6.020 TIGER-SAMPLE pid 0x4b29 n 0x12 thread 0x2b03 thread 0x2b03 state-kr 0x0 pc 0x90024407 leaf semaphore_wait_signal_trap+0x7 frames: 0x90024407 0x34e1e 0x90023d67
   6.020 TIGER-SAMPLE pid 0x4b29 n 0x12 thread 0x2f07 thread 0x2f07 state-kr 0x0 pc 0x90019d0c leaf select+0xc frames: 0x90019d0c 0x14c115 0x13f348 0x2fac62b 0x30145f1 0x90023d67
   6.027 TIGER-SAMPLE pid 0x4b24 n 0x16 main 0x117 thread 0x117 state-kr 0x0 pc 0x90009817 leaf mach_msg_trap+0x7 frames: 0x90009817 0x9082d227 0x9082ca42 0x92e06878 0x92e05f82 0x92e05dd9 0x9328cf45 0x9328cb37 0x932868c4 0xc50a 0x8752 0x8679 0x5
   6.027 TIGER-SAMPLE pid 0x4b24 n 0x16 thread 0x1203 thread 0x1203 state-kr 0x0 pc 0x90009817 leaf mach_msg_trap+0x7 frames: 0x90009817 0x2d3fd8 0x90023d67
   6.027 TIGER-SAMPLE pid 0x4b24 n 0x16 thread 0x3207 thread 0x3207 state-kr 0x0 pc 0x90024407 leaf semaphore_wait_signal_trap+0x7 frames: 0x90024407 0x3af7e 0x90023d67
   6.027 TIGER-SAMPLE pid 0x4b24 n 0x16 thread 0x3403 thread 0x3403 state-kr 0x0 pc 0x90024407 leaf semaphore_wait_signal_trap+0x7 frames: 0x90024407 0x3af7e 0x90023d67
   6.028 TIGER-SAMPLE pid 0x4b24 n 0x16 thread 0x5603 thread 0x5603 state-kr 0x0 pc 0x90024407 leaf semaphore_wait_signal_trap+0x7 frames: 0x90024407 0x3af7e 0x90023d67
   6.028 TIGER-SAMPLE pid 0x4b24 n 0x16 thread 0x5903 thread 0x5903 state-kr 0x0 pc 0x900bc3fc leaf poll+0xc frames: 0x900bc3fc 0x2d6a64 0x313ae8b 0x31a40a1 0x90023d67
   6.028 TIGER-SAMPLE pid 0x4b24 n 0x16 thread 0x5a03 thread 0x5a03 state-kr 0x0 pc 0x90024407 leaf semaphore_wait_signal_trap+0x7 frames: 0x90024407 0x3af7e 0x90023d67
   6.028 TIGER-SAMPLE pid 0x4b24 n 0x16 thread 0x5807 thread 0x5807 state-kr 0x0 pc 0x900bc3fc leaf poll+0xc frames: 0x900bc3fc 0x2d6a64 0x313ae8b 0x31a40a1 0x90023d67
   6.258 TIGER-SAMPLE pid 0x4b28 n 0x15 main 0xd03 thread 0xd03 state-kr 0x0 pc 0x10ae0ce22 leaf __semwait_signal+0xa frames: 0x10ae0ce22 0x1040c7667 0x103ff81b2 0x1040ca799 0x1040c9886 0x1040c9469 0x10004a77b 0x100001b4c 0x100001a61 0x3
   6.258 TIGER-SAMPLE pid 0x4b28 n 0x15 thread 0xf03 thread 0xf03 state-kr 0x0 pc 0x10ae56e4e leaf mach_msg_trap+0xa frames: 0x10ae56e4e 0x100328062 0x10ae08e9e
   6.258 TIGER-SAMPLE pid 0x4b28 n 0x15 thread 0x1103 thread 0x1103 state-kr 0x0 pc 0x10ae0ce22 leaf __semwait_signal+0xa frames: 0x10ae0ce22 0x1040c7625 0x103ff81b2 0x1040ca799 0x1040c9886 0x1040c9469 0x10405e84e 0x1040c7049 0x10ae08e9e
   6.258 TIGER-SAMPLE pid 0x4b28 n 0x15 thread 0x2303 thread 0x2303 state-kr 0x0 pc 0x10adbd7e6 leaf poll+0xa frames: 0x10adbd7e6 0x10405e84e 0x1040c7049 0x10ae08e9e
   6.259 TIGER-SAMPLE pid 0x4b28 n 0x15 thread 0x2407 thread 0x2407 state-kr 0x0 pc 0x10ae0ce22 leaf __semwait_signal+0xa frames: 0x10ae0ce22 0x1040c7625 0x103ff81b2 0x1040ca799 0x1040c9886 0x1040c9469 0x10405e84e 0x1040c7049 0x10ae08e9e
   6.259 TIGER-SAMPLE pid 0x4b28 n 0x15 thread 0x2503 thread 0x2503 state-kr 0x0 pc 0x10ae0ce22 leaf __semwait_signal+0xa frames: 0x10ae0ce22 0x1040c7625 0x103ff81b2 0x1040ca799 0x1040c9886 0x1040c9469 0x10405e84e 0x1040c7049 0x10ae08e9e
   6.259 TIGER-SAMPLE pid 0x4b28 n 0x15 thread 0x2603 thread 0x2603 state-kr 0x0 pc 0x10ae0ce22 leaf __semwait_signal+0xa frames: 0x10ae0ce22 0x1040c7625 0x103ff81b2 0x1040ca799 0x1040c9886 0x1040c9469 0x10405e84e 0x1040c7049 0x10ae08e9e
   6.259 TIGER-SAMPLE pid 0x4b28 n 0x15 thread 0x2703 thread 0x2703 state-kr 0x0 pc 0x10ae0ce22 leaf __semwait_signal+0xa frames: 0x10ae0ce22 0x1040c7625 0x103ff81b2 0x1040ca799 0x1040c9886 0x1040c9469 0x10405e84e 0x1040c7049 0x10ae08e9e
   6.259 TIGER-SAMPLE pid 0x4b28 n 0x15 thread 0x2c03 thread 0x2c03 state-kr 0x0 pc 0x10adbd7e6 leaf poll+0xa frames: 0x10adbd7e6 0x1043c3427 0x1043c35ea 0x101f33797 0x101f3f561 0x10405e84e 0x1040c7049 0x10ae08e9e
   6.259 TIGER-SAMPLE pid 0x4b28 n 0x15 thread 0x2e0f thread 0x2e0f state-kr 0x0 pc 0x10ae0ce22 leaf __semwait_signal+0xa frames: 0x10ae0ce22 0x1040c7625 0x103ff81b2 0x1040ca799 0x1040c9886 0x1040c9469 0x10405e84e 0x1040c7049 0x10ae08e9e
   6.271 TIGER-SAMPLE pid 0x4b29 n 0x13 main 0xd03 thread 0xd03 state-kr 0x0 pc 0x90009817 leaf mach_msg_trap+0x7 frames: 0x90009817 0x9082d227 0x9083e100 0x300d9e7 0x4497f 0x83d4 0x83a2 0x82c9 0x3
   6.271 TIGER-SAMPLE pid 0x4b29 n 0x13 thread 0x1103 thread 0x1103 state-kr 0x0 pc 0x90009817 leaf mach_msg_trap+0x7 frames: 0x90009817 0x148f48 0x90023d67
   6.271 TIGER-SAMPLE pid 0x4b29 n 0x13 thread 0x1303 thread 0x1303 state-kr 0x0 pc 0x900bc3fc leaf poll+0xc frames: 0x900bc3fc 0x14bc44 0x2fac62b 0x30145f1 0x90023d67
   6.271 TIGER-SAMPLE pid 0x4b29 n 0x13 thread 0x2507 thread 0x2507 state-kr 0x0 pc 0x90024407 leaf semaphore_wait_signal_trap+0x7 frames: 0x90024407 0x34e1e 0x90023d67
   6.271 TIGER-SAMPLE pid 0x4b29 n 0x13 thread 0x2703 thread 0x2703 state-kr 0x0 pc 0x90024407 leaf semaphore_wait_signal_trap+0x7 frames: 0x90024407 0x34e1e 0x90023d67
   6.272 TIGER-SAMPLE pid 0x4b29 n 0x13 thread 0x2903 thread 0x2903 state-kr 0x0 pc 0x90024407 leaf semaphore_wait_signal_trap+0x7 frames: 0x90024407 0x34e1e 0x90023d67
   6.272 TIGER-SAMPLE pid 0x4b29 n 0x13 thread 0x2b03 thread 0x2b03 state-kr 0x0 pc 0x90024407 leaf semaphore_wait_signal_trap+0x7 frames: 0x90024407 0x34e1e 0x90023d67
   6.272 TIGER-SAMPLE pid 0x4b29 n 0x13 thread 0x2f07 thread 0x2f07 state-kr 0x0 pc 0x90019d0c leaf select+0xc frames: 0x90019d0c 0x14c115 0x13f348 0x2fac62b 0x30145f1 0x90023d67
   6.279 TIGER-SAMPLE pid 0x4b24 n 0x17 main 0x117 thread 0x117 state-kr 0x0 pc 0x90009817 leaf mach_msg_trap+0x7 frames: 0x90009817 0x9082d227 0x9082ca42 0x92e06878 0x92e05f82 0x92e05dd9 0x9328cf45 0x9328cb37 0x932868c4 0xc50a 0x8752 0x8679 0x5
   6.279 TIGER-SAMPLE pid 0x4b24 n 0x17 thread 0x1203 thread 0x1203 state-kr 0x0 pc 0x90009817 leaf mach_msg_trap+0x7 frames: 0x90009817 0x2d3fd8 0x90023d67
   6.279 TIGER-SAMPLE pid 0x4b24 n 0x17 thread 0x3207 thread 0x3207 state-kr 0x0 pc 0x90024407 leaf semaphore_wait_signal_trap+0x7 frames: 0x90024407 0x3af7e 0x90023d67
   6.280 TIGER-SAMPLE pid 0x4b24 n 0x17 thread 0x3403 thread 0x3403 state-kr 0x0 pc 0x90024407 leaf semaphore_wait_signal_trap+0x7 frames: 0x90024407 0x3af7e 0x90023d67
   6.280 TIGER-SAMPLE pid 0x4b24 n 0x17 thread 0x5603 thread 0x5603 state-kr 0x0 pc 0x90024407 leaf semaphore_wait_signal_trap+0x7 frames: 0x90024407 0x3af7e 0x90023d67
   6.280 TIGER-SAMPLE pid 0x4b24 n 0x17 thread 0x5903 thread 0x5903 state-kr 0x0 pc 0x900bc3fc leaf poll+0xc frames: 0x900bc3fc 0x2d6a64 0x313ae8b 0x31a40a1 0x90023d67
   6.280 TIGER-SAMPLE pid 0x4b24 n 0x17 thread 0x5a03 thread 0x5a03 state-kr 0x0 pc 0x90024407 leaf semaphore_wait_signal_trap+0x7 frames: 0x90024407 0x3af7e 0x90023d67
   6.281 TIGER-SAMPLE pid 0x4b24 n 0x17 thread 0x5807 thread 0x5807 state-kr 0x0 pc 0x900bc3fc leaf poll+0xc frames: 0x900bc3fc 0x2d6a64 0x313ae8b 0x31a40a1 0x90023d67
   6.510 TIGER-SAMPLE pid 0x4b28 n 0x16 main 0xd03 thread 0xd03 state-kr 0x0 pc 0x10ae0ce22 leaf __semwait_signal+0xa frames: 0x10ae0ce22 0x1040c7667 0x103ff81b2 0x1040ca799 0x1040c9886 0x1040c9469 0x10004a77b 0x100001b4c 0x100001a61 0x3
   6.510 TIGER-SAMPLE pid 0x4b28 n 0x16 thread 0xf03 thread 0xf03 state-kr 0x0 pc 0x10ae56e4e leaf mach_msg_trap+0xa frames: 0x10ae56e4e 0x100328062 0x10ae08e9e
   6.510 TIGER-SAMPLE pid 0x4b28 n 0x16 thread 0x1103 thread 0x1103 state-kr 0x0 pc 0x10ae0ce22 leaf __semwait_signal+0xa frames: 0x10ae0ce22 0x1040c7625 0x103ff81b2 0x1040ca799 0x1040c9886 0x1040c9469 0x10405e84e 0x1040c7049 0x10ae08e9e
   6.510 TIGER-SAMPLE pid 0x4b28 n 0x16 thread 0x2303 thread 0x2303 state-kr 0x0 pc 0x10adbd7e6 leaf poll+0xa frames: 0x10adbd7e6 0x10405e84e 0x1040c7049 0x10ae08e9e
   6.510 TIGER-SAMPLE pid 0x4b28 n 0x16 thread 0x2407 thread 0x2407 state-kr 0x0 pc 0x10ae0ce22 leaf __semwait_signal+0xa frames: 0x10ae0ce22 0x1040c7625 0x103ff81b2 0x1040ca799 0x1040c9886 0x1040c9469 0x10405e84e 0x1040c7049 0x10ae08e9e
   6.511 TIGER-SAMPLE pid 0x4b28 n 0x16 thread 0x2503 thread 0x2503 state-kr 0x0 pc 0x10ae0ce22 leaf __semwait_signal+0xa frames: 0x10ae0ce22 0x1040c7625 0x103ff81b2 0x1040ca799 0x1040c9886 0x1040c9469 0x10405e84e 0x1040c7049 0x10ae08e9e
   6.511 TIGER-SAMPLE pid 0x4b28 n 0x16 thread 0x2603 thread 0x2603 state-kr 0x0 pc 0x10ae0ce22 leaf __semwait_signal+0xa frames: 0x10ae0ce22 0x1040c7625 0x103ff81b2 0x1040ca799 0x1040c9886 0x1040c9469 0x10405e84e 0x1040c7049 0x10ae08e9e
   6.511 TIGER-SAMPLE pid 0x4b28 n 0x16 thread 0x2703 thread 0x2703 state-kr 0x0 pc 0x10ae0ce22 leaf __semwait_signal+0xa frames: 0x10ae0ce22 0x1040c7625 0x103ff81b2 0x1040ca799 0x1040c9886 0x1040c9469 0x10405e84e 0x1040c7049 0x10ae08e9e
   6.511 TIGER-SAMPLE pid 0x4b28 n 0x16 thread 0x2c03 thread 0x2c03 state-kr 0x0 pc 0x10adbd7e6 leaf poll+0xa frames: 0x10adbd7e6 0x1043c3427 0x1043c35ea 0x101f33797 0x101f3f561 0x10405e84e 0x1040c7049 0x10ae08e9e
   6.511 TIGER-SAMPLE pid 0x4b28 n 0x16 thread 0x2e0f thread 0x2e0f state-kr 0x0 pc 0x10ae0ce22 leaf __semwait_signal+0xa frames: 0x10ae0ce22 0x1040c7625 0x103ff81b2 0x1040ca799 0x1040c9886 0x1040c9469 0x10405e84e 0x1040c7049 0x10ae08e9e
   6.523 TIGER-SAMPLE pid 0x4b29 n 0x14 main 0xd03 thread 0xd03 state-kr 0x0 pc 0x90009817 leaf mach_msg_trap+0x7 frames: 0x90009817 0x9082d227 0x9083e100 0x300d9e7 0x4497f 0x83d4 0x83a2 0x82c9 0x3
   6.523 TIGER-SAMPLE pid 0x4b29 n 0x14 thread 0x1103 thread 0x1103 state-kr 0x0 pc 0x90009817 leaf mach_msg_trap+0x7 frames: 0x90009817 0x148f48 0x90023d67
   6.523 TIGER-SAMPLE pid 0x4b29 n 0x14 thread 0x1303 thread 0x1303 state-kr 0x0 pc 0x900bc3fc leaf poll+0xc frames: 0x900bc3fc 0x14bc44 0x2fac62b 0x30145f1 0x90023d67
   6.523 TIGER-SAMPLE pid 0x4b29 n 0x14 thread 0x2507 thread 0x2507 state-kr 0x0 pc 0x90024407 leaf semaphore_wait_signal_trap+0x7 frames: 0x90024407 0x34e1e 0x90023d67
   6.524 TIGER-SAMPLE pid 0x4b29 n 0x14 thread 0x2703 thread 0x2703 state-kr 0x0 pc 0x90024407 leaf semaphore_wait_signal_trap+0x7 frames: 0x90024407 0x34e1e 0x90023d67
   6.524 TIGER-SAMPLE pid 0x4b29 n 0x14 thread 0x2903 thread 0x2903 state-kr 0x0 pc 0x90024407 leaf semaphore_wait_signal_trap+0x7 frames: 0x90024407 0x34e1e 0x90023d67
   6.524 TIGER-SAMPLE pid 0x4b29 n 0x14 thread 0x2b03 thread 0x2b03 state-kr 0x0 pc 0x90024407 leaf semaphore_wait_signal_trap+0x7 frames: 0x90024407 0x34e1e 0x90023d67
   6.524 TIGER-SAMPLE pid 0x4b29 n 0x14 thread 0x2f07 thread 0x2f07 state-kr 0x0 pc 0x90019d0c leaf select+0xc frames: 0x90019d0c 0x14c115 0x13f348 0x2fac62b 0x30145f1 0x90023d67
   6.531 TIGER-SAMPLE pid 0x4b24 n 0x18 main 0x117 thread 0x117 state-kr 0x0 pc 0x90009817 leaf mach_msg_trap+0x7 frames: 0x90009817 0x9082d227 0x9082ca42 0x92e06878 0x92e05f82 0x92e05dd9 0x9328cf45 0x9328cb37 0x932868c4 0xc50a 0x8752 0x8679 0x5
   6.531 TIGER-SAMPLE pid 0x4b24 n 0x18 thread 0x1203 thread 0x1203 state-kr 0x0 pc 0x90009817 leaf mach_msg_trap+0x7 frames: 0x90009817 0x2d3fd8 0x90023d67
   6.532 TIGER-SAMPLE pid 0x4b24 n 0x18 thread 0x3207 thread 0x3207 state-kr 0x0 pc 0x90024407 leaf semaphore_wait_signal_trap+0x7 frames: 0x90024407 0x3af7e 0x90023d67
   6.532 TIGER-SAMPLE pid 0x4b24 n 0x18 thread 0x3403 thread 0x3403 state-kr 0x0 pc 0x90024407 leaf semaphore_wait_signal_trap+0x7 frames: 0x90024407 0x3af7e 0x90023d67
   6.532 TIGER-SAMPLE pid 0x4b24 n 0x18 thread 0x5603 thread 0x5603 state-kr 0x0 pc 0x90024407 leaf semaphore_wait_signal_trap+0x7 frames: 0x90024407 0x3af7e 0x90023d67
   6.532 TIGER-SAMPLE pid 0x4b24 n 0x18 thread 0x5903 thread 0x5903 state-kr 0x0 pc 0x900bc3fc leaf poll+0xc frames: 0x900bc3fc 0x2d6a64 0x313ae8b 0x31a40a1 0x90023d67
   6.533 TIGER-SAMPLE pid 0x4b24 n 0x18 thread 0x5a03 thread 0x5a03 state-kr 0x0 pc 0x90024407 leaf semaphore_wait_signal_trap+0x7 frames: 0x90024407 0x3af7e 0x90023d67
   6.533 TIGER-SAMPLE pid 0x4b24 n 0x18 thread 0x5807 thread 0x5807 state-kr 0x0 pc 0x900bc3fc leaf poll+0xc frames: 0x900bc3fc 0x2d6a64 0x313ae8b 0x31a40a1 0x90023d67
   6.762 TIGER-SAMPLE pid 0x4b28 n 0x17 main 0xd03 thread 0xd03 state-kr 0x0 pc 0x10ae0ce22 leaf __semwait_signal+0xa frames: 0x10ae0ce22 0x1040c7667 0x103ff81b2 0x1040ca799 0x1040c9886 0x1040c9469 0x10004a77b 0x100001b4c 0x100001a61 0x3
   6.762 TIGER-SAMPLE pid 0x4b28 n 0x17 thread 0xf03 thread 0xf03 state-kr 0x0 pc 0x10ae56e4e leaf mach_msg_trap+0xa frames: 0x10ae56e4e 0x100328062 0x10ae08e9e
   6.762 TIGER-SAMPLE pid 0x4b28 n 0x17 thread 0x1103 thread 0x1103 state-kr 0x0 pc 0x10ae0ce22 leaf __semwait_signal+0xa frames: 0x10ae0ce22 0x1040c7625 0x103ff81b2 0x1040ca799 0x1040c9886 0x1040c9469 0x10405e84e 0x1040c7049 0x10ae08e9e
   6.762 TIGER-SAMPLE pid 0x4b28 n 0x17 thread 0x2303 thread 0x2303 state-kr 0x0 pc 0x10adbd7e6 leaf poll+0xa frames: 0x10adbd7e6 0x10405e84e 0x1040c7049 0x10ae08e9e
   6.762 TIGER-SAMPLE pid 0x4b28 n 0x17 thread 0x2407 thread 0x2407 state-kr 0x0 pc 0x10ae0ce22 leaf __semwait_signal+0xa frames: 0x10ae0ce22 0x1040c7625 0x103ff81b2 0x1040ca799 0x1040c9886 0x1040c9469 0x10405e84e 0x1040c7049 0x10ae08e9e
   6.762 TIGER-SAMPLE pid 0x4b28 n 0x17 thread 0x2503 thread 0x2503 state-kr 0x0 pc 0x10ae0ce22 leaf __semwait_signal+0xa frames: 0x10ae0ce22 0x1040c7625 0x103ff81b2 0x1040ca799 0x1040c9886 0x1040c9469 0x10405e84e 0x1040c7049 0x10ae08e9e
   6.763 TIGER-SAMPLE pid 0x4b28 n 0x17 thread 0x2603 thread 0x2603 state-kr 0x0 pc 0x10ae0ce22 leaf __semwait_signal+0xa frames: 0x10ae0ce22 0x1040c7625 0x103ff81b2 0x1040ca799 0x1040c9886 0x1040c9469 0x10405e84e 0x1040c7049 0x10ae08e9e
   6.763 TIGER-SAMPLE pid 0x4b28 n 0x17 thread 0x2703 thread 0x2703 state-kr 0x0 pc 0x10ae0ce22 leaf __semwait_signal+0xa frames: 0x10ae0ce22 0x1040c7625 0x103ff81b2 0x1040ca799 0x1040c9886 0x1040c9469 0x10405e84e 0x1040c7049 0x10ae08e9e
   6.763 TIGER-SAMPLE pid 0x4b28 n 0x17 thread 0x2c03 thread 0x2c03 state-kr 0x0 pc 0x10adbd7e6 leaf poll+0xa frames: 0x10adbd7e6 0x1043c3427 0x1043c35ea 0x101f33797 0x101f3f561 0x10405e84e 0x1040c7049 0x10ae08e9e
   6.763 TIGER-SAMPLE pid 0x4b28 n 0x17 thread 0x2e0f thread 0x2e0f state-kr 0x0 pc 0x10ae0ce22 leaf __semwait_signal+0xa frames: 0x10ae0ce22 0x1040c7625 0x103ff81b2 0x1040ca799 0x1040c9886 0x1040c9469 0x10405e84e 0x1040c7049 0x10ae08e9e
   6.775 TIGER-SAMPLE pid 0x4b29 n 0x15 main 0xd03 thread 0xd03 state-kr 0x0 pc 0x90009817 leaf mach_msg_trap+0x7 frames: 0x90009817 0x9082d227 0x9083e100 0x300d9e7 0x4497f 0x83d4 0x83a2 0x82c9 0x3
   6.775 TIGER-SAMPLE pid 0x4b29 n 0x15 thread 0x1103 thread 0x1103 state-kr 0x0 pc 0x90009817 leaf mach_msg_trap+0x7 frames: 0x90009817 0x148f48 0x90023d67
   6.775 TIGER-SAMPLE pid 0x4b29 n 0x15 thread 0x1303 thread 0x1303 state-kr 0x0 pc 0x900bc3fc leaf poll+0xc frames: 0x900bc3fc 0x14bc44 0x2fac62b 0x30145f1 0x90023d67
   6.776 TIGER-SAMPLE pid 0x4b29 n 0x15 thread 0x2507 thread 0x2507 state-kr 0x0 pc 0x90024407 leaf semaphore_wait_signal_trap+0x7 frames: 0x90024407 0x34e1e 0x90023d67
   6.776 TIGER-SAMPLE pid 0x4b29 n 0x15 thread 0x2703 thread 0x2703 state-kr 0x0 pc 0x90024407 leaf semaphore_wait_signal_trap+0x7 frames: 0x90024407 0x34e1e 0x90023d67
   6.776 TIGER-SAMPLE pid 0x4b29 n 0x15 thread 0x2903 thread 0x2903 state-kr 0x0 pc 0x90024407 leaf semaphore_wait_signal_trap+0x7 frames: 0x90024407 0x34e1e 0x90023d67
   6.776 TIGER-SAMPLE pid 0x4b29 n 0x15 thread 0x2b03 thread 0x2b03 state-kr 0x0 pc 0x90024407 leaf semaphore_wait_signal_trap+0x7 frames: 0x90024407 0x34e1e 0x90023d67
   6.777 TIGER-SAMPLE pid 0x4b29 n 0x15 thread 0x2f07 thread 0x2f07 state-kr 0x0 pc 0x90019d0c leaf select+0xc frames: 0x90019d0c 0x14c115 0x13f348 0x2fac62b 0x30145f1 0x90023d67
   6.783 TIGER-SAMPLE pid 0x4b24 n 0x19 main 0x117 thread 0x117 state-kr 0x0 pc 0x90009817 leaf mach_msg_trap+0x7 frames: 0x90009817 0x9082d227 0x9082ca42 0x92e06878 0x92e05f82 0x92e05dd9 0x9328cf45 0x9328cb37 0x932868c4 0xc50a 0x8752 0x8679 0x5
   6.784 TIGER-SAMPLE pid 0x4b24 n 0x19 thread 0x1203 thread 0x1203 state-kr 0x0 pc 0x90009817 leaf mach_msg_trap+0x7 frames: 0x90009817 0x2d3fd8 0x90023d67
   6.784 TIGER-SAMPLE pid 0x4b24 n 0x19 thread 0x3207 thread 0x3207 state-kr 0x0 pc 0x90024407 leaf semaphore_wait_signal_trap+0x7 frames: 0x90024407 0x3af7e 0x90023d67
   6.784 TIGER-SAMPLE pid 0x4b24 n 0x19 thread 0x3403 thread 0x3403 state-kr 0x0 pc 0x90024407 leaf semaphore_wait_signal_trap+0x7 frames: 0x90024407 0x3af7e 0x90023d67
   6.784 TIGER-SAMPLE pid 0x4b24 n 0x19 thread 0x5603 thread 0x5603 state-kr 0x0 pc 0x90024407 leaf semaphore_wait_signal_trap+0x7 frames: 0x90024407 0x3af7e 0x90023d67
   6.785 TIGER-SAMPLE pid 0x4b24 n 0x19 thread 0x5903 thread 0x5903 state-kr 0x0 pc 0x900bc3fc leaf poll+0xc frames: 0x900bc3fc 0x2d6a64 0x313ae8b 0x31a40a1 0x90023d67
   6.785 TIGER-SAMPLE pid 0x4b24 n 0x19 thread 0x5a03 thread 0x5a03 state-kr 0x0 pc 0x90024407 leaf semaphore_wait_signal_trap+0x7 frames: 0x90024407 0x3af7e 0x90023d67
   6.785 TIGER-SAMPLE pid 0x4b24 n 0x19 thread 0x5807 thread 0x5807 state-kr 0x0 pc 0x900bc3fc leaf poll+0xc frames: 0x900bc3fc 0x2d6a64 0x313ae8b 0x31a40a1 0x90023d67
   7.013 TIGER-SAMPLE pid 0x4b28 n 0x18 main 0xd03 thread 0xd03 state-kr 0x0 pc 0x10ae0ce22 leaf __semwait_signal+0xa frames: 0x10ae0ce22 0x1040c7667 0x103ff81b2 0x1040ca799 0x1040c9886 0x1040c9469 0x10004a77b 0x100001b4c 0x100001a61 0x3
   7.014 TIGER-SAMPLE pid 0x4b28 n 0x18 thread 0xf03 thread 0xf03 state-kr 0x0 pc 0x10ae56e4e leaf mach_msg_trap+0xa frames: 0x10ae56e4e 0x100328062 0x10ae08e9e
   7.014 TIGER-SAMPLE pid 0x4b28 n 0x18 thread 0x1103 thread 0x1103 state-kr 0x0 pc 0x10ae0ce22 leaf __semwait_signal+0xa frames: 0x10ae0ce22 0x1040c7625 0x103ff81b2 0x1040ca799 0x1040c9886 0x1040c9469 0x10405e84e 0x1040c7049 0x10ae08e9e
   7.014 TIGER-SAMPLE pid 0x4b28 n 0x18 thread 0x2303 thread 0x2303 state-kr 0x0 pc 0x10adbd7e6 leaf poll+0xa frames: 0x10adbd7e6 0x10405e84e 0x1040c7049 0x10ae08e9e
   7.014 TIGER-SAMPLE pid 0x4b28 n 0x18 thread 0x2407 thread 0x2407 state-kr 0x0 pc 0x10ae0ce22 leaf __semwait_signal+0xa frames: 0x10ae0ce22 0x1040c7625 0x103ff81b2 0x1040ca799 0x1040c9886 0x1040c9469 0x10405e84e 0x1040c7049 0x10ae08e9e
   7.014 TIGER-SAMPLE pid 0x4b28 n 0x18 thread 0x2503 thread 0x2503 state-kr 0x0 pc 0x10ae0ce22 leaf __semwait_signal+0xa frames: 0x10ae0ce22 0x1040c7625 0x103ff81b2 0x1040ca799 0x1040c9886 0x1040c9469 0x10405e84e 0x1040c7049 0x10ae08e9e
   7.014 TIGER-SAMPLE pid 0x4b28 n 0x18 thread 0x2603 thread 0x2603 state-kr 0x0 pc 0x10ae0ce22 leaf __semwait_signal+0xa frames: 0x10ae0ce22 0x1040c7625 0x103ff81b2 0x1040ca799 0x1040c9886 0x1040c9469 0x10405e84e 0x1040c7049 0x10ae08e9e
   7.015 TIGER-SAMPLE pid 0x4b28 n 0x18 thread 0x2703 thread 0x2703 state-kr 0x0 pc 0x10ae0ce22 leaf __semwait_signal+0xa frames: 0x10ae0ce22 0x1040c7625 0x103ff81b2 0x1040ca799 0x1040c9886 0x1040c9469 0x10405e84e 0x1040c7049 0x10ae08e9e
   7.015 TIGER-SAMPLE pid 0x4b28 n 0x18 thread 0x2c03 thread 0x2c03 state-kr 0x0 pc 0x10adbd7e6 leaf poll+0xa frames: 0x10adbd7e6 0x1043c3427 0x1043c35ea 0x101f33797 0x101f3f561 0x10405e84e 0x1040c7049 0x10ae08e9e
   7.015 TIGER-SAMPLE pid 0x4b28 n 0x18 thread 0x2e0f thread 0x2e0f state-kr 0x0 pc 0x10ae0ce22 leaf __semwait_signal+0xa frames: 0x10ae0ce22 0x1040c7625 0x103ff81b2 0x1040ca799 0x1040c9886 0x1040c9469 0x10405e84e 0x1040c7049 0x10ae08e9e
   7.027 TIGER-SAMPLE pid 0x4b29 n 0x16 main 0xd03 thread 0xd03 state-kr 0x0 pc 0x90009817 leaf mach_msg_trap+0x7 frames: 0x90009817 0x9082d227 0x9083e100 0x300d9e7 0x4497f 0x83d4 0x83a2 0x82c9 0x3
   7.027 TIGER-SAMPLE pid 0x4b29 n 0x16 thread 0x1103 thread 0x1103 state-kr 0x0 pc 0x90009817 leaf mach_msg_trap+0x7 frames: 0x90009817 0x148f48 0x90023d67
   7.028 TIGER-SAMPLE pid 0x4b29 n 0x16 thread 0x1303 thread 0x1303 state-kr 0x0 pc 0x900bc3fc leaf poll+0xc frames: 0x900bc3fc 0x14bc44 0x2fac62b 0x30145f1 0x90023d67
   7.028 TIGER-SAMPLE pid 0x4b29 n 0x16 thread 0x2507 thread 0x2507 state-kr 0x0 pc 0x90024407 leaf semaphore_wait_signal_trap+0x7 frames: 0x90024407 0x34e1e 0x90023d67
   7.028 TIGER-SAMPLE pid 0x4b29 n 0x16 thread 0x2703 thread 0x2703 state-kr 0x0 pc 0x90024407 leaf semaphore_wait_signal_trap+0x7 frames: 0x90024407 0x34e1e 0x90023d67
   7.029 TIGER-SAMPLE pid 0x4b29 n 0x16 thread 0x2903 thread 0x2903 state-kr 0x0 pc 0x90024407 leaf semaphore_wait_signal_trap+0x7 frames: 0x90024407 0x34e1e 0x90023d67
   7.029 TIGER-SAMPLE pid 0x4b29 n 0x16 thread 0x2b03 thread 0x2b03 state-kr 0x0 pc 0x90024407 leaf semaphore_wait_signal_trap+0x7 frames: 0x90024407 0x34e1e 0x90023d67
   7.029 TIGER-SAMPLE pid 0x4b29 n 0x16 thread 0x2f07 thread 0x2f07 state-kr 0x0 pc 0x90019d0c leaf select+0xc frames: 0x90019d0c 0x14c115 0x13f348 0x2fac62b 0x30145f1 0x90023d67
   7.036 TIGER-SAMPLE pid 0x4b24 n 0x1a main 0x117 thread 0x117 state-kr 0x0 pc 0x90009817 leaf mach_msg_trap+0x7 frames: 0x90009817 0x9082d227 0x9082ca42 0x92e06878 0x92e05f82 0x92e05dd9 0x9328cf45 0x9328cb37 0x932868c4 0xc50a 0x8752 0x8679 0x5
   7.036 TIGER-SAMPLE pid 0x4b24 n 0x1a thread 0x1203 thread 0x1203 state-kr 0x0 pc 0x90009817 leaf mach_msg_trap+0x7 frames: 0x90009817 0x2d3fd8 0x90023d67
   7.036 TIGER-SAMPLE pid 0x4b24 n 0x1a thread 0x3207 thread 0x3207 state-kr 0x0 pc 0x90024407 leaf semaphore_wait_signal_trap+0x7 frames: 0x90024407 0x3af7e 0x90023d67
   7.036 TIGER-SAMPLE pid 0x4b24 n 0x1a thread 0x3403 thread 0x3403 state-kr 0x0 pc 0x90024407 leaf semaphore_wait_signal_trap+0x7 frames: 0x90024407 0x3af7e 0x90023d67
   7.037 TIGER-SAMPLE pid 0x4b24 n 0x1a thread 0x5603 thread 0x5603 state-kr 0x0 pc 0x90024407 leaf semaphore_wait_signal_trap+0x7 frames: 0x90024407 0x3af7e 0x90023d67
   7.037 TIGER-SAMPLE pid 0x4b24 n 0x1a thread 0x5903 thread 0x5903 state-kr 0x0 pc 0x900bc3fc leaf poll+0xc frames: 0x900bc3fc 0x2d6a64 0x313ae8b 0x31a40a1 0x90023d67
   7.037 TIGER-SAMPLE pid 0x4b24 n 0x1a thread 0x5a03 thread 0x5a03 state-kr 0x0 pc 0x90024407 leaf semaphore_wait_signal_trap+0x7 frames: 0x90024407 0x3af7e 0x90023d67
   7.037 TIGER-SAMPLE pid 0x4b24 n 0x1a thread 0x5807 thread 0x5807 state-kr 0x0 pc 0x900bc3fc leaf poll+0xc frames: 0x900bc3fc 0x2d6a64 0x313ae8b 0x31a40a1 0x90023d67
   7.265 TIGER-SAMPLE pid 0x4b28 n 0x19 main 0xd03 thread 0xd03 state-kr 0x0 pc 0x10ae0ce22 leaf __semwait_signal+0xa frames: 0x10ae0ce22 0x1040c7667 0x103ff81b2 0x1040ca799 0x1040c9886 0x1040c9469 0x10004a77b 0x100001b4c 0x100001a61 0x3
   7.265 TIGER-SAMPLE pid 0x4b28 n 0x19 thread 0xf03 thread 0xf03 state-kr 0x0 pc 0x10ae56e4e leaf mach_msg_trap+0xa frames: 0x10ae56e4e 0x100328062 0x10ae08e9e
   7.266 TIGER-SAMPLE pid 0x4b28 n 0x19 thread 0x1103 thread 0x1103 state-kr 0x0 pc 0x10ae0ce22 leaf __semwait_signal+0xa frames: 0x10ae0ce22 0x1040c7625 0x103ff81b2 0x1040ca799 0x1040c9886 0x1040c9469 0x10405e84e 0x1040c7049 0x10ae08e9e
   7.266 TIGER-SAMPLE pid 0x4b28 n 0x19 thread 0x2303 thread 0x2303 state-kr 0x0 pc 0x10adbd7e6 leaf poll+0xa frames: 0x10adbd7e6 0x10405e84e 0x1040c7049 0x10ae08e9e
   7.266 TIGER-SAMPLE pid 0x4b28 n 0x19 thread 0x2407 thread 0x2407 state-kr 0x0 pc 0x10ae0ce22 leaf __semwait_signal+0xa frames: 0x10ae0ce22 0x1040c7625 0x103ff81b2 0x1040ca799 0x1040c9886 0x1040c9469 0x10405e84e 0x1040c7049 0x10ae08e9e
   7.266 TIGER-SAMPLE pid 0x4b28 n 0x19 thread 0x2503 thread 0x2503 state-kr 0x0 pc 0x10ae0ce22 leaf __semwait_signal+0xa frames: 0x10ae0ce22 0x1040c7625 0x103ff81b2 0x1040ca799 0x1040c9886 0x1040c9469 0x10405e84e 0x1040c7049 0x10ae08e9e
   7.266 TIGER-SAMPLE pid 0x4b28 n 0x19 thread 0x2603 thread 0x2603 state-kr 0x0 pc 0x10ae0ce22 leaf __semwait_signal+0xa frames: 0x10ae0ce22 0x1040c7625 0x103ff81b2 0x1040ca799 0x1040c9886 0x1040c9469 0x10405e84e 0x1040c7049 0x10ae08e9e
   7.266 TIGER-SAMPLE pid 0x4b28 n 0x19 thread 0x2703 thread 0x2703 state-kr 0x0 pc 0x10ae0ce22 leaf __semwait_signal+0xa frames: 0x10ae0ce22 0x1040c7625 0x103ff81b2 0x1040ca799 0x1040c9886 0x1040c9469 0x10405e84e 0x1040c7049 0x10ae08e9e
   7.267 TIGER-SAMPLE pid 0x4b28 n 0x19 thread 0x2c03 thread 0x2c03 state-kr 0x0 pc 0x10adbd7e6 leaf poll+0xa frames: 0x10adbd7e6 0x1043c3427 0x1043c35ea 0x101f33797 0x101f3f561 0x10405e84e 0x1040c7049 0x10ae08e9e
   7.267 TIGER-SAMPLE pid 0x4b28 n 0x19 thread 0x2e0f thread 0x2e0f state-kr 0x0 pc 0x10ae0ce22 leaf __semwait_signal+0xa frames: 0x10ae0ce22 0x1040c7625 0x103ff81b2 0x1040ca799 0x1040c9886 0x1040c9469 0x10405e84e 0x1040c7049 0x10ae08e9e
   7.280 TIGER-SAMPLE pid 0x4b29 n 0x17 main 0xd03 thread 0xd03 state-kr 0x0 pc 0x90009817 leaf mach_msg_trap+0x7 frames: 0x90009817 0x9082d227 0x9083e100 0x300d9e7 0x4497f 0x83d4 0x83a2 0x82c9 0x3
   7.280 TIGER-SAMPLE pid 0x4b29 n 0x17 thread 0x1103 thread 0x1103 state-kr 0x0 pc 0x90009817 leaf mach_msg_trap+0x7 frames: 0x90009817 0x148f48 0x90023d67
   7.280 TIGER-SAMPLE pid 0x4b29 n 0x17 thread 0x1303 thread 0x1303 state-kr 0x0 pc 0x900bc3fc leaf poll+0xc frames: 0x900bc3fc 0x14bc44 0x2fac62b 0x30145f1 0x90023d67
   7.280 TIGER-SAMPLE pid 0x4b29 n 0x17 thread 0x2507 thread 0x2507 state-kr 0x0 pc 0x90024407 leaf semaphore_wait_signal_trap+0x7 frames: 0x90024407 0x34e1e 0x90023d67
   7.281 TIGER-SAMPLE pid 0x4b29 n 0x17 thread 0x2703 thread 0x2703 state-kr 0x0 pc 0x90024407 leaf semaphore_wait_signal_trap+0x7 frames: 0x90024407 0x34e1e 0x90023d67
   7.281 TIGER-SAMPLE pid 0x4b29 n 0x17 thread 0x2903 thread 0x2903 state-kr 0x0 pc 0x90024407 leaf semaphore_wait_signal_trap+0x7 frames: 0x90024407 0x34e1e 0x90023d67
   7.281 TIGER-SAMPLE pid 0x4b29 n 0x17 thread 0x2b03 thread 0x2b03 state-kr 0x0 pc 0x90024407 leaf semaphore_wait_signal_trap+0x7 frames: 0x90024407 0x34e1e 0x90023d67
   7.281 TIGER-SAMPLE pid 0x4b29 n 0x17 thread 0x2f07 thread 0x2f07 state-kr 0x0 pc 0x90019d0c leaf select+0xc frames: 0x90019d0c 0x14c115 0x13f348 0x2fac62b 0x30145f1 0x90023d67
   7.288 TIGER-SAMPLE pid 0x4b24 n 0x1b main 0x117 thread 0x117 state-kr 0x0 pc 0x90009817 leaf mach_msg_trap+0x7 frames: 0x90009817 0x9082d227 0x9082ca42 0x92e06878 0x92e05f82 0x92e05dd9 0x9328cf45 0x9328cb37 0x932868c4 0xc50a 0x8752 0x8679 0x5
   7.288 TIGER-SAMPLE pid 0x4b24 n 0x1b thread 0x1203 thread 0x1203 state-kr 0x0 pc 0x90009817 leaf mach_msg_trap+0x7 frames: 0x90009817 0x2d3fd8 0x90023d67
   7.288 TIGER-SAMPLE pid 0x4b24 n 0x1b thread 0x3207 thread 0x3207 state-kr 0x0 pc 0x90024407 leaf semaphore_wait_signal_trap+0x7 frames: 0x90024407 0x3af7e 0x90023d67
   7.288 TIGER-SAMPLE pid 0x4b24 n 0x1b thread 0x3403 thread 0x3403 state-kr 0x0 pc 0x90024407 leaf semaphore_wait_signal_trap+0x7 frames: 0x90024407 0x3af7e 0x90023d67
   7.289 TIGER-SAMPLE pid 0x4b24 n 0x1b thread 0x5603 thread 0x5603 state-kr 0x0 pc 0x90024407 leaf semaphore_wait_signal_trap+0x7 frames: 0x90024407 0x3af7e 0x90023d67
   7.289 TIGER-SAMPLE pid 0x4b24 n 0x1b thread 0x5903 thread 0x5903 state-kr 0x0 pc 0x900bc3fc leaf poll+0xc frames: 0x900bc3fc 0x2d6a64 0x313ae8b 0x31a40a1 0x90023d67
   7.289 TIGER-SAMPLE pid 0x4b24 n 0x1b thread 0x5a03 thread 0x5a03 state-kr 0x0 pc 0x90024407 leaf semaphore_wait_signal_trap+0x7 frames: 0x90024407 0x3af7e 0x90023d67
   7.289 TIGER-SAMPLE pid 0x4b24 n 0x1b thread 0x5807 thread 0x5807 state-kr 0x0 pc 0x900bc3fc leaf poll+0xc frames: 0x900bc3fc 0x2d6a64 0x313ae8b 0x31a40a1 0x90023d67
   7.517 TIGER-SAMPLE pid 0x4b28 n 0x1a main 0xd03 thread 0xd03 state-kr 0x0 pc 0x10ae0ce22 leaf __semwait_signal+0xa frames: 0x10ae0ce22 0x1040c7667 0x103ff81b2 0x1040ca799 0x1040c9886 0x1040c9469 0x10004a77b 0x100001b4c 0x100001a61 0x3
   7.517 TIGER-SAMPLE pid 0x4b28 n 0x1a thread 0xf03 thread 0xf03 state-kr 0x0 pc 0x10ae56e4e leaf mach_msg_trap+0xa frames: 0x10ae56e4e 0x100328062 0x10ae08e9e
   7.517 TIGER-SAMPLE pid 0x4b28 n 0x1a thread 0x1103 thread 0x1103 state-kr 0x0 pc 0x10ae0ce22 leaf __semwait_signal+0xa frames: 0x10ae0ce22 0x1040c7625 0x103ff81b2 0x1040ca799 0x1040c9886 0x1040c9469 0x10405e84e 0x1040c7049 0x10ae08e9e
   7.518 TIGER-SAMPLE pid 0x4b28 n 0x1a thread 0x2303 thread 0x2303 state-kr 0x0 pc 0x10adbd7e6 leaf poll+0xa frames: 0x10adbd7e6 0x10405e84e 0x1040c7049 0x10ae08e9e
   7.518 TIGER-SAMPLE pid 0x4b28 n 0x1a thread 0x2407 thread 0x2407 state-kr 0x0 pc 0x10ae0ce22 leaf __semwait_signal+0xa frames: 0x10ae0ce22 0x1040c7625 0x103ff81b2 0x1040ca799 0x1040c9886 0x1040c9469 0x10405e84e 0x1040c7049 0x10ae08e9e
   7.518 TIGER-SAMPLE pid 0x4b28 n 0x1a thread 0x2503 thread 0x2503 state-kr 0x0 pc 0x10ae0ce22 leaf __semwait_signal+0xa frames: 0x10ae0ce22 0x1040c7625 0x103ff81b2 0x1040ca799 0x1040c9886 0x1040c9469 0x10405e84e 0x1040c7049 0x10ae08e9e
   7.518 TIGER-SAMPLE pid 0x4b28 n 0x1a thread 0x2603 thread 0x2603 state-kr 0x0 pc 0x10ae0ce22 leaf __semwait_signal+0xa frames: 0x10ae0ce22 0x1040c7625 0x103ff81b2 0x1040ca799 0x1040c9886 0x1040c9469 0x10405e84e 0x1040c7049 0x10ae08e9e
   7.518 TIGER-SAMPLE pid 0x4b28 n 0x1a thread 0x2703 thread 0x2703 state-kr 0x0 pc 0x10ae0ce22 leaf __semwait_signal+0xa frames: 0x10ae0ce22 0x1040c7625 0x103ff81b2 0x1040ca799 0x1040c9886 0x1040c9469 0x10405e84e 0x1040c7049 0x10ae08e9e
   7.518 TIGER-SAMPLE pid 0x4b28 n 0x1a thread 0x2c03 thread 0x2c03 state-kr 0x0 pc 0x10adbd7e6 leaf poll+0xa frames: 0x10adbd7e6 0x1043c3427 0x1043c35ea 0x101f33797 0x101f3f561 0x10405e84e 0x1040c7049 0x10ae08e9e
   7.518 TIGER-SAMPLE pid 0x4b28 n 0x1a thread 0x2e0f thread 0x2e0f state-kr 0x0 pc 0x10ae0ce22 leaf __semwait_signal+0xa frames: 0x10ae0ce22 0x1040c7625 0x103ff81b2 0x1040ca799 0x1040c9886 0x1040c9469 0x10405e84e 0x1040c7049 0x10ae08e9e
   7.532 TIGER-SAMPLE pid 0x4b29 n 0x18 main 0xd03 thread 0xd03 state-kr 0x0 pc 0x90009817 leaf mach_msg_trap+0x7 frames: 0x90009817 0x9082d227 0x9083e100 0x300d9e7 0x4497f 0x83d4 0x83a2 0x82c9 0x3
   7.532 TIGER-SAMPLE pid 0x4b29 n 0x18 thread 0x1103 thread 0x1103 state-kr 0x0 pc 0x90009817 leaf mach_msg_trap+0x7 frames: 0x90009817 0x148f48 0x90023d67
   7.532 TIGER-SAMPLE pid 0x4b29 n 0x18 thread 0x1303 thread 0x1303 state-kr 0x0 pc 0x900bc3fc leaf poll+0xc frames: 0x900bc3fc 0x14bc44 0x2fac62b 0x30145f1 0x90023d67
   7.532 TIGER-SAMPLE pid 0x4b29 n 0x18 thread 0x2507 thread 0x2507 state-kr 0x0 pc 0x90024407 leaf semaphore_wait_signal_trap+0x7 frames: 0x90024407 0x34e1e 0x90023d67
   7.533 TIGER-SAMPLE pid 0x4b29 n 0x18 thread 0x2703 thread 0x2703 state-kr 0x0 pc 0x90024407 leaf semaphore_wait_signal_trap+0x7 frames: 0x90024407 0x34e1e 0x90023d67
   7.533 TIGER-SAMPLE pid 0x4b29 n 0x18 thread 0x2903 thread 0x2903 state-kr 0x0 pc 0x90024407 leaf semaphore_wait_signal_trap+0x7 frames: 0x90024407 0x34e1e 0x90023d67
   7.533 TIGER-SAMPLE pid 0x4b29 n 0x18 thread 0x2b03 thread 0x2b03 state-kr 0x0 pc 0x90024407 leaf semaphore_wait_signal_trap+0x7 frames: 0x90024407 0x34e1e 0x90023d67
   7.533 TIGER-SAMPLE pid 0x4b29 n 0x18 thread 0x2f07 thread 0x2f07 state-kr 0x0 pc 0x90019d0c leaf select+0xc frames: 0x90019d0c 0x14c115 0x13f348 0x2fac62b 0x30145f1 0x90023d67
   7.540 TIGER-SAMPLE pid 0x4b24 n 0x1c main 0x117 thread 0x117 state-kr 0x0 pc 0x90009817 leaf mach_msg_trap+0x7 frames: 0x90009817 0x9082d227 0x9082ca42 0x92e06878 0x92e05f82 0x92e05dd9 0x9328cf45 0x9328cb37 0x932868c4 0xc50a 0x8752 0x8679 0x5
   7.540 TIGER-SAMPLE pid 0x4b24 n 0x1c thread 0x1203 thread 0x1203 state-kr 0x0 pc 0x90009817 leaf mach_msg_trap+0x7 frames: 0x90009817 0x2d3fd8 0x90023d67
   7.540 TIGER-SAMPLE pid 0x4b24 n 0x1c thread 0x3207 thread 0x3207 state-kr 0x0 pc 0x90024407 leaf semaphore_wait_signal_trap+0x7 frames: 0x90024407 0x3af7e 0x90023d67
   7.541 TIGER-SAMPLE pid 0x4b24 n 0x1c thread 0x3403 thread 0x3403 state-kr 0x0 pc 0x90024407 leaf semaphore_wait_signal_trap+0x7 frames: 0x90024407 0x3af7e 0x90023d67
   7.541 TIGER-SAMPLE pid 0x4b24 n 0x1c thread 0x5603 thread 0x5603 state-kr 0x0 pc 0x90024407 leaf semaphore_wait_signal_trap+0x7 frames: 0x90024407 0x3af7e 0x90023d67
   7.541 TIGER-SAMPLE pid 0x4b24 n 0x1c thread 0x5903 thread 0x5903 state-kr 0x0 pc 0x900bc3fc leaf poll+0xc frames: 0x900bc3fc 0x2d6a64 0x313ae8b 0x31a40a1 0x90023d67
   7.541 TIGER-SAMPLE pid 0x4b24 n 0x1c thread 0x5a03 thread 0x5a03 state-kr 0x0 pc 0x90024407 leaf semaphore_wait_signal_trap+0x7 frames: 0x90024407 0x3af7e 0x90023d67
   7.542 TIGER-SAMPLE pid 0x4b24 n 0x1c thread 0x5807 thread 0x5807 state-kr 0x0 pc 0x900bc3fc leaf poll+0xc frames: 0x900bc3fc 0x2d6a64 0x313ae8b 0x31a40a1 0x90023d67
   7.769 TIGER-SAMPLE pid 0x4b28 n 0x1b main 0xd03 thread 0xd03 state-kr 0x0 pc 0x10ae0ce22 leaf __semwait_signal+0xa frames: 0x10ae0ce22 0x1040c7667 0x103ff81b2 0x1040ca799 0x1040c9886 0x1040c9469 0x10004a77b 0x100001b4c 0x100001a61 0x3
   7.769 TIGER-SAMPLE pid 0x4b28 n 0x1b thread 0xf03 thread 0xf03 state-kr 0x0 pc 0x10ae56e4e leaf mach_msg_trap+0xa frames: 0x10ae56e4e 0x100328062 0x10ae08e9e
   7.769 TIGER-SAMPLE pid 0x4b28 n 0x1b thread 0x1103 thread 0x1103 state-kr 0x0 pc 0x10ae0ce22 leaf __semwait_signal+0xa frames: 0x10ae0ce22 0x1040c7625 0x103ff81b2 0x1040ca799 0x1040c9886 0x1040c9469 0x10405e84e 0x1040c7049 0x10ae08e9e
   7.769 TIGER-SAMPLE pid 0x4b28 n 0x1b thread 0x2303 thread 0x2303 state-kr 0x0 pc 0x10adbd7e6 leaf poll+0xa frames: 0x10adbd7e6 0x10405e84e 0x1040c7049 0x10ae08e9e
   7.770 TIGER-SAMPLE pid 0x4b28 n 0x1b thread 0x2407 thread 0x2407 state-kr 0x0 pc 0x10ae0ce22 leaf __semwait_signal+0xa frames: 0x10ae0ce22 0x1040c7625 0x103ff81b2 0x1040ca799 0x1040c9886 0x1040c9469 0x10405e84e 0x1040c7049 0x10ae08e9e
   7.770 TIGER-SAMPLE pid 0x4b28 n 0x1b thread 0x2503 thread 0x2503 state-kr 0x0 pc 0x10ae0ce22 leaf __semwait_signal+0xa frames: 0x10ae0ce22 0x1040c7625 0x103ff81b2 0x1040ca799 0x1040c9886 0x1040c9469 0x10405e84e 0x1040c7049 0x10ae08e9e
   7.770 TIGER-SAMPLE pid 0x4b28 n 0x1b thread 0x2603 thread 0x2603 state-kr 0x0 pc 0x10ae0ce22 leaf __semwait_signal+0xa frames: 0x10ae0ce22 0x1040c7625 0x103ff81b2 0x1040ca799 0x1040c9886 0x1040c9469 0x10405e84e 0x1040c7049 0x10ae08e9e
   7.770 TIGER-SAMPLE pid 0x4b28 n 0x1b thread 0x2703 thread 0x2703 state-kr 0x0 pc 0x10ae0ce22 leaf __semwait_signal+0xa frames: 0x10ae0ce22 0x1040c7625 0x103ff81b2 0x1040ca799 0x1040c9886 0x1040c9469 0x10405e84e 0x1040c7049 0x10ae08e9e
   7.770 TIGER-SAMPLE pid 0x4b28 n 0x1b thread 0x2c03 thread 0x2c03 state-kr 0x0 pc 0x10adbd7e6 leaf poll+0xa frames: 0x10adbd7e6 0x1043c3427 0x1043c35ea 0x101f33797 0x101f3f561 0x10405e84e 0x1040c7049 0x10ae08e9e
   7.770 TIGER-SAMPLE pid 0x4b28 n 0x1b thread 0x2e0f thread 0x2e0f state-kr 0x0 pc 0x10ae0ce22 leaf __semwait_signal+0xa frames: 0x10ae0ce22 0x1040c7625 0x103ff81b2 0x1040ca799 0x1040c9886 0x1040c9469 0x10405e84e 0x1040c7049 0x10ae08e9e
   7.784 TIGER-SAMPLE pid 0x4b29 n 0x19 main 0xd03 thread 0xd03 state-kr 0x0 pc 0x90009817 leaf mach_msg_trap+0x7 frames: 0x90009817 0x9082d227 0x9083e100 0x300d9e7 0x4497f 0x83d4 0x83a2 0x82c9 0x3
   7.784 TIGER-SAMPLE pid 0x4b29 n 0x19 thread 0x1103 thread 0x1103 state-kr 0x0 pc 0x90009817 leaf mach_msg_trap+0x7 frames: 0x90009817 0x148f48 0x90023d67
   7.784 TIGER-SAMPLE pid 0x4b29 n 0x19 thread 0x1303 thread 0x1303 state-kr 0x0 pc 0x900bc3fc leaf poll+0xc frames: 0x900bc3fc 0x14bc44 0x2fac62b 0x30145f1 0x90023d67
   7.785 TIGER-SAMPLE pid 0x4b29 n 0x19 thread 0x2507 thread 0x2507 state-kr 0x0 pc 0x90024407 leaf semaphore_wait_signal_trap+0x7 frames: 0x90024407 0x34e1e 0x90023d67
   7.785 TIGER-SAMPLE pid 0x4b29 n 0x19 thread 0x2703 thread 0x2703 state-kr 0x0 pc 0x90024407 leaf semaphore_wait_signal_trap+0x7 frames: 0x90024407 0x34e1e 0x90023d67
   7.785 TIGER-SAMPLE pid 0x4b29 n 0x19 thread 0x2903 thread 0x2903 state-kr 0x0 pc 0x90024407 leaf semaphore_wait_signal_trap+0x7 frames: 0x90024407 0x34e1e 0x90023d67
   7.785 TIGER-SAMPLE pid 0x4b29 n 0x19 thread 0x2b03 thread 0x2b03 state-kr 0x0 pc 0x90024407 leaf semaphore_wait_signal_trap+0x7 frames: 0x90024407 0x34e1e 0x90023d67
   7.785 TIGER-SAMPLE pid 0x4b29 n 0x19 thread 0x2f07 thread 0x2f07 state-kr 0x0 pc 0x90019d0c leaf select+0xc frames: 0x90019d0c 0x14c115 0x13f348 0x2fac62b 0x30145f1 0x90023d67
   7.792 TIGER-SAMPLE pid 0x4b24 n 0x1d main 0x117 thread 0x117 state-kr 0x0 pc 0x90009817 leaf mach_msg_trap+0x7 frames: 0x90009817 0x9082d227 0x9082ca42 0x92e06878 0x92e05f82 0x92e05dd9 0x9328cf45 0x9328cb37 0x932868c4 0xc50a 0x8752 0x8679 0x5
   7.792 TIGER-SAMPLE pid 0x4b24 n 0x1d thread 0x1203 thread 0x1203 state-kr 0x0 pc 0x90009817 leaf mach_msg_trap+0x7 frames: 0x90009817 0x2d3fd8 0x90023d67
   7.793 TIGER-SAMPLE pid 0x4b24 n 0x1d thread 0x3207 thread 0x3207 state-kr 0x0 pc 0x90024407 leaf semaphore_wait_signal_trap+0x7 frames: 0x90024407 0x3af7e 0x90023d67
   7.793 TIGER-SAMPLE pid 0x4b24 n 0x1d thread 0x3403 thread 0x3403 state-kr 0x0 pc 0x90024407 leaf semaphore_wait_signal_trap+0x7 frames: 0x90024407 0x3af7e 0x90023d67
   7.794 TIGER-SAMPLE pid 0x4b24 n 0x1d thread 0x5603 thread 0x5603 state-kr 0x0 pc 0x90024407 leaf semaphore_wait_signal_trap+0x7 frames: 0x90024407 0x3af7e 0x90023d67
   7.794 TIGER-SAMPLE pid 0x4b24 n 0x1d thread 0x5903 thread 0x5903 state-kr 0x0 pc 0x900bc3fc leaf poll+0xc frames: 0x900bc3fc 0x2d6a64 0x313ae8b 0x31a40a1 0x90023d67
   7.794 TIGER-SAMPLE pid 0x4b24 n 0x1d thread 0x5a03 thread 0x5a03 state-kr 0x0 pc 0x90024407 leaf semaphore_wait_signal_trap+0x7 frames: 0x90024407 0x3af7e 0x90023d67
   7.794 TIGER-SAMPLE pid 0x4b24 n 0x1d thread 0x5807 thread 0x5807 state-kr 0x0 pc 0x900bc3fc leaf poll+0xc frames: 0x900bc3fc 0x2d6a64 0x313ae8b 0x31a40a1 0x90023d67
   8.022 TIGER-SAMPLE pid 0x4b28 n 0x1c main 0xd03 thread 0xd03 state-kr 0x0 pc 0x10ae0ce22 leaf __semwait_signal+0xa frames: 0x10ae0ce22 0x1040c7667 0x103ff81b2 0x1040ca799 0x1040c9886 0x1040c9469 0x10004a77b 0x100001b4c 0x100001a61 0x3
   8.022 TIGER-SAMPLE pid 0x4b28 n 0x1c thread 0xf03 thread 0xf03 state-kr 0x0 pc 0x10ae56e4e leaf mach_msg_trap+0xa frames: 0x10ae56e4e 0x100328062 0x10ae08e9e
   8.022 TIGER-SAMPLE pid 0x4b28 n 0x1c thread 0x1103 thread 0x1103 state-kr 0x0 pc 0x10ae0ce22 leaf __semwait_signal+0xa frames: 0x10ae0ce22 0x1040c7625 0x103ff81b2 0x1040ca799 0x1040c9886 0x1040c9469 0x10405e84e 0x1040c7049 0x10ae08e9e
   8.022 TIGER-SAMPLE pid 0x4b28 n 0x1c thread 0x2303 thread 0x2303 state-kr 0x0 pc 0x10adbd7e6 leaf poll+0xa frames: 0x10adbd7e6 0x10405e84e 0x1040c7049 0x10ae08e9e
   8.022 TIGER-SAMPLE pid 0x4b28 n 0x1c thread 0x2407 thread 0x2407 state-kr 0x0 pc 0x10ae0ce22 leaf __semwait_signal+0xa frames: 0x10ae0ce22 0x1040c7625 0x103ff81b2 0x1040ca799 0x1040c9886 0x1040c9469 0x10405e84e 0x1040c7049 0x10ae08e9e
   8.022 TIGER-SAMPLE pid 0x4b28 n 0x1c thread 0x2503 thread 0x2503 state-kr 0x0 pc 0x10ae0ce22 leaf __semwait_signal+0xa frames: 0x10ae0ce22 0x1040c7625 0x103ff81b2 0x1040ca799 0x1040c9886 0x1040c9469 0x10405e84e 0x1040c7049 0x10ae08e9e
   8.022 TIGER-SAMPLE pid 0x4b28 n 0x1c thread 0x2603 thread 0x2603 state-kr 0x0 pc 0x10ae0ce22 leaf __semwait_signal+0xa frames: 0x10ae0ce22 0x1040c7625 0x103ff81b2 0x1040ca799 0x1040c9886 0x1040c9469 0x10405e84e 0x1040c7049 0x10ae08e9e
   8.022 TIGER-SAMPLE pid 0x4b28 n 0x1c thread 0x2703 thread 0x2703 state-kr 0x0 pc 0x10ae0ce22 leaf __semwait_signal+0xa frames: 0x10ae0ce22 0x1040c7625 0x103ff81b2 0x1040ca799 0x1040c9886 0x1040c9469 0x10405e84e 0x1040c7049 0x10ae08e9e
   8.022 TIGER-SAMPLE pid 0x4b28 n 0x1c thread 0x2c03 thread 0x2c03 state-kr 0x0 pc 0x10adbd7e6 leaf poll+0xa frames: 0x10adbd7e6 0x1043c3427 0x1043c35ea 0x101f33797 0x101f3f561 0x10405e84e 0x1040c7049 0x10ae08e9e
   8.022 TIGER-SAMPLE pid 0x4b28 n 0x1c thread 0x2e0f thread 0x2e0f state-kr 0x0 pc 0x10ae0ce22 leaf __semwait_signal+0xa frames: 0x10ae0ce22 0x1040c7625 0x103ff81b2 0x1040ca799 0x1040c9886 0x1040c9469 0x10405e84e 0x1040c7049 0x10ae08e9e
   8.037 TIGER-SAMPLE pid 0x4b29 n 0x1a main 0xd03 thread 0xd03 state-kr 0x0 pc 0x90009817 leaf mach_msg_trap+0x7 frames: 0x90009817 0x9082d227 0x9083e100 0x300d9e7 0x4497f 0x83d4 0x83a2 0x82c9 0x3
   8.037 TIGER-SAMPLE pid 0x4b29 n 0x1a thread 0x1103 thread 0x1103 state-kr 0x0 pc 0x90009817 leaf mach_msg_trap+0x7 frames: 0x90009817 0x148f48 0x90023d67
   8.037 TIGER-SAMPLE pid 0x4b29 n 0x1a thread 0x1303 thread 0x1303 state-kr 0x0 pc 0x900bc3fc leaf poll+0xc frames: 0x900bc3fc 0x14bc44 0x2fac62b 0x30145f1 0x90023d67
   8.037 TIGER-SAMPLE pid 0x4b29 n 0x1a thread 0x2507 thread 0x2507 state-kr 0x0 pc 0x90024407 leaf semaphore_wait_signal_trap+0x7 frames: 0x90024407 0x34e1e 0x90023d67
   8.037 TIGER-SAMPLE pid 0x4b29 n 0x1a thread 0x2703 thread 0x2703 state-kr 0x0 pc 0x90024407 leaf semaphore_wait_signal_trap+0x7 frames: 0x90024407 0x34e1e 0x90023d67
   8.037 TIGER-SAMPLE pid 0x4b29 n 0x1a thread 0x2903 thread 0x2903 state-kr 0x0 pc 0x90024407 leaf semaphore_wait_signal_trap+0x7 frames: 0x90024407 0x34e1e 0x90023d67
   8.037 TIGER-SAMPLE pid 0x4b29 n 0x1a thread 0x2b03 thread 0x2b03 state-kr 0x0 pc 0x90024407 leaf semaphore_wait_signal_trap+0x7 frames: 0x90024407 0x34e1e 0x90023d67
   8.037 TIGER-SAMPLE pid 0x4b29 n 0x1a thread 0x2f07 thread 0x2f07 state-kr 0x0 pc 0x90019d0c leaf select+0xc frames: 0x90019d0c 0x14c115 0x13f348 0x2fac62b 0x30145f1 0x90023d67
   8.044 TIGER-SAMPLE pid 0x4b24 n 0x1e main 0x117 thread 0x117 state-kr 0x0 pc 0x90009817 leaf mach_msg_trap+0x7 frames: 0x90009817 0x9082d227 0x9082ca42 0x92e06878 0x92e05f82 0x92e05dd9 0x9328cf45 0x9328cb37 0x932868c4 0xc50a 0x8752 0x8679 0x5
   8.045 TIGER-SAMPLE pid 0x4b24 n 0x1e thread 0x1203 thread 0x1203 state-kr 0x0 pc 0x90009817 leaf mach_msg_trap+0x7 frames: 0x90009817 0x2d3fd8 0x90023d67
   8.045 TIGER-SAMPLE pid 0x4b24 n 0x1e thread 0x3207 thread 0x3207 state-kr 0x0 pc 0x90024407 leaf semaphore_wait_signal_trap+0x7 frames: 0x90024407 0x3af7e 0x90023d67
   8.045 TIGER-SAMPLE pid 0x4b24 n 0x1e thread 0x3403 thread 0x3403 state-kr 0x0 pc 0x90024407 leaf semaphore_wait_signal_trap+0x7 frames: 0x90024407 0x3af7e 0x90023d67
   8.045 TIGER-SAMPLE pid 0x4b24 n 0x1e thread 0x5603 thread 0x5603 state-kr 0x0 pc 0x90024407 leaf semaphore_wait_signal_trap+0x7 frames: 0x90024407 0x3af7e 0x90023d67
   8.045 TIGER-SAMPLE pid 0x4b24 n 0x1e thread 0x5903 thread 0x5903 state-kr 0x0 pc 0x900bc3fc leaf poll+0xc frames: 0x900bc3fc 0x2d6a64 0x313ae8b 0x31a40a1 0x90023d67
   8.046 TIGER-SAMPLE pid 0x4b24 n 0x1e thread 0x5a03 thread 0x5a03 state-kr 0x0 pc 0x90024407 leaf semaphore_wait_signal_trap+0x7 frames: 0x90024407 0x3af7e 0x90023d67
   8.046 TIGER-SAMPLE pid 0x4b24 n 0x1e thread 0x5807 thread 0x5807 state-kr 0x0 pc 0x900bc3fc leaf poll+0xc frames: 0x900bc3fc 0x2d6a64 0x313ae8b 0x31a40a1 0x90023d67
   8.272 TIGER-SAMPLE pid 0x4b28 n 0x1d main 0xd03 thread 0xd03 state-kr 0x0 pc 0x10ae0ce22 leaf __semwait_signal+0xa frames: 0x10ae0ce22 0x1040c7667 0x103ff81b2 0x1040ca799 0x1040c9886 0x1040c9469 0x10004a77b 0x100001b4c 0x100001a61 0x3
   8.273 TIGER-SAMPLE pid 0x4b28 n 0x1d thread 0xf03 thread 0xf03 state-kr 0x0 pc 0x10ae56e4e leaf mach_msg_trap+0xa frames: 0x10ae56e4e 0x100328062 0x10ae08e9e
   8.273 TIGER-SAMPLE pid 0x4b28 n 0x1d thread 0x1103 thread 0x1103 state-kr 0x0 pc 0x10ae0ce22 leaf __semwait_signal+0xa frames: 0x10ae0ce22 0x1040c7625 0x103ff81b2 0x1040ca799 0x1040c9886 0x1040c9469 0x10405e84e 0x1040c7049 0x10ae08e9e
   8.273 TIGER-SAMPLE pid 0x4b28 n 0x1d thread 0x2303 thread 0x2303 state-kr 0x0 pc 0x10adbd7e6 leaf poll+0xa frames: 0x10adbd7e6 0x10405e84e 0x1040c7049 0x10ae08e9e
   8.273 TIGER-SAMPLE pid 0x4b28 n 0x1d thread 0x2407 thread 0x2407 state-kr 0x0 pc 0x10ae0ce22 leaf __semwait_signal+0xa frames: 0x10ae0ce22 0x1040c7625 0x103ff81b2 0x1040ca799 0x1040c9886 0x1040c9469 0x10405e84e 0x1040c7049 0x10ae08e9e
   8.273 TIGER-SAMPLE pid 0x4b28 n 0x1d thread 0x2503 thread 0x2503 state-kr 0x0 pc 0x10ae0ce22 leaf __semwait_signal+0xa frames: 0x10ae0ce22 0x1040c7625 0x103ff81b2 0x1040ca799 0x1040c9886 0x1040c9469 0x10405e84e 0x1040c7049 0x10ae08e9e
   8.274 TIGER-SAMPLE pid 0x4b28 n 0x1d thread 0x2603 thread 0x2603 state-kr 0x0 pc 0x10ae0ce22 leaf __semwait_signal+0xa frames: 0x10ae0ce22 0x1040c7625 0x103ff81b2 0x1040ca799 0x1040c9886 0x1040c9469 0x10405e84e 0x1040c7049 0x10ae08e9e
   8.274 TIGER-SAMPLE pid 0x4b28 n 0x1d thread 0x2703 thread 0x2703 state-kr 0x0 pc 0x10ae0ce22 leaf __semwait_signal+0xa frames: 0x10ae0ce22 0x1040c7625 0x103ff81b2 0x1040ca799 0x1040c9886 0x1040c9469 0x10405e84e 0x1040c7049 0x10ae08e9e
   8.274 TIGER-SAMPLE pid 0x4b28 n 0x1d thread 0x2c03 thread 0x2c03 state-kr 0x0 pc 0x10adbd7e6 leaf poll+0xa frames: 0x10adbd7e6 0x1043c3427 0x1043c35ea 0x101f33797 0x101f3f561 0x10405e84e 0x1040c7049 0x10ae08e9e
   8.274 TIGER-SAMPLE pid 0x4b28 n 0x1d thread 0x2e0f thread 0x2e0f state-kr 0x0 pc 0x10ae0ce22 leaf __semwait_signal+0xa frames: 0x10ae0ce22 0x1040c7625 0x103ff81b2 0x1040ca799 0x1040c9886 0x1040c9469 0x10405e84e 0x1040c7049 0x10ae08e9e
   8.288 TIGER-SAMPLE pid 0x4b29 n 0x1b main 0xd03 thread 0xd03 state-kr 0x0 pc 0x90009817 leaf mach_msg_trap+0x7 frames: 0x90009817 0x9082d227 0x9083e100 0x300d9e7 0x4497f 0x83d4 0x83a2 0x82c9 0x3
   8.288 TIGER-SAMPLE pid 0x4b29 n 0x1b thread 0x1103 thread 0x1103 state-kr 0x0 pc 0x90009817 leaf mach_msg_trap+0x7 frames: 0x90009817 0x148f48 0x90023d67
   8.288 TIGER-SAMPLE pid 0x4b29 n 0x1b thread 0x1303 thread 0x1303 state-kr 0x0 pc 0x900bc3fc leaf poll+0xc frames: 0x900bc3fc 0x14bc44 0x2fac62b 0x30145f1 0x90023d67
   8.288 TIGER-SAMPLE pid 0x4b29 n 0x1b thread 0x2507 thread 0x2507 state-kr 0x0 pc 0x90024407 leaf semaphore_wait_signal_trap+0x7 frames: 0x90024407 0x34e1e 0x90023d67
   8.289 TIGER-SAMPLE pid 0x4b29 n 0x1b thread 0x2703 thread 0x2703 state-kr 0x0 pc 0x90024407 leaf semaphore_wait_signal_trap+0x7 frames: 0x90024407 0x34e1e 0x90023d67
   8.289 TIGER-SAMPLE pid 0x4b29 n 0x1b thread 0x2903 thread 0x2903 state-kr 0x0 pc 0x90024407 leaf semaphore_wait_signal_trap+0x7 frames: 0x90024407 0x34e1e 0x90023d67
   8.289 TIGER-SAMPLE pid 0x4b29 n 0x1b thread 0x2b03 thread 0x2b03 state-kr 0x0 pc 0x90024407 leaf semaphore_wait_signal_trap+0x7 frames: 0x90024407 0x34e1e 0x90023d67
   8.289 TIGER-SAMPLE pid 0x4b29 n 0x1b thread 0x2f07 thread 0x2f07 state-kr 0x0 pc 0x90019d0c leaf select+0xc frames: 0x90019d0c 0x14c115 0x13f348 0x2fac62b 0x30145f1 0x90023d67
   8.297 TIGER-SAMPLE pid 0x4b24 n 0x1f main 0x117 thread 0x117 state-kr 0x0 pc 0x90009817 leaf mach_msg_trap+0x7 frames: 0x90009817 0x9082d227 0x9082ca42 0x92e06878 0x92e05f82 0x92e05dd9 0x9328cf45 0x9328cb37 0x932868c4 0xc50a 0x8752 0x8679 0x5
   8.297 TIGER-SAMPLE pid 0x4b24 n 0x1f thread 0x1203 thread 0x1203 state-kr 0x0 pc 0x90009817 leaf mach_msg_trap+0x7 frames: 0x90009817 0x2d3fd8 0x90023d67
   8.297 TIGER-SAMPLE pid 0x4b24 n 0x1f thread 0x3207 thread 0x3207 state-kr 0x0 pc 0x90024407 leaf semaphore_wait_signal_trap+0x7 frames: 0x90024407 0x3af7e 0x90023d67
   8.297 TIGER-SAMPLE pid 0x4b24 n 0x1f thread 0x3403 thread 0x3403 state-kr 0x0 pc 0x90024407 leaf semaphore_wait_signal_trap+0x7 frames: 0x90024407 0x3af7e 0x90023d67
   8.297 TIGER-SAMPLE pid 0x4b24 n 0x1f thread 0x5603 thread 0x5603 state-kr 0x0 pc 0x90024407 leaf semaphore_wait_signal_trap+0x7 frames: 0x90024407 0x3af7e 0x90023d67
   8.298 TIGER-SAMPLE pid 0x4b24 n 0x1f thread 0x5903 thread 0x5903 state-kr 0x0 pc 0x900bc3fc leaf poll+0xc frames: 0x900bc3fc 0x2d6a64 0x313ae8b 0x31a40a1 0x90023d67
   8.298 TIGER-SAMPLE pid 0x4b24 n 0x1f thread 0x5a03 thread 0x5a03 state-kr 0x0 pc 0x90024407 leaf semaphore_wait_signal_trap+0x7 frames: 0x90024407 0x3af7e 0x90023d67
   8.298 TIGER-SAMPLE pid 0x4b24 n 0x1f thread 0x5807 thread 0x5807 state-kr 0x0 pc 0x900bc3fc leaf poll+0xc frames: 0x900bc3fc 0x2d6a64 0x313ae8b 0x31a40a1 0x90023d67
   8.525 TIGER-SAMPLE pid 0x4b28 n 0x1e main 0xd03 thread 0xd03 state-kr 0x0 pc 0x10ae0ce22 leaf __semwait_signal+0xa frames: 0x10ae0ce22 0x1040c7667 0x103ff81b2 0x1040ca799 0x1040c9886 0x1040c9469 0x10004a77b 0x100001b4c 0x100001a61 0x3
   8.525 TIGER-SAMPLE pid 0x4b28 n 0x1e thread 0xf03 thread 0xf03 state-kr 0x0 pc 0x10ae56e4e leaf mach_msg_trap+0xa frames: 0x10ae56e4e 0x100328062 0x10ae08e9e
   8.525 TIGER-SAMPLE pid 0x4b28 n 0x1e thread 0x1103 thread 0x1103 state-kr 0x0 pc 0x10ae0ce22 leaf __semwait_signal+0xa frames: 0x10ae0ce22 0x1040c7625 0x103ff81b2 0x1040ca799 0x1040c9886 0x1040c9469 0x10405e84e 0x1040c7049 0x10ae08e9e
   8.525 TIGER-SAMPLE pid 0x4b28 n 0x1e thread 0x2303 thread 0x2303 state-kr 0x0 pc 0x10adbd7e6 leaf poll+0xa frames: 0x10adbd7e6 0x10405e84e 0x1040c7049 0x10ae08e9e
   8.525 TIGER-SAMPLE pid 0x4b28 n 0x1e thread 0x2407 thread 0x2407 state-kr 0x0 pc 0x10ae0ce22 leaf __semwait_signal+0xa frames: 0x10ae0ce22 0x1040c7625 0x103ff81b2 0x1040ca799 0x1040c9886 0x1040c9469 0x10405e84e 0x1040c7049 0x10ae08e9e
   8.525 TIGER-SAMPLE pid 0x4b28 n 0x1e thread 0x2503 thread 0x2503 state-kr 0x0 pc 0x10ae0ce22 leaf __semwait_signal+0xa frames: 0x10ae0ce22 0x1040c7625 0x103ff81b2 0x1040ca799 0x1040c9886 0x1040c9469 0x10405e84e 0x1040c7049 0x10ae08e9e
   8.526 TIGER-SAMPLE pid 0x4b28 n 0x1e thread 0x2603 thread 0x2603 state-kr 0x0 pc 0x10ae0ce22 leaf __semwait_signal+0xa frames: 0x10ae0ce22 0x1040c7625 0x103ff81b2 0x1040ca799 0x1040c9886 0x1040c9469 0x10405e84e 0x1040c7049 0x10ae08e9e
   8.526 TIGER-SAMPLE pid 0x4b28 n 0x1e thread 0x2703 thread 0x2703 state-kr 0x0 pc 0x10ae0ce22 leaf __semwait_signal+0xa frames: 0x10ae0ce22 0x1040c7625 0x103ff81b2 0x1040ca799 0x1040c9886 0x1040c9469 0x10405e84e 0x1040c7049 0x10ae08e9e
   8.526 TIGER-SAMPLE pid 0x4b28 n 0x1e thread 0x2c03 thread 0x2c03 state-kr 0x0 pc 0x10adbd7e6 leaf poll+0xa frames: 0x10adbd7e6 0x1043c3427 0x1043c35ea 0x101f33797 0x101f3f561 0x10405e84e 0x1040c7049 0x10ae08e9e
   8.526 TIGER-SAMPLE pid 0x4b28 n 0x1e thread 0x2e0f thread 0x2e0f state-kr 0x0 pc 0x10ae0ce22 leaf __semwait_signal+0xa frames: 0x10ae0ce22 0x1040c7625 0x103ff81b2 0x1040ca799 0x1040c9886 0x1040c9469 0x10405e84e 0x1040c7049 0x10ae08e9e
   8.540 TIGER-SAMPLE pid 0x4b29 n 0x1c main 0xd03 thread 0xd03 state-kr 0x0 pc 0x90009817 leaf mach_msg_trap+0x7 frames: 0x90009817 0x9082d227 0x9083e100 0x300d9e7 0x4497f 0x83d4 0x83a2 0x82c9 0x3
   8.540 TIGER-SAMPLE pid 0x4b29 n 0x1c thread 0x1103 thread 0x1103 state-kr 0x0 pc 0x90009817 leaf mach_msg_trap+0x7 frames: 0x90009817 0x148f48 0x90023d67
   8.540 TIGER-SAMPLE pid 0x4b29 n 0x1c thread 0x1303 thread 0x1303 state-kr 0x0 pc 0x900bc3fc leaf poll+0xc frames: 0x900bc3fc 0x14bc44 0x2fac62b 0x30145f1 0x90023d67
   8.541 TIGER-SAMPLE pid 0x4b29 n 0x1c thread 0x2507 thread 0x2507 state-kr 0x0 pc 0x90024407 leaf semaphore_wait_signal_trap+0x7 frames: 0x90024407 0x34e1e 0x90023d67
   8.541 TIGER-SAMPLE pid 0x4b29 n 0x1c thread 0x2703 thread 0x2703 state-kr 0x0 pc 0x90024407 leaf semaphore_wait_signal_trap+0x7 frames: 0x90024407 0x34e1e 0x90023d67
   8.541 TIGER-SAMPLE pid 0x4b29 n 0x1c thread 0x2903 thread 0x2903 state-kr 0x0 pc 0x90024407 leaf semaphore_wait_signal_trap+0x7 frames: 0x90024407 0x34e1e 0x90023d67
   8.541 TIGER-SAMPLE pid 0x4b29 n 0x1c thread 0x2b03 thread 0x2b03 state-kr 0x0 pc 0x90024407 leaf semaphore_wait_signal_trap+0x7 frames: 0x90024407 0x34e1e 0x90023d67
   8.541 TIGER-SAMPLE pid 0x4b29 n 0x1c thread 0x2f07 thread 0x2f07 state-kr 0x0 pc 0x90019d0c leaf select+0xc frames: 0x90019d0c 0x14c115 0x13f348 0x2fac62b 0x30145f1 0x90023d67
   8.549 TIGER-SAMPLE pid 0x4b24 n 0x20 main 0x117 thread 0x117 state-kr 0x0 pc 0x90009817 leaf mach_msg_trap+0x7 frames: 0x90009817 0x9082d227 0x9082ca42 0x92e06878 0x92e05f82 0x92e05dd9 0x9328cf45 0x9328cb37 0x932868c4 0xc50a 0x8752 0x8679 0x5
   8.549 TIGER-SAMPLE pid 0x4b24 n 0x20 thread 0x1203 thread 0x1203 state-kr 0x0 pc 0x90009817 leaf mach_msg_trap+0x7 frames: 0x90009817 0x2d3fd8 0x90023d67
   8.549 TIGER-SAMPLE pid 0x4b24 n 0x20 thread 0x3207 thread 0x3207 state-kr 0x0 pc 0x90024407 leaf semaphore_wait_signal_trap+0x7 frames: 0x90024407 0x3af7e 0x90023d67
   8.549 TIGER-SAMPLE pid 0x4b24 n 0x20 thread 0x3403 thread 0x3403 state-kr 0x0 pc 0x90024407 leaf semaphore_wait_signal_trap+0x7 frames: 0x90024407 0x3af7e 0x90023d67
   8.550 TIGER-SAMPLE pid 0x4b24 n 0x20 thread 0x5603 thread 0x5603 state-kr 0x0 pc 0x90024407 leaf semaphore_wait_signal_trap+0x7 frames: 0x90024407 0x3af7e 0x90023d67
   8.550 TIGER-SAMPLE pid 0x4b24 n 0x20 thread 0x5903 thread 0x5903 state-kr 0x0 pc 0x900bc3fc leaf poll+0xc frames: 0x900bc3fc 0x2d6a64 0x313ae8b 0x31a40a1 0x90023d67
   8.550 TIGER-SAMPLE pid 0x4b24 n 0x20 thread 0x5a03 thread 0x5a03 state-kr 0x0 pc 0x90024407 leaf semaphore_wait_signal_trap+0x7 frames: 0x90024407 0x3af7e 0x90023d67
   8.550 TIGER-SAMPLE pid 0x4b24 n 0x20 thread 0x5807 thread 0x5807 state-kr 0x0 pc 0x900bc3fc leaf poll+0xc frames: 0x900bc3fc 0x2d6a64 0x313ae8b 0x31a40a1 0x90023d67
   8.776 TIGER-SAMPLE pid 0x4b28 n 0x1f main 0xd03 thread 0xd03 state-kr 0x0 pc 0x10ae0ce22 leaf __semwait_signal+0xa frames: 0x10ae0ce22 0x1040c7667 0x103ff81b2 0x1040ca799 0x1040c9886 0x1040c9469 0x10004a77b 0x100001b4c 0x100001a61 0x3
   8.777 TIGER-SAMPLE pid 0x4b28 n 0x1f thread 0xf03 thread 0xf03 state-kr 0x0 pc 0x10ae56e4e leaf mach_msg_trap+0xa frames: 0x10ae56e4e 0x100328062 0x10ae08e9e
   8.777 TIGER-SAMPLE pid 0x4b28 n 0x1f thread 0x1103 thread 0x1103 state-kr 0x0 pc 0x10ae0ce22 leaf __semwait_signal+0xa frames: 0x10ae0ce22 0x1040c7625 0x103ff81b2 0x1040ca799 0x1040c9886 0x1040c9469 0x10405e84e 0x1040c7049 0x10ae08e9e
   8.777 TIGER-SAMPLE pid 0x4b28 n 0x1f thread 0x2303 thread 0x2303 state-kr 0x0 pc 0x10adbd7e6 leaf poll+0xa frames: 0x10adbd7e6 0x10405e84e 0x1040c7049 0x10ae08e9e
   8.777 TIGER-SAMPLE pid 0x4b28 n 0x1f thread 0x2407 thread 0x2407 state-kr 0x0 pc 0x10ae0ce22 leaf __semwait_signal+0xa frames: 0x10ae0ce22 0x1040c7625 0x103ff81b2 0x1040ca799 0x1040c9886 0x1040c9469 0x10405e84e 0x1040c7049 0x10ae08e9e
   8.777 TIGER-SAMPLE pid 0x4b28 n 0x1f thread 0x2503 thread 0x2503 state-kr 0x0 pc 0x10ae0ce22 leaf __semwait_signal+0xa frames: 0x10ae0ce22 0x1040c7625 0x103ff81b2 0x1040ca799 0x1040c9886 0x1040c9469 0x10405e84e 0x1040c7049 0x10ae08e9e
   8.777 TIGER-SAMPLE pid 0x4b28 n 0x1f thread 0x2603 thread 0x2603 state-kr 0x0 pc 0x10ae0ce22 leaf __semwait_signal+0xa frames: 0x10ae0ce22 0x1040c7625 0x103ff81b2 0x1040ca799 0x1040c9886 0x1040c9469 0x10405e84e 0x1040c7049 0x10ae08e9e
   8.778 TIGER-SAMPLE pid 0x4b28 n 0x1f thread 0x2703 thread 0x2703 state-kr 0x0 pc 0x10ae0ce22 leaf __semwait_signal+0xa frames: 0x10ae0ce22 0x1040c7625 0x103ff81b2 0x1040ca799 0x1040c9886 0x1040c9469 0x10405e84e 0x1040c7049 0x10ae08e9e
   8.778 TIGER-SAMPLE pid 0x4b28 n 0x1f thread 0x2c03 thread 0x2c03 state-kr 0x0 pc 0x10adbd7e6 leaf poll+0xa frames: 0x10adbd7e6 0x1043c3427 0x1043c35ea 0x101f33797 0x101f3f561 0x10405e84e 0x1040c7049 0x10ae08e9e
   8.778 TIGER-SAMPLE pid 0x4b28 n 0x1f thread 0x2e0f thread 0x2e0f state-kr 0x0 pc 0x10ae0ce22 leaf __semwait_signal+0xa frames: 0x10ae0ce22 0x1040c7625 0x103ff81b2 0x1040ca799 0x1040c9886 0x1040c9469 0x10405e84e 0x1040c7049 0x10ae08e9e
   8.792 TIGER-SAMPLE pid 0x4b29 n 0x1d main 0xd03 thread 0xd03 state-kr 0x0 pc 0x90009817 leaf mach_msg_trap+0x7 frames: 0x90009817 0x9082d227 0x9083e100 0x300d9e7 0x4497f 0x83d4 0x83a2 0x82c9 0x3
   8.792 TIGER-SAMPLE pid 0x4b29 n 0x1d thread 0x1103 thread 0x1103 state-kr 0x0 pc 0x90009817 leaf mach_msg_trap+0x7 frames: 0x90009817 0x148f48 0x90023d67
   8.793 TIGER-SAMPLE pid 0x4b29 n 0x1d thread 0x1303 thread 0x1303 state-kr 0x0 pc 0x900bc3fc leaf poll+0xc frames: 0x900bc3fc 0x14bc44 0x2fac62b 0x30145f1 0x90023d67
   8.793 TIGER-SAMPLE pid 0x4b29 n 0x1d thread 0x2507 thread 0x2507 state-kr 0x0 pc 0x90024407 leaf semaphore_wait_signal_trap+0x7 frames: 0x90024407 0x34e1e 0x90023d67
   8.793 TIGER-SAMPLE pid 0x4b29 n 0x1d thread 0x2703 thread 0x2703 state-kr 0x0 pc 0x90024407 leaf semaphore_wait_signal_trap+0x7 frames: 0x90024407 0x34e1e 0x90023d67
   8.793 TIGER-SAMPLE pid 0x4b29 n 0x1d thread 0x2903 thread 0x2903 state-kr 0x0 pc 0x90024407 leaf semaphore_wait_signal_trap+0x7 frames: 0x90024407 0x34e1e 0x90023d67
   8.793 TIGER-SAMPLE pid 0x4b29 n 0x1d thread 0x2b03 thread 0x2b03 state-kr 0x0 pc 0x90024407 leaf semaphore_wait_signal_trap+0x7 frames: 0x90024407 0x34e1e 0x90023d67
   8.794 TIGER-SAMPLE pid 0x4b29 n 0x1d thread 0x2f07 thread 0x2f07 state-kr 0x0 pc 0x90019d0c leaf select+0xc frames: 0x90019d0c 0x14c115 0x13f348 0x2fac62b 0x30145f1 0x90023d67
   8.801 TIGER-SAMPLE pid 0x4b24 n 0x21 main 0x117 thread 0x117 state-kr 0x0 pc 0x90009817 leaf mach_msg_trap+0x7 frames: 0x90009817 0x9082d227 0x9082ca42 0x92e06878 0x92e05f82 0x92e05dd9 0x9328cf45 0x9328cb37 0x932868c4 0xc50a 0x8752 0x8679 0x5
   8.801 TIGER-SAMPLE pid 0x4b24 n 0x21 thread 0x1203 thread 0x1203 state-kr 0x0 pc 0x90009817 leaf mach_msg_trap+0x7 frames: 0x90009817 0x2d3fd8 0x90023d67
   8.801 TIGER-SAMPLE pid 0x4b24 n 0x21 thread 0x3207 thread 0x3207 state-kr 0x0 pc 0x90024407 leaf semaphore_wait_signal_trap+0x7 frames: 0x90024407 0x3af7e 0x90023d67
   8.802 TIGER-SAMPLE pid 0x4b24 n 0x21 thread 0x3403 thread 0x3403 state-kr 0x0 pc 0x90024407 leaf semaphore_wait_signal_trap+0x7 frames: 0x90024407 0x3af7e 0x90023d67
   8.802 TIGER-SAMPLE pid 0x4b24 n 0x21 thread 0x5603 thread 0x5603 state-kr 0x0 pc 0x90024407 leaf semaphore_wait_signal_trap+0x7 frames: 0x90024407 0x3af7e 0x90023d67
   8.802 TIGER-SAMPLE pid 0x4b24 n 0x21 thread 0x5903 thread 0x5903 state-kr 0x0 pc 0x900bc3fc leaf poll+0xc frames: 0x900bc3fc 0x2d6a64 0x313ae8b 0x31a40a1 0x90023d67
   8.802 TIGER-SAMPLE pid 0x4b24 n 0x21 thread 0x5a03 thread 0x5a03 state-kr 0x0 pc 0x90024407 leaf semaphore_wait_signal_trap+0x7 frames: 0x90024407 0x3af7e 0x90023d67
   8.802 TIGER-SAMPLE pid 0x4b24 n 0x21 thread 0x5807 thread 0x5807 state-kr 0x0 pc 0x900bc3fc leaf poll+0xc frames: 0x900bc3fc 0x2d6a64 0x313ae8b 0x31a40a1 0x90023d67
   9.028 TIGER-SAMPLE pid 0x4b28 n 0x20 main 0xd03 thread 0xd03 state-kr 0x0 pc 0x10ae0ce22 leaf __semwait_signal+0xa frames: 0x10ae0ce22 0x1040c7667 0x103ff81b2 0x1040ca799 0x1040c9886 0x1040c9469 0x10004a77b 0x100001b4c 0x100001a61 0x3
   9.029 TIGER-SAMPLE pid 0x4b28 n 0x20 thread 0xf03 thread 0xf03 state-kr 0x0 pc 0x10ae56e4e leaf mach_msg_trap+0xa frames: 0x10ae56e4e 0x100328062 0x10ae08e9e
   9.029 TIGER-SAMPLE pid 0x4b28 n 0x20 thread 0x1103 thread 0x1103 state-kr 0x0 pc 0x10ae0ce22 leaf __semwait_signal+0xa frames: 0x10ae0ce22 0x1040c7625 0x103ff81b2 0x1040ca799 0x1040c9886 0x1040c9469 0x10405e84e 0x1040c7049 0x10ae08e9e
   9.029 TIGER-SAMPLE pid 0x4b28 n 0x20 thread 0x2303 thread 0x2303 state-kr 0x0 pc 0x10adbd7e6 leaf poll+0xa frames: 0x10adbd7e6 0x10405e84e 0x1040c7049 0x10ae08e9e
   9.029 TIGER-SAMPLE pid 0x4b28 n 0x20 thread 0x2407 thread 0x2407 state-kr 0x0 pc 0x10ae0ce22 leaf __semwait_signal+0xa frames: 0x10ae0ce22 0x1040c7625 0x103ff81b2 0x1040ca799 0x1040c9886 0x1040c9469 0x10405e84e 0x1040c7049 0x10ae08e9e
   9.029 TIGER-SAMPLE pid 0x4b28 n 0x20 thread 0x2503 thread 0x2503 state-kr 0x0 pc 0x10ae0ce22 leaf __semwait_signal+0xa frames: 0x10ae0ce22 0x1040c7625 0x103ff81b2 0x1040ca799 0x1040c9886 0x1040c9469 0x10405e84e 0x1040c7049 0x10ae08e9e
   9.029 TIGER-SAMPLE pid 0x4b28 n 0x20 thread 0x2603 thread 0x2603 state-kr 0x0 pc 0x10ae0ce22 leaf __semwait_signal+0xa frames: 0x10ae0ce22 0x1040c7625 0x103ff81b2 0x1040ca799 0x1040c9886 0x1040c9469 0x10405e84e 0x1040c7049 0x10ae08e9e
   9.029 TIGER-SAMPLE pid 0x4b28 n 0x20 thread 0x2703 thread 0x2703 state-kr 0x0 pc 0x10ae0ce22 leaf __semwait_signal+0xa frames: 0x10ae0ce22 0x1040c7625 0x103ff81b2 0x1040ca799 0x1040c9886 0x1040c9469 0x10405e84e 0x1040c7049 0x10ae08e9e
   9.030 TIGER-SAMPLE pid 0x4b28 n 0x20 thread 0x2c03 thread 0x2c03 state-kr 0x0 pc 0x10adbd7e6 leaf poll+0xa frames: 0x10adbd7e6 0x1043c3427 0x1043c35ea 0x101f33797 0x101f3f561 0x10405e84e 0x1040c7049 0x10ae08e9e
   9.030 TIGER-SAMPLE pid 0x4b28 n 0x20 thread 0x2e0f thread 0x2e0f state-kr 0x0 pc 0x10ae0ce22 leaf __semwait_signal+0xa frames: 0x10ae0ce22 0x1040c7625 0x103ff81b2 0x1040ca799 0x1040c9886 0x1040c9469 0x10405e84e 0x1040c7049 0x10ae08e9e
   9.044 TIGER-SAMPLE pid 0x4b29 n 0x1e main 0xd03 thread 0xd03 state-kr 0x0 pc 0x90009817 leaf mach_msg_trap+0x7 frames: 0x90009817 0x9082d227 0x9083e100 0x300d9e7 0x4497f 0x83d4 0x83a2 0x82c9 0x3
   9.044 TIGER-SAMPLE pid 0x4b29 n 0x1e thread 0x1103 thread 0x1103 state-kr 0x0 pc 0x90009817 leaf mach_msg_trap+0x7 frames: 0x90009817 0x148f48 0x90023d67
   9.045 TIGER-SAMPLE pid 0x4b29 n 0x1e thread 0x1303 thread 0x1303 state-kr 0x0 pc 0x900bc3fc leaf poll+0xc frames: 0x900bc3fc 0x14bc44 0x2fac62b 0x30145f1 0x90023d67
   9.045 TIGER-SAMPLE pid 0x4b29 n 0x1e thread 0x2507 thread 0x2507 state-kr 0x0 pc 0x90024407 leaf semaphore_wait_signal_trap+0x7 frames: 0x90024407 0x34e1e 0x90023d67
   9.045 TIGER-SAMPLE pid 0x4b29 n 0x1e thread 0x2703 thread 0x2703 state-kr 0x0 pc 0x90024407 leaf semaphore_wait_signal_trap+0x7 frames: 0x90024407 0x34e1e 0x90023d67
   9.045 TIGER-SAMPLE pid 0x4b29 n 0x1e thread 0x2903 thread 0x2903 state-kr 0x0 pc 0x90024407 leaf semaphore_wait_signal_trap+0x7 frames: 0x90024407 0x34e1e 0x90023d67
   9.046 TIGER-SAMPLE pid 0x4b29 n 0x1e thread 0x2b03 thread 0x2b03 state-kr 0x0 pc 0x90024407 leaf semaphore_wait_signal_trap+0x7 frames: 0x90024407 0x34e1e 0x90023d67
   9.046 TIGER-SAMPLE pid 0x4b29 n 0x1e thread 0x2f07 thread 0x2f07 state-kr 0x0 pc 0x90019d0c leaf select+0xc frames: 0x90019d0c 0x14c115 0x13f348 0x2fac62b 0x30145f1 0x90023d67
   9.053 TIGER-SAMPLE pid 0x4b24 n 0x22 main 0x117 thread 0x117 state-kr 0x0 pc 0x90009817 leaf mach_msg_trap+0x7 frames: 0x90009817 0x9082d227 0x9082ca42 0x92e06878 0x92e05f82 0x92e05dd9 0x9328cf45 0x9328cb37 0x932868c4 0xc50a 0x8752 0x8679 0x5
   9.053 TIGER-SAMPLE pid 0x4b24 n 0x22 thread 0x1203 thread 0x1203 state-kr 0x0 pc 0x90009817 leaf mach_msg_trap+0x7 frames: 0x90009817 0x2d3fd8 0x90023d67
   9.054 TIGER-SAMPLE pid 0x4b24 n 0x22 thread 0x3207 thread 0x3207 state-kr 0x0 pc 0x90024407 leaf semaphore_wait_signal_trap+0x7 frames: 0x90024407 0x3af7e 0x90023d67
   9.054 TIGER-SAMPLE pid 0x4b24 n 0x22 thread 0x3403 thread 0x3403 state-kr 0x0 pc 0x90024407 leaf semaphore_wait_signal_trap+0x7 frames: 0x90024407 0x3af7e 0x90023d67
   9.054 TIGER-SAMPLE pid 0x4b24 n 0x22 thread 0x5603 thread 0x5603 state-kr 0x0 pc 0x90024407 leaf semaphore_wait_signal_trap+0x7 frames: 0x90024407 0x3af7e 0x90023d67
   9.054 TIGER-SAMPLE pid 0x4b24 n 0x22 thread 0x5903 thread 0x5903 state-kr 0x0 pc 0x900bc3fc leaf poll+0xc frames: 0x900bc3fc 0x2d6a64 0x313ae8b 0x31a40a1 0x90023d67
   9.055 TIGER-SAMPLE pid 0x4b24 n 0x22 thread 0x5a03 thread 0x5a03 state-kr 0x0 pc 0x90024407 leaf semaphore_wait_signal_trap+0x7 frames: 0x90024407 0x3af7e 0x90023d67
   9.055 TIGER-SAMPLE pid 0x4b24 n 0x22 thread 0x5807 thread 0x5807 state-kr 0x0 pc 0x900bc3fc leaf poll+0xc frames: 0x900bc3fc 0x2d6a64 0x313ae8b 0x31a40a1 0x90023d67
   9.280 TIGER-SAMPLE pid 0x4b28 n 0x21 main 0xd03 thread 0xd03 state-kr 0x0 pc 0x10ae0ce22 leaf __semwait_signal+0xa frames: 0x10ae0ce22 0x1040c7667 0x103ff81b2 0x1040ca799 0x1040c9886 0x1040c9469 0x10004a77b 0x100001b4c 0x100001a61 0x3
   9.280 TIGER-SAMPLE pid 0x4b28 n 0x21 thread 0xf03 thread 0xf03 state-kr 0x0 pc 0x10ae56e4e leaf mach_msg_trap+0xa frames: 0x10ae56e4e 0x100328062 0x10ae08e9e
   9.281 TIGER-SAMPLE pid 0x4b28 n 0x21 thread 0x1103 thread 0x1103 state-kr 0x0 pc 0x10ae0ce22 leaf __semwait_signal+0xa frames: 0x10ae0ce22 0x1040c7625 0x103ff81b2 0x1040ca799 0x1040c9886 0x1040c9469 0x10405e84e 0x1040c7049 0x10ae08e9e
   9.281 TIGER-SAMPLE pid 0x4b28 n 0x21 thread 0x2303 thread 0x2303 state-kr 0x0 pc 0x10adbd7e6 leaf poll+0xa frames: 0x10adbd7e6 0x10405e84e 0x1040c7049 0x10ae08e9e
   9.281 TIGER-SAMPLE pid 0x4b28 n 0x21 thread 0x2407 thread 0x2407 state-kr 0x0 pc 0x10ae0ce22 leaf __semwait_signal+0xa frames: 0x10ae0ce22 0x1040c7625 0x103ff81b2 0x1040ca799 0x1040c9886 0x1040c9469 0x10405e84e 0x1040c7049 0x10ae08e9e
   9.281 TIGER-SAMPLE pid 0x4b28 n 0x21 thread 0x2503 thread 0x2503 state-kr 0x0 pc 0x10ae0ce22 leaf __semwait_signal+0xa frames: 0x10ae0ce22 0x1040c7625 0x103ff81b2 0x1040ca799 0x1040c9886 0x1040c9469 0x10405e84e 0x1040c7049 0x10ae08e9e
   9.281 TIGER-SAMPLE pid 0x4b28 n 0x21 thread 0x2603 thread 0x2603 state-kr 0x0 pc 0x10ae0ce22 leaf __semwait_signal+0xa frames: 0x10ae0ce22 0x1040c7625 0x103ff81b2 0x1040ca799 0x1040c9886 0x1040c9469 0x10405e84e 0x1040c7049 0x10ae08e9e
   9.281 TIGER-SAMPLE pid 0x4b28 n 0x21 thread 0x2703 thread 0x2703 state-kr 0x0 pc 0x10ae0ce22 leaf __semwait_signal+0xa frames: 0x10ae0ce22 0x1040c7625 0x103ff81b2 0x1040ca799 0x1040c9886 0x1040c9469 0x10405e84e 0x1040c7049 0x10ae08e9e
   9.282 TIGER-SAMPLE pid 0x4b28 n 0x21 thread 0x2c03 thread 0x2c03 state-kr 0x0 pc 0x10adbd7e6 leaf poll+0xa frames: 0x10adbd7e6 0x1043c3427 0x1043c35ea 0x101f33797 0x101f3f561 0x10405e84e 0x1040c7049 0x10ae08e9e
   9.282 TIGER-SAMPLE pid 0x4b28 n 0x21 thread 0x2e0f thread 0x2e0f state-kr 0x0 pc 0x10ae0ce22 leaf __semwait_signal+0xa frames: 0x10ae0ce22 0x1040c7625 0x103ff81b2 0x1040ca799 0x1040c9886 0x1040c9469 0x10405e84e 0x1040c7049 0x10ae08e9e
   9.298 TIGER-SAMPLE pid 0x4b29 n 0x1f main 0xd03 thread 0xd03 state-kr 0x0 pc 0x90009817 leaf mach_msg_trap+0x7 frames: 0x90009817 0x9082d227 0x9083e100 0x300d9e7 0x4497f 0x83d4 0x83a2 0x82c9 0x3
   9.298 TIGER-SAMPLE pid 0x4b29 n 0x1f thread 0x1103 thread 0x1103 state-kr 0x0 pc 0x90009817 leaf mach_msg_trap+0x7 frames: 0x90009817 0x148f48 0x90023d67
   9.298 TIGER-SAMPLE pid 0x4b29 n 0x1f thread 0x1303 thread 0x1303 state-kr 0x0 pc 0x900bc3fc leaf poll+0xc frames: 0x900bc3fc 0x14bc44 0x2fac62b 0x30145f1 0x90023d67
   9.298 TIGER-SAMPLE pid 0x4b29 n 0x1f thread 0x2507 thread 0x2507 state-kr 0x0 pc 0x90024407 leaf semaphore_wait_signal_trap+0x7 frames: 0x90024407 0x34e1e 0x90023d67
   9.298 TIGER-SAMPLE pid 0x4b29 n 0x1f thread 0x2703 thread 0x2703 state-kr 0x0 pc 0x90024407 leaf semaphore_wait_signal_trap+0x7 frames: 0x90024407 0x34e1e 0x90023d67
   9.298 TIGER-SAMPLE pid 0x4b29 n 0x1f thread 0x2903 thread 0x2903 state-kr 0x0 pc 0x90024407 leaf semaphore_wait_signal_trap+0x7 frames: 0x90024407 0x34e1e 0x90023d67
   9.298 TIGER-SAMPLE pid 0x4b29 n 0x1f thread 0x2b03 thread 0x2b03 state-kr 0x0 pc 0x90024407 leaf semaphore_wait_signal_trap+0x7 frames: 0x90024407 0x34e1e 0x90023d67
   9.298 TIGER-SAMPLE pid 0x4b29 n 0x1f thread 0x2f07 thread 0x2f07 state-kr 0x0 pc 0x90019d0c leaf select+0xc frames: 0x90019d0c 0x14c115 0x13f348 0x2fac62b 0x30145f1 0x90023d67
   9.306 TIGER-SAMPLE pid 0x4b24 n 0x23 main 0x117 thread 0x117 state-kr 0x0 pc 0x90009817 leaf mach_msg_trap+0x7 frames: 0x90009817 0x9082d227 0x9082ca42 0x92e06878 0x92e05f82 0x92e05dd9 0x9328cf45 0x9328cb37 0x932868c4 0xc50a 0x8752 0x8679 0x5
   9.306 TIGER-SAMPLE pid 0x4b24 n 0x23 thread 0x1203 thread 0x1203 state-kr 0x0 pc 0x90009817 leaf mach_msg_trap+0x7 frames: 0x90009817 0x2d3fd8 0x90023d67
   9.306 TIGER-SAMPLE pid 0x4b24 n 0x23 thread 0x3207 thread 0x3207 state-kr 0x0 pc 0x90024407 leaf semaphore_wait_signal_trap+0x7 frames: 0x90024407 0x3af7e 0x90023d67
   9.306 TIGER-SAMPLE pid 0x4b24 n 0x23 thread 0x3403 thread 0x3403 state-kr 0x0 pc 0x90024407 leaf semaphore_wait_signal_trap+0x7 frames: 0x90024407 0x3af7e 0x90023d67
   9.306 TIGER-SAMPLE pid 0x4b24 n 0x23 thread 0x5603 thread 0x5603 state-kr 0x0 pc 0x90024407 leaf semaphore_wait_signal_trap+0x7 frames: 0x90024407 0x3af7e 0x90023d67
   9.307 TIGER-SAMPLE pid 0x4b24 n 0x23 thread 0x5903 thread 0x5903 state-kr 0x0 pc 0x900bc3fc leaf poll+0xc frames: 0x900bc3fc 0x2d6a64 0x313ae8b 0x31a40a1 0x90023d67
   9.307 TIGER-SAMPLE pid 0x4b24 n 0x23 thread 0x5a03 thread 0x5a03 state-kr 0x0 pc 0x90024407 leaf semaphore_wait_signal_trap+0x7 frames: 0x90024407 0x3af7e 0x90023d67
   9.307 TIGER-SAMPLE pid 0x4b24 n 0x23 thread 0x5807 thread 0x5807 state-kr 0x0 pc 0x900bc3fc leaf poll+0xc frames: 0x900bc3fc 0x2d6a64 0x313ae8b 0x31a40a1 0x90023d67
   9.532 TIGER-SAMPLE pid 0x4b28 n 0x22 main 0xd03 thread 0xd03 state-kr 0x0 pc 0x10ae0ce22 leaf __semwait_signal+0xa frames: 0x10ae0ce22 0x1040c7667 0x103ff81b2 0x1040ca799 0x1040c9886 0x1040c9469 0x10004a77b 0x100001b4c 0x100001a61 0x3
   9.532 TIGER-SAMPLE pid 0x4b28 n 0x22 thread 0xf03 thread 0xf03 state-kr 0x0 pc 0x10ae56e4e leaf mach_msg_trap+0xa frames: 0x10ae56e4e 0x100328062 0x10ae08e9e
   9.532 TIGER-SAMPLE pid 0x4b28 n 0x22 thread 0x1103 thread 0x1103 state-kr 0x0 pc 0x10ae0ce22 leaf __semwait_signal+0xa frames: 0x10ae0ce22 0x1040c7625 0x103ff81b2 0x1040ca799 0x1040c9886 0x1040c9469 0x10405e84e 0x1040c7049 0x10ae08e9e
   9.533 TIGER-SAMPLE pid 0x4b28 n 0x22 thread 0x2303 thread 0x2303 state-kr 0x0 pc 0x10adbd7e6 leaf poll+0xa frames: 0x10adbd7e6 0x10405e84e 0x1040c7049 0x10ae08e9e
   9.533 TIGER-SAMPLE pid 0x4b28 n 0x22 thread 0x2407 thread 0x2407 state-kr 0x0 pc 0x10ae0ce22 leaf __semwait_signal+0xa frames: 0x10ae0ce22 0x1040c7625 0x103ff81b2 0x1040ca799 0x1040c9886 0x1040c9469 0x10405e84e 0x1040c7049 0x10ae08e9e
   9.533 TIGER-SAMPLE pid 0x4b28 n 0x22 thread 0x2503 thread 0x2503 state-kr 0x0 pc 0x10ae0ce22 leaf __semwait_signal+0xa frames: 0x10ae0ce22 0x1040c7625 0x103ff81b2 0x1040ca799 0x1040c9886 0x1040c9469 0x10405e84e 0x1040c7049 0x10ae08e9e
   9.533 TIGER-SAMPLE pid 0x4b28 n 0x22 thread 0x2603 thread 0x2603 state-kr 0x0 pc 0x10ae0ce22 leaf __semwait_signal+0xa frames: 0x10ae0ce22 0x1040c7625 0x103ff81b2 0x1040ca799 0x1040c9886 0x1040c9469 0x10405e84e 0x1040c7049 0x10ae08e9e
   9.533 TIGER-SAMPLE pid 0x4b28 n 0x22 thread 0x2703 thread 0x2703 state-kr 0x0 pc 0x10ae0ce22 leaf __semwait_signal+0xa frames: 0x10ae0ce22 0x1040c7625 0x103ff81b2 0x1040ca799 0x1040c9886 0x1040c9469 0x10405e84e 0x1040c7049 0x10ae08e9e
   9.533 TIGER-SAMPLE pid 0x4b28 n 0x22 thread 0x2c03 thread 0x2c03 state-kr 0x0 pc 0x10adbd7e6 leaf poll+0xa frames: 0x10adbd7e6 0x1043c3427 0x1043c35ea 0x101f33797 0x101f3f561 0x10405e84e 0x1040c7049 0x10ae08e9e
   9.534 TIGER-SAMPLE pid 0x4b28 n 0x22 thread 0x2e0f thread 0x2e0f state-kr 0x0 pc 0x10ae0ce22 leaf __semwait_signal+0xa frames: 0x10ae0ce22 0x1040c7625 0x103ff81b2 0x1040ca799 0x1040c9886 0x1040c9469 0x10405e84e 0x1040c7049 0x10ae08e9e
   9.548 TIGER-SAMPLE pid 0x4b29 n 0x20 main 0xd03 thread 0xd03 state-kr 0x0 pc 0x90009817 leaf mach_msg_trap+0x7 frames: 0x90009817 0x9082d227 0x9083e100 0x300d9e7 0x4497f 0x83d4 0x83a2 0x82c9 0x3
   9.548 TIGER-SAMPLE pid 0x4b29 n 0x20 thread 0x1103 thread 0x1103 state-kr 0x0 pc 0x90009817 leaf mach_msg_trap+0x7 frames: 0x90009817 0x148f48 0x90023d67
   9.549 TIGER-SAMPLE pid 0x4b29 n 0x20 thread 0x1303 thread 0x1303 state-kr 0x0 pc 0x900bc3fc leaf poll+0xc frames: 0x900bc3fc 0x14bc44 0x2fac62b 0x30145f1 0x90023d67
   9.549 TIGER-SAMPLE pid 0x4b29 n 0x20 thread 0x2507 thread 0x2507 state-kr 0x0 pc 0x90024407 leaf semaphore_wait_signal_trap+0x7 frames: 0x90024407 0x34e1e 0x90023d67
   9.549 TIGER-SAMPLE pid 0x4b29 n 0x20 thread 0x2703 thread 0x2703 state-kr 0x0 pc 0x90024407 leaf semaphore_wait_signal_trap+0x7 frames: 0x90024407 0x34e1e 0x90023d67
   9.549 TIGER-SAMPLE pid 0x4b29 n 0x20 thread 0x2903 thread 0x2903 state-kr 0x0 pc 0x90024407 leaf semaphore_wait_signal_trap+0x7 frames: 0x90024407 0x34e1e 0x90023d67
   9.550 TIGER-SAMPLE pid 0x4b29 n 0x20 thread 0x2b03 thread 0x2b03 state-kr 0x0 pc 0x90024407 leaf semaphore_wait_signal_trap+0x7 frames: 0x90024407 0x34e1e 0x90023d67
   9.550 TIGER-SAMPLE pid 0x4b29 n 0x20 thread 0x2f07 thread 0x2f07 state-kr 0x0 pc 0x90019d0c leaf select+0xc frames: 0x90019d0c 0x14c115 0x13f348 0x2fac62b 0x30145f1 0x90023d67
   9.558 TIGER-SAMPLE pid 0x4b24 n 0x24 main 0x117 thread 0x117 state-kr 0x0 pc 0x90009817 leaf mach_msg_trap+0x7 frames: 0x90009817 0x9082d227 0x9082ca42 0x92e06878 0x92e05f82 0x92e05dd9 0x9328cf45 0x9328cb37 0x932868c4 0xc50a 0x8752 0x8679 0x5
   9.558 TIGER-SAMPLE pid 0x4b24 n 0x24 thread 0x1203 thread 0x1203 state-kr 0x0 pc 0x90009817 leaf mach_msg_trap+0x7 frames: 0x90009817 0x2d3fd8 0x90023d67
   9.558 TIGER-SAMPLE pid 0x4b24 n 0x24 thread 0x3207 thread 0x3207 state-kr 0x0 pc 0x90024407 leaf semaphore_wait_signal_trap+0x7 frames: 0x90024407 0x3af7e 0x90023d67
   9.558 TIGER-SAMPLE pid 0x4b24 n 0x24 thread 0x3403 thread 0x3403 state-kr 0x0 pc 0x90024407 leaf semaphore_wait_signal_trap+0x7 frames: 0x90024407 0x3af7e 0x90023d67
   9.559 TIGER-SAMPLE pid 0x4b24 n 0x24 thread 0x5603 thread 0x5603 state-kr 0x0 pc 0x90024407 leaf semaphore_wait_signal_trap+0x7 frames: 0x90024407 0x3af7e 0x90023d67
   9.559 TIGER-SAMPLE pid 0x4b24 n 0x24 thread 0x5903 thread 0x5903 state-kr 0x0 pc 0x900bc3fc leaf poll+0xc frames: 0x900bc3fc 0x2d6a64 0x313ae8b 0x31a40a1 0x90023d67
   9.559 TIGER-SAMPLE pid 0x4b24 n 0x24 thread 0x5a03 thread 0x5a03 state-kr 0x0 pc 0x90024407 leaf semaphore_wait_signal_trap+0x7 frames: 0x90024407 0x3af7e 0x90023d67
   9.559 TIGER-SAMPLE pid 0x4b24 n 0x24 thread 0x5807 thread 0x5807 state-kr 0x0 pc 0x900bc3fc leaf poll+0xc frames: 0x900bc3fc 0x2d6a64 0x313ae8b 0x31a40a1 0x90023d67
   9.784 TIGER-SAMPLE pid 0x4b28 n 0x23 main 0xd03 thread 0xd03 state-kr 0x0 pc 0x10ae0ce22 leaf __semwait_signal+0xa frames: 0x10ae0ce22 0x1040c7667 0x103ff81b2 0x1040ca799 0x1040c9886 0x1040c9469 0x10004a77b 0x100001b4c 0x100001a61 0x3
   9.784 TIGER-SAMPLE pid 0x4b28 n 0x23 thread 0xf03 thread 0xf03 state-kr 0x0 pc 0x10ae56e4e leaf mach_msg_trap+0xa frames: 0x10ae56e4e 0x100328062 0x10ae08e9e
   9.784 TIGER-SAMPLE pid 0x4b28 n 0x23 thread 0x1103 thread 0x1103 state-kr 0x0 pc 0x10ae0ce22 leaf __semwait_signal+0xa frames: 0x10ae0ce22 0x1040c7625 0x103ff81b2 0x1040ca799 0x1040c9886 0x1040c9469 0x10405e84e 0x1040c7049 0x10ae08e9e
   9.784 TIGER-SAMPLE pid 0x4b28 n 0x23 thread 0x2303 thread 0x2303 state-kr 0x0 pc 0x10adbd7e6 leaf poll+0xa frames: 0x10adbd7e6 0x10405e84e 0x1040c7049 0x10ae08e9e
   9.785 TIGER-SAMPLE pid 0x4b28 n 0x23 thread 0x2407 thread 0x2407 state-kr 0x0 pc 0x10ae0ce22 leaf __semwait_signal+0xa frames: 0x10ae0ce22 0x1040c7625 0x103ff81b2 0x1040ca799 0x1040c9886 0x1040c9469 0x10405e84e 0x1040c7049 0x10ae08e9e
   9.785 TIGER-SAMPLE pid 0x4b28 n 0x23 thread 0x2503 thread 0x2503 state-kr 0x0 pc 0x10ae0ce22 leaf __semwait_signal+0xa frames: 0x10ae0ce22 0x1040c7625 0x103ff81b2 0x1040ca799 0x1040c9886 0x1040c9469 0x10405e84e 0x1040c7049 0x10ae08e9e
   9.785 TIGER-SAMPLE pid 0x4b28 n 0x23 thread 0x2603 thread 0x2603 state-kr 0x0 pc 0x10ae0ce22 leaf __semwait_signal+0xa frames: 0x10ae0ce22 0x1040c7625 0x103ff81b2 0x1040ca799 0x1040c9886 0x1040c9469 0x10405e84e 0x1040c7049 0x10ae08e9e
   9.785 TIGER-SAMPLE pid 0x4b28 n 0x23 thread 0x2703 thread 0x2703 state-kr 0x0 pc 0x10ae0ce22 leaf __semwait_signal+0xa frames: 0x10ae0ce22 0x1040c7625 0x103ff81b2 0x1040ca799 0x1040c9886 0x1040c9469 0x10405e84e 0x1040c7049 0x10ae08e9e
   9.785 TIGER-SAMPLE pid 0x4b28 n 0x23 thread 0x2c03 thread 0x2c03 state-kr 0x0 pc 0x10adbd7e6 leaf poll+0xa frames: 0x10adbd7e6 0x1043c3427 0x1043c35ea 0x101f33797 0x101f3f561 0x10405e84e 0x1040c7049 0x10ae08e9e
   9.785 TIGER-SAMPLE pid 0x4b28 n 0x23 thread 0x2e0f thread 0x2e0f state-kr 0x0 pc 0x10ae0ce22 leaf __semwait_signal+0xa frames: 0x10ae0ce22 0x1040c7625 0x103ff81b2 0x1040ca799 0x1040c9886 0x1040c9469 0x10405e84e 0x1040c7049 0x10ae08e9e
   9.800 TIGER-SAMPLE pid 0x4b29 n 0x21 main 0xd03 thread 0xd03 state-kr 0x0 pc 0x90009817 leaf mach_msg_trap+0x7 frames: 0x90009817 0x9082d227 0x9083e100 0x300d9e7 0x4497f 0x83d4 0x83a2 0x82c9 0x3
   9.801 TIGER-SAMPLE pid 0x4b29 n 0x21 thread 0x1103 thread 0x1103 state-kr 0x0 pc 0x90009817 leaf mach_msg_trap+0x7 frames: 0x90009817 0x148f48 0x90023d67
   9.801 TIGER-SAMPLE pid 0x4b29 n 0x21 thread 0x1303 thread 0x1303 state-kr 0x0 pc 0x900bc3fc leaf poll+0xc frames: 0x900bc3fc 0x14bc44 0x2fac62b 0x30145f1 0x90023d67
   9.801 TIGER-SAMPLE pid 0x4b29 n 0x21 thread 0x2507 thread 0x2507 state-kr 0x0 pc 0x90024407 leaf semaphore_wait_signal_trap+0x7 frames: 0x90024407 0x34e1e 0x90023d67
   9.801 TIGER-SAMPLE pid 0x4b29 n 0x21 thread 0x2703 thread 0x2703 state-kr 0x0 pc 0x90024407 leaf semaphore_wait_signal_trap+0x7 frames: 0x90024407 0x34e1e 0x90023d67
   9.802 TIGER-SAMPLE pid 0x4b29 n 0x21 thread 0x2903 thread 0x2903 state-kr 0x0 pc 0x90024407 leaf semaphore_wait_signal_trap+0x7 frames: 0x90024407 0x34e1e 0x90023d67
   9.802 TIGER-SAMPLE pid 0x4b29 n 0x21 thread 0x2b03 thread 0x2b03 state-kr 0x0 pc 0x90024407 leaf semaphore_wait_signal_trap+0x7 frames: 0x90024407 0x34e1e 0x90023d67
   9.802 TIGER-SAMPLE pid 0x4b29 n 0x21 thread 0x2f07 thread 0x2f07 state-kr 0x0 pc 0x90019d0c leaf select+0xc frames: 0x90019d0c 0x14c115 0x13f348 0x2fac62b 0x30145f1 0x90023d67
   9.810 TIGER-SAMPLE pid 0x4b24 n 0x25 main 0x117 thread 0x117 state-kr 0x0 pc 0x90009817 leaf mach_msg_trap+0x7 frames: 0x90009817 0x9082d227 0x9082ca42 0x92e06878 0x92e05f82 0x92e05dd9 0x9328cf45 0x9328cb37 0x932868c4 0xc50a 0x8752 0x8679 0x5
   9.810 TIGER-SAMPLE pid 0x4b24 n 0x25 thread 0x1203 thread 0x1203 state-kr 0x0 pc 0x90009817 leaf mach_msg_trap+0x7 frames: 0x90009817 0x2d3fd8 0x90023d67
   9.810 TIGER-SAMPLE pid 0x4b24 n 0x25 thread 0x3207 thread 0x3207 state-kr 0x0 pc 0x90024407 leaf semaphore_wait_signal_trap+0x7 frames: 0x90024407 0x3af7e 0x90023d67
   9.811 TIGER-SAMPLE pid 0x4b24 n 0x25 thread 0x3403 thread 0x3403 state-kr 0x0 pc 0x90024407 leaf semaphore_wait_signal_trap+0x7 frames: 0x90024407 0x3af7e 0x90023d67
   9.811 TIGER-SAMPLE pid 0x4b24 n 0x25 thread 0x5603 thread 0x5603 state-kr 0x0 pc 0x90024407 leaf semaphore_wait_signal_trap+0x7 frames: 0x90024407 0x3af7e 0x90023d67
   9.811 TIGER-SAMPLE pid 0x4b24 n 0x25 thread 0x5903 thread 0x5903 state-kr 0x0 pc 0x900bc3fc leaf poll+0xc frames: 0x900bc3fc 0x2d6a64 0x313ae8b 0x31a40a1 0x90023d67
   9.811 TIGER-SAMPLE pid 0x4b24 n 0x25 thread 0x5a03 thread 0x5a03 state-kr 0x0 pc 0x90024407 leaf semaphore_wait_signal_trap+0x7 frames: 0x90024407 0x3af7e 0x90023d67
   9.812 TIGER-SAMPLE pid 0x4b24 n 0x25 thread 0x5807 thread 0x5807 state-kr 0x0 pc 0x900bc3fc leaf poll+0xc frames: 0x900bc3fc 0x2d6a64 0x313ae8b 0x31a40a1 0x90023d67
  10.036 TIGER-SAMPLE pid 0x4b28 n 0x24 main 0xd03 thread 0xd03 state-kr 0x0 pc 0x10ae0ce22 leaf __semwait_signal+0xa frames: 0x10ae0ce22 0x1040c7667 0x103ff81b2 0x1040ca799 0x1040c9886 0x1040c9469 0x10004a77b 0x100001b4c 0x100001a61 0x3
  10.036 TIGER-SAMPLE pid 0x4b28 n 0x24 thread 0xf03 thread 0xf03 state-kr 0x0 pc 0x10ae56e4e leaf mach_msg_trap+0xa frames: 0x10ae56e4e 0x100328062 0x10ae08e9e
  10.036 TIGER-SAMPLE pid 0x4b28 n 0x24 thread 0x1103 thread 0x1103 state-kr 0x0 pc 0x10ae0ce22 leaf __semwait_signal+0xa frames: 0x10ae0ce22 0x1040c7625 0x103ff81b2 0x1040ca799 0x1040c9886 0x1040c9469 0x10405e84e 0x1040c7049 0x10ae08e9e
  10.036 TIGER-SAMPLE pid 0x4b28 n 0x24 thread 0x2303 thread 0x2303 state-kr 0x0 pc 0x10adbd7e6 leaf poll+0xa frames: 0x10adbd7e6 0x10405e84e 0x1040c7049 0x10ae08e9e
  10.036 TIGER-SAMPLE pid 0x4b28 n 0x24 thread 0x2407 thread 0x2407 state-kr 0x0 pc 0x10ae0ce22 leaf __semwait_signal+0xa frames: 0x10ae0ce22 0x1040c7625 0x103ff81b2 0x1040ca799 0x1040c9886 0x1040c9469 0x10405e84e 0x1040c7049 0x10ae08e9e
  10.036 TIGER-SAMPLE pid 0x4b28 n 0x24 thread 0x2503 thread 0x2503 state-kr 0x0 pc 0x10ae0ce22 leaf __semwait_signal+0xa frames: 0x10ae0ce22 0x1040c7625 0x103ff81b2 0x1040ca799 0x1040c9886 0x1040c9469 0x10405e84e 0x1040c7049 0x10ae08e9e
  10.037 TIGER-SAMPLE pid 0x4b28 n 0x24 thread 0x2603 thread 0x2603 state-kr 0x0 pc 0x10ae0ce22 leaf __semwait_signal+0xa frames: 0x10ae0ce22 0x1040c7625 0x103ff81b2 0x1040ca799 0x1040c9886 0x1040c9469 0x10405e84e 0x1040c7049 0x10ae08e9e
  10.037 TIGER-SAMPLE pid 0x4b28 n 0x24 thread 0x2703 thread 0x2703 state-kr 0x0 pc 0x10ae0ce22 leaf __semwait_signal+0xa frames: 0x10ae0ce22 0x1040c7625 0x103ff81b2 0x1040ca799 0x1040c9886 0x1040c9469 0x10405e84e 0x1040c7049 0x10ae08e9e
  10.037 TIGER-SAMPLE pid 0x4b28 n 0x24 thread 0x2c03 thread 0x2c03 state-kr 0x0 pc 0x10adbd7e6 leaf poll+0xa frames: 0x10adbd7e6 0x1043c3427 0x1043c35ea 0x101f33797 0x101f3f561 0x10405e84e 0x1040c7049 0x10ae08e9e
  10.037 TIGER-SAMPLE pid 0x4b28 n 0x24 thread 0x2e0f thread 0x2e0f state-kr 0x0 pc 0x10ae0ce22 leaf __semwait_signal+0xa frames: 0x10ae0ce22 0x1040c7625 0x103ff81b2 0x1040ca799 0x1040c9886 0x1040c9469 0x10405e84e 0x1040c7049 0x10ae08e9e
  10.053 TIGER-SAMPLE pid 0x4b29 n 0x22 main 0xd03 thread 0xd03 state-kr 0x0 pc 0x90009817 leaf mach_msg_trap+0x7 frames: 0x90009817 0x9082d227 0x9083e100 0x300d9e7 0x4497f 0x83d4 0x83a2 0x82c9 0x3
  10.053 TIGER-SAMPLE pid 0x4b29 n 0x22 thread 0x1103 thread 0x1103 state-kr 0x0 pc 0x90009817 leaf mach_msg_trap+0x7 frames: 0x90009817 0x148f48 0x90023d67
  10.053 TIGER-SAMPLE pid 0x4b29 n 0x22 thread 0x1303 thread 0x1303 state-kr 0x0 pc 0x900bc3fc leaf poll+0xc frames: 0x900bc3fc 0x14bc44 0x2fac62b 0x30145f1 0x90023d67
  10.053 TIGER-SAMPLE pid 0x4b29 n 0x22 thread 0x2507 thread 0x2507 state-kr 0x0 pc 0x90024407 leaf semaphore_wait_signal_trap+0x7 frames: 0x90024407 0x34e1e 0x90023d67
  10.053 TIGER-SAMPLE pid 0x4b29 n 0x22 thread 0x2703 thread 0x2703 state-kr 0x0 pc 0x90024407 leaf semaphore_wait_signal_trap+0x7 frames: 0x90024407 0x34e1e 0x90023d67
  10.054 TIGER-SAMPLE pid 0x4b29 n 0x22 thread 0x2903 thread 0x2903 state-kr 0x0 pc 0x90024407 leaf semaphore_wait_signal_trap+0x7 frames: 0x90024407 0x34e1e 0x90023d67
  10.054 TIGER-SAMPLE pid 0x4b29 n 0x22 thread 0x2b03 thread 0x2b03 state-kr 0x0 pc 0x90024407 leaf semaphore_wait_signal_trap+0x7 frames: 0x90024407 0x34e1e 0x90023d67
  10.054 TIGER-SAMPLE pid 0x4b29 n 0x22 thread 0x2f07 thread 0x2f07 state-kr 0x0 pc 0x90019d0c leaf select+0xc frames: 0x90019d0c 0x14c115 0x13f348 0x2fac62b 0x30145f1 0x90023d67
  10.062 TIGER-SAMPLE pid 0x4b24 n 0x26 main 0x117 thread 0x117 state-kr 0x0 pc 0x90009817 leaf mach_msg_trap+0x7 frames: 0x90009817 0x9082d227 0x9082ca42 0x92e06878 0x92e05f82 0x92e05dd9 0x9328cf45 0x9328cb37 0x932868c4 0xc50a 0x8752 0x8679 0x5
  10.062 TIGER-SAMPLE pid 0x4b24 n 0x26 thread 0x1203 thread 0x1203 state-kr 0x0 pc 0x90009817 leaf mach_msg_trap+0x7 frames: 0x90009817 0x2d3fd8 0x90023d67
  10.063 TIGER-SAMPLE pid 0x4b24 n 0x26 thread 0x3207 thread 0x3207 state-kr 0x0 pc 0x90024407 leaf semaphore_wait_signal_trap+0x7 frames: 0x90024407 0x3af7e 0x90023d67
  10.063 TIGER-SAMPLE pid 0x4b24 n 0x26 thread 0x3403 thread 0x3403 state-kr 0x0 pc 0x90024407 leaf semaphore_wait_signal_trap+0x7 frames: 0x90024407 0x3af7e 0x90023d67
  10.063 TIGER-SAMPLE pid 0x4b24 n 0x26 thread 0x5603 thread 0x5603 state-kr 0x0 pc 0x90024407 leaf semaphore_wait_signal_trap+0x7 frames: 0x90024407 0x3af7e 0x90023d67
  10.063 TIGER-SAMPLE pid 0x4b24 n 0x26 thread 0x5903 thread 0x5903 state-kr 0x0 pc 0x900bc3fc leaf poll+0xc frames: 0x900bc3fc 0x2d6a64 0x313ae8b 0x31a40a1 0x90023d67
  10.063 TIGER-SAMPLE pid 0x4b24 n 0x26 thread 0x5a03 thread 0x5a03 state-kr 0x0 pc 0x90024407 leaf semaphore_wait_signal_trap+0x7 frames: 0x90024407 0x3af7e 0x90023d67
  10.064 TIGER-SAMPLE pid 0x4b24 n 0x26 thread 0x5807 thread 0x5807 state-kr 0x0 pc 0x900bc3fc leaf poll+0xc frames: 0x900bc3fc 0x2d6a64 0x313ae8b 0x31a40a1 0x90023d67
  10.288 TIGER-SAMPLE pid 0x4b28 n 0x25 main 0xd03 thread 0xd03 state-kr 0x0 pc 0x10ae0ce22 leaf __semwait_signal+0xa frames: 0x10ae0ce22 0x1040c7667 0x103ff81b2 0x1040ca799 0x1040c9886 0x1040c9469 0x10004a77b 0x100001b4c 0x100001a61 0x3
  10.288 TIGER-SAMPLE pid 0x4b28 n 0x25 thread 0xf03 thread 0xf03 state-kr 0x0 pc 0x10ae56e4e leaf mach_msg_trap+0xa frames: 0x10ae56e4e 0x100328062 0x10ae08e9e
  10.288 TIGER-SAMPLE pid 0x4b28 n 0x25 thread 0x1103 thread 0x1103 state-kr 0x0 pc 0x10ae0ce22 leaf __semwait_signal+0xa frames: 0x10ae0ce22 0x1040c7625 0x103ff81b2 0x1040ca799 0x1040c9886 0x1040c9469 0x10405e84e 0x1040c7049 0x10ae08e9e
  10.288 TIGER-SAMPLE pid 0x4b28 n 0x25 thread 0x2303 thread 0x2303 state-kr 0x0 pc 0x10adbd7e6 leaf poll+0xa frames: 0x10adbd7e6 0x10405e84e 0x1040c7049 0x10ae08e9e
  10.288 TIGER-SAMPLE pid 0x4b28 n 0x25 thread 0x2407 thread 0x2407 state-kr 0x0 pc 0x10ae0ce22 leaf __semwait_signal+0xa frames: 0x10ae0ce22 0x1040c7625 0x103ff81b2 0x1040ca799 0x1040c9886 0x1040c9469 0x10405e84e 0x1040c7049 0x10ae08e9e
  10.288 TIGER-SAMPLE pid 0x4b28 n 0x25 thread 0x2503 thread 0x2503 state-kr 0x0 pc 0x10ae0ce22 leaf __semwait_signal+0xa frames: 0x10ae0ce22 0x1040c7625 0x103ff81b2 0x1040ca799 0x1040c9886 0x1040c9469 0x10405e84e 0x1040c7049 0x10ae08e9e
  10.289 TIGER-SAMPLE pid 0x4b28 n 0x25 thread 0x2603 thread 0x2603 state-kr 0x0 pc 0x10ae0ce22 leaf __semwait_signal+0xa frames: 0x10ae0ce22 0x1040c7625 0x103ff81b2 0x1040ca799 0x1040c9886 0x1040c9469 0x10405e84e 0x1040c7049 0x10ae08e9e
  10.289 TIGER-SAMPLE pid 0x4b28 n 0x25 thread 0x2703 thread 0x2703 state-kr 0x0 pc 0x10ae0ce22 leaf __semwait_signal+0xa frames: 0x10ae0ce22 0x1040c7625 0x103ff81b2 0x1040ca799 0x1040c9886 0x1040c9469 0x10405e84e 0x1040c7049 0x10ae08e9e
  10.289 TIGER-SAMPLE pid 0x4b28 n 0x25 thread 0x2c03 thread 0x2c03 state-kr 0x0 pc 0x10adbd7e6 leaf poll+0xa frames: 0x10adbd7e6 0x1043c3427 0x1043c35ea 0x101f33797 0x101f3f561 0x10405e84e 0x1040c7049 0x10ae08e9e
  10.289 TIGER-SAMPLE pid 0x4b28 n 0x25 thread 0x2e0f thread 0x2e0f state-kr 0x0 pc 0x10ae0ce22 leaf __semwait_signal+0xa frames: 0x10ae0ce22 0x1040c7625 0x103ff81b2 0x1040ca799 0x1040c9886 0x1040c9469 0x10405e84e 0x1040c7049 0x10ae08e9e
  10.305 TIGER-SAMPLE pid 0x4b29 n 0x23 main 0xd03 thread 0xd03 state-kr 0x0 pc 0x90009817 leaf mach_msg_trap+0x7 frames: 0x90009817 0x9082d227 0x9083e100 0x300d9e7 0x4497f 0x83d4 0x83a2 0x82c9 0x3
  10.305 TIGER-SAMPLE pid 0x4b29 n 0x23 thread 0x1103 thread 0x1103 state-kr 0x0 pc 0x90009817 leaf mach_msg_trap+0x7 frames: 0x90009817 0x148f48 0x90023d67
  10.305 TIGER-SAMPLE pid 0x4b29 n 0x23 thread 0x1303 thread 0x1303 state-kr 0x0 pc 0x900bc3fc leaf poll+0xc frames: 0x900bc3fc 0x14bc44 0x2fac62b 0x30145f1 0x90023d67
  10.305 TIGER-SAMPLE pid 0x4b29 n 0x23 thread 0x2507 thread 0x2507 state-kr 0x0 pc 0x90024407 leaf semaphore_wait_signal_trap+0x7 frames: 0x90024407 0x34e1e 0x90023d67
  10.306 TIGER-SAMPLE pid 0x4b29 n 0x23 thread 0x2703 thread 0x2703 state-kr 0x0 pc 0x90024407 leaf semaphore_wait_signal_trap+0x7 frames: 0x90024407 0x34e1e 0x90023d67
  10.306 TIGER-SAMPLE pid 0x4b29 n 0x23 thread 0x2903 thread 0x2903 state-kr 0x0 pc 0x90024407 leaf semaphore_wait_signal_trap+0x7 frames: 0x90024407 0x34e1e 0x90023d67
  10.306 TIGER-SAMPLE pid 0x4b29 n 0x23 thread 0x2b03 thread 0x2b03 state-kr 0x0 pc 0x90024407 leaf semaphore_wait_signal_trap+0x7 frames: 0x90024407 0x34e1e 0x90023d67
  10.306 TIGER-SAMPLE pid 0x4b29 n 0x23 thread 0x2f07 thread 0x2f07 state-kr 0x0 pc 0x90019d0c leaf select+0xc frames: 0x90019d0c 0x14c115 0x13f348 0x2fac62b 0x30145f1 0x90023d67
  10.314 TIGER-SAMPLE pid 0x4b24 n 0x27 main 0x117 thread 0x117 state-kr 0x0 pc 0x90009817 leaf mach_msg_trap+0x7 frames: 0x90009817 0x9082d227 0x9082ca42 0x92e06878 0x92e05f82 0x92e05dd9 0x9328cf45 0x9328cb37 0x932868c4 0xc50a 0x8752 0x8679 0x5
  10.315 TIGER-SAMPLE pid 0x4b24 n 0x27 thread 0x1203 thread 0x1203 state-kr 0x0 pc 0x90009817 leaf mach_msg_trap+0x7 frames: 0x90009817 0x2d3fd8 0x90023d67
  10.315 TIGER-SAMPLE pid 0x4b24 n 0x27 thread 0x3207 thread 0x3207 state-kr 0x0 pc 0x90024407 leaf semaphore_wait_signal_trap+0x7 frames: 0x90024407 0x3af7e 0x90023d67
  10.315 TIGER-SAMPLE pid 0x4b24 n 0x27 thread 0x3403 thread 0x3403 state-kr 0x0 pc 0x90024407 leaf semaphore_wait_signal_trap+0x7 frames: 0x90024407 0x3af7e 0x90023d67
  10.315 TIGER-SAMPLE pid 0x4b24 n 0x27 thread 0x5603 thread 0x5603 state-kr 0x0 pc 0x90024407 leaf semaphore_wait_signal_trap+0x7 frames: 0x90024407 0x3af7e 0x90023d67
  10.315 TIGER-SAMPLE pid 0x4b24 n 0x27 thread 0x5903 thread 0x5903 state-kr 0x0 pc 0x900bc3fc leaf poll+0xc frames: 0x900bc3fc 0x2d6a64 0x313ae8b 0x31a40a1 0x90023d67
  10.316 TIGER-SAMPLE pid 0x4b24 n 0x27 thread 0x5a03 thread 0x5a03 state-kr 0x0 pc 0x90024407 leaf semaphore_wait_signal_trap+0x7 frames: 0x90024407 0x3af7e 0x90023d67
  10.316 TIGER-SAMPLE pid 0x4b24 n 0x27 thread 0x5807 thread 0x5807 state-kr 0x0 pc 0x900bc3fc leaf poll+0xc frames: 0x900bc3fc 0x2d6a64 0x313ae8b 0x31a40a1 0x90023d67
  10.539 TIGER-SAMPLE pid 0x4b28 n 0x26 main 0xd03 thread 0xd03 state-kr 0x0 pc 0x10ae0ce22 leaf __semwait_signal+0xa frames: 0x10ae0ce22 0x1040c7667 0x103ff81b2 0x1040ca799 0x1040c9886 0x1040c9469 0x10004a77b 0x100001b4c 0x100001a61 0x3
  10.540 TIGER-SAMPLE pid 0x4b28 n 0x26 thread 0xf03 thread 0xf03 state-kr 0x0 pc 0x10ae56e4e leaf mach_msg_trap+0xa frames: 0x10ae56e4e 0x100328062 0x10ae08e9e
  10.540 TIGER-SAMPLE pid 0x4b28 n 0x26 thread 0x1103 thread 0x1103 state-kr 0x0 pc 0x10ae0ce22 leaf __semwait_signal+0xa frames: 0x10ae0ce22 0x1040c7625 0x103ff81b2 0x1040ca799 0x1040c9886 0x1040c9469 0x10405e84e 0x1040c7049 0x10ae08e9e
  10.540 TIGER-SAMPLE pid 0x4b28 n 0x26 thread 0x2303 thread 0x2303 state-kr 0x0 pc 0x10adbd7e6 leaf poll+0xa frames: 0x10adbd7e6 0x10405e84e 0x1040c7049 0x10ae08e9e
  10.540 TIGER-SAMPLE pid 0x4b28 n 0x26 thread 0x2407 thread 0x2407 state-kr 0x0 pc 0x10ae0ce22 leaf __semwait_signal+0xa frames: 0x10ae0ce22 0x1040c7625 0x103ff81b2 0x1040ca799 0x1040c9886 0x1040c9469 0x10405e84e 0x1040c7049 0x10ae08e9e
  10.540 TIGER-SAMPLE pid 0x4b28 n 0x26 thread 0x2503 thread 0x2503 state-kr 0x0 pc 0x10ae0ce22 leaf __semwait_signal+0xa frames: 0x10ae0ce22 0x1040c7625 0x103ff81b2 0x1040ca799 0x1040c9886 0x1040c9469 0x10405e84e 0x1040c7049 0x10ae08e9e
  10.540 TIGER-SAMPLE pid 0x4b28 n 0x26 thread 0x2603 thread 0x2603 state-kr 0x0 pc 0x10ae0ce22 leaf __semwait_signal+0xa frames: 0x10ae0ce22 0x1040c7625 0x103ff81b2 0x1040ca799 0x1040c9886 0x1040c9469 0x10405e84e 0x1040c7049 0x10ae08e9e
  10.541 TIGER-SAMPLE pid 0x4b28 n 0x26 thread 0x2703 thread 0x2703 state-kr 0x0 pc 0x10ae0ce22 leaf __semwait_signal+0xa frames: 0x10ae0ce22 0x1040c7625 0x103ff81b2 0x1040ca799 0x1040c9886 0x1040c9469 0x10405e84e 0x1040c7049 0x10ae08e9e
  10.541 TIGER-SAMPLE pid 0x4b28 n 0x26 thread 0x2c03 thread 0x2c03 state-kr 0x0 pc 0x10adbd7e6 leaf poll+0xa frames: 0x10adbd7e6 0x1043c3427 0x1043c35ea 0x101f33797 0x101f3f561 0x10405e84e 0x1040c7049 0x10ae08e9e
  10.541 TIGER-SAMPLE pid 0x4b28 n 0x26 thread 0x2e0f thread 0x2e0f state-kr 0x0 pc 0x10ae0ce22 leaf __semwait_signal+0xa frames: 0x10ae0ce22 0x1040c7625 0x103ff81b2 0x1040ca799 0x1040c9886 0x1040c9469 0x10405e84e 0x1040c7049 0x10ae08e9e
  10.557 TIGER-SAMPLE pid 0x4b29 n 0x24 main 0xd03 thread 0xd03 state-kr 0x0 pc 0x90009817 leaf mach_msg_trap+0x7 frames: 0x90009817 0x9082d227 0x9083e100 0x300d9e7 0x4497f 0x83d4 0x83a2 0x82c9 0x3
  10.557 TIGER-SAMPLE pid 0x4b29 n 0x24 thread 0x1103 thread 0x1103 state-kr 0x0 pc 0x90009817 leaf mach_msg_trap+0x7 frames: 0x90009817 0x148f48 0x90023d67
  10.557 TIGER-SAMPLE pid 0x4b29 n 0x24 thread 0x1303 thread 0x1303 state-kr 0x0 pc 0x900bc3fc leaf poll+0xc frames: 0x900bc3fc 0x14bc44 0x2fac62b 0x30145f1 0x90023d67
  10.558 TIGER-SAMPLE pid 0x4b29 n 0x24 thread 0x2507 thread 0x2507 state-kr 0x0 pc 0x90024407 leaf semaphore_wait_signal_trap+0x7 frames: 0x90024407 0x34e1e 0x90023d67
  10.558 TIGER-SAMPLE pid 0x4b29 n 0x24 thread 0x2703 thread 0x2703 state-kr 0x0 pc 0x90024407 leaf semaphore_wait_signal_trap+0x7 frames: 0x90024407 0x34e1e 0x90023d67
  10.558 TIGER-SAMPLE pid 0x4b29 n 0x24 thread 0x2903 thread 0x2903 state-kr 0x0 pc 0x90024407 leaf semaphore_wait_signal_trap+0x7 frames: 0x90024407 0x34e1e 0x90023d67
  10.558 TIGER-SAMPLE pid 0x4b29 n 0x24 thread 0x2b03 thread 0x2b03 state-kr 0x0 pc 0x90024407 leaf semaphore_wait_signal_trap+0x7 frames: 0x90024407 0x34e1e 0x90023d67
  10.559 TIGER-SAMPLE pid 0x4b29 n 0x24 thread 0x2f07 thread 0x2f07 state-kr 0x0 pc 0x90019d0c leaf select+0xc frames: 0x90019d0c 0x14c115 0x13f348 0x2fac62b 0x30145f1 0x90023d67
  10.567 TIGER-SAMPLE pid 0x4b24 n 0x28 main 0x117 thread 0x117 state-kr 0x0 pc 0x90009817 leaf mach_msg_trap+0x7 frames: 0x90009817 0x9082d227 0x9082ca42 0x92e06878 0x92e05f82 0x92e05dd9 0x9328cf45 0x9328cb37 0x932868c4 0xc50a 0x8752 0x8679 0x5
  10.567 TIGER-SAMPLE pid 0x4b24 n 0x28 thread 0x1203 thread 0x1203 state-kr 0x0 pc 0x90009817 leaf mach_msg_trap+0x7 frames: 0x90009817 0x2d3fd8 0x90023d67
  10.567 TIGER-SAMPLE pid 0x4b24 n 0x28 thread 0x3207 thread 0x3207 state-kr 0x0 pc 0x90024407 leaf semaphore_wait_signal_trap+0x7 frames: 0x90024407 0x3af7e 0x90023d67
  10.567 TIGER-SAMPLE pid 0x4b24 n 0x28 thread 0x3403 thread 0x3403 state-kr 0x0 pc 0x90024407 leaf semaphore_wait_signal_trap+0x7 frames: 0x90024407 0x3af7e 0x90023d67
  10.568 TIGER-SAMPLE pid 0x4b24 n 0x28 thread 0x5603 thread 0x5603 state-kr 0x0 pc 0x90024407 leaf semaphore_wait_signal_trap+0x7 frames: 0x90024407 0x3af7e 0x90023d67
  10.568 TIGER-SAMPLE pid 0x4b24 n 0x28 thread 0x5903 thread 0x5903 state-kr 0x0 pc 0x900bc3fc leaf poll+0xc frames: 0x900bc3fc 0x2d6a64 0x313ae8b 0x31a40a1 0x90023d67
  10.568 TIGER-SAMPLE pid 0x4b24 n 0x28 thread 0x5a03 thread 0x5a03 state-kr 0x0 pc 0x90024407 leaf semaphore_wait_signal_trap+0x7 frames: 0x90024407 0x3af7e 0x90023d67
  10.568 TIGER-SAMPLE pid 0x4b24 n 0x28 thread 0x5807 thread 0x5807 state-kr 0x0 pc 0x900bc3fc leaf poll+0xc frames: 0x900bc3fc 0x2d6a64 0x313ae8b 0x31a40a1 0x90023d67
  10.791 TIGER-SAMPLE pid 0x4b28 n 0x27 main 0xd03 thread 0xd03 state-kr 0x0 pc 0x10ae0ce22 leaf __semwait_signal+0xa frames: 0x10ae0ce22 0x1040c7667 0x103ff81b2 0x1040ca799 0x1040c9886 0x1040c9469 0x10004a77b 0x100001b4c 0x100001a61 0x3
  10.791 TIGER-SAMPLE pid 0x4b28 n 0x27 thread 0xf03 thread 0xf03 state-kr 0x0 pc 0x10ae56e4e leaf mach_msg_trap+0xa frames: 0x10ae56e4e 0x100328062 0x10ae08e9e
  10.792 TIGER-SAMPLE pid 0x4b28 n 0x27 thread 0x1103 thread 0x1103 state-kr 0x0 pc 0x10ae0ce22 leaf __semwait_signal+0xa frames: 0x10ae0ce22 0x1040c7625 0x103ff81b2 0x1040ca799 0x1040c9886 0x1040c9469 0x10405e84e 0x1040c7049 0x10ae08e9e
  10.792 TIGER-SAMPLE pid 0x4b28 n 0x27 thread 0x2303 thread 0x2303 state-kr 0x0 pc 0x10adbd7e6 leaf poll+0xa frames: 0x10adbd7e6 0x10405e84e 0x1040c7049 0x10ae08e9e
  10.792 TIGER-SAMPLE pid 0x4b28 n 0x27 thread 0x2407 thread 0x2407 state-kr 0x0 pc 0x10ae0ce22 leaf __semwait_signal+0xa frames: 0x10ae0ce22 0x1040c7625 0x103ff81b2 0x1040ca799 0x1040c9886 0x1040c9469 0x10405e84e 0x1040c7049 0x10ae08e9e
  10.792 TIGER-SAMPLE pid 0x4b28 n 0x27 thread 0x2503 thread 0x2503 state-kr 0x0 pc 0x10ae0ce22 leaf __semwait_signal+0xa frames: 0x10ae0ce22 0x1040c7625 0x103ff81b2 0x1040ca799 0x1040c9886 0x1040c9469 0x10405e84e 0x1040c7049 0x10ae08e9e
  10.792 TIGER-SAMPLE pid 0x4b28 n 0x27 thread 0x2603 thread 0x2603 state-kr 0x0 pc 0x10ae0ce22 leaf __semwait_signal+0xa frames: 0x10ae0ce22 0x1040c7625 0x103ff81b2 0x1040ca799 0x1040c9886 0x1040c9469 0x10405e84e 0x1040c7049 0x10ae08e9e
  10.792 TIGER-SAMPLE pid 0x4b28 n 0x27 thread 0x2703 thread 0x2703 state-kr 0x0 pc 0x10ae0ce22 leaf __semwait_signal+0xa frames: 0x10ae0ce22 0x1040c7625 0x103ff81b2 0x1040ca799 0x1040c9886 0x1040c9469 0x10405e84e 0x1040c7049 0x10ae08e9e
  10.793 TIGER-SAMPLE pid 0x4b28 n 0x27 thread 0x2c03 thread 0x2c03 state-kr 0x0 pc 0x10adbd7e6 leaf poll+0xa frames: 0x10adbd7e6 0x1043c3427 0x1043c35ea 0x101f33797 0x101f3f561 0x10405e84e 0x1040c7049 0x10ae08e9e
  10.793 TIGER-SAMPLE pid 0x4b28 n 0x27 thread 0x2e0f thread 0x2e0f state-kr 0x0 pc 0x10ae0ce22 leaf __semwait_signal+0xa frames: 0x10ae0ce22 0x1040c7625 0x103ff81b2 0x1040ca799 0x1040c9886 0x1040c9469 0x10405e84e 0x1040c7049 0x10ae08e9e
  10.809 TIGER-SAMPLE pid 0x4b29 n 0x25 main 0xd03 thread 0xd03 state-kr 0x0 pc 0x90009817 leaf mach_msg_trap+0x7 frames: 0x90009817 0x9082d227 0x9083e100 0x300d9e7 0x4497f 0x83d4 0x83a2 0x82c9 0x3
  10.809 TIGER-SAMPLE pid 0x4b29 n 0x25 thread 0x1103 thread 0x1103 state-kr 0x0 pc 0x90009817 leaf mach_msg_trap+0x7 frames: 0x90009817 0x148f48 0x90023d67
  10.810 TIGER-SAMPLE pid 0x4b29 n 0x25 thread 0x1303 thread 0x1303 state-kr 0x0 pc 0x900bc3fc leaf poll+0xc frames: 0x900bc3fc 0x14bc44 0x2fac62b 0x30145f1 0x90023d67
  10.810 TIGER-SAMPLE pid 0x4b29 n 0x25 thread 0x2507 thread 0x2507 state-kr 0x0 pc 0x90024407 leaf semaphore_wait_signal_trap+0x7 frames: 0x90024407 0x34e1e 0x90023d67
  10.810 TIGER-SAMPLE pid 0x4b29 n 0x25 thread 0x2703 thread 0x2703 state-kr 0x0 pc 0x90024407 leaf semaphore_wait_signal_trap+0x7 frames: 0x90024407 0x34e1e 0x90023d67
  10.810 TIGER-SAMPLE pid 0x4b29 n 0x25 thread 0x2903 thread 0x2903 state-kr 0x0 pc 0x90024407 leaf semaphore_wait_signal_trap+0x7 frames: 0x90024407 0x34e1e 0x90023d67
  10.810 TIGER-SAMPLE pid 0x4b29 n 0x25 thread 0x2b03 thread 0x2b03 state-kr 0x0 pc 0x90024407 leaf semaphore_wait_signal_trap+0x7 frames: 0x90024407 0x34e1e 0x90023d67
  10.811 TIGER-SAMPLE pid 0x4b29 n 0x25 thread 0x2f07 thread 0x2f07 state-kr 0x0 pc 0x90019d0c leaf select+0xc frames: 0x90019d0c 0x14c115 0x13f348 0x2fac62b 0x30145f1 0x90023d67
  10.819 TIGER-SAMPLE pid 0x4b24 n 0x29 main 0x117 thread 0x117 state-kr 0x0 pc 0x90009817 leaf mach_msg_trap+0x7 frames: 0x90009817 0x9082d227 0x9082ca42 0x92e06878 0x92e05f82 0x92e05dd9 0x9328cf45 0x9328cb37 0x932868c4 0xc50a 0x8752 0x8679 0x5
  10.819 TIGER-SAMPLE pid 0x4b24 n 0x29 thread 0x1203 thread 0x1203 state-kr 0x0 pc 0x90009817 leaf mach_msg_trap+0x7 frames: 0x90009817 0x2d3fd8 0x90023d67
  10.819 TIGER-SAMPLE pid 0x4b24 n 0x29 thread 0x3207 thread 0x3207 state-kr 0x0 pc 0x90024407 leaf semaphore_wait_signal_trap+0x7 frames: 0x90024407 0x3af7e 0x90023d67
  10.820 TIGER-SAMPLE pid 0x4b24 n 0x29 thread 0x3403 thread 0x3403 state-kr 0x0 pc 0x90024407 leaf semaphore_wait_signal_trap+0x7 frames: 0x90024407 0x3af7e 0x90023d67
  10.820 TIGER-SAMPLE pid 0x4b24 n 0x29 thread 0x5603 thread 0x5603 state-kr 0x0 pc 0x90024407 leaf semaphore_wait_signal_trap+0x7 frames: 0x90024407 0x3af7e 0x90023d67
  10.820 TIGER-SAMPLE pid 0x4b24 n 0x29 thread 0x5903 thread 0x5903 state-kr 0x0 pc 0x900bc3fc leaf poll+0xc frames: 0x900bc3fc 0x2d6a64 0x313ae8b 0x31a40a1 0x90023d67
  10.820 TIGER-SAMPLE pid 0x4b24 n 0x29 thread 0x5a03 thread 0x5a03 state-kr 0x0 pc 0x90024407 leaf semaphore_wait_signal_trap+0x7 frames: 0x90024407 0x3af7e 0x90023d67
  10.820 TIGER-SAMPLE pid 0x4b24 n 0x29 thread 0x5807 thread 0x5807 state-kr 0x0 pc 0x900bc3fc leaf poll+0xc frames: 0x900bc3fc 0x2d6a64 0x313ae8b 0x31a40a1 0x90023d67
  11.043 TIGER-SAMPLE pid 0x4b28 n 0x28 main 0xd03 thread 0xd03 state-kr 0x0 pc 0x10ae0ce22 leaf __semwait_signal+0xa frames: 0x10ae0ce22 0x1040c7667 0x103ff81b2 0x1040ca799 0x1040c9886 0x1040c9469 0x10004a77b 0x100001b4c 0x100001a61 0x3
  11.043 TIGER-SAMPLE pid 0x4b28 n 0x28 thread 0xf03 thread 0xf03 state-kr 0x0 pc 0x10ae56e4e leaf mach_msg_trap+0xa frames: 0x10ae56e4e 0x100328062 0x10ae08e9e
  11.044 TIGER-SAMPLE pid 0x4b28 n 0x28 thread 0x1103 thread 0x1103 state-kr 0x0 pc 0x10ae0ce22 leaf __semwait_signal+0xa frames: 0x10ae0ce22 0x1040c7625 0x103ff81b2 0x1040ca799 0x1040c9886 0x1040c9469 0x10405e84e 0x1040c7049 0x10ae08e9e
  11.044 TIGER-SAMPLE pid 0x4b28 n 0x28 thread 0x2303 thread 0x2303 state-kr 0x0 pc 0x10adbd7e6 leaf poll+0xa frames: 0x10adbd7e6 0x10405e84e 0x1040c7049 0x10ae08e9e
  11.044 TIGER-SAMPLE pid 0x4b28 n 0x28 thread 0x2407 thread 0x2407 state-kr 0x0 pc 0x10ae0ce22 leaf __semwait_signal+0xa frames: 0x10ae0ce22 0x1040c7625 0x103ff81b2 0x1040ca799 0x1040c9886 0x1040c9469 0x10405e84e 0x1040c7049 0x10ae08e9e
  11.044 TIGER-SAMPLE pid 0x4b28 n 0x28 thread 0x2503 thread 0x2503 state-kr 0x0 pc 0x10ae0ce22 leaf __semwait_signal+0xa frames: 0x10ae0ce22 0x1040c7625 0x103ff81b2 0x1040ca799 0x1040c9886 0x1040c9469 0x10405e84e 0x1040c7049 0x10ae08e9e
  11.044 TIGER-SAMPLE pid 0x4b28 n 0x28 thread 0x2603 thread 0x2603 state-kr 0x0 pc 0x10ae0ce22 leaf __semwait_signal+0xa frames: 0x10ae0ce22 0x1040c7625 0x103ff81b2 0x1040ca799 0x1040c9886 0x1040c9469 0x10405e84e 0x1040c7049 0x10ae08e9e
  11.044 TIGER-SAMPLE pid 0x4b28 n 0x28 thread 0x2703 thread 0x2703 state-kr 0x0 pc 0x10ae0ce22 leaf __semwait_signal+0xa frames: 0x10ae0ce22 0x1040c7625 0x103ff81b2 0x1040ca799 0x1040c9886 0x1040c9469 0x10405e84e 0x1040c7049 0x10ae08e9e
  11.045 TIGER-SAMPLE pid 0x4b28 n 0x28 thread 0x2c03 thread 0x2c03 state-kr 0x0 pc 0x10adbd7e6 leaf poll+0xa frames: 0x10adbd7e6 0x1043c3427 0x1043c35ea 0x101f33797 0x101f3f561 0x10405e84e 0x1040c7049 0x10ae08e9e
  11.045 TIGER-SAMPLE pid 0x4b28 n 0x28 thread 0x2e0f thread 0x2e0f state-kr 0x0 pc 0x10ae0ce22 leaf __semwait_signal+0xa frames: 0x10ae0ce22 0x1040c7625 0x103ff81b2 0x1040ca799 0x1040c9886 0x1040c9469 0x10405e84e 0x1040c7049 0x10ae08e9e
  11.061 TIGER-SAMPLE pid 0x4b29 n 0x26 main 0xd03 thread 0xd03 state-kr 0x0 pc 0x90009817 leaf mach_msg_trap+0x7 frames: 0x90009817 0x9082d227 0x9083e100 0x300d9e7 0x4497f 0x83d4 0x83a2 0x82c9 0x3
  11.061 TIGER-SAMPLE pid 0x4b29 n 0x26 thread 0x1103 thread 0x1103 state-kr 0x0 pc 0x90009817 leaf mach_msg_trap+0x7 frames: 0x90009817 0x148f48 0x90023d67
  11.062 TIGER-SAMPLE pid 0x4b29 n 0x26 thread 0x1303 thread 0x1303 state-kr 0x0 pc 0x900bc3fc leaf poll+0xc frames: 0x900bc3fc 0x14bc44 0x2fac62b 0x30145f1 0x90023d67
  11.062 TIGER-SAMPLE pid 0x4b29 n 0x26 thread 0x2507 thread 0x2507 state-kr 0x0 pc 0x90024407 leaf semaphore_wait_signal_trap+0x7 frames: 0x90024407 0x34e1e 0x90023d67
  11.062 TIGER-SAMPLE pid 0x4b29 n 0x26 thread 0x2703 thread 0x2703 state-kr 0x0 pc 0x90024407 leaf semaphore_wait_signal_trap+0x7 frames: 0x90024407 0x34e1e 0x90023d67
  11.062 TIGER-SAMPLE pid 0x4b29 n 0x26 thread 0x2903 thread 0x2903 state-kr 0x0 pc 0x90024407 leaf semaphore_wait_signal_trap+0x7 frames: 0x90024407 0x34e1e 0x90023d67
  11.063 TIGER-SAMPLE pid 0x4b29 n 0x26 thread 0x2b03 thread 0x2b03 state-kr 0x0 pc 0x90024407 leaf semaphore_wait_signal_trap+0x7 frames: 0x90024407 0x34e1e 0x90023d67
  11.063 TIGER-SAMPLE pid 0x4b29 n 0x26 thread 0x2f07 thread 0x2f07 state-kr 0x0 pc 0x90019d0c leaf select+0xc frames: 0x90019d0c 0x14c115 0x13f348 0x2fac62b 0x30145f1 0x90023d67
  11.071 TIGER-SAMPLE pid 0x4b24 n 0x2a main 0x117 thread 0x117 state-kr 0x0 pc 0x90009817 leaf mach_msg_trap+0x7 frames: 0x90009817 0x9082d227 0x9082ca42 0x92e06878 0x92e05f82 0x92e05dd9 0x9328cf45 0x9328cb37 0x932868c4 0xc50a 0x8752 0x8679 0x5
  11.071 TIGER-SAMPLE pid 0x4b24 n 0x2a thread 0x1203 thread 0x1203 state-kr 0x0 pc 0x90009817 leaf mach_msg_trap+0x7 frames: 0x90009817 0x2d3fd8 0x90023d67
  11.072 TIGER-SAMPLE pid 0x4b24 n 0x2a thread 0x3207 thread 0x3207 state-kr 0x0 pc 0x90024407 leaf semaphore_wait_signal_trap+0x7 frames: 0x90024407 0x3af7e 0x90023d67
  11.072 TIGER-SAMPLE pid 0x4b24 n 0x2a thread 0x3403 thread 0x3403 state-kr 0x0 pc 0x90024407 leaf semaphore_wait_signal_trap+0x7 frames: 0x90024407 0x3af7e 0x90023d67
  11.072 TIGER-SAMPLE pid 0x4b24 n 0x2a thread 0x5603 thread 0x5603 state-kr 0x0 pc 0x90024407 leaf semaphore_wait_signal_trap+0x7 frames: 0x90024407 0x3af7e 0x90023d67
  11.072 TIGER-SAMPLE pid 0x4b24 n 0x2a thread 0x5903 thread 0x5903 state-kr 0x0 pc 0x900bc3fc leaf poll+0xc frames: 0x900bc3fc 0x2d6a64 0x313ae8b 0x31a40a1 0x90023d67
  11.072 TIGER-SAMPLE pid 0x4b24 n 0x2a thread 0x5a03 thread 0x5a03 state-kr 0x0 pc 0x90024407 leaf semaphore_wait_signal_trap+0x7 frames: 0x90024407 0x3af7e 0x90023d67
  11.073 TIGER-SAMPLE pid 0x4b24 n 0x2a thread 0x5807 thread 0x5807 state-kr 0x0 pc 0x900bc3fc leaf poll+0xc frames: 0x900bc3fc 0x2d6a64 0x313ae8b 0x31a40a1 0x90023d67
  11.295 TIGER-SAMPLE pid 0x4b28 n 0x29 main 0xd03 thread 0xd03 state-kr 0x0 pc 0x10ae0ce22 leaf __semwait_signal+0xa frames: 0x10ae0ce22 0x1040c7667 0x103ff81b2 0x1040ca799 0x1040c9886 0x1040c9469 0x10004a77b 0x100001b4c 0x100001a61 0x3
  11.296 TIGER-SAMPLE pid 0x4b28 n 0x29 thread 0xf03 thread 0xf03 state-kr 0x0 pc 0x10ae56e4e leaf mach_msg_trap+0xa frames: 0x10ae56e4e 0x100328062 0x10ae08e9e
  11.296 TIGER-SAMPLE pid 0x4b28 n 0x29 thread 0x1103 thread 0x1103 state-kr 0x0 pc 0x10ae0ce22 leaf __semwait_signal+0xa frames: 0x10ae0ce22 0x1040c7625 0x103ff81b2 0x1040ca799 0x1040c9886 0x1040c9469 0x10405e84e 0x1040c7049 0x10ae08e9e
  11.296 TIGER-SAMPLE pid 0x4b28 n 0x29 thread 0x2303 thread 0x2303 state-kr 0x0 pc 0x10adbd7e6 leaf poll+0xa frames: 0x10adbd7e6 0x10405e84e 0x1040c7049 0x10ae08e9e
  11.296 TIGER-SAMPLE pid 0x4b28 n 0x29 thread 0x2407 thread 0x2407 state-kr 0x0 pc 0x10ae0ce22 leaf __semwait_signal+0xa frames: 0x10ae0ce22 0x1040c7625 0x103ff81b2 0x1040ca799 0x1040c9886 0x1040c9469 0x10405e84e 0x1040c7049 0x10ae08e9e
  11.296 TIGER-SAMPLE pid 0x4b28 n 0x29 thread 0x2503 thread 0x2503 state-kr 0x0 pc 0x10ae0ce22 leaf __semwait_signal+0xa frames: 0x10ae0ce22 0x1040c7625 0x103ff81b2 0x1040ca799 0x1040c9886 0x1040c9469 0x10405e84e 0x1040c7049 0x10ae08e9e
  11.296 TIGER-SAMPLE pid 0x4b28 n 0x29 thread 0x2603 thread 0x2603 state-kr 0x0 pc 0x10ae0ce22 leaf __semwait_signal+0xa frames: 0x10ae0ce22 0x1040c7625 0x103ff81b2 0x1040ca799 0x1040c9886 0x1040c9469 0x10405e84e 0x1040c7049 0x10ae08e9e
  11.296 TIGER-SAMPLE pid 0x4b28 n 0x29 thread 0x2703 thread 0x2703 state-kr 0x0 pc 0x10ae0ce22 leaf __semwait_signal+0xa frames: 0x10ae0ce22 0x1040c7625 0x103ff81b2 0x1040ca799 0x1040c9886 0x1040c9469 0x10405e84e 0x1040c7049 0x10ae08e9e
  11.296 TIGER-SAMPLE pid 0x4b28 n 0x29 thread 0x2c03 thread 0x2c03 state-kr 0x0 pc 0x10adbd7e6 leaf poll+0xa frames: 0x10adbd7e6 0x1043c3427 0x1043c35ea 0x101f33797 0x101f3f561 0x10405e84e 0x1040c7049 0x10ae08e9e
  11.297 TIGER-SAMPLE pid 0x4b28 n 0x29 thread 0x2e0f thread 0x2e0f state-kr 0x0 pc 0x10ae0ce22 leaf __semwait_signal+0xa frames: 0x10ae0ce22 0x1040c7625 0x103ff81b2 0x1040ca799 0x1040c9886 0x1040c9469 0x10405e84e 0x1040c7049 0x10ae08e9e
  11.313 TIGER-SAMPLE pid 0x4b29 n 0x27 main 0xd03 thread 0xd03 state-kr 0x0 pc 0x90009817 leaf mach_msg_trap+0x7 frames: 0x90009817 0x9082d227 0x9083e100 0x300d9e7 0x4497f 0x83d4 0x83a2 0x82c9 0x3
  11.314 TIGER-SAMPLE pid 0x4b29 n 0x27 thread 0x1103 thread 0x1103 state-kr 0x0 pc 0x90009817 leaf mach_msg_trap+0x7 frames: 0x90009817 0x148f48 0x90023d67
  11.314 TIGER-SAMPLE pid 0x4b29 n 0x27 thread 0x1303 thread 0x1303 state-kr 0x0 pc 0x900bc3fc leaf poll+0xc frames: 0x900bc3fc 0x14bc44 0x2fac62b 0x30145f1 0x90023d67
  11.314 TIGER-SAMPLE pid 0x4b29 n 0x27 thread 0x2507 thread 0x2507 state-kr 0x0 pc 0x90024407 leaf semaphore_wait_signal_trap+0x7 frames: 0x90024407 0x34e1e 0x90023d67
  11.314 TIGER-SAMPLE pid 0x4b29 n 0x27 thread 0x2703 thread 0x2703 state-kr 0x0 pc 0x90024407 leaf semaphore_wait_signal_trap+0x7 frames: 0x90024407 0x34e1e 0x90023d67
  11.315 TIGER-SAMPLE pid 0x4b29 n 0x27 thread 0x2903 thread 0x2903 state-kr 0x0 pc 0x90024407 leaf semaphore_wait_signal_trap+0x7 frames: 0x90024407 0x34e1e 0x90023d67
  11.315 TIGER-SAMPLE pid 0x4b29 n 0x27 thread 0x2b03 thread 0x2b03 state-kr 0x0 pc 0x90024407 leaf semaphore_wait_signal_trap+0x7 frames: 0x90024407 0x34e1e 0x90023d67
  11.315 TIGER-SAMPLE pid 0x4b29 n 0x27 thread 0x2f07 thread 0x2f07 state-kr 0x0 pc 0x90019d0c leaf select+0xc frames: 0x90019d0c 0x14c115 0x13f348 0x2fac62b 0x30145f1 0x90023d67
  11.323 TIGER-SAMPLE pid 0x4b24 n 0x2b main 0x117 thread 0x117 state-kr 0x0 pc 0x90009817 leaf mach_msg_trap+0x7 frames: 0x90009817 0x9082d227 0x9082ca42 0x92e06878 0x92e05f82 0x92e05dd9 0x9328cf45 0x9328cb37 0x932868c4 0xc50a 0x8752 0x8679 0x5
  11.324 TIGER-SAMPLE pid 0x4b24 n 0x2b thread 0x1203 thread 0x1203 state-kr 0x0 pc 0x90009817 leaf mach_msg_trap+0x7 frames: 0x90009817 0x2d3fd8 0x90023d67
  11.324 TIGER-SAMPLE pid 0x4b24 n 0x2b thread 0x3207 thread 0x3207 state-kr 0x0 pc 0x90024407 leaf semaphore_wait_signal_trap+0x7 frames: 0x90024407 0x3af7e 0x90023d67
  11.324 TIGER-SAMPLE pid 0x4b24 n 0x2b thread 0x3403 thread 0x3403 state-kr 0x0 pc 0x90024407 leaf semaphore_wait_signal_trap+0x7 frames: 0x90024407 0x3af7e 0x90023d67
  11.324 TIGER-SAMPLE pid 0x4b24 n 0x2b thread 0x5603 thread 0x5603 state-kr 0x0 pc 0x90024407 leaf semaphore_wait_signal_trap+0x7 frames: 0x90024407 0x3af7e 0x90023d67
  11.325 TIGER-SAMPLE pid 0x4b24 n 0x2b thread 0x5903 thread 0x5903 state-kr 0x0 pc 0x900bc3fc leaf poll+0xc frames: 0x900bc3fc 0x2d6a64 0x313ae8b 0x31a40a1 0x90023d67
  11.325 TIGER-SAMPLE pid 0x4b24 n 0x2b thread 0x5a03 thread 0x5a03 state-kr 0x0 pc 0x90024407 leaf semaphore_wait_signal_trap+0x7 frames: 0x90024407 0x3af7e 0x90023d67
  11.325 TIGER-SAMPLE pid 0x4b24 n 0x2b thread 0x5807 thread 0x5807 state-kr 0x0 pc 0x900bc3fc leaf poll+0xc frames: 0x900bc3fc 0x2d6a64 0x313ae8b 0x31a40a1 0x90023d67
  11.547 TIGER-SAMPLE pid 0x4b28 n 0x2a main 0xd03 thread 0xd03 state-kr 0x0 pc 0x10ae0ce22 leaf __semwait_signal+0xa frames: 0x10ae0ce22 0x1040c7625 0x103ff81b2 0x1040ca799 0x1040c9886 0x1040c9469 0x10004a77b 0x100001b4c 0x100001a61 0x3
  11.547 TIGER-SAMPLE pid 0x4b28 n 0x2a thread 0xf03 thread 0xf03 state-kr 0x0 pc 0x10ae56e4e leaf mach_msg_trap+0xa frames: 0x10ae56e4e 0x100328062 0x10ae08e9e
  11.547 TIGER-SAMPLE pid 0x4b28 n 0x2a thread 0x1103 thread 0x1103 state-kr 0x0 pc 0x10ae0ce22 leaf __semwait_signal+0xa frames: 0x10ae0ce22 0x1040c7625 0x103ff81b2 0x1040ca799 0x1040c9886 0x1040c9469 0x10405e84e 0x1040c7049 0x10ae08e9e
  11.547 TIGER-SAMPLE pid 0x4b28 n 0x2a thread 0x2303 thread 0x2303 state-kr 0x0 pc 0x10adbd7e6 leaf poll+0xa frames: 0x10adbd7e6 0x10405e84e 0x1040c7049 0x10ae08e9e
  11.548 TIGER-SAMPLE pid 0x4b28 n 0x2a thread 0x2407 thread 0x2407 state-kr 0x0 pc 0x10ae0ce22 leaf __semwait_signal+0xa frames: 0x10ae0ce22 0x1040c7625 0x103ff81b2 0x1040ca799 0x1040c9886 0x1040c9469 0x10405e84e 0x1040c7049 0x10ae08e9e
  11.548 TIGER-SAMPLE pid 0x4b28 n 0x2a thread 0x2503 thread 0x2503 state-kr 0x0 pc 0x10ae0ce22 leaf __semwait_signal+0xa frames: 0x10ae0ce22 0x1040c7625 0x103ff81b2 0x1040ca799 0x1040c9886 0x1040c9469 0x10405e84e 0x1040c7049 0x10ae08e9e
  11.548 TIGER-SAMPLE pid 0x4b28 n 0x2a thread 0x2603 thread 0x2603 state-kr 0x0 pc 0x10ae0ce22 leaf __semwait_signal+0xa frames: 0x10ae0ce22 0x1040c7625 0x103ff81b2 0x1040ca799 0x1040c9886 0x1040c9469 0x10405e84e 0x1040c7049 0x10ae08e9e
  11.548 TIGER-SAMPLE pid 0x4b28 n 0x2a thread 0x2703 thread 0x2703 state-kr 0x0 pc 0x10ae0ce22 leaf __semwait_signal+0xa frames: 0x10ae0ce22 0x1040c7625 0x103ff81b2 0x1040ca799 0x1040c9886 0x1040c9469 0x10405e84e 0x1040c7049 0x10ae08e9e
  11.548 TIGER-SAMPLE pid 0x4b28 n 0x2a thread 0x2c03 thread 0x2c03 state-kr 0x0 pc 0x10adbd7e6 leaf poll+0xa frames: 0x10adbd7e6 0x1043c3427 0x1043c35ea 0x101f33797 0x101f3f561 0x10405e84e 0x1040c7049 0x10ae08e9e
  11.549 TIGER-SAMPLE pid 0x4b28 n 0x2a thread 0x2e0f thread 0x2e0f state-kr 0x0 pc 0x10ae0ce22 leaf __semwait_signal+0xa frames: 0x10ae0ce22 0x1040c7625 0x103ff81b2 0x1040ca799 0x1040c9886 0x1040c9469 0x10405e84e 0x1040c7049 0x10ae08e9e
  11.566 TIGER-SAMPLE pid 0x4b29 n 0x28 main 0xd03 thread 0xd03 state-kr 0x0 pc 0x90009817 leaf mach_msg_trap+0x7 frames: 0x90009817 0x9082d227 0x9083e100 0x300d9e7 0x4497f 0x83d4 0x83a2 0x82c9 0x3
  11.566 TIGER-SAMPLE pid 0x4b29 n 0x28 thread 0x1103 thread 0x1103 state-kr 0x0 pc 0x90009817 leaf mach_msg_trap+0x7 frames: 0x90009817 0x148f48 0x90023d67
  11.566 TIGER-SAMPLE pid 0x4b29 n 0x28 thread 0x1303 thread 0x1303 state-kr 0x0 pc 0x900bc3fc leaf poll+0xc frames: 0x900bc3fc 0x14bc44 0x2fac62b 0x30145f1 0x90023d67
  11.566 TIGER-SAMPLE pid 0x4b29 n 0x28 thread 0x2507 thread 0x2507 state-kr 0x0 pc 0x90024407 leaf semaphore_wait_signal_trap+0x7 frames: 0x90024407 0x34e1e 0x90023d67
  11.567 TIGER-SAMPLE pid 0x4b29 n 0x28 thread 0x2703 thread 0x2703 state-kr 0x0 pc 0x90024407 leaf semaphore_wait_signal_trap+0x7 frames: 0x90024407 0x34e1e 0x90023d67
  11.567 TIGER-SAMPLE pid 0x4b29 n 0x28 thread 0x2903 thread 0x2903 state-kr 0x0 pc 0x90024407 leaf semaphore_wait_signal_trap+0x7 frames: 0x90024407 0x34e1e 0x90023d67
  11.567 TIGER-SAMPLE pid 0x4b29 n 0x28 thread 0x2b03 thread 0x2b03 state-kr 0x0 pc 0x90024407 leaf semaphore_wait_signal_trap+0x7 frames: 0x90024407 0x34e1e 0x90023d67
  11.567 TIGER-SAMPLE pid 0x4b29 n 0x28 thread 0x2f07 thread 0x2f07 state-kr 0x0 pc 0x90019d0c leaf select+0xc frames: 0x90019d0c 0x14c115 0x13f348 0x2fac62b 0x30145f1 0x90023d67
  11.576 TIGER-SAMPLE pid 0x4b24 n 0x2c main 0x117 thread 0x117 state-kr 0x0 pc 0x90009817 leaf mach_msg_trap+0x7 frames: 0x90009817 0x9082d227 0x9082ca42 0x92e06878 0x92e05f82 0x92e05dd9 0x9328cf45 0x9328cb37 0x932868c4 0xc50a 0x8752 0x8679 0x5
  11.576 TIGER-SAMPLE pid 0x4b24 n 0x2c thread 0x1203 thread 0x1203 state-kr 0x0 pc 0x90009817 leaf mach_msg_trap+0x7 frames: 0x90009817 0x2d3fd8 0x90023d67
  11.576 TIGER-SAMPLE pid 0x4b24 n 0x2c thread 0x3207 thread 0x3207 state-kr 0x0 pc 0x90024407 leaf semaphore_wait_signal_trap+0x7 frames: 0x90024407 0x3af7e 0x90023d67
  11.576 TIGER-SAMPLE pid 0x4b24 n 0x2c thread 0x3403 thread 0x3403 state-kr 0x0 pc 0x90024407 leaf semaphore_wait_signal_trap+0x7 frames: 0x90024407 0x3af7e 0x90023d67
  11.577 TIGER-SAMPLE pid 0x4b24 n 0x2c thread 0x5603 thread 0x5603 state-kr 0x0 pc 0x90024407 leaf semaphore_wait_signal_trap+0x7 frames: 0x90024407 0x3af7e 0x90023d67
  11.577 TIGER-SAMPLE pid 0x4b24 n 0x2c thread 0x5903 thread 0x5903 state-kr 0x0 pc 0x900bc3fc leaf poll+0xc frames: 0x900bc3fc 0x2d6a64 0x313ae8b 0x31a40a1 0x90023d67
  11.577 TIGER-SAMPLE pid 0x4b24 n 0x2c thread 0x5a03 thread 0x5a03 state-kr 0x0 pc 0x90024407 leaf semaphore_wait_signal_trap+0x7 frames: 0x90024407 0x3af7e 0x90023d67
  11.577 TIGER-SAMPLE pid 0x4b24 n 0x2c thread 0x5807 thread 0x5807 state-kr 0x0 pc 0x900bc3fc leaf poll+0xc frames: 0x900bc3fc 0x2d6a64 0x313ae8b 0x31a40a1 0x90023d67
  11.799 TIGER-SAMPLE pid 0x4b28 n 0x2b main 0xd03 thread 0xd03 state-kr 0x0 pc 0x10ae0ce22 leaf __semwait_signal+0xa frames: 0x10ae0ce22 0x1040c7625 0x103ff81b2 0x1040ca799 0x1040c9886 0x1040c9469 0x10004a77b 0x100001b4c 0x100001a61 0x3
  11.799 TIGER-SAMPLE pid 0x4b28 n 0x2b thread 0xf03 thread 0xf03 state-kr 0x0 pc 0x10ae56e4e leaf mach_msg_trap+0xa frames: 0x10ae56e4e 0x100328062 0x10ae08e9e
  11.799 TIGER-SAMPLE pid 0x4b28 n 0x2b thread 0x1103 thread 0x1103 state-kr 0x0 pc 0x10ae0ce22 leaf __semwait_signal+0xa frames: 0x10ae0ce22 0x1040c7625 0x103ff81b2 0x1040ca799 0x1040c9886 0x1040c9469 0x10405e84e 0x1040c7049 0x10ae08e9e
  11.799 TIGER-SAMPLE pid 0x4b28 n 0x2b thread 0x2303 thread 0x2303 state-kr 0x0 pc 0x10adbd7e6 leaf poll+0xa frames: 0x10adbd7e6 0x10405e84e 0x1040c7049 0x10ae08e9e
  11.800 TIGER-SAMPLE pid 0x4b28 n 0x2b thread 0x2407 thread 0x2407 state-kr 0x0 pc 0x10ae0ce22 leaf __semwait_signal+0xa frames: 0x10ae0ce22 0x1040c7625 0x103ff81b2 0x1040ca799 0x1040c9886 0x1040c9469 0x10405e84e 0x1040c7049 0x10ae08e9e
  11.800 TIGER-SAMPLE pid 0x4b28 n 0x2b thread 0x2503 thread 0x2503 state-kr 0x0 pc 0x10ae0ce22 leaf __semwait_signal+0xa frames: 0x10ae0ce22 0x1040c7625 0x103ff81b2 0x1040ca799 0x1040c9886 0x1040c9469 0x10405e84e 0x1040c7049 0x10ae08e9e
  11.800 TIGER-SAMPLE pid 0x4b28 n 0x2b thread 0x2603 thread 0x2603 state-kr 0x0 pc 0x10ae0ce22 leaf __semwait_signal+0xa frames: 0x10ae0ce22 0x1040c7625 0x103ff81b2 0x1040ca799 0x1040c9886 0x1040c9469 0x10405e84e 0x1040c7049 0x10ae08e9e
  11.800 TIGER-SAMPLE pid 0x4b28 n 0x2b thread 0x2703 thread 0x2703 state-kr 0x0 pc 0x10ae0ce22 leaf __semwait_signal+0xa frames: 0x10ae0ce22 0x1040c7625 0x103ff81b2 0x1040ca799 0x1040c9886 0x1040c9469 0x10405e84e 0x1040c7049 0x10ae08e9e
  11.800 TIGER-SAMPLE pid 0x4b28 n 0x2b thread 0x2c03 thread 0x2c03 state-kr 0x0 pc 0x10adbd7e6 leaf poll+0xa frames: 0x10adbd7e6 0x1043c3427 0x1043c35ea 0x101f33797 0x101f3f561 0x10405e84e 0x1040c7049 0x10ae08e9e
  11.800 TIGER-SAMPLE pid 0x4b28 n 0x2b thread 0x2e0f thread 0x2e0f state-kr 0x0 pc 0x10ae0ce22 leaf __semwait_signal+0xa frames: 0x10ae0ce22 0x1040c7625 0x103ff81b2 0x1040ca799 0x1040c9886 0x1040c9469 0x10405e84e 0x1040c7049 0x10ae08e9e
  11.818 TIGER-SAMPLE pid 0x4b29 n 0x29 main 0xd03 thread 0xd03 state-kr 0x0 pc 0x90009817 leaf mach_msg_trap+0x7 frames: 0x90009817 0x9082d227 0x9083e100 0x300d9e7 0x4497f 0x83d4 0x83a2 0x82c9 0x3
  11.818 TIGER-SAMPLE pid 0x4b29 n 0x29 thread 0x1103 thread 0x1103 state-kr 0x0 pc 0x90009817 leaf mach_msg_trap+0x7 frames: 0x90009817 0x148f48 0x90023d67
  11.819 TIGER-SAMPLE pid 0x4b29 n 0x29 thread 0x1303 thread 0x1303 state-kr 0x0 pc 0x900bc3fc leaf poll+0xc frames: 0x900bc3fc 0x14bc44 0x2fac62b 0x30145f1 0x90023d67
  11.819 TIGER-SAMPLE pid 0x4b29 n 0x29 thread 0x2507 thread 0x2507 state-kr 0x0 pc 0x90024407 leaf semaphore_wait_signal_trap+0x7 frames: 0x90024407 0x34e1e 0x90023d67
  11.819 TIGER-SAMPLE pid 0x4b29 n 0x29 thread 0x2703 thread 0x2703 state-kr 0x0 pc 0x90024407 leaf semaphore_wait_signal_trap+0x7 frames: 0x90024407 0x34e1e 0x90023d67
  11.819 TIGER-SAMPLE pid 0x4b29 n 0x29 thread 0x2903 thread 0x2903 state-kr 0x0 pc 0x90024407 leaf semaphore_wait_signal_trap+0x7 frames: 0x90024407 0x34e1e 0x90023d67
  11.819 TIGER-SAMPLE pid 0x4b29 n 0x29 thread 0x2b03 thread 0x2b03 state-kr 0x0 pc 0x90024407 leaf semaphore_wait_signal_trap+0x7 frames: 0x90024407 0x34e1e 0x90023d67
  11.819 TIGER-SAMPLE pid 0x4b29 n 0x29 thread 0x2f07 thread 0x2f07 state-kr 0x0 pc 0x90019d0c leaf select+0xc frames: 0x90019d0c 0x14c115 0x13f348 0x2fac62b 0x30145f1 0x90023d67
  11.828 TIGER-SAMPLE pid 0x4b24 n 0x2d main 0x117 thread 0x117 state-kr 0x0 pc 0x90009817 leaf mach_msg_trap+0x7 frames: 0x90009817 0x9082d227 0x9082ca42 0x92e06878 0x92e05f82 0x92e05dd9 0x9328cf45 0x9328cb37 0x932868c4 0xc50a 0x8752 0x8679 0x5
  11.828 TIGER-SAMPLE pid 0x4b24 n 0x2d thread 0x1203 thread 0x1203 state-kr 0x0 pc 0x90009817 leaf mach_msg_trap+0x7 frames: 0x90009817 0x2d3fd8 0x90023d67
  11.828 TIGER-SAMPLE pid 0x4b24 n 0x2d thread 0x3207 thread 0x3207 state-kr 0x0 pc 0x90024407 leaf semaphore_wait_signal_trap+0x7 frames: 0x90024407 0x3af7e 0x90023d67
  11.829 TIGER-SAMPLE pid 0x4b24 n 0x2d thread 0x3403 thread 0x3403 state-kr 0x0 pc 0x90024407 leaf semaphore_wait_signal_trap+0x7 frames: 0x90024407 0x3af7e 0x90023d67
  11.829 TIGER-SAMPLE pid 0x4b24 n 0x2d thread 0x5603 thread 0x5603 state-kr 0x0 pc 0x90024407 leaf semaphore_wait_signal_trap+0x7 frames: 0x90024407 0x3af7e 0x90023d67
  11.829 TIGER-SAMPLE pid 0x4b24 n 0x2d thread 0x5903 thread 0x5903 state-kr 0x0 pc 0x900bc3fc leaf poll+0xc frames: 0x900bc3fc 0x2d6a64 0x313ae8b 0x31a40a1 0x90023d67
  11.829 TIGER-SAMPLE pid 0x4b24 n 0x2d thread 0x5a03 thread 0x5a03 state-kr 0x0 pc 0x90024407 leaf semaphore_wait_signal_trap+0x7 frames: 0x90024407 0x3af7e 0x90023d67
  11.829 TIGER-SAMPLE pid 0x4b24 n 0x2d thread 0x5807 thread 0x5807 state-kr 0x0 pc 0x900bc3fc leaf poll+0xc frames: 0x900bc3fc 0x2d6a64 0x313ae8b 0x31a40a1 0x90023d67
  12.051 TIGER-SAMPLE pid 0x4b28 n 0x2c main 0xd03 thread 0xd03 state-kr 0x0 pc 0x10ae0ce22 leaf __semwait_signal+0xa frames: 0x10ae0ce22 0x1040c7625 0x103ff81b2 0x1040ca799 0x1040c9886 0x1040c9469 0x10004a77b 0x100001b4c 0x100001a61 0x3
  12.051 TIGER-SAMPLE pid 0x4b28 n 0x2c thread 0xf03 thread 0xf03 state-kr 0x0 pc 0x10ae56e4e leaf mach_msg_trap+0xa frames: 0x10ae56e4e 0x100328062 0x10ae08e9e
  12.051 TIGER-SAMPLE pid 0x4b28 n 0x2c thread 0x1103 thread 0x1103 state-kr 0x0 pc 0x10ae0ce22 leaf __semwait_signal+0xa frames: 0x10ae0ce22 0x1040c7625 0x103ff81b2 0x1040ca799 0x1040c9886 0x1040c9469 0x10405e84e 0x1040c7049 0x10ae08e9e
  12.051 TIGER-SAMPLE pid 0x4b28 n 0x2c thread 0x2303 thread 0x2303 state-kr 0x0 pc 0x10adbd7e6 leaf poll+0xa frames: 0x10adbd7e6 0x10405e84e 0x1040c7049 0x10ae08e9e
  12.051 TIGER-SAMPLE pid 0x4b28 n 0x2c thread 0x2407 thread 0x2407 state-kr 0x0 pc 0x10ae0ce22 leaf __semwait_signal+0xa frames: 0x10ae0ce22 0x1040c7625 0x103ff81b2 0x1040ca799 0x1040c9886 0x1040c9469 0x10405e84e 0x1040c7049 0x10ae08e9e
  12.051 TIGER-SAMPLE pid 0x4b28 n 0x2c thread 0x2503 thread 0x2503 state-kr 0x0 pc 0x10ae0ce22 leaf __semwait_signal+0xa frames: 0x10ae0ce22 0x1040c7625 0x103ff81b2 0x1040ca799 0x1040c9886 0x1040c9469 0x10405e84e 0x1040c7049 0x10ae08e9e
  12.052 TIGER-SAMPLE pid 0x4b28 n 0x2c thread 0x2603 thread 0x2603 state-kr 0x0 pc 0x10ae0ce22 leaf __semwait_signal+0xa frames: 0x10ae0ce22 0x1040c7625 0x103ff81b2 0x1040ca799 0x1040c9886 0x1040c9469 0x10405e84e 0x1040c7049 0x10ae08e9e
  12.052 TIGER-SAMPLE pid 0x4b28 n 0x2c thread 0x2703 thread 0x2703 state-kr 0x0 pc 0x10ae0ce22 leaf __semwait_signal+0xa frames: 0x10ae0ce22 0x1040c7625 0x103ff81b2 0x1040ca799 0x1040c9886 0x1040c9469 0x10405e84e 0x1040c7049 0x10ae08e9e
  12.052 TIGER-SAMPLE pid 0x4b28 n 0x2c thread 0x2c03 thread 0x2c03 state-kr 0x0 pc 0x10adbd7e6 leaf poll+0xa frames: 0x10adbd7e6 0x1043c3427 0x1043c35ea 0x101f33797 0x101f3f561 0x10405e84e 0x1040c7049 0x10ae08e9e
  12.052 TIGER-SAMPLE pid 0x4b28 n 0x2c thread 0x2e0f thread 0x2e0f state-kr 0x0 pc 0x10ae0ce22 leaf __semwait_signal+0xa frames: 0x10ae0ce22 0x1040c7625 0x103ff81b2 0x1040ca799 0x1040c9886 0x1040c9469 0x10405e84e 0x1040c7049 0x10ae08e9e
  12.070 TIGER-SAMPLE pid 0x4b29 n 0x2a main 0xd03 thread 0xd03 state-kr 0x0 pc 0x90009817 leaf mach_msg_trap+0x7 frames: 0x90009817 0x9082d227 0x9083e100 0x300d9e7 0x4497f 0x83d4 0x83a2 0x82c9 0x3
  12.070 TIGER-SAMPLE pid 0x4b29 n 0x2a thread 0x1103 thread 0x1103 state-kr 0x0 pc 0x90009817 leaf mach_msg_trap+0x7 frames: 0x90009817 0x148f48 0x90023d67
  12.070 TIGER-SAMPLE pid 0x4b29 n 0x2a thread 0x1303 thread 0x1303 state-kr 0x0 pc 0x900bc3fc leaf poll+0xc frames: 0x900bc3fc 0x14bc44 0x2fac62b 0x30145f1 0x90023d67
  12.071 TIGER-SAMPLE pid 0x4b29 n 0x2a thread 0x2507 thread 0x2507 state-kr 0x0 pc 0x90024407 leaf semaphore_wait_signal_trap+0x7 frames: 0x90024407 0x34e1e 0x90023d67
  12.071 TIGER-SAMPLE pid 0x4b29 n 0x2a thread 0x2703 thread 0x2703 state-kr 0x0 pc 0x90024407 leaf semaphore_wait_signal_trap+0x7 frames: 0x90024407 0x34e1e 0x90023d67
  12.071 TIGER-SAMPLE pid 0x4b29 n 0x2a thread 0x2903 thread 0x2903 state-kr 0x0 pc 0x90024407 leaf semaphore_wait_signal_trap+0x7 frames: 0x90024407 0x34e1e 0x90023d67
  12.071 TIGER-SAMPLE pid 0x4b29 n 0x2a thread 0x2b03 thread 0x2b03 state-kr 0x0 pc 0x90024407 leaf semaphore_wait_signal_trap+0x7 frames: 0x90024407 0x34e1e 0x90023d67
  12.071 TIGER-SAMPLE pid 0x4b29 n 0x2a thread 0x2f07 thread 0x2f07 state-kr 0x0 pc 0x90019d0c leaf select+0xc frames: 0x90019d0c 0x14c115 0x13f348 0x2fac62b 0x30145f1 0x90023d67
  12.080 TIGER-SAMPLE pid 0x4b24 n 0x2e main 0x117 thread 0x117 state-kr 0x0 pc 0x90009817 leaf mach_msg_trap+0x7 frames: 0x90009817 0x9082d227 0x9082ca42 0x92e06878 0x92e05f82 0x92e05dd9 0x9328cf45 0x9328cb37 0x932868c4 0xc50a 0x8752 0x8679 0x5
  12.080 TIGER-SAMPLE pid 0x4b24 n 0x2e thread 0x1203 thread 0x1203 state-kr 0x0 pc 0x90009817 leaf mach_msg_trap+0x7 frames: 0x90009817 0x2d3fd8 0x90023d67
  12.081 TIGER-SAMPLE pid 0x4b24 n 0x2e thread 0x3207 thread 0x3207 state-kr 0x0 pc 0x90024407 leaf semaphore_wait_signal_trap+0x7 frames: 0x90024407 0x3af7e 0x90023d67
  12.081 TIGER-SAMPLE pid 0x4b24 n 0x2e thread 0x3403 thread 0x3403 state-kr 0x0 pc 0x90024407 leaf semaphore_wait_signal_trap+0x7 frames: 0x90024407 0x3af7e 0x90023d67
  12.081 TIGER-SAMPLE pid 0x4b24 n 0x2e thread 0x5603 thread 0x5603 state-kr 0x0 pc 0x90024407 leaf semaphore_wait_signal_trap+0x7 frames: 0x90024407 0x3af7e 0x90023d67
  12.081 TIGER-SAMPLE pid 0x4b24 n 0x2e thread 0x5903 thread 0x5903 state-kr 0x0 pc 0x900bc3fc leaf poll+0xc frames: 0x900bc3fc 0x2d6a64 0x313ae8b 0x31a40a1 0x90023d67
  12.081 TIGER-SAMPLE pid 0x4b24 n 0x2e thread 0x5a03 thread 0x5a03 state-kr 0x0 pc 0x90024407 leaf semaphore_wait_signal_trap+0x7 frames: 0x90024407 0x3af7e 0x90023d67
  12.082 TIGER-SAMPLE pid 0x4b24 n 0x2e thread 0x5807 thread 0x5807 state-kr 0x0 pc 0x900bc3fc leaf poll+0xc frames: 0x900bc3fc 0x2d6a64 0x313ae8b 0x31a40a1 0x90023d67
  12.302 TIGER-SAMPLE pid 0x4b28 n 0x2d main 0xd03 thread 0xd03 state-kr 0x0 pc 0x10ae0ce22 leaf __semwait_signal+0xa frames: 0x10ae0ce22 0x1040c7625 0x103ff81b2 0x1040ca799 0x1040c9886 0x1040c9469 0x10004a77b 0x100001b4c 0x100001a61 0x3
  12.303 TIGER-SAMPLE pid 0x4b28 n 0x2d thread 0xf03 thread 0xf03 state-kr 0x0 pc 0x10ae56e4e leaf mach_msg_trap+0xa frames: 0x10ae56e4e 0x100328062 0x10ae08e9e
  12.303 TIGER-SAMPLE pid 0x4b28 n 0x2d thread 0x1103 thread 0x1103 state-kr 0x0 pc 0x10ae0ce22 leaf __semwait_signal+0xa frames: 0x10ae0ce22 0x1040c7625 0x103ff81b2 0x1040ca799 0x1040c9886 0x1040c9469 0x10405e84e 0x1040c7049 0x10ae08e9e
  12.303 TIGER-SAMPLE pid 0x4b28 n 0x2d thread 0x2303 thread 0x2303 state-kr 0x0 pc 0x10adbd7e6 leaf poll+0xa frames: 0x10adbd7e6 0x10405e84e 0x1040c7049 0x10ae08e9e
  12.303 TIGER-SAMPLE pid 0x4b28 n 0x2d thread 0x2407 thread 0x2407 state-kr 0x0 pc 0x10ae0ce22 leaf __semwait_signal+0xa frames: 0x10ae0ce22 0x1040c7625 0x103ff81b2 0x1040ca799 0x1040c9886 0x1040c9469 0x10405e84e 0x1040c7049 0x10ae08e9e
  12.303 TIGER-SAMPLE pid 0x4b28 n 0x2d thread 0x2503 thread 0x2503 state-kr 0x0 pc 0x10ae0ce22 leaf __semwait_signal+0xa frames: 0x10ae0ce22 0x1040c7625 0x103ff81b2 0x1040ca799 0x1040c9886 0x1040c9469 0x10405e84e 0x1040c7049 0x10ae08e9e
  12.303 TIGER-SAMPLE pid 0x4b28 n 0x2d thread 0x2603 thread 0x2603 state-kr 0x0 pc 0x10ae0ce22 leaf __semwait_signal+0xa frames: 0x10ae0ce22 0x1040c7625 0x103ff81b2 0x1040ca799 0x1040c9886 0x1040c9469 0x10405e84e 0x1040c7049 0x10ae08e9e
  12.303 TIGER-SAMPLE pid 0x4b28 n 0x2d thread 0x2703 thread 0x2703 state-kr 0x0 pc 0x10ae0ce22 leaf __semwait_signal+0xa frames: 0x10ae0ce22 0x1040c7625 0x103ff81b2 0x1040ca799 0x1040c9886 0x1040c9469 0x10405e84e 0x1040c7049 0x10ae08e9e
  12.304 TIGER-SAMPLE pid 0x4b28 n 0x2d thread 0x2c03 thread 0x2c03 state-kr 0x0 pc 0x10adbd7e6 leaf poll+0xa frames: 0x10adbd7e6 0x1043c3427 0x1043c35ea 0x101f33797 0x101f3f561 0x10405e84e 0x1040c7049 0x10ae08e9e
  12.304 TIGER-SAMPLE pid 0x4b28 n 0x2d thread 0x2e0f thread 0x2e0f state-kr 0x0 pc 0x10ae0ce22 leaf __semwait_signal+0xa frames: 0x10ae0ce22 0x1040c7625 0x103ff81b2 0x1040ca799 0x1040c9886 0x1040c9469 0x10405e84e 0x1040c7049 0x10ae08e9e
  12.322 TIGER-SAMPLE pid 0x4b29 n 0x2b main 0xd03 thread 0xd03 state-kr 0x0 pc 0x90009817 leaf mach_msg_trap+0x7 frames: 0x90009817 0x9082d227 0x9083e100 0x300d9e7 0x4497f 0x83d4 0x83a2 0x82c9 0x3
  12.322 TIGER-SAMPLE pid 0x4b29 n 0x2b thread 0x1103 thread 0x1103 state-kr 0x0 pc 0x90009817 leaf mach_msg_trap+0x7 frames: 0x90009817 0x148f48 0x90023d67
  12.322 TIGER-SAMPLE pid 0x4b29 n 0x2b thread 0x1303 thread 0x1303 state-kr 0x0 pc 0x900bc3fc leaf poll+0xc frames: 0x900bc3fc 0x14bc44 0x2fac62b 0x30145f1 0x90023d67
  12.323 TIGER-SAMPLE pid 0x4b29 n 0x2b thread 0x2507 thread 0x2507 state-kr 0x0 pc 0x90024407 leaf semaphore_wait_signal_trap+0x7 frames: 0x90024407 0x34e1e 0x90023d67
  12.323 TIGER-SAMPLE pid 0x4b29 n 0x2b thread 0x2703 thread 0x2703 state-kr 0x0 pc 0x90024407 leaf semaphore_wait_signal_trap+0x7 frames: 0x90024407 0x34e1e 0x90023d67
  12.323 TIGER-SAMPLE pid 0x4b29 n 0x2b thread 0x2903 thread 0x2903 state-kr 0x0 pc 0x90024407 leaf semaphore_wait_signal_trap+0x7 frames: 0x90024407 0x34e1e 0x90023d67
  12.323 TIGER-SAMPLE pid 0x4b29 n 0x2b thread 0x2b03 thread 0x2b03 state-kr 0x0 pc 0x90024407 leaf semaphore_wait_signal_trap+0x7 frames: 0x90024407 0x34e1e 0x90023d67
  12.324 TIGER-SAMPLE pid 0x4b29 n 0x2b thread 0x2f07 thread 0x2f07 state-kr 0x0 pc 0x90019d0c leaf select+0xc frames: 0x90019d0c 0x14c115 0x13f348 0x2fac62b 0x30145f1 0x90023d67
  12.332 TIGER-SAMPLE pid 0x4b24 n 0x2f main 0x117 thread 0x117 state-kr 0x0 pc 0x90009817 leaf mach_msg_trap+0x7 frames: 0x90009817 0x9082d227 0x9082ca42 0x92e06878 0x92e05f82 0x92e05dd9 0x9328cf45 0x9328cb37 0x932868c4 0xc50a 0x8752 0x8679 0x5
  12.333 TIGER-SAMPLE pid 0x4b24 n 0x2f thread 0x1203 thread 0x1203 state-kr 0x0 pc 0x90009817 leaf mach_msg_trap+0x7 frames: 0x90009817 0x2d3fd8 0x90023d67
  12.333 TIGER-SAMPLE pid 0x4b24 n 0x2f thread 0x3207 thread 0x3207 state-kr 0x0 pc 0x90024407 leaf semaphore_wait_signal_trap+0x7 frames: 0x90024407 0x3af7e 0x90023d67
  12.333 TIGER-SAMPLE pid 0x4b24 n 0x2f thread 0x3403 thread 0x3403 state-kr 0x0 pc 0x90024407 leaf semaphore_wait_signal_trap+0x7 frames: 0x90024407 0x3af7e 0x90023d67
  12.333 TIGER-SAMPLE pid 0x4b24 n 0x2f thread 0x5603 thread 0x5603 state-kr 0x0 pc 0x90024407 leaf semaphore_wait_signal_trap+0x7 frames: 0x90024407 0x3af7e 0x90023d67
  12.333 TIGER-SAMPLE pid 0x4b24 n 0x2f thread 0x5903 thread 0x5903 state-kr 0x0 pc 0x900bc3fc leaf poll+0xc frames: 0x900bc3fc 0x2d6a64 0x313ae8b 0x31a40a1 0x90023d67
  12.334 TIGER-SAMPLE pid 0x4b24 n 0x2f thread 0x5a03 thread 0x5a03 state-kr 0x0 pc 0x90024407 leaf semaphore_wait_signal_trap+0x7 frames: 0x90024407 0x3af7e 0x90023d67
  12.334 TIGER-SAMPLE pid 0x4b24 n 0x2f thread 0x5807 thread 0x5807 state-kr 0x0 pc 0x900bc3fc leaf poll+0xc frames: 0x900bc3fc 0x2d6a64 0x313ae8b 0x31a40a1 0x90023d67
  12.554 TIGER-SAMPLE pid 0x4b28 n 0x2e main 0xd03 thread 0xd03 state-kr 0x0 pc 0x10ae0ce22 leaf __semwait_signal+0xa frames: 0x10ae0ce22 0x1040c7625 0x103ff81b2 0x1040ca799 0x1040c9886 0x1040c9469 0x10004a77b 0x100001b4c 0x100001a61 0x3
  12.554 TIGER-SAMPLE pid 0x4b28 n 0x2e thread 0xf03 thread 0xf03 state-kr 0x0 pc 0x10ae56e4e leaf mach_msg_trap+0xa frames: 0x10ae56e4e 0x100328062 0x10ae08e9e
  12.554 TIGER-SAMPLE pid 0x4b28 n 0x2e thread 0x1103 thread 0x1103 state-kr 0x0 pc 0x10ae0ce22 leaf __semwait_signal+0xa frames: 0x10ae0ce22 0x1040c7625 0x103ff81b2 0x1040ca799 0x1040c9886 0x1040c9469 0x10405e84e 0x1040c7049 0x10ae08e9e
  12.555 TIGER-SAMPLE pid 0x4b28 n 0x2e thread 0x2303 thread 0x2303 state-kr 0x0 pc 0x10adbd7e6 leaf poll+0xa frames: 0x10adbd7e6 0x10405e84e 0x1040c7049 0x10ae08e9e
  12.555 TIGER-SAMPLE pid 0x4b28 n 0x2e thread 0x2407 thread 0x2407 state-kr 0x0 pc 0x10ae0ce22 leaf __semwait_signal+0xa frames: 0x10ae0ce22 0x1040c7625 0x103ff81b2 0x1040ca799 0x1040c9886 0x1040c9469 0x10405e84e 0x1040c7049 0x10ae08e9e
  12.555 TIGER-SAMPLE pid 0x4b28 n 0x2e thread 0x2503 thread 0x2503 state-kr 0x0 pc 0x10ae0ce22 leaf __semwait_signal+0xa frames: 0x10ae0ce22 0x1040c7625 0x103ff81b2 0x1040ca799 0x1040c9886 0x1040c9469 0x10405e84e 0x1040c7049 0x10ae08e9e
  12.555 TIGER-SAMPLE pid 0x4b28 n 0x2e thread 0x2603 thread 0x2603 state-kr 0x0 pc 0x10ae0ce22 leaf __semwait_signal+0xa frames: 0x10ae0ce22 0x1040c7625 0x103ff81b2 0x1040ca799 0x1040c9886 0x1040c9469 0x10405e84e 0x1040c7049 0x10ae08e9e
  12.555 TIGER-SAMPLE pid 0x4b28 n 0x2e thread 0x2703 thread 0x2703 state-kr 0x0 pc 0x10ae0ce22 leaf __semwait_signal+0xa frames: 0x10ae0ce22 0x1040c7625 0x103ff81b2 0x1040ca799 0x1040c9886 0x1040c9469 0x10405e84e 0x1040c7049 0x10ae08e9e
  12.555 TIGER-SAMPLE pid 0x4b28 n 0x2e thread 0x2c03 thread 0x2c03 state-kr 0x0 pc 0x10adbd7e6 leaf poll+0xa frames: 0x10adbd7e6 0x1043c3427 0x1043c35ea 0x101f33797 0x101f3f561 0x10405e84e 0x1040c7049 0x10ae08e9e
  12.556 TIGER-SAMPLE pid 0x4b28 n 0x2e thread 0x2e0f thread 0x2e0f state-kr 0x0 pc 0x10ae0ce22 leaf __semwait_signal+0xa frames: 0x10ae0ce22 0x1040c7625 0x103ff81b2 0x1040ca799 0x1040c9886 0x1040c9469 0x10405e84e 0x1040c7049 0x10ae08e9e
  12.574 TIGER-SAMPLE pid 0x4b29 n 0x2c main 0xd03 thread 0xd03 state-kr 0x0 pc 0x90009817 leaf mach_msg_trap+0x7 frames: 0x90009817 0x9082d227 0x9083e100 0x300d9e7 0x4497f 0x83d4 0x83a2 0x82c9 0x3
  12.574 TIGER-SAMPLE pid 0x4b29 n 0x2c thread 0x1103 thread 0x1103 state-kr 0x0 pc 0x90009817 leaf mach_msg_trap+0x7 frames: 0x90009817 0x148f48 0x90023d67
  12.575 TIGER-SAMPLE pid 0x4b29 n 0x2c thread 0x1303 thread 0x1303 state-kr 0x0 pc 0x900bc3fc leaf poll+0xc frames: 0x900bc3fc 0x14bc44 0x2fac62b 0x30145f1 0x90023d67
  12.575 TIGER-SAMPLE pid 0x4b29 n 0x2c thread 0x2507 thread 0x2507 state-kr 0x0 pc 0x90024407 leaf semaphore_wait_signal_trap+0x7 frames: 0x90024407 0x34e1e 0x90023d67
  12.575 TIGER-SAMPLE pid 0x4b29 n 0x2c thread 0x2703 thread 0x2703 state-kr 0x0 pc 0x90024407 leaf semaphore_wait_signal_trap+0x7 frames: 0x90024407 0x34e1e 0x90023d67
  12.575 TIGER-SAMPLE pid 0x4b29 n 0x2c thread 0x2903 thread 0x2903 state-kr 0x0 pc 0x90024407 leaf semaphore_wait_signal_trap+0x7 frames: 0x90024407 0x34e1e 0x90023d67
  12.575 TIGER-SAMPLE pid 0x4b29 n 0x2c thread 0x2b03 thread 0x2b03 state-kr 0x0 pc 0x90024407 leaf semaphore_wait_signal_trap+0x7 frames: 0x90024407 0x34e1e 0x90023d67
  12.576 TIGER-SAMPLE pid 0x4b29 n 0x2c thread 0x2f07 thread 0x2f07 state-kr 0x0 pc 0x90019d0c leaf select+0xc frames: 0x90019d0c 0x14c115 0x13f348 0x2fac62b 0x30145f1 0x90023d67
  12.585 TIGER-SAMPLE pid 0x4b24 n 0x30 main 0x117 thread 0x117 state-kr 0x0 pc 0x90009817 leaf mach_msg_trap+0x7 frames: 0x90009817 0x9082d227 0x9082ca42 0x92e06878 0x92e05f82 0x92e05dd9 0x9328cf45 0x9328cb37 0x932868c4 0xc50a 0x8752 0x8679 0x5
  12.585 TIGER-SAMPLE pid 0x4b24 n 0x30 thread 0x1203 thread 0x1203 state-kr 0x0 pc 0x90009817 leaf mach_msg_trap+0x7 frames: 0x90009817 0x2d3fd8 0x90023d67
  12.585 TIGER-SAMPLE pid 0x4b24 n 0x30 thread 0x3207 thread 0x3207 state-kr 0x0 pc 0x90024407 leaf semaphore_wait_signal_trap+0x7 frames: 0x90024407 0x3af7e 0x90023d67
  12.585 TIGER-SAMPLE pid 0x4b24 n 0x30 thread 0x3403 thread 0x3403 state-kr 0x0 pc 0x90024407 leaf semaphore_wait_signal_trap+0x7 frames: 0x90024407 0x3af7e 0x90023d67
  12.585 TIGER-SAMPLE pid 0x4b24 n 0x30 thread 0x5603 thread 0x5603 state-kr 0x0 pc 0x90024407 leaf semaphore_wait_signal_trap+0x7 frames: 0x90024407 0x3af7e 0x90023d67
  12.586 TIGER-SAMPLE pid 0x4b24 n 0x30 thread 0x5903 thread 0x5903 state-kr 0x0 pc 0x900bc3fc leaf poll+0xc frames: 0x900bc3fc 0x2d6a64 0x313ae8b 0x31a40a1 0x90023d67
  12.586 TIGER-SAMPLE pid 0x4b24 n 0x30 thread 0x5a03 thread 0x5a03 state-kr 0x0 pc 0x90024407 leaf semaphore_wait_signal_trap+0x7 frames: 0x90024407 0x3af7e 0x90023d67
  12.586 TIGER-SAMPLE pid 0x4b24 n 0x30 thread 0x5807 thread 0x5807 state-kr 0x0 pc 0x900bc3fc leaf poll+0xc frames: 0x900bc3fc 0x2d6a64 0x313ae8b 0x31a40a1 0x90023d67
  12.806 TIGER-SAMPLE pid 0x4b28 n 0x2f main 0xd03 thread 0xd03 state-kr 0x0 pc 0x10ae0ce22 leaf __semwait_signal+0xa frames: 0x10ae0ce22 0x1040c7625 0x103ff81b2 0x1040ca799 0x1040c9886 0x1040c9469 0x10004a77b 0x100001b4c 0x100001a61 0x3
  12.806 TIGER-SAMPLE pid 0x4b28 n 0x2f thread 0xf03 thread 0xf03 state-kr 0x0 pc 0x10ae56e4e leaf mach_msg_trap+0xa frames: 0x10ae56e4e 0x100328062 0x10ae08e9e
  12.806 TIGER-SAMPLE pid 0x4b28 n 0x2f thread 0x1103 thread 0x1103 state-kr 0x0 pc 0x10ae0ce22 leaf __semwait_signal+0xa frames: 0x10ae0ce22 0x1040c7625 0x103ff81b2 0x1040ca799 0x1040c9886 0x1040c9469 0x10405e84e 0x1040c7049 0x10ae08e9e
  12.806 TIGER-SAMPLE pid 0x4b28 n 0x2f thread 0x2303 thread 0x2303 state-kr 0x0 pc 0x10adbd7e6 leaf poll+0xa frames: 0x10adbd7e6 0x10405e84e 0x1040c7049 0x10ae08e9e
  12.807 TIGER-SAMPLE pid 0x4b28 n 0x2f thread 0x2407 thread 0x2407 state-kr 0x0 pc 0x10ae0ce22 leaf __semwait_signal+0xa frames: 0x10ae0ce22 0x1040c7625 0x103ff81b2 0x1040ca799 0x1040c9886 0x1040c9469 0x10405e84e 0x1040c7049 0x10ae08e9e
  12.807 TIGER-SAMPLE pid 0x4b28 n 0x2f thread 0x2503 thread 0x2503 state-kr 0x0 pc 0x10ae0ce22 leaf __semwait_signal+0xa frames: 0x10ae0ce22 0x1040c7625 0x103ff81b2 0x1040ca799 0x1040c9886 0x1040c9469 0x10405e84e 0x1040c7049 0x10ae08e9e
  12.807 TIGER-SAMPLE pid 0x4b28 n 0x2f thread 0x2603 thread 0x2603 state-kr 0x0 pc 0x10ae0ce22 leaf __semwait_signal+0xa frames: 0x10ae0ce22 0x1040c7625 0x103ff81b2 0x1040ca799 0x1040c9886 0x1040c9469 0x10405e84e 0x1040c7049 0x10ae08e9e
  12.807 TIGER-SAMPLE pid 0x4b28 n 0x2f thread 0x2703 thread 0x2703 state-kr 0x0 pc 0x10ae0ce22 leaf __semwait_signal+0xa frames: 0x10ae0ce22 0x1040c7625 0x103ff81b2 0x1040ca799 0x1040c9886 0x1040c9469 0x10405e84e 0x1040c7049 0x10ae08e9e
  12.807 TIGER-SAMPLE pid 0x4b28 n 0x2f thread 0x2c03 thread 0x2c03 state-kr 0x0 pc 0x10adbd7e6 leaf poll+0xa frames: 0x10adbd7e6 0x1043c3427 0x1043c35ea 0x101f33797 0x101f3f561 0x10405e84e 0x1040c7049 0x10ae08e9e
  12.807 TIGER-SAMPLE pid 0x4b28 n 0x2f thread 0x2e0f thread 0x2e0f state-kr 0x0 pc 0x10ae0ce22 leaf __semwait_signal+0xa frames: 0x10ae0ce22 0x1040c7625 0x103ff81b2 0x1040ca799 0x1040c9886 0x1040c9469 0x10405e84e 0x1040c7049 0x10ae08e9e
  12.827 TIGER-SAMPLE pid 0x4b29 n 0x2d main 0xd03 thread 0xd03 state-kr 0x0 pc 0x90009817 leaf mach_msg_trap+0x7 frames: 0x90009817 0x9082d227 0x9083e100 0x300d9e7 0x4497f 0x83d4 0x83a2 0x82c9 0x3
  12.827 TIGER-SAMPLE pid 0x4b29 n 0x2d thread 0x1103 thread 0x1103 state-kr 0x0 pc 0x90009817 leaf mach_msg_trap+0x7 frames: 0x90009817 0x148f48 0x90023d67
  12.827 TIGER-SAMPLE pid 0x4b29 n 0x2d thread 0x1303 thread 0x1303 state-kr 0x0 pc 0x900bc3fc leaf poll+0xc frames: 0x900bc3fc 0x14bc44 0x2fac62b 0x30145f1 0x90023d67
  12.827 TIGER-SAMPLE pid 0x4b29 n 0x2d thread 0x2507 thread 0x2507 state-kr 0x0 pc 0x90024407 leaf semaphore_wait_signal_trap+0x7 frames: 0x90024407 0x34e1e 0x90023d67
  12.827 TIGER-SAMPLE pid 0x4b29 n 0x2d thread 0x2703 thread 0x2703 state-kr 0x0 pc 0x90024407 leaf semaphore_wait_signal_trap+0x7 frames: 0x90024407 0x34e1e 0x90023d67
  12.827 TIGER-SAMPLE pid 0x4b29 n 0x2d thread 0x2903 thread 0x2903 state-kr 0x0 pc 0x90024407 leaf semaphore_wait_signal_trap+0x7 frames: 0x90024407 0x34e1e 0x90023d67
  12.827 TIGER-SAMPLE pid 0x4b29 n 0x2d thread 0x2b03 thread 0x2b03 state-kr 0x0 pc 0x90024407 leaf semaphore_wait_signal_trap+0x7 frames: 0x90024407 0x34e1e 0x90023d67
  12.828 TIGER-SAMPLE pid 0x4b29 n 0x2d thread 0x2f07 thread 0x2f07 state-kr 0x0 pc 0x90019d0c leaf select+0xc frames: 0x90019d0c 0x14c115 0x13f348 0x2fac62b 0x30145f1 0x90023d67
  12.837 TIGER-SAMPLE pid 0x4b24 n 0x31 main 0x117 thread 0x117 state-kr 0x0 pc 0x90009817 leaf mach_msg_trap+0x7 frames: 0x90009817 0x9082d227 0x9082ca42 0x92e06878 0x92e05f82 0x92e05dd9 0x9328cf45 0x9328cb37 0x932868c4 0xc50a 0x8752 0x8679 0x5
  12.837 TIGER-SAMPLE pid 0x4b24 n 0x31 thread 0x1203 thread 0x1203 state-kr 0x0 pc 0x90009817 leaf mach_msg_trap+0x7 frames: 0x90009817 0x2d3fd8 0x90023d67
  12.837 TIGER-SAMPLE pid 0x4b24 n 0x31 thread 0x3207 thread 0x3207 state-kr 0x0 pc 0x90024407 leaf semaphore_wait_signal_trap+0x7 frames: 0x90024407 0x3af7e 0x90023d67
  12.838 TIGER-SAMPLE pid 0x4b24 n 0x31 thread 0x3403 thread 0x3403 state-kr 0x0 pc 0x90024407 leaf semaphore_wait_signal_trap+0x7 frames: 0x90024407 0x3af7e 0x90023d67
  12.838 TIGER-SAMPLE pid 0x4b24 n 0x31 thread 0x5603 thread 0x5603 state-kr 0x0 pc 0x90024407 leaf semaphore_wait_signal_trap+0x7 frames: 0x90024407 0x3af7e 0x90023d67
  12.838 TIGER-SAMPLE pid 0x4b24 n 0x31 thread 0x5903 thread 0x5903 state-kr 0x0 pc 0x900bc3fc leaf poll+0xc frames: 0x900bc3fc 0x2d6a64 0x313ae8b 0x31a40a1 0x90023d67
  12.838 TIGER-SAMPLE pid 0x4b24 n 0x31 thread 0x5a03 thread 0x5a03 state-kr 0x0 pc 0x90024407 leaf semaphore_wait_signal_trap+0x7 frames: 0x90024407 0x3af7e 0x90023d67
  12.839 TIGER-SAMPLE pid 0x4b24 n 0x31 thread 0x5807 thread 0x5807 state-kr 0x0 pc 0x900bc3fc leaf poll+0xc frames: 0x900bc3fc 0x2d6a64 0x313ae8b 0x31a40a1 0x90023d67
  13.058 TIGER-SAMPLE pid 0x4b28 n 0x30 main 0xd03 thread 0xd03 state-kr 0x0 pc 0x10ae0ce22 leaf __semwait_signal+0xa frames: 0x10ae0ce22 0x1040c7625 0x103ff81b2 0x1040ca799 0x1040c9886 0x1040c9469 0x10004a77b 0x100001b4c 0x100001a61 0x3
  13.058 TIGER-SAMPLE pid 0x4b28 n 0x30 thread 0xf03 thread 0xf03 state-kr 0x0 pc 0x10ae56e4e leaf mach_msg_trap+0xa frames: 0x10ae56e4e 0x100328062 0x10ae08e9e
  13.058 TIGER-SAMPLE pid 0x4b28 n 0x30 thread 0x1103 thread 0x1103 state-kr 0x0 pc 0x10ae0ce22 leaf __semwait_signal+0xa frames: 0x10ae0ce22 0x1040c7625 0x103ff81b2 0x1040ca799 0x1040c9886 0x1040c9469 0x10405e84e 0x1040c7049 0x10ae08e9e
  13.058 TIGER-SAMPLE pid 0x4b28 n 0x30 thread 0x2303 thread 0x2303 state-kr 0x0 pc 0x10adbd7e6 leaf poll+0xa frames: 0x10adbd7e6 0x10405e84e 0x1040c7049 0x10ae08e9e
  13.058 TIGER-SAMPLE pid 0x4b28 n 0x30 thread 0x2407 thread 0x2407 state-kr 0x0 pc 0x10ae0ce22 leaf __semwait_signal+0xa frames: 0x10ae0ce22 0x1040c7625 0x103ff81b2 0x1040ca799 0x1040c9886 0x1040c9469 0x10405e84e 0x1040c7049 0x10ae08e9e
  13.059 TIGER-SAMPLE pid 0x4b28 n 0x30 thread 0x2503 thread 0x2503 state-kr 0x0 pc 0x10ae0ce22 leaf __semwait_signal+0xa frames: 0x10ae0ce22 0x1040c7625 0x103ff81b2 0x1040ca799 0x1040c9886 0x1040c9469 0x10405e84e 0x1040c7049 0x10ae08e9e
  13.059 TIGER-SAMPLE pid 0x4b28 n 0x30 thread 0x2603 thread 0x2603 state-kr 0x0 pc 0x10ae0ce22 leaf __semwait_signal+0xa frames: 0x10ae0ce22 0x1040c7625 0x103ff81b2 0x1040ca799 0x1040c9886 0x1040c9469 0x10405e84e 0x1040c7049 0x10ae08e9e
  13.059 TIGER-SAMPLE pid 0x4b28 n 0x30 thread 0x2703 thread 0x2703 state-kr 0x0 pc 0x10ae0ce22 leaf __semwait_signal+0xa frames: 0x10ae0ce22 0x1040c7625 0x103ff81b2 0x1040ca799 0x1040c9886 0x1040c9469 0x10405e84e 0x1040c7049 0x10ae08e9e
  13.059 TIGER-SAMPLE pid 0x4b28 n 0x30 thread 0x2c03 thread 0x2c03 state-kr 0x0 pc 0x10adbd7e6 leaf poll+0xa frames: 0x10adbd7e6 0x1043c3427 0x1043c35ea 0x101f33797 0x101f3f561 0x10405e84e 0x1040c7049 0x10ae08e9e
  13.059 TIGER-SAMPLE pid 0x4b28 n 0x30 thread 0x2e0f thread 0x2e0f state-kr 0x0 pc 0x10ae0ce22 leaf __semwait_signal+0xa frames: 0x10ae0ce22 0x1040c7625 0x103ff81b2 0x1040ca799 0x1040c9886 0x1040c9469 0x10405e84e 0x1040c7049 0x10ae08e9e
  13.078 TIGER-SAMPLE pid 0x4b29 n 0x2e main 0xd03 thread 0xd03 state-kr 0x0 pc 0x90009817 leaf mach_msg_trap+0x7 frames: 0x90009817 0x9082d227 0x9083e100 0x300d9e7 0x4497f 0x83d4 0x83a2 0x82c9 0x3
  13.078 TIGER-SAMPLE pid 0x4b29 n 0x2e thread 0x1103 thread 0x1103 state-kr 0x0 pc 0x90009817 leaf mach_msg_trap+0x7 frames: 0x90009817 0x148f48 0x90023d67
  13.079 TIGER-SAMPLE pid 0x4b29 n 0x2e thread 0x1303 thread 0x1303 state-kr 0x0 pc 0x900bc3fc leaf poll+0xc frames: 0x900bc3fc 0x14bc44 0x2fac62b 0x30145f1 0x90023d67
  13.079 TIGER-SAMPLE pid 0x4b29 n 0x2e thread 0x2507 thread 0x2507 state-kr 0x0 pc 0x90024407 leaf semaphore_wait_signal_trap+0x7 frames: 0x90024407 0x34e1e 0x90023d67
  13.079 TIGER-SAMPLE pid 0x4b29 n 0x2e thread 0x2703 thread 0x2703 state-kr 0x0 pc 0x90024407 leaf semaphore_wait_signal_trap+0x7 frames: 0x90024407 0x34e1e 0x90023d67
  13.079 TIGER-SAMPLE pid 0x4b29 n 0x2e thread 0x2903 thread 0x2903 state-kr 0x0 pc 0x90024407 leaf semaphore_wait_signal_trap+0x7 frames: 0x90024407 0x34e1e 0x90023d67
  13.080 TIGER-SAMPLE pid 0x4b29 n 0x2e thread 0x2b03 thread 0x2b03 state-kr 0x0 pc 0x90024407 leaf semaphore_wait_signal_trap+0x7 frames: 0x90024407 0x34e1e 0x90023d67
  13.080 TIGER-SAMPLE pid 0x4b29 n 0x2e thread 0x2f07 thread 0x2f07 state-kr 0x0 pc 0x90019d0c leaf select+0xc frames: 0x90019d0c 0x14c115 0x13f348 0x2fac62b 0x30145f1 0x90023d67
  13.089 TIGER-SAMPLE pid 0x4b24 n 0x32 main 0x117 thread 0x117 state-kr 0x0 pc 0x90009817 leaf mach_msg_trap+0x7 frames: 0x90009817 0x9082d227 0x9082ca42 0x92e06878 0x92e05f82 0x92e05dd9 0x9328cf45 0x9328cb37 0x932868c4 0xc50a 0x8752 0x8679 0x5
  13.089 TIGER-SAMPLE pid 0x4b24 n 0x32 thread 0x1203 thread 0x1203 state-kr 0x0 pc 0x90009817 leaf mach_msg_trap+0x7 frames: 0x90009817 0x2d3fd8 0x90023d67
  13.090 TIGER-SAMPLE pid 0x4b24 n 0x32 thread 0x3207 thread 0x3207 state-kr 0x0 pc 0x90024407 leaf semaphore_wait_signal_trap+0x7 frames: 0x90024407 0x3af7e 0x90023d67
  13.090 TIGER-SAMPLE pid 0x4b24 n 0x32 thread 0x3403 thread 0x3403 state-kr 0x0 pc 0x90024407 leaf semaphore_wait_signal_trap+0x7 frames: 0x90024407 0x3af7e 0x90023d67
  13.090 TIGER-SAMPLE pid 0x4b24 n 0x32 thread 0x5603 thread 0x5603 state-kr 0x0 pc 0x90024407 leaf semaphore_wait_signal_trap+0x7 frames: 0x90024407 0x3af7e 0x90023d67
  13.090 TIGER-SAMPLE pid 0x4b24 n 0x32 thread 0x5903 thread 0x5903 state-kr 0x0 pc 0x900bc3fc leaf poll+0xc frames: 0x900bc3fc 0x2d6a64 0x313ae8b 0x31a40a1 0x90023d67
  13.091 TIGER-SAMPLE pid 0x4b24 n 0x32 thread 0x5a03 thread 0x5a03 state-kr 0x0 pc 0x90024407 leaf semaphore_wait_signal_trap+0x7 frames: 0x90024407 0x3af7e 0x90023d67
  13.091 TIGER-SAMPLE pid 0x4b24 n 0x32 thread 0x5807 thread 0x5807 state-kr 0x0 pc 0x900bc3fc leaf poll+0xc frames: 0x900bc3fc 0x2d6a64 0x313ae8b 0x31a40a1 0x90023d67
  13.310 TIGER-SAMPLE pid 0x4b28 n 0x31 main 0xd03 thread 0xd03 state-kr 0x0 pc 0x10ae0ce22 leaf __semwait_signal+0xa frames: 0x10ae0ce22 0x1040c7625 0x103ff81b2 0x1040ca799 0x1040c9886 0x1040c9469 0x10004a77b 0x100001b4c 0x100001a61 0x3
  13.310 TIGER-SAMPLE pid 0x4b28 n 0x31 thread 0xf03 thread 0xf03 state-kr 0x0 pc 0x10ae56e4e leaf mach_msg_trap+0xa frames: 0x10ae56e4e 0x100328062 0x10ae08e9e
  13.310 TIGER-SAMPLE pid 0x4b28 n 0x31 thread 0x1103 thread 0x1103 state-kr 0x0 pc 0x10ae0ce22 leaf __semwait_signal+0xa frames: 0x10ae0ce22 0x1040c7625 0x103ff81b2 0x1040ca799 0x1040c9886 0x1040c9469 0x10405e84e 0x1040c7049 0x10ae08e9e
  13.310 TIGER-SAMPLE pid 0x4b28 n 0x31 thread 0x2303 thread 0x2303 state-kr 0x0 pc 0x10adbd7e6 leaf poll+0xa frames: 0x10adbd7e6 0x10405e84e 0x1040c7049 0x10ae08e9e
  13.310 TIGER-SAMPLE pid 0x4b28 n 0x31 thread 0x2407 thread 0x2407 state-kr 0x0 pc 0x10ae0ce22 leaf __semwait_signal+0xa frames: 0x10ae0ce22 0x1040c7625 0x103ff81b2 0x1040ca799 0x1040c9886 0x1040c9469 0x10405e84e 0x1040c7049 0x10ae08e9e
  13.310 TIGER-SAMPLE pid 0x4b28 n 0x31 thread 0x2503 thread 0x2503 state-kr 0x0 pc 0x10ae0ce22 leaf __semwait_signal+0xa frames: 0x10ae0ce22 0x1040c7625 0x103ff81b2 0x1040ca799 0x1040c9886 0x1040c9469 0x10405e84e 0x1040c7049 0x10ae08e9e
  13.310 TIGER-SAMPLE pid 0x4b28 n 0x31 thread 0x2603 thread 0x2603 state-kr 0x0 pc 0x10ae0ce22 leaf __semwait_signal+0xa frames: 0x10ae0ce22 0x1040c7625 0x103ff81b2 0x1040ca799 0x1040c9886 0x1040c9469 0x10405e84e 0x1040c7049 0x10ae08e9e
  13.311 TIGER-SAMPLE pid 0x4b28 n 0x31 thread 0x2703 thread 0x2703 state-kr 0x0 pc 0x10ae0ce22 leaf __semwait_signal+0xa frames: 0x10ae0ce22 0x1040c7625 0x103ff81b2 0x1040ca799 0x1040c9886 0x1040c9469 0x10405e84e 0x1040c7049 0x10ae08e9e
  13.311 TIGER-SAMPLE pid 0x4b28 n 0x31 thread 0x2c03 thread 0x2c03 state-kr 0x0 pc 0x10adbd7e6 leaf poll+0xa frames: 0x10adbd7e6 0x1043c3427 0x1043c35ea 0x101f33797 0x101f3f561 0x10405e84e 0x1040c7049 0x10ae08e9e
  13.311 TIGER-SAMPLE pid 0x4b28 n 0x31 thread 0x2e0f thread 0x2e0f state-kr 0x0 pc 0x10ae0ce22 leaf __semwait_signal+0xa frames: 0x10ae0ce22 0x1040c7625 0x103ff81b2 0x1040ca799 0x1040c9886 0x1040c9469 0x10405e84e 0x1040c7049 0x10ae08e9e
  13.330 TIGER-SAMPLE pid 0x4b29 n 0x2f main 0xd03 thread 0xd03 state-kr 0x0 pc 0x90009817 leaf mach_msg_trap+0x7 frames: 0x90009817 0x9082d227 0x9083e100 0x300d9e7 0x4497f 0x83d4 0x83a2 0x82c9 0x3
  13.331 TIGER-SAMPLE pid 0x4b29 n 0x2f thread 0x1103 thread 0x1103 state-kr 0x0 pc 0x90009817 leaf mach_msg_trap+0x7 frames: 0x90009817 0x148f48 0x90023d67
  13.331 TIGER-SAMPLE pid 0x4b29 n 0x2f thread 0x1303 thread 0x1303 state-kr 0x0 pc 0x900bc3fc leaf poll+0xc frames: 0x900bc3fc 0x14bc44 0x2fac62b 0x30145f1 0x90023d67
  13.331 TIGER-SAMPLE pid 0x4b29 n 0x2f thread 0x2507 thread 0x2507 state-kr 0x0 pc 0x90024407 leaf semaphore_wait_signal_trap+0x7 frames: 0x90024407 0x34e1e 0x90023d67
  13.331 TIGER-SAMPLE pid 0x4b29 n 0x2f thread 0x2703 thread 0x2703 state-kr 0x0 pc 0x90024407 leaf semaphore_wait_signal_trap+0x7 frames: 0x90024407 0x34e1e 0x90023d67
  13.332 TIGER-SAMPLE pid 0x4b29 n 0x2f thread 0x2903 thread 0x2903 state-kr 0x0 pc 0x90024407 leaf semaphore_wait_signal_trap+0x7 frames: 0x90024407 0x34e1e 0x90023d67
  13.332 TIGER-SAMPLE pid 0x4b29 n 0x2f thread 0x2b03 thread 0x2b03 state-kr 0x0 pc 0x90024407 leaf semaphore_wait_signal_trap+0x7 frames: 0x90024407 0x34e1e 0x90023d67
  13.332 TIGER-SAMPLE pid 0x4b29 n 0x2f thread 0x2f07 thread 0x2f07 state-kr 0x0 pc 0x90019d0c leaf select+0xc frames: 0x90019d0c 0x14c115 0x13f348 0x2fac62b 0x30145f1 0x90023d67
  13.341 TIGER-SAMPLE pid 0x4b24 n 0x33 main 0x117 thread 0x117 state-kr 0x0 pc 0x90009817 leaf mach_msg_trap+0x7 frames: 0x90009817 0x9082d227 0x9082ca42 0x92e06878 0x92e05f82 0x92e05dd9 0x9328cf45 0x9328cb37 0x932868c4 0xc50a 0x8752 0x8679 0x5
  13.342 TIGER-SAMPLE pid 0x4b24 n 0x33 thread 0x1203 thread 0x1203 state-kr 0x0 pc 0x90009817 leaf mach_msg_trap+0x7 frames: 0x90009817 0x2d3fd8 0x90023d67
  13.342 TIGER-SAMPLE pid 0x4b24 n 0x33 thread 0x3207 thread 0x3207 state-kr 0x0 pc 0x90024407 leaf semaphore_wait_signal_trap+0x7 frames: 0x90024407 0x3af7e 0x90023d67
  13.342 TIGER-SAMPLE pid 0x4b24 n 0x33 thread 0x3403 thread 0x3403 state-kr 0x0 pc 0x90024407 leaf semaphore_wait_signal_trap+0x7 frames: 0x90024407 0x3af7e 0x90023d67
  13.342 TIGER-SAMPLE pid 0x4b24 n 0x33 thread 0x5603 thread 0x5603 state-kr 0x0 pc 0x90024407 leaf semaphore_wait_signal_trap+0x7 frames: 0x90024407 0x3af7e 0x90023d67
  13.342 TIGER-SAMPLE pid 0x4b24 n 0x33 thread 0x5903 thread 0x5903 state-kr 0x0 pc 0x900bc3fc leaf poll+0xc frames: 0x900bc3fc 0x2d6a64 0x313ae8b 0x31a40a1 0x90023d67
  13.343 TIGER-SAMPLE pid 0x4b24 n 0x33 thread 0x5a03 thread 0x5a03 state-kr 0x0 pc 0x90024407 leaf semaphore_wait_signal_trap+0x7 frames: 0x90024407 0x3af7e 0x90023d67
  13.343 TIGER-SAMPLE pid 0x4b24 n 0x33 thread 0x5807 thread 0x5807 state-kr 0x0 pc 0x900bc3fc leaf poll+0xc frames: 0x900bc3fc 0x2d6a64 0x313ae8b 0x31a40a1 0x90023d67
  13.561 TIGER-SAMPLE pid 0x4b28 n 0x32 main 0xd03 thread 0xd03 state-kr 0x0 pc 0x10ae0ce22 leaf __semwait_signal+0xa frames: 0x10ae0ce22 0x1040c7625 0x103ff81b2 0x1040ca799 0x1040c9886 0x1040c9469 0x10004a77b 0x100001b4c 0x100001a61 0x3
  13.562 TIGER-SAMPLE pid 0x4b28 n 0x32 thread 0xf03 thread 0xf03 state-kr 0x0 pc 0x10ae56e4e leaf mach_msg_trap+0xa frames: 0x10ae56e4e 0x100328062 0x10ae08e9e
  13.562 TIGER-SAMPLE pid 0x4b28 n 0x32 thread 0x1103 thread 0x1103 state-kr 0x0 pc 0x10ae0ce22 leaf __semwait_signal+0xa frames: 0x10ae0ce22 0x1040c7625 0x103ff81b2 0x1040ca799 0x1040c9886 0x1040c9469 0x10405e84e 0x1040c7049 0x10ae08e9e
  13.562 TIGER-SAMPLE pid 0x4b28 n 0x32 thread 0x2303 thread 0x2303 state-kr 0x0 pc 0x10adbd7e6 leaf poll+0xa frames: 0x10adbd7e6 0x10405e84e 0x1040c7049 0x10ae08e9e
  13.562 TIGER-SAMPLE pid 0x4b28 n 0x32 thread 0x2407 thread 0x2407 state-kr 0x0 pc 0x10ae0ce22 leaf __semwait_signal+0xa frames: 0x10ae0ce22 0x1040c7625 0x103ff81b2 0x1040ca799 0x1040c9886 0x1040c9469 0x10405e84e 0x1040c7049 0x10ae08e9e
  13.562 TIGER-SAMPLE pid 0x4b28 n 0x32 thread 0x2503 thread 0x2503 state-kr 0x0 pc 0x10ae0ce22 leaf __semwait_signal+0xa frames: 0x10ae0ce22 0x1040c7625 0x103ff81b2 0x1040ca799 0x1040c9886 0x1040c9469 0x10405e84e 0x1040c7049 0x10ae08e9e
  13.562 TIGER-SAMPLE pid 0x4b28 n 0x32 thread 0x2603 thread 0x2603 state-kr 0x0 pc 0x10ae0ce22 leaf __semwait_signal+0xa frames: 0x10ae0ce22 0x1040c7625 0x103ff81b2 0x1040ca799 0x1040c9886 0x1040c9469 0x10405e84e 0x1040c7049 0x10ae08e9e
  13.563 TIGER-SAMPLE pid 0x4b28 n 0x32 thread 0x2703 thread 0x2703 state-kr 0x0 pc 0x10ae0ce22 leaf __semwait_signal+0xa frames: 0x10ae0ce22 0x1040c7625 0x103ff81b2 0x1040ca799 0x1040c9886 0x1040c9469 0x10405e84e 0x1040c7049 0x10ae08e9e
  13.563 TIGER-SAMPLE pid 0x4b28 n 0x32 thread 0x2c03 thread 0x2c03 state-kr 0x0 pc 0x10adbd7e6 leaf poll+0xa frames: 0x10adbd7e6 0x1043c3427 0x1043c35ea 0x101f33797 0x101f3f561 0x10405e84e 0x1040c7049 0x10ae08e9e
  13.563 TIGER-SAMPLE pid 0x4b28 n 0x32 thread 0x2e0f thread 0x2e0f state-kr 0x0 pc 0x10ae0ce22 leaf __semwait_signal+0xa frames: 0x10ae0ce22 0x1040c7625 0x103ff81b2 0x1040ca799 0x1040c9886 0x1040c9469 0x10405e84e 0x1040c7049 0x10ae08e9e
  13.583 TIGER-SAMPLE pid 0x4b29 n 0x30 main 0xd03 thread 0xd03 state-kr 0x0 pc 0x90009817 leaf mach_msg_trap+0x7 frames: 0x90009817 0x9082d227 0x9083e100 0x300d9e7 0x4497f 0x83d4 0x83a2 0x82c9 0x3
  13.583 TIGER-SAMPLE pid 0x4b29 n 0x30 thread 0x1103 thread 0x1103 state-kr 0x0 pc 0x90009817 leaf mach_msg_trap+0x7 frames: 0x90009817 0x148f48 0x90023d67
  13.583 TIGER-SAMPLE pid 0x4b29 n 0x30 thread 0x1303 thread 0x1303 state-kr 0x0 pc 0x900bc3fc leaf poll+0xc frames: 0x900bc3fc 0x14bc44 0x2fac62b 0x30145f1 0x90023d67
  13.583 TIGER-SAMPLE pid 0x4b29 n 0x30 thread 0x2507 thread 0x2507 state-kr 0x0 pc 0x90024407 leaf semaphore_wait_signal_trap+0x7 frames: 0x90024407 0x34e1e 0x90023d67
  13.584 TIGER-SAMPLE pid 0x4b29 n 0x30 thread 0x2703 thread 0x2703 state-kr 0x0 pc 0x90024407 leaf semaphore_wait_signal_trap+0x7 frames: 0x90024407 0x34e1e 0x90023d67
  13.584 TIGER-SAMPLE pid 0x4b29 n 0x30 thread 0x2903 thread 0x2903 state-kr 0x0 pc 0x90024407 leaf semaphore_wait_signal_trap+0x7 frames: 0x90024407 0x34e1e 0x90023d67
  13.584 TIGER-SAMPLE pid 0x4b29 n 0x30 thread 0x2b03 thread 0x2b03 state-kr 0x0 pc 0x90024407 leaf semaphore_wait_signal_trap+0x7 frames: 0x90024407 0x34e1e 0x90023d67
  13.584 TIGER-SAMPLE pid 0x4b29 n 0x30 thread 0x2f07 thread 0x2f07 state-kr 0x0 pc 0x90019d0c leaf select+0xc frames: 0x90019d0c 0x14c115 0x13f348 0x2fac62b 0x30145f1 0x90023d67
  13.594 TIGER-SAMPLE pid 0x4b24 n 0x34 main 0x117 thread 0x117 state-kr 0x0 pc 0x90009817 leaf mach_msg_trap+0x7 frames: 0x90009817 0x9082d227 0x9082ca42 0x92e06878 0x92e05f82 0x92e05dd9 0x9328cf45 0x9328cb37 0x932868c4 0xc50a 0x8752 0x8679 0x5
  13.594 TIGER-SAMPLE pid 0x4b24 n 0x34 thread 0x1203 thread 0x1203 state-kr 0x0 pc 0x90009817 leaf mach_msg_trap+0x7 frames: 0x90009817 0x2d3fd8 0x90023d67
  13.594 TIGER-SAMPLE pid 0x4b24 n 0x34 thread 0x3207 thread 0x3207 state-kr 0x0 pc 0x90024407 leaf semaphore_wait_signal_trap+0x7 frames: 0x90024407 0x3af7e 0x90023d67
  13.594 TIGER-SAMPLE pid 0x4b24 n 0x34 thread 0x3403 thread 0x3403 state-kr 0x0 pc 0x90024407 leaf semaphore_wait_signal_trap+0x7 frames: 0x90024407 0x3af7e 0x90023d67
  13.594 TIGER-SAMPLE pid 0x4b24 n 0x34 thread 0x5603 thread 0x5603 state-kr 0x0 pc 0x90024407 leaf semaphore_wait_signal_trap+0x7 frames: 0x90024407 0x3af7e 0x90023d67
  13.595 TIGER-SAMPLE pid 0x4b24 n 0x34 thread 0x5903 thread 0x5903 state-kr 0x0 pc 0x900bc3fc leaf poll+0xc frames: 0x900bc3fc 0x2d6a64 0x313ae8b 0x31a40a1 0x90023d67
  13.595 TIGER-SAMPLE pid 0x4b24 n 0x34 thread 0x5a03 thread 0x5a03 state-kr 0x0 pc 0x90024407 leaf semaphore_wait_signal_trap+0x7 frames: 0x90024407 0x3af7e 0x90023d67
  13.595 TIGER-SAMPLE pid 0x4b24 n 0x34 thread 0x5807 thread 0x5807 state-kr 0x0 pc 0x900bc3fc leaf poll+0xc frames: 0x900bc3fc 0x2d6a64 0x313ae8b 0x31a40a1 0x90023d67
  13.813 TIGER-SAMPLE pid 0x4b28 n 0x33 main 0xd03 thread 0xd03 state-kr 0x0 pc 0x10ae0ce22 leaf __semwait_signal+0xa frames: 0x10ae0ce22 0x1040c7625 0x103ff81b2 0x1040ca799 0x1040c9886 0x1040c9469 0x10004a77b 0x100001b4c 0x100001a61 0x3
  13.813 TIGER-SAMPLE pid 0x4b28 n 0x33 thread 0xf03 thread 0xf03 state-kr 0x0 pc 0x10ae56e4e leaf mach_msg_trap+0xa frames: 0x10ae56e4e 0x100328062 0x10ae08e9e
  13.814 TIGER-SAMPLE pid 0x4b28 n 0x33 thread 0x1103 thread 0x1103 state-kr 0x0 pc 0x10ae0ce22 leaf __semwait_signal+0xa frames: 0x10ae0ce22 0x1040c7625 0x103ff81b2 0x1040ca799 0x1040c9886 0x1040c9469 0x10405e84e 0x1040c7049 0x10ae08e9e
  13.814 TIGER-SAMPLE pid 0x4b28 n 0x33 thread 0x2303 thread 0x2303 state-kr 0x0 pc 0x10adbd7e6 leaf poll+0xa frames: 0x10adbd7e6 0x10405e84e 0x1040c7049 0x10ae08e9e
  13.814 TIGER-SAMPLE pid 0x4b28 n 0x33 thread 0x2407 thread 0x2407 state-kr 0x0 pc 0x10ae0ce22 leaf __semwait_signal+0xa frames: 0x10ae0ce22 0x1040c7625 0x103ff81b2 0x1040ca799 0x1040c9886 0x1040c9469 0x10405e84e 0x1040c7049 0x10ae08e9e
  13.814 TIGER-SAMPLE pid 0x4b28 n 0x33 thread 0x2503 thread 0x2503 state-kr 0x0 pc 0x10ae0ce22 leaf __semwait_signal+0xa frames: 0x10ae0ce22 0x1040c7625 0x103ff81b2 0x1040ca799 0x1040c9886 0x1040c9469 0x10405e84e 0x1040c7049 0x10ae08e9e
  13.814 TIGER-SAMPLE pid 0x4b28 n 0x33 thread 0x2603 thread 0x2603 state-kr 0x0 pc 0x10ae0ce22 leaf __semwait_signal+0xa frames: 0x10ae0ce22 0x1040c7625 0x103ff81b2 0x1040ca799 0x1040c9886 0x1040c9469 0x10405e84e 0x1040c7049 0x10ae08e9e
  13.814 TIGER-SAMPLE pid 0x4b28 n 0x33 thread 0x2703 thread 0x2703 state-kr 0x0 pc 0x10ae0ce22 leaf __semwait_signal+0xa frames: 0x10ae0ce22 0x1040c7625 0x103ff81b2 0x1040ca799 0x1040c9886 0x1040c9469 0x10405e84e 0x1040c7049 0x10ae08e9e
  13.814 TIGER-SAMPLE pid 0x4b28 n 0x33 thread 0x2c03 thread 0x2c03 state-kr 0x0 pc 0x10adbd7e6 leaf poll+0xa frames: 0x10adbd7e6 0x1043c3427 0x1043c35ea 0x101f33797 0x101f3f561 0x10405e84e 0x1040c7049 0x10ae08e9e
  13.815 TIGER-SAMPLE pid 0x4b28 n 0x33 thread 0x2e0f thread 0x2e0f state-kr 0x0 pc 0x10ae0ce22 leaf __semwait_signal+0xa frames: 0x10ae0ce22 0x1040c7625 0x103ff81b2 0x1040ca799 0x1040c9886 0x1040c9469 0x10405e84e 0x1040c7049 0x10ae08e9e
  13.835 TIGER-SAMPLE pid 0x4b29 n 0x31 main 0xd03 thread 0xd03 state-kr 0x0 pc 0x90009817 leaf mach_msg_trap+0x7 frames: 0x90009817 0x9082d227 0x9083e100 0x300d9e7 0x4497f 0x83d4 0x83a2 0x82c9 0x3
  13.835 TIGER-SAMPLE pid 0x4b29 n 0x31 thread 0x1103 thread 0x1103 state-kr 0x0 pc 0x90009817 leaf mach_msg_trap+0x7 frames: 0x90009817 0x148f48 0x90023d67
  13.835 TIGER-SAMPLE pid 0x4b29 n 0x31 thread 0x1303 thread 0x1303 state-kr 0x0 pc 0x900bc3fc leaf poll+0xc frames: 0x900bc3fc 0x14bc44 0x2fac62b 0x30145f1 0x90023d67
  13.835 TIGER-SAMPLE pid 0x4b29 n 0x31 thread 0x2507 thread 0x2507 state-kr 0x0 pc 0x90024407 leaf semaphore_wait_signal_trap+0x7 frames: 0x90024407 0x34e1e 0x90023d67
  13.836 TIGER-SAMPLE pid 0x4b29 n 0x31 thread 0x2703 thread 0x2703 state-kr 0x0 pc 0x90024407 leaf semaphore_wait_signal_trap+0x7 frames: 0x90024407 0x34e1e 0x90023d67
  13.836 TIGER-SAMPLE pid 0x4b29 n 0x31 thread 0x2903 thread 0x2903 state-kr 0x0 pc 0x90024407 leaf semaphore_wait_signal_trap+0x7 frames: 0x90024407 0x34e1e 0x90023d67
  13.836 TIGER-SAMPLE pid 0x4b29 n 0x31 thread 0x2b03 thread 0x2b03 state-kr 0x0 pc 0x90024407 leaf semaphore_wait_signal_trap+0x7 frames: 0x90024407 0x34e1e 0x90023d67
  13.836 TIGER-SAMPLE pid 0x4b29 n 0x31 thread 0x2f07 thread 0x2f07 state-kr 0x0 pc 0x90019d0c leaf select+0xc frames: 0x90019d0c 0x14c115 0x13f348 0x2fac62b 0x30145f1 0x90023d67
  13.846 TIGER-SAMPLE pid 0x4b24 n 0x35 main 0x117 thread 0x117 state-kr 0x0 pc 0x90009817 leaf mach_msg_trap+0x7 frames: 0x90009817 0x9082d227 0x9082ca42 0x92e06878 0x92e05f82 0x92e05dd9 0x9328cf45 0x9328cb37 0x932868c4 0xc50a 0x8752 0x8679 0x5
  13.846 TIGER-SAMPLE pid 0x4b24 n 0x35 thread 0x1203 thread 0x1203 state-kr 0x0 pc 0x90009817 leaf mach_msg_trap+0x7 frames: 0x90009817 0x2d3fd8 0x90023d67
  13.846 TIGER-SAMPLE pid 0x4b24 n 0x35 thread 0x3207 thread 0x3207 state-kr 0x0 pc 0x90024407 leaf semaphore_wait_signal_trap+0x7 frames: 0x90024407 0x3af7e 0x90023d67
  13.846 TIGER-SAMPLE pid 0x4b24 n 0x35 thread 0x3403 thread 0x3403 state-kr 0x0 pc 0x90024407 leaf semaphore_wait_signal_trap+0x7 frames: 0x90024407 0x3af7e 0x90023d67
  13.847 TIGER-SAMPLE pid 0x4b24 n 0x35 thread 0x5603 thread 0x5603 state-kr 0x0 pc 0x90024407 leaf semaphore_wait_signal_trap+0x7 frames: 0x90024407 0x3af7e 0x90023d67
  13.847 TIGER-SAMPLE pid 0x4b24 n 0x35 thread 0x5903 thread 0x5903 state-kr 0x0 pc 0x900bc3fc leaf poll+0xc frames: 0x900bc3fc 0x2d6a64 0x313ae8b 0x31a40a1 0x90023d67
  13.847 TIGER-SAMPLE pid 0x4b24 n 0x35 thread 0x5a03 thread 0x5a03 state-kr 0x0 pc 0x90024407 leaf semaphore_wait_signal_trap+0x7 frames: 0x90024407 0x3af7e 0x90023d67
  13.847 TIGER-SAMPLE pid 0x4b24 n 0x35 thread 0x5807 thread 0x5807 state-kr 0x0 pc 0x900bc3fc leaf poll+0xc frames: 0x900bc3fc 0x2d6a64 0x313ae8b 0x31a40a1 0x90023d67
  14.065 TIGER-SAMPLE pid 0x4b28 n 0x34 main 0xd03 thread 0xd03 state-kr 0x0 pc 0x10ae0ce22 leaf __semwait_signal+0xa frames: 0x10ae0ce22 0x1040c7625 0x103ff81b2 0x1040ca799 0x1040c9886 0x1040c9469 0x10004a77b 0x100001b4c 0x100001a61 0x3
  14.065 TIGER-SAMPLE pid 0x4b28 n 0x34 thread 0xf03 thread 0xf03 state-kr 0x0 pc 0x10ae56e4e leaf mach_msg_trap+0xa frames: 0x10ae56e4e 0x100328062 0x10ae08e9e
  14.065 TIGER-SAMPLE pid 0x4b28 n 0x34 thread 0x1103 thread 0x1103 state-kr 0x0 pc 0x10ae0ce22 leaf __semwait_signal+0xa frames: 0x10ae0ce22 0x1040c7625 0x103ff81b2 0x1040ca799 0x1040c9886 0x1040c9469 0x10405e84e 0x1040c7049 0x10ae08e9e
  14.066 TIGER-SAMPLE pid 0x4b28 n 0x34 thread 0x2303 thread 0x2303 state-kr 0x0 pc 0x10adbd7e6 leaf poll+0xa frames: 0x10adbd7e6 0x10405e84e 0x1040c7049 0x10ae08e9e
  14.066 TIGER-SAMPLE pid 0x4b28 n 0x34 thread 0x2407 thread 0x2407 state-kr 0x0 pc 0x10ae0ce22 leaf __semwait_signal+0xa frames: 0x10ae0ce22 0x1040c7625 0x103ff81b2 0x1040ca799 0x1040c9886 0x1040c9469 0x10405e84e 0x1040c7049 0x10ae08e9e
  14.066 TIGER-SAMPLE pid 0x4b28 n 0x34 thread 0x2503 thread 0x2503 state-kr 0x0 pc 0x10ae0ce22 leaf __semwait_signal+0xa frames: 0x10ae0ce22 0x1040c7625 0x103ff81b2 0x1040ca799 0x1040c9886 0x1040c9469 0x10405e84e 0x1040c7049 0x10ae08e9e
  14.066 TIGER-SAMPLE pid 0x4b28 n 0x34 thread 0x2603 thread 0x2603 state-kr 0x0 pc 0x10ae0ce22 leaf __semwait_signal+0xa frames: 0x10ae0ce22 0x1040c7625 0x103ff81b2 0x1040ca799 0x1040c9886 0x1040c9469 0x10405e84e 0x1040c7049 0x10ae08e9e
  14.066 TIGER-SAMPLE pid 0x4b28 n 0x34 thread 0x2703 thread 0x2703 state-kr 0x0 pc 0x10ae0ce22 leaf __semwait_signal+0xa frames: 0x10ae0ce22 0x1040c7625 0x103ff81b2 0x1040ca799 0x1040c9886 0x1040c9469 0x10405e84e 0x1040c7049 0x10ae08e9e
  14.066 TIGER-SAMPLE pid 0x4b28 n 0x34 thread 0x2c03 thread 0x2c03 state-kr 0x0 pc 0x10adbd7e6 leaf poll+0xa frames: 0x10adbd7e6 0x1043c3427 0x1043c35ea 0x101f33797 0x101f3f561 0x10405e84e 0x1040c7049 0x10ae08e9e
  14.067 TIGER-SAMPLE pid 0x4b28 n 0x34 thread 0x2e0f thread 0x2e0f state-kr 0x0 pc 0x10ae0ce22 leaf __semwait_signal+0xa frames: 0x10ae0ce22 0x1040c7625 0x103ff81b2 0x1040ca799 0x1040c9886 0x1040c9469 0x10405e84e 0x1040c7049 0x10ae08e9e
  14.087 TIGER-SAMPLE pid 0x4b29 n 0x32 main 0xd03 thread 0xd03 state-kr 0x0 pc 0x90009817 leaf mach_msg_trap+0x7 frames: 0x90009817 0x9082d227 0x9083e100 0x300d9e7 0x4497f 0x83d4 0x83a2 0x82c9 0x3
  14.087 TIGER-SAMPLE pid 0x4b29 n 0x32 thread 0x1103 thread 0x1103 state-kr 0x0 pc 0x90009817 leaf mach_msg_trap+0x7 frames: 0x90009817 0x148f48 0x90023d67
  14.087 TIGER-SAMPLE pid 0x4b29 n 0x32 thread 0x1303 thread 0x1303 state-kr 0x0 pc 0x900bc3fc leaf poll+0xc frames: 0x900bc3fc 0x14bc44 0x2fac62b 0x30145f1 0x90023d67
  14.088 TIGER-SAMPLE pid 0x4b29 n 0x32 thread 0x2507 thread 0x2507 state-kr 0x0 pc 0x90024407 leaf semaphore_wait_signal_trap+0x7 frames: 0x90024407 0x34e1e 0x90023d67
  14.088 TIGER-SAMPLE pid 0x4b29 n 0x32 thread 0x2703 thread 0x2703 state-kr 0x0 pc 0x90024407 leaf semaphore_wait_signal_trap+0x7 frames: 0x90024407 0x34e1e 0x90023d67
  14.088 TIGER-SAMPLE pid 0x4b29 n 0x32 thread 0x2903 thread 0x2903 state-kr 0x0 pc 0x90024407 leaf semaphore_wait_signal_trap+0x7 frames: 0x90024407 0x34e1e 0x90023d67
  14.088 TIGER-SAMPLE pid 0x4b29 n 0x32 thread 0x2b03 thread 0x2b03 state-kr 0x0 pc 0x90024407 leaf semaphore_wait_signal_trap+0x7 frames: 0x90024407 0x34e1e 0x90023d67
  14.089 TIGER-SAMPLE pid 0x4b29 n 0x32 thread 0x2f07 thread 0x2f07 state-kr 0x0 pc 0x90019d0c leaf select+0xc frames: 0x90019d0c 0x14c115 0x13f348 0x2fac62b 0x30145f1 0x90023d67
  14.098 TIGER-SAMPLE pid 0x4b24 n 0x36 main 0x117 thread 0x117 state-kr 0x0 pc 0x90009817 leaf mach_msg_trap+0x7 frames: 0x90009817 0x9082d227 0x9082ca42 0x92e06878 0x92e05f82 0x92e05dd9 0x9328cf45 0x9328cb37 0x932868c4 0xc50a 0x8752 0x8679 0x5
  14.098 TIGER-SAMPLE pid 0x4b24 n 0x36 thread 0x1203 thread 0x1203 state-kr 0x0 pc 0x90009817 leaf mach_msg_trap+0x7 frames: 0x90009817 0x2d3fd8 0x90023d67
  14.099 TIGER-SAMPLE pid 0x4b24 n 0x36 thread 0x3207 thread 0x3207 state-kr 0x0 pc 0x90024407 leaf semaphore_wait_signal_trap+0x7 frames: 0x90024407 0x3af7e 0x90023d67
  14.099 TIGER-SAMPLE pid 0x4b24 n 0x36 thread 0x3403 thread 0x3403 state-kr 0x0 pc 0x90024407 leaf semaphore_wait_signal_trap+0x7 frames: 0x90024407 0x3af7e 0x90023d67
  14.099 TIGER-SAMPLE pid 0x4b24 n 0x36 thread 0x5603 thread 0x5603 state-kr 0x0 pc 0x90024407 leaf semaphore_wait_signal_trap+0x7 frames: 0x90024407 0x3af7e 0x90023d67
  14.099 TIGER-SAMPLE pid 0x4b24 n 0x36 thread 0x5903 thread 0x5903 state-kr 0x0 pc 0x900bc3fc leaf poll+0xc frames: 0x900bc3fc 0x2d6a64 0x313ae8b 0x31a40a1 0x90023d67
  14.099 TIGER-SAMPLE pid 0x4b24 n 0x36 thread 0x5a03 thread 0x5a03 state-kr 0x0 pc 0x90024407 leaf semaphore_wait_signal_trap+0x7 frames: 0x90024407 0x3af7e 0x90023d67
  14.100 TIGER-SAMPLE pid 0x4b24 n 0x36 thread 0x5807 thread 0x5807 state-kr 0x0 pc 0x900bc3fc leaf poll+0xc frames: 0x900bc3fc 0x2d6a64 0x313ae8b 0x31a40a1 0x90023d67
  14.318 TIGER-SAMPLE pid 0x4b28 n 0x35 main 0xd03 thread 0xd03 state-kr 0x0 pc 0x10ae0ce22 leaf __semwait_signal+0xa frames: 0x10ae0ce22 0x1040c7625 0x103ff81b2 0x1040ca799 0x1040c9886 0x1040c9469 0x10004a77b 0x100001b4c 0x100001a61 0x3
  14.318 TIGER-SAMPLE pid 0x4b28 n 0x35 thread 0xf03 thread 0xf03 state-kr 0x0 pc 0x10ae56e4e leaf mach_msg_trap+0xa frames: 0x10ae56e4e 0x100328062 0x10ae08e9e
  14.318 TIGER-SAMPLE pid 0x4b28 n 0x35 thread 0x1103 thread 0x1103 state-kr 0x0 pc 0x10ae0ce22 leaf __semwait_signal+0xa frames: 0x10ae0ce22 0x1040c7625 0x103ff81b2 0x1040ca799 0x1040c9886 0x1040c9469 0x10405e84e 0x1040c7049 0x10ae08e9e
  14.318 TIGER-SAMPLE pid 0x4b28 n 0x35 thread 0x2303 thread 0x2303 state-kr 0x0 pc 0x10adbd7e6 leaf poll+0xa frames: 0x10adbd7e6 0x10405e84e 0x1040c7049 0x10ae08e9e
  14.318 TIGER-SAMPLE pid 0x4b28 n 0x35 thread 0x2407 thread 0x2407 state-kr 0x0 pc 0x10ae0ce22 leaf __semwait_signal+0xa frames: 0x10ae0ce22 0x1040c7625 0x103ff81b2 0x1040ca799 0x1040c9886 0x1040c9469 0x10405e84e 0x1040c7049 0x10ae08e9e
  14.318 TIGER-SAMPLE pid 0x4b28 n 0x35 thread 0x2503 thread 0x2503 state-kr 0x0 pc 0x10ae0ce22 leaf __semwait_signal+0xa frames: 0x10ae0ce22 0x1040c7625 0x103ff81b2 0x1040ca799 0x1040c9886 0x1040c9469 0x10405e84e 0x1040c7049 0x10ae08e9e
  14.318 TIGER-SAMPLE pid 0x4b28 n 0x35 thread 0x2603 thread 0x2603 state-kr 0x0 pc 0x10ae0ce22 leaf __semwait_signal+0xa frames: 0x10ae0ce22 0x1040c7625 0x103ff81b2 0x1040ca799 0x1040c9886 0x1040c9469 0x10405e84e 0x1040c7049 0x10ae08e9e
  14.318 TIGER-SAMPLE pid 0x4b28 n 0x35 thread 0x2703 thread 0x2703 state-kr 0x0 pc 0x10ae0ce22 leaf __semwait_signal+0xa frames: 0x10ae0ce22 0x1040c7625 0x103ff81b2 0x1040ca799 0x1040c9886 0x1040c9469 0x10405e84e 0x1040c7049 0x10ae08e9e
  14.318 TIGER-SAMPLE pid 0x4b28 n 0x35 thread 0x2c03 thread 0x2c03 state-kr 0x0 pc 0x10adbd7e6 leaf poll+0xa frames: 0x10adbd7e6 0x1043c3427 0x1043c35ea 0x101f33797 0x101f3f561 0x10405e84e 0x1040c7049 0x10ae08e9e
  14.318 TIGER-SAMPLE pid 0x4b28 n 0x35 thread 0x2e0f thread 0x2e0f state-kr 0x0 pc 0x10ae0ce22 leaf __semwait_signal+0xa frames: 0x10ae0ce22 0x1040c7625 0x103ff81b2 0x1040ca799 0x1040c9886 0x1040c9469 0x10405e84e 0x1040c7049 0x10ae08e9e
  14.339 TIGER-SAMPLE pid 0x4b29 n 0x33 main 0xd03 thread 0xd03 state-kr 0x0 pc 0x90009817 leaf mach_msg_trap+0x7 frames: 0x90009817 0x9082d227 0x9083e100 0x300d9e7 0x4497f 0x83d4 0x83a2 0x82c9 0x3
  14.339 TIGER-SAMPLE pid 0x4b29 n 0x33 thread 0x1103 thread 0x1103 state-kr 0x0 pc 0x90009817 leaf mach_msg_trap+0x7 frames: 0x90009817 0x148f48 0x90023d67
  14.340 TIGER-SAMPLE pid 0x4b29 n 0x33 thread 0x1303 thread 0x1303 state-kr 0x0 pc 0x900bc3fc leaf poll+0xc frames: 0x900bc3fc 0x14bc44 0x2fac62b 0x30145f1 0x90023d67
  14.340 TIGER-SAMPLE pid 0x4b29 n 0x33 thread 0x2507 thread 0x2507 state-kr 0x0 pc 0x90024407 leaf semaphore_wait_signal_trap+0x7 frames: 0x90024407 0x34e1e 0x90023d67
  14.340 TIGER-SAMPLE pid 0x4b29 n 0x33 thread 0x2703 thread 0x2703 state-kr 0x0 pc 0x90024407 leaf semaphore_wait_signal_trap+0x7 frames: 0x90024407 0x34e1e 0x90023d67
  14.340 TIGER-SAMPLE pid 0x4b29 n 0x33 thread 0x2903 thread 0x2903 state-kr 0x0 pc 0x90024407 leaf semaphore_wait_signal_trap+0x7 frames: 0x90024407 0x34e1e 0x90023d67
  14.341 TIGER-SAMPLE pid 0x4b29 n 0x33 thread 0x2b03 thread 0x2b03 state-kr 0x0 pc 0x90024407 leaf semaphore_wait_signal_trap+0x7 frames: 0x90024407 0x34e1e 0x90023d67
  14.341 TIGER-SAMPLE pid 0x4b29 n 0x33 thread 0x2f07 thread 0x2f07 state-kr 0x0 pc 0x90019d0c leaf select+0xc frames: 0x90019d0c 0x14c115 0x13f348 0x2fac62b 0x30145f1 0x90023d67
  14.350 TIGER-SAMPLE pid 0x4b24 n 0x37 main 0x117 thread 0x117 state-kr 0x0 pc 0x90009817 leaf mach_msg_trap+0x7 frames: 0x90009817 0x9082d227 0x9082ca42 0x92e06878 0x92e05f82 0x92e05dd9 0x9328cf45 0x9328cb37 0x932868c4 0xc50a 0x8752 0x8679 0x5
  14.351 TIGER-SAMPLE pid 0x4b24 n 0x37 thread 0x1203 thread 0x1203 state-kr 0x0 pc 0x90009817 leaf mach_msg_trap+0x7 frames: 0x90009817 0x2d3fd8 0x90023d67
  14.351 TIGER-SAMPLE pid 0x4b24 n 0x37 thread 0x3207 thread 0x3207 state-kr 0x0 pc 0x90024407 leaf semaphore_wait_signal_trap+0x7 frames: 0x90024407 0x3af7e 0x90023d67
  14.351 TIGER-SAMPLE pid 0x4b24 n 0x37 thread 0x3403 thread 0x3403 state-kr 0x0 pc 0x90024407 leaf semaphore_wait_signal_trap+0x7 frames: 0x90024407 0x3af7e 0x90023d67
  14.351 TIGER-SAMPLE pid 0x4b24 n 0x37 thread 0x5603 thread 0x5603 state-kr 0x0 pc 0x90024407 leaf semaphore_wait_signal_trap+0x7 frames: 0x90024407 0x3af7e 0x90023d67
  14.351 TIGER-SAMPLE pid 0x4b24 n 0x37 thread 0x5903 thread 0x5903 state-kr 0x0 pc 0x900bc3fc leaf poll+0xc frames: 0x900bc3fc 0x2d6a64 0x313ae8b 0x31a40a1 0x90023d67
  14.352 TIGER-SAMPLE pid 0x4b24 n 0x37 thread 0x5a03 thread 0x5a03 state-kr 0x0 pc 0x90024407 leaf semaphore_wait_signal_trap+0x7 frames: 0x90024407 0x3af7e 0x90023d67
  14.352 TIGER-SAMPLE pid 0x4b24 n 0x37 thread 0x5807 thread 0x5807 state-kr 0x0 pc 0x900bc3fc leaf poll+0xc frames: 0x900bc3fc 0x2d6a64 0x313ae8b 0x31a40a1 0x90023d67
  14.569 TIGER-SAMPLE pid 0x4b28 n 0x36 main 0xd03 thread 0xd03 state-kr 0x0 pc 0x10ae0ce22 leaf __semwait_signal+0xa frames: 0x10ae0ce22 0x1040c7625 0x103ff81b2 0x1040ca799 0x1040c9886 0x1040c9469 0x10004a77b 0x100001b4c 0x100001a61 0x3
  14.569 TIGER-SAMPLE pid 0x4b28 n 0x36 thread 0xf03 thread 0xf03 state-kr 0x0 pc 0x10ae56e4e leaf mach_msg_trap+0xa frames: 0x10ae56e4e 0x100328062 0x10ae08e9e
  14.569 TIGER-SAMPLE pid 0x4b28 n 0x36 thread 0x1103 thread 0x1103 state-kr 0x0 pc 0x10ae0ce22 leaf __semwait_signal+0xa frames: 0x10ae0ce22 0x1040c7625 0x103ff81b2 0x1040ca799 0x1040c9886 0x1040c9469 0x10405e84e 0x1040c7049 0x10ae08e9e
  14.569 TIGER-SAMPLE pid 0x4b28 n 0x36 thread 0x2303 thread 0x2303 state-kr 0x0 pc 0x10adbd7e6 leaf poll+0xa frames: 0x10adbd7e6 0x10405e84e 0x1040c7049 0x10ae08e9e
  14.569 TIGER-SAMPLE pid 0x4b28 n 0x36 thread 0x2407 thread 0x2407 state-kr 0x0 pc 0x10ae0ce22 leaf __semwait_signal+0xa frames: 0x10ae0ce22 0x1040c7625 0x103ff81b2 0x1040ca799 0x1040c9886 0x1040c9469 0x10405e84e 0x1040c7049 0x10ae08e9e
  14.570 TIGER-SAMPLE pid 0x4b28 n 0x36 thread 0x2503 thread 0x2503 state-kr 0x0 pc 0x10ae0ce22 leaf __semwait_signal+0xa frames: 0x10ae0ce22 0x1040c7625 0x103ff81b2 0x1040ca799 0x1040c9886 0x1040c9469 0x10405e84e 0x1040c7049 0x10ae08e9e
  14.570 TIGER-SAMPLE pid 0x4b28 n 0x36 thread 0x2603 thread 0x2603 state-kr 0x0 pc 0x10ae0ce22 leaf __semwait_signal+0xa frames: 0x10ae0ce22 0x1040c7625 0x103ff81b2 0x1040ca799 0x1040c9886 0x1040c9469 0x10405e84e 0x1040c7049 0x10ae08e9e
  14.570 TIGER-SAMPLE pid 0x4b28 n 0x36 thread 0x2703 thread 0x2703 state-kr 0x0 pc 0x10ae0ce22 leaf __semwait_signal+0xa frames: 0x10ae0ce22 0x1040c7625 0x103ff81b2 0x1040ca799 0x1040c9886 0x1040c9469 0x10405e84e 0x1040c7049 0x10ae08e9e
  14.570 TIGER-SAMPLE pid 0x4b28 n 0x36 thread 0x2c03 thread 0x2c03 state-kr 0x0 pc 0x10adbd7e6 leaf poll+0xa frames: 0x10adbd7e6 0x1043c3427 0x1043c35ea 0x101f33797 0x101f3f561 0x10405e84e 0x1040c7049 0x10ae08e9e
  14.570 TIGER-SAMPLE pid 0x4b28 n 0x36 thread 0x2e0f thread 0x2e0f state-kr 0x0 pc 0x10ae0ce22 leaf __semwait_signal+0xa frames: 0x10ae0ce22 0x1040c7625 0x103ff81b2 0x1040ca799 0x1040c9886 0x1040c9469 0x10405e84e 0x1040c7049 0x10ae08e9e
  14.591 TIGER-SAMPLE pid 0x4b29 n 0x34 main 0xd03 thread 0xd03 state-kr 0x0 pc 0x90009817 leaf mach_msg_trap+0x7 frames: 0x90009817 0x9082d227 0x9083e100 0x300d9e7 0x4497f 0x83d4 0x83a2 0x82c9 0x3
  14.592 TIGER-SAMPLE pid 0x4b29 n 0x34 thread 0x1103 thread 0x1103 state-kr 0x0 pc 0x90009817 leaf mach_msg_trap+0x7 frames: 0x90009817 0x148f48 0x90023d67
  14.592 TIGER-SAMPLE pid 0x4b29 n 0x34 thread 0x1303 thread 0x1303 state-kr 0x0 pc 0x900bc3fc leaf poll+0xc frames: 0x900bc3fc 0x14bc44 0x2fac62b 0x30145f1 0x90023d67
  14.592 TIGER-SAMPLE pid 0x4b29 n 0x34 thread 0x2507 thread 0x2507 state-kr 0x0 pc 0x90024407 leaf semaphore_wait_signal_trap+0x7 frames: 0x90024407 0x34e1e 0x90023d67
  14.592 TIGER-SAMPLE pid 0x4b29 n 0x34 thread 0x2703 thread 0x2703 state-kr 0x0 pc 0x90024407 leaf semaphore_wait_signal_trap+0x7 frames: 0x90024407 0x34e1e 0x90023d67
  14.592 TIGER-SAMPLE pid 0x4b29 n 0x34 thread 0x2903 thread 0x2903 state-kr 0x0 pc 0x90024407 leaf semaphore_wait_signal_trap+0x7 frames: 0x90024407 0x34e1e 0x90023d67
  14.593 TIGER-SAMPLE pid 0x4b29 n 0x34 thread 0x2b03 thread 0x2b03 state-kr 0x0 pc 0x90024407 leaf semaphore_wait_signal_trap+0x7 frames: 0x90024407 0x34e1e 0x90023d67
  14.593 TIGER-SAMPLE pid 0x4b29 n 0x34 thread 0x2f07 thread 0x2f07 state-kr 0x0 pc 0x90019d0c leaf select+0xc frames: 0x90019d0c 0x14c115 0x13f348 0x2fac62b 0x30145f1 0x90023d67
  14.603 TIGER-SAMPLE pid 0x4b24 n 0x38 main 0x117 thread 0x117 state-kr 0x0 pc 0x90009817 leaf mach_msg_trap+0x7 frames: 0x90009817 0x9082d227 0x9082ca42 0x92e06878 0x92e05f82 0x92e05dd9 0x9328cf45 0x9328cb37 0x932868c4 0xc50a 0x8752 0x8679 0x5
  14.603 TIGER-SAMPLE pid 0x4b24 n 0x38 thread 0x1203 thread 0x1203 state-kr 0x0 pc 0x90009817 leaf mach_msg_trap+0x7 frames: 0x90009817 0x2d3fd8 0x90023d67
  14.603 TIGER-SAMPLE pid 0x4b24 n 0x38 thread 0x3207 thread 0x3207 state-kr 0x0 pc 0x90024407 leaf semaphore_wait_signal_trap+0x7 frames: 0x90024407 0x3af7e 0x90023d67
  14.603 TIGER-SAMPLE pid 0x4b24 n 0x38 thread 0x3403 thread 0x3403 state-kr 0x0 pc 0x90024407 leaf semaphore_wait_signal_trap+0x7 frames: 0x90024407 0x3af7e 0x90023d67
  14.603 TIGER-SAMPLE pid 0x4b24 n 0x38 thread 0x5603 thread 0x5603 state-kr 0x0 pc 0x90024407 leaf semaphore_wait_signal_trap+0x7 frames: 0x90024407 0x3af7e 0x90023d67
  14.604 TIGER-SAMPLE pid 0x4b24 n 0x38 thread 0x5903 thread 0x5903 state-kr 0x0 pc 0x900bc3fc leaf poll+0xc frames: 0x900bc3fc 0x2d6a64 0x313ae8b 0x31a40a1 0x90023d67
  14.604 TIGER-SAMPLE pid 0x4b24 n 0x38 thread 0x5a03 thread 0x5a03 state-kr 0x0 pc 0x90024407 leaf semaphore_wait_signal_trap+0x7 frames: 0x90024407 0x3af7e 0x90023d67
  14.604 TIGER-SAMPLE pid 0x4b24 n 0x38 thread 0x5807 thread 0x5807 state-kr 0x0 pc 0x900bc3fc leaf poll+0xc frames: 0x900bc3fc 0x2d6a64 0x313ae8b 0x31a40a1 0x90023d67
  14.821 TIGER-SAMPLE pid 0x4b28 n 0x37 main 0xd03 thread 0xd03 state-kr 0x0 pc 0x10ae0ce22 leaf __semwait_signal+0xa frames: 0x10ae0ce22 0x1040c7625 0x103ff81b2 0x1040ca799 0x1040c9886 0x1040c9469 0x10004a77b 0x100001b4c 0x100001a61 0x3
  14.821 TIGER-SAMPLE pid 0x4b28 n 0x37 thread 0xf03 thread 0xf03 state-kr 0x0 pc 0x10ae56e4e leaf mach_msg_trap+0xa frames: 0x10ae56e4e 0x100328062 0x10ae08e9e
  14.821 TIGER-SAMPLE pid 0x4b28 n 0x37 thread 0x1103 thread 0x1103 state-kr 0x0 pc 0x10ae0ce22 leaf __semwait_signal+0xa frames: 0x10ae0ce22 0x1040c7625 0x103ff81b2 0x1040ca799 0x1040c9886 0x1040c9469 0x10405e84e 0x1040c7049 0x10ae08e9e
  14.821 TIGER-SAMPLE pid 0x4b28 n 0x37 thread 0x2303 thread 0x2303 state-kr 0x0 pc 0x10adbd7e6 leaf poll+0xa frames: 0x10adbd7e6 0x10405e84e 0x1040c7049 0x10ae08e9e
  14.821 TIGER-SAMPLE pid 0x4b28 n 0x37 thread 0x2407 thread 0x2407 state-kr 0x0 pc 0x10ae0ce22 leaf __semwait_signal+0xa frames: 0x10ae0ce22 0x1040c7625 0x103ff81b2 0x1040ca799 0x1040c9886 0x1040c9469 0x10405e84e 0x1040c7049 0x10ae08e9e
  14.821 TIGER-SAMPLE pid 0x4b28 n 0x37 thread 0x2503 thread 0x2503 state-kr 0x0 pc 0x10ae0ce22 leaf __semwait_signal+0xa frames: 0x10ae0ce22 0x1040c7625 0x103ff81b2 0x1040ca799 0x1040c9886 0x1040c9469 0x10405e84e 0x1040c7049 0x10ae08e9e
  14.822 TIGER-SAMPLE pid 0x4b28 n 0x37 thread 0x2603 thread 0x2603 state-kr 0x0 pc 0x10ae0ce22 leaf __semwait_signal+0xa frames: 0x10ae0ce22 0x1040c7625 0x103ff81b2 0x1040ca799 0x1040c9886 0x1040c9469 0x10405e84e 0x1040c7049 0x10ae08e9e
  14.822 TIGER-SAMPLE pid 0x4b28 n 0x37 thread 0x2703 thread 0x2703 state-kr 0x0 pc 0x10ae0ce22 leaf __semwait_signal+0xa frames: 0x10ae0ce22 0x1040c7625 0x103ff81b2 0x1040ca799 0x1040c9886 0x1040c9469 0x10405e84e 0x1040c7049 0x10ae08e9e
  14.822 TIGER-SAMPLE pid 0x4b28 n 0x37 thread 0x2c03 thread 0x2c03 state-kr 0x0 pc 0x10adbd7e6 leaf poll+0xa frames: 0x10adbd7e6 0x1043c3427 0x1043c35ea 0x101f33797 0x101f3f561 0x10405e84e 0x1040c7049 0x10ae08e9e
  14.822 TIGER-SAMPLE pid 0x4b28 n 0x37 thread 0x2e0f thread 0x2e0f state-kr 0x0 pc 0x10ae0ce22 leaf __semwait_signal+0xa frames: 0x10ae0ce22 0x1040c7625 0x103ff81b2 0x1040ca799 0x1040c9886 0x1040c9469 0x10405e84e 0x1040c7049 0x10ae08e9e
  14.844 TIGER-SAMPLE pid 0x4b29 n 0x35 main 0xd03 thread 0xd03 state-kr 0x0 pc 0x90009817 leaf mach_msg_trap+0x7 frames: 0x90009817 0x9082d227 0x9083e100 0x300d9e7 0x4497f 0x83d4 0x83a2 0x82c9 0x3
  14.844 TIGER-SAMPLE pid 0x4b29 n 0x35 thread 0x1103 thread 0x1103 state-kr 0x0 pc 0x90009817 leaf mach_msg_trap+0x7 frames: 0x90009817 0x148f48 0x90023d67
  14.844 TIGER-SAMPLE pid 0x4b29 n 0x35 thread 0x1303 thread 0x1303 state-kr 0x0 pc 0x900bc3fc leaf poll+0xc frames: 0x900bc3fc 0x14bc44 0x2fac62b 0x30145f1 0x90023d67
  14.844 TIGER-SAMPLE pid 0x4b29 n 0x35 thread 0x2507 thread 0x2507 state-kr 0x0 pc 0x90024407 leaf semaphore_wait_signal_trap+0x7 frames: 0x90024407 0x34e1e 0x90023d67
  14.844 TIGER-SAMPLE pid 0x4b29 n 0x35 thread 0x2703 thread 0x2703 state-kr 0x0 pc 0x90024407 leaf semaphore_wait_signal_trap+0x7 frames: 0x90024407 0x34e1e 0x90023d67
  14.845 TIGER-SAMPLE pid 0x4b29 n 0x35 thread 0x2903 thread 0x2903 state-kr 0x0 pc 0x90024407 leaf semaphore_wait_signal_trap+0x7 frames: 0x90024407 0x34e1e 0x90023d67
  14.845 TIGER-SAMPLE pid 0x4b29 n 0x35 thread 0x2b03 thread 0x2b03 state-kr 0x0 pc 0x90024407 leaf semaphore_wait_signal_trap+0x7 frames: 0x90024407 0x34e1e 0x90023d67
  14.845 TIGER-SAMPLE pid 0x4b29 n 0x35 thread 0x2f07 thread 0x2f07 state-kr 0x0 pc 0x90019d0c leaf select+0xc frames: 0x90019d0c 0x14c115 0x13f348 0x2fac62b 0x30145f1 0x90023d67
  14.855 TIGER-SAMPLE pid 0x4b24 n 0x39 main 0x117 thread 0x117 state-kr 0x0 pc 0x90009817 leaf mach_msg_trap+0x7 frames: 0x90009817 0x9082d227 0x9082ca42 0x92e06878 0x92e05f82 0x92e05dd9 0x9328cf45 0x9328cb37 0x932868c4 0xc50a 0x8752 0x8679 0x5
  14.855 TIGER-SAMPLE pid 0x4b24 n 0x39 thread 0x1203 thread 0x1203 state-kr 0x0 pc 0x90009817 leaf mach_msg_trap+0x7 frames: 0x90009817 0x2d3fd8 0x90023d67
  14.855 TIGER-SAMPLE pid 0x4b24 n 0x39 thread 0x3207 thread 0x3207 state-kr 0x0 pc 0x90024407 leaf semaphore_wait_signal_trap+0x7 frames: 0x90024407 0x3af7e 0x90023d67
  14.855 TIGER-SAMPLE pid 0x4b24 n 0x39 thread 0x3403 thread 0x3403 state-kr 0x0 pc 0x90024407 leaf semaphore_wait_signal_trap+0x7 frames: 0x90024407 0x3af7e 0x90023d67
  14.856 TIGER-SAMPLE pid 0x4b24 n 0x39 thread 0x5603 thread 0x5603 state-kr 0x0 pc 0x90024407 leaf semaphore_wait_signal_trap+0x7 frames: 0x90024407 0x3af7e 0x90023d67
  14.856 TIGER-SAMPLE pid 0x4b24 n 0x39 thread 0x5903 thread 0x5903 state-kr 0x0 pc 0x900bc3fc leaf poll+0xc frames: 0x900bc3fc 0x2d6a64 0x313ae8b 0x31a40a1 0x90023d67
  14.856 TIGER-SAMPLE pid 0x4b24 n 0x39 thread 0x5a03 thread 0x5a03 state-kr 0x0 pc 0x90024407 leaf semaphore_wait_signal_trap+0x7 frames: 0x90024407 0x3af7e 0x90023d67
  14.856 TIGER-SAMPLE pid 0x4b24 n 0x39 thread 0x5807 thread 0x5807 state-kr 0x0 pc 0x900bc3fc leaf poll+0xc frames: 0x900bc3fc 0x2d6a64 0x313ae8b 0x31a40a1 0x90023d67
  15.072 TIGER-SAMPLE pid 0x4b28 n 0x38 main 0xd03 thread 0xd03 state-kr 0x0 pc 0x10ae0ce22 leaf __semwait_signal+0xa frames: 0x10ae0ce22 0x1040c7625 0x103ff81b2 0x1040ca799 0x1040c9886 0x1040c9469 0x10004a77b 0x100001b4c 0x100001a61 0x3
  15.073 TIGER-SAMPLE pid 0x4b28 n 0x38 thread 0xf03 thread 0xf03 state-kr 0x0 pc 0x10ae56e4e leaf mach_msg_trap+0xa frames: 0x10ae56e4e 0x100328062 0x10ae08e9e
  15.073 TIGER-SAMPLE pid 0x4b28 n 0x38 thread 0x1103 thread 0x1103 state-kr 0x0 pc 0x10ae0ce22 leaf __semwait_signal+0xa frames: 0x10ae0ce22 0x1040c7625 0x103ff81b2 0x1040ca799 0x1040c9886 0x1040c9469 0x10405e84e 0x1040c7049 0x10ae08e9e
  15.073 TIGER-SAMPLE pid 0x4b28 n 0x38 thread 0x2303 thread 0x2303 state-kr 0x0 pc 0x10adbd7e6 leaf poll+0xa frames: 0x10adbd7e6 0x10405e84e 0x1040c7049 0x10ae08e9e
  15.073 TIGER-SAMPLE pid 0x4b28 n 0x38 thread 0x2407 thread 0x2407 state-kr 0x0 pc 0x10ae0ce22 leaf __semwait_signal+0xa frames: 0x10ae0ce22 0x1040c7625 0x103ff81b2 0x1040ca799 0x1040c9886 0x1040c9469 0x10405e84e 0x1040c7049 0x10ae08e9e
  15.073 TIGER-SAMPLE pid 0x4b28 n 0x38 thread 0x2503 thread 0x2503 state-kr 0x0 pc 0x10ae0ce22 leaf __semwait_signal+0xa frames: 0x10ae0ce22 0x1040c7625 0x103ff81b2 0x1040ca799 0x1040c9886 0x1040c9469 0x10405e84e 0x1040c7049 0x10ae08e9e
  15.073 TIGER-SAMPLE pid 0x4b28 n 0x38 thread 0x2603 thread 0x2603 state-kr 0x0 pc 0x10ae0ce22 leaf __semwait_signal+0xa frames: 0x10ae0ce22 0x1040c7625 0x103ff81b2 0x1040ca799 0x1040c9886 0x1040c9469 0x10405e84e 0x1040c7049 0x10ae08e9e
  15.074 TIGER-SAMPLE pid 0x4b28 n 0x38 thread 0x2703 thread 0x2703 state-kr 0x0 pc 0x10ae0ce22 leaf __semwait_signal+0xa frames: 0x10ae0ce22 0x1040c7625 0x103ff81b2 0x1040ca799 0x1040c9886 0x1040c9469 0x10405e84e 0x1040c7049 0x10ae08e9e
  15.074 TIGER-SAMPLE pid 0x4b28 n 0x38 thread 0x2c03 thread 0x2c03 state-kr 0x0 pc 0x10adbd7e6 leaf poll+0xa frames: 0x10adbd7e6 0x1043c3427 0x1043c35ea 0x101f33797 0x101f3f561 0x10405e84e 0x1040c7049 0x10ae08e9e
  15.074 TIGER-SAMPLE pid 0x4b28 n 0x38 thread 0x2e0f thread 0x2e0f state-kr 0x0 pc 0x10ae0ce22 leaf __semwait_signal+0xa frames: 0x10ae0ce22 0x1040c7625 0x103ff81b2 0x1040ca799 0x1040c9886 0x1040c9469 0x10405e84e 0x1040c7049 0x10ae08e9e
  15.096 TIGER-SAMPLE pid 0x4b29 n 0x36 main 0xd03 thread 0xd03 state-kr 0x0 pc 0x90009817 leaf mach_msg_trap+0x7 frames: 0x90009817 0x9082d227 0x9083e100 0x300d9e7 0x4497f 0x83d4 0x83a2 0x82c9 0x3
  15.096 TIGER-SAMPLE pid 0x4b29 n 0x36 thread 0x1103 thread 0x1103 state-kr 0x0 pc 0x90009817 leaf mach_msg_trap+0x7 frames: 0x90009817 0x148f48 0x90023d67
  15.096 TIGER-SAMPLE pid 0x4b29 n 0x36 thread 0x1303 thread 0x1303 state-kr 0x0 pc 0x900bc3fc leaf poll+0xc frames: 0x900bc3fc 0x14bc44 0x2fac62b 0x30145f1 0x90023d67
  15.096 TIGER-SAMPLE pid 0x4b29 n 0x36 thread 0x2507 thread 0x2507 state-kr 0x0 pc 0x90024407 leaf semaphore_wait_signal_trap+0x7 frames: 0x90024407 0x34e1e 0x90023d67
  15.097 TIGER-SAMPLE pid 0x4b29 n 0x36 thread 0x2703 thread 0x2703 state-kr 0x0 pc 0x90024407 leaf semaphore_wait_signal_trap+0x7 frames: 0x90024407 0x34e1e 0x90023d67
  15.097 TIGER-SAMPLE pid 0x4b29 n 0x36 thread 0x2903 thread 0x2903 state-kr 0x0 pc 0x90024407 leaf semaphore_wait_signal_trap+0x7 frames: 0x90024407 0x34e1e 0x90023d67
  15.097 TIGER-SAMPLE pid 0x4b29 n 0x36 thread 0x2b03 thread 0x2b03 state-kr 0x0 pc 0x90024407 leaf semaphore_wait_signal_trap+0x7 frames: 0x90024407 0x34e1e 0x90023d67
  15.097 TIGER-SAMPLE pid 0x4b29 n 0x36 thread 0x2f07 thread 0x2f07 state-kr 0x0 pc 0x90019d0c leaf select+0xc frames: 0x90019d0c 0x14c115 0x13f348 0x2fac62b 0x30145f1 0x90023d67
  15.107 TIGER-SAMPLE pid 0x4b24 n 0x3a main 0x117 thread 0x117 state-kr 0x0 pc 0x90009817 leaf mach_msg_trap+0x7 frames: 0x90009817 0x9082d227 0x9082ca42 0x92e06878 0x92e05f82 0x92e05dd9 0x9328cf45 0x9328cb37 0x932868c4 0xc50a 0x8752 0x8679 0x5
  15.107 TIGER-SAMPLE pid 0x4b24 n 0x3a thread 0x1203 thread 0x1203 state-kr 0x0 pc 0x90009817 leaf mach_msg_trap+0x7 frames: 0x90009817 0x2d3fd8 0x90023d67
  15.107 TIGER-SAMPLE pid 0x4b24 n 0x3a thread 0x3207 thread 0x3207 state-kr 0x0 pc 0x90024407 leaf semaphore_wait_signal_trap+0x7 frames: 0x90024407 0x3af7e 0x90023d67
  15.108 TIGER-SAMPLE pid 0x4b24 n 0x3a thread 0x3403 thread 0x3403 state-kr 0x0 pc 0x90024407 leaf semaphore_wait_signal_trap+0x7 frames: 0x90024407 0x3af7e 0x90023d67
  15.108 TIGER-SAMPLE pid 0x4b24 n 0x3a thread 0x5603 thread 0x5603 state-kr 0x0 pc 0x90024407 leaf semaphore_wait_signal_trap+0x7 frames: 0x90024407 0x3af7e 0x90023d67
  15.108 TIGER-SAMPLE pid 0x4b24 n 0x3a thread 0x5903 thread 0x5903 state-kr 0x0 pc 0x900bc3fc leaf poll+0xc frames: 0x900bc3fc 0x2d6a64 0x313ae8b 0x31a40a1 0x90023d67
  15.108 TIGER-SAMPLE pid 0x4b24 n 0x3a thread 0x5a03 thread 0x5a03 state-kr 0x0 pc 0x90024407 leaf semaphore_wait_signal_trap+0x7 frames: 0x90024407 0x3af7e 0x90023d67
  15.109 TIGER-SAMPLE pid 0x4b24 n 0x3a thread 0x5807 thread 0x5807 state-kr 0x0 pc 0x900bc3fc leaf poll+0xc frames: 0x900bc3fc 0x2d6a64 0x313ae8b 0x31a40a1 0x90023d67
  15.324 TIGER-SAMPLE pid 0x4b28 n 0x39 main 0xd03 thread 0xd03 state-kr 0x0 pc 0x10ae0ce22 leaf __semwait_signal+0xa frames: 0x10ae0ce22 0x1040c7625 0x103ff81b2 0x1040ca799 0x1040c9886 0x1040c9469 0x10004a77b 0x100001b4c 0x100001a61 0x3
  15.325 TIGER-SAMPLE pid 0x4b28 n 0x39 thread 0xf03 thread 0xf03 state-kr 0x0 pc 0x10ae56e4e leaf mach_msg_trap+0xa frames: 0x10ae56e4e 0x100328062 0x10ae08e9e
  15.325 TIGER-SAMPLE pid 0x4b28 n 0x39 thread 0x1103 thread 0x1103 state-kr 0x0 pc 0x10ae0ce22 leaf __semwait_signal+0xa frames: 0x10ae0ce22 0x1040c7625 0x103ff81b2 0x1040ca799 0x1040c9886 0x1040c9469 0x10405e84e 0x1040c7049 0x10ae08e9e
  15.325 TIGER-SAMPLE pid 0x4b28 n 0x39 thread 0x2303 thread 0x2303 state-kr 0x0 pc 0x10adbd7e6 leaf poll+0xa frames: 0x10adbd7e6 0x10405e84e 0x1040c7049 0x10ae08e9e
  15.325 TIGER-SAMPLE pid 0x4b28 n 0x39 thread 0x2407 thread 0x2407 state-kr 0x0 pc 0x10ae0ce22 leaf __semwait_signal+0xa frames: 0x10ae0ce22 0x1040c7625 0x103ff81b2 0x1040ca799 0x1040c9886 0x1040c9469 0x10405e84e 0x1040c7049 0x10ae08e9e
  15.325 TIGER-SAMPLE pid 0x4b28 n 0x39 thread 0x2503 thread 0x2503 state-kr 0x0 pc 0x10ae0ce22 leaf __semwait_signal+0xa frames: 0x10ae0ce22 0x1040c7625 0x103ff81b2 0x1040ca799 0x1040c9886 0x1040c9469 0x10405e84e 0x1040c7049 0x10ae08e9e
  15.325 TIGER-SAMPLE pid 0x4b28 n 0x39 thread 0x2603 thread 0x2603 state-kr 0x0 pc 0x10ae0ce22 leaf __semwait_signal+0xa frames: 0x10ae0ce22 0x1040c7625 0x103ff81b2 0x1040ca799 0x1040c9886 0x1040c9469 0x10405e84e 0x1040c7049 0x10ae08e9e
  15.325 TIGER-SAMPLE pid 0x4b28 n 0x39 thread 0x2703 thread 0x2703 state-kr 0x0 pc 0x10ae0ce22 leaf __semwait_signal+0xa frames: 0x10ae0ce22 0x1040c7625 0x103ff81b2 0x1040ca799 0x1040c9886 0x1040c9469 0x10405e84e 0x1040c7049 0x10ae08e9e
  15.326 TIGER-SAMPLE pid 0x4b28 n 0x39 thread 0x2c03 thread 0x2c03 state-kr 0x0 pc 0x10adbd7e6 leaf poll+0xa frames: 0x10adbd7e6 0x1043c3427 0x1043c35ea 0x101f33797 0x101f3f561 0x10405e84e 0x1040c7049 0x10ae08e9e
  15.326 TIGER-SAMPLE pid 0x4b28 n 0x39 thread 0x2e0f thread 0x2e0f state-kr 0x0 pc 0x10ae0ce22 leaf __semwait_signal+0xa frames: 0x10ae0ce22 0x1040c7625 0x103ff81b2 0x1040ca799 0x1040c9886 0x1040c9469 0x10405e84e 0x1040c7049 0x10ae08e9e
  15.348 TIGER-SAMPLE pid 0x4b29 n 0x37 main 0xd03 thread 0xd03 state-kr 0x0 pc 0x90009817 leaf mach_msg_trap+0x7 frames: 0x90009817 0x9082d227 0x9083e100 0x300d9e7 0x4497f 0x83d4 0x83a2 0x82c9 0x3
  15.348 TIGER-SAMPLE pid 0x4b29 n 0x37 thread 0x1103 thread 0x1103 state-kr 0x0 pc 0x90009817 leaf mach_msg_trap+0x7 frames: 0x90009817 0x148f48 0x90023d67
  15.348 TIGER-SAMPLE pid 0x4b29 n 0x37 thread 0x1303 thread 0x1303 state-kr 0x0 pc 0x900bc3fc leaf poll+0xc frames: 0x900bc3fc 0x14bc44 0x2fac62b 0x30145f1 0x90023d67
  15.349 TIGER-SAMPLE pid 0x4b29 n 0x37 thread 0x2507 thread 0x2507 state-kr 0x0 pc 0x90024407 leaf semaphore_wait_signal_trap+0x7 frames: 0x90024407 0x34e1e 0x90023d67
  15.349 TIGER-SAMPLE pid 0x4b29 n 0x37 thread 0x2703 thread 0x2703 state-kr 0x0 pc 0x90024407 leaf semaphore_wait_signal_trap+0x7 frames: 0x90024407 0x34e1e 0x90023d67
  15.349 TIGER-SAMPLE pid 0x4b29 n 0x37 thread 0x2903 thread 0x2903 state-kr 0x0 pc 0x90024407 leaf semaphore_wait_signal_trap+0x7 frames: 0x90024407 0x34e1e 0x90023d67
  15.349 TIGER-SAMPLE pid 0x4b29 n 0x37 thread 0x2b03 thread 0x2b03 state-kr 0x0 pc 0x90024407 leaf semaphore_wait_signal_trap+0x7 frames: 0x90024407 0x34e1e 0x90023d67
  15.350 TIGER-SAMPLE pid 0x4b29 n 0x37 thread 0x2f07 thread 0x2f07 state-kr 0x0 pc 0x90019d0c leaf select+0xc frames: 0x90019d0c 0x14c115 0x13f348 0x2fac62b 0x30145f1 0x90023d67
  15.359 TIGER-SAMPLE pid 0x4b24 n 0x3b main 0x117 thread 0x117 state-kr 0x0 pc 0x90009817 leaf mach_msg_trap+0x7 frames: 0x90009817 0x9082d227 0x9082ca42 0x92e06878 0x92e05f82 0x92e05dd9 0x9328cf45 0x9328cb37 0x932868c4 0xc50a 0x8752 0x8679 0x5
  15.359 TIGER-SAMPLE pid 0x4b24 n 0x3b thread 0x1203 thread 0x1203 state-kr 0x0 pc 0x90009817 leaf mach_msg_trap+0x7 frames: 0x90009817 0x2d3fd8 0x90023d67
  15.360 TIGER-SAMPLE pid 0x4b24 n 0x3b thread 0x3207 thread 0x3207 state-kr 0x0 pc 0x90024407 leaf semaphore_wait_signal_trap+0x7 frames: 0x90024407 0x3af7e 0x90023d67
  15.360 TIGER-SAMPLE pid 0x4b24 n 0x3b thread 0x3403 thread 0x3403 state-kr 0x0 pc 0x90024407 leaf semaphore_wait_signal_trap+0x7 frames: 0x90024407 0x3af7e 0x90023d67
  15.360 TIGER-SAMPLE pid 0x4b24 n 0x3b thread 0x5603 thread 0x5603 state-kr 0x0 pc 0x90024407 leaf semaphore_wait_signal_trap+0x7 frames: 0x90024407 0x3af7e 0x90023d67
  15.360 TIGER-SAMPLE pid 0x4b24 n 0x3b thread 0x5903 thread 0x5903 state-kr 0x0 pc 0x900bc3fc leaf poll+0xc frames: 0x900bc3fc 0x2d6a64 0x313ae8b 0x31a40a1 0x90023d67
  15.361 TIGER-SAMPLE pid 0x4b24 n 0x3b thread 0x5a03 thread 0x5a03 state-kr 0x0 pc 0x90024407 leaf semaphore_wait_signal_trap+0x7 frames: 0x90024407 0x3af7e 0x90023d67
  15.361 TIGER-SAMPLE pid 0x4b24 n 0x3b thread 0x5807 thread 0x5807 state-kr 0x0 pc 0x900bc3fc leaf poll+0xc frames: 0x900bc3fc 0x2d6a64 0x313ae8b 0x31a40a1 0x90023d67
  15.576 TIGER-SAMPLE pid 0x4b28 n 0x3a main 0xd03 thread 0xd03 state-kr 0x0 pc 0x10ae0ce22 leaf __semwait_signal+0xa frames: 0x10ae0ce22 0x1040c7625 0x103ff81b2 0x1040ca799 0x1040c9886 0x1040c9469 0x10004a77b 0x100001b4c 0x100001a61 0x3
  15.576 TIGER-SAMPLE pid 0x4b28 n 0x3a thread 0xf03 thread 0xf03 state-kr 0x0 pc 0x10ae56e4e leaf mach_msg_trap+0xa frames: 0x10ae56e4e 0x100328062 0x10ae08e9e
  15.577 TIGER-SAMPLE pid 0x4b28 n 0x3a thread 0x1103 thread 0x1103 state-kr 0x0 pc 0x10ae0ce22 leaf __semwait_signal+0xa frames: 0x10ae0ce22 0x1040c7625 0x103ff81b2 0x1040ca799 0x1040c9886 0x1040c9469 0x10405e84e 0x1040c7049 0x10ae08e9e
  15.577 TIGER-SAMPLE pid 0x4b28 n 0x3a thread 0x2303 thread 0x2303 state-kr 0x0 pc 0x10adbd7e6 leaf poll+0xa frames: 0x10adbd7e6 0x10405e84e 0x1040c7049 0x10ae08e9e
  15.577 TIGER-SAMPLE pid 0x4b28 n 0x3a thread 0x2407 thread 0x2407 state-kr 0x0 pc 0x10ae0ce22 leaf __semwait_signal+0xa frames: 0x10ae0ce22 0x1040c7625 0x103ff81b2 0x1040ca799 0x1040c9886 0x1040c9469 0x10405e84e 0x1040c7049 0x10ae08e9e
  15.577 TIGER-SAMPLE pid 0x4b28 n 0x3a thread 0x2503 thread 0x2503 state-kr 0x0 pc 0x10ae0ce22 leaf __semwait_signal+0xa frames: 0x10ae0ce22 0x1040c7625 0x103ff81b2 0x1040ca799 0x1040c9886 0x1040c9469 0x10405e84e 0x1040c7049 0x10ae08e9e
  15.577 TIGER-SAMPLE pid 0x4b28 n 0x3a thread 0x2603 thread 0x2603 state-kr 0x0 pc 0x10ae0ce22 leaf __semwait_signal+0xa frames: 0x10ae0ce22 0x1040c7625 0x103ff81b2 0x1040ca799 0x1040c9886 0x1040c9469 0x10405e84e 0x1040c7049 0x10ae08e9e
  15.577 TIGER-SAMPLE pid 0x4b28 n 0x3a thread 0x2703 thread 0x2703 state-kr 0x0 pc 0x10ae0ce22 leaf __semwait_signal+0xa frames: 0x10ae0ce22 0x1040c7625 0x103ff81b2 0x1040ca799 0x1040c9886 0x1040c9469 0x10405e84e 0x1040c7049 0x10ae08e9e
  15.578 TIGER-SAMPLE pid 0x4b28 n 0x3a thread 0x2c03 thread 0x2c03 state-kr 0x0 pc 0x10adbd7e6 leaf poll+0xa frames: 0x10adbd7e6 0x1043c3427 0x1043c35ea 0x101f33797 0x101f3f561 0x10405e84e 0x1040c7049 0x10ae08e9e
  15.578 TIGER-SAMPLE pid 0x4b28 n 0x3a thread 0x2e0f thread 0x2e0f state-kr 0x0 pc 0x10ae0ce22 leaf __semwait_signal+0xa frames: 0x10ae0ce22 0x1040c7625 0x103ff81b2 0x1040ca799 0x1040c9886 0x1040c9469 0x10405e84e 0x1040c7049 0x10ae08e9e
  15.600 TIGER-SAMPLE pid 0x4b29 n 0x38 main 0xd03 thread 0xd03 state-kr 0x0 pc 0x90009817 leaf mach_msg_trap+0x7 frames: 0x90009817 0x9082d227 0x9083e100 0x300d9e7 0x4497f 0x83d4 0x83a2 0x82c9 0x3
  15.600 TIGER-SAMPLE pid 0x4b29 n 0x38 thread 0x1103 thread 0x1103 state-kr 0x0 pc 0x90009817 leaf mach_msg_trap+0x7 frames: 0x90009817 0x148f48 0x90023d67
  15.601 TIGER-SAMPLE pid 0x4b29 n 0x38 thread 0x1303 thread 0x1303 state-kr 0x0 pc 0x900bc3fc leaf poll+0xc frames: 0x900bc3fc 0x14bc44 0x2fac62b 0x30145f1 0x90023d67
  15.601 TIGER-SAMPLE pid 0x4b29 n 0x38 thread 0x2507 thread 0x2507 state-kr 0x0 pc 0x90024407 leaf semaphore_wait_signal_trap+0x7 frames: 0x90024407 0x34e1e 0x90023d67
  15.601 TIGER-SAMPLE pid 0x4b29 n 0x38 thread 0x2703 thread 0x2703 state-kr 0x0 pc 0x90024407 leaf semaphore_wait_signal_trap+0x7 frames: 0x90024407 0x34e1e 0x90023d67
  15.601 TIGER-SAMPLE pid 0x4b29 n 0x38 thread 0x2903 thread 0x2903 state-kr 0x0 pc 0x90024407 leaf semaphore_wait_signal_trap+0x7 frames: 0x90024407 0x34e1e 0x90023d67
  15.602 TIGER-SAMPLE pid 0x4b29 n 0x38 thread 0x2b03 thread 0x2b03 state-kr 0x0 pc 0x90024407 leaf semaphore_wait_signal_trap+0x7 frames: 0x90024407 0x34e1e 0x90023d67
  15.602 TIGER-SAMPLE pid 0x4b29 n 0x38 thread 0x2f07 thread 0x2f07 state-kr 0x0 pc 0x90019d0c leaf select+0xc frames: 0x90019d0c 0x14c115 0x13f348 0x2fac62b 0x30145f1 0x90023d67
  15.612 TIGER-SAMPLE pid 0x4b24 n 0x3c main 0x117 thread 0x117 state-kr 0x0 pc 0x90009817 leaf mach_msg_trap+0x7 frames: 0x90009817 0x9082d227 0x9082ca42 0x92e06878 0x92e05f82 0x92e05dd9 0x9328cf45 0x9328cb37 0x932868c4 0xc50a 0x8752 0x8679 0x5
  15.612 TIGER-SAMPLE pid 0x4b24 n 0x3c thread 0x1203 thread 0x1203 state-kr 0x0 pc 0x90009817 leaf mach_msg_trap+0x7 frames: 0x90009817 0x2d3fd8 0x90023d67
  15.612 TIGER-SAMPLE pid 0x4b24 n 0x3c thread 0x3207 thread 0x3207 state-kr 0x0 pc 0x90024407 leaf semaphore_wait_signal_trap+0x7 frames: 0x90024407 0x3af7e 0x90023d67
  15.612 TIGER-SAMPLE pid 0x4b24 n 0x3c thread 0x3403 thread 0x3403 state-kr 0x0 pc 0x90024407 leaf semaphore_wait_signal_trap+0x7 frames: 0x90024407 0x3af7e 0x90023d67
  15.612 TIGER-SAMPLE pid 0x4b24 n 0x3c thread 0x5603 thread 0x5603 state-kr 0x0 pc 0x90024407 leaf semaphore_wait_signal_trap+0x7 frames: 0x90024407 0x3af7e 0x90023d67
  15.613 TIGER-SAMPLE pid 0x4b24 n 0x3c thread 0x5903 thread 0x5903 state-kr 0x0 pc 0x900bc3fc leaf poll+0xc frames: 0x900bc3fc 0x2d6a64 0x313ae8b 0x31a40a1 0x90023d67
  15.613 TIGER-SAMPLE pid 0x4b24 n 0x3c thread 0x5a03 thread 0x5a03 state-kr 0x0 pc 0x90024407 leaf semaphore_wait_signal_trap+0x7 frames: 0x90024407 0x3af7e 0x90023d67
  15.613 TIGER-SAMPLE pid 0x4b24 n 0x3c thread 0x5807 thread 0x5807 state-kr 0x0 pc 0x900bc3fc leaf poll+0xc frames: 0x900bc3fc 0x2d6a64 0x313ae8b 0x31a40a1 0x90023d67
  15.828 TIGER-SAMPLE pid 0x4b28 n 0x3b main 0xd03 thread 0xd03 state-kr 0x0 pc 0x10ae0ce22 leaf __semwait_signal+0xa frames: 0x10ae0ce22 0x1040c7625 0x103ff81b2 0x1040ca799 0x1040c9886 0x1040c9469 0x10004a77b 0x100001b4c 0x100001a61 0x3
  15.828 TIGER-SAMPLE pid 0x4b28 n 0x3b thread 0xf03 thread 0xf03 state-kr 0x0 pc 0x10ae56e4e leaf mach_msg_trap+0xa frames: 0x10ae56e4e 0x100328062 0x10ae08e9e
  15.829 TIGER-SAMPLE pid 0x4b28 n 0x3b thread 0x1103 thread 0x1103 state-kr 0x0 pc 0x10ae0ce22 leaf __semwait_signal+0xa frames: 0x10ae0ce22 0x1040c7625 0x103ff81b2 0x1040ca799 0x1040c9886 0x1040c9469 0x10405e84e 0x1040c7049 0x10ae08e9e
  15.829 TIGER-SAMPLE pid 0x4b28 n 0x3b thread 0x2303 thread 0x2303 state-kr 0x0 pc 0x10adbd7e6 leaf poll+0xa frames: 0x10adbd7e6 0x10405e84e 0x1040c7049 0x10ae08e9e
  15.829 TIGER-SAMPLE pid 0x4b28 n 0x3b thread 0x2407 thread 0x2407 state-kr 0x0 pc 0x10ae0ce22 leaf __semwait_signal+0xa frames: 0x10ae0ce22 0x1040c7625 0x103ff81b2 0x1040ca799 0x1040c9886 0x1040c9469 0x10405e84e 0x1040c7049 0x10ae08e9e
  15.829 TIGER-SAMPLE pid 0x4b28 n 0x3b thread 0x2503 thread 0x2503 state-kr 0x0 pc 0x10ae0ce22 leaf __semwait_signal+0xa frames: 0x10ae0ce22 0x1040c7625 0x103ff81b2 0x1040ca799 0x1040c9886 0x1040c9469 0x10405e84e 0x1040c7049 0x10ae08e9e
  15.829 TIGER-SAMPLE pid 0x4b28 n 0x3b thread 0x2603 thread 0x2603 state-kr 0x0 pc 0x10ae0ce22 leaf __semwait_signal+0xa frames: 0x10ae0ce22 0x1040c7625 0x103ff81b2 0x1040ca799 0x1040c9886 0x1040c9469 0x10405e84e 0x1040c7049 0x10ae08e9e
  15.829 TIGER-SAMPLE pid 0x4b28 n 0x3b thread 0x2703 thread 0x2703 state-kr 0x0 pc 0x10ae0ce22 leaf __semwait_signal+0xa frames: 0x10ae0ce22 0x1040c7625 0x103ff81b2 0x1040ca799 0x1040c9886 0x1040c9469 0x10405e84e 0x1040c7049 0x10ae08e9e
  15.830 TIGER-SAMPLE pid 0x4b28 n 0x3b thread 0x2c03 thread 0x2c03 state-kr 0x0 pc 0x10adbd7e6 leaf poll+0xa frames: 0x10adbd7e6 0x1043c3427 0x1043c35ea 0x101f33797 0x101f3f561 0x10405e84e 0x1040c7049 0x10ae08e9e
  15.830 TIGER-SAMPLE pid 0x4b28 n 0x3b thread 0x2e0f thread 0x2e0f state-kr 0x0 pc 0x10ae0ce22 leaf __semwait_signal+0xa frames: 0x10ae0ce22 0x1040c7625 0x103ff81b2 0x1040ca799 0x1040c9886 0x1040c9469 0x10405e84e 0x1040c7049 0x10ae08e9e
  15.852 TIGER-SAMPLE pid 0x4b29 n 0x39 main 0xd03 thread 0xd03 state-kr 0x0 pc 0x90009817 leaf mach_msg_trap+0x7 frames: 0x90009817 0x9082d227 0x9083e100 0x300d9e7 0x4497f 0x83d4 0x83a2 0x82c9 0x3
  15.853 TIGER-SAMPLE pid 0x4b29 n 0x39 thread 0x1103 thread 0x1103 state-kr 0x0 pc 0x90009817 leaf mach_msg_trap+0x7 frames: 0x90009817 0x148f48 0x90023d67
  15.853 TIGER-SAMPLE pid 0x4b29 n 0x39 thread 0x1303 thread 0x1303 state-kr 0x0 pc 0x900bc3fc leaf poll+0xc frames: 0x900bc3fc 0x14bc44 0x2fac62b 0x30145f1 0x90023d67
  15.853 TIGER-SAMPLE pid 0x4b29 n 0x39 thread 0x2507 thread 0x2507 state-kr 0x0 pc 0x90024407 leaf semaphore_wait_signal_trap+0x7 frames: 0x90024407 0x34e1e 0x90023d67
  15.853 TIGER-SAMPLE pid 0x4b29 n 0x39 thread 0x2703 thread 0x2703 state-kr 0x0 pc 0x90024407 leaf semaphore_wait_signal_trap+0x7 frames: 0x90024407 0x34e1e 0x90023d67
  15.854 TIGER-SAMPLE pid 0x4b29 n 0x39 thread 0x2903 thread 0x2903 state-kr 0x0 pc 0x90024407 leaf semaphore_wait_signal_trap+0x7 frames: 0x90024407 0x34e1e 0x90023d67
  15.854 TIGER-SAMPLE pid 0x4b29 n 0x39 thread 0x2b03 thread 0x2b03 state-kr 0x0 pc 0x90024407 leaf semaphore_wait_signal_trap+0x7 frames: 0x90024407 0x34e1e 0x90023d67
  15.854 TIGER-SAMPLE pid 0x4b29 n 0x39 thread 0x2f07 thread 0x2f07 state-kr 0x0 pc 0x90019d0c leaf select+0xc frames: 0x90019d0c 0x14c115 0x13f348 0x2fac62b 0x30145f1 0x90023d67
  15.864 TIGER-SAMPLE pid 0x4b24 n 0x3d main 0x117 thread 0x117 state-kr 0x0 pc 0x90009817 leaf mach_msg_trap+0x7 frames: 0x90009817 0x9082d227 0x9082ca42 0x92e06878 0x92e05f82 0x92e05dd9 0x9328cf45 0x9328cb37 0x932868c4 0xc50a 0x8752 0x8679 0x5
  15.864 TIGER-SAMPLE pid 0x4b24 n 0x3d thread 0x1203 thread 0x1203 state-kr 0x0 pc 0x90009817 leaf mach_msg_trap+0x7 frames: 0x90009817 0x2d3fd8 0x90023d67
  15.864 TIGER-SAMPLE pid 0x4b24 n 0x3d thread 0x3207 thread 0x3207 state-kr 0x0 pc 0x90024407 leaf semaphore_wait_signal_trap+0x7 frames: 0x90024407 0x3af7e 0x90023d67
  15.865 TIGER-SAMPLE pid 0x4b24 n 0x3d thread 0x3403 thread 0x3403 state-kr 0x0 pc 0x90024407 leaf semaphore_wait_signal_trap+0x7 frames: 0x90024407 0x3af7e 0x90023d67
  15.865 TIGER-SAMPLE pid 0x4b24 n 0x3d thread 0x5603 thread 0x5603 state-kr 0x0 pc 0x90024407 leaf semaphore_wait_signal_trap+0x7 frames: 0x90024407 0x3af7e 0x90023d67
  15.865 TIGER-SAMPLE pid 0x4b24 n 0x3d thread 0x5903 thread 0x5903 state-kr 0x0 pc 0x900bc3fc leaf poll+0xc frames: 0x900bc3fc 0x2d6a64 0x313ae8b 0x31a40a1 0x90023d67
  15.865 TIGER-SAMPLE pid 0x4b24 n 0x3d thread 0x5a03 thread 0x5a03 state-kr 0x0 pc 0x90024407 leaf semaphore_wait_signal_trap+0x7 frames: 0x90024407 0x3af7e 0x90023d67
  15.865 TIGER-SAMPLE pid 0x4b24 n 0x3d thread 0x5807 thread 0x5807 state-kr 0x0 pc 0x900bc3fc leaf poll+0xc frames: 0x900bc3fc 0x2d6a64 0x313ae8b 0x31a40a1 0x90023d67
  16.080 TIGER-SAMPLE pid 0x4b28 n 0x3c main 0xd03 thread 0xd03 state-kr 0x0 pc 0x10ae0ce22 leaf __semwait_signal+0xa frames: 0x10ae0ce22 0x1040c7625 0x103ff81b2 0x1040ca799 0x1040c9886 0x1040c9469 0x10004a77b 0x100001b4c 0x100001a61 0x3
  16.080 TIGER-SAMPLE pid 0x4b28 n 0x3c thread 0xf03 thread 0xf03 state-kr 0x0 pc 0x10ae56e4e leaf mach_msg_trap+0xa frames: 0x10ae56e4e 0x100328062 0x10ae08e9e
  16.080 TIGER-SAMPLE pid 0x4b28 n 0x3c thread 0x1103 thread 0x1103 state-kr 0x0 pc 0x10ae0ce22 leaf __semwait_signal+0xa frames: 0x10ae0ce22 0x1040c7625 0x103ff81b2 0x1040ca799 0x1040c9886 0x1040c9469 0x10405e84e 0x1040c7049 0x10ae08e9e
  16.081 TIGER-SAMPLE pid 0x4b28 n 0x3c thread 0x2303 thread 0x2303 state-kr 0x0 pc 0x10adbd7e6 leaf poll+0xa frames: 0x10adbd7e6 0x10405e84e 0x1040c7049 0x10ae08e9e
  16.081 TIGER-SAMPLE pid 0x4b28 n 0x3c thread 0x2407 thread 0x2407 state-kr 0x0 pc 0x10ae0ce22 leaf __semwait_signal+0xa frames: 0x10ae0ce22 0x1040c7625 0x103ff81b2 0x1040ca799 0x1040c9886 0x1040c9469 0x10405e84e 0x1040c7049 0x10ae08e9e
  16.081 TIGER-SAMPLE pid 0x4b28 n 0x3c thread 0x2503 thread 0x2503 state-kr 0x0 pc 0x10ae0ce22 leaf __semwait_signal+0xa frames: 0x10ae0ce22 0x1040c7625 0x103ff81b2 0x1040ca799 0x1040c9886 0x1040c9469 0x10405e84e 0x1040c7049 0x10ae08e9e
  16.081 TIGER-SAMPLE pid 0x4b28 n 0x3c thread 0x2603 thread 0x2603 state-kr 0x0 pc 0x10ae0ce22 leaf __semwait_signal+0xa frames: 0x10ae0ce22 0x1040c7625 0x103ff81b2 0x1040ca799 0x1040c9886 0x1040c9469 0x10405e84e 0x1040c7049 0x10ae08e9e
  16.081 TIGER-SAMPLE pid 0x4b28 n 0x3c thread 0x2703 thread 0x2703 state-kr 0x0 pc 0x10ae0ce22 leaf __semwait_signal+0xa frames: 0x10ae0ce22 0x1040c7625 0x103ff81b2 0x1040ca799 0x1040c9886 0x1040c9469 0x10405e84e 0x1040c7049 0x10ae08e9e
  16.081 TIGER-SAMPLE pid 0x4b28 n 0x3c thread 0x2c03 thread 0x2c03 state-kr 0x0 pc 0x10adbd7e6 leaf poll+0xa frames: 0x10adbd7e6 0x1043c3427 0x1043c35ea 0x101f33797 0x101f3f561 0x10405e84e 0x1040c7049 0x10ae08e9e
  16.082 TIGER-SAMPLE pid 0x4b28 n 0x3c thread 0x2e0f thread 0x2e0f state-kr 0x0 pc 0x10ae0ce22 leaf __semwait_signal+0xa frames: 0x10ae0ce22 0x1040c7625 0x103ff81b2 0x1040ca799 0x1040c9886 0x1040c9469 0x10405e84e 0x1040c7049 0x10ae08e9e
  16.105 TIGER-SAMPLE pid 0x4b29 n 0x3a main 0xd03 thread 0xd03 state-kr 0x0 pc 0x90009817 leaf mach_msg_trap+0x7 frames: 0x90009817 0x9082d227 0x9083e100 0x300d9e7 0x4497f 0x83d4 0x83a2 0x82c9 0x3
  16.105 TIGER-SAMPLE pid 0x4b29 n 0x3a thread 0x1103 thread 0x1103 state-kr 0x0 pc 0x90009817 leaf mach_msg_trap+0x7 frames: 0x90009817 0x148f48 0x90023d67
  16.105 TIGER-SAMPLE pid 0x4b29 n 0x3a thread 0x1303 thread 0x1303 state-kr 0x0 pc 0x900bc3fc leaf poll+0xc frames: 0x900bc3fc 0x14bc44 0x2fac62b 0x30145f1 0x90023d67
  16.105 TIGER-SAMPLE pid 0x4b29 n 0x3a thread 0x2507 thread 0x2507 state-kr 0x0 pc 0x90024407 leaf semaphore_wait_signal_trap+0x7 frames: 0x90024407 0x34e1e 0x90023d67
  16.106 TIGER-SAMPLE pid 0x4b29 n 0x3a thread 0x2703 thread 0x2703 state-kr 0x0 pc 0x90024407 leaf semaphore_wait_signal_trap+0x7 frames: 0x90024407 0x34e1e 0x90023d67
  16.106 TIGER-SAMPLE pid 0x4b29 n 0x3a thread 0x2903 thread 0x2903 state-kr 0x0 pc 0x90024407 leaf semaphore_wait_signal_trap+0x7 frames: 0x90024407 0x34e1e 0x90023d67
  16.106 TIGER-SAMPLE pid 0x4b29 n 0x3a thread 0x2b03 thread 0x2b03 state-kr 0x0 pc 0x90024407 leaf semaphore_wait_signal_trap+0x7 frames: 0x90024407 0x34e1e 0x90023d67
  16.106 TIGER-SAMPLE pid 0x4b29 n 0x3a thread 0x2f07 thread 0x2f07 state-kr 0x0 pc 0x90019d0c leaf select+0xc frames: 0x90019d0c 0x14c115 0x13f348 0x2fac62b 0x30145f1 0x90023d67
  16.116 TIGER-SAMPLE pid 0x4b24 n 0x3e main 0x117 thread 0x117 state-kr 0x0 pc 0x90009817 leaf mach_msg_trap+0x7 frames: 0x90009817 0x9082d227 0x9082ca42 0x92e06878 0x92e05f82 0x92e05dd9 0x9328cf45 0x9328cb37 0x932868c4 0xc50a 0x8752 0x8679 0x5
  16.116 TIGER-SAMPLE pid 0x4b24 n 0x3e thread 0x1203 thread 0x1203 state-kr 0x0 pc 0x90009817 leaf mach_msg_trap+0x7 frames: 0x90009817 0x2d3fd8 0x90023d67
  16.117 TIGER-SAMPLE pid 0x4b24 n 0x3e thread 0x3207 thread 0x3207 state-kr 0x0 pc 0x90024407 leaf semaphore_wait_signal_trap+0x7 frames: 0x90024407 0x3af7e 0x90023d67
  16.117 TIGER-SAMPLE pid 0x4b24 n 0x3e thread 0x3403 thread 0x3403 state-kr 0x0 pc 0x90024407 leaf semaphore_wait_signal_trap+0x7 frames: 0x90024407 0x3af7e 0x90023d67
  16.117 TIGER-SAMPLE pid 0x4b24 n 0x3e thread 0x5603 thread 0x5603 state-kr 0x0 pc 0x90024407 leaf semaphore_wait_signal_trap+0x7 frames: 0x90024407 0x3af7e 0x90023d67
  16.117 TIGER-SAMPLE pid 0x4b24 n 0x3e thread 0x5903 thread 0x5903 state-kr 0x0 pc 0x900bc3fc leaf poll+0xc frames: 0x900bc3fc 0x2d6a64 0x313ae8b 0x31a40a1 0x90023d67
  16.117 TIGER-SAMPLE pid 0x4b24 n 0x3e thread 0x5a03 thread 0x5a03 state-kr 0x0 pc 0x90024407 leaf semaphore_wait_signal_trap+0x7 frames: 0x90024407 0x3af7e 0x90023d67
  16.118 TIGER-SAMPLE pid 0x4b24 n 0x3e thread 0x5807 thread 0x5807 state-kr 0x0 pc 0x900bc3fc leaf poll+0xc frames: 0x900bc3fc 0x2d6a64 0x313ae8b 0x31a40a1 0x90023d67
  16.332 TIGER-SAMPLE pid 0x4b28 n 0x3d main 0xd03 thread 0xd03 state-kr 0x0 pc 0x10ae0ce22 leaf __semwait_signal+0xa frames: 0x10ae0ce22 0x1040c7625 0x103ff81b2 0x1040ca799 0x1040c9886 0x1040c9469 0x10004a77b 0x100001b4c 0x100001a61 0x3
  16.332 TIGER-SAMPLE pid 0x4b28 n 0x3d thread 0xf03 thread 0xf03 state-kr 0x0 pc 0x10ae56e4e leaf mach_msg_trap+0xa frames: 0x10ae56e4e 0x100328062 0x10ae08e9e
  16.332 TIGER-SAMPLE pid 0x4b28 n 0x3d thread 0x1103 thread 0x1103 state-kr 0x0 pc 0x10ae0ce22 leaf __semwait_signal+0xa frames: 0x10ae0ce22 0x1040c7625 0x103ff81b2 0x1040ca799 0x1040c9886 0x1040c9469 0x10405e84e 0x1040c7049 0x10ae08e9e
  16.332 TIGER-SAMPLE pid 0x4b28 n 0x3d thread 0x2303 thread 0x2303 state-kr 0x0 pc 0x10adbd7e6 leaf poll+0xa frames: 0x10adbd7e6 0x10405e84e 0x1040c7049 0x10ae08e9e
  16.333 TIGER-SAMPLE pid 0x4b28 n 0x3d thread 0x2407 thread 0x2407 state-kr 0x0 pc 0x10ae0ce22 leaf __semwait_signal+0xa frames: 0x10ae0ce22 0x1040c7625 0x103ff81b2 0x1040ca799 0x1040c9886 0x1040c9469 0x10405e84e 0x1040c7049 0x10ae08e9e
  16.333 TIGER-SAMPLE pid 0x4b28 n 0x3d thread 0x2503 thread 0x2503 state-kr 0x0 pc 0x10ae0ce22 leaf __semwait_signal+0xa frames: 0x10ae0ce22 0x1040c7625 0x103ff81b2 0x1040ca799 0x1040c9886 0x1040c9469 0x10405e84e 0x1040c7049 0x10ae08e9e
  16.333 TIGER-SAMPLE pid 0x4b28 n 0x3d thread 0x2603 thread 0x2603 state-kr 0x0 pc 0x10ae0ce22 leaf __semwait_signal+0xa frames: 0x10ae0ce22 0x1040c7625 0x103ff81b2 0x1040ca799 0x1040c9886 0x1040c9469 0x10405e84e 0x1040c7049 0x10ae08e9e
  16.333 TIGER-SAMPLE pid 0x4b28 n 0x3d thread 0x2703 thread 0x2703 state-kr 0x0 pc 0x10ae0ce22 leaf __semwait_signal+0xa frames: 0x10ae0ce22 0x1040c7625 0x103ff81b2 0x1040ca799 0x1040c9886 0x1040c9469 0x10405e84e 0x1040c7049 0x10ae08e9e
  16.333 TIGER-SAMPLE pid 0x4b28 n 0x3d thread 0x2c03 thread 0x2c03 state-kr 0x0 pc 0x10adbd7e6 leaf poll+0xa frames: 0x10adbd7e6 0x1043c3427 0x1043c35ea 0x101f33797 0x101f3f561 0x10405e84e 0x1040c7049 0x10ae08e9e
  16.333 TIGER-SAMPLE pid 0x4b28 n 0x3d thread 0x2e0f thread 0x2e0f state-kr 0x0 pc 0x10ae0ce22 leaf __semwait_signal+0xa frames: 0x10ae0ce22 0x1040c7625 0x103ff81b2 0x1040ca799 0x1040c9886 0x1040c9469 0x10405e84e 0x1040c7049 0x10ae08e9e
  16.357 TIGER-SAMPLE pid 0x4b29 n 0x3b main 0xd03 thread 0xd03 state-kr 0x0 pc 0x90009817 leaf mach_msg_trap+0x7 frames: 0x90009817 0x9082d227 0x9083e100 0x300d9e7 0x4497f 0x83d4 0x83a2 0x82c9 0x3
  16.357 TIGER-SAMPLE pid 0x4b29 n 0x3b thread 0x1103 thread 0x1103 state-kr 0x0 pc 0x90009817 leaf mach_msg_trap+0x7 frames: 0x90009817 0x148f48 0x90023d67
  16.357 TIGER-SAMPLE pid 0x4b29 n 0x3b thread 0x1303 thread 0x1303 state-kr 0x0 pc 0x900bc3fc leaf poll+0xc frames: 0x900bc3fc 0x14bc44 0x2fac62b 0x30145f1 0x90023d67
  16.358 TIGER-SAMPLE pid 0x4b29 n 0x3b thread 0x2507 thread 0x2507 state-kr 0x0 pc 0x90024407 leaf semaphore_wait_signal_trap+0x7 frames: 0x90024407 0x34e1e 0x90023d67
  16.358 TIGER-SAMPLE pid 0x4b29 n 0x3b thread 0x2703 thread 0x2703 state-kr 0x0 pc 0x90024407 leaf semaphore_wait_signal_trap+0x7 frames: 0x90024407 0x34e1e 0x90023d67
  16.358 TIGER-SAMPLE pid 0x4b29 n 0x3b thread 0x2903 thread 0x2903 state-kr 0x0 pc 0x90024407 leaf semaphore_wait_signal_trap+0x7 frames: 0x90024407 0x34e1e 0x90023d67
  16.358 TIGER-SAMPLE pid 0x4b29 n 0x3b thread 0x2b03 thread 0x2b03 state-kr 0x0 pc 0x90024407 leaf semaphore_wait_signal_trap+0x7 frames: 0x90024407 0x34e1e 0x90023d67
  16.359 TIGER-SAMPLE pid 0x4b29 n 0x3b thread 0x2f07 thread 0x2f07 state-kr 0x0 pc 0x90019d0c leaf select+0xc frames: 0x90019d0c 0x14c115 0x13f348 0x2fac62b 0x30145f1 0x90023d67
  16.368 TIGER-SAMPLE pid 0x4b24 n 0x3f main 0x117 thread 0x117 state-kr 0x0 pc 0x90009817 leaf mach_msg_trap+0x7 frames: 0x90009817 0x9082d227 0x9082ca42 0x92e06878 0x92e05f82 0x92e05dd9 0x9328cf45 0x9328cb37 0x932868c4 0xc50a 0x8752 0x8679 0x5
  16.369 TIGER-SAMPLE pid 0x4b24 n 0x3f thread 0x1203 thread 0x1203 state-kr 0x0 pc 0x90009817 leaf mach_msg_trap+0x7 frames: 0x90009817 0x2d3fd8 0x90023d67
  16.369 TIGER-SAMPLE pid 0x4b24 n 0x3f thread 0x3207 thread 0x3207 state-kr 0x0 pc 0x90024407 leaf semaphore_wait_signal_trap+0x7 frames: 0x90024407 0x3af7e 0x90023d67
  16.369 TIGER-SAMPLE pid 0x4b24 n 0x3f thread 0x3403 thread 0x3403 state-kr 0x0 pc 0x90024407 leaf semaphore_wait_signal_trap+0x7 frames: 0x90024407 0x3af7e 0x90023d67
  16.369 TIGER-SAMPLE pid 0x4b24 n 0x3f thread 0x5603 thread 0x5603 state-kr 0x0 pc 0x90024407 leaf semaphore_wait_signal_trap+0x7 frames: 0x90024407 0x3af7e 0x90023d67
  16.370 TIGER-SAMPLE pid 0x4b24 n 0x3f thread 0x5903 thread 0x5903 state-kr 0x0 pc 0x900bc3fc leaf poll+0xc frames: 0x900bc3fc 0x2d6a64 0x313ae8b 0x31a40a1 0x90023d67
  16.370 TIGER-SAMPLE pid 0x4b24 n 0x3f thread 0x5a03 thread 0x5a03 state-kr 0x0 pc 0x90024407 leaf semaphore_wait_signal_trap+0x7 frames: 0x90024407 0x3af7e 0x90023d67
  16.370 TIGER-SAMPLE pid 0x4b24 n 0x3f thread 0x5807 thread 0x5807 state-kr 0x0 pc 0x900bc3fc leaf poll+0xc frames: 0x900bc3fc 0x2d6a64 0x313ae8b 0x31a40a1 0x90023d67
  16.584 TIGER-SAMPLE pid 0x4b28 n 0x3e main 0xd03 thread 0xd03 state-kr 0x0 pc 0x10ae0ce22 leaf __semwait_signal+0xa frames: 0x10ae0ce22 0x1040c7625 0x103ff81b2 0x1040ca799 0x1040c9886 0x1040c9469 0x10004a77b 0x100001b4c 0x100001a61 0x3
  16.584 TIGER-SAMPLE pid 0x4b28 n 0x3e thread 0xf03 thread 0xf03 state-kr 0x0 pc 0x10ae56e4e leaf mach_msg_trap+0xa frames: 0x10ae56e4e 0x100328062 0x10ae08e9e
  16.584 TIGER-SAMPLE pid 0x4b28 n 0x3e thread 0x1103 thread 0x1103 state-kr 0x0 pc 0x10ae0ce22 leaf __semwait_signal+0xa frames: 0x10ae0ce22 0x1040c7625 0x103ff81b2 0x1040ca799 0x1040c9886 0x1040c9469 0x10405e84e 0x1040c7049 0x10ae08e9e
  16.584 TIGER-SAMPLE pid 0x4b28 n 0x3e thread 0x2303 thread 0x2303 state-kr 0x0 pc 0x10adbd7e6 leaf poll+0xa frames: 0x10adbd7e6 0x10405e84e 0x1040c7049 0x10ae08e9e
  16.584 TIGER-SAMPLE pid 0x4b28 n 0x3e thread 0x2407 thread 0x2407 state-kr 0x0 pc 0x10ae0ce22 leaf __semwait_signal+0xa frames: 0x10ae0ce22 0x1040c7625 0x103ff81b2 0x1040ca799 0x1040c9886 0x1040c9469 0x10405e84e 0x1040c7049 0x10ae08e9e
  16.585 TIGER-SAMPLE pid 0x4b28 n 0x3e thread 0x2503 thread 0x2503 state-kr 0x0 pc 0x10ae0ce22 leaf __semwait_signal+0xa frames: 0x10ae0ce22 0x1040c7625 0x103ff81b2 0x1040ca799 0x1040c9886 0x1040c9469 0x10405e84e 0x1040c7049 0x10ae08e9e
  16.585 TIGER-SAMPLE pid 0x4b28 n 0x3e thread 0x2603 thread 0x2603 state-kr 0x0 pc 0x10ae0ce22 leaf __semwait_signal+0xa frames: 0x10ae0ce22 0x1040c7625 0x103ff81b2 0x1040ca799 0x1040c9886 0x1040c9469 0x10405e84e 0x1040c7049 0x10ae08e9e
  16.585 TIGER-SAMPLE pid 0x4b28 n 0x3e thread 0x2703 thread 0x2703 state-kr 0x0 pc 0x10ae0ce22 leaf __semwait_signal+0xa frames: 0x10ae0ce22 0x1040c7625 0x103ff81b2 0x1040ca799 0x1040c9886 0x1040c9469 0x10405e84e 0x1040c7049 0x10ae08e9e
  16.585 TIGER-SAMPLE pid 0x4b28 n 0x3e thread 0x2c03 thread 0x2c03 state-kr 0x0 pc 0x10adbd7e6 leaf poll+0xa frames: 0x10adbd7e6 0x1043c3427 0x1043c35ea 0x101f33797 0x101f3f561 0x10405e84e 0x1040c7049 0x10ae08e9e
  16.585 TIGER-SAMPLE pid 0x4b28 n 0x3e thread 0x2e0f thread 0x2e0f state-kr 0x0 pc 0x10ae0ce22 leaf __semwait_signal+0xa frames: 0x10ae0ce22 0x1040c7625 0x103ff81b2 0x1040ca799 0x1040c9886 0x1040c9469 0x10405e84e 0x1040c7049 0x10ae08e9e
  16.609 TIGER-SAMPLE pid 0x4b29 n 0x3c main 0xd03 thread 0xd03 state-kr 0x0 pc 0x90009817 leaf mach_msg_trap+0x7 frames: 0x90009817 0x9082d227 0x9083e100 0x300d9e7 0x4497f 0x83d4 0x83a2 0x82c9 0x3
  16.609 TIGER-SAMPLE pid 0x4b29 n 0x3c thread 0x1103 thread 0x1103 state-kr 0x0 pc 0x90009817 leaf mach_msg_trap+0x7 frames: 0x90009817 0x148f48 0x90023d67
  16.610 TIGER-SAMPLE pid 0x4b29 n 0x3c thread 0x1303 thread 0x1303 state-kr 0x0 pc 0x900bc3fc leaf poll+0xc frames: 0x900bc3fc 0x14bc44 0x2fac62b 0x30145f1 0x90023d67
  16.610 TIGER-SAMPLE pid 0x4b29 n 0x3c thread 0x2507 thread 0x2507 state-kr 0x0 pc 0x90024407 leaf semaphore_wait_signal_trap+0x7 frames: 0x90024407 0x34e1e 0x90023d67
  16.610 TIGER-SAMPLE pid 0x4b29 n 0x3c thread 0x2703 thread 0x2703 state-kr 0x0 pc 0x90024407 leaf semaphore_wait_signal_trap+0x7 frames: 0x90024407 0x34e1e 0x90023d67
  16.610 TIGER-SAMPLE pid 0x4b29 n 0x3c thread 0x2903 thread 0x2903 state-kr 0x0 pc 0x90024407 leaf semaphore_wait_signal_trap+0x7 frames: 0x90024407 0x34e1e 0x90023d67
  16.611 TIGER-SAMPLE pid 0x4b29 n 0x3c thread 0x2b03 thread 0x2b03 state-kr 0x0 pc 0x90024407 leaf semaphore_wait_signal_trap+0x7 frames: 0x90024407 0x34e1e 0x90023d67
  16.611 TIGER-SAMPLE pid 0x4b29 n 0x3c thread 0x2f07 thread 0x2f07 state-kr 0x0 pc 0x90019d0c leaf select+0xc frames: 0x90019d0c 0x14c115 0x13f348 0x2fac62b 0x30145f1 0x90023d67
  16.621 TIGER-SAMPLE pid 0x4b24 n 0x40 main 0x117 thread 0x117 state-kr 0x0 pc 0x90009817 leaf mach_msg_trap+0x7 frames: 0x90009817 0x9082d227 0x9082ca42 0x92e06878 0x92e05f82 0x92e05dd9 0x9328cf45 0x9328cb37 0x932868c4 0xc50a 0x8752 0x8679 0x5
  16.621 TIGER-SAMPLE pid 0x4b24 n 0x40 thread 0x1203 thread 0x1203 state-kr 0x0 pc 0x90009817 leaf mach_msg_trap+0x7 frames: 0x90009817 0x2d3fd8 0x90023d67
  16.621 TIGER-SAMPLE pid 0x4b24 n 0x40 thread 0x3207 thread 0x3207 state-kr 0x0 pc 0x90024407 leaf semaphore_wait_signal_trap+0x7 frames: 0x90024407 0x3af7e 0x90023d67
  16.622 TIGER-SAMPLE pid 0x4b24 n 0x40 thread 0x3403 thread 0x3403 state-kr 0x0 pc 0x90024407 leaf semaphore_wait_signal_trap+0x7 frames: 0x90024407 0x3af7e 0x90023d67
  16.622 TIGER-SAMPLE pid 0x4b24 n 0x40 thread 0x5603 thread 0x5603 state-kr 0x0 pc 0x90024407 leaf semaphore_wait_signal_trap+0x7 frames: 0x90024407 0x3af7e 0x90023d67
  16.622 TIGER-SAMPLE pid 0x4b24 n 0x40 thread 0x5903 thread 0x5903 state-kr 0x0 pc 0x900bc3fc leaf poll+0xc frames: 0x900bc3fc 0x2d6a64 0x313ae8b 0x31a40a1 0x90023d67
  16.622 TIGER-SAMPLE pid 0x4b24 n 0x40 thread 0x5a03 thread 0x5a03 state-kr 0x0 pc 0x90024407 leaf semaphore_wait_signal_trap+0x7 frames: 0x90024407 0x3af7e 0x90023d67
  16.623 TIGER-SAMPLE pid 0x4b24 n 0x40 thread 0x5807 thread 0x5807 state-kr 0x0 pc 0x900bc3fc leaf poll+0xc frames: 0x900bc3fc 0x2d6a64 0x313ae8b 0x31a40a1 0x90023d67
  16.836 TIGER-SAMPLE pid 0x4b28 n 0x3f main 0xd03 thread 0xd03 state-kr 0x0 pc 0x10ae0ce22 leaf __semwait_signal+0xa frames: 0x10ae0ce22 0x1040c7625 0x103ff81b2 0x1040ca799 0x1040c9886 0x1040c9469 0x10004a77b 0x100001b4c 0x100001a61 0x3
  16.836 TIGER-SAMPLE pid 0x4b28 n 0x3f thread 0xf03 thread 0xf03 state-kr 0x0 pc 0x10ae56e4e leaf mach_msg_trap+0xa frames: 0x10ae56e4e 0x100328062 0x10ae08e9e
  16.836 TIGER-SAMPLE pid 0x4b28 n 0x3f thread 0x1103 thread 0x1103 state-kr 0x0 pc 0x10ae0ce22 leaf __semwait_signal+0xa frames: 0x10ae0ce22 0x1040c7625 0x103ff81b2 0x1040ca799 0x1040c9886 0x1040c9469 0x10405e84e 0x1040c7049 0x10ae08e9e
  16.836 TIGER-SAMPLE pid 0x4b28 n 0x3f thread 0x2303 thread 0x2303 state-kr 0x0 pc 0x10adbd7e6 leaf poll+0xa frames: 0x10adbd7e6 0x10405e84e 0x1040c7049 0x10ae08e9e
  16.836 TIGER-SAMPLE pid 0x4b28 n 0x3f thread 0x2407 thread 0x2407 state-kr 0x0 pc 0x10ae0ce22 leaf __semwait_signal+0xa frames: 0x10ae0ce22 0x1040c7625 0x103ff81b2 0x1040ca799 0x1040c9886 0x1040c9469 0x10405e84e 0x1040c7049 0x10ae08e9e
  16.836 TIGER-SAMPLE pid 0x4b28 n 0x3f thread 0x2503 thread 0x2503 state-kr 0x0 pc 0x10ae0ce22 leaf __semwait_signal+0xa frames: 0x10ae0ce22 0x1040c7625 0x103ff81b2 0x1040ca799 0x1040c9886 0x1040c9469 0x10405e84e 0x1040c7049 0x10ae08e9e
  16.837 TIGER-SAMPLE pid 0x4b28 n 0x3f thread 0x2603 thread 0x2603 state-kr 0x0 pc 0x10ae0ce22 leaf __semwait_signal+0xa frames: 0x10ae0ce22 0x1040c7625 0x103ff81b2 0x1040ca799 0x1040c9886 0x1040c9469 0x10405e84e 0x1040c7049 0x10ae08e9e
  16.837 TIGER-SAMPLE pid 0x4b28 n 0x3f thread 0x2703 thread 0x2703 state-kr 0x0 pc 0x10ae0ce22 leaf __semwait_signal+0xa frames: 0x10ae0ce22 0x1040c7625 0x103ff81b2 0x1040ca799 0x1040c9886 0x1040c9469 0x10405e84e 0x1040c7049 0x10ae08e9e
  16.837 TIGER-SAMPLE pid 0x4b28 n 0x3f thread 0x2c03 thread 0x2c03 state-kr 0x0 pc 0x10adbd7e6 leaf poll+0xa frames: 0x10adbd7e6 0x1043c3427 0x1043c35ea 0x101f33797 0x101f3f561 0x10405e84e 0x1040c7049 0x10ae08e9e
  16.837 TIGER-SAMPLE pid 0x4b28 n 0x3f thread 0x2e0f thread 0x2e0f state-kr 0x0 pc 0x10ae0ce22 leaf __semwait_signal+0xa frames: 0x10ae0ce22 0x1040c7625 0x103ff81b2 0x1040ca799 0x1040c9886 0x1040c9469 0x10405e84e 0x1040c7049 0x10ae08e9e
  16.861 TIGER-SAMPLE pid 0x4b29 n 0x3d main 0xd03 thread 0xd03 state-kr 0x0 pc 0x90009817 leaf mach_msg_trap+0x7 frames: 0x90009817 0x9082d227 0x9083e100 0x300d9e7 0x4497f 0x83d4 0x83a2 0x82c9 0x3
  16.862 TIGER-SAMPLE pid 0x4b29 n 0x3d thread 0x1103 thread 0x1103 state-kr 0x0 pc 0x90009817 leaf mach_msg_trap+0x7 frames: 0x90009817 0x148f48 0x90023d67
  16.862 TIGER-SAMPLE pid 0x4b29 n 0x3d thread 0x1303 thread 0x1303 state-kr 0x0 pc 0x900bc3fc leaf poll+0xc frames: 0x900bc3fc 0x14bc44 0x2fac62b 0x30145f1 0x90023d67
  16.862 TIGER-SAMPLE pid 0x4b29 n 0x3d thread 0x2507 thread 0x2507 state-kr 0x0 pc 0x90024407 leaf semaphore_wait_signal_trap+0x7 frames: 0x90024407 0x34e1e 0x90023d67
  16.862 TIGER-SAMPLE pid 0x4b29 n 0x3d thread 0x2703 thread 0x2703 state-kr 0x0 pc 0x90024407 leaf semaphore_wait_signal_trap+0x7 frames: 0x90024407 0x34e1e 0x90023d67
  16.862 TIGER-SAMPLE pid 0x4b29 n 0x3d thread 0x2903 thread 0x2903 state-kr 0x0 pc 0x90024407 leaf semaphore_wait_signal_trap+0x7 frames: 0x90024407 0x34e1e 0x90023d67
  16.863 TIGER-SAMPLE pid 0x4b29 n 0x3d thread 0x2b03 thread 0x2b03 state-kr 0x0 pc 0x90024407 leaf semaphore_wait_signal_trap+0x7 frames: 0x90024407 0x34e1e 0x90023d67
  16.863 TIGER-SAMPLE pid 0x4b29 n 0x3d thread 0x2f07 thread 0x2f07 state-kr 0x0 pc 0x90019d0c leaf select+0xc frames: 0x90019d0c 0x14c115 0x13f348 0x2fac62b 0x30145f1 0x90023d67
  16.873 TIGER-SAMPLE pid 0x4b24 n 0x41 main 0x117 thread 0x117 state-kr 0x0 pc 0x90009817 leaf mach_msg_trap+0x7 frames: 0x90009817 0x9082d227 0x9082ca42 0x92e06878 0x92e05f82 0x92e05dd9 0x9328cf45 0x9328cb37 0x932868c4 0xc50a 0x8752 0x8679 0x5
  16.873 TIGER-SAMPLE pid 0x4b24 n 0x41 thread 0x1203 thread 0x1203 state-kr 0x0 pc 0x90009817 leaf mach_msg_trap+0x7 frames: 0x90009817 0x2d3fd8 0x90023d67
  16.874 TIGER-SAMPLE pid 0x4b24 n 0x41 thread 0x3207 thread 0x3207 state-kr 0x0 pc 0x90024407 leaf semaphore_wait_signal_trap+0x7 frames: 0x90024407 0x3af7e 0x90023d67
  16.874 TIGER-SAMPLE pid 0x4b24 n 0x41 thread 0x3403 thread 0x3403 state-kr 0x0 pc 0x90024407 leaf semaphore_wait_signal_trap+0x7 frames: 0x90024407 0x3af7e 0x90023d67
  16.874 TIGER-SAMPLE pid 0x4b24 n 0x41 thread 0x5603 thread 0x5603 state-kr 0x0 pc 0x90024407 leaf semaphore_wait_signal_trap+0x7 frames: 0x90024407 0x3af7e 0x90023d67
  16.874 TIGER-SAMPLE pid 0x4b24 n 0x41 thread 0x5903 thread 0x5903 state-kr 0x0 pc 0x900bc3fc leaf poll+0xc frames: 0x900bc3fc 0x2d6a64 0x313ae8b 0x31a40a1 0x90023d67
  16.874 TIGER-SAMPLE pid 0x4b24 n 0x41 thread 0x5a03 thread 0x5a03 state-kr 0x0 pc 0x90024407 leaf semaphore_wait_signal_trap+0x7 frames: 0x90024407 0x3af7e 0x90023d67
  16.875 TIGER-SAMPLE pid 0x4b24 n 0x41 thread 0x5807 thread 0x5807 state-kr 0x0 pc 0x900bc3fc leaf poll+0xc frames: 0x900bc3fc 0x2d6a64 0x313ae8b 0x31a40a1 0x90023d67
  17.087 TIGER-SAMPLE pid 0x4b28 n 0x40 main 0xd03 thread 0xd03 state-kr 0x0 pc 0x10ae0ce22 leaf __semwait_signal+0xa frames: 0x10ae0ce22 0x1040c7625 0x103ff81b2 0x1040ca799 0x1040c9886 0x1040c9469 0x10004a77b 0x100001b4c 0x100001a61 0x3
  17.088 TIGER-SAMPLE pid 0x4b28 n 0x40 thread 0xf03 thread 0xf03 state-kr 0x0 pc 0x10ae56e4e leaf mach_msg_trap+0xa frames: 0x10ae56e4e 0x100328062 0x10ae08e9e
  17.088 TIGER-SAMPLE pid 0x4b28 n 0x40 thread 0x1103 thread 0x1103 state-kr 0x0 pc 0x10ae0ce22 leaf __semwait_signal+0xa frames: 0x10ae0ce22 0x1040c7625 0x103ff81b2 0x1040ca799 0x1040c9886 0x1040c9469 0x10405e84e 0x1040c7049 0x10ae08e9e
  17.088 TIGER-SAMPLE pid 0x4b28 n 0x40 thread 0x2303 thread 0x2303 state-kr 0x0 pc 0x10adbd7e6 leaf poll+0xa frames: 0x10adbd7e6 0x10405e84e 0x1040c7049 0x10ae08e9e
  17.088 TIGER-SAMPLE pid 0x4b28 n 0x40 thread 0x2407 thread 0x2407 state-kr 0x0 pc 0x10ae0ce22 leaf __semwait_signal+0xa frames: 0x10ae0ce22 0x1040c7625 0x103ff81b2 0x1040ca799 0x1040c9886 0x1040c9469 0x10405e84e 0x1040c7049 0x10ae08e9e
  17.088 TIGER-SAMPLE pid 0x4b28 n 0x40 thread 0x2503 thread 0x2503 state-kr 0x0 pc 0x10ae0ce22 leaf __semwait_signal+0xa frames: 0x10ae0ce22 0x1040c7625 0x103ff81b2 0x1040ca799 0x1040c9886 0x1040c9469 0x10405e84e 0x1040c7049 0x10ae08e9e
  17.088 TIGER-SAMPLE pid 0x4b28 n 0x40 thread 0x2603 thread 0x2603 state-kr 0x0 pc 0x10ae0ce22 leaf __semwait_signal+0xa frames: 0x10ae0ce22 0x1040c7625 0x103ff81b2 0x1040ca799 0x1040c9886 0x1040c9469 0x10405e84e 0x1040c7049 0x10ae08e9e
  17.088 TIGER-SAMPLE pid 0x4b28 n 0x40 thread 0x2703 thread 0x2703 state-kr 0x0 pc 0x10ae0ce22 leaf __semwait_signal+0xa frames: 0x10ae0ce22 0x1040c7625 0x103ff81b2 0x1040ca799 0x1040c9886 0x1040c9469 0x10405e84e 0x1040c7049 0x10ae08e9e
  17.089 TIGER-SAMPLE pid 0x4b28 n 0x40 thread 0x2c03 thread 0x2c03 state-kr 0x0 pc 0x10adbd7e6 leaf poll+0xa frames: 0x10adbd7e6 0x1043c3427 0x1043c35ea 0x101f33797 0x101f3f561 0x10405e84e 0x1040c7049 0x10ae08e9e
  17.089 TIGER-SAMPLE pid 0x4b28 n 0x40 thread 0x2e0f thread 0x2e0f state-kr 0x0 pc 0x10ae0ce22 leaf __semwait_signal+0xa frames: 0x10ae0ce22 0x1040c7625 0x103ff81b2 0x1040ca799 0x1040c9886 0x1040c9469 0x10405e84e 0x1040c7049 0x10ae08e9e
  17.114 TIGER-SAMPLE pid 0x4b29 n 0x3e main 0xd03 thread 0xd03 state-kr 0x0 pc 0x90009817 leaf mach_msg_trap+0x7 frames: 0x90009817 0x9082d227 0x9083e100 0x300d9e7 0x4497f 0x83d4 0x83a2 0x82c9 0x3
  17.114 TIGER-SAMPLE pid 0x4b29 n 0x3e thread 0x1103 thread 0x1103 state-kr 0x0 pc 0x90009817 leaf mach_msg_trap+0x7 frames: 0x90009817 0x148f48 0x90023d67
  17.114 TIGER-SAMPLE pid 0x4b29 n 0x3e thread 0x1303 thread 0x1303 state-kr 0x0 pc 0x900bc3fc leaf poll+0xc frames: 0x900bc3fc 0x14bc44 0x2fac62b 0x30145f1 0x90023d67
  17.114 TIGER-SAMPLE pid 0x4b29 n 0x3e thread 0x2507 thread 0x2507 state-kr 0x0 pc 0x90024407 leaf semaphore_wait_signal_trap+0x7 frames: 0x90024407 0x34e1e 0x90023d67
  17.115 TIGER-SAMPLE pid 0x4b29 n 0x3e thread 0x2703 thread 0x2703 state-kr 0x0 pc 0x90024407 leaf semaphore_wait_signal_trap+0x7 frames: 0x90024407 0x34e1e 0x90023d67
  17.115 TIGER-SAMPLE pid 0x4b29 n 0x3e thread 0x2903 thread 0x2903 state-kr 0x0 pc 0x90024407 leaf semaphore_wait_signal_trap+0x7 frames: 0x90024407 0x34e1e 0x90023d67
  17.115 TIGER-SAMPLE pid 0x4b29 n 0x3e thread 0x2b03 thread 0x2b03 state-kr 0x0 pc 0x90024407 leaf semaphore_wait_signal_trap+0x7 frames: 0x90024407 0x34e1e 0x90023d67
  17.115 TIGER-SAMPLE pid 0x4b29 n 0x3e thread 0x2f07 thread 0x2f07 state-kr 0x0 pc 0x90019d0c leaf select+0xc frames: 0x90019d0c 0x14c115 0x13f348 0x2fac62b 0x30145f1 0x90023d67
  17.125 TIGER-SAMPLE pid 0x4b24 n 0x42 main 0x117 thread 0x117 state-kr 0x0 pc 0x90009817 leaf mach_msg_trap+0x7 frames: 0x90009817 0x9082d227 0x9082ca42 0x92e06878 0x92e05f82 0x92e05dd9 0x9328cf45 0x9328cb37 0x932868c4 0xc50a 0x8752 0x8679 0x5
  17.126 TIGER-SAMPLE pid 0x4b24 n 0x42 thread 0x1203 thread 0x1203 state-kr 0x0 pc 0x90009817 leaf mach_msg_trap+0x7 frames: 0x90009817 0x2d3fd8 0x90023d67
  17.126 TIGER-SAMPLE pid 0x4b24 n 0x42 thread 0x3207 thread 0x3207 state-kr 0x0 pc 0x90024407 leaf semaphore_wait_signal_trap+0x7 frames: 0x90024407 0x3af7e 0x90023d67
  17.126 TIGER-SAMPLE pid 0x4b24 n 0x42 thread 0x3403 thread 0x3403 state-kr 0x0 pc 0x90024407 leaf semaphore_wait_signal_trap+0x7 frames: 0x90024407 0x3af7e 0x90023d67
  17.126 TIGER-SAMPLE pid 0x4b24 n 0x42 thread 0x5603 thread 0x5603 state-kr 0x0 pc 0x90024407 leaf semaphore_wait_signal_trap+0x7 frames: 0x90024407 0x3af7e 0x90023d67
  17.126 TIGER-SAMPLE pid 0x4b24 n 0x42 thread 0x5903 thread 0x5903 state-kr 0x0 pc 0x900bc3fc leaf poll+0xc frames: 0x900bc3fc 0x2d6a64 0x313ae8b 0x31a40a1 0x90023d67
  17.127 TIGER-SAMPLE pid 0x4b24 n 0x42 thread 0x5a03 thread 0x5a03 state-kr 0x0 pc 0x90024407 leaf semaphore_wait_signal_trap+0x7 frames: 0x90024407 0x3af7e 0x90023d67
  17.127 TIGER-SAMPLE pid 0x4b24 n 0x42 thread 0x5807 thread 0x5807 state-kr 0x0 pc 0x900bc3fc leaf poll+0xc frames: 0x900bc3fc 0x2d6a64 0x313ae8b 0x31a40a1 0x90023d67
  17.339 TIGER-SAMPLE pid 0x4b28 n 0x41 main 0xd03 thread 0xd03 state-kr 0x0 pc 0x10ae0ce22 leaf __semwait_signal+0xa frames: 0x10ae0ce22 0x1040c7625 0x103ff81b2 0x1040ca799 0x1040c9886 0x1040c9469 0x10004a77b 0x100001b4c 0x100001a61 0x3
  17.340 TIGER-SAMPLE pid 0x4b28 n 0x41 thread 0xf03 thread 0xf03 state-kr 0x0 pc 0x10ae56e4e leaf mach_msg_trap+0xa frames: 0x10ae56e4e 0x100328062 0x10ae08e9e
  17.340 TIGER-SAMPLE pid 0x4b28 n 0x41 thread 0x1103 thread 0x1103 state-kr 0x0 pc 0x10ae0ce22 leaf __semwait_signal+0xa frames: 0x10ae0ce22 0x1040c7625 0x103ff81b2 0x1040ca799 0x1040c9886 0x1040c9469 0x10405e84e 0x1040c7049 0x10ae08e9e
  17.340 TIGER-SAMPLE pid 0x4b28 n 0x41 thread 0x2303 thread 0x2303 state-kr 0x0 pc 0x10adbd7e6 leaf poll+0xa frames: 0x10adbd7e6 0x10405e84e 0x1040c7049 0x10ae08e9e
  17.340 TIGER-SAMPLE pid 0x4b28 n 0x41 thread 0x2407 thread 0x2407 state-kr 0x0 pc 0x10ae0ce22 leaf __semwait_signal+0xa frames: 0x10ae0ce22 0x1040c7625 0x103ff81b2 0x1040ca799 0x1040c9886 0x1040c9469 0x10405e84e 0x1040c7049 0x10ae08e9e
  17.340 TIGER-SAMPLE pid 0x4b28 n 0x41 thread 0x2503 thread 0x2503 state-kr 0x0 pc 0x10ae0ce22 leaf __semwait_signal+0xa frames: 0x10ae0ce22 0x1040c7625 0x103ff81b2 0x1040ca799 0x1040c9886 0x1040c9469 0x10405e84e 0x1040c7049 0x10ae08e9e
  17.340 TIGER-SAMPLE pid 0x4b28 n 0x41 thread 0x2603 thread 0x2603 state-kr 0x0 pc 0x10ae0ce22 leaf __semwait_signal+0xa frames: 0x10ae0ce22 0x1040c7625 0x103ff81b2 0x1040ca799 0x1040c9886 0x1040c9469 0x10405e84e 0x1040c7049 0x10ae08e9e
  17.340 TIGER-SAMPLE pid 0x4b28 n 0x41 thread 0x2703 thread 0x2703 state-kr 0x0 pc 0x10ae0ce22 leaf __semwait_signal+0xa frames: 0x10ae0ce22 0x1040c7625 0x103ff81b2 0x1040ca799 0x1040c9886 0x1040c9469 0x10405e84e 0x1040c7049 0x10ae08e9e
  17.341 TIGER-SAMPLE pid 0x4b28 n 0x41 thread 0x2c03 thread 0x2c03 state-kr 0x0 pc 0x10adbd7e6 leaf poll+0xa frames: 0x10adbd7e6 0x1043c3427 0x1043c35ea 0x101f33797 0x101f3f561 0x10405e84e 0x1040c7049 0x10ae08e9e
  17.341 TIGER-SAMPLE pid 0x4b28 n 0x41 thread 0x2e0f thread 0x2e0f state-kr 0x0 pc 0x10ae0ce22 leaf __semwait_signal+0xa frames: 0x10ae0ce22 0x1040c7625 0x103ff81b2 0x1040ca799 0x1040c9886 0x1040c9469 0x10405e84e 0x1040c7049 0x10ae08e9e
  17.366 TIGER-SAMPLE pid 0x4b29 n 0x3f main 0xd03 thread 0xd03 state-kr 0x0 pc 0x90009817 leaf mach_msg_trap+0x7 frames: 0x90009817 0x9082d227 0x9083e100 0x300d9e7 0x4497f 0x83d4 0x83a2 0x82c9 0x3
  17.366 TIGER-SAMPLE pid 0x4b29 n 0x3f thread 0x1103 thread 0x1103 state-kr 0x0 pc 0x90009817 leaf mach_msg_trap+0x7 frames: 0x90009817 0x148f48 0x90023d67
  17.366 TIGER-SAMPLE pid 0x4b29 n 0x3f thread 0x1303 thread 0x1303 state-kr 0x0 pc 0x900bc3fc leaf poll+0xc frames: 0x900bc3fc 0x14bc44 0x2fac62b 0x30145f1 0x90023d67
  17.366 TIGER-SAMPLE pid 0x4b29 n 0x3f thread 0x2507 thread 0x2507 state-kr 0x0 pc 0x90024407 leaf semaphore_wait_signal_trap+0x7 frames: 0x90024407 0x34e1e 0x90023d67
  17.367 TIGER-SAMPLE pid 0x4b29 n 0x3f thread 0x2703 thread 0x2703 state-kr 0x0 pc 0x90024407 leaf semaphore_wait_signal_trap+0x7 frames: 0x90024407 0x34e1e 0x90023d67
  17.367 TIGER-SAMPLE pid 0x4b29 n 0x3f thread 0x2903 thread 0x2903 state-kr 0x0 pc 0x90024407 leaf semaphore_wait_signal_trap+0x7 frames: 0x90024407 0x34e1e 0x90023d67
  17.367 TIGER-SAMPLE pid 0x4b29 n 0x3f thread 0x2b03 thread 0x2b03 state-kr 0x0 pc 0x90024407 leaf semaphore_wait_signal_trap+0x7 frames: 0x90024407 0x34e1e 0x90023d67
  17.367 TIGER-SAMPLE pid 0x4b29 n 0x3f thread 0x2f07 thread 0x2f07 state-kr 0x0 pc 0x90019d0c leaf select+0xc frames: 0x90019d0c 0x14c115 0x13f348 0x2fac62b 0x30145f1 0x90023d67
  17.378 TIGER-SAMPLE pid 0x4b24 n 0x43 main 0x117 thread 0x117 state-kr 0x0 pc 0x90009817 leaf mach_msg_trap+0x7 frames: 0x90009817 0x9082d227 0x9082ca42 0x92e06878 0x92e05f82 0x92e05dd9 0x9328cf45 0x9328cb37 0x932868c4 0xc50a 0x8752 0x8679 0x5
  17.378 TIGER-SAMPLE pid 0x4b24 n 0x43 thread 0x1203 thread 0x1203 state-kr 0x0 pc 0x90009817 leaf mach_msg_trap+0x7 frames: 0x90009817 0x2d3fd8 0x90023d67
  17.378 TIGER-SAMPLE pid 0x4b24 n 0x43 thread 0x3207 thread 0x3207 state-kr 0x0 pc 0x90024407 leaf semaphore_wait_signal_trap+0x7 frames: 0x90024407 0x3af7e 0x90023d67
  17.378 TIGER-SAMPLE pid 0x4b24 n 0x43 thread 0x3403 thread 0x3403 state-kr 0x0 pc 0x90024407 leaf semaphore_wait_signal_trap+0x7 frames: 0x90024407 0x3af7e 0x90023d67
  17.378 TIGER-SAMPLE pid 0x4b24 n 0x43 thread 0x5603 thread 0x5603 state-kr 0x0 pc 0x90024407 leaf semaphore_wait_signal_trap+0x7 frames: 0x90024407 0x3af7e 0x90023d67
  17.379 TIGER-SAMPLE pid 0x4b24 n 0x43 thread 0x5903 thread 0x5903 state-kr 0x0 pc 0x900bc3fc leaf poll+0xc frames: 0x900bc3fc 0x2d6a64 0x313ae8b 0x31a40a1 0x90023d67
  17.379 TIGER-SAMPLE pid 0x4b24 n 0x43 thread 0x5a03 thread 0x5a03 state-kr 0x0 pc 0x90024407 leaf semaphore_wait_signal_trap+0x7 frames: 0x90024407 0x3af7e 0x90023d67
  17.379 TIGER-SAMPLE pid 0x4b24 n 0x43 thread 0x5807 thread 0x5807 state-kr 0x0 pc 0x900bc3fc leaf poll+0xc frames: 0x900bc3fc 0x2d6a64 0x313ae8b 0x31a40a1 0x90023d67
  17.591 TIGER-SAMPLE pid 0x4b28 n 0x42 main 0xd03 thread 0xd03 state-kr 0x0 pc 0x10ae0ce22 leaf __semwait_signal+0xa frames: 0x10ae0ce22 0x1040c7625 0x103ff81b2 0x1040ca799 0x1040c9886 0x1040c9469 0x10004a77b 0x100001b4c 0x100001a61 0x3
  17.591 TIGER-SAMPLE pid 0x4b28 n 0x42 thread 0xf03 thread 0xf03 state-kr 0x0 pc 0x10ae56e4e leaf mach_msg_trap+0xa frames: 0x10ae56e4e 0x100328062 0x10ae08e9e
  17.592 TIGER-SAMPLE pid 0x4b28 n 0x42 thread 0x1103 thread 0x1103 state-kr 0x0 pc 0x10ae0ce22 leaf __semwait_signal+0xa frames: 0x10ae0ce22 0x1040c7625 0x103ff81b2 0x1040ca799 0x1040c9886 0x1040c9469 0x10405e84e 0x1040c7049 0x10ae08e9e
  17.592 TIGER-SAMPLE pid 0x4b28 n 0x42 thread 0x2303 thread 0x2303 state-kr 0x0 pc 0x10adbd7e6 leaf poll+0xa frames: 0x10adbd7e6 0x10405e84e 0x1040c7049 0x10ae08e9e
  17.592 TIGER-SAMPLE pid 0x4b28 n 0x42 thread 0x2407 thread 0x2407 state-kr 0x0 pc 0x10ae0ce22 leaf __semwait_signal+0xa frames: 0x10ae0ce22 0x1040c7625 0x103ff81b2 0x1040ca799 0x1040c9886 0x1040c9469 0x10405e84e 0x1040c7049 0x10ae08e9e
  17.592 TIGER-SAMPLE pid 0x4b28 n 0x42 thread 0x2503 thread 0x2503 state-kr 0x0 pc 0x10ae0ce22 leaf __semwait_signal+0xa frames: 0x10ae0ce22 0x1040c7625 0x103ff81b2 0x1040ca799 0x1040c9886 0x1040c9469 0x10405e84e 0x1040c7049 0x10ae08e9e
  17.592 TIGER-SAMPLE pid 0x4b28 n 0x42 thread 0x2603 thread 0x2603 state-kr 0x0 pc 0x10ae0ce22 leaf __semwait_signal+0xa frames: 0x10ae0ce22 0x1040c7625 0x103ff81b2 0x1040ca799 0x1040c9886 0x1040c9469 0x10405e84e 0x1040c7049 0x10ae08e9e
  17.592 TIGER-SAMPLE pid 0x4b28 n 0x42 thread 0x2703 thread 0x2703 state-kr 0x0 pc 0x10ae0ce22 leaf __semwait_signal+0xa frames: 0x10ae0ce22 0x1040c7625 0x103ff81b2 0x1040ca799 0x1040c9886 0x1040c9469 0x10405e84e 0x1040c7049 0x10ae08e9e
  17.593 TIGER-SAMPLE pid 0x4b28 n 0x42 thread 0x2c03 thread 0x2c03 state-kr 0x0 pc 0x10adbd7e6 leaf poll+0xa frames: 0x10adbd7e6 0x1043c3427 0x1043c35ea 0x101f33797 0x101f3f561 0x10405e84e 0x1040c7049 0x10ae08e9e
  17.593 TIGER-SAMPLE pid 0x4b28 n 0x42 thread 0x2e0f thread 0x2e0f state-kr 0x0 pc 0x10ae0ce22 leaf __semwait_signal+0xa frames: 0x10ae0ce22 0x1040c7625 0x103ff81b2 0x1040ca799 0x1040c9886 0x1040c9469 0x10405e84e 0x1040c7049 0x10ae08e9e
  17.618 TIGER-SAMPLE pid 0x4b29 n 0x40 main 0xd03 thread 0xd03 state-kr 0x0 pc 0x90009817 leaf mach_msg_trap+0x7 frames: 0x90009817 0x9082d227 0x9083e100 0x300d9e7 0x4497f 0x83d4 0x83a2 0x82c9 0x3
  17.618 TIGER-SAMPLE pid 0x4b29 n 0x40 thread 0x1103 thread 0x1103 state-kr 0x0 pc 0x90009817 leaf mach_msg_trap+0x7 frames: 0x90009817 0x148f48 0x90023d67
  17.618 TIGER-SAMPLE pid 0x4b29 n 0x40 thread 0x1303 thread 0x1303 state-kr 0x0 pc 0x900bc3fc leaf poll+0xc frames: 0x900bc3fc 0x14bc44 0x2fac62b 0x30145f1 0x90023d67
  17.619 TIGER-SAMPLE pid 0x4b29 n 0x40 thread 0x2507 thread 0x2507 state-kr 0x0 pc 0x90024407 leaf semaphore_wait_signal_trap+0x7 frames: 0x90024407 0x34e1e 0x90023d67
  17.619 TIGER-SAMPLE pid 0x4b29 n 0x40 thread 0x2703 thread 0x2703 state-kr 0x0 pc 0x90024407 leaf semaphore_wait_signal_trap+0x7 frames: 0x90024407 0x34e1e 0x90023d67
  17.619 TIGER-SAMPLE pid 0x4b29 n 0x40 thread 0x2903 thread 0x2903 state-kr 0x0 pc 0x90024407 leaf semaphore_wait_signal_trap+0x7 frames: 0x90024407 0x34e1e 0x90023d67
  17.619 TIGER-SAMPLE pid 0x4b29 n 0x40 thread 0x2b03 thread 0x2b03 state-kr 0x0 pc 0x90024407 leaf semaphore_wait_signal_trap+0x7 frames: 0x90024407 0x34e1e 0x90023d67
  17.620 TIGER-SAMPLE pid 0x4b29 n 0x40 thread 0x2f07 thread 0x2f07 state-kr 0x0 pc 0x90019d0c leaf select+0xc frames: 0x90019d0c 0x14c115 0x13f348 0x2fac62b 0x30145f1 0x90023d67
  17.630 TIGER-SAMPLE pid 0x4b24 n 0x44 main 0x117 thread 0x117 state-kr 0x0 pc 0x90009817 leaf mach_msg_trap+0x7 frames: 0x90009817 0x9082d227 0x9082ca42 0x92e06878 0x92e05f82 0x92e05dd9 0x9328cf45 0x9328cb37 0x932868c4 0xc50a 0x8752 0x8679 0x5
  17.630 TIGER-SAMPLE pid 0x4b24 n 0x44 thread 0x1203 thread 0x1203 state-kr 0x0 pc 0x90009817 leaf mach_msg_trap+0x7 frames: 0x90009817 0x2d3fd8 0x90023d67
  17.630 TIGER-SAMPLE pid 0x4b24 n 0x44 thread 0x3207 thread 0x3207 state-kr 0x0 pc 0x90024407 leaf semaphore_wait_signal_trap+0x7 frames: 0x90024407 0x3af7e 0x90023d67
  17.630 TIGER-SAMPLE pid 0x4b24 n 0x44 thread 0x3403 thread 0x3403 state-kr 0x0 pc 0x90024407 leaf semaphore_wait_signal_trap+0x7 frames: 0x90024407 0x3af7e 0x90023d67
  17.631 TIGER-SAMPLE pid 0x4b24 n 0x44 thread 0x5603 thread 0x5603 state-kr 0x0 pc 0x90024407 leaf semaphore_wait_signal_trap+0x7 frames: 0x90024407 0x3af7e 0x90023d67
  17.631 TIGER-SAMPLE pid 0x4b24 n 0x44 thread 0x5903 thread 0x5903 state-kr 0x0 pc 0x900bc3fc leaf poll+0xc frames: 0x900bc3fc 0x2d6a64 0x313ae8b 0x31a40a1 0x90023d67
  17.631 TIGER-SAMPLE pid 0x4b24 n 0x44 thread 0x5a03 thread 0x5a03 state-kr 0x0 pc 0x90024407 leaf semaphore_wait_signal_trap+0x7 frames: 0x90024407 0x3af7e 0x90023d67
  17.631 TIGER-SAMPLE pid 0x4b24 n 0x44 thread 0x5807 thread 0x5807 state-kr 0x0 pc 0x900bc3fc leaf poll+0xc frames: 0x900bc3fc 0x2d6a64 0x313ae8b 0x31a40a1 0x90023d67
  17.843 TIGER-SAMPLE pid 0x4b28 n 0x43 main 0xd03 thread 0xd03 state-kr 0x0 pc 0x10ae0ce22 leaf __semwait_signal+0xa frames: 0x10ae0ce22 0x1040c7625 0x103ff81b2 0x1040ca799 0x1040c9886 0x1040c9469 0x10004a77b 0x100001b4c 0x100001a61 0x3
  17.843 TIGER-SAMPLE pid 0x4b28 n 0x43 thread 0xf03 thread 0xf03 state-kr 0x0 pc 0x10ae56e4e leaf mach_msg_trap+0xa frames: 0x10ae56e4e 0x100328062 0x10ae08e9e
  17.843 TIGER-SAMPLE pid 0x4b28 n 0x43 thread 0x1103 thread 0x1103 state-kr 0x0 pc 0x10ae0ce22 leaf __semwait_signal+0xa frames: 0x10ae0ce22 0x1040c7625 0x103ff81b2 0x1040ca799 0x1040c9886 0x1040c9469 0x10405e84e 0x1040c7049 0x10ae08e9e
  17.844 TIGER-SAMPLE pid 0x4b28 n 0x43 thread 0x2303 thread 0x2303 state-kr 0x0 pc 0x10adbd7e6 leaf poll+0xa frames: 0x10adbd7e6 0x10405e84e 0x1040c7049 0x10ae08e9e
  17.844 TIGER-SAMPLE pid 0x4b28 n 0x43 thread 0x2407 thread 0x2407 state-kr 0x0 pc 0x10ae0ce22 leaf __semwait_signal+0xa frames: 0x10ae0ce22 0x1040c7625 0x103ff81b2 0x1040ca799 0x1040c9886 0x1040c9469 0x10405e84e 0x1040c7049 0x10ae08e9e
  17.844 TIGER-SAMPLE pid 0x4b28 n 0x43 thread 0x2503 thread 0x2503 state-kr 0x0 pc 0x10ae0ce22 leaf __semwait_signal+0xa frames: 0x10ae0ce22 0x1040c7625 0x103ff81b2 0x1040ca799 0x1040c9886 0x1040c9469 0x10405e84e 0x1040c7049 0x10ae08e9e
  17.844 TIGER-SAMPLE pid 0x4b28 n 0x43 thread 0x2603 thread 0x2603 state-kr 0x0 pc 0x10ae0ce22 leaf __semwait_signal+0xa frames: 0x10ae0ce22 0x1040c7625 0x103ff81b2 0x1040ca799 0x1040c9886 0x1040c9469 0x10405e84e 0x1040c7049 0x10ae08e9e
  17.844 TIGER-SAMPLE pid 0x4b28 n 0x43 thread 0x2703 thread 0x2703 state-kr 0x0 pc 0x10ae0ce22 leaf __semwait_signal+0xa frames: 0x10ae0ce22 0x1040c7625 0x103ff81b2 0x1040ca799 0x1040c9886 0x1040c9469 0x10405e84e 0x1040c7049 0x10ae08e9e
  17.844 TIGER-SAMPLE pid 0x4b28 n 0x43 thread 0x2c03 thread 0x2c03 state-kr 0x0 pc 0x10adbd7e6 leaf poll+0xa frames: 0x10adbd7e6 0x1043c3427 0x1043c35ea 0x101f33797 0x101f3f561 0x10405e84e 0x1040c7049 0x10ae08e9e
  17.845 TIGER-SAMPLE pid 0x4b28 n 0x43 thread 0x2e0f thread 0x2e0f state-kr 0x0 pc 0x10ae0ce22 leaf __semwait_signal+0xa frames: 0x10ae0ce22 0x1040c7625 0x103ff81b2 0x1040ca799 0x1040c9886 0x1040c9469 0x10405e84e 0x1040c7049 0x10ae08e9e
  17.870 TIGER-SAMPLE pid 0x4b29 n 0x41 main 0xd03 thread 0xd03 state-kr 0x0 pc 0x90009817 leaf mach_msg_trap+0x7 frames: 0x90009817 0x9082d227 0x9083e100 0x300d9e7 0x4497f 0x83d4 0x83a2 0x82c9 0x3
  17.870 TIGER-SAMPLE pid 0x4b29 n 0x41 thread 0x1103 thread 0x1103 state-kr 0x0 pc 0x90009817 leaf mach_msg_trap+0x7 frames: 0x90009817 0x148f48 0x90023d67
  17.871 TIGER-SAMPLE pid 0x4b29 n 0x41 thread 0x1303 thread 0x1303 state-kr 0x0 pc 0x900bc3fc leaf poll+0xc frames: 0x900bc3fc 0x14bc44 0x2fac62b 0x30145f1 0x90023d67
  17.871 TIGER-SAMPLE pid 0x4b29 n 0x41 thread 0x2507 thread 0x2507 state-kr 0x0 pc 0x90024407 leaf semaphore_wait_signal_trap+0x7 frames: 0x90024407 0x34e1e 0x90023d67
  17.871 TIGER-SAMPLE pid 0x4b29 n 0x41 thread 0x2703 thread 0x2703 state-kr 0x0 pc 0x90024407 leaf semaphore_wait_signal_trap+0x7 frames: 0x90024407 0x34e1e 0x90023d67
  17.871 TIGER-SAMPLE pid 0x4b29 n 0x41 thread 0x2903 thread 0x2903 state-kr 0x0 pc 0x90024407 leaf semaphore_wait_signal_trap+0x7 frames: 0x90024407 0x34e1e 0x90023d67
  17.871 TIGER-SAMPLE pid 0x4b29 n 0x41 thread 0x2b03 thread 0x2b03 state-kr 0x0 pc 0x90024407 leaf semaphore_wait_signal_trap+0x7 frames: 0x90024407 0x34e1e 0x90023d67
  17.872 TIGER-SAMPLE pid 0x4b29 n 0x41 thread 0x2f07 thread 0x2f07 state-kr 0x0 pc 0x90019d0c leaf select+0xc frames: 0x90019d0c 0x14c115 0x13f348 0x2fac62b 0x30145f1 0x90023d67
  17.882 TIGER-SAMPLE pid 0x4b24 n 0x45 main 0x117 thread 0x117 state-kr 0x0 pc 0x90009817 leaf mach_msg_trap+0x7 frames: 0x90009817 0x9082d227 0x9082ca42 0x92e06878 0x92e05f82 0x92e05dd9 0x9328cf45 0x9328cb37 0x932868c4 0xc50a 0x8752 0x8679 0x5
  17.882 TIGER-SAMPLE pid 0x4b24 n 0x45 thread 0x1203 thread 0x1203 state-kr 0x0 pc 0x90009817 leaf mach_msg_trap+0x7 frames: 0x90009817 0x2d3fd8 0x90023d67
  17.883 TIGER-SAMPLE pid 0x4b24 n 0x45 thread 0x3207 thread 0x3207 state-kr 0x0 pc 0x90024407 leaf semaphore_wait_signal_trap+0x7 frames: 0x90024407 0x3af7e 0x90023d67
  17.883 TIGER-SAMPLE pid 0x4b24 n 0x45 thread 0x3403 thread 0x3403 state-kr 0x0 pc 0x90024407 leaf semaphore_wait_signal_trap+0x7 frames: 0x90024407 0x3af7e 0x90023d67
  17.883 TIGER-SAMPLE pid 0x4b24 n 0x45 thread 0x5603 thread 0x5603 state-kr 0x0 pc 0x90024407 leaf semaphore_wait_signal_trap+0x7 frames: 0x90024407 0x3af7e 0x90023d67
  17.883 TIGER-SAMPLE pid 0x4b24 n 0x45 thread 0x5903 thread 0x5903 state-kr 0x0 pc 0x900bc3fc leaf poll+0xc frames: 0x900bc3fc 0x2d6a64 0x313ae8b 0x31a40a1 0x90023d67
  17.883 TIGER-SAMPLE pid 0x4b24 n 0x45 thread 0x5a03 thread 0x5a03 state-kr 0x0 pc 0x90024407 leaf semaphore_wait_signal_trap+0x7 frames: 0x90024407 0x3af7e 0x90023d67
  17.884 TIGER-SAMPLE pid 0x4b24 n 0x45 thread 0x5807 thread 0x5807 state-kr 0x0 pc 0x900bc3fc leaf poll+0xc frames: 0x900bc3fc 0x2d6a64 0x313ae8b 0x31a40a1 0x90023d67
  18.095 TIGER-SAMPLE pid 0x4b28 n 0x44 main 0xd03 thread 0xd03 state-kr 0x0 pc 0x10ae0ce22 leaf __semwait_signal+0xa frames: 0x10ae0ce22 0x1040c7625 0x103ff81b2 0x1040ca799 0x1040c9886 0x1040c9469 0x10004a77b 0x100001b4c 0x100001a61 0x3
  18.095 TIGER-SAMPLE pid 0x4b28 n 0x44 thread 0xf03 thread 0xf03 state-kr 0x0 pc 0x10ae56e4e leaf mach_msg_trap+0xa frames: 0x10ae56e4e 0x100328062 0x10ae08e9e
  18.095 TIGER-SAMPLE pid 0x4b28 n 0x44 thread 0x1103 thread 0x1103 state-kr 0x0 pc 0x10ae0ce22 leaf __semwait_signal+0xa frames: 0x10ae0ce22 0x1040c7625 0x103ff81b2 0x1040ca799 0x1040c9886 0x1040c9469 0x10405e84e 0x1040c7049 0x10ae08e9e
  18.095 TIGER-SAMPLE pid 0x4b28 n 0x44 thread 0x2303 thread 0x2303 state-kr 0x0 pc 0x10adbd7e6 leaf poll+0xa frames: 0x10adbd7e6 0x10405e84e 0x1040c7049 0x10ae08e9e
  18.096 TIGER-SAMPLE pid 0x4b28 n 0x44 thread 0x2407 thread 0x2407 state-kr 0x0 pc 0x10ae0ce22 leaf __semwait_signal+0xa frames: 0x10ae0ce22 0x1040c7625 0x103ff81b2 0x1040ca799 0x1040c9886 0x1040c9469 0x10405e84e 0x1040c7049 0x10ae08e9e
  18.096 TIGER-SAMPLE pid 0x4b28 n 0x44 thread 0x2503 thread 0x2503 state-kr 0x0 pc 0x10ae0ce22 leaf __semwait_signal+0xa frames: 0x10ae0ce22 0x1040c7625 0x103ff81b2 0x1040ca799 0x1040c9886 0x1040c9469 0x10405e84e 0x1040c7049 0x10ae08e9e
  18.096 TIGER-SAMPLE pid 0x4b28 n 0x44 thread 0x2603 thread 0x2603 state-kr 0x0 pc 0x10ae0ce22 leaf __semwait_signal+0xa frames: 0x10ae0ce22 0x1040c7625 0x103ff81b2 0x1040ca799 0x1040c9886 0x1040c9469 0x10405e84e 0x1040c7049 0x10ae08e9e
  18.096 TIGER-SAMPLE pid 0x4b28 n 0x44 thread 0x2703 thread 0x2703 state-kr 0x0 pc 0x10ae0ce22 leaf __semwait_signal+0xa frames: 0x10ae0ce22 0x1040c7625 0x103ff81b2 0x1040ca799 0x1040c9886 0x1040c9469 0x10405e84e 0x1040c7049 0x10ae08e9e
  18.096 TIGER-SAMPLE pid 0x4b28 n 0x44 thread 0x2c03 thread 0x2c03 state-kr 0x0 pc 0x10adbd7e6 leaf poll+0xa frames: 0x10adbd7e6 0x1043c3427 0x1043c35ea 0x101f33797 0x101f3f561 0x10405e84e 0x1040c7049 0x10ae08e9e
  18.096 TIGER-SAMPLE pid 0x4b28 n 0x44 thread 0x2e0f thread 0x2e0f state-kr 0x0 pc 0x10ae0ce22 leaf __semwait_signal+0xa frames: 0x10ae0ce22 0x1040c7625 0x103ff81b2 0x1040ca799 0x1040c9886 0x1040c9469 0x10405e84e 0x1040c7049 0x10ae08e9e
  18.122 TIGER-SAMPLE pid 0x4b29 n 0x42 main 0xd03 thread 0xd03 state-kr 0x0 pc 0x90009817 leaf mach_msg_trap+0x7 frames: 0x90009817 0x9082d227 0x9083e100 0x300d9e7 0x4497f 0x83d4 0x83a2 0x82c9 0x3
  18.123 TIGER-SAMPLE pid 0x4b29 n 0x42 thread 0x1103 thread 0x1103 state-kr 0x0 pc 0x90009817 leaf mach_msg_trap+0x7 frames: 0x90009817 0x148f48 0x90023d67
  18.123 TIGER-SAMPLE pid 0x4b29 n 0x42 thread 0x1303 thread 0x1303 state-kr 0x0 pc 0x900bc3fc leaf poll+0xc frames: 0x900bc3fc 0x14bc44 0x2fac62b 0x30145f1 0x90023d67
  18.123 TIGER-SAMPLE pid 0x4b29 n 0x42 thread 0x2507 thread 0x2507 state-kr 0x0 pc 0x90024407 leaf semaphore_wait_signal_trap+0x7 frames: 0x90024407 0x34e1e 0x90023d67
  18.123 TIGER-SAMPLE pid 0x4b29 n 0x42 thread 0x2703 thread 0x2703 state-kr 0x0 pc 0x90024407 leaf semaphore_wait_signal_trap+0x7 frames: 0x90024407 0x34e1e 0x90023d67
  18.123 TIGER-SAMPLE pid 0x4b29 n 0x42 thread 0x2903 thread 0x2903 state-kr 0x0 pc 0x90024407 leaf semaphore_wait_signal_trap+0x7 frames: 0x90024407 0x34e1e 0x90023d67
  18.124 TIGER-SAMPLE pid 0x4b29 n 0x42 thread 0x2b03 thread 0x2b03 state-kr 0x0 pc 0x90024407 leaf semaphore_wait_signal_trap+0x7 frames: 0x90024407 0x34e1e 0x90023d67
  18.124 TIGER-SAMPLE pid 0x4b29 n 0x42 thread 0x2f07 thread 0x2f07 state-kr 0x0 pc 0x90019d0c leaf select+0xc frames: 0x90019d0c 0x14c115 0x13f348 0x2fac62b 0x30145f1 0x90023d67
  18.134 TIGER-SAMPLE pid 0x4b24 n 0x46 main 0x117 thread 0x117 state-kr 0x0 pc 0x90009817 leaf mach_msg_trap+0x7 frames: 0x90009817 0x9082d227 0x9082ca42 0x92e06878 0x92e05f82 0x92e05dd9 0x9328cf45 0x9328cb37 0x932868c4 0xc50a 0x8752 0x8679 0x5
  18.135 TIGER-SAMPLE pid 0x4b24 n 0x46 thread 0x1203 thread 0x1203 state-kr 0x0 pc 0x90009817 leaf mach_msg_trap+0x7 frames: 0x90009817 0x2d3fd8 0x90023d67
  18.135 TIGER-SAMPLE pid 0x4b24 n 0x46 thread 0x3207 thread 0x3207 state-kr 0x0 pc 0x90024407 leaf semaphore_wait_signal_trap+0x7 frames: 0x90024407 0x3af7e 0x90023d67
  18.135 TIGER-SAMPLE pid 0x4b24 n 0x46 thread 0x3403 thread 0x3403 state-kr 0x0 pc 0x90024407 leaf semaphore_wait_signal_trap+0x7 frames: 0x90024407 0x3af7e 0x90023d67
  18.135 TIGER-SAMPLE pid 0x4b24 n 0x46 thread 0x5603 thread 0x5603 state-kr 0x0 pc 0x90024407 leaf semaphore_wait_signal_trap+0x7 frames: 0x90024407 0x3af7e 0x90023d67
  18.135 TIGER-SAMPLE pid 0x4b24 n 0x46 thread 0x5903 thread 0x5903 state-kr 0x0 pc 0x900bc3fc leaf poll+0xc frames: 0x900bc3fc 0x2d6a64 0x313ae8b 0x31a40a1 0x90023d67
  18.136 TIGER-SAMPLE pid 0x4b24 n 0x46 thread 0x5a03 thread 0x5a03 state-kr 0x0 pc 0x90024407 leaf semaphore_wait_signal_trap+0x7 frames: 0x90024407 0x3af7e 0x90023d67
  18.136 TIGER-SAMPLE pid 0x4b24 n 0x46 thread 0x5807 thread 0x5807 state-kr 0x0 pc 0x900bc3fc leaf poll+0xc frames: 0x900bc3fc 0x2d6a64 0x313ae8b 0x31a40a1 0x90023d67
  18.348 TIGER-SAMPLE pid 0x4b28 n 0x45 main 0xd03 thread 0xd03 state-kr 0x0 pc 0x10ae0ce22 leaf __semwait_signal+0xa frames: 0x10ae0ce22 0x1040c7625 0x103ff81b2 0x1040ca799 0x1040c9886 0x1040c9469 0x10004a77b 0x100001b4c 0x100001a61 0x3
  18.348 TIGER-SAMPLE pid 0x4b28 n 0x45 thread 0xf03 thread 0xf03 state-kr 0x0 pc 0x10ae56e4e leaf mach_msg_trap+0xa frames: 0x10ae56e4e 0x100328062 0x10ae08e9e
  18.348 TIGER-SAMPLE pid 0x4b28 n 0x45 thread 0x1103 thread 0x1103 state-kr 0x0 pc 0x10ae0ce22 leaf __semwait_signal+0xa frames: 0x10ae0ce22 0x1040c7625 0x103ff81b2 0x1040ca799 0x1040c9886 0x1040c9469 0x10405e84e 0x1040c7049 0x10ae08e9e
  18.348 TIGER-SAMPLE pid 0x4b28 n 0x45 thread 0x2303 thread 0x2303 state-kr 0x0 pc 0x10adbd7e6 leaf poll+0xa frames: 0x10adbd7e6 0x10405e84e 0x1040c7049 0x10ae08e9e
  18.348 TIGER-SAMPLE pid 0x4b28 n 0x45 thread 0x2407 thread 0x2407 state-kr 0x0 pc 0x10ae0ce22 leaf __semwait_signal+0xa frames: 0x10ae0ce22 0x1040c7625 0x103ff81b2 0x1040ca799 0x1040c9886 0x1040c9469 0x10405e84e 0x1040c7049 0x10ae08e9e
  18.348 TIGER-SAMPLE pid 0x4b28 n 0x45 thread 0x2503 thread 0x2503 state-kr 0x0 pc 0x10ae0ce22 leaf __semwait_signal+0xa frames: 0x10ae0ce22 0x1040c7625 0x103ff81b2 0x1040ca799 0x1040c9886 0x1040c9469 0x10405e84e 0x1040c7049 0x10ae08e9e
  18.348 TIGER-SAMPLE pid 0x4b28 n 0x45 thread 0x2603 thread 0x2603 state-kr 0x0 pc 0x10ae0ce22 leaf __semwait_signal+0xa frames: 0x10ae0ce22 0x1040c7625 0x103ff81b2 0x1040ca799 0x1040c9886 0x1040c9469 0x10405e84e 0x1040c7049 0x10ae08e9e
  18.348 TIGER-SAMPLE pid 0x4b28 n 0x45 thread 0x2703 thread 0x2703 state-kr 0x0 pc 0x10ae0ce22 leaf __semwait_signal+0xa frames: 0x10ae0ce22 0x1040c7625 0x103ff81b2 0x1040ca799 0x1040c9886 0x1040c9469 0x10405e84e 0x1040c7049 0x10ae08e9e
  18.348 TIGER-SAMPLE pid 0x4b28 n 0x45 thread 0x2c03 thread 0x2c03 state-kr 0x0 pc 0x10adbd7e6 leaf poll+0xa frames: 0x10adbd7e6 0x1043c3427 0x1043c35ea 0x101f33797 0x101f3f561 0x10405e84e 0x1040c7049 0x10ae08e9e
  18.348 TIGER-SAMPLE pid 0x4b28 n 0x45 thread 0x2e0f thread 0x2e0f state-kr 0x0 pc 0x10ae0ce22 leaf __semwait_signal+0xa frames: 0x10ae0ce22 0x1040c7625 0x103ff81b2 0x1040ca799 0x1040c9886 0x1040c9469 0x10405e84e 0x1040c7049 0x10ae08e9e
  18.376 TIGER-SAMPLE pid 0x4b29 n 0x43 main 0xd03 thread 0xd03 state-kr 0x0 pc 0x90009817 leaf mach_msg_trap+0x7 frames: 0x90009817 0x9082d227 0x9083e100 0x300d9e7 0x4497f 0x83d4 0x83a2 0x82c9 0x3
  18.376 TIGER-SAMPLE pid 0x4b29 n 0x43 thread 0x1103 thread 0x1103 state-kr 0x0 pc 0x90009817 leaf mach_msg_trap+0x7 frames: 0x90009817 0x148f48 0x90023d67
  18.376 TIGER-SAMPLE pid 0x4b29 n 0x43 thread 0x1303 thread 0x1303 state-kr 0x0 pc 0x900bc3fc leaf poll+0xc frames: 0x900bc3fc 0x14bc44 0x2fac62b 0x30145f1 0x90023d67
  18.376 TIGER-SAMPLE pid 0x4b29 n 0x43 thread 0x2507 thread 0x2507 state-kr 0x0 pc 0x90024407 leaf semaphore_wait_signal_trap+0x7 frames: 0x90024407 0x34e1e 0x90023d67
  18.376 TIGER-SAMPLE pid 0x4b29 n 0x43 thread 0x2703 thread 0x2703 state-kr 0x0 pc 0x90024407 leaf semaphore_wait_signal_trap+0x7 frames: 0x90024407 0x34e1e 0x90023d67
  18.376 TIGER-SAMPLE pid 0x4b29 n 0x43 thread 0x2903 thread 0x2903 state-kr 0x0 pc 0x90024407 leaf semaphore_wait_signal_trap+0x7 frames: 0x90024407 0x34e1e 0x90023d67
  18.376 TIGER-SAMPLE pid 0x4b29 n 0x43 thread 0x2b03 thread 0x2b03 state-kr 0x0 pc 0x90024407 leaf semaphore_wait_signal_trap+0x7 frames: 0x90024407 0x34e1e 0x90023d67
  18.376 TIGER-SAMPLE pid 0x4b29 n 0x43 thread 0x2f07 thread 0x2f07 state-kr 0x0 pc 0x90019d0c leaf select+0xc frames: 0x90019d0c 0x14c115 0x13f348 0x2fac62b 0x30145f1 0x90023d67
  18.388 TIGER-SAMPLE pid 0x4b24 n 0x47 main 0x117 thread 0x117 state-kr 0x0 pc 0x90009817 leaf mach_msg_trap+0x7 frames: 0x90009817 0x9082d227 0x9082ca42 0x92e06878 0x92e05f82 0x92e05dd9 0x9328cf45 0x9328cb37 0x932868c4 0xc50a 0x8752 0x8679 0x5
  18.388 TIGER-SAMPLE pid 0x4b24 n 0x47 thread 0x1203 thread 0x1203 state-kr 0x0 pc 0x90009817 leaf mach_msg_trap+0x7 frames: 0x90009817 0x2d3fd8 0x90023d67
  18.388 TIGER-SAMPLE pid 0x4b24 n 0x47 thread 0x3207 thread 0x3207 state-kr 0x0 pc 0x90024407 leaf semaphore_wait_signal_trap+0x7 frames: 0x90024407 0x3af7e 0x90023d67
  18.388 TIGER-SAMPLE pid 0x4b24 n 0x47 thread 0x3403 thread 0x3403 state-kr 0x0 pc 0x90024407 leaf semaphore_wait_signal_trap+0x7 frames: 0x90024407 0x3af7e 0x90023d67
  18.388 TIGER-SAMPLE pid 0x4b24 n 0x47 thread 0x5603 thread 0x5603 state-kr 0x0 pc 0x90024407 leaf semaphore_wait_signal_trap+0x7 frames: 0x90024407 0x3af7e 0x90023d67
  18.388 TIGER-SAMPLE pid 0x4b24 n 0x47 thread 0x5903 thread 0x5903 state-kr 0x0 pc 0x900bc3fc leaf poll+0xc frames: 0x900bc3fc 0x2d6a64 0x313ae8b 0x31a40a1 0x90023d67
  18.388 TIGER-SAMPLE pid 0x4b24 n 0x47 thread 0x5a03 thread 0x5a03 state-kr 0x0 pc 0x90024407 leaf semaphore_wait_signal_trap+0x7 frames: 0x90024407 0x3af7e 0x90023d67
  18.388 TIGER-SAMPLE pid 0x4b24 n 0x47 thread 0x5807 thread 0x5807 state-kr 0x0 pc 0x900bc3fc leaf poll+0xc frames: 0x900bc3fc 0x2d6a64 0x313ae8b 0x31a40a1 0x90023d67
  18.598 TIGER-SAMPLE pid 0x4b28 n 0x46 main 0xd03 thread 0xd03 state-kr 0x0 pc 0x10ae0ce22 leaf __semwait_signal+0xa frames: 0x10ae0ce22 0x1040c7625 0x103ff81b2 0x1040ca799 0x1040c9886 0x1040c9469 0x10004a77b 0x100001b4c 0x100001a61 0x3
  18.599 TIGER-SAMPLE pid 0x4b28 n 0x46 thread 0xf03 thread 0xf03 state-kr 0x0 pc 0x10ae56e4e leaf mach_msg_trap+0xa frames: 0x10ae56e4e 0x100328062 0x10ae08e9e
  18.599 TIGER-SAMPLE pid 0x4b28 n 0x46 thread 0x1103 thread 0x1103 state-kr 0x0 pc 0x10ae0ce22 leaf __semwait_signal+0xa frames: 0x10ae0ce22 0x1040c7625 0x103ff81b2 0x1040ca799 0x1040c9886 0x1040c9469 0x10405e84e 0x1040c7049 0x10ae08e9e
  18.599 TIGER-SAMPLE pid 0x4b28 n 0x46 thread 0x2303 thread 0x2303 state-kr 0x0 pc 0x10adbd7e6 leaf poll+0xa frames: 0x10adbd7e6 0x10405e84e 0x1040c7049 0x10ae08e9e
  18.599 TIGER-SAMPLE pid 0x4b28 n 0x46 thread 0x2407 thread 0x2407 state-kr 0x0 pc 0x10ae0ce22 leaf __semwait_signal+0xa frames: 0x10ae0ce22 0x1040c7625 0x103ff81b2 0x1040ca799 0x1040c9886 0x1040c9469 0x10405e84e 0x1040c7049 0x10ae08e9e
  18.599 TIGER-SAMPLE pid 0x4b28 n 0x46 thread 0x2503 thread 0x2503 state-kr 0x0 pc 0x10ae0ce22 leaf __semwait_signal+0xa frames: 0x10ae0ce22 0x1040c7625 0x103ff81b2 0x1040ca799 0x1040c9886 0x1040c9469 0x10405e84e 0x1040c7049 0x10ae08e9e
  18.599 TIGER-SAMPLE pid 0x4b28 n 0x46 thread 0x2603 thread 0x2603 state-kr 0x0 pc 0x10ae0ce22 leaf __semwait_signal+0xa frames: 0x10ae0ce22 0x1040c7625 0x103ff81b2 0x1040ca799 0x1040c9886 0x1040c9469 0x10405e84e 0x1040c7049 0x10ae08e9e
  18.599 TIGER-SAMPLE pid 0x4b28 n 0x46 thread 0x2703 thread 0x2703 state-kr 0x0 pc 0x10ae0ce22 leaf __semwait_signal+0xa frames: 0x10ae0ce22 0x1040c7625 0x103ff81b2 0x1040ca799 0x1040c9886 0x1040c9469 0x10405e84e 0x1040c7049 0x10ae08e9e
  18.600 TIGER-SAMPLE pid 0x4b28 n 0x46 thread 0x2c03 thread 0x2c03 state-kr 0x0 pc 0x10adbd7e6 leaf poll+0xa frames: 0x10adbd7e6 0x1043c3427 0x1043c35ea 0x101f33797 0x101f3f561 0x10405e84e 0x1040c7049 0x10ae08e9e
  18.600 TIGER-SAMPLE pid 0x4b28 n 0x46 thread 0x2e0f thread 0x2e0f state-kr 0x0 pc 0x10ae0ce22 leaf __semwait_signal+0xa frames: 0x10ae0ce22 0x1040c7625 0x103ff81b2 0x1040ca799 0x1040c9886 0x1040c9469 0x10405e84e 0x1040c7049 0x10ae08e9e
  18.626 TIGER-SAMPLE pid 0x4b29 n 0x44 main 0xd03 thread 0xd03 state-kr 0x0 pc 0x90009817 leaf mach_msg_trap+0x7 frames: 0x90009817 0x9082d227 0x9083e100 0x300d9e7 0x4497f 0x83d4 0x83a2 0x82c9 0x3
  18.626 TIGER-SAMPLE pid 0x4b29 n 0x44 thread 0x1103 thread 0x1103 state-kr 0x0 pc 0x90009817 leaf mach_msg_trap+0x7 frames: 0x90009817 0x148f48 0x90023d67
  18.627 TIGER-SAMPLE pid 0x4b29 n 0x44 thread 0x1303 thread 0x1303 state-kr 0x0 pc 0x900bc3fc leaf poll+0xc frames: 0x900bc3fc 0x14bc44 0x2fac62b 0x30145f1 0x90023d67
  18.627 TIGER-SAMPLE pid 0x4b29 n 0x44 thread 0x2507 thread 0x2507 state-kr 0x0 pc 0x90024407 leaf semaphore_wait_signal_trap+0x7 frames: 0x90024407 0x34e1e 0x90023d67
  18.627 TIGER-SAMPLE pid 0x4b29 n 0x44 thread 0x2703 thread 0x2703 state-kr 0x0 pc 0x90024407 leaf semaphore_wait_signal_trap+0x7 frames: 0x90024407 0x34e1e 0x90023d67
  18.627 TIGER-SAMPLE pid 0x4b29 n 0x44 thread 0x2903 thread 0x2903 state-kr 0x0 pc 0x90024407 leaf semaphore_wait_signal_trap+0x7 frames: 0x90024407 0x34e1e 0x90023d67
  18.628 TIGER-SAMPLE pid 0x4b29 n 0x44 thread 0x2b03 thread 0x2b03 state-kr 0x0 pc 0x90024407 leaf semaphore_wait_signal_trap+0x7 frames: 0x90024407 0x34e1e 0x90023d67
  18.628 TIGER-SAMPLE pid 0x4b29 n 0x44 thread 0x2f07 thread 0x2f07 state-kr 0x0 pc 0x90019d0c leaf select+0xc frames: 0x90019d0c 0x14c115 0x13f348 0x2fac62b 0x30145f1 0x90023d67
  18.638 TIGER-SAMPLE pid 0x4b24 n 0x48 main 0x117 thread 0x117 state-kr 0x0 pc 0x90009817 leaf mach_msg_trap+0x7 frames: 0x90009817 0x9082d227 0x9082ca42 0x92e06878 0x92e05f82 0x92e05dd9 0x9328cf45 0x9328cb37 0x932868c4 0xc50a 0x8752 0x8679 0x5
  18.639 TIGER-SAMPLE pid 0x4b24 n 0x48 thread 0x1203 thread 0x1203 state-kr 0x0 pc 0x90009817 leaf mach_msg_trap+0x7 frames: 0x90009817 0x2d3fd8 0x90023d67
  18.639 TIGER-SAMPLE pid 0x4b24 n 0x48 thread 0x3207 thread 0x3207 state-kr 0x0 pc 0x90024407 leaf semaphore_wait_signal_trap+0x7 frames: 0x90024407 0x3af7e 0x90023d67
  18.639 TIGER-SAMPLE pid 0x4b24 n 0x48 thread 0x3403 thread 0x3403 state-kr 0x0 pc 0x90024407 leaf semaphore_wait_signal_trap+0x7 frames: 0x90024407 0x3af7e 0x90023d67
  18.639 TIGER-SAMPLE pid 0x4b24 n 0x48 thread 0x5603 thread 0x5603 state-kr 0x0 pc 0x90024407 leaf semaphore_wait_signal_trap+0x7 frames: 0x90024407 0x3af7e 0x90023d67
  18.640 TIGER-SAMPLE pid 0x4b24 n 0x48 thread 0x5903 thread 0x5903 state-kr 0x0 pc 0x900bc3fc leaf poll+0xc frames: 0x900bc3fc 0x2d6a64 0x313ae8b 0x31a40a1 0x90023d67
  18.640 TIGER-SAMPLE pid 0x4b24 n 0x48 thread 0x5a03 thread 0x5a03 state-kr 0x0 pc 0x90024407 leaf semaphore_wait_signal_trap+0x7 frames: 0x90024407 0x3af7e 0x90023d67
  18.640 TIGER-SAMPLE pid 0x4b24 n 0x48 thread 0x5807 thread 0x5807 state-kr 0x0 pc 0x900bc3fc leaf poll+0xc frames: 0x900bc3fc 0x2d6a64 0x313ae8b 0x31a40a1 0x90023d67
  18.850 TIGER-SAMPLE pid 0x4b28 n 0x47 main 0xd03 thread 0xd03 state-kr 0x0 pc 0x10ae0ce22 leaf __semwait_signal+0xa frames: 0x10ae0ce22 0x1040c7625 0x103ff81b2 0x1040ca799 0x1040c9886 0x1040c9469 0x10004a77b 0x100001b4c 0x100001a61 0x3
  18.850 TIGER-SAMPLE pid 0x4b28 n 0x47 thread 0xf03 thread 0xf03 state-kr 0x0 pc 0x10ae56e4e leaf mach_msg_trap+0xa frames: 0x10ae56e4e 0x100328062 0x10ae08e9e
  18.851 TIGER-SAMPLE pid 0x4b28 n 0x47 thread 0x1103 thread 0x1103 state-kr 0x0 pc 0x10ae0ce22 leaf __semwait_signal+0xa frames: 0x10ae0ce22 0x1040c7625 0x103ff81b2 0x1040ca799 0x1040c9886 0x1040c9469 0x10405e84e 0x1040c7049 0x10ae08e9e
  18.851 TIGER-SAMPLE pid 0x4b28 n 0x47 thread 0x2303 thread 0x2303 state-kr 0x0 pc 0x10adbd7e6 leaf poll+0xa frames: 0x10adbd7e6 0x10405e84e 0x1040c7049 0x10ae08e9e
  18.851 TIGER-SAMPLE pid 0x4b28 n 0x47 thread 0x2407 thread 0x2407 state-kr 0x0 pc 0x10ae0ce22 leaf __semwait_signal+0xa frames: 0x10ae0ce22 0x1040c7625 0x103ff81b2 0x1040ca799 0x1040c9886 0x1040c9469 0x10405e84e 0x1040c7049 0x10ae08e9e
  18.851 TIGER-SAMPLE pid 0x4b28 n 0x47 thread 0x2503 thread 0x2503 state-kr 0x0 pc 0x10ae0ce22 leaf __semwait_signal+0xa frames: 0x10ae0ce22 0x1040c7625 0x103ff81b2 0x1040ca799 0x1040c9886 0x1040c9469 0x10405e84e 0x1040c7049 0x10ae08e9e
  18.851 TIGER-SAMPLE pid 0x4b28 n 0x47 thread 0x2603 thread 0x2603 state-kr 0x0 pc 0x10ae0ce22 leaf __semwait_signal+0xa frames: 0x10ae0ce22 0x1040c7625 0x103ff81b2 0x1040ca799 0x1040c9886 0x1040c9469 0x10405e84e 0x1040c7049 0x10ae08e9e
  18.851 TIGER-SAMPLE pid 0x4b28 n 0x47 thread 0x2703 thread 0x2703 state-kr 0x0 pc 0x10ae0ce22 leaf __semwait_signal+0xa frames: 0x10ae0ce22 0x1040c7625 0x103ff81b2 0x1040ca799 0x1040c9886 0x1040c9469 0x10405e84e 0x1040c7049 0x10ae08e9e
  18.852 TIGER-SAMPLE pid 0x4b28 n 0x47 thread 0x2c03 thread 0x2c03 state-kr 0x0 pc 0x10adbd7e6 leaf poll+0xa frames: 0x10adbd7e6 0x1043c3427 0x1043c35ea 0x101f33797 0x101f3f561 0x10405e84e 0x1040c7049 0x10ae08e9e
  18.852 TIGER-SAMPLE pid 0x4b28 n 0x47 thread 0x2e0f thread 0x2e0f state-kr 0x0 pc 0x10ae0ce22 leaf __semwait_signal+0xa frames: 0x10ae0ce22 0x1040c7625 0x103ff81b2 0x1040ca799 0x1040c9886 0x1040c9469 0x10405e84e 0x1040c7049 0x10ae08e9e
  18.878 TIGER-SAMPLE pid 0x4b29 n 0x45 main 0xd03 thread 0xd03 state-kr 0x0 pc 0x90009817 leaf mach_msg_trap+0x7 frames: 0x90009817 0x9082d227 0x9083e100 0x300d9e7 0x4497f 0x83d4 0x83a2 0x82c9 0x3
  18.879 TIGER-SAMPLE pid 0x4b29 n 0x45 thread 0x1103 thread 0x1103 state-kr 0x0 pc 0x90009817 leaf mach_msg_trap+0x7 frames: 0x90009817 0x148f48 0x90023d67
  18.879 TIGER-SAMPLE pid 0x4b29 n 0x45 thread 0x1303 thread 0x1303 state-kr 0x0 pc 0x900bc3fc leaf poll+0xc frames: 0x900bc3fc 0x14bc44 0x2fac62b 0x30145f1 0x90023d67
  18.879 TIGER-SAMPLE pid 0x4b29 n 0x45 thread 0x2507 thread 0x2507 state-kr 0x0 pc 0x90024407 leaf semaphore_wait_signal_trap+0x7 frames: 0x90024407 0x34e1e 0x90023d67
  18.879 TIGER-SAMPLE pid 0x4b29 n 0x45 thread 0x2703 thread 0x2703 state-kr 0x0 pc 0x90024407 leaf semaphore_wait_signal_trap+0x7 frames: 0x90024407 0x34e1e 0x90023d67
  18.880 TIGER-SAMPLE pid 0x4b29 n 0x45 thread 0x2903 thread 0x2903 state-kr 0x0 pc 0x90024407 leaf semaphore_wait_signal_trap+0x7 frames: 0x90024407 0x34e1e 0x90023d67
  18.880 TIGER-SAMPLE pid 0x4b29 n 0x45 thread 0x2b03 thread 0x2b03 state-kr 0x0 pc 0x90024407 leaf semaphore_wait_signal_trap+0x7 frames: 0x90024407 0x34e1e 0x90023d67
  18.880 TIGER-SAMPLE pid 0x4b29 n 0x45 thread 0x2f07 thread 0x2f07 state-kr 0x0 pc 0x90019d0c leaf select+0xc frames: 0x90019d0c 0x14c115 0x13f348 0x2fac62b 0x30145f1 0x90023d67
  18.891 TIGER-SAMPLE pid 0x4b24 n 0x49 main 0x117 thread 0x117 state-kr 0x0 pc 0x90009817 leaf mach_msg_trap+0x7 frames: 0x90009817 0x9082d227 0x9082ca42 0x92e06878 0x92e05f82 0x92e05dd9 0x9328cf45 0x9328cb37 0x932868c4 0xc50a 0x8752 0x8679 0x5
  18.891 TIGER-SAMPLE pid 0x4b24 n 0x49 thread 0x1203 thread 0x1203 state-kr 0x0 pc 0x90009817 leaf mach_msg_trap+0x7 frames: 0x90009817 0x2d3fd8 0x90023d67
  18.891 TIGER-SAMPLE pid 0x4b24 n 0x49 thread 0x3207 thread 0x3207 state-kr 0x0 pc 0x90024407 leaf semaphore_wait_signal_trap+0x7 frames: 0x90024407 0x3af7e 0x90023d67
  18.891 TIGER-SAMPLE pid 0x4b24 n 0x49 thread 0x3403 thread 0x3403 state-kr 0x0 pc 0x90024407 leaf semaphore_wait_signal_trap+0x7 frames: 0x90024407 0x3af7e 0x90023d67
  18.892 TIGER-SAMPLE pid 0x4b24 n 0x49 thread 0x5603 thread 0x5603 state-kr 0x0 pc 0x90024407 leaf semaphore_wait_signal_trap+0x7 frames: 0x90024407 0x3af7e 0x90023d67
  18.892 TIGER-SAMPLE pid 0x4b24 n 0x49 thread 0x5903 thread 0x5903 state-kr 0x0 pc 0x900bc3fc leaf poll+0xc frames: 0x900bc3fc 0x2d6a64 0x313ae8b 0x31a40a1 0x90023d67
  18.892 TIGER-SAMPLE pid 0x4b24 n 0x49 thread 0x5a03 thread 0x5a03 state-kr 0x0 pc 0x90024407 leaf semaphore_wait_signal_trap+0x7 frames: 0x90024407 0x3af7e 0x90023d67
  18.892 TIGER-SAMPLE pid 0x4b24 n 0x49 thread 0x5807 thread 0x5807 state-kr 0x0 pc 0x900bc3fc leaf poll+0xc frames: 0x900bc3fc 0x2d6a64 0x313ae8b 0x31a40a1 0x90023d67
  19.102 TIGER-SAMPLE pid 0x4b28 n 0x48 main 0xd03 thread 0xd03 state-kr 0x0 pc 0x10ae0ce22 leaf __semwait_signal+0xa frames: 0x10ae0ce22 0x1040c7625 0x103ff81b2 0x1040ca799 0x1040c9886 0x1040c9469 0x10004a77b 0x100001b4c 0x100001a61 0x3
  19.102 TIGER-SAMPLE pid 0x4b28 n 0x48 thread 0xf03 thread 0xf03 state-kr 0x0 pc 0x10ae56e4e leaf mach_msg_trap+0xa frames: 0x10ae56e4e 0x100328062 0x10ae08e9e
  19.103 TIGER-SAMPLE pid 0x4b28 n 0x48 thread 0x1103 thread 0x1103 state-kr 0x0 pc 0x10ae0ce22 leaf __semwait_signal+0xa frames: 0x10ae0ce22 0x1040c7625 0x103ff81b2 0x1040ca799 0x1040c9886 0x1040c9469 0x10405e84e 0x1040c7049 0x10ae08e9e
  19.103 TIGER-SAMPLE pid 0x4b28 n 0x48 thread 0x2303 thread 0x2303 state-kr 0x0 pc 0x10adbd7e6 leaf poll+0xa frames: 0x10adbd7e6 0x10405e84e 0x1040c7049 0x10ae08e9e
  19.103 TIGER-SAMPLE pid 0x4b28 n 0x48 thread 0x2407 thread 0x2407 state-kr 0x0 pc 0x10ae0ce22 leaf __semwait_signal+0xa frames: 0x10ae0ce22 0x1040c7625 0x103ff81b2 0x1040ca799 0x1040c9886 0x1040c9469 0x10405e84e 0x1040c7049 0x10ae08e9e
  19.103 TIGER-SAMPLE pid 0x4b28 n 0x48 thread 0x2503 thread 0x2503 state-kr 0x0 pc 0x10ae0ce22 leaf __semwait_signal+0xa frames: 0x10ae0ce22 0x1040c7625 0x103ff81b2 0x1040ca799 0x1040c9886 0x1040c9469 0x10405e84e 0x1040c7049 0x10ae08e9e
  19.103 TIGER-SAMPLE pid 0x4b28 n 0x48 thread 0x2603 thread 0x2603 state-kr 0x0 pc 0x10ae0ce22 leaf __semwait_signal+0xa frames: 0x10ae0ce22 0x1040c7625 0x103ff81b2 0x1040ca799 0x1040c9886 0x1040c9469 0x10405e84e 0x1040c7049 0x10ae08e9e
  19.103 TIGER-SAMPLE pid 0x4b28 n 0x48 thread 0x2703 thread 0x2703 state-kr 0x0 pc 0x10ae0ce22 leaf __semwait_signal+0xa frames: 0x10ae0ce22 0x1040c7625 0x103ff81b2 0x1040ca799 0x1040c9886 0x1040c9469 0x10405e84e 0x1040c7049 0x10ae08e9e
  19.103 TIGER-SAMPLE pid 0x4b28 n 0x48 thread 0x2c03 thread 0x2c03 state-kr 0x0 pc 0x10adbd7e6 leaf poll+0xa frames: 0x10adbd7e6 0x1043c3427 0x1043c35ea 0x101f33797 0x101f3f561 0x10405e84e 0x1040c7049 0x10ae08e9e
  19.104 TIGER-SAMPLE pid 0x4b28 n 0x48 thread 0x2e0f thread 0x2e0f state-kr 0x0 pc 0x10ae0ce22 leaf __semwait_signal+0xa frames: 0x10ae0ce22 0x1040c7625 0x103ff81b2 0x1040ca799 0x1040c9886 0x1040c9469 0x10405e84e 0x1040c7049 0x10ae08e9e
  19.131 TIGER-SAMPLE pid 0x4b29 n 0x46 main 0xd03 thread 0xd03 state-kr 0x0 pc 0x90009817 leaf mach_msg_trap+0x7 frames: 0x90009817 0x9082d227 0x9083e100 0x300d9e7 0x4497f 0x83d4 0x83a2 0x82c9 0x3
  19.131 TIGER-SAMPLE pid 0x4b29 n 0x46 thread 0x1103 thread 0x1103 state-kr 0x0 pc 0x90009817 leaf mach_msg_trap+0x7 frames: 0x90009817 0x148f48 0x90023d67
  19.131 TIGER-SAMPLE pid 0x4b29 n 0x46 thread 0x1303 thread 0x1303 state-kr 0x0 pc 0x900bc3fc leaf poll+0xc frames: 0x900bc3fc 0x14bc44 0x2fac62b 0x30145f1 0x90023d67
  19.131 TIGER-SAMPLE pid 0x4b29 n 0x46 thread 0x2507 thread 0x2507 state-kr 0x0 pc 0x90024407 leaf semaphore_wait_signal_trap+0x7 frames: 0x90024407 0x34e1e 0x90023d67
  19.132 TIGER-SAMPLE pid 0x4b29 n 0x46 thread 0x2703 thread 0x2703 state-kr 0x0 pc 0x90024407 leaf semaphore_wait_signal_trap+0x7 frames: 0x90024407 0x34e1e 0x90023d67
  19.132 TIGER-SAMPLE pid 0x4b29 n 0x46 thread 0x2903 thread 0x2903 state-kr 0x0 pc 0x90024407 leaf semaphore_wait_signal_trap+0x7 frames: 0x90024407 0x34e1e 0x90023d67
  19.132 TIGER-SAMPLE pid 0x4b29 n 0x46 thread 0x2b03 thread 0x2b03 state-kr 0x0 pc 0x90024407 leaf semaphore_wait_signal_trap+0x7 frames: 0x90024407 0x34e1e 0x90023d67
  19.133 TIGER-SAMPLE pid 0x4b29 n 0x46 thread 0x2f07 thread 0x2f07 state-kr 0x0 pc 0x90019d0c leaf select+0xc frames: 0x90019d0c 0x14c115 0x13f348 0x2fac62b 0x30145f1 0x90023d67
  19.143 TIGER-SAMPLE pid 0x4b24 n 0x4a main 0x117 thread 0x117 state-kr 0x0 pc 0x90009817 leaf mach_msg_trap+0x7 frames: 0x90009817 0x9082d227 0x9082ca42 0x92e06878 0x92e05f82 0x92e05dd9 0x9328cf45 0x9328cb37 0x932868c4 0xc50a 0x8752 0x8679 0x5
  19.143 TIGER-SAMPLE pid 0x4b24 n 0x4a thread 0x1203 thread 0x1203 state-kr 0x0 pc 0x90009817 leaf mach_msg_trap+0x7 frames: 0x90009817 0x2d3fd8 0x90023d67
  19.143 TIGER-SAMPLE pid 0x4b24 n 0x4a thread 0x3207 thread 0x3207 state-kr 0x0 pc 0x90024407 leaf semaphore_wait_signal_trap+0x7 frames: 0x90024407 0x3af7e 0x90023d67
  19.144 TIGER-SAMPLE pid 0x4b24 n 0x4a thread 0x3403 thread 0x3403 state-kr 0x0 pc 0x90024407 leaf semaphore_wait_signal_trap+0x7 frames: 0x90024407 0x3af7e 0x90023d67
  19.144 TIGER-SAMPLE pid 0x4b24 n 0x4a thread 0x5603 thread 0x5603 state-kr 0x0 pc 0x90024407 leaf semaphore_wait_signal_trap+0x7 frames: 0x90024407 0x3af7e 0x90023d67
  19.144 TIGER-SAMPLE pid 0x4b24 n 0x4a thread 0x5903 thread 0x5903 state-kr 0x0 pc 0x900bc3fc leaf poll+0xc frames: 0x900bc3fc 0x2d6a64 0x313ae8b 0x31a40a1 0x90023d67
  19.144 TIGER-SAMPLE pid 0x4b24 n 0x4a thread 0x5a03 thread 0x5a03 state-kr 0x0 pc 0x90024407 leaf semaphore_wait_signal_trap+0x7 frames: 0x90024407 0x3af7e 0x90023d67
  19.145 TIGER-SAMPLE pid 0x4b24 n 0x4a thread 0x5807 thread 0x5807 state-kr 0x0 pc 0x900bc3fc leaf poll+0xc frames: 0x900bc3fc 0x2d6a64 0x313ae8b 0x31a40a1 0x90023d67
  19.354 TIGER-SAMPLE pid 0x4b28 n 0x49 main 0xd03 thread 0xd03 state-kr 0x0 pc 0x10ae0ce22 leaf __semwait_signal+0xa frames: 0x10ae0ce22 0x1040c7625 0x103ff81b2 0x1040ca799 0x1040c9886 0x1040c9469 0x10004a77b 0x100001b4c 0x100001a61 0x3
  19.354 TIGER-SAMPLE pid 0x4b28 n 0x49 thread 0xf03 thread 0xf03 state-kr 0x0 pc 0x10ae56e4e leaf mach_msg_trap+0xa frames: 0x10ae56e4e 0x100328062 0x10ae08e9e
  19.354 TIGER-SAMPLE pid 0x4b28 n 0x49 thread 0x1103 thread 0x1103 state-kr 0x0 pc 0x10ae0ce22 leaf __semwait_signal+0xa frames: 0x10ae0ce22 0x1040c7625 0x103ff81b2 0x1040ca799 0x1040c9886 0x1040c9469 0x10405e84e 0x1040c7049 0x10ae08e9e
  19.355 TIGER-SAMPLE pid 0x4b28 n 0x49 thread 0x2303 thread 0x2303 state-kr 0x0 pc 0x10adbd7e6 leaf poll+0xa frames: 0x10adbd7e6 0x10405e84e 0x1040c7049 0x10ae08e9e
  19.355 TIGER-SAMPLE pid 0x4b28 n 0x49 thread 0x2407 thread 0x2407 state-kr 0x0 pc 0x10ae0ce22 leaf __semwait_signal+0xa frames: 0x10ae0ce22 0x1040c7625 0x103ff81b2 0x1040ca799 0x1040c9886 0x1040c9469 0x10405e84e 0x1040c7049 0x10ae08e9e
  19.355 TIGER-SAMPLE pid 0x4b28 n 0x49 thread 0x2503 thread 0x2503 state-kr 0x0 pc 0x10ae0ce22 leaf __semwait_signal+0xa frames: 0x10ae0ce22 0x1040c7625 0x103ff81b2 0x1040ca799 0x1040c9886 0x1040c9469 0x10405e84e 0x1040c7049 0x10ae08e9e
  19.355 TIGER-SAMPLE pid 0x4b28 n 0x49 thread 0x2603 thread 0x2603 state-kr 0x0 pc 0x10ae0ce22 leaf __semwait_signal+0xa frames: 0x10ae0ce22 0x1040c7625 0x103ff81b2 0x1040ca799 0x1040c9886 0x1040c9469 0x10405e84e 0x1040c7049 0x10ae08e9e
  19.355 TIGER-SAMPLE pid 0x4b28 n 0x49 thread 0x2703 thread 0x2703 state-kr 0x0 pc 0x10ae0ce22 leaf __semwait_signal+0xa frames: 0x10ae0ce22 0x1040c7625 0x103ff81b2 0x1040ca799 0x1040c9886 0x1040c9469 0x10405e84e 0x1040c7049 0x10ae08e9e
  19.355 TIGER-SAMPLE pid 0x4b28 n 0x49 thread 0x2c03 thread 0x2c03 state-kr 0x0 pc 0x10adbd7e6 leaf poll+0xa frames: 0x10adbd7e6 0x1043c3427 0x1043c35ea 0x101f33797 0x101f3f561 0x10405e84e 0x1040c7049 0x10ae08e9e
  19.356 TIGER-SAMPLE pid 0x4b28 n 0x49 thread 0x2e0f thread 0x2e0f state-kr 0x0 pc 0x10ae0ce22 leaf __semwait_signal+0xa frames: 0x10ae0ce22 0x1040c7625 0x103ff81b2 0x1040ca799 0x1040c9886 0x1040c9469 0x10405e84e 0x1040c7049 0x10ae08e9e
  19.383 TIGER-SAMPLE pid 0x4b29 n 0x47 main 0xd03 thread 0xd03 state-kr 0x0 pc 0x90009817 leaf mach_msg_trap+0x7 frames: 0x90009817 0x9082d227 0x9083e100 0x300d9e7 0x4497f 0x83d4 0x83a2 0x82c9 0x3
  19.383 TIGER-SAMPLE pid 0x4b29 n 0x47 thread 0x1103 thread 0x1103 state-kr 0x0 pc 0x90009817 leaf mach_msg_trap+0x7 frames: 0x90009817 0x148f48 0x90023d67
  19.384 TIGER-SAMPLE pid 0x4b29 n 0x47 thread 0x1303 thread 0x1303 state-kr 0x0 pc 0x900bc3fc leaf poll+0xc frames: 0x900bc3fc 0x14bc44 0x2fac62b 0x30145f1 0x90023d67
  19.384 TIGER-SAMPLE pid 0x4b29 n 0x47 thread 0x2507 thread 0x2507 state-kr 0x0 pc 0x90024407 leaf semaphore_wait_signal_trap+0x7 frames: 0x90024407 0x34e1e 0x90023d67
  19.384 TIGER-SAMPLE pid 0x4b29 n 0x47 thread 0x2703 thread 0x2703 state-kr 0x0 pc 0x90024407 leaf semaphore_wait_signal_trap+0x7 frames: 0x90024407 0x34e1e 0x90023d67
  19.384 TIGER-SAMPLE pid 0x4b29 n 0x47 thread 0x2903 thread 0x2903 state-kr 0x0 pc 0x90024407 leaf semaphore_wait_signal_trap+0x7 frames: 0x90024407 0x34e1e 0x90023d67
  19.384 TIGER-SAMPLE pid 0x4b29 n 0x47 thread 0x2b03 thread 0x2b03 state-kr 0x0 pc 0x90024407 leaf semaphore_wait_signal_trap+0x7 frames: 0x90024407 0x34e1e 0x90023d67
  19.385 TIGER-SAMPLE pid 0x4b29 n 0x47 thread 0x2f07 thread 0x2f07 state-kr 0x0 pc 0x90019d0c leaf select+0xc frames: 0x90019d0c 0x14c115 0x13f348 0x2fac62b 0x30145f1 0x90023d67
  19.395 TIGER-SAMPLE pid 0x4b24 n 0x4b main 0x117 thread 0x117 state-kr 0x0 pc 0x90009817 leaf mach_msg_trap+0x7 frames: 0x90009817 0x9082d227 0x9082ca42 0x92e06878 0x92e05f82 0x92e05dd9 0x9328cf45 0x9328cb37 0x932868c4 0xc50a 0x8752 0x8679 0x5
  19.396 TIGER-SAMPLE pid 0x4b24 n 0x4b thread 0x1203 thread 0x1203 state-kr 0x0 pc 0x90009817 leaf mach_msg_trap+0x7 frames: 0x90009817 0x2d3fd8 0x90023d67
  19.396 TIGER-SAMPLE pid 0x4b24 n 0x4b thread 0x3207 thread 0x3207 state-kr 0x0 pc 0x90024407 leaf semaphore_wait_signal_trap+0x7 frames: 0x90024407 0x3af7e 0x90023d67
  19.396 TIGER-SAMPLE pid 0x4b24 n 0x4b thread 0x3403 thread 0x3403 state-kr 0x0 pc 0x90024407 leaf semaphore_wait_signal_trap+0x7 frames: 0x90024407 0x3af7e 0x90023d67
  19.396 TIGER-SAMPLE pid 0x4b24 n 0x4b thread 0x5603 thread 0x5603 state-kr 0x0 pc 0x90024407 leaf semaphore_wait_signal_trap+0x7 frames: 0x90024407 0x3af7e 0x90023d67
  19.396 TIGER-SAMPLE pid 0x4b24 n 0x4b thread 0x5903 thread 0x5903 state-kr 0x0 pc 0x900bc3fc leaf poll+0xc frames: 0x900bc3fc 0x2d6a64 0x313ae8b 0x31a40a1 0x90023d67
  19.397 TIGER-SAMPLE pid 0x4b24 n 0x4b thread 0x5a03 thread 0x5a03 state-kr 0x0 pc 0x90024407 leaf semaphore_wait_signal_trap+0x7 frames: 0x90024407 0x3af7e 0x90023d67
  19.397 TIGER-SAMPLE pid 0x4b24 n 0x4b thread 0x5807 thread 0x5807 state-kr 0x0 pc 0x900bc3fc leaf poll+0xc frames: 0x900bc3fc 0x2d6a64 0x313ae8b 0x31a40a1 0x90023d67
  19.606 TIGER-SAMPLE pid 0x4b28 n 0x4a main 0xd03 thread 0xd03 state-kr 0x0 pc 0x10ae0ce22 leaf __semwait_signal+0xa frames: 0x10ae0ce22 0x1040c7625 0x103ff81b2 0x1040ca799 0x1040c9886 0x1040c9469 0x10004a77b 0x100001b4c 0x100001a61 0x3
  19.606 TIGER-SAMPLE pid 0x4b28 n 0x4a thread 0xf03 thread 0xf03 state-kr 0x0 pc 0x10ae56e4e leaf mach_msg_trap+0xa frames: 0x10ae56e4e 0x100328062 0x10ae08e9e
  19.606 TIGER-SAMPLE pid 0x4b28 n 0x4a thread 0x1103 thread 0x1103 state-kr 0x0 pc 0x10ae0ce22 leaf __semwait_signal+0xa frames: 0x10ae0ce22 0x1040c7625 0x103ff81b2 0x1040ca799 0x1040c9886 0x1040c9469 0x10405e84e 0x1040c7049 0x10ae08e9e
  19.606 TIGER-SAMPLE pid 0x4b28 n 0x4a thread 0x2303 thread 0x2303 state-kr 0x0 pc 0x10adbd7e6 leaf poll+0xa frames: 0x10adbd7e6 0x10405e84e 0x1040c7049 0x10ae08e9e
  19.607 TIGER-SAMPLE pid 0x4b28 n 0x4a thread 0x2407 thread 0x2407 state-kr 0x0 pc 0x10ae0ce22 leaf __semwait_signal+0xa frames: 0x10ae0ce22 0x1040c7625 0x103ff81b2 0x1040ca799 0x1040c9886 0x1040c9469 0x10405e84e 0x1040c7049 0x10ae08e9e
  19.607 TIGER-SAMPLE pid 0x4b28 n 0x4a thread 0x2503 thread 0x2503 state-kr 0x0 pc 0x10ae0ce22 leaf __semwait_signal+0xa frames: 0x10ae0ce22 0x1040c7625 0x103ff81b2 0x1040ca799 0x1040c9886 0x1040c9469 0x10405e84e 0x1040c7049 0x10ae08e9e
  19.607 TIGER-SAMPLE pid 0x4b28 n 0x4a thread 0x2603 thread 0x2603 state-kr 0x0 pc 0x10ae0ce22 leaf __semwait_signal+0xa frames: 0x10ae0ce22 0x1040c7625 0x103ff81b2 0x1040ca799 0x1040c9886 0x1040c9469 0x10405e84e 0x1040c7049 0x10ae08e9e
  19.607 TIGER-SAMPLE pid 0x4b28 n 0x4a thread 0x2703 thread 0x2703 state-kr 0x0 pc 0x10ae0ce22 leaf __semwait_signal+0xa frames: 0x10ae0ce22 0x1040c7625 0x103ff81b2 0x1040ca799 0x1040c9886 0x1040c9469 0x10405e84e 0x1040c7049 0x10ae08e9e
  19.607 TIGER-SAMPLE pid 0x4b28 n 0x4a thread 0x2c03 thread 0x2c03 state-kr 0x0 pc 0x10adbd7e6 leaf poll+0xa frames: 0x10adbd7e6 0x1043c3427 0x1043c35ea 0x101f33797 0x101f3f561 0x10405e84e 0x1040c7049 0x10ae08e9e
  19.607 TIGER-SAMPLE pid 0x4b28 n 0x4a thread 0x2e0f thread 0x2e0f state-kr 0x0 pc 0x10ae0ce22 leaf __semwait_signal+0xa frames: 0x10ae0ce22 0x1040c7625 0x103ff81b2 0x1040ca799 0x1040c9886 0x1040c9469 0x10405e84e 0x1040c7049 0x10ae08e9e
  19.635 TIGER-SAMPLE pid 0x4b29 n 0x48 main 0xd03 thread 0xd03 state-kr 0x0 pc 0x90009817 leaf mach_msg_trap+0x7 frames: 0x90009817 0x9082d227 0x9083e100 0x300d9e7 0x4497f 0x83d4 0x83a2 0x82c9 0x3
  19.635 TIGER-SAMPLE pid 0x4b29 n 0x48 thread 0x1103 thread 0x1103 state-kr 0x0 pc 0x90009817 leaf mach_msg_trap+0x7 frames: 0x90009817 0x148f48 0x90023d67
  19.636 TIGER-SAMPLE pid 0x4b29 n 0x48 thread 0x1303 thread 0x1303 state-kr 0x0 pc 0x900bc3fc leaf poll+0xc frames: 0x900bc3fc 0x14bc44 0x2fac62b 0x30145f1 0x90023d67
  19.636 TIGER-SAMPLE pid 0x4b29 n 0x48 thread 0x2507 thread 0x2507 state-kr 0x0 pc 0x90024407 leaf semaphore_wait_signal_trap+0x7 frames: 0x90024407 0x34e1e 0x90023d67
  19.636 TIGER-SAMPLE pid 0x4b29 n 0x48 thread 0x2703 thread 0x2703 state-kr 0x0 pc 0x90024407 leaf semaphore_wait_signal_trap+0x7 frames: 0x90024407 0x34e1e 0x90023d67
  19.636 TIGER-SAMPLE pid 0x4b29 n 0x48 thread 0x2903 thread 0x2903 state-kr 0x0 pc 0x90024407 leaf semaphore_wait_signal_trap+0x7 frames: 0x90024407 0x34e1e 0x90023d67
  19.637 TIGER-SAMPLE pid 0x4b29 n 0x48 thread 0x2b03 thread 0x2b03 state-kr 0x0 pc 0x90024407 leaf semaphore_wait_signal_trap+0x7 frames: 0x90024407 0x34e1e 0x90023d67
  19.637 TIGER-SAMPLE pid 0x4b29 n 0x48 thread 0x2f07 thread 0x2f07 state-kr 0x0 pc 0x90019d0c leaf select+0xc frames: 0x90019d0c 0x14c115 0x13f348 0x2fac62b 0x30145f1 0x90023d67
  19.648 TIGER-SAMPLE pid 0x4b24 n 0x4c main 0x117 thread 0x117 state-kr 0x0 pc 0x90009817 leaf mach_msg_trap+0x7 frames: 0x90009817 0x9082d227 0x9082ca42 0x92e06878 0x92e05f82 0x92e05dd9 0x9328cf45 0x9328cb37 0x932868c4 0xc50a 0x8752 0x8679 0x5
  19.648 TIGER-SAMPLE pid 0x4b24 n 0x4c thread 0x1203 thread 0x1203 state-kr 0x0 pc 0x90009817 leaf mach_msg_trap+0x7 frames: 0x90009817 0x2d3fd8 0x90023d67
  19.648 TIGER-SAMPLE pid 0x4b24 n 0x4c thread 0x3207 thread 0x3207 state-kr 0x0 pc 0x90024407 leaf semaphore_wait_signal_trap+0x7 frames: 0x90024407 0x3af7e 0x90023d67
  19.648 TIGER-SAMPLE pid 0x4b24 n 0x4c thread 0x3403 thread 0x3403 state-kr 0x0 pc 0x90024407 leaf semaphore_wait_signal_trap+0x7 frames: 0x90024407 0x3af7e 0x90023d67
  19.648 TIGER-SAMPLE pid 0x4b24 n 0x4c thread 0x5603 thread 0x5603 state-kr 0x0 pc 0x90024407 leaf semaphore_wait_signal_trap+0x7 frames: 0x90024407 0x3af7e 0x90023d67
  19.649 TIGER-SAMPLE pid 0x4b24 n 0x4c thread 0x5903 thread 0x5903 state-kr 0x0 pc 0x900bc3fc leaf poll+0xc frames: 0x900bc3fc 0x2d6a64 0x313ae8b 0x31a40a1 0x90023d67
  19.649 TIGER-SAMPLE pid 0x4b24 n 0x4c thread 0x5a03 thread 0x5a03 state-kr 0x0 pc 0x90024407 leaf semaphore_wait_signal_trap+0x7 frames: 0x90024407 0x3af7e 0x90023d67
  19.649 TIGER-SAMPLE pid 0x4b24 n 0x4c thread 0x5807 thread 0x5807 state-kr 0x0 pc 0x900bc3fc leaf poll+0xc frames: 0x900bc3fc 0x2d6a64 0x313ae8b 0x31a40a1 0x90023d67
  19.858 TIGER-SAMPLE pid 0x4b28 n 0x4b main 0xd03 thread 0xd03 state-kr 0x0 pc 0x10ae0ce22 leaf __semwait_signal+0xa frames: 0x10ae0ce22 0x1040c7625 0x103ff81b2 0x1040ca799 0x1040c9886 0x1040c9469 0x10004a77b 0x100001b4c 0x100001a61 0x3
  19.858 TIGER-SAMPLE pid 0x4b28 n 0x4b thread 0xf03 thread 0xf03 state-kr 0x0 pc 0x10ae56e4e leaf mach_msg_trap+0xa frames: 0x10ae56e4e 0x100328062 0x10ae08e9e
  19.858 TIGER-SAMPLE pid 0x4b28 n 0x4b thread 0x1103 thread 0x1103 state-kr 0x0 pc 0x10ae0ce22 leaf __semwait_signal+0xa frames: 0x10ae0ce22 0x1040c7625 0x103ff81b2 0x1040ca799 0x1040c9886 0x1040c9469 0x10405e84e 0x1040c7049 0x10ae08e9e
  19.858 TIGER-SAMPLE pid 0x4b28 n 0x4b thread 0x2303 thread 0x2303 state-kr 0x0 pc 0x10adbd7e6 leaf poll+0xa frames: 0x10adbd7e6 0x10405e84e 0x1040c7049 0x10ae08e9e
  19.858 TIGER-SAMPLE pid 0x4b28 n 0x4b thread 0x2407 thread 0x2407 state-kr 0x0 pc 0x10ae0ce22 leaf __semwait_signal+0xa frames: 0x10ae0ce22 0x1040c7625 0x103ff81b2 0x1040ca799 0x1040c9886 0x1040c9469 0x10405e84e 0x1040c7049 0x10ae08e9e
  19.859 TIGER-SAMPLE pid 0x4b28 n 0x4b thread 0x2503 thread 0x2503 state-kr 0x0 pc 0x10ae0ce22 leaf __semwait_signal+0xa frames: 0x10ae0ce22 0x1040c7625 0x103ff81b2 0x1040ca799 0x1040c9886 0x1040c9469 0x10405e84e 0x1040c7049 0x10ae08e9e
  19.859 TIGER-SAMPLE pid 0x4b28 n 0x4b thread 0x2603 thread 0x2603 state-kr 0x0 pc 0x10ae0ce22 leaf __semwait_signal+0xa frames: 0x10ae0ce22 0x1040c7625 0x103ff81b2 0x1040ca799 0x1040c9886 0x1040c9469 0x10405e84e 0x1040c7049 0x10ae08e9e
  19.859 TIGER-SAMPLE pid 0x4b28 n 0x4b thread 0x2703 thread 0x2703 state-kr 0x0 pc 0x10ae0ce22 leaf __semwait_signal+0xa frames: 0x10ae0ce22 0x1040c7625 0x103ff81b2 0x1040ca799 0x1040c9886 0x1040c9469 0x10405e84e 0x1040c7049 0x10ae08e9e
  19.859 TIGER-SAMPLE pid 0x4b28 n 0x4b thread 0x2c03 thread 0x2c03 state-kr 0x0 pc 0x10adbd7e6 leaf poll+0xa frames: 0x10adbd7e6 0x1043c3427 0x1043c35ea 0x101f33797 0x101f3f561 0x10405e84e 0x1040c7049 0x10ae08e9e
  19.859 TIGER-SAMPLE pid 0x4b28 n 0x4b thread 0x2e0f thread 0x2e0f state-kr 0x0 pc 0x10ae0ce22 leaf __semwait_signal+0xa frames: 0x10ae0ce22 0x1040c7625 0x103ff81b2 0x1040ca799 0x1040c9886 0x1040c9469 0x10405e84e 0x1040c7049 0x10ae08e9e
  19.887 TIGER-SAMPLE pid 0x4b29 n 0x49 main 0xd03 thread 0xd03 state-kr 0x0 pc 0x90009817 leaf mach_msg_trap+0x7 frames: 0x90009817 0x9082d227 0x9083e100 0x300d9e7 0x4497f 0x83d4 0x83a2 0x82c9 0x3
  19.888 TIGER-SAMPLE pid 0x4b29 n 0x49 thread 0x1103 thread 0x1103 state-kr 0x0 pc 0x90009817 leaf mach_msg_trap+0x7 frames: 0x90009817 0x148f48 0x90023d67
  19.888 TIGER-SAMPLE pid 0x4b29 n 0x49 thread 0x1303 thread 0x1303 state-kr 0x0 pc 0x900bc3fc leaf poll+0xc frames: 0x900bc3fc 0x14bc44 0x2fac62b 0x30145f1 0x90023d67
  19.888 TIGER-SAMPLE pid 0x4b29 n 0x49 thread 0x2507 thread 0x2507 state-kr 0x0 pc 0x90024407 leaf semaphore_wait_signal_trap+0x7 frames: 0x90024407 0x34e1e 0x90023d67
  19.888 TIGER-SAMPLE pid 0x4b29 n 0x49 thread 0x2703 thread 0x2703 state-kr 0x0 pc 0x90024407 leaf semaphore_wait_signal_trap+0x7 frames: 0x90024407 0x34e1e 0x90023d67
  19.889 TIGER-SAMPLE pid 0x4b29 n 0x49 thread 0x2903 thread 0x2903 state-kr 0x0 pc 0x90024407 leaf semaphore_wait_signal_trap+0x7 frames: 0x90024407 0x34e1e 0x90023d67
  19.889 TIGER-SAMPLE pid 0x4b29 n 0x49 thread 0x2b03 thread 0x2b03 state-kr 0x0 pc 0x90024407 leaf semaphore_wait_signal_trap+0x7 frames: 0x90024407 0x34e1e 0x90023d67
  19.889 TIGER-SAMPLE pid 0x4b29 n 0x49 thread 0x2f07 thread 0x2f07 state-kr 0x0 pc 0x90019d0c leaf select+0xc frames: 0x90019d0c 0x14c115 0x13f348 0x2fac62b 0x30145f1 0x90023d67
  19.900 TIGER-SAMPLE pid 0x4b24 n 0x4d main 0x117 thread 0x117 state-kr 0x0 pc 0x90009817 leaf mach_msg_trap+0x7 frames: 0x90009817 0x9082d227 0x9082ca42 0x92e06878 0x92e05f82 0x92e05dd9 0x9328cf45 0x9328cb37 0x932868c4 0xc50a 0x8752 0x8679 0x5
  19.900 TIGER-SAMPLE pid 0x4b24 n 0x4d thread 0x1203 thread 0x1203 state-kr 0x0 pc 0x90009817 leaf mach_msg_trap+0x7 frames: 0x90009817 0x2d3fd8 0x90023d67
  19.900 TIGER-SAMPLE pid 0x4b24 n 0x4d thread 0x3207 thread 0x3207 state-kr 0x0 pc 0x90024407 leaf semaphore_wait_signal_trap+0x7 frames: 0x90024407 0x3af7e 0x90023d67
  19.900 TIGER-SAMPLE pid 0x4b24 n 0x4d thread 0x3403 thread 0x3403 state-kr 0x0 pc 0x90024407 leaf semaphore_wait_signal_trap+0x7 frames: 0x90024407 0x3af7e 0x90023d67
  19.901 TIGER-SAMPLE pid 0x4b24 n 0x4d thread 0x5603 thread 0x5603 state-kr 0x0 pc 0x90024407 leaf semaphore_wait_signal_trap+0x7 frames: 0x90024407 0x3af7e 0x90023d67
  19.901 TIGER-SAMPLE pid 0x4b24 n 0x4d thread 0x5903 thread 0x5903 state-kr 0x0 pc 0x900bc3fc leaf poll+0xc frames: 0x900bc3fc 0x2d6a64 0x313ae8b 0x31a40a1 0x90023d67
  19.901 TIGER-SAMPLE pid 0x4b24 n 0x4d thread 0x5a03 thread 0x5a03 state-kr 0x0 pc 0x90024407 leaf semaphore_wait_signal_trap+0x7 frames: 0x90024407 0x3af7e 0x90023d67
  19.901 TIGER-SAMPLE pid 0x4b24 n 0x4d thread 0x5807 thread 0x5807 state-kr 0x0 pc 0x900bc3fc leaf poll+0xc frames: 0x900bc3fc 0x2d6a64 0x313ae8b 0x31a40a1 0x90023d67
  20.110 TIGER-SAMPLE pid 0x4b28 n 0x4c main 0xd03 thread 0xd03 state-kr 0x0 pc 0x10ae0ce22 leaf __semwait_signal+0xa frames: 0x10ae0ce22 0x1040c7625 0x103ff81b2 0x1040ca799 0x1040c9886 0x1040c9469 0x10004a77b 0x100001b4c 0x100001a61 0x3
  20.110 TIGER-SAMPLE pid 0x4b28 n 0x4c thread 0xf03 thread 0xf03 state-kr 0x0 pc 0x10ae56e4e leaf mach_msg_trap+0xa frames: 0x10ae56e4e 0x100328062 0x10ae08e9e
  20.110 TIGER-SAMPLE pid 0x4b28 n 0x4c thread 0x1103 thread 0x1103 state-kr 0x0 pc 0x10ae0ce22 leaf __semwait_signal+0xa frames: 0x10ae0ce22 0x1040c7625 0x103ff81b2 0x1040ca799 0x1040c9886 0x1040c9469 0x10405e84e 0x1040c7049 0x10ae08e9e
  20.110 TIGER-SAMPLE pid 0x4b28 n 0x4c thread 0x2303 thread 0x2303 state-kr 0x0 pc 0x10adbd7e6 leaf poll+0xa frames: 0x10adbd7e6 0x10405e84e 0x1040c7049 0x10ae08e9e
  20.110 TIGER-SAMPLE pid 0x4b28 n 0x4c thread 0x2407 thread 0x2407 state-kr 0x0 pc 0x10ae0ce22 leaf __semwait_signal+0xa frames: 0x10ae0ce22 0x1040c7625 0x103ff81b2 0x1040ca799 0x1040c9886 0x1040c9469 0x10405e84e 0x1040c7049 0x10ae08e9e
  20.110 TIGER-SAMPLE pid 0x4b28 n 0x4c thread 0x2503 thread 0x2503 state-kr 0x0 pc 0x10ae0ce22 leaf __semwait_signal+0xa frames: 0x10ae0ce22 0x1040c7625 0x103ff81b2 0x1040ca799 0x1040c9886 0x1040c9469 0x10405e84e 0x1040c7049 0x10ae08e9e
  20.111 TIGER-SAMPLE pid 0x4b28 n 0x4c thread 0x2603 thread 0x2603 state-kr 0x0 pc 0x10ae0ce22 leaf __semwait_signal+0xa frames: 0x10ae0ce22 0x1040c7625 0x103ff81b2 0x1040ca799 0x1040c9886 0x1040c9469 0x10405e84e 0x1040c7049 0x10ae08e9e
  20.111 TIGER-SAMPLE pid 0x4b28 n 0x4c thread 0x2703 thread 0x2703 state-kr 0x0 pc 0x10ae0ce22 leaf __semwait_signal+0xa frames: 0x10ae0ce22 0x1040c7625 0x103ff81b2 0x1040ca799 0x1040c9886 0x1040c9469 0x10405e84e 0x1040c7049 0x10ae08e9e
  20.111 TIGER-SAMPLE pid 0x4b28 n 0x4c thread 0x2c03 thread 0x2c03 state-kr 0x0 pc 0x10adbd7e6 leaf poll+0xa frames: 0x10adbd7e6 0x1043c3427 0x1043c35ea 0x101f33797 0x101f3f561 0x10405e84e 0x1040c7049 0x10ae08e9e
  20.111 TIGER-SAMPLE pid 0x4b28 n 0x4c thread 0x2e0f thread 0x2e0f state-kr 0x0 pc 0x10ae0ce22 leaf __semwait_signal+0xa frames: 0x10ae0ce22 0x1040c7625 0x103ff81b2 0x1040ca799 0x1040c9886 0x1040c9469 0x10405e84e 0x1040c7049 0x10ae08e9e
  20.140 TIGER-SAMPLE pid 0x4b29 n 0x4a main 0xd03 thread 0xd03 state-kr 0x0 pc 0x90009817 leaf mach_msg_trap+0x7 frames: 0x90009817 0x9082d227 0x9083e100 0x300d9e7 0x4497f 0x83d4 0x83a2 0x82c9 0x3
  20.140 TIGER-SAMPLE pid 0x4b29 n 0x4a thread 0x1103 thread 0x1103 state-kr 0x0 pc 0x90009817 leaf mach_msg_trap+0x7 frames: 0x90009817 0x148f48 0x90023d67
  20.140 TIGER-SAMPLE pid 0x4b29 n 0x4a thread 0x1303 thread 0x1303 state-kr 0x0 pc 0x900bc3fc leaf poll+0xc frames: 0x900bc3fc 0x14bc44 0x2fac62b 0x30145f1 0x90023d67
  20.140 TIGER-SAMPLE pid 0x4b29 n 0x4a thread 0x2507 thread 0x2507 state-kr 0x0 pc 0x90024407 leaf semaphore_wait_signal_trap+0x7 frames: 0x90024407 0x34e1e 0x90023d67
  20.141 TIGER-SAMPLE pid 0x4b29 n 0x4a thread 0x2703 thread 0x2703 state-kr 0x0 pc 0x90024407 leaf semaphore_wait_signal_trap+0x7 frames: 0x90024407 0x34e1e 0x90023d67
  20.141 TIGER-SAMPLE pid 0x4b29 n 0x4a thread 0x2903 thread 0x2903 state-kr 0x0 pc 0x90024407 leaf semaphore_wait_signal_trap+0x7 frames: 0x90024407 0x34e1e 0x90023d67
  20.141 TIGER-SAMPLE pid 0x4b29 n 0x4a thread 0x2b03 thread 0x2b03 state-kr 0x0 pc 0x90024407 leaf semaphore_wait_signal_trap+0x7 frames: 0x90024407 0x34e1e 0x90023d67
  20.141 TIGER-SAMPLE pid 0x4b29 n 0x4a thread 0x2f07 thread 0x2f07 state-kr 0x0 pc 0x90019d0c leaf select+0xc frames: 0x90019d0c 0x14c115 0x13f348 0x2fac62b 0x30145f1 0x90023d67
  20.152 TIGER-SAMPLE pid 0x4b24 n 0x4e main 0x117 thread 0x117 state-kr 0x0 pc 0x90009817 leaf mach_msg_trap+0x7 frames: 0x90009817 0x9082d227 0x9082ca42 0x92e06878 0x92e05f82 0x92e05dd9 0x9328cf45 0x9328cb37 0x932868c4 0xc50a 0x8752 0x8679 0x5
  20.152 TIGER-SAMPLE pid 0x4b24 n 0x4e thread 0x1203 thread 0x1203 state-kr 0x0 pc 0x90009817 leaf mach_msg_trap+0x7 frames: 0x90009817 0x2d3fd8 0x90023d67
  20.152 TIGER-SAMPLE pid 0x4b24 n 0x4e thread 0x3207 thread 0x3207 state-kr 0x0 pc 0x90024407 leaf semaphore_wait_signal_trap+0x7 frames: 0x90024407 0x3af7e 0x90023d67
  20.153 TIGER-SAMPLE pid 0x4b24 n 0x4e thread 0x3403 thread 0x3403 state-kr 0x0 pc 0x90024407 leaf semaphore_wait_signal_trap+0x7 frames: 0x90024407 0x3af7e 0x90023d67
  20.153 TIGER-SAMPLE pid 0x4b24 n 0x4e thread 0x5603 thread 0x5603 state-kr 0x0 pc 0x90024407 leaf semaphore_wait_signal_trap+0x7 frames: 0x90024407 0x3af7e 0x90023d67
  20.153 TIGER-SAMPLE pid 0x4b24 n 0x4e thread 0x5903 thread 0x5903 state-kr 0x0 pc 0x900bc3fc leaf poll+0xc frames: 0x900bc3fc 0x2d6a64 0x313ae8b 0x31a40a1 0x90023d67
  20.153 TIGER-SAMPLE pid 0x4b24 n 0x4e thread 0x5a03 thread 0x5a03 state-kr 0x0 pc 0x90024407 leaf semaphore_wait_signal_trap+0x7 frames: 0x90024407 0x3af7e 0x90023d67
  20.154 TIGER-SAMPLE pid 0x4b24 n 0x4e thread 0x5807 thread 0x5807 state-kr 0x0 pc 0x900bc3fc leaf poll+0xc frames: 0x900bc3fc 0x2d6a64 0x313ae8b 0x31a40a1 0x90023d67
  20.362 TIGER-SAMPLE pid 0x4b28 n 0x4d main 0xd03 thread 0xd03 state-kr 0x0 pc 0x10ae0ce22 leaf __semwait_signal+0xa frames: 0x10ae0ce22 0x1040c7625 0x103ff81b2 0x1040ca799 0x1040c9886 0x1040c9469 0x10004a77b 0x100001b4c 0x100001a61 0x3
  20.362 TIGER-SAMPLE pid 0x4b28 n 0x4d thread 0xf03 thread 0xf03 state-kr 0x0 pc 0x10ae56e4e leaf mach_msg_trap+0xa frames: 0x10ae56e4e 0x100328062 0x10ae08e9e
  20.362 TIGER-SAMPLE pid 0x4b28 n 0x4d thread 0x1103 thread 0x1103 state-kr 0x0 pc 0x10ae0ce22 leaf __semwait_signal+0xa frames: 0x10ae0ce22 0x1040c7625 0x103ff81b2 0x1040ca799 0x1040c9886 0x1040c9469 0x10405e84e 0x1040c7049 0x10ae08e9e
  20.362 TIGER-SAMPLE pid 0x4b28 n 0x4d thread 0x2303 thread 0x2303 state-kr 0x0 pc 0x10adbd7e6 leaf poll+0xa frames: 0x10adbd7e6 0x10405e84e 0x1040c7049 0x10ae08e9e
  20.362 TIGER-SAMPLE pid 0x4b28 n 0x4d thread 0x2407 thread 0x2407 state-kr 0x0 pc 0x10ae0ce22 leaf __semwait_signal+0xa frames: 0x10ae0ce22 0x1040c7625 0x103ff81b2 0x1040ca799 0x1040c9886 0x1040c9469 0x10405e84e 0x1040c7049 0x10ae08e9e
  20.362 TIGER-SAMPLE pid 0x4b28 n 0x4d thread 0x2503 thread 0x2503 state-kr 0x0 pc 0x10ae0ce22 leaf __semwait_signal+0xa frames: 0x10ae0ce22 0x1040c7625 0x103ff81b2 0x1040ca799 0x1040c9886 0x1040c9469 0x10405e84e 0x1040c7049 0x10ae08e9e
  20.363 TIGER-SAMPLE pid 0x4b28 n 0x4d thread 0x2603 thread 0x2603 state-kr 0x0 pc 0x10ae0ce22 leaf __semwait_signal+0xa frames: 0x10ae0ce22 0x1040c7625 0x103ff81b2 0x1040ca799 0x1040c9886 0x1040c9469 0x10405e84e 0x1040c7049 0x10ae08e9e
  20.363 TIGER-SAMPLE pid 0x4b28 n 0x4d thread 0x2703 thread 0x2703 state-kr 0x0 pc 0x10ae0ce22 leaf __semwait_signal+0xa frames: 0x10ae0ce22 0x1040c7625 0x103ff81b2 0x1040ca799 0x1040c9886 0x1040c9469 0x10405e84e 0x1040c7049 0x10ae08e9e
  20.363 TIGER-SAMPLE pid 0x4b28 n 0x4d thread 0x2c03 thread 0x2c03 state-kr 0x0 pc 0x10adbd7e6 leaf poll+0xa frames: 0x10adbd7e6 0x1043c3427 0x1043c35ea 0x101f33797 0x101f3f561 0x10405e84e 0x1040c7049 0x10ae08e9e
  20.363 TIGER-SAMPLE pid 0x4b28 n 0x4d thread 0x2e0f thread 0x2e0f state-kr 0x0 pc 0x10ae0ce22 leaf __semwait_signal+0xa frames: 0x10ae0ce22 0x1040c7625 0x103ff81b2 0x1040ca799 0x1040c9886 0x1040c9469 0x10405e84e 0x1040c7049 0x10ae08e9e
  20.392 TIGER-SAMPLE pid 0x4b29 n 0x4b main 0xd03 thread 0xd03 state-kr 0x0 pc 0x90009817 leaf mach_msg_trap+0x7 frames: 0x90009817 0x9082d227 0x9083e100 0x300d9e7 0x4497f 0x83d4 0x83a2 0x82c9 0x3
  20.392 TIGER-SAMPLE pid 0x4b29 n 0x4b thread 0x1103 thread 0x1103 state-kr 0x0 pc 0x90009817 leaf mach_msg_trap+0x7 frames: 0x90009817 0x148f48 0x90023d67
  20.392 TIGER-SAMPLE pid 0x4b29 n 0x4b thread 0x1303 thread 0x1303 state-kr 0x0 pc 0x900bc3fc leaf poll+0xc frames: 0x900bc3fc 0x14bc44 0x2fac62b 0x30145f1 0x90023d67
  20.392 TIGER-SAMPLE pid 0x4b29 n 0x4b thread 0x2507 thread 0x2507 state-kr 0x0 pc 0x90024407 leaf semaphore_wait_signal_trap+0x7 frames: 0x90024407 0x34e1e 0x90023d67
  20.393 TIGER-SAMPLE pid 0x4b29 n 0x4b thread 0x2703 thread 0x2703 state-kr 0x0 pc 0x90024407 leaf semaphore_wait_signal_trap+0x7 frames: 0x90024407 0x34e1e 0x90023d67
  20.393 TIGER-SAMPLE pid 0x4b29 n 0x4b thread 0x2903 thread 0x2903 state-kr 0x0 pc 0x90024407 leaf semaphore_wait_signal_trap+0x7 frames: 0x90024407 0x34e1e 0x90023d67
  20.393 TIGER-SAMPLE pid 0x4b29 n 0x4b thread 0x2b03 thread 0x2b03 state-kr 0x0 pc 0x90024407 leaf semaphore_wait_signal_trap+0x7 frames: 0x90024407 0x34e1e 0x90023d67
  20.393 TIGER-SAMPLE pid 0x4b29 n 0x4b thread 0x2f07 thread 0x2f07 state-kr 0x0 pc 0x90019d0c leaf select+0xc frames: 0x90019d0c 0x14c115 0x13f348 0x2fac62b 0x30145f1 0x90023d67
  20.404 TIGER-SAMPLE pid 0x4b24 n 0x4f main 0x117 thread 0x117 state-kr 0x0 pc 0x90009817 leaf mach_msg_trap+0x7 frames: 0x90009817 0x9082d227 0x9082ca42 0x92e06878 0x92e05f82 0x92e05dd9 0x9328cf45 0x9328cb37 0x932868c4 0xc50a 0x8752 0x8679 0x5
  20.404 TIGER-SAMPLE pid 0x4b24 n 0x4f thread 0x1203 thread 0x1203 state-kr 0x0 pc 0x90009817 leaf mach_msg_trap+0x7 frames: 0x90009817 0x2d3fd8 0x90023d67
  20.405 TIGER-SAMPLE pid 0x4b24 n 0x4f thread 0x3207 thread 0x3207 state-kr 0x0 pc 0x90024407 leaf semaphore_wait_signal_trap+0x7 frames: 0x90024407 0x3af7e 0x90023d67
  20.405 TIGER-SAMPLE pid 0x4b24 n 0x4f thread 0x3403 thread 0x3403 state-kr 0x0 pc 0x90024407 leaf semaphore_wait_signal_trap+0x7 frames: 0x90024407 0x3af7e 0x90023d67
  20.405 TIGER-SAMPLE pid 0x4b24 n 0x4f thread 0x5603 thread 0x5603 state-kr 0x0 pc 0x90024407 leaf semaphore_wait_signal_trap+0x7 frames: 0x90024407 0x3af7e 0x90023d67
  20.405 TIGER-SAMPLE pid 0x4b24 n 0x4f thread 0x5903 thread 0x5903 state-kr 0x0 pc 0x900bc3fc leaf poll+0xc frames: 0x900bc3fc 0x2d6a64 0x313ae8b 0x31a40a1 0x90023d67
  20.406 TIGER-SAMPLE pid 0x4b24 n 0x4f thread 0x5a03 thread 0x5a03 state-kr 0x0 pc 0x90024407 leaf semaphore_wait_signal_trap+0x7 frames: 0x90024407 0x3af7e 0x90023d67
  20.406 TIGER-SAMPLE pid 0x4b24 n 0x4f thread 0x5807 thread 0x5807 state-kr 0x0 pc 0x900bc3fc leaf poll+0xc frames: 0x900bc3fc 0x2d6a64 0x313ae8b 0x31a40a1 0x90023d67
  20.613 TIGER-SAMPLE pid 0x4b28 n 0x4e main 0xd03 thread 0xd03 state-kr 0x0 pc 0x10ae0ce22 leaf __semwait_signal+0xa frames: 0x10ae0ce22 0x1040c7625 0x103ff81b2 0x1040ca799 0x1040c9886 0x1040c9469 0x10004a77b 0x100001b4c 0x100001a61 0x3
  20.614 TIGER-SAMPLE pid 0x4b28 n 0x4e thread 0xf03 thread 0xf03 state-kr 0x0 pc 0x10ae56e4e leaf mach_msg_trap+0xa frames: 0x10ae56e4e 0x100328062 0x10ae08e9e
  20.614 TIGER-SAMPLE pid 0x4b28 n 0x4e thread 0x1103 thread 0x1103 state-kr 0x0 pc 0x10ae0ce22 leaf __semwait_signal+0xa frames: 0x10ae0ce22 0x1040c7625 0x103ff81b2 0x1040ca799 0x1040c9886 0x1040c9469 0x10405e84e 0x1040c7049 0x10ae08e9e
  20.614 TIGER-SAMPLE pid 0x4b28 n 0x4e thread 0x2303 thread 0x2303 state-kr 0x0 pc 0x10adbd7e6 leaf poll+0xa frames: 0x10adbd7e6 0x10405e84e 0x1040c7049 0x10ae08e9e
  20.614 TIGER-SAMPLE pid 0x4b28 n 0x4e thread 0x2407 thread 0x2407 state-kr 0x0 pc 0x10ae0ce22 leaf __semwait_signal+0xa frames: 0x10ae0ce22 0x1040c7625 0x103ff81b2 0x1040ca799 0x1040c9886 0x1040c9469 0x10405e84e 0x1040c7049 0x10ae08e9e
  20.614 TIGER-SAMPLE pid 0x4b28 n 0x4e thread 0x2503 thread 0x2503 state-kr 0x0 pc 0x10ae0ce22 leaf __semwait_signal+0xa frames: 0x10ae0ce22 0x1040c7625 0x103ff81b2 0x1040ca799 0x1040c9886 0x1040c9469 0x10405e84e 0x1040c7049 0x10ae08e9e
  20.614 TIGER-SAMPLE pid 0x4b28 n 0x4e thread 0x2603 thread 0x2603 state-kr 0x0 pc 0x10ae0ce22 leaf __semwait_signal+0xa frames: 0x10ae0ce22 0x1040c7625 0x103ff81b2 0x1040ca799 0x1040c9886 0x1040c9469 0x10405e84e 0x1040c7049 0x10ae08e9e
  20.614 TIGER-SAMPLE pid 0x4b28 n 0x4e thread 0x2703 thread 0x2703 state-kr 0x0 pc 0x10ae0ce22 leaf __semwait_signal+0xa frames: 0x10ae0ce22 0x1040c7625 0x103ff81b2 0x1040ca799 0x1040c9886 0x1040c9469 0x10405e84e 0x1040c7049 0x10ae08e9e
  20.615 TIGER-SAMPLE pid 0x4b28 n 0x4e thread 0x2c03 thread 0x2c03 state-kr 0x0 pc 0x10adbd7e6 leaf poll+0xa frames: 0x10adbd7e6 0x1043c3427 0x1043c35ea 0x101f33797 0x101f3f561 0x10405e84e 0x1040c7049 0x10ae08e9e
  20.615 TIGER-SAMPLE pid 0x4b28 n 0x4e thread 0x2e0f thread 0x2e0f state-kr 0x0 pc 0x10ae0ce22 leaf __semwait_signal+0xa frames: 0x10ae0ce22 0x1040c7625 0x103ff81b2 0x1040ca799 0x1040c9886 0x1040c9469 0x10405e84e 0x1040c7049 0x10ae08e9e
  20.644 TIGER-SAMPLE pid 0x4b29 n 0x4c main 0xd03 thread 0xd03 state-kr 0x0 pc 0x90009817 leaf mach_msg_trap+0x7 frames: 0x90009817 0x9082d227 0x9083e100 0x300d9e7 0x4497f 0x83d4 0x83a2 0x82c9 0x3
  20.644 TIGER-SAMPLE pid 0x4b29 n 0x4c thread 0x1103 thread 0x1103 state-kr 0x0 pc 0x90009817 leaf mach_msg_trap+0x7 frames: 0x90009817 0x148f48 0x90023d67
  20.644 TIGER-SAMPLE pid 0x4b29 n 0x4c thread 0x1303 thread 0x1303 state-kr 0x0 pc 0x900bc3fc leaf poll+0xc frames: 0x900bc3fc 0x14bc44 0x2fac62b 0x30145f1 0x90023d67
  20.645 TIGER-SAMPLE pid 0x4b29 n 0x4c thread 0x2507 thread 0x2507 state-kr 0x0 pc 0x90024407 leaf semaphore_wait_signal_trap+0x7 frames: 0x90024407 0x34e1e 0x90023d67
  20.645 TIGER-SAMPLE pid 0x4b29 n 0x4c thread 0x2703 thread 0x2703 state-kr 0x0 pc 0x90024407 leaf semaphore_wait_signal_trap+0x7 frames: 0x90024407 0x34e1e 0x90023d67
  20.645 TIGER-SAMPLE pid 0x4b29 n 0x4c thread 0x2903 thread 0x2903 state-kr 0x0 pc 0x90024407 leaf semaphore_wait_signal_trap+0x7 frames: 0x90024407 0x34e1e 0x90023d67
  20.645 TIGER-SAMPLE pid 0x4b29 n 0x4c thread 0x2b03 thread 0x2b03 state-kr 0x0 pc 0x90024407 leaf semaphore_wait_signal_trap+0x7 frames: 0x90024407 0x34e1e 0x90023d67
  20.646 TIGER-SAMPLE pid 0x4b29 n 0x4c thread 0x2f07 thread 0x2f07 state-kr 0x0 pc 0x90019d0c leaf select+0xc frames: 0x90019d0c 0x14c115 0x13f348 0x2fac62b 0x30145f1 0x90023d67
  20.656 TIGER-SAMPLE pid 0x4b24 n 0x50 main 0x117 thread 0x117 state-kr 0x0 pc 0x90009817 leaf mach_msg_trap+0x7 frames: 0x90009817 0x9082d227 0x9082ca42 0x92e06878 0x92e05f82 0x92e05dd9 0x9328cf45 0x9328cb37 0x932868c4 0xc50a 0x8752 0x8679 0x5
  20.657 TIGER-SAMPLE pid 0x4b24 n 0x50 thread 0x1203 thread 0x1203 state-kr 0x0 pc 0x90009817 leaf mach_msg_trap+0x7 frames: 0x90009817 0x2d3fd8 0x90023d67
  20.657 TIGER-SAMPLE pid 0x4b24 n 0x50 thread 0x3207 thread 0x3207 state-kr 0x0 pc 0x90024407 leaf semaphore_wait_signal_trap+0x7 frames: 0x90024407 0x3af7e 0x90023d67
  20.657 TIGER-SAMPLE pid 0x4b24 n 0x50 thread 0x3403 thread 0x3403 state-kr 0x0 pc 0x90024407 leaf semaphore_wait_signal_trap+0x7 frames: 0x90024407 0x3af7e 0x90023d67
  20.657 TIGER-SAMPLE pid 0x4b24 n 0x50 thread 0x5603 thread 0x5603 state-kr 0x0 pc 0x90024407 leaf semaphore_wait_signal_trap+0x7 frames: 0x90024407 0x3af7e 0x90023d67
  20.658 TIGER-SAMPLE pid 0x4b24 n 0x50 thread 0x5903 thread 0x5903 state-kr 0x0 pc 0x900bc3fc leaf poll+0xc frames: 0x900bc3fc 0x2d6a64 0x313ae8b 0x31a40a1 0x90023d67
  20.658 TIGER-SAMPLE pid 0x4b24 n 0x50 thread 0x5a03 thread 0x5a03 state-kr 0x0 pc 0x90024407 leaf semaphore_wait_signal_trap+0x7 frames: 0x90024407 0x3af7e 0x90023d67
  20.658 TIGER-SAMPLE pid 0x4b24 n 0x50 thread 0x5807 thread 0x5807 state-kr 0x0 pc 0x900bc3fc leaf poll+0xc frames: 0x900bc3fc 0x2d6a64 0x313ae8b 0x31a40a1 0x90023d67
  20.865 TIGER-SAMPLE pid 0x4b28 n 0x4f main 0xd03 thread 0xd03 state-kr 0x0 pc 0x10ae0ce22 leaf __semwait_signal+0xa frames: 0x10ae0ce22 0x1040c7625 0x103ff81b2 0x1040ca799 0x1040c9886 0x1040c9469 0x10004a77b 0x100001b4c 0x100001a61 0x3
  20.865 TIGER-SAMPLE pid 0x4b28 n 0x4f thread 0xf03 thread 0xf03 state-kr 0x0 pc 0x10ae56e4e leaf mach_msg_trap+0xa frames: 0x10ae56e4e 0x100328062 0x10ae08e9e
  20.866 TIGER-SAMPLE pid 0x4b28 n 0x4f thread 0x1103 thread 0x1103 state-kr 0x0 pc 0x10ae0ce22 leaf __semwait_signal+0xa frames: 0x10ae0ce22 0x1040c7625 0x103ff81b2 0x1040ca799 0x1040c9886 0x1040c9469 0x10405e84e 0x1040c7049 0x10ae08e9e
  20.866 TIGER-SAMPLE pid 0x4b28 n 0x4f thread 0x2303 thread 0x2303 state-kr 0x0 pc 0x10adbd7e6 leaf poll+0xa frames: 0x10adbd7e6 0x10405e84e 0x1040c7049 0x10ae08e9e
  20.866 TIGER-SAMPLE pid 0x4b28 n 0x4f thread 0x2407 thread 0x2407 state-kr 0x0 pc 0x10ae0ce22 leaf __semwait_signal+0xa frames: 0x10ae0ce22 0x1040c7625 0x103ff81b2 0x1040ca799 0x1040c9886 0x1040c9469 0x10405e84e 0x1040c7049 0x10ae08e9e
  20.866 TIGER-SAMPLE pid 0x4b28 n 0x4f thread 0x2503 thread 0x2503 state-kr 0x0 pc 0x10ae0ce22 leaf __semwait_signal+0xa frames: 0x10ae0ce22 0x1040c7625 0x103ff81b2 0x1040ca799 0x1040c9886 0x1040c9469 0x10405e84e 0x1040c7049 0x10ae08e9e
  20.866 TIGER-SAMPLE pid 0x4b28 n 0x4f thread 0x2603 thread 0x2603 state-kr 0x0 pc 0x10ae0ce22 leaf __semwait_signal+0xa frames: 0x10ae0ce22 0x1040c7625 0x103ff81b2 0x1040ca799 0x1040c9886 0x1040c9469 0x10405e84e 0x1040c7049 0x10ae08e9e
  20.866 TIGER-SAMPLE pid 0x4b28 n 0x4f thread 0x2703 thread 0x2703 state-kr 0x0 pc 0x10ae0ce22 leaf __semwait_signal+0xa frames: 0x10ae0ce22 0x1040c7625 0x103ff81b2 0x1040ca799 0x1040c9886 0x1040c9469 0x10405e84e 0x1040c7049 0x10ae08e9e
  20.867 TIGER-SAMPLE pid 0x4b28 n 0x4f thread 0x2c03 thread 0x2c03 state-kr 0x0 pc 0x10adbd7e6 leaf poll+0xa frames: 0x10adbd7e6 0x1043c3427 0x1043c35ea 0x101f33797 0x101f3f561 0x10405e84e 0x1040c7049 0x10ae08e9e
  20.867 TIGER-SAMPLE pid 0x4b28 n 0x4f thread 0x2e0f thread 0x2e0f state-kr 0x0 pc 0x10ae0ce22 leaf __semwait_signal+0xa frames: 0x10ae0ce22 0x1040c7625 0x103ff81b2 0x1040ca799 0x1040c9886 0x1040c9469 0x10405e84e 0x1040c7049 0x10ae08e9e
  20.896 TIGER-SAMPLE pid 0x4b29 n 0x4d main 0xd03 thread 0xd03 state-kr 0x0 pc 0x90009817 leaf mach_msg_trap+0x7 frames: 0x90009817 0x9082d227 0x9083e100 0x300d9e7 0x4497f 0x83d4 0x83a2 0x82c9 0x3
  20.896 TIGER-SAMPLE pid 0x4b29 n 0x4d thread 0x1103 thread 0x1103 state-kr 0x0 pc 0x90009817 leaf mach_msg_trap+0x7 frames: 0x90009817 0x148f48 0x90023d67
  20.897 TIGER-SAMPLE pid 0x4b29 n 0x4d thread 0x1303 thread 0x1303 state-kr 0x0 pc 0x900bc3fc leaf poll+0xc frames: 0x900bc3fc 0x14bc44 0x2fac62b 0x30145f1 0x90023d67
  20.897 TIGER-SAMPLE pid 0x4b29 n 0x4d thread 0x2507 thread 0x2507 state-kr 0x0 pc 0x90024407 leaf semaphore_wait_signal_trap+0x7 frames: 0x90024407 0x34e1e 0x90023d67
  20.897 TIGER-SAMPLE pid 0x4b29 n 0x4d thread 0x2703 thread 0x2703 state-kr 0x0 pc 0x90024407 leaf semaphore_wait_signal_trap+0x7 frames: 0x90024407 0x34e1e 0x90023d67
  20.897 TIGER-SAMPLE pid 0x4b29 n 0x4d thread 0x2903 thread 0x2903 state-kr 0x0 pc 0x90024407 leaf semaphore_wait_signal_trap+0x7 frames: 0x90024407 0x34e1e 0x90023d67
  20.898 TIGER-SAMPLE pid 0x4b29 n 0x4d thread 0x2b03 thread 0x2b03 state-kr 0x0 pc 0x90024407 leaf semaphore_wait_signal_trap+0x7 frames: 0x90024407 0x34e1e 0x90023d67
  20.898 TIGER-SAMPLE pid 0x4b29 n 0x4d thread 0x2f07 thread 0x2f07 state-kr 0x0 pc 0x90019d0c leaf select+0xc frames: 0x90019d0c 0x14c115 0x13f348 0x2fac62b 0x30145f1 0x90023d67
  20.909 TIGER-SAMPLE pid 0x4b24 n 0x51 main 0x117 thread 0x117 state-kr 0x0 pc 0x90009817 leaf mach_msg_trap+0x7 frames: 0x90009817 0x9082d227 0x9082ca42 0x92e06878 0x92e05f82 0x92e05dd9 0x9328cf45 0x9328cb37 0x932868c4 0xc50a 0x8752 0x8679 0x5
  20.909 TIGER-SAMPLE pid 0x4b24 n 0x51 thread 0x1203 thread 0x1203 state-kr 0x0 pc 0x90009817 leaf mach_msg_trap+0x7 frames: 0x90009817 0x2d3fd8 0x90023d67
  20.909 TIGER-SAMPLE pid 0x4b24 n 0x51 thread 0x3207 thread 0x3207 state-kr 0x0 pc 0x90024407 leaf semaphore_wait_signal_trap+0x7 frames: 0x90024407 0x3af7e 0x90023d67
  20.909 TIGER-SAMPLE pid 0x4b24 n 0x51 thread 0x3403 thread 0x3403 state-kr 0x0 pc 0x90024407 leaf semaphore_wait_signal_trap+0x7 frames: 0x90024407 0x3af7e 0x90023d67
  20.909 TIGER-SAMPLE pid 0x4b24 n 0x51 thread 0x5603 thread 0x5603 state-kr 0x0 pc 0x90024407 leaf semaphore_wait_signal_trap+0x7 frames: 0x90024407 0x3af7e 0x90023d67
  20.910 TIGER-SAMPLE pid 0x4b24 n 0x51 thread 0x5903 thread 0x5903 state-kr 0x0 pc 0x900bc3fc leaf poll+0xc frames: 0x900bc3fc 0x2d6a64 0x313ae8b 0x31a40a1 0x90023d67
  20.910 TIGER-SAMPLE pid 0x4b24 n 0x51 thread 0x5a03 thread 0x5a03 state-kr 0x0 pc 0x90024407 leaf semaphore_wait_signal_trap+0x7 frames: 0x90024407 0x3af7e 0x90023d67
  20.910 TIGER-SAMPLE pid 0x4b24 n 0x51 thread 0x5807 thread 0x5807 state-kr 0x0 pc 0x900bc3fc leaf poll+0xc frames: 0x900bc3fc 0x2d6a64 0x313ae8b 0x31a40a1 0x90023d67
  21.117 TIGER-SAMPLE pid 0x4b28 n 0x50 main 0xd03 thread 0xd03 state-kr 0x0 pc 0x10ae0ce22 leaf __semwait_signal+0xa frames: 0x10ae0ce22 0x1040c7625 0x103ff81b2 0x1040ca799 0x1040c9886 0x1040c9469 0x10004a77b 0x100001b4c 0x100001a61 0x3
  21.117 TIGER-SAMPLE pid 0x4b28 n 0x50 thread 0xf03 thread 0xf03 state-kr 0x0 pc 0x10ae56e4e leaf mach_msg_trap+0xa frames: 0x10ae56e4e 0x100328062 0x10ae08e9e
  21.117 TIGER-SAMPLE pid 0x4b28 n 0x50 thread 0x1103 thread 0x1103 state-kr 0x0 pc 0x10ae0ce22 leaf __semwait_signal+0xa frames: 0x10ae0ce22 0x1040c7625 0x103ff81b2 0x1040ca799 0x1040c9886 0x1040c9469 0x10405e84e 0x1040c7049 0x10ae08e9e
  21.118 TIGER-SAMPLE pid 0x4b28 n 0x50 thread 0x2303 thread 0x2303 state-kr 0x0 pc 0x10adbd7e6 leaf poll+0xa frames: 0x10adbd7e6 0x10405e84e 0x1040c7049 0x10ae08e9e
  21.118 TIGER-SAMPLE pid 0x4b28 n 0x50 thread 0x2407 thread 0x2407 state-kr 0x0 pc 0x10ae0ce22 leaf __semwait_signal+0xa frames: 0x10ae0ce22 0x1040c7625 0x103ff81b2 0x1040ca799 0x1040c9886 0x1040c9469 0x10405e84e 0x1040c7049 0x10ae08e9e
  21.118 TIGER-SAMPLE pid 0x4b28 n 0x50 thread 0x2503 thread 0x2503 state-kr 0x0 pc 0x10ae0ce22 leaf __semwait_signal+0xa frames: 0x10ae0ce22 0x1040c7625 0x103ff81b2 0x1040ca799 0x1040c9886 0x1040c9469 0x10405e84e 0x1040c7049 0x10ae08e9e
  21.118 TIGER-SAMPLE pid 0x4b28 n 0x50 thread 0x2603 thread 0x2603 state-kr 0x0 pc 0x10ae0ce22 leaf __semwait_signal+0xa frames: 0x10ae0ce22 0x1040c7625 0x103ff81b2 0x1040ca799 0x1040c9886 0x1040c9469 0x10405e84e 0x1040c7049 0x10ae08e9e
  21.118 TIGER-SAMPLE pid 0x4b28 n 0x50 thread 0x2703 thread 0x2703 state-kr 0x0 pc 0x10ae0ce22 leaf __semwait_signal+0xa frames: 0x10ae0ce22 0x1040c7625 0x103ff81b2 0x1040ca799 0x1040c9886 0x1040c9469 0x10405e84e 0x1040c7049 0x10ae08e9e
  21.118 TIGER-SAMPLE pid 0x4b28 n 0x50 thread 0x2c03 thread 0x2c03 state-kr 0x0 pc 0x10adbd7e6 leaf poll+0xa frames: 0x10adbd7e6 0x1043c3427 0x1043c35ea 0x101f33797 0x101f3f561 0x10405e84e 0x1040c7049 0x10ae08e9e
  21.119 TIGER-SAMPLE pid 0x4b28 n 0x50 thread 0x2e0f thread 0x2e0f state-kr 0x0 pc 0x10ae0ce22 leaf __semwait_signal+0xa frames: 0x10ae0ce22 0x1040c7625 0x103ff81b2 0x1040ca799 0x1040c9886 0x1040c9469 0x10405e84e 0x1040c7049 0x10ae08e9e
  21.148 TIGER-SAMPLE pid 0x4b29 n 0x4e main 0xd03 thread 0xd03 state-kr 0x0 pc 0x90009817 leaf mach_msg_trap+0x7 frames: 0x90009817 0x9082d227 0x9083e100 0x300d9e7 0x4497f 0x83d4 0x83a2 0x82c9 0x3
  21.149 TIGER-SAMPLE pid 0x4b29 n 0x4e thread 0x1103 thread 0x1103 state-kr 0x0 pc 0x90009817 leaf mach_msg_trap+0x7 frames: 0x90009817 0x148f48 0x90023d67
  21.149 TIGER-SAMPLE pid 0x4b29 n 0x4e thread 0x1303 thread 0x1303 state-kr 0x0 pc 0x900bc3fc leaf poll+0xc frames: 0x900bc3fc 0x14bc44 0x2fac62b 0x30145f1 0x90023d67
  21.149 TIGER-SAMPLE pid 0x4b29 n 0x4e thread 0x2507 thread 0x2507 state-kr 0x0 pc 0x90024407 leaf semaphore_wait_signal_trap+0x7 frames: 0x90024407 0x34e1e 0x90023d67
  21.149 TIGER-SAMPLE pid 0x4b29 n 0x4e thread 0x2703 thread 0x2703 state-kr 0x0 pc 0x90024407 leaf semaphore_wait_signal_trap+0x7 frames: 0x90024407 0x34e1e 0x90023d67
  21.149 TIGER-SAMPLE pid 0x4b29 n 0x4e thread 0x2903 thread 0x2903 state-kr 0x0 pc 0x90024407 leaf semaphore_wait_signal_trap+0x7 frames: 0x90024407 0x34e1e 0x90023d67
  21.150 TIGER-SAMPLE pid 0x4b29 n 0x4e thread 0x2b03 thread 0x2b03 state-kr 0x0 pc 0x90024407 leaf semaphore_wait_signal_trap+0x7 frames: 0x90024407 0x34e1e 0x90023d67
  21.150 TIGER-SAMPLE pid 0x4b29 n 0x4e thread 0x2f07 thread 0x2f07 state-kr 0x0 pc 0x90019d0c leaf select+0xc frames: 0x90019d0c 0x14c115 0x13f348 0x2fac62b 0x30145f1 0x90023d67
  21.161 TIGER-SAMPLE pid 0x4b24 n 0x52 main 0x117 thread 0x117 state-kr 0x0 pc 0x90009817 leaf mach_msg_trap+0x7 frames: 0x90009817 0x9082d227 0x9082ca42 0x92e06878 0x92e05f82 0x92e05dd9 0x9328cf45 0x9328cb37 0x932868c4 0xc50a 0x8752 0x8679 0x5
  21.161 TIGER-SAMPLE pid 0x4b24 n 0x52 thread 0x1203 thread 0x1203 state-kr 0x0 pc 0x90009817 leaf mach_msg_trap+0x7 frames: 0x90009817 0x2d3fd8 0x90023d67
  21.161 TIGER-SAMPLE pid 0x4b24 n 0x52 thread 0x3207 thread 0x3207 state-kr 0x0 pc 0x90024407 leaf semaphore_wait_signal_trap+0x7 frames: 0x90024407 0x3af7e 0x90023d67
  21.161 TIGER-SAMPLE pid 0x4b24 n 0x52 thread 0x3403 thread 0x3403 state-kr 0x0 pc 0x90024407 leaf semaphore_wait_signal_trap+0x7 frames: 0x90024407 0x3af7e 0x90023d67
  21.162 TIGER-SAMPLE pid 0x4b24 n 0x52 thread 0x5603 thread 0x5603 state-kr 0x0 pc 0x90024407 leaf semaphore_wait_signal_trap+0x7 frames: 0x90024407 0x3af7e 0x90023d67
  21.162 TIGER-SAMPLE pid 0x4b24 n 0x52 thread 0x5903 thread 0x5903 state-kr 0x0 pc 0x900bc3fc leaf poll+0xc frames: 0x900bc3fc 0x2d6a64 0x313ae8b 0x31a40a1 0x90023d67
  21.162 TIGER-SAMPLE pid 0x4b24 n 0x52 thread 0x5a03 thread 0x5a03 state-kr 0x0 pc 0x90024407 leaf semaphore_wait_signal_trap+0x7 frames: 0x90024407 0x3af7e 0x90023d67
  21.162 TIGER-SAMPLE pid 0x4b24 n 0x52 thread 0x5807 thread 0x5807 state-kr 0x0 pc 0x900bc3fc leaf poll+0xc frames: 0x900bc3fc 0x2d6a64 0x313ae8b 0x31a40a1 0x90023d67
  21.369 TIGER-SAMPLE pid 0x4b28 n 0x51 main 0xd03 thread 0xd03 state-kr 0x0 pc 0x10ae0ce22 leaf __semwait_signal+0xa frames: 0x10ae0ce22 0x1040c7625 0x103ff81b2 0x1040ca799 0x1040c9886 0x1040c9469 0x10004a77b 0x100001b4c 0x100001a61 0x3
  21.369 TIGER-SAMPLE pid 0x4b28 n 0x51 thread 0xf03 thread 0xf03 state-kr 0x0 pc 0x10ae56e4e leaf mach_msg_trap+0xa frames: 0x10ae56e4e 0x100328062 0x10ae08e9e
  21.369 TIGER-SAMPLE pid 0x4b28 n 0x51 thread 0x1103 thread 0x1103 state-kr 0x0 pc 0x10ae0ce22 leaf __semwait_signal+0xa frames: 0x10ae0ce22 0x1040c7625 0x103ff81b2 0x1040ca799 0x1040c9886 0x1040c9469 0x10405e84e 0x1040c7049 0x10ae08e9e
  21.370 TIGER-SAMPLE pid 0x4b28 n 0x51 thread 0x2303 thread 0x2303 state-kr 0x0 pc 0x10adbd7e6 leaf poll+0xa frames: 0x10adbd7e6 0x10405e84e 0x1040c7049 0x10ae08e9e
  21.370 TIGER-SAMPLE pid 0x4b28 n 0x51 thread 0x2407 thread 0x2407 state-kr 0x0 pc 0x10ae0ce22 leaf __semwait_signal+0xa frames: 0x10ae0ce22 0x1040c7625 0x103ff81b2 0x1040ca799 0x1040c9886 0x1040c9469 0x10405e84e 0x1040c7049 0x10ae08e9e
  21.370 TIGER-SAMPLE pid 0x4b28 n 0x51 thread 0x2503 thread 0x2503 state-kr 0x0 pc 0x10ae0ce22 leaf __semwait_signal+0xa frames: 0x10ae0ce22 0x1040c7625 0x103ff81b2 0x1040ca799 0x1040c9886 0x1040c9469 0x10405e84e 0x1040c7049 0x10ae08e9e
  21.370 TIGER-SAMPLE pid 0x4b28 n 0x51 thread 0x2603 thread 0x2603 state-kr 0x0 pc 0x10ae0ce22 leaf __semwait_signal+0xa frames: 0x10ae0ce22 0x1040c7625 0x103ff81b2 0x1040ca799 0x1040c9886 0x1040c9469 0x10405e84e 0x1040c7049 0x10ae08e9e
  21.370 TIGER-SAMPLE pid 0x4b28 n 0x51 thread 0x2703 thread 0x2703 state-kr 0x0 pc 0x10ae0ce22 leaf __semwait_signal+0xa frames: 0x10ae0ce22 0x1040c7625 0x103ff81b2 0x1040ca799 0x1040c9886 0x1040c9469 0x10405e84e 0x1040c7049 0x10ae08e9e
  21.370 TIGER-SAMPLE pid 0x4b28 n 0x51 thread 0x2c03 thread 0x2c03 state-kr 0x0 pc 0x10adbd7e6 leaf poll+0xa frames: 0x10adbd7e6 0x1043c3427 0x1043c35ea 0x101f33797 0x101f3f561 0x10405e84e 0x1040c7049 0x10ae08e9e
  21.370 TIGER-SAMPLE pid 0x4b28 n 0x51 thread 0x2e0f thread 0x2e0f state-kr 0x0 pc 0x10ae0ce22 leaf __semwait_signal+0xa frames: 0x10ae0ce22 0x1040c7625 0x103ff81b2 0x1040ca799 0x1040c9886 0x1040c9469 0x10405e84e 0x1040c7049 0x10ae08e9e
  21.401 TIGER-SAMPLE pid 0x4b29 n 0x4f main 0xd03 thread 0xd03 state-kr 0x0 pc 0x90009817 leaf mach_msg_trap+0x7 frames: 0x90009817 0x9082d227 0x9083e100 0x300d9e7 0x4497f 0x83d4 0x83a2 0x82c9 0x3
  21.401 TIGER-SAMPLE pid 0x4b29 n 0x4f thread 0x1103 thread 0x1103 state-kr 0x0 pc 0x90009817 leaf mach_msg_trap+0x7 frames: 0x90009817 0x148f48 0x90023d67
  21.401 TIGER-SAMPLE pid 0x4b29 n 0x4f thread 0x1303 thread 0x1303 state-kr 0x0 pc 0x900bc3fc leaf poll+0xc frames: 0x900bc3fc 0x14bc44 0x2fac62b 0x30145f1 0x90023d67
  21.401 TIGER-SAMPLE pid 0x4b29 n 0x4f thread 0x2507 thread 0x2507 state-kr 0x0 pc 0x90024407 leaf semaphore_wait_signal_trap+0x7 frames: 0x90024407 0x34e1e 0x90023d67
  21.402 TIGER-SAMPLE pid 0x4b29 n 0x4f thread 0x2703 thread 0x2703 state-kr 0x0 pc 0x90024407 leaf semaphore_wait_signal_trap+0x7 frames: 0x90024407 0x34e1e 0x90023d67
  21.402 TIGER-SAMPLE pid 0x4b29 n 0x4f thread 0x2903 thread 0x2903 state-kr 0x0 pc 0x90024407 leaf semaphore_wait_signal_trap+0x7 frames: 0x90024407 0x34e1e 0x90023d67
  21.402 TIGER-SAMPLE pid 0x4b29 n 0x4f thread 0x2b03 thread 0x2b03 state-kr 0x0 pc 0x90024407 leaf semaphore_wait_signal_trap+0x7 frames: 0x90024407 0x34e1e 0x90023d67
  21.402 TIGER-SAMPLE pid 0x4b29 n 0x4f thread 0x2f07 thread 0x2f07 state-kr 0x0 pc 0x90019d0c leaf select+0xc frames: 0x90019d0c 0x14c115 0x13f348 0x2fac62b 0x30145f1 0x90023d67
  21.413 TIGER-SAMPLE pid 0x4b24 n 0x53 main 0x117 thread 0x117 state-kr 0x0 pc 0x90009817 leaf mach_msg_trap+0x7 frames: 0x90009817 0x9082d227 0x9082ca42 0x92e06878 0x92e05f82 0x92e05dd9 0x9328cf45 0x9328cb37 0x932868c4 0xc50a 0x8752 0x8679 0x5
  21.413 TIGER-SAMPLE pid 0x4b24 n 0x53 thread 0x1203 thread 0x1203 state-kr 0x0 pc 0x90009817 leaf mach_msg_trap+0x7 frames: 0x90009817 0x2d3fd8 0x90023d67
  21.413 TIGER-SAMPLE pid 0x4b24 n 0x53 thread 0x3207 thread 0x3207 state-kr 0x0 pc 0x90024407 leaf semaphore_wait_signal_trap+0x7 frames: 0x90024407 0x3af7e 0x90023d67
  21.414 TIGER-SAMPLE pid 0x4b24 n 0x53 thread 0x3403 thread 0x3403 state-kr 0x0 pc 0x90024407 leaf semaphore_wait_signal_trap+0x7 frames: 0x90024407 0x3af7e 0x90023d67
  21.414 TIGER-SAMPLE pid 0x4b24 n 0x53 thread 0x5603 thread 0x5603 state-kr 0x0 pc 0x90024407 leaf semaphore_wait_signal_trap+0x7 frames: 0x90024407 0x3af7e 0x90023d67
  21.414 TIGER-SAMPLE pid 0x4b24 n 0x53 thread 0x5903 thread 0x5903 state-kr 0x0 pc 0x900bc3fc leaf poll+0xc frames: 0x900bc3fc 0x2d6a64 0x313ae8b 0x31a40a1 0x90023d67
  21.414 TIGER-SAMPLE pid 0x4b24 n 0x53 thread 0x5a03 thread 0x5a03 state-kr 0x0 pc 0x90024407 leaf semaphore_wait_signal_trap+0x7 frames: 0x90024407 0x3af7e 0x90023d67
  21.415 TIGER-SAMPLE pid 0x4b24 n 0x53 thread 0x5807 thread 0x5807 state-kr 0x0 pc 0x900bc3fc leaf poll+0xc frames: 0x900bc3fc 0x2d6a64 0x313ae8b 0x31a40a1 0x90023d67
  21.621 TIGER-SAMPLE pid 0x4b28 n 0x52 main 0xd03 thread 0xd03 state-kr 0x0 pc 0x10ae0ce22 leaf __semwait_signal+0xa frames: 0x10ae0ce22 0x1040c7625 0x103ff81b2 0x1040ca799 0x1040c9886 0x1040c9469 0x10004a77b 0x100001b4c 0x100001a61 0x3
  21.621 TIGER-SAMPLE pid 0x4b28 n 0x52 thread 0xf03 thread 0xf03 state-kr 0x0 pc 0x10ae56e4e leaf mach_msg_trap+0xa frames: 0x10ae56e4e 0x100328062 0x10ae08e9e
  21.621 TIGER-SAMPLE pid 0x4b28 n 0x52 thread 0x1103 thread 0x1103 state-kr 0x0 pc 0x10ae0ce22 leaf __semwait_signal+0xa frames: 0x10ae0ce22 0x1040c7625 0x103ff81b2 0x1040ca799 0x1040c9886 0x1040c9469 0x10405e84e 0x1040c7049 0x10ae08e9e
  21.621 TIGER-SAMPLE pid 0x4b28 n 0x52 thread 0x2303 thread 0x2303 state-kr 0x0 pc 0x10adbd7e6 leaf poll+0xa frames: 0x10adbd7e6 0x10405e84e 0x1040c7049 0x10ae08e9e
  21.621 TIGER-SAMPLE pid 0x4b28 n 0x52 thread 0x2407 thread 0x2407 state-kr 0x0 pc 0x10ae0ce22 leaf __semwait_signal+0xa frames: 0x10ae0ce22 0x1040c7625 0x103ff81b2 0x1040ca799 0x1040c9886 0x1040c9469 0x10405e84e 0x1040c7049 0x10ae08e9e
  21.622 TIGER-SAMPLE pid 0x4b28 n 0x52 thread 0x2503 thread 0x2503 state-kr 0x0 pc 0x10ae0ce22 leaf __semwait_signal+0xa frames: 0x10ae0ce22 0x1040c7625 0x103ff81b2 0x1040ca799 0x1040c9886 0x1040c9469 0x10405e84e 0x1040c7049 0x10ae08e9e
  21.622 TIGER-SAMPLE pid 0x4b28 n 0x52 thread 0x2603 thread 0x2603 state-kr 0x0 pc 0x10ae0ce22 leaf __semwait_signal+0xa frames: 0x10ae0ce22 0x1040c7625 0x103ff81b2 0x1040ca799 0x1040c9886 0x1040c9469 0x10405e84e 0x1040c7049 0x10ae08e9e
  21.622 TIGER-SAMPLE pid 0x4b28 n 0x52 thread 0x2703 thread 0x2703 state-kr 0x0 pc 0x10ae0ce22 leaf __semwait_signal+0xa frames: 0x10ae0ce22 0x1040c7625 0x103ff81b2 0x1040ca799 0x1040c9886 0x1040c9469 0x10405e84e 0x1040c7049 0x10ae08e9e
  21.622 TIGER-SAMPLE pid 0x4b28 n 0x52 thread 0x2c03 thread 0x2c03 state-kr 0x0 pc 0x10adbd7e6 leaf poll+0xa frames: 0x10adbd7e6 0x1043c3427 0x1043c35ea 0x101f33797 0x101f3f561 0x10405e84e 0x1040c7049 0x10ae08e9e
  21.622 TIGER-SAMPLE pid 0x4b28 n 0x52 thread 0x2e0f thread 0x2e0f state-kr 0x0 pc 0x10ae0ce22 leaf __semwait_signal+0xa frames: 0x10ae0ce22 0x1040c7625 0x103ff81b2 0x1040ca799 0x1040c9886 0x1040c9469 0x10405e84e 0x1040c7049 0x10ae08e9e
  21.653 TIGER-SAMPLE pid 0x4b29 n 0x50 main 0xd03 thread 0xd03 state-kr 0x0 pc 0x90009817 leaf mach_msg_trap+0x7 frames: 0x90009817 0x9082d227 0x9083e100 0x300d9e7 0x4497f 0x83d4 0x83a2 0x82c9 0x3
  21.653 TIGER-SAMPLE pid 0x4b29 n 0x50 thread 0x1103 thread 0x1103 state-kr 0x0 pc 0x90009817 leaf mach_msg_trap+0x7 frames: 0x90009817 0x148f48 0x90023d67
  21.653 TIGER-SAMPLE pid 0x4b29 n 0x50 thread 0x1303 thread 0x1303 state-kr 0x0 pc 0x900bc3fc leaf poll+0xc frames: 0x900bc3fc 0x14bc44 0x2fac62b 0x30145f1 0x90023d67
  21.653 TIGER-SAMPLE pid 0x4b29 n 0x50 thread 0x2507 thread 0x2507 state-kr 0x0 pc 0x90024407 leaf semaphore_wait_signal_trap+0x7 frames: 0x90024407 0x34e1e 0x90023d67
  21.654 TIGER-SAMPLE pid 0x4b29 n 0x50 thread 0x2703 thread 0x2703 state-kr 0x0 pc 0x90024407 leaf semaphore_wait_signal_trap+0x7 frames: 0x90024407 0x34e1e 0x90023d67
  21.654 TIGER-SAMPLE pid 0x4b29 n 0x50 thread 0x2903 thread 0x2903 state-kr 0x0 pc 0x90024407 leaf semaphore_wait_signal_trap+0x7 frames: 0x90024407 0x34e1e 0x90023d67
  21.654 TIGER-SAMPLE pid 0x4b29 n 0x50 thread 0x2b03 thread 0x2b03 state-kr 0x0 pc 0x90024407 leaf semaphore_wait_signal_trap+0x7 frames: 0x90024407 0x34e1e 0x90023d67
  21.654 TIGER-SAMPLE pid 0x4b29 n 0x50 thread 0x2f07 thread 0x2f07 state-kr 0x0 pc 0x90019d0c leaf select+0xc frames: 0x90019d0c 0x14c115 0x13f348 0x2fac62b 0x30145f1 0x90023d67
  21.665 TIGER-SAMPLE pid 0x4b24 n 0x54 main 0x117 thread 0x117 state-kr 0x0 pc 0x90009817 leaf mach_msg_trap+0x7 frames: 0x90009817 0x9082d227 0x9082ca42 0x92e06878 0x92e05f82 0x92e05dd9 0x9328cf45 0x9328cb37 0x932868c4 0xc50a 0x8752 0x8679 0x5
  21.665 TIGER-SAMPLE pid 0x4b24 n 0x54 thread 0x1203 thread 0x1203 state-kr 0x0 pc 0x90009817 leaf mach_msg_trap+0x7 frames: 0x90009817 0x2d3fd8 0x90023d67
  21.666 TIGER-SAMPLE pid 0x4b24 n 0x54 thread 0x3207 thread 0x3207 state-kr 0x0 pc 0x90024407 leaf semaphore_wait_signal_trap+0x7 frames: 0x90024407 0x3af7e 0x90023d67
  21.666 TIGER-SAMPLE pid 0x4b24 n 0x54 thread 0x3403 thread 0x3403 state-kr 0x0 pc 0x90024407 leaf semaphore_wait_signal_trap+0x7 frames: 0x90024407 0x3af7e 0x90023d67
  21.666 TIGER-SAMPLE pid 0x4b24 n 0x54 thread 0x5603 thread 0x5603 state-kr 0x0 pc 0x90024407 leaf semaphore_wait_signal_trap+0x7 frames: 0x90024407 0x3af7e 0x90023d67
  21.666 TIGER-SAMPLE pid 0x4b24 n 0x54 thread 0x5903 thread 0x5903 state-kr 0x0 pc 0x900bc3fc leaf poll+0xc frames: 0x900bc3fc 0x2d6a64 0x313ae8b 0x31a40a1 0x90023d67
  21.667 TIGER-SAMPLE pid 0x4b24 n 0x54 thread 0x5a03 thread 0x5a03 state-kr 0x0 pc 0x90024407 leaf semaphore_wait_signal_trap+0x7 frames: 0x90024407 0x3af7e 0x90023d67
  21.667 TIGER-SAMPLE pid 0x4b24 n 0x54 thread 0x5807 thread 0x5807 state-kr 0x0 pc 0x900bc3fc leaf poll+0xc frames: 0x900bc3fc 0x2d6a64 0x313ae8b 0x31a40a1 0x90023d67
  21.873 TIGER-SAMPLE pid 0x4b28 n 0x53 main 0xd03 thread 0xd03 state-kr 0x0 pc 0x10ae0ce22 leaf __semwait_signal+0xa frames: 0x10ae0ce22 0x1040c7625 0x103ff81b2 0x1040ca799 0x1040c9886 0x1040c9469 0x10004a77b 0x100001b4c 0x100001a61 0x3
  21.873 TIGER-SAMPLE pid 0x4b28 n 0x53 thread 0xf03 thread 0xf03 state-kr 0x0 pc 0x10ae56e4e leaf mach_msg_trap+0xa frames: 0x10ae56e4e 0x100328062 0x10ae08e9e
  21.873 TIGER-SAMPLE pid 0x4b28 n 0x53 thread 0x1103 thread 0x1103 state-kr 0x0 pc 0x10ae0ce22 leaf __semwait_signal+0xa frames: 0x10ae0ce22 0x1040c7625 0x103ff81b2 0x1040ca799 0x1040c9886 0x1040c9469 0x10405e84e 0x1040c7049 0x10ae08e9e
  21.873 TIGER-SAMPLE pid 0x4b28 n 0x53 thread 0x2303 thread 0x2303 state-kr 0x0 pc 0x10adbd7e6 leaf poll+0xa frames: 0x10adbd7e6 0x10405e84e 0x1040c7049 0x10ae08e9e
  21.873 TIGER-SAMPLE pid 0x4b28 n 0x53 thread 0x2407 thread 0x2407 state-kr 0x0 pc 0x10ae0ce22 leaf __semwait_signal+0xa frames: 0x10ae0ce22 0x1040c7625 0x103ff81b2 0x1040ca799 0x1040c9886 0x1040c9469 0x10405e84e 0x1040c7049 0x10ae08e9e
  21.873 TIGER-SAMPLE pid 0x4b28 n 0x53 thread 0x2503 thread 0x2503 state-kr 0x0 pc 0x10ae0ce22 leaf __semwait_signal+0xa frames: 0x10ae0ce22 0x1040c7625 0x103ff81b2 0x1040ca799 0x1040c9886 0x1040c9469 0x10405e84e 0x1040c7049 0x10ae08e9e
  21.874 TIGER-SAMPLE pid 0x4b28 n 0x53 thread 0x2603 thread 0x2603 state-kr 0x0 pc 0x10ae0ce22 leaf __semwait_signal+0xa frames: 0x10ae0ce22 0x1040c7625 0x103ff81b2 0x1040ca799 0x1040c9886 0x1040c9469 0x10405e84e 0x1040c7049 0x10ae08e9e
  21.874 TIGER-SAMPLE pid 0x4b28 n 0x53 thread 0x2703 thread 0x2703 state-kr 0x0 pc 0x10ae0ce22 leaf __semwait_signal+0xa frames: 0x10ae0ce22 0x1040c7625 0x103ff81b2 0x1040ca799 0x1040c9886 0x1040c9469 0x10405e84e 0x1040c7049 0x10ae08e9e
  21.874 TIGER-SAMPLE pid 0x4b28 n 0x53 thread 0x2c03 thread 0x2c03 state-kr 0x0 pc 0x10adbd7e6 leaf poll+0xa frames: 0x10adbd7e6 0x1043c3427 0x1043c35ea 0x101f33797 0x101f3f561 0x10405e84e 0x1040c7049 0x10ae08e9e
  21.874 TIGER-SAMPLE pid 0x4b28 n 0x53 thread 0x2e0f thread 0x2e0f state-kr 0x0 pc 0x10ae0ce22 leaf __semwait_signal+0xa frames: 0x10ae0ce22 0x1040c7625 0x103ff81b2 0x1040ca799 0x1040c9886 0x1040c9469 0x10405e84e 0x1040c7049 0x10ae08e9e
  21.905 TIGER-SAMPLE pid 0x4b29 n 0x51 main 0xd03 thread 0xd03 state-kr 0x0 pc 0x90009817 leaf mach_msg_trap+0x7 frames: 0x90009817 0x9082d227 0x9083e100 0x300d9e7 0x4497f 0x83d4 0x83a2 0x82c9 0x3
  21.905 TIGER-SAMPLE pid 0x4b29 n 0x51 thread 0x1103 thread 0x1103 state-kr 0x0 pc 0x90009817 leaf mach_msg_trap+0x7 frames: 0x90009817 0x148f48 0x90023d67
  21.905 TIGER-SAMPLE pid 0x4b29 n 0x51 thread 0x1303 thread 0x1303 state-kr 0x0 pc 0x900bc3fc leaf poll+0xc frames: 0x900bc3fc 0x14bc44 0x2fac62b 0x30145f1 0x90023d67
  21.906 TIGER-SAMPLE pid 0x4b29 n 0x51 thread 0x2507 thread 0x2507 state-kr 0x0 pc 0x90024407 leaf semaphore_wait_signal_trap+0x7 frames: 0x90024407 0x34e1e 0x90023d67
  21.906 TIGER-SAMPLE pid 0x4b29 n 0x51 thread 0x2703 thread 0x2703 state-kr 0x0 pc 0x90024407 leaf semaphore_wait_signal_trap+0x7 frames: 0x90024407 0x34e1e 0x90023d67
  21.906 TIGER-SAMPLE pid 0x4b29 n 0x51 thread 0x2903 thread 0x2903 state-kr 0x0 pc 0x90024407 leaf semaphore_wait_signal_trap+0x7 frames: 0x90024407 0x34e1e 0x90023d67
  21.906 TIGER-SAMPLE pid 0x4b29 n 0x51 thread 0x2b03 thread 0x2b03 state-kr 0x0 pc 0x90024407 leaf semaphore_wait_signal_trap+0x7 frames: 0x90024407 0x34e1e 0x90023d67
  21.907 TIGER-SAMPLE pid 0x4b29 n 0x51 thread 0x2f07 thread 0x2f07 state-kr 0x0 pc 0x90019d0c leaf select+0xc frames: 0x90019d0c 0x14c115 0x13f348 0x2fac62b 0x30145f1 0x90023d67
  21.917 TIGER-SAMPLE pid 0x4b24 n 0x55 main 0x117 thread 0x117 state-kr 0x0 pc 0x90009817 leaf mach_msg_trap+0x7 frames: 0x90009817 0x9082d227 0x9082ca42 0x92e06878 0x92e05f82 0x92e05dd9 0x9328cf45 0x9328cb37 0x932868c4 0xc50a 0x8752 0x8679 0x5
  21.918 TIGER-SAMPLE pid 0x4b24 n 0x55 thread 0x1203 thread 0x1203 state-kr 0x0 pc 0x90009817 leaf mach_msg_trap+0x7 frames: 0x90009817 0x2d3fd8 0x90023d67
  21.918 TIGER-SAMPLE pid 0x4b24 n 0x55 thread 0x3207 thread 0x3207 state-kr 0x0 pc 0x90024407 leaf semaphore_wait_signal_trap+0x7 frames: 0x90024407 0x3af7e 0x90023d67
  21.918 TIGER-SAMPLE pid 0x4b24 n 0x55 thread 0x3403 thread 0x3403 state-kr 0x0 pc 0x90024407 leaf semaphore_wait_signal_trap+0x7 frames: 0x90024407 0x3af7e 0x90023d67
  21.918 TIGER-SAMPLE pid 0x4b24 n 0x55 thread 0x5603 thread 0x5603 state-kr 0x0 pc 0x90024407 leaf semaphore_wait_signal_trap+0x7 frames: 0x90024407 0x3af7e 0x90023d67
  21.919 TIGER-SAMPLE pid 0x4b24 n 0x55 thread 0x5903 thread 0x5903 state-kr 0x0 pc 0x900bc3fc leaf poll+0xc frames: 0x900bc3fc 0x2d6a64 0x313ae8b 0x31a40a1 0x90023d67
  21.919 TIGER-SAMPLE pid 0x4b24 n 0x55 thread 0x5a03 thread 0x5a03 state-kr 0x0 pc 0x90024407 leaf semaphore_wait_signal_trap+0x7 frames: 0x90024407 0x3af7e 0x90023d67
  21.919 TIGER-SAMPLE pid 0x4b24 n 0x55 thread 0x5807 thread 0x5807 state-kr 0x0 pc 0x900bc3fc leaf poll+0xc frames: 0x900bc3fc 0x2d6a64 0x313ae8b 0x31a40a1 0x90023d67
  22.125 TIGER-SAMPLE pid 0x4b28 n 0x54 main 0xd03 thread 0xd03 state-kr 0x0 pc 0x10ae0ce22 leaf __semwait_signal+0xa frames: 0x10ae0ce22 0x1040c7625 0x103ff81b2 0x1040ca799 0x1040c9886 0x1040c9469 0x10004a77b 0x100001b4c 0x100001a61 0x3
  22.125 TIGER-SAMPLE pid 0x4b28 n 0x54 thread 0xf03 thread 0xf03 state-kr 0x0 pc 0x10ae56e4e leaf mach_msg_trap+0xa frames: 0x10ae56e4e 0x100328062 0x10ae08e9e
  22.125 TIGER-SAMPLE pid 0x4b28 n 0x54 thread 0x1103 thread 0x1103 state-kr 0x0 pc 0x10ae0ce22 leaf __semwait_signal+0xa frames: 0x10ae0ce22 0x1040c7625 0x103ff81b2 0x1040ca799 0x1040c9886 0x1040c9469 0x10405e84e 0x1040c7049 0x10ae08e9e
  22.125 TIGER-SAMPLE pid 0x4b28 n 0x54 thread 0x2303 thread 0x2303 state-kr 0x0 pc 0x10adbd7e6 leaf poll+0xa frames: 0x10adbd7e6 0x10405e84e 0x1040c7049 0x10ae08e9e
  22.125 TIGER-SAMPLE pid 0x4b28 n 0x54 thread 0x2407 thread 0x2407 state-kr 0x0 pc 0x10ae0ce22 leaf __semwait_signal+0xa frames: 0x10ae0ce22 0x1040c7625 0x103ff81b2 0x1040ca799 0x1040c9886 0x1040c9469 0x10405e84e 0x1040c7049 0x10ae08e9e
  22.125 TIGER-SAMPLE pid 0x4b28 n 0x54 thread 0x2503 thread 0x2503 state-kr 0x0 pc 0x10ae0ce22 leaf __semwait_signal+0xa frames: 0x10ae0ce22 0x1040c7625 0x103ff81b2 0x1040ca799 0x1040c9886 0x1040c9469 0x10405e84e 0x1040c7049 0x10ae08e9e
  22.126 TIGER-SAMPLE pid 0x4b28 n 0x54 thread 0x2603 thread 0x2603 state-kr 0x0 pc 0x10ae0ce22 leaf __semwait_signal+0xa frames: 0x10ae0ce22 0x1040c7625 0x103ff81b2 0x1040ca799 0x1040c9886 0x1040c9469 0x10405e84e 0x1040c7049 0x10ae08e9e
  22.126 TIGER-SAMPLE pid 0x4b28 n 0x54 thread 0x2703 thread 0x2703 state-kr 0x0 pc 0x10ae0ce22 leaf __semwait_signal+0xa frames: 0x10ae0ce22 0x1040c7625 0x103ff81b2 0x1040ca799 0x1040c9886 0x1040c9469 0x10405e84e 0x1040c7049 0x10ae08e9e
  22.126 TIGER-SAMPLE pid 0x4b28 n 0x54 thread 0x2c03 thread 0x2c03 state-kr 0x0 pc 0x10adbd7e6 leaf poll+0xa frames: 0x10adbd7e6 0x1043c3427 0x1043c35ea 0x101f33797 0x101f3f561 0x10405e84e 0x1040c7049 0x10ae08e9e
  22.126 TIGER-SAMPLE pid 0x4b28 n 0x54 thread 0x2e0f thread 0x2e0f state-kr 0x0 pc 0x10ae0ce22 leaf __semwait_signal+0xa frames: 0x10ae0ce22 0x1040c7625 0x103ff81b2 0x1040ca799 0x1040c9886 0x1040c9469 0x10405e84e 0x1040c7049 0x10ae08e9e
  22.157 TIGER-SAMPLE pid 0x4b29 n 0x52 main 0xd03 thread 0xd03 state-kr 0x0 pc 0x90009817 leaf mach_msg_trap+0x7 frames: 0x90009817 0x9082d227 0x9083e100 0x300d9e7 0x4497f 0x83d4 0x83a2 0x82c9 0x3
  22.158 TIGER-SAMPLE pid 0x4b29 n 0x52 thread 0x1103 thread 0x1103 state-kr 0x0 pc 0x90009817 leaf mach_msg_trap+0x7 frames: 0x90009817 0x148f48 0x90023d67
  22.158 TIGER-SAMPLE pid 0x4b29 n 0x52 thread 0x1303 thread 0x1303 state-kr 0x0 pc 0x900bc3fc leaf poll+0xc frames: 0x900bc3fc 0x14bc44 0x2fac62b 0x30145f1 0x90023d67
  22.158 TIGER-SAMPLE pid 0x4b29 n 0x52 thread 0x2507 thread 0x2507 state-kr 0x0 pc 0x90024407 leaf semaphore_wait_signal_trap+0x7 frames: 0x90024407 0x34e1e 0x90023d67
  22.158 TIGER-SAMPLE pid 0x4b29 n 0x52 thread 0x2703 thread 0x2703 state-kr 0x0 pc 0x90024407 leaf semaphore_wait_signal_trap+0x7 frames: 0x90024407 0x34e1e 0x90023d67
  22.159 TIGER-SAMPLE pid 0x4b29 n 0x52 thread 0x2903 thread 0x2903 state-kr 0x0 pc 0x90024407 leaf semaphore_wait_signal_trap+0x7 frames: 0x90024407 0x34e1e 0x90023d67
  22.159 TIGER-SAMPLE pid 0x4b29 n 0x52 thread 0x2b03 thread 0x2b03 state-kr 0x0 pc 0x90024407 leaf semaphore_wait_signal_trap+0x7 frames: 0x90024407 0x34e1e 0x90023d67
  22.159 TIGER-SAMPLE pid 0x4b29 n 0x52 thread 0x2f07 thread 0x2f07 state-kr 0x0 pc 0x90019d0c leaf select+0xc frames: 0x90019d0c 0x14c115 0x13f348 0x2fac62b 0x30145f1 0x90023d67
  22.170 TIGER-SAMPLE pid 0x4b24 n 0x56 main 0x117 thread 0x117 state-kr 0x0 pc 0x90009817 leaf mach_msg_trap+0x7 frames: 0x90009817 0x9082d227 0x9082ca42 0x92e06878 0x92e05f82 0x92e05dd9 0x9328cf45 0x9328cb37 0x932868c4 0xc50a 0x8752 0x8679 0x5
  22.170 TIGER-SAMPLE pid 0x4b24 n 0x56 thread 0x1203 thread 0x1203 state-kr 0x0 pc 0x90009817 leaf mach_msg_trap+0x7 frames: 0x90009817 0x2d3fd8 0x90023d67
  22.170 TIGER-SAMPLE pid 0x4b24 n 0x56 thread 0x3207 thread 0x3207 state-kr 0x0 pc 0x90024407 leaf semaphore_wait_signal_trap+0x7 frames: 0x90024407 0x3af7e 0x90023d67
  22.170 TIGER-SAMPLE pid 0x4b24 n 0x56 thread 0x3403 thread 0x3403 state-kr 0x0 pc 0x90024407 leaf semaphore_wait_signal_trap+0x7 frames: 0x90024407 0x3af7e 0x90023d67
  22.171 TIGER-SAMPLE pid 0x4b24 n 0x56 thread 0x5603 thread 0x5603 state-kr 0x0 pc 0x90024407 leaf semaphore_wait_signal_trap+0x7 frames: 0x90024407 0x3af7e 0x90023d67
  22.171 TIGER-SAMPLE pid 0x4b24 n 0x56 thread 0x5903 thread 0x5903 state-kr 0x0 pc 0x900bc3fc leaf poll+0xc frames: 0x900bc3fc 0x2d6a64 0x313ae8b 0x31a40a1 0x90023d67
  22.171 TIGER-SAMPLE pid 0x4b24 n 0x56 thread 0x5a03 thread 0x5a03 state-kr 0x0 pc 0x90024407 leaf semaphore_wait_signal_trap+0x7 frames: 0x90024407 0x3af7e 0x90023d67
  22.171 TIGER-SAMPLE pid 0x4b24 n 0x56 thread 0x5807 thread 0x5807 state-kr 0x0 pc 0x900bc3fc leaf poll+0xc frames: 0x900bc3fc 0x2d6a64 0x313ae8b 0x31a40a1 0x90023d67
  22.376 TIGER-SAMPLE pid 0x4b28 n 0x55 main 0xd03 thread 0xd03 state-kr 0x0 pc 0x10ae0ce22 leaf __semwait_signal+0xa frames: 0x10ae0ce22 0x1040c7625 0x103ff81b2 0x1040ca799 0x1040c9886 0x1040c9469 0x10004a77b 0x100001b4c 0x100001a61 0x3
  22.377 TIGER-SAMPLE pid 0x4b28 n 0x55 thread 0xf03 thread 0xf03 state-kr 0x0 pc 0x10ae56e4e leaf mach_msg_trap+0xa frames: 0x10ae56e4e 0x100328062 0x10ae08e9e
  22.377 TIGER-SAMPLE pid 0x4b28 n 0x55 thread 0x1103 thread 0x1103 state-kr 0x0 pc 0x10ae0ce22 leaf __semwait_signal+0xa frames: 0x10ae0ce22 0x1040c7625 0x103ff81b2 0x1040ca799 0x1040c9886 0x1040c9469 0x10405e84e 0x1040c7049 0x10ae08e9e
  22.377 TIGER-SAMPLE pid 0x4b28 n 0x55 thread 0x2303 thread 0x2303 state-kr 0x0 pc 0x10adbd7e6 leaf poll+0xa frames: 0x10adbd7e6 0x10405e84e 0x1040c7049 0x10ae08e9e
  22.377 TIGER-SAMPLE pid 0x4b28 n 0x55 thread 0x2407 thread 0x2407 state-kr 0x0 pc 0x10ae0ce22 leaf __semwait_signal+0xa frames: 0x10ae0ce22 0x1040c7625 0x103ff81b2 0x1040ca799 0x1040c9886 0x1040c9469 0x10405e84e 0x1040c7049 0x10ae08e9e
  22.377 TIGER-SAMPLE pid 0x4b28 n 0x55 thread 0x2503 thread 0x2503 state-kr 0x0 pc 0x10ae0ce22 leaf __semwait_signal+0xa frames: 0x10ae0ce22 0x1040c7625 0x103ff81b2 0x1040ca799 0x1040c9886 0x1040c9469 0x10405e84e 0x1040c7049 0x10ae08e9e
  22.377 TIGER-SAMPLE pid 0x4b28 n 0x55 thread 0x2603 thread 0x2603 state-kr 0x0 pc 0x10ae0ce22 leaf __semwait_signal+0xa frames: 0x10ae0ce22 0x1040c7625 0x103ff81b2 0x1040ca799 0x1040c9886 0x1040c9469 0x10405e84e 0x1040c7049 0x10ae08e9e
  22.378 TIGER-SAMPLE pid 0x4b28 n 0x55 thread 0x2703 thread 0x2703 state-kr 0x0 pc 0x10ae0ce22 leaf __semwait_signal+0xa frames: 0x10ae0ce22 0x1040c7625 0x103ff81b2 0x1040ca799 0x1040c9886 0x1040c9469 0x10405e84e 0x1040c7049 0x10ae08e9e
  22.378 TIGER-SAMPLE pid 0x4b28 n 0x55 thread 0x2c03 thread 0x2c03 state-kr 0x0 pc 0x10adbd7e6 leaf poll+0xa frames: 0x10adbd7e6 0x1043c3427 0x1043c35ea 0x101f33797 0x101f3f561 0x10405e84e 0x1040c7049 0x10ae08e9e
  22.378 TIGER-SAMPLE pid 0x4b28 n 0x55 thread 0x2e0f thread 0x2e0f state-kr 0x0 pc 0x10ae0ce22 leaf __semwait_signal+0xa frames: 0x10ae0ce22 0x1040c7625 0x103ff81b2 0x1040ca799 0x1040c9886 0x1040c9469 0x10405e84e 0x1040c7049 0x10ae08e9e
  22.410 TIGER-SAMPLE pid 0x4b29 n 0x53 main 0xd03 thread 0xd03 state-kr 0x0 pc 0x90009817 leaf mach_msg_trap+0x7 frames: 0x90009817 0x9082d227 0x9083e100 0x300d9e7 0x4497f 0x83d4 0x83a2 0x82c9 0x3
  22.410 TIGER-SAMPLE pid 0x4b29 n 0x53 thread 0x1103 thread 0x1103 state-kr 0x0 pc 0x90009817 leaf mach_msg_trap+0x7 frames: 0x90009817 0x148f48 0x90023d67
  22.410 TIGER-SAMPLE pid 0x4b29 n 0x53 thread 0x1303 thread 0x1303 state-kr 0x0 pc 0x900bc3fc leaf poll+0xc frames: 0x900bc3fc 0x14bc44 0x2fac62b 0x30145f1 0x90023d67
  22.410 TIGER-SAMPLE pid 0x4b29 n 0x53 thread 0x2507 thread 0x2507 state-kr 0x0 pc 0x90024407 leaf semaphore_wait_signal_trap+0x7 frames: 0x90024407 0x34e1e 0x90023d67
  22.410 TIGER-SAMPLE pid 0x4b29 n 0x53 thread 0x2703 thread 0x2703 state-kr 0x0 pc 0x90024407 leaf semaphore_wait_signal_trap+0x7 frames: 0x90024407 0x34e1e 0x90023d67
  22.411 TIGER-SAMPLE pid 0x4b29 n 0x53 thread 0x2903 thread 0x2903 state-kr 0x0 pc 0x90024407 leaf semaphore_wait_signal_trap+0x7 frames: 0x90024407 0x34e1e 0x90023d67
  22.411 TIGER-SAMPLE pid 0x4b29 n 0x53 thread 0x2b03 thread 0x2b03 state-kr 0x0 pc 0x90024407 leaf semaphore_wait_signal_trap+0x7 frames: 0x90024407 0x34e1e 0x90023d67
  22.411 TIGER-SAMPLE pid 0x4b29 n 0x53 thread 0x2f07 thread 0x2f07 state-kr 0x0 pc 0x90019d0c leaf select+0xc frames: 0x90019d0c 0x14c115 0x13f348 0x2fac62b 0x30145f1 0x90023d67
  22.422 TIGER-SAMPLE pid 0x4b24 n 0x57 main 0x117 thread 0x117 state-kr 0x0 pc 0x90009817 leaf mach_msg_trap+0x7 frames: 0x90009817 0x9082d227 0x9082ca42 0x92e06878 0x92e05f82 0x92e05dd9 0x9328cf45 0x9328cb37 0x932868c4 0xc50a 0x8752 0x8679 0x5
  22.422 TIGER-SAMPLE pid 0x4b24 n 0x57 thread 0x1203 thread 0x1203 state-kr 0x0 pc 0x90009817 leaf mach_msg_trap+0x7 frames: 0x90009817 0x2d3fd8 0x90023d67
  22.422 TIGER-SAMPLE pid 0x4b24 n 0x57 thread 0x3207 thread 0x3207 state-kr 0x0 pc 0x90024407 leaf semaphore_wait_signal_trap+0x7 frames: 0x90024407 0x3af7e 0x90023d67
  22.423 TIGER-SAMPLE pid 0x4b24 n 0x57 thread 0x3403 thread 0x3403 state-kr 0x0 pc 0x90024407 leaf semaphore_wait_signal_trap+0x7 frames: 0x90024407 0x3af7e 0x90023d67
  22.423 TIGER-SAMPLE pid 0x4b24 n 0x57 thread 0x5603 thread 0x5603 state-kr 0x0 pc 0x90024407 leaf semaphore_wait_signal_trap+0x7 frames: 0x90024407 0x3af7e 0x90023d67
  22.423 TIGER-SAMPLE pid 0x4b24 n 0x57 thread 0x5903 thread 0x5903 state-kr 0x0 pc 0x900bc3fc leaf poll+0xc frames: 0x900bc3fc 0x2d6a64 0x313ae8b 0x31a40a1 0x90023d67
  22.423 TIGER-SAMPLE pid 0x4b24 n 0x57 thread 0x5a03 thread 0x5a03 state-kr 0x0 pc 0x90024407 leaf semaphore_wait_signal_trap+0x7 frames: 0x90024407 0x3af7e 0x90023d67
  22.424 TIGER-SAMPLE pid 0x4b24 n 0x57 thread 0x5807 thread 0x5807 state-kr 0x0 pc 0x900bc3fc leaf poll+0xc frames: 0x900bc3fc 0x2d6a64 0x313ae8b 0x31a40a1 0x90023d67
  22.628 TIGER-SAMPLE pid 0x4b28 n 0x56 main 0xd03 thread 0xd03 state-kr 0x0 pc 0x10ae0ce22 leaf __semwait_signal+0xa frames: 0x10ae0ce22 0x1040c7625 0x103ff81b2 0x1040ca799 0x1040c9886 0x1040c9469 0x10004a77b 0x100001b4c 0x100001a61 0x3
  22.628 TIGER-SAMPLE pid 0x4b28 n 0x56 thread 0xf03 thread 0xf03 state-kr 0x0 pc 0x10ae56e4e leaf mach_msg_trap+0xa frames: 0x10ae56e4e 0x100328062 0x10ae08e9e
  22.629 TIGER-SAMPLE pid 0x4b28 n 0x56 thread 0x1103 thread 0x1103 state-kr 0x0 pc 0x10ae0ce22 leaf __semwait_signal+0xa frames: 0x10ae0ce22 0x1040c7625 0x103ff81b2 0x1040ca799 0x1040c9886 0x1040c9469 0x10405e84e 0x1040c7049 0x10ae08e9e
  22.629 TIGER-SAMPLE pid 0x4b28 n 0x56 thread 0x2303 thread 0x2303 state-kr 0x0 pc 0x10adbd7e6 leaf poll+0xa frames: 0x10adbd7e6 0x10405e84e 0x1040c7049 0x10ae08e9e
  22.629 TIGER-SAMPLE pid 0x4b28 n 0x56 thread 0x2407 thread 0x2407 state-kr 0x0 pc 0x10ae0ce22 leaf __semwait_signal+0xa frames: 0x10ae0ce22 0x1040c7625 0x103ff81b2 0x1040ca799 0x1040c9886 0x1040c9469 0x10405e84e 0x1040c7049 0x10ae08e9e
  22.629 TIGER-SAMPLE pid 0x4b28 n 0x56 thread 0x2503 thread 0x2503 state-kr 0x0 pc 0x10ae0ce22 leaf __semwait_signal+0xa frames: 0x10ae0ce22 0x1040c7625 0x103ff81b2 0x1040ca799 0x1040c9886 0x1040c9469 0x10405e84e 0x1040c7049 0x10ae08e9e
  22.629 TIGER-SAMPLE pid 0x4b28 n 0x56 thread 0x2603 thread 0x2603 state-kr 0x0 pc 0x10ae0ce22 leaf __semwait_signal+0xa frames: 0x10ae0ce22 0x1040c7625 0x103ff81b2 0x1040ca799 0x1040c9886 0x1040c9469 0x10405e84e 0x1040c7049 0x10ae08e9e
  22.629 TIGER-SAMPLE pid 0x4b28 n 0x56 thread 0x2703 thread 0x2703 state-kr 0x0 pc 0x10ae0ce22 leaf __semwait_signal+0xa frames: 0x10ae0ce22 0x1040c7625 0x103ff81b2 0x1040ca799 0x1040c9886 0x1040c9469 0x10405e84e 0x1040c7049 0x10ae08e9e
  22.629 TIGER-SAMPLE pid 0x4b28 n 0x56 thread 0x2c03 thread 0x2c03 state-kr 0x0 pc 0x10adbd7e6 leaf poll+0xa frames: 0x10adbd7e6 0x1043c3427 0x1043c35ea 0x101f33797 0x101f3f561 0x10405e84e 0x1040c7049 0x10ae08e9e
  22.630 TIGER-SAMPLE pid 0x4b28 n 0x56 thread 0x2e0f thread 0x2e0f state-kr 0x0 pc 0x10ae0ce22 leaf __semwait_signal+0xa frames: 0x10ae0ce22 0x1040c7625 0x103ff81b2 0x1040ca799 0x1040c9886 0x1040c9469 0x10405e84e 0x1040c7049 0x10ae08e9e
  22.662 TIGER-SAMPLE pid 0x4b29 n 0x54 main 0xd03 thread 0xd03 state-kr 0x0 pc 0x90009817 leaf mach_msg_trap+0x7 frames: 0x90009817 0x9082d227 0x9083e100 0x300d9e7 0x4497f 0x83d4 0x83a2 0x82c9 0x3
  22.662 TIGER-SAMPLE pid 0x4b29 n 0x54 thread 0x1103 thread 0x1103 state-kr 0x0 pc 0x90009817 leaf mach_msg_trap+0x7 frames: 0x90009817 0x148f48 0x90023d67
  22.662 TIGER-SAMPLE pid 0x4b29 n 0x54 thread 0x1303 thread 0x1303 state-kr 0x0 pc 0x900bc3fc leaf poll+0xc frames: 0x900bc3fc 0x14bc44 0x2fac62b 0x30145f1 0x90023d67
  22.662 TIGER-SAMPLE pid 0x4b29 n 0x54 thread 0x2507 thread 0x2507 state-kr 0x0 pc 0x90024407 leaf semaphore_wait_signal_trap+0x7 frames: 0x90024407 0x34e1e 0x90023d67
  22.663 TIGER-SAMPLE pid 0x4b29 n 0x54 thread 0x2703 thread 0x2703 state-kr 0x0 pc 0x90024407 leaf semaphore_wait_signal_trap+0x7 frames: 0x90024407 0x34e1e 0x90023d67
  22.663 TIGER-SAMPLE pid 0x4b29 n 0x54 thread 0x2903 thread 0x2903 state-kr 0x0 pc 0x90024407 leaf semaphore_wait_signal_trap+0x7 frames: 0x90024407 0x34e1e 0x90023d67
  22.663 TIGER-SAMPLE pid 0x4b29 n 0x54 thread 0x2b03 thread 0x2b03 state-kr 0x0 pc 0x90024407 leaf semaphore_wait_signal_trap+0x7 frames: 0x90024407 0x34e1e 0x90023d67
  22.663 TIGER-SAMPLE pid 0x4b29 n 0x54 thread 0x2f07 thread 0x2f07 state-kr 0x0 pc 0x90019d0c leaf select+0xc frames: 0x90019d0c 0x14c115 0x13f348 0x2fac62b 0x30145f1 0x90023d67
  22.674 TIGER-SAMPLE pid 0x4b24 n 0x58 main 0x117 thread 0x117 state-kr 0x0 pc 0x90009817 leaf mach_msg_trap+0x7 frames: 0x90009817 0x9082d227 0x9082ca42 0x92e06878 0x92e05f82 0x92e05dd9 0x9328cf45 0x9328cb37 0x932868c4 0xc50a 0x8752 0x8679 0x5
  22.674 TIGER-SAMPLE pid 0x4b24 n 0x58 thread 0x1203 thread 0x1203 state-kr 0x0 pc 0x90009817 leaf mach_msg_trap+0x7 frames: 0x90009817 0x2d3fd8 0x90023d67
  22.675 TIGER-SAMPLE pid 0x4b24 n 0x58 thread 0x3207 thread 0x3207 state-kr 0x0 pc 0x90024407 leaf semaphore_wait_signal_trap+0x7 frames: 0x90024407 0x3af7e 0x90023d67
  22.675 TIGER-SAMPLE pid 0x4b24 n 0x58 thread 0x3403 thread 0x3403 state-kr 0x0 pc 0x90024407 leaf semaphore_wait_signal_trap+0x7 frames: 0x90024407 0x3af7e 0x90023d67
  22.675 TIGER-SAMPLE pid 0x4b24 n 0x58 thread 0x5603 thread 0x5603 state-kr 0x0 pc 0x90024407 leaf semaphore_wait_signal_trap+0x7 frames: 0x90024407 0x3af7e 0x90023d67
  22.675 TIGER-SAMPLE pid 0x4b24 n 0x58 thread 0x5903 thread 0x5903 state-kr 0x0 pc 0x900bc3fc leaf poll+0xc frames: 0x900bc3fc 0x2d6a64 0x313ae8b 0x31a40a1 0x90023d67
  22.676 TIGER-SAMPLE pid 0x4b24 n 0x58 thread 0x5a03 thread 0x5a03 state-kr 0x0 pc 0x90024407 leaf semaphore_wait_signal_trap+0x7 frames: 0x90024407 0x3af7e 0x90023d67
  22.676 TIGER-SAMPLE pid 0x4b24 n 0x58 thread 0x5807 thread 0x5807 state-kr 0x0 pc 0x900bc3fc leaf poll+0xc frames: 0x900bc3fc 0x2d6a64 0x313ae8b 0x31a40a1 0x90023d67
  22.880 TIGER-SAMPLE pid 0x4b28 n 0x57 main 0xd03 thread 0xd03 state-kr 0x0 pc 0x10ae0ce22 leaf __semwait_signal+0xa frames: 0x10ae0ce22 0x1040c7625 0x103ff81b2 0x1040ca799 0x1040c9886 0x1040c9469 0x10004a77b 0x100001b4c 0x100001a61 0x3
  22.880 TIGER-SAMPLE pid 0x4b28 n 0x57 thread 0xf03 thread 0xf03 state-kr 0x0 pc 0x10ae56e4e leaf mach_msg_trap+0xa frames: 0x10ae56e4e 0x100328062 0x10ae08e9e
  22.880 TIGER-SAMPLE pid 0x4b28 n 0x57 thread 0x1103 thread 0x1103 state-kr 0x0 pc 0x10ae0ce22 leaf __semwait_signal+0xa frames: 0x10ae0ce22 0x1040c7625 0x103ff81b2 0x1040ca799 0x1040c9886 0x1040c9469 0x10405e84e 0x1040c7049 0x10ae08e9e
  22.880 TIGER-SAMPLE pid 0x4b28 n 0x57 thread 0x2303 thread 0x2303 state-kr 0x0 pc 0x10adbd7e6 leaf poll+0xa frames: 0x10adbd7e6 0x10405e84e 0x1040c7049 0x10ae08e9e
  22.881 TIGER-SAMPLE pid 0x4b28 n 0x57 thread 0x2407 thread 0x2407 state-kr 0x0 pc 0x10ae0ce22 leaf __semwait_signal+0xa frames: 0x10ae0ce22 0x1040c7625 0x103ff81b2 0x1040ca799 0x1040c9886 0x1040c9469 0x10405e84e 0x1040c7049 0x10ae08e9e
  22.881 TIGER-SAMPLE pid 0x4b28 n 0x57 thread 0x2503 thread 0x2503 state-kr 0x0 pc 0x10ae0ce22 leaf __semwait_signal+0xa frames: 0x10ae0ce22 0x1040c7625 0x103ff81b2 0x1040ca799 0x1040c9886 0x1040c9469 0x10405e84e 0x1040c7049 0x10ae08e9e
  22.881 TIGER-SAMPLE pid 0x4b28 n 0x57 thread 0x2603 thread 0x2603 state-kr 0x0 pc 0x10ae0ce22 leaf __semwait_signal+0xa frames: 0x10ae0ce22 0x1040c7625 0x103ff81b2 0x1040ca799 0x1040c9886 0x1040c9469 0x10405e84e 0x1040c7049 0x10ae08e9e
  22.881 TIGER-SAMPLE pid 0x4b28 n 0x57 thread 0x2703 thread 0x2703 state-kr 0x0 pc 0x10ae0ce22 leaf __semwait_signal+0xa frames: 0x10ae0ce22 0x1040c7625 0x103ff81b2 0x1040ca799 0x1040c9886 0x1040c9469 0x10405e84e 0x1040c7049 0x10ae08e9e
  22.881 TIGER-SAMPLE pid 0x4b28 n 0x57 thread 0x2c03 thread 0x2c03 state-kr 0x0 pc 0x10adbd7e6 leaf poll+0xa frames: 0x10adbd7e6 0x1043c3427 0x1043c35ea 0x101f33797 0x101f3f561 0x10405e84e 0x1040c7049 0x10ae08e9e
  22.881 TIGER-SAMPLE pid 0x4b28 n 0x57 thread 0x2e0f thread 0x2e0f state-kr 0x0 pc 0x10ae0ce22 leaf __semwait_signal+0xa frames: 0x10ae0ce22 0x1040c7625 0x103ff81b2 0x1040ca799 0x1040c9886 0x1040c9469 0x10405e84e 0x1040c7049 0x10ae08e9e
  22.914 TIGER-SAMPLE pid 0x4b29 n 0x55 main 0xd03 thread 0xd03 state-kr 0x0 pc 0x90009817 leaf mach_msg_trap+0x7 frames: 0x90009817 0x9082d227 0x9083e100 0x300d9e7 0x4497f 0x83d4 0x83a2 0x82c9 0x3
  22.914 TIGER-SAMPLE pid 0x4b29 n 0x55 thread 0x1103 thread 0x1103 state-kr 0x0 pc 0x90009817 leaf mach_msg_trap+0x7 frames: 0x90009817 0x148f48 0x90023d67
  22.914 TIGER-SAMPLE pid 0x4b29 n 0x55 thread 0x1303 thread 0x1303 state-kr 0x0 pc 0x900bc3fc leaf poll+0xc frames: 0x900bc3fc 0x14bc44 0x2fac62b 0x30145f1 0x90023d67
  22.915 TIGER-SAMPLE pid 0x4b29 n 0x55 thread 0x2507 thread 0x2507 state-kr 0x0 pc 0x90024407 leaf semaphore_wait_signal_trap+0x7 frames: 0x90024407 0x34e1e 0x90023d67
  22.915 TIGER-SAMPLE pid 0x4b29 n 0x55 thread 0x2703 thread 0x2703 state-kr 0x0 pc 0x90024407 leaf semaphore_wait_signal_trap+0x7 frames: 0x90024407 0x34e1e 0x90023d67
  22.915 TIGER-SAMPLE pid 0x4b29 n 0x55 thread 0x2903 thread 0x2903 state-kr 0x0 pc 0x90024407 leaf semaphore_wait_signal_trap+0x7 frames: 0x90024407 0x34e1e 0x90023d67
  22.915 TIGER-SAMPLE pid 0x4b29 n 0x55 thread 0x2b03 thread 0x2b03 state-kr 0x0 pc 0x90024407 leaf semaphore_wait_signal_trap+0x7 frames: 0x90024407 0x34e1e 0x90023d67
  22.916 TIGER-SAMPLE pid 0x4b29 n 0x55 thread 0x2f07 thread 0x2f07 state-kr 0x0 pc 0x90019d0c leaf select+0xc frames: 0x90019d0c 0x14c115 0x13f348 0x2fac62b 0x30145f1 0x90023d67
  22.927 TIGER-SAMPLE pid 0x4b24 n 0x59 main 0x117 thread 0x117 state-kr 0x0 pc 0x90009817 leaf mach_msg_trap+0x7 frames: 0x90009817 0x9082d227 0x9082ca42 0x92e06878 0x92e05f82 0x92e05dd9 0x9328cf45 0x9328cb37 0x932868c4 0xc50a 0x8752 0x8679 0x5
  22.927 TIGER-SAMPLE pid 0x4b24 n 0x59 thread 0x1203 thread 0x1203 state-kr 0x0 pc 0x90009817 leaf mach_msg_trap+0x7 frames: 0x90009817 0x2d3fd8 0x90023d67
  22.927 TIGER-SAMPLE pid 0x4b24 n 0x59 thread 0x3207 thread 0x3207 state-kr 0x0 pc 0x90024407 leaf semaphore_wait_signal_trap+0x7 frames: 0x90024407 0x3af7e 0x90023d67
  22.927 TIGER-SAMPLE pid 0x4b24 n 0x59 thread 0x3403 thread 0x3403 state-kr 0x0 pc 0x90024407 leaf semaphore_wait_signal_trap+0x7 frames: 0x90024407 0x3af7e 0x90023d67
  22.928 TIGER-SAMPLE pid 0x4b24 n 0x59 thread 0x5603 thread 0x5603 state-kr 0x0 pc 0x90024407 leaf semaphore_wait_signal_trap+0x7 frames: 0x90024407 0x3af7e 0x90023d67
  22.928 TIGER-SAMPLE pid 0x4b24 n 0x59 thread 0x5903 thread 0x5903 state-kr 0x0 pc 0x900bc3fc leaf poll+0xc frames: 0x900bc3fc 0x2d6a64 0x313ae8b 0x31a40a1 0x90023d67
  22.928 TIGER-SAMPLE pid 0x4b24 n 0x59 thread 0x5a03 thread 0x5a03 state-kr 0x0 pc 0x90024407 leaf semaphore_wait_signal_trap+0x7 frames: 0x90024407 0x3af7e 0x90023d67
  22.928 TIGER-SAMPLE pid 0x4b24 n 0x59 thread 0x5807 thread 0x5807 state-kr 0x0 pc 0x900bc3fc leaf poll+0xc frames: 0x900bc3fc 0x2d6a64 0x313ae8b 0x31a40a1 0x90023d67
  23.132 TIGER-SAMPLE pid 0x4b28 n 0x58 main 0xd03 thread 0xd03 state-kr 0x0 pc 0x10ae0ce22 leaf __semwait_signal+0xa frames: 0x10ae0ce22 0x1040c7625 0x103ff81b2 0x1040ca799 0x1040c9886 0x1040c9469 0x10004a77b 0x100001b4c 0x100001a61 0x3
  23.132 TIGER-SAMPLE pid 0x4b28 n 0x58 thread 0xf03 thread 0xf03 state-kr 0x0 pc 0x10ae56e4e leaf mach_msg_trap+0xa frames: 0x10ae56e4e 0x100328062 0x10ae08e9e
  23.132 TIGER-SAMPLE pid 0x4b28 n 0x58 thread 0x1103 thread 0x1103 state-kr 0x0 pc 0x10ae0ce22 leaf __semwait_signal+0xa frames: 0x10ae0ce22 0x1040c7625 0x103ff81b2 0x1040ca799 0x1040c9886 0x1040c9469 0x10405e84e 0x1040c7049 0x10ae08e9e
  23.132 TIGER-SAMPLE pid 0x4b28 n 0x58 thread 0x2303 thread 0x2303 state-kr 0x0 pc 0x10adbd7e6 leaf poll+0xa frames: 0x10adbd7e6 0x10405e84e 0x1040c7049 0x10ae08e9e
  23.132 TIGER-SAMPLE pid 0x4b28 n 0x58 thread 0x2407 thread 0x2407 state-kr 0x0 pc 0x10ae0ce22 leaf __semwait_signal+0xa frames: 0x10ae0ce22 0x1040c7625 0x103ff81b2 0x1040ca799 0x1040c9886 0x1040c9469 0x10405e84e 0x1040c7049 0x10ae08e9e
  23.133 TIGER-SAMPLE pid 0x4b28 n 0x58 thread 0x2503 thread 0x2503 state-kr 0x0 pc 0x10ae0ce22 leaf __semwait_signal+0xa frames: 0x10ae0ce22 0x1040c7625 0x103ff81b2 0x1040ca799 0x1040c9886 0x1040c9469 0x10405e84e 0x1040c7049 0x10ae08e9e
  23.133 TIGER-SAMPLE pid 0x4b28 n 0x58 thread 0x2603 thread 0x2603 state-kr 0x0 pc 0x10ae0ce22 leaf __semwait_signal+0xa frames: 0x10ae0ce22 0x1040c7625 0x103ff81b2 0x1040ca799 0x1040c9886 0x1040c9469 0x10405e84e 0x1040c7049 0x10ae08e9e
  23.133 TIGER-SAMPLE pid 0x4b28 n 0x58 thread 0x2703 thread 0x2703 state-kr 0x0 pc 0x10ae0ce22 leaf __semwait_signal+0xa frames: 0x10ae0ce22 0x1040c7625 0x103ff81b2 0x1040ca799 0x1040c9886 0x1040c9469 0x10405e84e 0x1040c7049 0x10ae08e9e
  23.133 TIGER-SAMPLE pid 0x4b28 n 0x58 thread 0x2c03 thread 0x2c03 state-kr 0x0 pc 0x10adbd7e6 leaf poll+0xa frames: 0x10adbd7e6 0x1043c3427 0x1043c35ea 0x101f33797 0x101f3f561 0x10405e84e 0x1040c7049 0x10ae08e9e
  23.133 TIGER-SAMPLE pid 0x4b28 n 0x58 thread 0x2e0f thread 0x2e0f state-kr 0x0 pc 0x10ae0ce22 leaf __semwait_signal+0xa frames: 0x10ae0ce22 0x1040c7625 0x103ff81b2 0x1040ca799 0x1040c9886 0x1040c9469 0x10405e84e 0x1040c7049 0x10ae08e9e
  23.166 TIGER-SAMPLE pid 0x4b29 n 0x56 main 0xd03 thread 0xd03 state-kr 0x0 pc 0x90009817 leaf mach_msg_trap+0x7 frames: 0x90009817 0x9082d227 0x9083e100 0x300d9e7 0x4497f 0x83d4 0x83a2 0x82c9 0x3
  23.166 TIGER-SAMPLE pid 0x4b29 n 0x56 thread 0x1103 thread 0x1103 state-kr 0x0 pc 0x90009817 leaf mach_msg_trap+0x7 frames: 0x90009817 0x148f48 0x90023d67
  23.167 TIGER-SAMPLE pid 0x4b29 n 0x56 thread 0x1303 thread 0x1303 state-kr 0x0 pc 0x900bc3fc leaf poll+0xc frames: 0x900bc3fc 0x14bc44 0x2fac62b 0x30145f1 0x90023d67
  23.167 TIGER-SAMPLE pid 0x4b29 n 0x56 thread 0x2507 thread 0x2507 state-kr 0x0 pc 0x90024407 leaf semaphore_wait_signal_trap+0x7 frames: 0x90024407 0x34e1e 0x90023d67
  23.167 TIGER-SAMPLE pid 0x4b29 n 0x56 thread 0x2703 thread 0x2703 state-kr 0x0 pc 0x90024407 leaf semaphore_wait_signal_trap+0x7 frames: 0x90024407 0x34e1e 0x90023d67
  23.167 TIGER-SAMPLE pid 0x4b29 n 0x56 thread 0x2903 thread 0x2903 state-kr 0x0 pc 0x90024407 leaf semaphore_wait_signal_trap+0x7 frames: 0x90024407 0x34e1e 0x90023d67
  23.167 TIGER-SAMPLE pid 0x4b29 n 0x56 thread 0x2b03 thread 0x2b03 state-kr 0x0 pc 0x90024407 leaf semaphore_wait_signal_trap+0x7 frames: 0x90024407 0x34e1e 0x90023d67
  23.168 TIGER-SAMPLE pid 0x4b29 n 0x56 thread 0x2f07 thread 0x2f07 state-kr 0x0 pc 0x90019d0c leaf select+0xc frames: 0x90019d0c 0x14c115 0x13f348 0x2fac62b 0x30145f1 0x90023d67
  23.179 TIGER-SAMPLE pid 0x4b24 n 0x5a main 0x117 thread 0x117 state-kr 0x0 pc 0x90009817 leaf mach_msg_trap+0x7 frames: 0x90009817 0x9082d227 0x9082ca42 0x92e06878 0x92e05f82 0x92e05dd9 0x9328cf45 0x9328cb37 0x932868c4 0xc50a 0x8752 0x8679 0x5
  23.179 TIGER-SAMPLE pid 0x4b24 n 0x5a thread 0x1203 thread 0x1203 state-kr 0x0 pc 0x90009817 leaf mach_msg_trap+0x7 frames: 0x90009817 0x2d3fd8 0x90023d67
  23.179 TIGER-SAMPLE pid 0x4b24 n 0x5a thread 0x3207 thread 0x3207 state-kr 0x0 pc 0x90024407 leaf semaphore_wait_signal_trap+0x7 frames: 0x90024407 0x3af7e 0x90023d67
  23.180 TIGER-SAMPLE pid 0x4b24 n 0x5a thread 0x3403 thread 0x3403 state-kr 0x0 pc 0x90024407 leaf semaphore_wait_signal_trap+0x7 frames: 0x90024407 0x3af7e 0x90023d67
  23.180 TIGER-SAMPLE pid 0x4b24 n 0x5a thread 0x5603 thread 0x5603 state-kr 0x0 pc 0x90024407 leaf semaphore_wait_signal_trap+0x7 frames: 0x90024407 0x3af7e 0x90023d67
  23.180 TIGER-SAMPLE pid 0x4b24 n 0x5a thread 0x5903 thread 0x5903 state-kr 0x0 pc 0x900bc3fc leaf poll+0xc frames: 0x900bc3fc 0x2d6a64 0x313ae8b 0x31a40a1 0x90023d67
  23.180 TIGER-SAMPLE pid 0x4b24 n 0x5a thread 0x5a03 thread 0x5a03 state-kr 0x0 pc 0x90024407 leaf semaphore_wait_signal_trap+0x7 frames: 0x90024407 0x3af7e 0x90023d67
  23.181 TIGER-SAMPLE pid 0x4b24 n 0x5a thread 0x5807 thread 0x5807 state-kr 0x0 pc 0x900bc3fc leaf poll+0xc frames: 0x900bc3fc 0x2d6a64 0x313ae8b 0x31a40a1 0x90023d67
  23.384 TIGER-SAMPLE pid 0x4b28 n 0x59 main 0xd03 thread 0xd03 state-kr 0x0 pc 0x10ae0ce22 leaf __semwait_signal+0xa frames: 0x10ae0ce22 0x1040c7625 0x103ff81b2 0x1040ca799 0x1040c9886 0x1040c9469 0x10004a77b 0x100001b4c 0x100001a61 0x3
  23.384 TIGER-SAMPLE pid 0x4b28 n 0x59 thread 0xf03 thread 0xf03 state-kr 0x0 pc 0x10ae56e4e leaf mach_msg_trap+0xa frames: 0x10ae56e4e 0x100328062 0x10ae08e9e
  23.384 TIGER-SAMPLE pid 0x4b28 n 0x59 thread 0x1103 thread 0x1103 state-kr 0x0 pc 0x10ae0ce22 leaf __semwait_signal+0xa frames: 0x10ae0ce22 0x1040c7625 0x103ff81b2 0x1040ca799 0x1040c9886 0x1040c9469 0x10405e84e 0x1040c7049 0x10ae08e9e
  23.384 TIGER-SAMPLE pid 0x4b28 n 0x59 thread 0x2303 thread 0x2303 state-kr 0x0 pc 0x10adbd7e6 leaf poll+0xa frames: 0x10adbd7e6 0x10405e84e 0x1040c7049 0x10ae08e9e
  23.384 TIGER-SAMPLE pid 0x4b28 n 0x59 thread 0x2407 thread 0x2407 state-kr 0x0 pc 0x10ae0ce22 leaf __semwait_signal+0xa frames: 0x10ae0ce22 0x1040c7625 0x103ff81b2 0x1040ca799 0x1040c9886 0x1040c9469 0x10405e84e 0x1040c7049 0x10ae08e9e
  23.384 TIGER-SAMPLE pid 0x4b28 n 0x59 thread 0x2503 thread 0x2503 state-kr 0x0 pc 0x10ae0ce22 leaf __semwait_signal+0xa frames: 0x10ae0ce22 0x1040c7625 0x103ff81b2 0x1040ca799 0x1040c9886 0x1040c9469 0x10405e84e 0x1040c7049 0x10ae08e9e
  23.384 TIGER-SAMPLE pid 0x4b28 n 0x59 thread 0x2603 thread 0x2603 state-kr 0x0 pc 0x10ae0ce22 leaf __semwait_signal+0xa frames: 0x10ae0ce22 0x1040c7625 0x103ff81b2 0x1040ca799 0x1040c9886 0x1040c9469 0x10405e84e 0x1040c7049 0x10ae08e9e
  23.385 TIGER-SAMPLE pid 0x4b28 n 0x59 thread 0x2703 thread 0x2703 state-kr 0x0 pc 0x10ae0ce22 leaf __semwait_signal+0xa frames: 0x10ae0ce22 0x1040c7625 0x103ff81b2 0x1040ca799 0x1040c9886 0x1040c9469 0x10405e84e 0x1040c7049 0x10ae08e9e
  23.385 TIGER-SAMPLE pid 0x4b28 n 0x59 thread 0x2c03 thread 0x2c03 state-kr 0x0 pc 0x10adbd7e6 leaf poll+0xa frames: 0x10adbd7e6 0x1043c3427 0x1043c35ea 0x101f33797 0x101f3f561 0x10405e84e 0x1040c7049 0x10ae08e9e
  23.385 TIGER-SAMPLE pid 0x4b28 n 0x59 thread 0x2e0f thread 0x2e0f state-kr 0x0 pc 0x10ae0ce22 leaf __semwait_signal+0xa frames: 0x10ae0ce22 0x1040c7625 0x103ff81b2 0x1040ca799 0x1040c9886 0x1040c9469 0x10405e84e 0x1040c7049 0x10ae08e9e
  23.418 TIGER-SAMPLE pid 0x4b29 n 0x57 main 0xd03 thread 0xd03 state-kr 0x0 pc 0x90009817 leaf mach_msg_trap+0x7 frames: 0x90009817 0x9082d227 0x9083e100 0x300d9e7 0x4497f 0x83d4 0x83a2 0x82c9 0x3
  23.418 TIGER-SAMPLE pid 0x4b29 n 0x57 thread 0x1103 thread 0x1103 state-kr 0x0 pc 0x90009817 leaf mach_msg_trap+0x7 frames: 0x90009817 0x148f48 0x90023d67
  23.419 TIGER-SAMPLE pid 0x4b29 n 0x57 thread 0x1303 thread 0x1303 state-kr 0x0 pc 0x900bc3fc leaf poll+0xc frames: 0x900bc3fc 0x14bc44 0x2fac62b 0x30145f1 0x90023d67
  23.419 TIGER-SAMPLE pid 0x4b29 n 0x57 thread 0x2507 thread 0x2507 state-kr 0x0 pc 0x90024407 leaf semaphore_wait_signal_trap+0x7 frames: 0x90024407 0x34e1e 0x90023d67
  23.419 TIGER-SAMPLE pid 0x4b29 n 0x57 thread 0x2703 thread 0x2703 state-kr 0x0 pc 0x90024407 leaf semaphore_wait_signal_trap+0x7 frames: 0x90024407 0x34e1e 0x90023d67
  23.419 TIGER-SAMPLE pid 0x4b29 n 0x57 thread 0x2903 thread 0x2903 state-kr 0x0 pc 0x90024407 leaf semaphore_wait_signal_trap+0x7 frames: 0x90024407 0x34e1e 0x90023d67
  23.420 TIGER-SAMPLE pid 0x4b29 n 0x57 thread 0x2b03 thread 0x2b03 state-kr 0x0 pc 0x90024407 leaf semaphore_wait_signal_trap+0x7 frames: 0x90024407 0x34e1e 0x90023d67
  23.420 TIGER-SAMPLE pid 0x4b29 n 0x57 thread 0x2f07 thread 0x2f07 state-kr 0x0 pc 0x90019d0c leaf select+0xc frames: 0x90019d0c 0x14c115 0x13f348 0x2fac62b 0x30145f1 0x90023d67
  23.431 TIGER-SAMPLE pid 0x4b24 n 0x5b main 0x117 thread 0x117 state-kr 0x0 pc 0x90009817 leaf mach_msg_trap+0x7 frames: 0x90009817 0x9082d227 0x9082ca42 0x92e06878 0x92e05f82 0x92e05dd9 0x9328cf45 0x9328cb37 0x932868c4 0xc50a 0x8752 0x8679 0x5
  23.431 TIGER-SAMPLE pid 0x4b24 n 0x5b thread 0x1203 thread 0x1203 state-kr 0x0 pc 0x90009817 leaf mach_msg_trap+0x7 frames: 0x90009817 0x2d3fd8 0x90023d67
  23.432 TIGER-SAMPLE pid 0x4b24 n 0x5b thread 0x3207 thread 0x3207 state-kr 0x0 pc 0x90024407 leaf semaphore_wait_signal_trap+0x7 frames: 0x90024407 0x3af7e 0x90023d67
  23.432 TIGER-SAMPLE pid 0x4b24 n 0x5b thread 0x3403 thread 0x3403 state-kr 0x0 pc 0x90024407 leaf semaphore_wait_signal_trap+0x7 frames: 0x90024407 0x3af7e 0x90023d67
  23.432 TIGER-SAMPLE pid 0x4b24 n 0x5b thread 0x5603 thread 0x5603 state-kr 0x0 pc 0x90024407 leaf semaphore_wait_signal_trap+0x7 frames: 0x90024407 0x3af7e 0x90023d67
  23.432 TIGER-SAMPLE pid 0x4b24 n 0x5b thread 0x5903 thread 0x5903 state-kr 0x0 pc 0x900bc3fc leaf poll+0xc frames: 0x900bc3fc 0x2d6a64 0x313ae8b 0x31a40a1 0x90023d67
  23.433 TIGER-SAMPLE pid 0x4b24 n 0x5b thread 0x5a03 thread 0x5a03 state-kr 0x0 pc 0x90024407 leaf semaphore_wait_signal_trap+0x7 frames: 0x90024407 0x3af7e 0x90023d67
  23.433 TIGER-SAMPLE pid 0x4b24 n 0x5b thread 0x5807 thread 0x5807 state-kr 0x0 pc 0x900bc3fc leaf poll+0xc frames: 0x900bc3fc 0x2d6a64 0x313ae8b 0x31a40a1 0x90023d67
  23.636 TIGER-SAMPLE pid 0x4b28 n 0x5a main 0xd03 thread 0xd03 state-kr 0x0 pc 0x10ae0ce22 leaf __semwait_signal+0xa frames: 0x10ae0ce22 0x1040c7625 0x103ff81b2 0x1040ca799 0x1040c9886 0x1040c9469 0x10004a77b 0x100001b4c 0x100001a61 0x3
  23.636 TIGER-SAMPLE pid 0x4b28 n 0x5a thread 0xf03 thread 0xf03 state-kr 0x0 pc 0x10ae56e4e leaf mach_msg_trap+0xa frames: 0x10ae56e4e 0x100328062 0x10ae08e9e
  23.636 TIGER-SAMPLE pid 0x4b28 n 0x5a thread 0x1103 thread 0x1103 state-kr 0x0 pc 0x10ae0ce22 leaf __semwait_signal+0xa frames: 0x10ae0ce22 0x1040c7625 0x103ff81b2 0x1040ca799 0x1040c9886 0x1040c9469 0x10405e84e 0x1040c7049 0x10ae08e9e
  23.636 TIGER-SAMPLE pid 0x4b28 n 0x5a thread 0x2303 thread 0x2303 state-kr 0x0 pc 0x10adbd7e6 leaf poll+0xa frames: 0x10adbd7e6 0x10405e84e 0x1040c7049 0x10ae08e9e
  23.636 TIGER-SAMPLE pid 0x4b28 n 0x5a thread 0x2407 thread 0x2407 state-kr 0x0 pc 0x10ae0ce22 leaf __semwait_signal+0xa frames: 0x10ae0ce22 0x1040c7625 0x103ff81b2 0x1040ca799 0x1040c9886 0x1040c9469 0x10405e84e 0x1040c7049 0x10ae08e9e
  23.636 TIGER-SAMPLE pid 0x4b28 n 0x5a thread 0x2503 thread 0x2503 state-kr 0x0 pc 0x10ae0ce22 leaf __semwait_signal+0xa frames: 0x10ae0ce22 0x1040c7625 0x103ff81b2 0x1040ca799 0x1040c9886 0x1040c9469 0x10405e84e 0x1040c7049 0x10ae08e9e
  23.637 TIGER-SAMPLE pid 0x4b28 n 0x5a thread 0x2603 thread 0x2603 state-kr 0x0 pc 0x10ae0ce22 leaf __semwait_signal+0xa frames: 0x10ae0ce22 0x1040c7625 0x103ff81b2 0x1040ca799 0x1040c9886 0x1040c9469 0x10405e84e 0x1040c7049 0x10ae08e9e
  23.637 TIGER-SAMPLE pid 0x4b28 n 0x5a thread 0x2703 thread 0x2703 state-kr 0x0 pc 0x10ae0ce22 leaf __semwait_signal+0xa frames: 0x10ae0ce22 0x1040c7625 0x103ff81b2 0x1040ca799 0x1040c9886 0x1040c9469 0x10405e84e 0x1040c7049 0x10ae08e9e
  23.637 TIGER-SAMPLE pid 0x4b28 n 0x5a thread 0x2c03 thread 0x2c03 state-kr 0x0 pc 0x10adbd7e6 leaf poll+0xa frames: 0x10adbd7e6 0x1043c3427 0x1043c35ea 0x101f33797 0x101f3f561 0x10405e84e 0x1040c7049 0x10ae08e9e
  23.637 TIGER-SAMPLE pid 0x4b28 n 0x5a thread 0x2e0f thread 0x2e0f state-kr 0x0 pc 0x10ae0ce22 leaf __semwait_signal+0xa frames: 0x10ae0ce22 0x1040c7625 0x103ff81b2 0x1040ca799 0x1040c9886 0x1040c9469 0x10405e84e 0x1040c7049 0x10ae08e9e
  23.670 TIGER-SAMPLE pid 0x4b29 n 0x58 main 0xd03 thread 0xd03 state-kr 0x0 pc 0x90009817 leaf mach_msg_trap+0x7 frames: 0x90009817 0x9082d227 0x9083e100 0x300d9e7 0x4497f 0x83d4 0x83a2 0x82c9 0x3
  23.671 TIGER-SAMPLE pid 0x4b29 n 0x58 thread 0x1103 thread 0x1103 state-kr 0x0 pc 0x90009817 leaf mach_msg_trap+0x7 frames: 0x90009817 0x148f48 0x90023d67
  23.671 TIGER-SAMPLE pid 0x4b29 n 0x58 thread 0x1303 thread 0x1303 state-kr 0x0 pc 0x900bc3fc leaf poll+0xc frames: 0x900bc3fc 0x14bc44 0x2fac62b 0x30145f1 0x90023d67
  23.671 TIGER-SAMPLE pid 0x4b29 n 0x58 thread 0x2507 thread 0x2507 state-kr 0x0 pc 0x90024407 leaf semaphore_wait_signal_trap+0x7 frames: 0x90024407 0x34e1e 0x90023d67
  23.671 TIGER-SAMPLE pid 0x4b29 n 0x58 thread 0x2703 thread 0x2703 state-kr 0x0 pc 0x90024407 leaf semaphore_wait_signal_trap+0x7 frames: 0x90024407 0x34e1e 0x90023d67
  23.672 TIGER-SAMPLE pid 0x4b29 n 0x58 thread 0x2903 thread 0x2903 state-kr 0x0 pc 0x90024407 leaf semaphore_wait_signal_trap+0x7 frames: 0x90024407 0x34e1e 0x90023d67
  23.672 TIGER-SAMPLE pid 0x4b29 n 0x58 thread 0x2b03 thread 0x2b03 state-kr 0x0 pc 0x90024407 leaf semaphore_wait_signal_trap+0x7 frames: 0x90024407 0x34e1e 0x90023d67
  23.672 TIGER-SAMPLE pid 0x4b29 n 0x58 thread 0x2f07 thread 0x2f07 state-kr 0x0 pc 0x90019d0c leaf select+0xc frames: 0x90019d0c 0x14c115 0x13f348 0x2fac62b 0x30145f1 0x90023d67
  23.684 TIGER-SAMPLE pid 0x4b24 n 0x5c main 0x117 thread 0x117 state-kr 0x0 pc 0x90009817 leaf mach_msg_trap+0x7 frames: 0x90009817 0x9082d227 0x9082ca42 0x92e06878 0x92e05f82 0x92e05dd9 0x9328cf45 0x9328cb37 0x932868c4 0xc50a 0x8752 0x8679 0x5
  23.684 TIGER-SAMPLE pid 0x4b24 n 0x5c thread 0x1203 thread 0x1203 state-kr 0x0 pc 0x90009817 leaf mach_msg_trap+0x7 frames: 0x90009817 0x2d3fd8 0x90023d67
  23.684 TIGER-SAMPLE pid 0x4b24 n 0x5c thread 0x3207 thread 0x3207 state-kr 0x0 pc 0x90024407 leaf semaphore_wait_signal_trap+0x7 frames: 0x90024407 0x3af7e 0x90023d67
  23.684 TIGER-SAMPLE pid 0x4b24 n 0x5c thread 0x3403 thread 0x3403 state-kr 0x0 pc 0x90024407 leaf semaphore_wait_signal_trap+0x7 frames: 0x90024407 0x3af7e 0x90023d67
  23.684 TIGER-SAMPLE pid 0x4b24 n 0x5c thread 0x5603 thread 0x5603 state-kr 0x0 pc 0x90024407 leaf semaphore_wait_signal_trap+0x7 frames: 0x90024407 0x3af7e 0x90023d67
  23.685 TIGER-SAMPLE pid 0x4b24 n 0x5c thread 0x5903 thread 0x5903 state-kr 0x0 pc 0x900bc3fc leaf poll+0xc frames: 0x900bc3fc 0x2d6a64 0x313ae8b 0x31a40a1 0x90023d67
  23.685 TIGER-SAMPLE pid 0x4b24 n 0x5c thread 0x5a03 thread 0x5a03 state-kr 0x0 pc 0x90024407 leaf semaphore_wait_signal_trap+0x7 frames: 0x90024407 0x3af7e 0x90023d67
  23.685 TIGER-SAMPLE pid 0x4b24 n 0x5c thread 0x5807 thread 0x5807 state-kr 0x0 pc 0x900bc3fc leaf poll+0xc frames: 0x900bc3fc 0x2d6a64 0x313ae8b 0x31a40a1 0x90023d67
  23.887 TIGER-SAMPLE pid 0x4b28 n 0x5b main 0xd03 thread 0xd03 state-kr 0x0 pc 0x10ae0ce22 leaf __semwait_signal+0xa frames: 0x10ae0ce22 0x1040c7625 0x103ff81b2 0x1040ca799 0x1040c9886 0x1040c9469 0x10004a77b 0x100001b4c 0x100001a61 0x3
  23.888 TIGER-SAMPLE pid 0x4b28 n 0x5b thread 0xf03 thread 0xf03 state-kr 0x0 pc 0x10ae56e4e leaf mach_msg_trap+0xa frames: 0x10ae56e4e 0x100328062 0x10ae08e9e
  23.888 TIGER-SAMPLE pid 0x4b28 n 0x5b thread 0x1103 thread 0x1103 state-kr 0x0 pc 0x10ae0ce22 leaf __semwait_signal+0xa frames: 0x10ae0ce22 0x1040c7625 0x103ff81b2 0x1040ca799 0x1040c9886 0x1040c9469 0x10405e84e 0x1040c7049 0x10ae08e9e
  23.888 TIGER-SAMPLE pid 0x4b28 n 0x5b thread 0x2303 thread 0x2303 state-kr 0x0 pc 0x10adbd7e6 leaf poll+0xa frames: 0x10adbd7e6 0x10405e84e 0x1040c7049 0x10ae08e9e
  23.888 TIGER-SAMPLE pid 0x4b28 n 0x5b thread 0x2407 thread 0x2407 state-kr 0x0 pc 0x10ae0ce22 leaf __semwait_signal+0xa frames: 0x10ae0ce22 0x1040c7625 0x103ff81b2 0x1040ca799 0x1040c9886 0x1040c9469 0x10405e84e 0x1040c7049 0x10ae08e9e
  23.888 TIGER-SAMPLE pid 0x4b28 n 0x5b thread 0x2503 thread 0x2503 state-kr 0x0 pc 0x10ae0ce22 leaf __semwait_signal+0xa frames: 0x10ae0ce22 0x1040c7625 0x103ff81b2 0x1040ca799 0x1040c9886 0x1040c9469 0x10405e84e 0x1040c7049 0x10ae08e9e
  23.888 TIGER-SAMPLE pid 0x4b28 n 0x5b thread 0x2603 thread 0x2603 state-kr 0x0 pc 0x10ae0ce22 leaf __semwait_signal+0xa frames: 0x10ae0ce22 0x1040c7625 0x103ff81b2 0x1040ca799 0x1040c9886 0x1040c9469 0x10405e84e 0x1040c7049 0x10ae08e9e
  23.888 TIGER-SAMPLE pid 0x4b28 n 0x5b thread 0x2703 thread 0x2703 state-kr 0x0 pc 0x10ae0ce22 leaf __semwait_signal+0xa frames: 0x10ae0ce22 0x1040c7625 0x103ff81b2 0x1040ca799 0x1040c9886 0x1040c9469 0x10405e84e 0x1040c7049 0x10ae08e9e
  23.889 TIGER-SAMPLE pid 0x4b28 n 0x5b thread 0x2c03 thread 0x2c03 state-kr 0x0 pc 0x10adbd7e6 leaf poll+0xa frames: 0x10adbd7e6 0x1043c3427 0x1043c35ea 0x101f33797 0x101f3f561 0x10405e84e 0x1040c7049 0x10ae08e9e
  23.889 TIGER-SAMPLE pid 0x4b28 n 0x5b thread 0x2e0f thread 0x2e0f state-kr 0x0 pc 0x10ae0ce22 leaf __semwait_signal+0xa frames: 0x10ae0ce22 0x1040c7625 0x103ff81b2 0x1040ca799 0x1040c9886 0x1040c9469 0x10405e84e 0x1040c7049 0x10ae08e9e
  23.923 TIGER-SAMPLE pid 0x4b29 n 0x59 main 0xd03 thread 0xd03 state-kr 0x0 pc 0x90009817 leaf mach_msg_trap+0x7 frames: 0x90009817 0x9082d227 0x9083e100 0x300d9e7 0x4497f 0x83d4 0x83a2 0x82c9 0x3
  23.923 TIGER-SAMPLE pid 0x4b29 n 0x59 thread 0x1103 thread 0x1103 state-kr 0x0 pc 0x90009817 leaf mach_msg_trap+0x7 frames: 0x90009817 0x148f48 0x90023d67
  23.923 TIGER-SAMPLE pid 0x4b29 n 0x59 thread 0x1303 thread 0x1303 state-kr 0x0 pc 0x900bc3fc leaf poll+0xc frames: 0x900bc3fc 0x14bc44 0x2fac62b 0x30145f1 0x90023d67
  23.923 TIGER-SAMPLE pid 0x4b29 n 0x59 thread 0x2507 thread 0x2507 state-kr 0x0 pc 0x90024407 leaf semaphore_wait_signal_trap+0x7 frames: 0x90024407 0x34e1e 0x90023d67
  23.923 TIGER-SAMPLE pid 0x4b29 n 0x59 thread 0x2703 thread 0x2703 state-kr 0x0 pc 0x90024407 leaf semaphore_wait_signal_trap+0x7 frames: 0x90024407 0x34e1e 0x90023d67
  23.924 TIGER-SAMPLE pid 0x4b29 n 0x59 thread 0x2903 thread 0x2903 state-kr 0x0 pc 0x90024407 leaf semaphore_wait_signal_trap+0x7 frames: 0x90024407 0x34e1e 0x90023d67
  23.924 TIGER-SAMPLE pid 0x4b29 n 0x59 thread 0x2b03 thread 0x2b03 state-kr 0x0 pc 0x90024407 leaf semaphore_wait_signal_trap+0x7 frames: 0x90024407 0x34e1e 0x90023d67
  23.924 TIGER-SAMPLE pid 0x4b29 n 0x59 thread 0x2f07 thread 0x2f07 state-kr 0x0 pc 0x90019d0c leaf select+0xc frames: 0x90019d0c 0x14c115 0x13f348 0x2fac62b 0x30145f1 0x90023d67
  23.936 TIGER-SAMPLE pid 0x4b24 n 0x5d main 0x117 thread 0x117 state-kr 0x0 pc 0x90009817 leaf mach_msg_trap+0x7 frames: 0x90009817 0x9082d227 0x9082ca42 0x92e06878 0x92e05f82 0x92e05dd9 0x9328cf45 0x9328cb37 0x932868c4 0xc50a 0x8752 0x8679 0x5
  23.936 TIGER-SAMPLE pid 0x4b24 n 0x5d thread 0x1203 thread 0x1203 state-kr 0x0 pc 0x90009817 leaf mach_msg_trap+0x7 frames: 0x90009817 0x2d3fd8 0x90023d67
  23.936 TIGER-SAMPLE pid 0x4b24 n 0x5d thread 0x3207 thread 0x3207 state-kr 0x0 pc 0x90024407 leaf semaphore_wait_signal_trap+0x7 frames: 0x90024407 0x3af7e 0x90023d67
  23.936 TIGER-SAMPLE pid 0x4b24 n 0x5d thread 0x3403 thread 0x3403 state-kr 0x0 pc 0x90024407 leaf semaphore_wait_signal_trap+0x7 frames: 0x90024407 0x3af7e 0x90023d67
  23.937 TIGER-SAMPLE pid 0x4b24 n 0x5d thread 0x5603 thread 0x5603 state-kr 0x0 pc 0x90024407 leaf semaphore_wait_signal_trap+0x7 frames: 0x90024407 0x3af7e 0x90023d67
  23.937 TIGER-SAMPLE pid 0x4b24 n 0x5d thread 0x5903 thread 0x5903 state-kr 0x0 pc 0x900bc3fc leaf poll+0xc frames: 0x900bc3fc 0x2d6a64 0x313ae8b 0x31a40a1 0x90023d67
  23.937 TIGER-SAMPLE pid 0x4b24 n 0x5d thread 0x5a03 thread 0x5a03 state-kr 0x0 pc 0x90024407 leaf semaphore_wait_signal_trap+0x7 frames: 0x90024407 0x3af7e 0x90023d67
  23.938 TIGER-SAMPLE pid 0x4b24 n 0x5d thread 0x5807 thread 0x5807 state-kr 0x0 pc 0x900bc3fc leaf poll+0xc frames: 0x900bc3fc 0x2d6a64 0x313ae8b 0x31a40a1 0x90023d67
  24.139 TIGER-SAMPLE pid 0x4b28 n 0x5c main 0xd03 thread 0xd03 state-kr 0x0 pc 0x10ae0ce22 leaf __semwait_signal+0xa frames: 0x10ae0ce22 0x1040c7625 0x103ff81b2 0x1040ca799 0x1040c9886 0x1040c9469 0x10004a77b 0x100001b4c 0x100001a61 0x3
  24.139 TIGER-SAMPLE pid 0x4b28 n 0x5c thread 0xf03 thread 0xf03 state-kr 0x0 pc 0x10ae56e4e leaf mach_msg_trap+0xa frames: 0x10ae56e4e 0x100328062 0x10ae08e9e
  24.139 TIGER-SAMPLE pid 0x4b28 n 0x5c thread 0x1103 thread 0x1103 state-kr 0x0 pc 0x10ae0ce22 leaf __semwait_signal+0xa frames: 0x10ae0ce22 0x1040c7625 0x103ff81b2 0x1040ca799 0x1040c9886 0x1040c9469 0x10405e84e 0x1040c7049 0x10ae08e9e
  24.140 TIGER-SAMPLE pid 0x4b28 n 0x5c thread 0x2303 thread 0x2303 state-kr 0x0 pc 0x10adbd7e6 leaf poll+0xa frames: 0x10adbd7e6 0x10405e84e 0x1040c7049 0x10ae08e9e
  24.140 TIGER-SAMPLE pid 0x4b28 n 0x5c thread 0x2407 thread 0x2407 state-kr 0x0 pc 0x10ae0ce22 leaf __semwait_signal+0xa frames: 0x10ae0ce22 0x1040c7625 0x103ff81b2 0x1040ca799 0x1040c9886 0x1040c9469 0x10405e84e 0x1040c7049 0x10ae08e9e
  24.140 TIGER-SAMPLE pid 0x4b28 n 0x5c thread 0x2503 thread 0x2503 state-kr 0x0 pc 0x10ae0ce22 leaf __semwait_signal+0xa frames: 0x10ae0ce22 0x1040c7625 0x103ff81b2 0x1040ca799 0x1040c9886 0x1040c9469 0x10405e84e 0x1040c7049 0x10ae08e9e
  24.140 TIGER-SAMPLE pid 0x4b28 n 0x5c thread 0x2603 thread 0x2603 state-kr 0x0 pc 0x10ae0ce22 leaf __semwait_signal+0xa frames: 0x10ae0ce22 0x1040c7625 0x103ff81b2 0x1040ca799 0x1040c9886 0x1040c9469 0x10405e84e 0x1040c7049 0x10ae08e9e
  24.140 TIGER-SAMPLE pid 0x4b28 n 0x5c thread 0x2703 thread 0x2703 state-kr 0x0 pc 0x10ae0ce22 leaf __semwait_signal+0xa frames: 0x10ae0ce22 0x1040c7625 0x103ff81b2 0x1040ca799 0x1040c9886 0x1040c9469 0x10405e84e 0x1040c7049 0x10ae08e9e
  24.140 TIGER-SAMPLE pid 0x4b28 n 0x5c thread 0x2c03 thread 0x2c03 state-kr 0x0 pc 0x10adbd7e6 leaf poll+0xa frames: 0x10adbd7e6 0x1043c3427 0x1043c35ea 0x101f33797 0x101f3f561 0x10405e84e 0x1040c7049 0x10ae08e9e
  24.141 TIGER-SAMPLE pid 0x4b28 n 0x5c thread 0x2e0f thread 0x2e0f state-kr 0x0 pc 0x10ae0ce22 leaf __semwait_signal+0xa frames: 0x10ae0ce22 0x1040c7625 0x103ff81b2 0x1040ca799 0x1040c9886 0x1040c9469 0x10405e84e 0x1040c7049 0x10ae08e9e
  24.175 TIGER-SAMPLE pid 0x4b29 n 0x5a main 0xd03 thread 0xd03 state-kr 0x0 pc 0x90009817 leaf mach_msg_trap+0x7 frames: 0x90009817 0x9082d227 0x9083e100 0x300d9e7 0x4497f 0x83d4 0x83a2 0x82c9 0x3
  24.175 TIGER-SAMPLE pid 0x4b29 n 0x5a thread 0x1103 thread 0x1103 state-kr 0x0 pc 0x90009817 leaf mach_msg_trap+0x7 frames: 0x90009817 0x148f48 0x90023d67
  24.175 TIGER-SAMPLE pid 0x4b29 n 0x5a thread 0x1303 thread 0x1303 state-kr 0x0 pc 0x900bc3fc leaf poll+0xc frames: 0x900bc3fc 0x14bc44 0x2fac62b 0x30145f1 0x90023d67
  24.175 TIGER-SAMPLE pid 0x4b29 n 0x5a thread 0x2507 thread 0x2507 state-kr 0x0 pc 0x90024407 leaf semaphore_wait_signal_trap+0x7 frames: 0x90024407 0x34e1e 0x90023d67
  24.176 TIGER-SAMPLE pid 0x4b29 n 0x5a thread 0x2703 thread 0x2703 state-kr 0x0 pc 0x90024407 leaf semaphore_wait_signal_trap+0x7 frames: 0x90024407 0x34e1e 0x90023d67
  24.176 TIGER-SAMPLE pid 0x4b29 n 0x5a thread 0x2903 thread 0x2903 state-kr 0x0 pc 0x90024407 leaf semaphore_wait_signal_trap+0x7 frames: 0x90024407 0x34e1e 0x90023d67
  24.176 TIGER-SAMPLE pid 0x4b29 n 0x5a thread 0x2b03 thread 0x2b03 state-kr 0x0 pc 0x90024407 leaf semaphore_wait_signal_trap+0x7 frames: 0x90024407 0x34e1e 0x90023d67
  24.176 TIGER-SAMPLE pid 0x4b29 n 0x5a thread 0x2f07 thread 0x2f07 state-kr 0x0 pc 0x90019d0c leaf select+0xc frames: 0x90019d0c 0x14c115 0x13f348 0x2fac62b 0x30145f1 0x90023d67
  24.189 TIGER-SAMPLE pid 0x4b24 n 0x5e main 0x117 thread 0x117 state-kr 0x0 pc 0x90009817 leaf mach_msg_trap+0x7 frames: 0x90009817 0x9082d227 0x9082ca42 0x92e06878 0x92e05f82 0x92e05dd9 0x9328cf45 0x9328cb37 0x932868c4 0xc50a 0x8752 0x8679 0x5
  24.189 TIGER-SAMPLE pid 0x4b24 n 0x5e thread 0x1203 thread 0x1203 state-kr 0x0 pc 0x90009817 leaf mach_msg_trap+0x7 frames: 0x90009817 0x2d3fd8 0x90023d67
  24.189 TIGER-SAMPLE pid 0x4b24 n 0x5e thread 0x3207 thread 0x3207 state-kr 0x0 pc 0x90024407 leaf semaphore_wait_signal_trap+0x7 frames: 0x90024407 0x3af7e 0x90023d67
  24.189 TIGER-SAMPLE pid 0x4b24 n 0x5e thread 0x3403 thread 0x3403 state-kr 0x0 pc 0x90024407 leaf semaphore_wait_signal_trap+0x7 frames: 0x90024407 0x3af7e 0x90023d67
  24.189 TIGER-SAMPLE pid 0x4b24 n 0x5e thread 0x5603 thread 0x5603 state-kr 0x0 pc 0x90024407 leaf semaphore_wait_signal_trap+0x7 frames: 0x90024407 0x3af7e 0x90023d67
  24.190 TIGER-SAMPLE pid 0x4b24 n 0x5e thread 0x5903 thread 0x5903 state-kr 0x0 pc 0x900bc3fc leaf poll+0xc frames: 0x900bc3fc 0x2d6a64 0x313ae8b 0x31a40a1 0x90023d67
  24.190 TIGER-SAMPLE pid 0x4b24 n 0x5e thread 0x5a03 thread 0x5a03 state-kr 0x0 pc 0x90024407 leaf semaphore_wait_signal_trap+0x7 frames: 0x90024407 0x3af7e 0x90023d67
  24.190 TIGER-SAMPLE pid 0x4b24 n 0x5e thread 0x5807 thread 0x5807 state-kr 0x0 pc 0x900bc3fc leaf poll+0xc frames: 0x900bc3fc 0x2d6a64 0x313ae8b 0x31a40a1 0x90023d67
  24.391 TIGER-SAMPLE pid 0x4b28 n 0x5d main 0xd03 thread 0xd03 state-kr 0x0 pc 0x10ae0ce22 leaf __semwait_signal+0xa frames: 0x10ae0ce22 0x1040c7625 0x103ff81b2 0x1040ca799 0x1040c9886 0x1040c9469 0x10004a77b 0x100001b4c 0x100001a61 0x3
  24.391 TIGER-SAMPLE pid 0x4b28 n 0x5d thread 0xf03 thread 0xf03 state-kr 0x0 pc 0x10ae56e4e leaf mach_msg_trap+0xa frames: 0x10ae56e4e 0x100328062 0x10ae08e9e
  24.391 TIGER-SAMPLE pid 0x4b28 n 0x5d thread 0x1103 thread 0x1103 state-kr 0x0 pc 0x10ae0ce22 leaf __semwait_signal+0xa frames: 0x10ae0ce22 0x1040c7625 0x103ff81b2 0x1040ca799 0x1040c9886 0x1040c9469 0x10405e84e 0x1040c7049 0x10ae08e9e
  24.391 TIGER-SAMPLE pid 0x4b28 n 0x5d thread 0x2303 thread 0x2303 state-kr 0x0 pc 0x10adbd7e6 leaf poll+0xa frames: 0x10adbd7e6 0x10405e84e 0x1040c7049 0x10ae08e9e
  24.392 TIGER-SAMPLE pid 0x4b28 n 0x5d thread 0x2407 thread 0x2407 state-kr 0x0 pc 0x10ae0ce22 leaf __semwait_signal+0xa frames: 0x10ae0ce22 0x1040c7625 0x103ff81b2 0x1040ca799 0x1040c9886 0x1040c9469 0x10405e84e 0x1040c7049 0x10ae08e9e
  24.392 TIGER-SAMPLE pid 0x4b28 n 0x5d thread 0x2503 thread 0x2503 state-kr 0x0 pc 0x10ae0ce22 leaf __semwait_signal+0xa frames: 0x10ae0ce22 0x1040c7625 0x103ff81b2 0x1040ca799 0x1040c9886 0x1040c9469 0x10405e84e 0x1040c7049 0x10ae08e9e
  24.392 TIGER-SAMPLE pid 0x4b28 n 0x5d thread 0x2603 thread 0x2603 state-kr 0x0 pc 0x10ae0ce22 leaf __semwait_signal+0xa frames: 0x10ae0ce22 0x1040c7625 0x103ff81b2 0x1040ca799 0x1040c9886 0x1040c9469 0x10405e84e 0x1040c7049 0x10ae08e9e
  24.392 TIGER-SAMPLE pid 0x4b28 n 0x5d thread 0x2703 thread 0x2703 state-kr 0x0 pc 0x10ae0ce22 leaf __semwait_signal+0xa frames: 0x10ae0ce22 0x1040c7625 0x103ff81b2 0x1040ca799 0x1040c9886 0x1040c9469 0x10405e84e 0x1040c7049 0x10ae08e9e
  24.392 TIGER-SAMPLE pid 0x4b28 n 0x5d thread 0x2c03 thread 0x2c03 state-kr 0x0 pc 0x10adbd7e6 leaf poll+0xa frames: 0x10adbd7e6 0x1043c3427 0x1043c35ea 0x101f33797 0x101f3f561 0x10405e84e 0x1040c7049 0x10ae08e9e
  24.392 TIGER-SAMPLE pid 0x4b28 n 0x5d thread 0x2e0f thread 0x2e0f state-kr 0x0 pc 0x10ae0ce22 leaf __semwait_signal+0xa frames: 0x10ae0ce22 0x1040c7625 0x103ff81b2 0x1040ca799 0x1040c9886 0x1040c9469 0x10405e84e 0x1040c7049 0x10ae08e9e
  24.427 TIGER-SAMPLE pid 0x4b29 n 0x5b main 0xd03 thread 0xd03 state-kr 0x0 pc 0x90009817 leaf mach_msg_trap+0x7 frames: 0x90009817 0x9082d227 0x9083e100 0x300d9e7 0x4497f 0x83d4 0x83a2 0x82c9 0x3
  24.427 TIGER-SAMPLE pid 0x4b29 n 0x5b thread 0x1103 thread 0x1103 state-kr 0x0 pc 0x90009817 leaf mach_msg_trap+0x7 frames: 0x90009817 0x148f48 0x90023d67
  24.427 TIGER-SAMPLE pid 0x4b29 n 0x5b thread 0x1303 thread 0x1303 state-kr 0x0 pc 0x900bc3fc leaf poll+0xc frames: 0x900bc3fc 0x14bc44 0x2fac62b 0x30145f1 0x90023d67
  24.428 TIGER-SAMPLE pid 0x4b29 n 0x5b thread 0x2507 thread 0x2507 state-kr 0x0 pc 0x90024407 leaf semaphore_wait_signal_trap+0x7 frames: 0x90024407 0x34e1e 0x90023d67
  24.428 TIGER-SAMPLE pid 0x4b29 n 0x5b thread 0x2703 thread 0x2703 state-kr 0x0 pc 0x90024407 leaf semaphore_wait_signal_trap+0x7 frames: 0x90024407 0x34e1e 0x90023d67
  24.428 TIGER-SAMPLE pid 0x4b29 n 0x5b thread 0x2903 thread 0x2903 state-kr 0x0 pc 0x90024407 leaf semaphore_wait_signal_trap+0x7 frames: 0x90024407 0x34e1e 0x90023d67
  24.428 TIGER-SAMPLE pid 0x4b29 n 0x5b thread 0x2b03 thread 0x2b03 state-kr 0x0 pc 0x90024407 leaf semaphore_wait_signal_trap+0x7 frames: 0x90024407 0x34e1e 0x90023d67
  24.428 TIGER-SAMPLE pid 0x4b29 n 0x5b thread 0x2f07 thread 0x2f07 state-kr 0x0 pc 0x90019d0c leaf select+0xc frames: 0x90019d0c 0x14c115 0x13f348 0x2fac62b 0x30145f1 0x90023d67
  24.441 TIGER-SAMPLE pid 0x4b24 n 0x5f main 0x117 thread 0x117 state-kr 0x0 pc 0x90009817 leaf mach_msg_trap+0x7 frames: 0x90009817 0x9082d227 0x9082ca42 0x92e06878 0x92e05f82 0x92e05dd9 0x9328cf45 0x9328cb37 0x932868c4 0xc50a 0x8752 0x8679 0x5
  24.441 TIGER-SAMPLE pid 0x4b24 n 0x5f thread 0x1203 thread 0x1203 state-kr 0x0 pc 0x90009817 leaf mach_msg_trap+0x7 frames: 0x90009817 0x2d3fd8 0x90023d67
  24.441 TIGER-SAMPLE pid 0x4b24 n 0x5f thread 0x3207 thread 0x3207 state-kr 0x0 pc 0x90024407 leaf semaphore_wait_signal_trap+0x7 frames: 0x90024407 0x3af7e 0x90023d67
  24.441 TIGER-SAMPLE pid 0x4b24 n 0x5f thread 0x3403 thread 0x3403 state-kr 0x0 pc 0x90024407 leaf semaphore_wait_signal_trap+0x7 frames: 0x90024407 0x3af7e 0x90023d67
  24.442 TIGER-SAMPLE pid 0x4b24 n 0x5f thread 0x5603 thread 0x5603 state-kr 0x0 pc 0x90024407 leaf semaphore_wait_signal_trap+0x7 frames: 0x90024407 0x3af7e 0x90023d67
  24.442 TIGER-SAMPLE pid 0x4b24 n 0x5f thread 0x5903 thread 0x5903 state-kr 0x0 pc 0x900bc3fc leaf poll+0xc frames: 0x900bc3fc 0x2d6a64 0x313ae8b 0x31a40a1 0x90023d67
  24.442 TIGER-SAMPLE pid 0x4b24 n 0x5f thread 0x5a03 thread 0x5a03 state-kr 0x0 pc 0x90024407 leaf semaphore_wait_signal_trap+0x7 frames: 0x90024407 0x3af7e 0x90023d67
  24.442 TIGER-SAMPLE pid 0x4b24 n 0x5f thread 0x5807 thread 0x5807 state-kr 0x0 pc 0x900bc3fc leaf poll+0xc frames: 0x900bc3fc 0x2d6a64 0x313ae8b 0x31a40a1 0x90023d67
  24.643 TIGER-SAMPLE pid 0x4b28 n 0x5e main 0xd03 thread 0xd03 state-kr 0x0 pc 0x10ae0ce22 leaf __semwait_signal+0xa frames: 0x10ae0ce22 0x1040c7625 0x103ff81b2 0x1040ca799 0x1040c9886 0x1040c9469 0x10004a77b 0x100001b4c 0x100001a61 0x3
  24.643 TIGER-SAMPLE pid 0x4b28 n 0x5e thread 0xf03 thread 0xf03 state-kr 0x0 pc 0x10ae56e4e leaf mach_msg_trap+0xa frames: 0x10ae56e4e 0x100328062 0x10ae08e9e
  24.643 TIGER-SAMPLE pid 0x4b28 n 0x5e thread 0x1103 thread 0x1103 state-kr 0x0 pc 0x10ae0ce22 leaf __semwait_signal+0xa frames: 0x10ae0ce22 0x1040c7625 0x103ff81b2 0x1040ca799 0x1040c9886 0x1040c9469 0x10405e84e 0x1040c7049 0x10ae08e9e
  24.643 TIGER-SAMPLE pid 0x4b28 n 0x5e thread 0x2303 thread 0x2303 state-kr 0x0 pc 0x10adbd7e6 leaf poll+0xa frames: 0x10adbd7e6 0x10405e84e 0x1040c7049 0x10ae08e9e
  24.643 TIGER-SAMPLE pid 0x4b28 n 0x5e thread 0x2407 thread 0x2407 state-kr 0x0 pc 0x10ae0ce22 leaf __semwait_signal+0xa frames: 0x10ae0ce22 0x1040c7625 0x103ff81b2 0x1040ca799 0x1040c9886 0x1040c9469 0x10405e84e 0x1040c7049 0x10ae08e9e
  24.644 TIGER-SAMPLE pid 0x4b28 n 0x5e thread 0x2503 thread 0x2503 state-kr 0x0 pc 0x10ae0ce22 leaf __semwait_signal+0xa frames: 0x10ae0ce22 0x1040c7625 0x103ff81b2 0x1040ca799 0x1040c9886 0x1040c9469 0x10405e84e 0x1040c7049 0x10ae08e9e
  24.644 TIGER-SAMPLE pid 0x4b28 n 0x5e thread 0x2603 thread 0x2603 state-kr 0x0 pc 0x10ae0ce22 leaf __semwait_signal+0xa frames: 0x10ae0ce22 0x1040c7625 0x103ff81b2 0x1040ca799 0x1040c9886 0x1040c9469 0x10405e84e 0x1040c7049 0x10ae08e9e
  24.644 TIGER-SAMPLE pid 0x4b28 n 0x5e thread 0x2703 thread 0x2703 state-kr 0x0 pc 0x10ae0ce22 leaf __semwait_signal+0xa frames: 0x10ae0ce22 0x1040c7625 0x103ff81b2 0x1040ca799 0x1040c9886 0x1040c9469 0x10405e84e 0x1040c7049 0x10ae08e9e
  24.644 TIGER-SAMPLE pid 0x4b28 n 0x5e thread 0x2c03 thread 0x2c03 state-kr 0x0 pc 0x10adbd7e6 leaf poll+0xa frames: 0x10adbd7e6 0x1043c3427 0x1043c35ea 0x101f33797 0x101f3f561 0x10405e84e 0x1040c7049 0x10ae08e9e
  24.644 TIGER-SAMPLE pid 0x4b28 n 0x5e thread 0x2e0f thread 0x2e0f state-kr 0x0 pc 0x10ae0ce22 leaf __semwait_signal+0xa frames: 0x10ae0ce22 0x1040c7625 0x103ff81b2 0x1040ca799 0x1040c9886 0x1040c9469 0x10405e84e 0x1040c7049 0x10ae08e9e
  24.679 TIGER-SAMPLE pid 0x4b29 n 0x5c main 0xd03 thread 0xd03 state-kr 0x0 pc 0x90009817 leaf mach_msg_trap+0x7 frames: 0x90009817 0x9082d227 0x9083e100 0x300d9e7 0x4497f 0x83d4 0x83a2 0x82c9 0x3
  24.679 TIGER-SAMPLE pid 0x4b29 n 0x5c thread 0x1103 thread 0x1103 state-kr 0x0 pc 0x90009817 leaf mach_msg_trap+0x7 frames: 0x90009817 0x148f48 0x90023d67
  24.680 TIGER-SAMPLE pid 0x4b29 n 0x5c thread 0x1303 thread 0x1303 state-kr 0x0 pc 0x900bc3fc leaf poll+0xc frames: 0x900bc3fc 0x14bc44 0x2fac62b 0x30145f1 0x90023d67
  24.680 TIGER-SAMPLE pid 0x4b29 n 0x5c thread 0x2507 thread 0x2507 state-kr 0x0 pc 0x90024407 leaf semaphore_wait_signal_trap+0x7 frames: 0x90024407 0x34e1e 0x90023d67
  24.680 TIGER-SAMPLE pid 0x4b29 n 0x5c thread 0x2703 thread 0x2703 state-kr 0x0 pc 0x90024407 leaf semaphore_wait_signal_trap+0x7 frames: 0x90024407 0x34e1e 0x90023d67
  24.680 TIGER-SAMPLE pid 0x4b29 n 0x5c thread 0x2903 thread 0x2903 state-kr 0x0 pc 0x90024407 leaf semaphore_wait_signal_trap+0x7 frames: 0x90024407 0x34e1e 0x90023d67
  24.680 TIGER-SAMPLE pid 0x4b29 n 0x5c thread 0x2b03 thread 0x2b03 state-kr 0x0 pc 0x90024407 leaf semaphore_wait_signal_trap+0x7 frames: 0x90024407 0x34e1e 0x90023d67
  24.681 TIGER-SAMPLE pid 0x4b29 n 0x5c thread 0x2f07 thread 0x2f07 state-kr 0x0 pc 0x90019d0c leaf select+0xc frames: 0x90019d0c 0x14c115 0x13f348 0x2fac62b 0x30145f1 0x90023d67
  24.693 TIGER-SAMPLE pid 0x4b24 n 0x60 main 0x117 thread 0x117 state-kr 0x0 pc 0x90009817 leaf mach_msg_trap+0x7 frames: 0x90009817 0x9082d227 0x9082ca42 0x92e06878 0x92e05f82 0x92e05dd9 0x9328cf45 0x9328cb37 0x932868c4 0xc50a 0x8752 0x8679 0x5
  24.693 TIGER-SAMPLE pid 0x4b24 n 0x60 thread 0x1203 thread 0x1203 state-kr 0x0 pc 0x90009817 leaf mach_msg_trap+0x7 frames: 0x90009817 0x2d3fd8 0x90023d67
  24.693 TIGER-SAMPLE pid 0x4b24 n 0x60 thread 0x3207 thread 0x3207 state-kr 0x0 pc 0x90024407 leaf semaphore_wait_signal_trap+0x7 frames: 0x90024407 0x3af7e 0x90023d67
  24.694 TIGER-SAMPLE pid 0x4b24 n 0x60 thread 0x3403 thread 0x3403 state-kr 0x0 pc 0x90024407 leaf semaphore_wait_signal_trap+0x7 frames: 0x90024407 0x3af7e 0x90023d67
  24.694 TIGER-SAMPLE pid 0x4b24 n 0x60 thread 0x5603 thread 0x5603 state-kr 0x0 pc 0x90024407 leaf semaphore_wait_signal_trap+0x7 frames: 0x90024407 0x3af7e 0x90023d67
  24.694 TIGER-SAMPLE pid 0x4b24 n 0x60 thread 0x5903 thread 0x5903 state-kr 0x0 pc 0x900bc3fc leaf poll+0xc frames: 0x900bc3fc 0x2d6a64 0x313ae8b 0x31a40a1 0x90023d67
  24.694 TIGER-SAMPLE pid 0x4b24 n 0x60 thread 0x5a03 thread 0x5a03 state-kr 0x0 pc 0x90024407 leaf semaphore_wait_signal_trap+0x7 frames: 0x90024407 0x3af7e 0x90023d67
  24.695 TIGER-SAMPLE pid 0x4b24 n 0x60 thread 0x5807 thread 0x5807 state-kr 0x0 pc 0x900bc3fc leaf poll+0xc frames: 0x900bc3fc 0x2d6a64 0x313ae8b 0x31a40a1 0x90023d67
  24.895 TIGER-SAMPLE pid 0x4b28 n 0x5f main 0xd03 thread 0xd03 state-kr 0x0 pc 0x10ae0ce22 leaf __semwait_signal+0xa frames: 0x10ae0ce22 0x1040c7625 0x103ff81b2 0x1040ca799 0x1040c9886 0x1040c9469 0x10004a77b 0x100001b4c 0x100001a61 0x3
  24.895 TIGER-SAMPLE pid 0x4b28 n 0x5f thread 0xf03 thread 0xf03 state-kr 0x0 pc 0x10ae56e4e leaf mach_msg_trap+0xa frames: 0x10ae56e4e 0x100328062 0x10ae08e9e
  24.895 TIGER-SAMPLE pid 0x4b28 n 0x5f thread 0x1103 thread 0x1103 state-kr 0x0 pc 0x10ae0ce22 leaf __semwait_signal+0xa frames: 0x10ae0ce22 0x1040c7625 0x103ff81b2 0x1040ca799 0x1040c9886 0x1040c9469 0x10405e84e 0x1040c7049 0x10ae08e9e
  24.895 TIGER-SAMPLE pid 0x4b28 n 0x5f thread 0x2303 thread 0x2303 state-kr 0x0 pc 0x10adbd7e6 leaf poll+0xa frames: 0x10adbd7e6 0x10405e84e 0x1040c7049 0x10ae08e9e
  24.895 TIGER-SAMPLE pid 0x4b28 n 0x5f thread 0x2407 thread 0x2407 state-kr 0x0 pc 0x10ae0ce22 leaf __semwait_signal+0xa frames: 0x10ae0ce22 0x1040c7625 0x103ff81b2 0x1040ca799 0x1040c9886 0x1040c9469 0x10405e84e 0x1040c7049 0x10ae08e9e
  24.895 TIGER-SAMPLE pid 0x4b28 n 0x5f thread 0x2503 thread 0x2503 state-kr 0x0 pc 0x10ae0ce22 leaf __semwait_signal+0xa frames: 0x10ae0ce22 0x1040c7625 0x103ff81b2 0x1040ca799 0x1040c9886 0x1040c9469 0x10405e84e 0x1040c7049 0x10ae08e9e
  24.896 TIGER-SAMPLE pid 0x4b28 n 0x5f thread 0x2603 thread 0x2603 state-kr 0x0 pc 0x10ae0ce22 leaf __semwait_signal+0xa frames: 0x10ae0ce22 0x1040c7625 0x103ff81b2 0x1040ca799 0x1040c9886 0x1040c9469 0x10405e84e 0x1040c7049 0x10ae08e9e
  24.896 TIGER-SAMPLE pid 0x4b28 n 0x5f thread 0x2703 thread 0x2703 state-kr 0x0 pc 0x10ae0ce22 leaf __semwait_signal+0xa frames: 0x10ae0ce22 0x1040c7625 0x103ff81b2 0x1040ca799 0x1040c9886 0x1040c9469 0x10405e84e 0x1040c7049 0x10ae08e9e
  24.896 TIGER-SAMPLE pid 0x4b28 n 0x5f thread 0x2c03 thread 0x2c03 state-kr 0x0 pc 0x10adbd7e6 leaf poll+0xa frames: 0x10adbd7e6 0x1043c3427 0x1043c35ea 0x101f33797 0x101f3f561 0x10405e84e 0x1040c7049 0x10ae08e9e
  24.896 TIGER-SAMPLE pid 0x4b28 n 0x5f thread 0x2e0f thread 0x2e0f state-kr 0x0 pc 0x10ae0ce22 leaf __semwait_signal+0xa frames: 0x10ae0ce22 0x1040c7625 0x103ff81b2 0x1040ca799 0x1040c9886 0x1040c9469 0x10405e84e 0x1040c7049 0x10ae08e9e
  24.931 TIGER-SAMPLE pid 0x4b29 n 0x5d main 0xd03 thread 0xd03 state-kr 0x0 pc 0x90009817 leaf mach_msg_trap+0x7 frames: 0x90009817 0x9082d227 0x9083e100 0x300d9e7 0x4497f 0x83d4 0x83a2 0x82c9 0x3
  24.931 TIGER-SAMPLE pid 0x4b29 n 0x5d thread 0x1103 thread 0x1103 state-kr 0x0 pc 0x90009817 leaf mach_msg_trap+0x7 frames: 0x90009817 0x148f48 0x90023d67
  24.932 TIGER-SAMPLE pid 0x4b29 n 0x5d thread 0x1303 thread 0x1303 state-kr 0x0 pc 0x900bc3fc leaf poll+0xc frames: 0x900bc3fc 0x14bc44 0x2fac62b 0x30145f1 0x90023d67
  24.932 TIGER-SAMPLE pid 0x4b29 n 0x5d thread 0x2507 thread 0x2507 state-kr 0x0 pc 0x90024407 leaf semaphore_wait_signal_trap+0x7 frames: 0x90024407 0x34e1e 0x90023d67
  24.932 TIGER-SAMPLE pid 0x4b29 n 0x5d thread 0x2703 thread 0x2703 state-kr 0x0 pc 0x90024407 leaf semaphore_wait_signal_trap+0x7 frames: 0x90024407 0x34e1e 0x90023d67
  24.932 TIGER-SAMPLE pid 0x4b29 n 0x5d thread 0x2903 thread 0x2903 state-kr 0x0 pc 0x90024407 leaf semaphore_wait_signal_trap+0x7 frames: 0x90024407 0x34e1e 0x90023d67
  24.932 TIGER-SAMPLE pid 0x4b29 n 0x5d thread 0x2b03 thread 0x2b03 state-kr 0x0 pc 0x90024407 leaf semaphore_wait_signal_trap+0x7 frames: 0x90024407 0x34e1e 0x90023d67
  24.933 TIGER-SAMPLE pid 0x4b29 n 0x5d thread 0x2f07 thread 0x2f07 state-kr 0x0 pc 0x90019d0c leaf select+0xc frames: 0x90019d0c 0x14c115 0x13f348 0x2fac62b 0x30145f1 0x90023d67
  24.945 TIGER-SAMPLE pid 0x4b24 n 0x61 main 0x117 thread 0x117 state-kr 0x0 pc 0x90009817 leaf mach_msg_trap+0x7 frames: 0x90009817 0x9082d227 0x9082ca42 0x92e06878 0x92e05f82 0x92e05dd9 0x9328cf45 0x9328cb37 0x932868c4 0xc50a 0x8752 0x8679 0x5
  24.945 TIGER-SAMPLE pid 0x4b24 n 0x61 thread 0x1203 thread 0x1203 state-kr 0x0 pc 0x90009817 leaf mach_msg_trap+0x7 frames: 0x90009817 0x2d3fd8 0x90023d67
  24.946 TIGER-SAMPLE pid 0x4b24 n 0x61 thread 0x3207 thread 0x3207 state-kr 0x0 pc 0x90024407 leaf semaphore_wait_signal_trap+0x7 frames: 0x90024407 0x3af7e 0x90023d67
  24.946 TIGER-SAMPLE pid 0x4b24 n 0x61 thread 0x3403 thread 0x3403 state-kr 0x0 pc 0x90024407 leaf semaphore_wait_signal_trap+0x7 frames: 0x90024407 0x3af7e 0x90023d67
  24.946 TIGER-SAMPLE pid 0x4b24 n 0x61 thread 0x5603 thread 0x5603 state-kr 0x0 pc 0x90024407 leaf semaphore_wait_signal_trap+0x7 frames: 0x90024407 0x3af7e 0x90023d67
  24.946 TIGER-SAMPLE pid 0x4b24 n 0x61 thread 0x5903 thread 0x5903 state-kr 0x0 pc 0x900bc3fc leaf poll+0xc frames: 0x900bc3fc 0x2d6a64 0x313ae8b 0x31a40a1 0x90023d67
  24.947 TIGER-SAMPLE pid 0x4b24 n 0x61 thread 0x5a03 thread 0x5a03 state-kr 0x0 pc 0x90024407 leaf semaphore_wait_signal_trap+0x7 frames: 0x90024407 0x3af7e 0x90023d67
  24.947 TIGER-SAMPLE pid 0x4b24 n 0x61 thread 0x5807 thread 0x5807 state-kr 0x0 pc 0x900bc3fc leaf poll+0xc frames: 0x900bc3fc 0x2d6a64 0x313ae8b 0x31a40a1 0x90023d67
  25.147 TIGER-SAMPLE pid 0x4b28 n 0x60 main 0xd03 thread 0xd03 state-kr 0x0 pc 0x10ae0ce22 leaf __semwait_signal+0xa frames: 0x10ae0ce22 0x1040c7625 0x103ff81b2 0x1040ca799 0x1040c9886 0x1040c9469 0x10004a77b 0x100001b4c 0x100001a61 0x3
  25.147 TIGER-SAMPLE pid 0x4b28 n 0x60 thread 0xf03 thread 0xf03 state-kr 0x0 pc 0x10ae56e4e leaf mach_msg_trap+0xa frames: 0x10ae56e4e 0x100328062 0x10ae08e9e
  25.147 TIGER-SAMPLE pid 0x4b28 n 0x60 thread 0x1103 thread 0x1103 state-kr 0x0 pc 0x10ae0ce22 leaf __semwait_signal+0xa frames: 0x10ae0ce22 0x1040c7625 0x103ff81b2 0x1040ca799 0x1040c9886 0x1040c9469 0x10405e84e 0x1040c7049 0x10ae08e9e
  25.147 TIGER-SAMPLE pid 0x4b28 n 0x60 thread 0x2303 thread 0x2303 state-kr 0x0 pc 0x10adbd7e6 leaf poll+0xa frames: 0x10adbd7e6 0x10405e84e 0x1040c7049 0x10ae08e9e
  25.147 TIGER-SAMPLE pid 0x4b28 n 0x60 thread 0x2407 thread 0x2407 state-kr 0x0 pc 0x10ae0ce22 leaf __semwait_signal+0xa frames: 0x10ae0ce22 0x1040c7625 0x103ff81b2 0x1040ca799 0x1040c9886 0x1040c9469 0x10405e84e 0x1040c7049 0x10ae08e9e
  25.147 TIGER-SAMPLE pid 0x4b28 n 0x60 thread 0x2503 thread 0x2503 state-kr 0x0 pc 0x10ae0ce22 leaf __semwait_signal+0xa frames: 0x10ae0ce22 0x1040c7625 0x103ff81b2 0x1040ca799 0x1040c9886 0x1040c9469 0x10405e84e 0x1040c7049 0x10ae08e9e
  25.148 TIGER-SAMPLE pid 0x4b28 n 0x60 thread 0x2603 thread 0x2603 state-kr 0x0 pc 0x10ae0ce22 leaf __semwait_signal+0xa frames: 0x10ae0ce22 0x1040c7625 0x103ff81b2 0x1040ca799 0x1040c9886 0x1040c9469 0x10405e84e 0x1040c7049 0x10ae08e9e
  25.148 TIGER-SAMPLE pid 0x4b28 n 0x60 thread 0x2703 thread 0x2703 state-kr 0x0 pc 0x10ae0ce22 leaf __semwait_signal+0xa frames: 0x10ae0ce22 0x1040c7625 0x103ff81b2 0x1040ca799 0x1040c9886 0x1040c9469 0x10405e84e 0x1040c7049 0x10ae08e9e
  25.148 TIGER-SAMPLE pid 0x4b28 n 0x60 thread 0x2c03 thread 0x2c03 state-kr 0x0 pc 0x10adbd7e6 leaf poll+0xa frames: 0x10adbd7e6 0x1043c3427 0x1043c35ea 0x101f33797 0x101f3f561 0x10405e84e 0x1040c7049 0x10ae08e9e
  25.148 TIGER-SAMPLE pid 0x4b28 n 0x60 thread 0x2e0f thread 0x2e0f state-kr 0x0 pc 0x10ae0ce22 leaf __semwait_signal+0xa frames: 0x10ae0ce22 0x1040c7625 0x103ff81b2 0x1040ca799 0x1040c9886 0x1040c9469 0x10405e84e 0x1040c7049 0x10ae08e9e
  25.183 TIGER-SAMPLE pid 0x4b29 n 0x5e main 0xd03 thread 0xd03 state-kr 0x0 pc 0x90009817 leaf mach_msg_trap+0x7 frames: 0x90009817 0x9082d227 0x9083e100 0x300d9e7 0x4497f 0x83d4 0x83a2 0x82c9 0x3
  25.183 TIGER-SAMPLE pid 0x4b29 n 0x5e thread 0x1103 thread 0x1103 state-kr 0x0 pc 0x90009817 leaf mach_msg_trap+0x7 frames: 0x90009817 0x148f48 0x90023d67
  25.184 TIGER-SAMPLE pid 0x4b29 n 0x5e thread 0x1303 thread 0x1303 state-kr 0x0 pc 0x900bc3fc leaf poll+0xc frames: 0x900bc3fc 0x14bc44 0x2fac62b 0x30145f1 0x90023d67
  25.184 TIGER-SAMPLE pid 0x4b29 n 0x5e thread 0x2507 thread 0x2507 state-kr 0x0 pc 0x90024407 leaf semaphore_wait_signal_trap+0x7 frames: 0x90024407 0x34e1e 0x90023d67
  25.184 TIGER-SAMPLE pid 0x4b29 n 0x5e thread 0x2703 thread 0x2703 state-kr 0x0 pc 0x90024407 leaf semaphore_wait_signal_trap+0x7 frames: 0x90024407 0x34e1e 0x90023d67
  25.184 TIGER-SAMPLE pid 0x4b29 n 0x5e thread 0x2903 thread 0x2903 state-kr 0x0 pc 0x90024407 leaf semaphore_wait_signal_trap+0x7 frames: 0x90024407 0x34e1e 0x90023d67
  25.185 TIGER-SAMPLE pid 0x4b29 n 0x5e thread 0x2b03 thread 0x2b03 state-kr 0x0 pc 0x90024407 leaf semaphore_wait_signal_trap+0x7 frames: 0x90024407 0x34e1e 0x90023d67
  25.185 TIGER-SAMPLE pid 0x4b29 n 0x5e thread 0x2f07 thread 0x2f07 state-kr 0x0 pc 0x90019d0c leaf select+0xc frames: 0x90019d0c 0x14c115 0x13f348 0x2fac62b 0x30145f1 0x90023d67
  25.198 TIGER-SAMPLE pid 0x4b24 n 0x62 main 0x117 thread 0x117 state-kr 0x0 pc 0x90009817 leaf mach_msg_trap+0x7 frames: 0x90009817 0x9082d227 0x9082ca42 0x92e06878 0x92e05f82 0x92e05dd9 0x9328cf45 0x9328cb37 0x932868c4 0xc50a 0x8752 0x8679 0x5
  25.198 TIGER-SAMPLE pid 0x4b24 n 0x62 thread 0x1203 thread 0x1203 state-kr 0x0 pc 0x90009817 leaf mach_msg_trap+0x7 frames: 0x90009817 0x2d3fd8 0x90023d67
  25.198 TIGER-SAMPLE pid 0x4b24 n 0x62 thread 0x3207 thread 0x3207 state-kr 0x0 pc 0x90024407 leaf semaphore_wait_signal_trap+0x7 frames: 0x90024407 0x3af7e 0x90023d67
  25.198 TIGER-SAMPLE pid 0x4b24 n 0x62 thread 0x3403 thread 0x3403 state-kr 0x0 pc 0x90024407 leaf semaphore_wait_signal_trap+0x7 frames: 0x90024407 0x3af7e 0x90023d67
  25.198 TIGER-SAMPLE pid 0x4b24 n 0x62 thread 0x5603 thread 0x5603 state-kr 0x0 pc 0x90024407 leaf semaphore_wait_signal_trap+0x7 frames: 0x90024407 0x3af7e 0x90023d67
  25.199 TIGER-SAMPLE pid 0x4b24 n 0x62 thread 0x5903 thread 0x5903 state-kr 0x0 pc 0x900bc3fc leaf poll+0xc frames: 0x900bc3fc 0x2d6a64 0x313ae8b 0x31a40a1 0x90023d67
  25.199 TIGER-SAMPLE pid 0x4b24 n 0x62 thread 0x5a03 thread 0x5a03 state-kr 0x0 pc 0x90024407 leaf semaphore_wait_signal_trap+0x7 frames: 0x90024407 0x3af7e 0x90023d67
  25.199 TIGER-SAMPLE pid 0x4b24 n 0x62 thread 0x5807 thread 0x5807 state-kr 0x0 pc 0x900bc3fc leaf poll+0xc frames: 0x900bc3fc 0x2d6a64 0x313ae8b 0x31a40a1 0x90023d67
  25.398 TIGER-SAMPLE pid 0x4b28 n 0x61 main 0xd03 thread 0xd03 state-kr 0x0 pc 0x10ae0ce22 leaf __semwait_signal+0xa frames: 0x10ae0ce22 0x1040c7625 0x103ff81b2 0x1040ca799 0x1040c9886 0x1040c9469 0x10004a77b 0x100001b4c 0x100001a61 0x3
  25.399 TIGER-SAMPLE pid 0x4b28 n 0x61 thread 0xf03 thread 0xf03 state-kr 0x0 pc 0x10ae56e4e leaf mach_msg_trap+0xa frames: 0x10ae56e4e 0x100328062 0x10ae08e9e
  25.399 TIGER-SAMPLE pid 0x4b28 n 0x61 thread 0x1103 thread 0x1103 state-kr 0x0 pc 0x10ae0ce22 leaf __semwait_signal+0xa frames: 0x10ae0ce22 0x1040c7625 0x103ff81b2 0x1040ca799 0x1040c9886 0x1040c9469 0x10405e84e 0x1040c7049 0x10ae08e9e
  25.399 TIGER-SAMPLE pid 0x4b28 n 0x61 thread 0x2303 thread 0x2303 state-kr 0x0 pc 0x10adbd7e6 leaf poll+0xa frames: 0x10adbd7e6 0x10405e84e 0x1040c7049 0x10ae08e9e
  25.399 TIGER-SAMPLE pid 0x4b28 n 0x61 thread 0x2407 thread 0x2407 state-kr 0x0 pc 0x10ae0ce22 leaf __semwait_signal+0xa frames: 0x10ae0ce22 0x1040c7625 0x103ff81b2 0x1040ca799 0x1040c9886 0x1040c9469 0x10405e84e 0x1040c7049 0x10ae08e9e
  25.399 TIGER-SAMPLE pid 0x4b28 n 0x61 thread 0x2503 thread 0x2503 state-kr 0x0 pc 0x10ae0ce22 leaf __semwait_signal+0xa frames: 0x10ae0ce22 0x1040c7625 0x103ff81b2 0x1040ca799 0x1040c9886 0x1040c9469 0x10405e84e 0x1040c7049 0x10ae08e9e
  25.399 TIGER-SAMPLE pid 0x4b28 n 0x61 thread 0x2603 thread 0x2603 state-kr 0x0 pc 0x10ae0ce22 leaf __semwait_signal+0xa frames: 0x10ae0ce22 0x1040c7625 0x103ff81b2 0x1040ca799 0x1040c9886 0x1040c9469 0x10405e84e 0x1040c7049 0x10ae08e9e
  25.400 TIGER-SAMPLE pid 0x4b28 n 0x61 thread 0x2703 thread 0x2703 state-kr 0x0 pc 0x10ae0ce22 leaf __semwait_signal+0xa frames: 0x10ae0ce22 0x1040c7625 0x103ff81b2 0x1040ca799 0x1040c9886 0x1040c9469 0x10405e84e 0x1040c7049 0x10ae08e9e
  25.400 TIGER-SAMPLE pid 0x4b28 n 0x61 thread 0x2c03 thread 0x2c03 state-kr 0x0 pc 0x10adbd7e6 leaf poll+0xa frames: 0x10adbd7e6 0x1043c3427 0x1043c35ea 0x101f33797 0x101f3f561 0x10405e84e 0x1040c7049 0x10ae08e9e
  25.400 TIGER-SAMPLE pid 0x4b28 n 0x61 thread 0x2e0f thread 0x2e0f state-kr 0x0 pc 0x10ae0ce22 leaf __semwait_signal+0xa frames: 0x10ae0ce22 0x1040c7625 0x103ff81b2 0x1040ca799 0x1040c9886 0x1040c9469 0x10405e84e 0x1040c7049 0x10ae08e9e
  25.435 TIGER-SAMPLE pid 0x4b29 n 0x5f main 0xd03 thread 0xd03 state-kr 0x0 pc 0x90009817 leaf mach_msg_trap+0x7 frames: 0x90009817 0x9082d227 0x9083e100 0x300d9e7 0x4497f 0x83d4 0x83a2 0x82c9 0x3
  25.436 TIGER-SAMPLE pid 0x4b29 n 0x5f thread 0x1103 thread 0x1103 state-kr 0x0 pc 0x90009817 leaf mach_msg_trap+0x7 frames: 0x90009817 0x148f48 0x90023d67
  25.436 TIGER-SAMPLE pid 0x4b29 n 0x5f thread 0x1303 thread 0x1303 state-kr 0x0 pc 0x900bc3fc leaf poll+0xc frames: 0x900bc3fc 0x14bc44 0x2fac62b 0x30145f1 0x90023d67
  25.436 TIGER-SAMPLE pid 0x4b29 n 0x5f thread 0x2507 thread 0x2507 state-kr 0x0 pc 0x90024407 leaf semaphore_wait_signal_trap+0x7 frames: 0x90024407 0x34e1e 0x90023d67
  25.436 TIGER-SAMPLE pid 0x4b29 n 0x5f thread 0x2703 thread 0x2703 state-kr 0x0 pc 0x90024407 leaf semaphore_wait_signal_trap+0x7 frames: 0x90024407 0x34e1e 0x90023d67
  25.437 TIGER-SAMPLE pid 0x4b29 n 0x5f thread 0x2903 thread 0x2903 state-kr 0x0 pc 0x90024407 leaf semaphore_wait_signal_trap+0x7 frames: 0x90024407 0x34e1e 0x90023d67
  25.437 TIGER-SAMPLE pid 0x4b29 n 0x5f thread 0x2b03 thread 0x2b03 state-kr 0x0 pc 0x90024407 leaf semaphore_wait_signal_trap+0x7 frames: 0x90024407 0x34e1e 0x90023d67
  25.437 TIGER-SAMPLE pid 0x4b29 n 0x5f thread 0x2f07 thread 0x2f07 state-kr 0x0 pc 0x90019d0c leaf select+0xc frames: 0x90019d0c 0x14c115 0x13f348 0x2fac62b 0x30145f1 0x90023d67
  25.450 TIGER-SAMPLE pid 0x4b24 n 0x63 main 0x117 thread 0x117 state-kr 0x0 pc 0x90009817 leaf mach_msg_trap+0x7 frames: 0x90009817 0x9082d227 0x9082ca42 0x92e06878 0x92e05f82 0x92e05dd9 0x9328cf45 0x9328cb37 0x932868c4 0xc50a 0x8752 0x8679 0x5
  25.450 TIGER-SAMPLE pid 0x4b24 n 0x63 thread 0x1203 thread 0x1203 state-kr 0x0 pc 0x90009817 leaf mach_msg_trap+0x7 frames: 0x90009817 0x2d3fd8 0x90023d67
  25.450 TIGER-SAMPLE pid 0x4b24 n 0x63 thread 0x3207 thread 0x3207 state-kr 0x0 pc 0x90024407 leaf semaphore_wait_signal_trap+0x7 frames: 0x90024407 0x3af7e 0x90023d67
  25.450 TIGER-SAMPLE pid 0x4b24 n 0x63 thread 0x3403 thread 0x3403 state-kr 0x0 pc 0x90024407 leaf semaphore_wait_signal_trap+0x7 frames: 0x90024407 0x3af7e 0x90023d67
  25.451 TIGER-SAMPLE pid 0x4b24 n 0x63 thread 0x5603 thread 0x5603 state-kr 0x0 pc 0x90024407 leaf semaphore_wait_signal_trap+0x7 frames: 0x90024407 0x3af7e 0x90023d67
  25.451 TIGER-SAMPLE pid 0x4b24 n 0x63 thread 0x5903 thread 0x5903 state-kr 0x0 pc 0x900bc3fc leaf poll+0xc frames: 0x900bc3fc 0x2d6a64 0x313ae8b 0x31a40a1 0x90023d67
  25.451 TIGER-SAMPLE pid 0x4b24 n 0x63 thread 0x5a03 thread 0x5a03 state-kr 0x0 pc 0x90024407 leaf semaphore_wait_signal_trap+0x7 frames: 0x90024407 0x3af7e 0x90023d67
  25.451 TIGER-SAMPLE pid 0x4b24 n 0x63 thread 0x5807 thread 0x5807 state-kr 0x0 pc 0x900bc3fc leaf poll+0xc frames: 0x900bc3fc 0x2d6a64 0x313ae8b 0x31a40a1 0x90023d67
  25.650 TIGER-SAMPLE pid 0x4b28 n 0x62 main 0xd03 thread 0xd03 state-kr 0x0 pc 0x10ae0ce22 leaf __semwait_signal+0xa frames: 0x10ae0ce22 0x1040c7625 0x103ff81b2 0x1040ca799 0x1040c9886 0x1040c9469 0x10004a77b 0x100001b4c 0x100001a61 0x3
  25.650 TIGER-SAMPLE pid 0x4b28 n 0x62 thread 0xf03 thread 0xf03 state-kr 0x0 pc 0x10ae56e4e leaf mach_msg_trap+0xa frames: 0x10ae56e4e 0x100328062 0x10ae08e9e
  25.651 TIGER-SAMPLE pid 0x4b28 n 0x62 thread 0x1103 thread 0x1103 state-kr 0x0 pc 0x10ae0ce22 leaf __semwait_signal+0xa frames: 0x10ae0ce22 0x1040c7625 0x103ff81b2 0x1040ca799 0x1040c9886 0x1040c9469 0x10405e84e 0x1040c7049 0x10ae08e9e
  25.651 TIGER-SAMPLE pid 0x4b28 n 0x62 thread 0x2303 thread 0x2303 state-kr 0x0 pc 0x10adbd7e6 leaf poll+0xa frames: 0x10adbd7e6 0x10405e84e 0x1040c7049 0x10ae08e9e
  25.651 TIGER-SAMPLE pid 0x4b28 n 0x62 thread 0x2407 thread 0x2407 state-kr 0x0 pc 0x10ae0ce22 leaf __semwait_signal+0xa frames: 0x10ae0ce22 0x1040c7625 0x103ff81b2 0x1040ca799 0x1040c9886 0x1040c9469 0x10405e84e 0x1040c7049 0x10ae08e9e
  25.651 TIGER-SAMPLE pid 0x4b28 n 0x62 thread 0x2503 thread 0x2503 state-kr 0x0 pc 0x10ae0ce22 leaf __semwait_signal+0xa frames: 0x10ae0ce22 0x1040c7625 0x103ff81b2 0x1040ca799 0x1040c9886 0x1040c9469 0x10405e84e 0x1040c7049 0x10ae08e9e
  25.651 TIGER-SAMPLE pid 0x4b28 n 0x62 thread 0x2603 thread 0x2603 state-kr 0x0 pc 0x10ae0ce22 leaf __semwait_signal+0xa frames: 0x10ae0ce22 0x1040c7625 0x103ff81b2 0x1040ca799 0x1040c9886 0x1040c9469 0x10405e84e 0x1040c7049 0x10ae08e9e
  25.651 TIGER-SAMPLE pid 0x4b28 n 0x62 thread 0x2703 thread 0x2703 state-kr 0x0 pc 0x10ae0ce22 leaf __semwait_signal+0xa frames: 0x10ae0ce22 0x1040c7625 0x103ff81b2 0x1040ca799 0x1040c9886 0x1040c9469 0x10405e84e 0x1040c7049 0x10ae08e9e
  25.652 TIGER-SAMPLE pid 0x4b28 n 0x62 thread 0x2c03 thread 0x2c03 state-kr 0x0 pc 0x10adbd7e6 leaf poll+0xa frames: 0x10adbd7e6 0x1043c3427 0x1043c35ea 0x101f33797 0x101f3f561 0x10405e84e 0x1040c7049 0x10ae08e9e
  25.652 TIGER-SAMPLE pid 0x4b28 n 0x62 thread 0x2e0f thread 0x2e0f state-kr 0x0 pc 0x10ae0ce22 leaf __semwait_signal+0xa frames: 0x10ae0ce22 0x1040c7625 0x103ff81b2 0x1040ca799 0x1040c9886 0x1040c9469 0x10405e84e 0x1040c7049 0x10ae08e9e
  25.688 TIGER-SAMPLE pid 0x4b29 n 0x60 main 0xd03 thread 0xd03 state-kr 0x0 pc 0x90009817 leaf mach_msg_trap+0x7 frames: 0x90009817 0x9082d227 0x9083e100 0x300d9e7 0x4497f 0x83d4 0x83a2 0x82c9 0x3
  25.688 TIGER-SAMPLE pid 0x4b29 n 0x60 thread 0x1103 thread 0x1103 state-kr 0x0 pc 0x90009817 leaf mach_msg_trap+0x7 frames: 0x90009817 0x148f48 0x90023d67
  25.688 TIGER-SAMPLE pid 0x4b29 n 0x60 thread 0x1303 thread 0x1303 state-kr 0x0 pc 0x900bc3fc leaf poll+0xc frames: 0x900bc3fc 0x14bc44 0x2fac62b 0x30145f1 0x90023d67
  25.688 TIGER-SAMPLE pid 0x4b29 n 0x60 thread 0x2507 thread 0x2507 state-kr 0x0 pc 0x90024407 leaf semaphore_wait_signal_trap+0x7 frames: 0x90024407 0x34e1e 0x90023d67
  25.688 TIGER-SAMPLE pid 0x4b29 n 0x60 thread 0x2703 thread 0x2703 state-kr 0x0 pc 0x90024407 leaf semaphore_wait_signal_trap+0x7 frames: 0x90024407 0x34e1e 0x90023d67
  25.689 TIGER-SAMPLE pid 0x4b29 n 0x60 thread 0x2903 thread 0x2903 state-kr 0x0 pc 0x90024407 leaf semaphore_wait_signal_trap+0x7 frames: 0x90024407 0x34e1e 0x90023d67
  25.689 TIGER-SAMPLE pid 0x4b29 n 0x60 thread 0x2b03 thread 0x2b03 state-kr 0x0 pc 0x90024407 leaf semaphore_wait_signal_trap+0x7 frames: 0x90024407 0x34e1e 0x90023d67
  25.689 TIGER-SAMPLE pid 0x4b29 n 0x60 thread 0x2f07 thread 0x2f07 state-kr 0x0 pc 0x90019d0c leaf select+0xc frames: 0x90019d0c 0x14c115 0x13f348 0x2fac62b 0x30145f1 0x90023d67
  25.902 TIGER-SAMPLE pid 0x4b28 n 0x63 main 0xd03 thread 0xd03 state-kr 0x0 pc 0x10ae0ce22 leaf __semwait_signal+0xa frames: 0x10ae0ce22 0x1040c7625 0x103ff81b2 0x1040ca799 0x1040c9886 0x1040c9469 0x10004a77b 0x100001b4c 0x100001a61 0x3
  25.902 TIGER-SAMPLE pid 0x4b28 n 0x63 thread 0xf03 thread 0xf03 state-kr 0x0 pc 0x10ae56e4e leaf mach_msg_trap+0xa frames: 0x10ae56e4e 0x100328062 0x10ae08e9e
  25.903 TIGER-SAMPLE pid 0x4b28 n 0x63 thread 0x1103 thread 0x1103 state-kr 0x0 pc 0x10ae0ce22 leaf __semwait_signal+0xa frames: 0x10ae0ce22 0x1040c7625 0x103ff81b2 0x1040ca799 0x1040c9886 0x1040c9469 0x10405e84e 0x1040c7049 0x10ae08e9e
  25.903 TIGER-SAMPLE pid 0x4b28 n 0x63 thread 0x2303 thread 0x2303 state-kr 0x0 pc 0x10adbd7e6 leaf poll+0xa frames: 0x10adbd7e6 0x10405e84e 0x1040c7049 0x10ae08e9e
  25.903 TIGER-SAMPLE pid 0x4b28 n 0x63 thread 0x2407 thread 0x2407 state-kr 0x0 pc 0x10ae0ce22 leaf __semwait_signal+0xa frames: 0x10ae0ce22 0x1040c7625 0x103ff81b2 0x1040ca799 0x1040c9886 0x1040c9469 0x10405e84e 0x1040c7049 0x10ae08e9e
  25.903 TIGER-SAMPLE pid 0x4b28 n 0x63 thread 0x2503 thread 0x2503 state-kr 0x0 pc 0x10ae0ce22 leaf __semwait_signal+0xa frames: 0x10ae0ce22 0x1040c7625 0x103ff81b2 0x1040ca799 0x1040c9886 0x1040c9469 0x10405e84e 0x1040c7049 0x10ae08e9e
  25.903 TIGER-SAMPLE pid 0x4b28 n 0x63 thread 0x2603 thread 0x2603 state-kr 0x0 pc 0x10ae0ce22 leaf __semwait_signal+0xa frames: 0x10ae0ce22 0x1040c7625 0x103ff81b2 0x1040ca799 0x1040c9886 0x1040c9469 0x10405e84e 0x1040c7049 0x10ae08e9e
  25.903 TIGER-SAMPLE pid 0x4b28 n 0x63 thread 0x2703 thread 0x2703 state-kr 0x0 pc 0x10ae0ce22 leaf __semwait_signal+0xa frames: 0x10ae0ce22 0x1040c7625 0x103ff81b2 0x1040ca799 0x1040c9886 0x1040c9469 0x10405e84e 0x1040c7049 0x10ae08e9e
  25.903 TIGER-SAMPLE pid 0x4b28 n 0x63 thread 0x2c03 thread 0x2c03 state-kr 0x0 pc 0x10adbd7e6 leaf poll+0xa frames: 0x10adbd7e6 0x1043c3427 0x1043c35ea 0x101f33797 0x101f3f561 0x10405e84e 0x1040c7049 0x10ae08e9e
  25.904 TIGER-SAMPLE pid 0x4b28 n 0x63 thread 0x2e0f thread 0x2e0f state-kr 0x0 pc 0x10ae0ce22 leaf __semwait_signal+0xa frames: 0x10ae0ce22 0x1040c7625 0x103ff81b2 0x1040ca799 0x1040c9886 0x1040c9469 0x10405e84e 0x1040c7049 0x10ae08e9e
  25.940 TIGER-SAMPLE pid 0x4b29 n 0x61 main 0xd03 thread 0xd03 state-kr 0x0 pc 0x90009817 leaf mach_msg_trap+0x7 frames: 0x90009817 0x9082d227 0x9083e100 0x300d9e7 0x4497f 0x83d4 0x83a2 0x82c9 0x3
  25.940 TIGER-SAMPLE pid 0x4b29 n 0x61 thread 0x1103 thread 0x1103 state-kr 0x0 pc 0x90009817 leaf mach_msg_trap+0x7 frames: 0x90009817 0x148f48 0x90023d67
  25.940 TIGER-SAMPLE pid 0x4b29 n 0x61 thread 0x1303 thread 0x1303 state-kr 0x0 pc 0x900bc3fc leaf poll+0xc frames: 0x900bc3fc 0x14bc44 0x2fac62b 0x30145f1 0x90023d67
  25.940 TIGER-SAMPLE pid 0x4b29 n 0x61 thread 0x2507 thread 0x2507 state-kr 0x0 pc 0x90024407 leaf semaphore_wait_signal_trap+0x7 frames: 0x90024407 0x34e1e 0x90023d67
  25.941 TIGER-SAMPLE pid 0x4b29 n 0x61 thread 0x2703 thread 0x2703 state-kr 0x0 pc 0x90024407 leaf semaphore_wait_signal_trap+0x7 frames: 0x90024407 0x34e1e 0x90023d67
  25.941 TIGER-SAMPLE pid 0x4b29 n 0x61 thread 0x2903 thread 0x2903 state-kr 0x0 pc 0x90024407 leaf semaphore_wait_signal_trap+0x7 frames: 0x90024407 0x34e1e 0x90023d67
  25.941 TIGER-SAMPLE pid 0x4b29 n 0x61 thread 0x2b03 thread 0x2b03 state-kr 0x0 pc 0x90024407 leaf semaphore_wait_signal_trap+0x7 frames: 0x90024407 0x34e1e 0x90023d67
  25.941 TIGER-SAMPLE pid 0x4b29 n 0x61 thread 0x2f07 thread 0x2f07 state-kr 0x0 pc 0x90019d0c leaf select+0xc frames: 0x90019d0c 0x14c115 0x13f348 0x2fac62b 0x30145f1 0x90023d67
  26.193 TIGER-SAMPLE pid 0x4b29 n 0x62 main 0xd03 thread 0xd03 state-kr 0x0 pc 0x90009817 leaf mach_msg_trap+0x7 frames: 0x90009817 0x9082d227 0x9083e100 0x300d9e7 0x4497f 0x83d4 0x83a2 0x82c9 0x3
  26.193 TIGER-SAMPLE pid 0x4b29 n 0x62 thread 0x1103 thread 0x1103 state-kr 0x0 pc 0x90009817 leaf mach_msg_trap+0x7 frames: 0x90009817 0x148f48 0x90023d67
  26.193 TIGER-SAMPLE pid 0x4b29 n 0x62 thread 0x1303 thread 0x1303 state-kr 0x0 pc 0x900bc3fc leaf poll+0xc frames: 0x900bc3fc 0x14bc44 0x2fac62b 0x30145f1 0x90023d67
  26.193 TIGER-SAMPLE pid 0x4b29 n 0x62 thread 0x2507 thread 0x2507 state-kr 0x0 pc 0x90024407 leaf semaphore_wait_signal_trap+0x7 frames: 0x90024407 0x34e1e 0x90023d67
  26.193 TIGER-SAMPLE pid 0x4b29 n 0x62 thread 0x2703 thread 0x2703 state-kr 0x0 pc 0x90024407 leaf semaphore_wait_signal_trap+0x7 frames: 0x90024407 0x34e1e 0x90023d67
  26.193 TIGER-SAMPLE pid 0x4b29 n 0x62 thread 0x2903 thread 0x2903 state-kr 0x0 pc 0x90024407 leaf semaphore_wait_signal_trap+0x7 frames: 0x90024407 0x34e1e 0x90023d67
  26.193 TIGER-SAMPLE pid 0x4b29 n 0x62 thread 0x2b03 thread 0x2b03 state-kr 0x0 pc 0x90024407 leaf semaphore_wait_signal_trap+0x7 frames: 0x90024407 0x34e1e 0x90023d67
  26.193 TIGER-SAMPLE pid 0x4b29 n 0x62 thread 0x2f07 thread 0x2f07 state-kr 0x0 pc 0x90019d0c leaf select+0xc frames: 0x90019d0c 0x14c115 0x13f348 0x2fac62b 0x30145f1 0x90023d67
  26.444 TIGER-SAMPLE pid 0x4b29 n 0x63 main 0xd03 thread 0xd03 state-kr 0x0 pc 0x90009817 leaf mach_msg_trap+0x7 frames: 0x90009817 0x9082d227 0x9083e100 0x300d9e7 0x4497f 0x83d4 0x83a2 0x82c9 0x3
  26.444 TIGER-SAMPLE pid 0x4b29 n 0x63 thread 0x1103 thread 0x1103 state-kr 0x0 pc 0x90009817 leaf mach_msg_trap+0x7 frames: 0x90009817 0x148f48 0x90023d67
  26.444 TIGER-SAMPLE pid 0x4b29 n 0x63 thread 0x1303 thread 0x1303 state-kr 0x0 pc 0x900bc3fc leaf poll+0xc frames: 0x900bc3fc 0x14bc44 0x2fac62b 0x30145f1 0x90023d67
  26.444 TIGER-SAMPLE pid 0x4b29 n 0x63 thread 0x2507 thread 0x2507 state-kr 0x0 pc 0x90024407 leaf semaphore_wait_signal_trap+0x7 frames: 0x90024407 0x34e1e 0x90023d67
  26.445 TIGER-SAMPLE pid 0x4b29 n 0x63 thread 0x2703 thread 0x2703 state-kr 0x0 pc 0x90024407 leaf semaphore_wait_signal_trap+0x7 frames: 0x90024407 0x34e1e 0x90023d67
  26.445 TIGER-SAMPLE pid 0x4b29 n 0x63 thread 0x2903 thread 0x2903 state-kr 0x0 pc 0x90024407 leaf semaphore_wait_signal_trap+0x7 frames: 0x90024407 0x34e1e 0x90023d67
  26.445 TIGER-SAMPLE pid 0x4b29 n 0x63 thread 0x2b03 thread 0x2b03 state-kr 0x0 pc 0x90024407 leaf semaphore_wait_signal_trap+0x7 frames: 0x90024407 0x34e1e 0x90023d67
  26.445 TIGER-SAMPLE pid 0x4b29 n 0x63 thread 0x2f07 thread 0x2f07 state-kr 0x0 pc 0x90019d0c leaf select+0xc frames: 0x90019d0c 0x14c115 0x13f348 0x2fac62b 0x30145f1 0x90023d67
  45.500 TIGER-EXIT pid 0x4b24
  45.500  thread 0x117 state-kr 0x0 pc 0x90009817 leaf mach_msg_trap+0x7 frames: 0x90009817 0x9004626a 0x2d4b85
  45.519 TIGER-EXIT pid 0x4b28
  45.519  thread 0xd03 state-kr 0x0 pc 0x10ae56e4e leaf mach_msg_trap+0xa frames: 0x10ae56e4e 0x10ae0c11d 0x100328b7d 0x10adfbc75 0x10adfba0c 0x100001b53 0x100001a61 0x3
