   0.170 2026-09-23 11:19:11.002 TigerBrowser2[21504] *** _NSAutoreleaseNoPool(): Object 0x7c09180 of class NSCFString autoreleased with no pool in place - just leaking
   0.584 Unknown logging channel: Loading
   0.584 Unknown logging channel: Layout
   0.606 Unknown logging channel: Loading
   0.606 Unknown logging channel: Layout
   0.635 [com.apple.WebKit:Process:4] getNetworkProcessConnection: Request connection for core identifier 3
   0.653 [com.apple.WebKit:Process:4] 0x10c601220 - NetworkProcess::initializeNetworkProcess: Presenting processPID=21512
   0.741 [com.apple.WebKit:Process:4] 0x10c601220 - NetworkProcess::createNetworkConnectionToWebProcess: Create connection for web process core identifier 3
   0.742 [com.apple.WebKit:Process:4] 0x10c612820 - NetworkConnectionToWebProcess::NetworkConnectionToWebProcess: Create connection for web process core identifier 3
   0.742 [com.apple.WebKit:Process:4] 0x10c612820 - NetworkConnectionToWebProcess::NetworkConnectionToWebProcess: Connection for web process core identifier 3 established service worker server connection
   0.742 [com.apple.WebKit:Process:4] 0x10c612820 - NetworkConnectionToWebProcess::NetworkConnectionToWebProcess: Connection for web process core identifier 3 established shared worker connection
   0.742 [com.apple.WebKit:Process:4] 0x10c601220 - NetworkProcess::createNetworkConnectionToWebProcess: Finished creating connection for web process core identifier 3, notifying the UI process
   0.749 [com.apple.WebKit:Process:4] 0x10c601220 - NetworkProcess::createNetworkConnectionToWebProcess: Handed off connect for web process core identifier 3 to the UI process
   0.798 [com.apple.WebKit:Process:4] 0x10c601220 - [sessionID=1] WebProcess::initializeWebProcess: Presenting processPID=21504
   0.803 [com.apple.WebKit:Loading:4] 0x10d024400 - [webPageID=5] WebPage::constructor:
   0.808 [com.apple.WebKit:Loading:4] WebPreferencesStore: non-default preferences: UseGPUProcessForDOMRenderingEnabled=false, AcceleratedCompositingEnabled=false
   0.836 [com.apple.WebKit:Layout:4] [webFrameID=4294967297, webPageID=5] WebLocalFrameLoaderClient::completePageTransitionIfNeeded: dispatching didCompletePageTransition
   0.836 [com.apple.WebKit:Loading:4] [webPageID=5] WebPage::loadRequest: navigationID=11, shouldTreatAsContinuingLoad=0, lastNavigationWasAppInitiated=1, existingNetworkResourceLoadIdentifierToResume=0
   0.870 [com.apple.WebKit:Loading:4] [pageID=5, frameID=4294967297] PolicyChecker::checkNavigationPolicy: continuing because this policyAction from dispatchDecidePolicyForNavigationAction is Use
   0.873 [com.apple.WebKit:Loading:4] 0x10c612820 - [webProcessIdentifier=3] NetworkConnectionToWebProcess::scheduleResourceLoad: (parentPID=21504, pageProxyID=4, webPageID=5, frameID=4294967297, resourceID=9, existingLoaderToResume=0)
   0.873 [com.apple.WebKit:Loading:4] 0x10c612820 - [webProcessIdentifier=3] NetworkConnectionToWebProcess::scheduleResourceLoad: Deferring resource load until service worker registrations for origin are imported
   0.873 [com.apple.WebKit:Loading:4] 0x10c612820 - [webProcessIdentifier=3] NetworkConnectionToWebProcess::scheduleResourceLoad: (parentPID=21504, pageProxyID=4, webPageID=5, frameID=4294967297, resourceID=9, existingLoaderToResume=0)
   0.873 [com.apple.WebKit:Loading:4] 0x10c612820 - [webProcessIdentifier=3] NetworkConnectionToWebProcess::resolveBlobReferences: (parentPID=21504, pageProxyID=4, webPageID=5, frameID=4294967297, resourceID=9)
   0.961 [com.apple.WebKit:Layout:4] [webFrameID=4294967297, webPageID=5] WebLocalFrameLoaderClient::completePageTransitionIfNeeded: dispatching didCompletePageTransition
   0.970 TIGER script: 
   1.029 Unknown logging channel: Loading
   1.029 Unknown logging channel: Layout
   1.031 [com.apple.WebKit:Process:4] getNetworkProcessConnection: Request connection for core identifier 5
   1.031 [com.apple.WebKit:Process:4] 0x10c601220 - NetworkProcess::createNetworkConnectionToWebProcess: Create connection for web process core identifier 5
   1.032 [com.apple.WebKit:Process:4] 0x10c61ad00 - NetworkConnectionToWebProcess::NetworkConnectionToWebProcess: Create connection for web process core identifier 5
   1.032 [com.apple.WebKit:Process:4] 0x10c61ad00 - NetworkConnectionToWebProcess::NetworkConnectionToWebProcess: Connection for web process core identifier 5 established service worker server connection
   1.032 [com.apple.WebKit:Process:4] 0x10c61ad00 - NetworkConnectionToWebProcess::NetworkConnectionToWebProcess: Connection for web process core identifier 5 established shared worker connection
   1.032 [com.apple.WebKit:Process:4] 0x10c601220 - NetworkProcess::createNetworkConnectionToWebProcess: Finished creating connection for web process core identifier 5, notifying the UI process
   1.032 [com.apple.WebKit:Process:4] 0x10c601220 - NetworkProcess::createNetworkConnectionToWebProcess: Handed off connect for web process core identifier 5 to the UI process
   1.078 [com.apple.WebKit:Process:4] 0x10c601220 - [sessionID=1] WebProcess::initializeWebProcess: Presenting processPID=21504
   1.079 [com.apple.WebKit:Loading:4] 0x10d024c00 - [webPageID=13] WebPage::constructor:
   1.083 [com.apple.WebKit:Loading:4] WebPreferencesStore: non-default preferences: UseGPUProcessForDOMRenderingEnabled=false, AcceleratedCompositingEnabled=false
   1.111 [com.apple.WebKit:Layout:4] [webFrameID=4294967298, webPageID=13] WebLocalFrameLoaderClient::completePageTransitionIfNeeded: dispatching didCompletePageTransition
   1.113 [com.apple.WebKit:Loading:4] [webPageID=13] WebPage::loadRequest: navigationID=11, shouldTreatAsContinuingLoad=2, lastNavigationWasAppInitiated=1, existingNetworkResourceLoadIdentifierToResume=1
   1.116 [com.apple.WebKit:Loading:4] 0x10c61ad00 - [webProcessIdentifier=5] NetworkConnectionToWebProcess::scheduleResourceLoad: (parentPID=21504, pageProxyID=4, webPageID=13, frameID=4294967298, resourceID=9, existingLoaderToResume=1)
   1.116 [com.apple.WebKit:Loading:4] 0x10c61ad00 - [webProcessIdentifier=5] NetworkConnectionToWebProcess::scheduleResourceLoad: Resuming existing NetworkResourceLoader
   1.161 [com.apple.WebKit:Loading:4] [webPageID=5] WebPage::close
   1.174 [com.apple.WebKit:Loading:4] 0x10c612820 - [webProcessIdentifier=3] NetworkConnectionToWebProcess::didClose: WebProcess closed its connection. Aborting related loaders.
   1.175 [com.apple.WebKit:Process:4] 0x10c601220 - NetworkProcess::removeNetworkConnectionToWebProcess: Removing process 3
   1.206 [com.apple.WebKit:Layout:4] [pageID=13, frameID=4294967298, isMainFrame=1] LocalFrameView::fireLayoutRelatedMilestonesIfNeeded: Firing first visually non-empty layout milestone on the main frame
   1.206 [com.apple.WebKit:Layout:4] [webFrameID=4294967298, webPageID=13] WebLocalFrameLoaderClient::dispatchDidReachLayoutMilestone: dispatching DidFirstLayoutForFrame
   1.206 [com.apple.WebKit:Layout:4] [webFrameID=4294967298, webPageID=13] WebLocalFrameLoaderClient::dispatchDidReachLayoutMilestone: dispatching DidReachLayoutMilestone (milestones=DidFirstLayout, DidFirstVisuallyNonEmptyLayout)
   1.206 [com.apple.WebKit:Layout:4] [webFrameID=4294967298, webPageID=13] WebLocalFrameLoaderClient::dispatchDidReachLayoutMilestone: dispatching DidFirstVisuallyNonEmptyLayoutForFrame
   1.206 [com.apple.WebKit:Layout:4] [webFrameID=4294967298, webPageID=13] WebLocalFrameLoaderClient::completePageTransitionIfNeeded: dispatching didCompletePageTransition
   1.214 [com.apple.WebKit:Layout:4] [webFrameID=4294967298, webPageID=13] WebLocalFrameLoaderClient::dispatchDidReachLayoutMilestone: dispatching DidReachLayoutMilestone (milestones=DidFirstMeaningfulPaint)
  21.855 TIGER-DECOMMIT 0x20000c000 16 KB
  21.855 TIGER-DECOMMIT 0x200010000 16 KB
  21.855 TIGER-DECOMMIT 0x200014000 16 KB
  21.856 TIGER-DECOMMIT 0x200018000 16 KB
  21.856 TIGER-DECOMMIT 0x20001c000 16 KB
  21.856 TIGER-DECOMMIT 0x200020000 16 KB
  21.856 TIGER-DECOMMIT 0x200024000 16 KB
  21.856 TIGER-DECOMMIT 0x200028000 16 KB
  21.856 TIGER-DECOMMIT 0x20002c000 16 KB
  21.856 TIGER-DECOMMIT 0x200030000 16 KB
  21.856 TIGER-DECOMMIT 0x200034000 16 KB
  21.856 TIGER-DECOMMIT 0x200038000 16 KB
  21.856 TIGER-DECOMMIT 0x20003c000 16 KB
  21.857 TIGER-DECOMMIT 0x200040000 16 KB
  21.857 TIGER-DECOMMIT 0x200044000 16 KB
  21.857 TIGER-DECOMMIT 0x200048000 16 KB
  21.857 TIGER-DECOMMIT 0x20004c000 16 KB
  21.857 TIGER-DECOMMIT 0x200050000 16 KB
  21.857 TIGER-DECOMMIT 0x200054000 16 KB
  21.857 TIGER-DECOMMIT 0x200058000 16 KB
  21.857 TIGER-DECOMMIT 0x20005c000 16 KB
  21.857 TIGER-DECOMMIT 0x200060000 16 KB
  21.857 TIGER-DECOMMIT 0x200064000 16 KB
  21.857 TIGER-DECOMMIT 0x200068000 16 KB
  21.858 TIGER-DECOMMIT 0x20006c000 16 KB
  21.858 TIGER-DECOMMIT 0x200070000 16 KB
  21.858 TIGER-DECOMMIT 0x200074000 16 KB
  21.858 TIGER-DECOMMIT 0x200078000 16 KB
  21.858 TIGER-DECOMMIT 0x20007c000 16 KB
  21.858 TIGER-DECOMMIT 0x200080000 16 KB
  21.958 TIGER-DECOMMIT 0x200084000 16 KB
  21.959 TIGER-DECOMMIT 0x200088000 16 KB
  21.959 TIGER-DECOMMIT 0x20008c000 16 KB
  21.959 TIGER-DECOMMIT 0x200090000 16 KB
  21.959 TIGER-DECOMMIT 0x200094000 16 KB
  21.959 TIGER-DECOMMIT 0x200098000 16 KB
  21.959 TIGER-DECOMMIT 0x20009c000 16 KB
  21.959 TIGER-DECOMMIT 0x2000a0000 16 KB
  21.960 TIGER-DECOMMIT 0x2000a4000 16 KB
  21.960 TIGER-DECOMMIT 0x2000a8000 16 KB
  21.960 TIGER-DECOMMIT 0x2000ac000 16 KB
  21.960 TIGER-DECOMMIT 0x2000b0000 16 KB
  21.960 TIGER-DECOMMIT 0x2000b4000 16 KB
  21.960 TIGER-DECOMMIT 0x2000b8000 16 KB
  21.960 TIGER-DECOMMIT 0x2000bc000 16 KB
  21.960 TIGER-DECOMMIT 0x2000c0000 16 KB
  21.960 TIGER-DECOMMIT 0x2000c4000 16 KB
  21.961 TIGER-DECOMMIT 0x2000c8000 16 KB
  21.961 TIGER-DECOMMIT 0x2000cc000 16 KB
  21.961 TIGER-DECOMMIT 0x2000d0000 16 KB
  21.961 TIGER-DECOMMIT 0x2000d4000 16 KB
  21.961 TIGER-DECOMMIT 0x2000d8000 16 KB
  21.961 TIGER-DECOMMIT 0x2000dc000 16 KB
  21.961 TIGER-DECOMMIT 0x2000e0000 16 KB
  21.961 TIGER-DECOMMIT 0x2000e4000 16 KB
  21.961 TIGER-DECOMMIT 0x2000e8000 16 KB
  21.961 TIGER-DECOMMIT 0x2000ec000 16 KB
  21.962 TIGER-DECOMMIT 0x2000f0000 16 KB
  21.962 TIGER-DECOMMIT 0x2000f4000 16 KB
  21.962 TIGER-DECOMMIT 0x2000f8000 16 KB
  21.962 TIGER-DECOMMIT 0x2000fc000 16 KB
  21.962 TIGER-DECOMMIT 0x200100000 16 KB
  21.962 TIGER-DECOMMIT 0x200104000 16 KB
  21.962 TIGER-DECOMMIT 0x200108000 16 KB
  21.962 TIGER-DECOMMIT 0x20010c000 16 KB
  21.962 TIGER-DECOMMIT 0x200110000 16 KB
  21.962 TIGER-DECOMMIT 0x200114000 16 KB
  21.963 TIGER-DECOMMIT 0x200118000 16 KB
  21.963 TIGER-DECOMMIT 0x20011c000 16 KB
  21.963 TIGER-DECOMMIT 0x200120000 16 KB
  21.963 TIGER-DECOMMIT 0x200124000 16 KB
  21.963 TIGER-DECOMMIT 0x200128000 16 KB
  21.963 TIGER-DECOMMIT 0x20012c000 16 KB
  21.963 TIGER-DECOMMIT 0x200130000 16 KB
  21.963 TIGER-DECOMMIT 0x200134000 16 KB
  21.963 TIGER-DECOMMIT 0x200138000 16 KB
  21.963 TIGER-DECOMMIT 0x20013c000 16 KB
  21.964 TIGER-DECOMMIT 0x200140000 16 KB
  21.964 TIGER-DECOMMIT 0x200144000 16 KB
  21.964 TIGER-DECOMMIT 0x200148000 16 KB
  21.964 TIGER-DECOMMIT 0x20014c000 16 KB
  21.964 TIGER-DECOMMIT 0x200150000 16 KB
  21.964 TIGER-DECOMMIT 0x200154000 16 KB
  21.964 TIGER-DECOMMIT 0x200158000 16 KB
  21.964 TIGER-DECOMMIT 0x20015c000 16 KB
  21.964 TIGER-DECOMMIT 0x200160000 16 KB
  21.964 TIGER-DECOMMIT 0x200164000 16 KB
  21.965 TIGER-DECOMMIT 0x200168000 16 KB
  21.965 TIGER-DECOMMIT 0x20016c000 16 KB
  21.965 TIGER-DECOMMIT 0x200170000 16 KB
  21.965 TIGER-DECOMMIT 0x200174000 16 KB
  21.965 TIGER-DECOMMIT 0x200178000 16 KB
  21.965 TIGER-DECOMMIT 0x20017c000 16 KB
  21.965 TIGER-DECOMMIT 0x200180000 16 KB
  21.965 TIGER-DECOMMIT 0x200184000 16 KB
  21.965 TIGER-DECOMMIT 0x200188000 16 KB
  21.965 TIGER-DECOMMIT 0x20018c000 16 KB
  21.966 TIGER-DECOMMIT 0x200190000 16 KB
  21.966 TIGER-DECOMMIT 0x200194000 16 KB
  21.966 TIGER-DECOMMIT 0x200198000 16 KB
  21.966 TIGER-DECOMMIT 0x20019c000 16 KB
  21.966 TIGER-DECOMMIT 0x2001a0000 16 KB
  21.966 TIGER-DECOMMIT 0x2001a4000 16 KB
  21.966 TIGER-DECOMMIT 0x2001a8000 16 KB
  21.967 TIGER-DECOMMIT 0x2001ac000 16 KB
  21.967 TIGER-DECOMMIT 0x2001b0000 16 KB
  21.967 TIGER-DECOMMIT 0x2001b4000 16 KB
  21.967 TIGER-DECOMMIT 0x2001b8000 16 KB
  21.967 TIGER-DECOMMIT 0x2001bc000 16 KB
  21.967 TIGER-DECOMMIT 0x2001c0000 16 KB
  21.967 TIGER-DECOMMIT 0x2001c4000 16 KB
  21.967 TIGER-DECOMMIT 0x2001c8000 16 KB
  21.967 TIGER-DECOMMIT 0x2001cc000 16 KB
  21.967 TIGER-DECOMMIT 0x2001d0000 16 KB
  21.968 TIGER-DECOMMIT 0x2001d4000 16 KB
  21.968 TIGER-DECOMMIT 0x2001d8000 16 KB
  21.968 TIGER-DECOMMIT 0x2001dc000 16 KB
  21.968 TIGER-DECOMMIT 0x2001e0000 16 KB
  21.968 TIGER-DECOMMIT 0x2001e4000 16 KB
  21.968 TIGER-DECOMMIT 0x2001e8000 16 KB
  21.968 TIGER-DECOMMIT 0x2001ec000 16 KB
  21.968 TIGER-DECOMMIT 0x2001f0000 16 KB
  22.069 TIGER-DECOMMIT 0x2001f4000 16 KB
  22.069 TIGER-DECOMMIT 0x2001f8000 16 KB
  22.069 TIGER-DECOMMIT 0x2001fc000 16 KB
  22.069 TIGER-DECOMMIT 0x200200000 16 KB
  22.069 TIGER-DECOMMIT 0x200204000 16 KB
  22.069 TIGER-DECOMMIT 0x200208000 16 KB
  22.069 TIGER-DECOMMIT 0x20020c000 16 KB
  22.069 TIGER-DECOMMIT 0x200210000 16 KB
  22.070 TIGER-DECOMMIT 0x200214000 16 KB
  22.070 TIGER-DECOMMIT 0x200218000 16 KB
  22.070 TIGER-DECOMMIT 0x20021c000 16 KB
  22.070 TIGER-DECOMMIT 0x200220000 16 KB
  22.070 TIGER-DECOMMIT 0x200224000 16 KB
  22.070 TIGER-DECOMMIT 0x200228000 16 KB
  22.070 TIGER-DECOMMIT 0x20022c000 16 KB
  22.070 TIGER-DECOMMIT 0x200230000 16 KB
  22.071 TIGER-DECOMMIT 0x200234000 16 KB
  22.071 TIGER-DECOMMIT 0x200238000 16 KB
  22.071 TIGER-DECOMMIT 0x20023c000 16 KB
  22.071 TIGER-DECOMMIT 0x200240000 16 KB
  22.071 TIGER-DECOMMIT 0x200244000 16 KB
  22.071 TIGER-DECOMMIT 0x200248000 16 KB
  22.071 TIGER-DECOMMIT 0x20024c000 16 KB
  22.071 TIGER-DECOMMIT 0x200250000 16 KB
  22.071 TIGER-DECOMMIT 0x200254000 16 KB
  22.072 TIGER-DECOMMIT 0x200258000 16 KB
  22.072 TIGER-DECOMMIT 0x20025c000 16 KB
  22.072 TIGER-DECOMMIT 0x200260000 16 KB
  22.072 TIGER-DECOMMIT 0x200264000 16 KB
  22.072 TIGER-DECOMMIT 0x200268000 16 KB
  22.072 TIGER-DECOMMIT 0x20026c000 16 KB
  22.072 TIGER-DECOMMIT 0x200270000 16 KB
  22.072 TIGER-DECOMMIT 0x200274000 16 KB
  22.072 TIGER-DECOMMIT 0x200278000 16 KB
  22.072 TIGER-DECOMMIT 0x20027c000 16 KB
  22.073 TIGER-DECOMMIT 0x200280000 16 KB
  22.073 TIGER-DECOMMIT 0x200284000 16 KB
  22.073 TIGER-DECOMMIT 0x200288000 16 KB
  22.073 TIGER-DECOMMIT 0x20028c000 16 KB
  22.073 TIGER-DECOMMIT 0x200290000 16 KB
  22.073 TIGER-DECOMMIT 0x200294000 16 KB
  22.073 TIGER-DECOMMIT 0x200298000 16 KB
  22.073 TIGER-DECOMMIT 0x20029c000 16 KB
  22.073 TIGER-DECOMMIT 0x2002a0000 16 KB
  22.073 TIGER-DECOMMIT 0x2002a4000 16 KB
  22.074 TIGER-DECOMMIT 0x2002a8000 16 KB
  22.074 TIGER-DECOMMIT 0x2002ac000 16 KB
  22.074 TIGER-DECOMMIT 0x2002b0000 16 KB
  22.074 TIGER-DECOMMIT 0x2002b4000 16 KB
  22.074 TIGER-DECOMMIT 0x2002b8000 16 KB
  22.074 TIGER-DECOMMIT 0x2002bc000 16 KB
  22.074 TIGER-DECOMMIT 0x2002c0000 16 KB
  22.074 TIGER-DECOMMIT 0x2002c4000 16 KB
  22.074 TIGER-DECOMMIT 0x2002c8000 16 KB
  22.074 TIGER-DECOMMIT 0x2002cc000 16 KB
  22.075 TIGER-DECOMMIT 0x2002d0000 16 KB
  22.075 TIGER-DECOMMIT 0x2002d4000 16 KB
  22.075 TIGER-DECOMMIT 0x2002d8000 16 KB
  22.075 TIGER-DECOMMIT 0x2002dc000 16 KB
  22.075 TIGER-DECOMMIT 0x2002e0000 16 KB
  22.075 TIGER-DECOMMIT 0x2002e4000 16 KB
  22.075 TIGER-DECOMMIT 0x2002e8000 16 KB
  22.075 TIGER-DECOMMIT 0x2002ec000 16 KB
  22.075 TIGER-DECOMMIT 0x2002f0000 16 KB
  22.075 TIGER-DECOMMIT 0x2002f4000 16 KB
  22.076 TIGER-DECOMMIT 0x2002f8000 16 KB
  22.076 TIGER-DECOMMIT 0x2002fc000 16 KB
  22.076 TIGER-DECOMMIT 0x200300000 16 KB
  22.076 TIGER-DECOMMIT 0x200304000 16 KB
  22.076 TIGER-DECOMMIT 0x200308000 16 KB
  22.076 TIGER-DECOMMIT 0x20030c000 16 KB
  22.076 TIGER-DECOMMIT 0x200310000 16 KB
  22.076 TIGER-DECOMMIT 0x200314000 16 KB
  22.076 TIGER-DECOMMIT 0x200318000 16 KB
  22.077 TIGER-DECOMMIT 0x20031c000 16 KB
  22.077 TIGER-DECOMMIT 0x200320000 16 KB
  22.077 TIGER-DECOMMIT 0x200324000 16 KB
  22.077 TIGER-DECOMMIT 0x200328000 16 KB
  22.077 TIGER-DECOMMIT 0x20032c000 16 KB
  22.077 TIGER-DECOMMIT 0x200330000 16 KB
  22.077 TIGER-DECOMMIT 0x200334000 16 KB
  22.077 TIGER-DECOMMIT 0x200338000 16 KB
  22.077 TIGER-DECOMMIT 0x20033c000 16 KB
  22.077 TIGER-DECOMMIT 0x200340000 16 KB
  22.078 TIGER-DECOMMIT 0x200344000 16 KB
  22.078 TIGER-DECOMMIT 0x200348000 16 KB
  22.078 TIGER-DECOMMIT 0x20034c000 16 KB
  22.078 TIGER-DECOMMIT 0x200350000 16 KB
  22.078 TIGER-DECOMMIT 0x200354000 16 KB
  22.078 TIGER-DECOMMIT 0x200358000 16 KB
  22.078 TIGER-DECOMMIT 0x20035c000 16 KB
  22.078 TIGER-DECOMMIT 0x200360000 16 KB
  22.078 TIGER-DECOMMIT 0x200364000 16 KB
  22.078 TIGER-DECOMMIT 0x200368000 16 KB
  22.179 TIGER-DECOMMIT 0x20036c000 16 KB
  22.179 TIGER-DECOMMIT 0x200370000 16 KB
  22.179 TIGER-DECOMMIT 0x200374000 16 KB
  22.179 TIGER-DECOMMIT 0x200378000 16 KB
  22.179 TIGER-DECOMMIT 0x20037c000 16 KB
  22.179 TIGER-DECOMMIT 0x200380000 16 KB
  22.180 TIGER-DECOMMIT 0x200384000 16 KB
  22.180 TIGER-DECOMMIT 0x200388000 16 KB
  22.180 TIGER-DECOMMIT 0x20038c000 16 KB
  22.180 TIGER-DECOMMIT 0x200390000 16 KB
  22.180 TIGER-DECOMMIT 0x200394000 16 KB
  22.180 TIGER-DECOMMIT 0x200398000 16 KB
  22.180 TIGER-DECOMMIT 0x20039c000 16 KB
  22.180 TIGER-DECOMMIT 0x2003a0000 16 KB
  22.180 TIGER-DECOMMIT 0x2003a4000 16 KB
  22.180 TIGER-DECOMMIT 0x2003a8000 16 KB
  22.181 TIGER-DECOMMIT 0x2003ac000 16 KB
  22.181 TIGER-DECOMMIT 0x2003b0000 16 KB
  22.181 TIGER-DECOMMIT 0x2003b4000 16 KB
  22.181 TIGER-DECOMMIT 0x2003b8000 16 KB
  22.181 TIGER-DECOMMIT 0x2003bc000 16 KB
  22.181 TIGER-DECOMMIT 0x2003c0000 16 KB
  22.181 TIGER-DECOMMIT 0x2003c4000 16 KB
  22.181 TIGER-DECOMMIT 0x2003c8000 16 KB
  22.181 TIGER-DECOMMIT 0x2003cc000 16 KB
  22.181 TIGER-DECOMMIT 0x2003d0000 16 KB
  22.181 TIGER-DECOMMIT 0x2003d4000 16 KB
  22.182 TIGER-DECOMMIT 0x2003d8000 16 KB
  22.182 TIGER-DECOMMIT 0x2003dc000 16 KB
  22.182 TIGER-DECOMMIT 0x2003e0000 16 KB
  22.182 TIGER-DECOMMIT 0x2003e4000 16 KB
  22.182 TIGER-DECOMMIT 0x2003e8000 16 KB
  22.182 TIGER-DECOMMIT 0x2003ec000 16 KB
  22.182 TIGER-DECOMMIT 0x2003f0000 16 KB
  22.182 TIGER-DECOMMIT 0x2003f4000 16 KB
  22.182 TIGER-DECOMMIT 0x2003f8000 16 KB
  22.182 TIGER-DECOMMIT 0x2003fc000 16 KB
  22.183 TIGER-DECOMMIT 0x200400000 16 KB
  22.183 TIGER-DECOMMIT 0x200404000 16 KB
  22.183 TIGER-DECOMMIT 0x200408000 16 KB
  22.183 TIGER-DECOMMIT 0x20040c000 16 KB
  22.183 TIGER-DECOMMIT 0x200410000 16 KB
  22.183 TIGER-DECOMMIT 0x200414000 16 KB
  22.183 TIGER-DECOMMIT 0x200418000 16 KB
  22.183 TIGER-DECOMMIT 0x20041c000 16 KB
  22.183 TIGER-DECOMMIT 0x200420000 16 KB
  22.184 TIGER-DECOMMIT 0x200424000 16 KB
  22.184 TIGER-DECOMMIT 0x200428000 16 KB
  22.184 TIGER-DECOMMIT 0x20042c000 16 KB
  22.184 TIGER-DECOMMIT 0x200430000 16 KB
  22.184 TIGER-DECOMMIT 0x200434000 16 KB
  22.184 TIGER-DECOMMIT 0x200438000 16 KB
  22.184 TIGER-DECOMMIT 0x20043c000 16 KB
  22.184 TIGER-DECOMMIT 0x200440000 16 KB
  22.184 TIGER-DECOMMIT 0x200444000 16 KB
  22.184 TIGER-DECOMMIT 0x200448000 16 KB
  22.185 TIGER-DECOMMIT 0x20044c000 16 KB
  22.185 TIGER-DECOMMIT 0x200450000 16 KB
  22.185 TIGER-DECOMMIT 0x200454000 16 KB
  22.185 TIGER-DECOMMIT 0x200458000 16 KB
  22.185 TIGER-DECOMMIT 0x20045c000 16 KB
  22.185 TIGER-DECOMMIT 0x200460000 16 KB
  22.185 TIGER-DECOMMIT 0x200464000 16 KB
  22.185 TIGER-DECOMMIT 0x200468000 16 KB
  22.185 TIGER-DECOMMIT 0x20046c000 16 KB
  22.185 TIGER-DECOMMIT 0x200470000 16 KB
  22.186 TIGER-DECOMMIT 0x200474000 16 KB
  22.186 TIGER-DECOMMIT 0x200478000 16 KB
  22.186 TIGER-DECOMMIT 0x20047c000 16 KB
  22.186 TIGER-DECOMMIT 0x200480000 16 KB
  22.186 TIGER-DECOMMIT 0x200484000 16 KB
  22.186 TIGER-DECOMMIT 0x200488000 16 KB
  22.186 TIGER-DECOMMIT 0x20048c000 16 KB
  22.186 TIGER-DECOMMIT 0x200490000 16 KB
  22.186 TIGER-DECOMMIT 0x200494000 16 KB
  22.186 TIGER-DECOMMIT 0x200498000 16 KB
  22.186 TIGER-DECOMMIT 0x20049c000 16 KB
  22.187 TIGER-DECOMMIT 0x2004a0000 16 KB
  22.187 TIGER-DECOMMIT 0x2004a4000 16 KB
  22.187 TIGER-DECOMMIT 0x2004a8000 16 KB
  22.187 TIGER-DECOMMIT 0x2004ac000 16 KB
  22.187 TIGER-DECOMMIT 0x2004b0000 16 KB
  22.187 TIGER-DECOMMIT 0x2004b4000 16 KB
  22.187 TIGER-DECOMMIT 0x2004b8000 16 KB
  22.187 TIGER-DECOMMIT 0x2004bc000 16 KB
  22.187 TIGER-DECOMMIT 0x2004c0000 16 KB
  22.187 TIGER-DECOMMIT 0x2004c4000 16 KB
  22.188 TIGER-DECOMMIT 0x2004c8000 16 KB
  22.188 TIGER-DECOMMIT 0x2004cc000 16 KB
  22.188 TIGER-DECOMMIT 0x2004d0000 16 KB
  22.188 TIGER-DECOMMIT 0x2004d4000 16 KB
  22.188 TIGER-DECOMMIT 0x2004d8000 16 KB
  22.188 TIGER-DECOMMIT 0x2004dc000 16 KB
  22.188 TIGER-DECOMMIT 0x2004e0000 16 KB
  22.188 TIGER-DECOMMIT 0x2004e4000 16 KB
  22.188 TIGER-DECOMMIT 0x2004e8000 16 KB
  22.188 TIGER-DECOMMIT 0x2004ec000 16 KB
  22.189 TIGER-DECOMMIT 0x2004f0000 16 KB
  22.189 TIGER-DECOMMIT 0x2004f4000 16 KB
  22.289 TIGER-DECOMMIT 0x2004f8000 16 KB
  22.289 TIGER-DECOMMIT 0x2004fc000 16 KB
  22.289 TIGER-DECOMMIT 0x200500000 16 KB
  22.289 TIGER-DECOMMIT 0x200504000 16 KB
  22.290 TIGER-DECOMMIT 0x200508000 16 KB
  22.290 TIGER-DECOMMIT 0x20050c000 16 KB
  22.290 TIGER-DECOMMIT 0x200510000 16 KB
  22.290 TIGER-DECOMMIT 0x200514000 16 KB
  22.290 TIGER-DECOMMIT 0x200518000 16 KB
  22.290 TIGER-DECOMMIT 0x20051c000 16 KB
  22.290 TIGER-DECOMMIT 0x200520000 16 KB
  22.290 TIGER-DECOMMIT 0x200524000 16 KB
  22.290 TIGER-DECOMMIT 0x200528000 16 KB
  22.290 TIGER-DECOMMIT 0x20052c000 16 KB
  22.291 TIGER-DECOMMIT 0x200530000 16 KB
  22.291 TIGER-DECOMMIT 0x200534000 16 KB
  22.291 TIGER-DECOMMIT 0x200538000 16 KB
  22.291 TIGER-DECOMMIT 0x20053c000 16 KB
  22.291 TIGER-DECOMMIT 0x200540000 16 KB
  22.291 TIGER-DECOMMIT 0x200544000 16 KB
  22.291 TIGER-DECOMMIT 0x200548000 16 KB
  22.291 TIGER-DECOMMIT 0x20054c000 16 KB
  22.291 TIGER-DECOMMIT 0x200550000 16 KB
  22.291 TIGER-DECOMMIT 0x200554000 16 KB
  22.292 TIGER-DECOMMIT 0x200558000 16 KB
  22.292 TIGER-DECOMMIT 0x20055c000 16 KB
  22.292 TIGER-DECOMMIT 0x200560000 16 KB
  22.292 TIGER-DECOMMIT 0x200564000 16 KB
  22.292 TIGER-DECOMMIT 0x200568000 16 KB
  22.292 TIGER-DECOMMIT 0x20056c000 16 KB
  22.292 TIGER-DECOMMIT 0x200570000 16 KB
  22.292 TIGER-DECOMMIT 0x200574000 16 KB
  22.292 TIGER-DECOMMIT 0x200578000 16 KB
  22.292 TIGER-DECOMMIT 0x20057c000 16 KB
  22.293 TIGER-DECOMMIT 0x200580000 16 KB
  22.293 TIGER-DECOMMIT 0x200584000 16 KB
  22.293 TIGER-DECOMMIT 0x200588000 16 KB
  22.293 TIGER-DECOMMIT 0x20058c000 16 KB
  22.293 TIGER-DECOMMIT 0x200590000 16 KB
  22.293 TIGER-DECOMMIT 0x200594000 16 KB
  22.293 TIGER-DECOMMIT 0x200598000 16 KB
  22.293 TIGER-DECOMMIT 0x20059c000 16 KB
  22.293 TIGER-DECOMMIT 0x2005a0000 16 KB
  22.293 TIGER-DECOMMIT 0x2005a4000 16 KB
  22.293 TIGER-DECOMMIT 0x2005a8000 16 KB
  22.294 TIGER-DECOMMIT 0x2005ac000 16 KB
  22.294 TIGER-DECOMMIT 0x2005b0000 16 KB
  22.294 TIGER-DECOMMIT 0x2005b4000 16 KB
  22.294 TIGER-DECOMMIT 0x2005b8000 16 KB
  22.294 TIGER-DECOMMIT 0x2005bc000 16 KB
  22.294 TIGER-DECOMMIT 0x2005c0000 16 KB
  22.294 TIGER-DECOMMIT 0x2005c4000 16 KB
  22.294 TIGER-DECOMMIT 0x2005c8000 16 KB
  22.294 TIGER-DECOMMIT 0x2005cc000 16 KB
  22.294 TIGER-DECOMMIT 0x2005d0000 16 KB
  22.295 TIGER-DECOMMIT 0x2005d4000 16 KB
  22.295 TIGER-DECOMMIT 0x2005d8000 16 KB
  22.295 TIGER-DECOMMIT 0x2005dc000 16 KB
  22.295 TIGER-DECOMMIT 0x2005e0000 16 KB
  22.295 TIGER-DECOMMIT 0x2005e4000 16 KB
  22.295 TIGER-DECOMMIT 0x2005e8000 16 KB
  22.295 TIGER-DECOMMIT 0x2005ec000 16 KB
  22.295 TIGER-DECOMMIT 0x2005f0000 16 KB
  22.295 TIGER-DECOMMIT 0x2005f4000 16 KB
  22.295 TIGER-DECOMMIT 0x2005f8000 16 KB
  22.295 TIGER-DECOMMIT 0x2005fc000 16 KB
  22.296 TIGER-DECOMMIT 0x200600000 16 KB
  22.296 TIGER-DECOMMIT 0x200604000 16 KB
  22.296 TIGER-DECOMMIT 0x200608000 16 KB
  22.296 TIGER-DECOMMIT 0x20060c000 16 KB
  22.296 TIGER-DECOMMIT 0x200610000 16 KB
  22.296 TIGER-DECOMMIT 0x200614000 16 KB
  22.296 TIGER-DECOMMIT 0x200618000 16 KB
  22.296 TIGER-DECOMMIT 0x20061c000 16 KB
  22.296 TIGER-DECOMMIT 0x200620000 16 KB
  22.297 TIGER-DECOMMIT 0x200624000 16 KB
  22.297 TIGER-DECOMMIT 0x200628000 16 KB
  22.297 TIGER-DECOMMIT 0x20062c000 16 KB
  22.297 TIGER-DECOMMIT 0x200630000 16 KB
  22.297 TIGER-DECOMMIT 0x200634000 16 KB
  22.297 TIGER-DECOMMIT 0x200638000 16 KB
  22.297 TIGER-DECOMMIT 0x20063c000 16 KB
  22.297 TIGER-DECOMMIT 0x200640000 16 KB
  22.297 TIGER-DECOMMIT 0x200644000 16 KB
  22.297 TIGER-DECOMMIT 0x200648000 16 KB
  22.298 TIGER-DECOMMIT 0x20064c000 16 KB
  22.298 TIGER-DECOMMIT 0x200650000 16 KB
  22.298 TIGER-DECOMMIT 0x200654000 16 KB
  22.298 TIGER-DECOMMIT 0x200658000 16 KB
  22.298 TIGER-DECOMMIT 0x20065c000 16 KB
  22.298 TIGER-DECOMMIT 0x200660000 16 KB
  22.298 TIGER-DECOMMIT 0x200664000 16 KB
  22.298 TIGER-DECOMMIT 0x200668000 16 KB
  22.298 TIGER-DECOMMIT 0x20066c000 16 KB
  22.298 TIGER-DECOMMIT 0x200670000 16 KB
  22.299 TIGER-DECOMMIT 0x200674000 16 KB
  22.299 TIGER-DECOMMIT 0x200678000 16 KB
  22.299 TIGER-DECOMMIT 0x20067c000 16 KB
  22.299 TIGER-DECOMMIT 0x200680000 16 KB
  22.399 TIGER-DECOMMIT 0x200684000 16 KB
  22.399 TIGER-DECOMMIT 0x200688000 16 KB
  22.400 TIGER-DECOMMIT 0x20068c000 16 KB
  22.400 TIGER-DECOMMIT 0x200690000 16 KB
  22.400 TIGER-DECOMMIT 0x200694000 16 KB
  22.400 TIGER-DECOMMIT 0x200698000 16 KB
  22.400 TIGER-DECOMMIT 0x20069c000 16 KB
  22.400 TIGER-DECOMMIT 0x2006a0000 16 KB
  22.400 TIGER-DECOMMIT 0x2006a4000 16 KB
  22.400 TIGER-DECOMMIT 0x2006a8000 16 KB
  22.400 TIGER-DECOMMIT 0x2006ac000 16 KB
  22.400 TIGER-DECOMMIT 0x2006b0000 16 KB
  22.401 TIGER-DECOMMIT 0x2006b4000 16 KB
  22.401 TIGER-DECOMMIT 0x2006b8000 16 KB
  22.401 TIGER-DECOMMIT 0x2006bc000 16 KB
  22.401 TIGER-DECOMMIT 0x2006c0000 16 KB
  22.401 TIGER-DECOMMIT 0x2006c4000 16 KB
  22.401 TIGER-DECOMMIT 0x2006c8000 16 KB
  22.401 TIGER-DECOMMIT 0x2006cc000 16 KB
  22.401 TIGER-DECOMMIT 0x2006d0000 16 KB
  22.402 TIGER-DECOMMIT 0x2006d4000 16 KB
  22.402 TIGER-DECOMMIT 0x2006d8000 16 KB
  22.402 TIGER-DECOMMIT 0x2006dc000 16 KB
  22.402 TIGER-DECOMMIT 0x2006e0000 16 KB
  22.402 TIGER-DECOMMIT 0x2006e4000 16 KB
  22.402 TIGER-DECOMMIT 0x2006e8000 16 KB
  22.402 TIGER-DECOMMIT 0x2006ec000 16 KB
  22.402 TIGER-DECOMMIT 0x2006f0000 16 KB
  22.402 TIGER-DECOMMIT 0x2006f4000 16 KB
  22.402 TIGER-DECOMMIT 0x2006f8000 16 KB
  22.402 TIGER-DECOMMIT 0x2006fc000 16 KB
  22.402 TIGER-DECOMMIT 0x200700000 16 KB
  22.402 TIGER-DECOMMIT 0x200704000 16 KB
  22.403 TIGER-DECOMMIT 0x200708000 16 KB
  22.403 TIGER-DECOMMIT 0x20070c000 16 KB
  22.403 TIGER-DECOMMIT 0x200710000 16 KB
  22.403 TIGER-DECOMMIT 0x200714000 16 KB
  22.403 TIGER-DECOMMIT 0x200718000 16 KB
  22.403 TIGER-DECOMMIT 0x20071c000 16 KB
  22.403 TIGER-DECOMMIT 0x200720000 16 KB
  22.403 TIGER-DECOMMIT 0x200724000 16 KB
  22.403 TIGER-DECOMMIT 0x200728000 16 KB
  22.403 TIGER-DECOMMIT 0x20072c000 16 KB
  22.404 TIGER-DECOMMIT 0x200730000 16 KB
  22.404 TIGER-DECOMMIT 0x200734000 16 KB
  22.404 TIGER-DECOMMIT 0x200738000 16 KB
  22.404 TIGER-DECOMMIT 0x20073c000 16 KB
  22.404 TIGER-DECOMMIT 0x200740000 16 KB
  22.404 TIGER-DECOMMIT 0x200744000 16 KB
  22.404 TIGER-DECOMMIT 0x200748000 16 KB
  22.404 TIGER-DECOMMIT 0x20074c000 16 KB
  22.404 TIGER-DECOMMIT 0x200750000 16 KB
  22.404 TIGER-DECOMMIT 0x200754000 16 KB
  22.405 TIGER-DECOMMIT 0x200758000 16 KB
  22.405 TIGER-DECOMMIT 0x20075c000 16 KB
  22.405 TIGER-DECOMMIT 0x200760000 16 KB
  22.405 TIGER-DECOMMIT 0x200764000 16 KB
  22.405 TIGER-DECOMMIT 0x200768000 16 KB
  22.405 TIGER-DECOMMIT 0x20076c000 16 KB
  22.405 TIGER-DECOMMIT 0x200770000 16 KB
  22.405 TIGER-DECOMMIT 0x200774000 16 KB
  22.405 TIGER-DECOMMIT 0x200778000 16 KB
  22.405 TIGER-DECOMMIT 0x20077c000 16 KB
  22.406 TIGER-DECOMMIT 0x200780000 16 KB
  22.406 TIGER-DECOMMIT 0x200784000 16 KB
  22.406 TIGER-DECOMMIT 0x200788000 16 KB
  22.406 TIGER-DECOMMIT 0x20078c000 16 KB
  22.406 TIGER-DECOMMIT 0x200790000 16 KB
  22.406 TIGER-DECOMMIT 0x200794000 16 KB
  22.406 TIGER-DECOMMIT 0x200798000 16 KB
  22.406 TIGER-DECOMMIT 0x20079c000 16 KB
  22.406 TIGER-DECOMMIT 0x2007a0000 16 KB
  22.406 TIGER-DECOMMIT 0x2007a4000 16 KB
  22.406 TIGER-DECOMMIT 0x2007a8000 16 KB
  22.407 TIGER-DECOMMIT 0x2007ac000 16 KB
  22.407 TIGER-DECOMMIT 0x2007b0000 16 KB
  22.407 TIGER-DECOMMIT 0x2007b4000 16 KB
  22.407 TIGER-DECOMMIT 0x2007b8000 16 KB
  22.407 TIGER-DECOMMIT 0x2007bc000 16 KB
  22.407 TIGER-DECOMMIT 0x2007c0000 16 KB
  22.407 TIGER-DECOMMIT 0x2007c4000 16 KB
  22.407 TIGER-DECOMMIT 0x2007c8000 16 KB
  22.407 TIGER-DECOMMIT 0x2007cc000 16 KB
  22.407 TIGER-DECOMMIT 0x2007d0000 16 KB
  22.408 TIGER-DECOMMIT 0x2007d4000 16 KB
  22.408 TIGER-DECOMMIT 0x2007d8000 16 KB
  22.408 TIGER-DECOMMIT 0x2007dc000 16 KB
  22.408 TIGER-DECOMMIT 0x2007e0000 16 KB
  22.408 TIGER-DECOMMIT 0x2007e4000 16 KB
  22.408 TIGER-DECOMMIT 0x2007e8000 16 KB
  22.408 TIGER-DECOMMIT 0x2007ec000 16 KB
  22.408 TIGER-DECOMMIT 0x2007f0000 16 KB
  22.408 TIGER-DECOMMIT 0x2007f4000 16 KB
  22.408 TIGER-DECOMMIT 0x2007f8000 16 KB
  22.409 TIGER-DECOMMIT 0x2007fc000 16 KB
  22.409 TIGER-DECOMMIT 0x200800000 16 KB
  22.409 TIGER-DECOMMIT 0x200804000 16 KB
  22.409 TIGER-DECOMMIT 0x200808000 16 KB
  22.409 TIGER-DECOMMIT 0x20080c000 16 KB
  22.409 TIGER-DECOMMIT 0x200810000 16 KB
  22.409 TIGER-DECOMMIT 0x200814000 16 KB
  22.510 TIGER-DECOMMIT 0x200818000 16 KB
  22.510 TIGER-DECOMMIT 0x20081c000 16 KB
  22.510 TIGER-DECOMMIT 0x200820000 16 KB
  22.510 TIGER-DECOMMIT 0x200824000 16 KB
  22.510 TIGER-DECOMMIT 0x200828000 16 KB
  22.510 TIGER-DECOMMIT 0x20082c000 16 KB
  22.510 TIGER-DECOMMIT 0x200830000 16 KB
  22.510 TIGER-DECOMMIT 0x200834000 16 KB
  22.510 TIGER-DECOMMIT 0x200838000 16 KB
  22.511 TIGER-DECOMMIT 0x20083c000 16 KB
  22.511 TIGER-DECOMMIT 0x200840000 16 KB
  22.511 TIGER-DECOMMIT 0x200844000 16 KB
  22.511 TIGER-DECOMMIT 0x200848000 16 KB
  22.511 TIGER-DECOMMIT 0x20084c000 16 KB
  22.511 TIGER-DECOMMIT 0x200850000 16 KB
  22.511 TIGER-DECOMMIT 0x200854000 16 KB
  22.511 TIGER-DECOMMIT 0x200858000 16 KB
  22.511 TIGER-DECOMMIT 0x20085c000 16 KB
  22.511 TIGER-DECOMMIT 0x200860000 16 KB
  22.512 TIGER-DECOMMIT 0x200864000 16 KB
  22.512 TIGER-DECOMMIT 0x200868000 16 KB
  22.512 TIGER-DECOMMIT 0x20086c000 16 KB
  22.512 TIGER-DECOMMIT 0x200870000 16 KB
  22.512 TIGER-DECOMMIT 0x200874000 16 KB
  22.512 TIGER-DECOMMIT 0x200878000 16 KB
  22.512 TIGER-DECOMMIT 0x20087c000 16 KB
  22.512 TIGER-DECOMMIT 0x200880000 16 KB
  22.512 TIGER-DECOMMIT 0x200884000 16 KB
  22.512 TIGER-DECOMMIT 0x200888000 16 KB
  22.512 TIGER-DECOMMIT 0x20088c000 16 KB
  22.513 TIGER-DECOMMIT 0x200890000 16 KB
  22.513 TIGER-DECOMMIT 0x200894000 16 KB
  22.513 TIGER-DECOMMIT 0x200898000 16 KB
  22.513 TIGER-DECOMMIT 0x20089c000 16 KB
  22.513 TIGER-DECOMMIT 0x2008a0000 16 KB
  22.513 TIGER-DECOMMIT 0x2008a4000 16 KB
  22.513 TIGER-DECOMMIT 0x2008a8000 16 KB
  22.513 TIGER-DECOMMIT 0x2008ac000 16 KB
  22.513 TIGER-DECOMMIT 0x2008b0000 16 KB
  22.513 TIGER-DECOMMIT 0x2008b4000 16 KB
  22.514 TIGER-DECOMMIT 0x2008b8000 16 KB
  22.514 TIGER-DECOMMIT 0x2008bc000 16 KB
  22.514 TIGER-DECOMMIT 0x2008c0000 16 KB
  22.514 TIGER-DECOMMIT 0x2008c4000 16 KB
  22.514 TIGER-DECOMMIT 0x2008c8000 16 KB
  22.514 TIGER-DECOMMIT 0x2008cc000 16 KB
  22.514 TIGER-DECOMMIT 0x2008d0000 16 KB
  22.514 TIGER-DECOMMIT 0x2008d4000 16 KB
  22.514 TIGER-DECOMMIT 0x2008d8000 16 KB
  22.514 TIGER-DECOMMIT 0x2008dc000 16 KB
  22.515 TIGER-DECOMMIT 0x2008e0000 16 KB
  22.515 TIGER-DECOMMIT 0x2008e4000 16 KB
  22.515 TIGER-DECOMMIT 0x2008e8000 16 KB
  22.515 TIGER-DECOMMIT 0x2008ec000 16 KB
  22.515 TIGER-DECOMMIT 0x2008f0000 16 KB
  22.515 TIGER-DECOMMIT 0x2008f4000 16 KB
  22.515 TIGER-DECOMMIT 0x2008f8000 16 KB
  22.515 TIGER-DECOMMIT 0x2008fc000 16 KB
  22.515 TIGER-DECOMMIT 0x200900000 16 KB
  22.515 TIGER-DECOMMIT 0x200904000 16 KB
  22.515 TIGER-DECOMMIT 0x200908000 16 KB
  22.516 TIGER-DECOMMIT 0x20090c000 16 KB
  22.516 TIGER-DECOMMIT 0x200910000 16 KB
  22.516 TIGER-DECOMMIT 0x200914000 16 KB
  22.516 TIGER-DECOMMIT 0x200918000 16 KB
  22.516 TIGER-DECOMMIT 0x20091c000 16 KB
  22.516 TIGER-DECOMMIT 0x200920000 16 KB
  22.516 TIGER-DECOMMIT 0x200924000 16 KB
  22.516 TIGER-DECOMMIT 0x200928000 16 KB
  22.516 TIGER-DECOMMIT 0x20092c000 16 KB
  22.516 TIGER-DECOMMIT 0x200930000 16 KB
  22.517 TIGER-DECOMMIT 0x200934000 16 KB
  22.517 TIGER-DECOMMIT 0x200938000 16 KB
  22.517 TIGER-DECOMMIT 0x20093c000 16 KB
  22.517 TIGER-DECOMMIT 0x200940000 16 KB
  22.517 TIGER-DECOMMIT 0x200944000 16 KB
  22.517 TIGER-DECOMMIT 0x200948000 16 KB
  22.517 TIGER-DECOMMIT 0x20094c000 16 KB
  22.517 TIGER-DECOMMIT 0x200950000 16 KB
  22.517 TIGER-DECOMMIT 0x200954000 16 KB
  22.517 TIGER-DECOMMIT 0x200958000 16 KB
  22.518 TIGER-DECOMMIT 0x20095c000 16 KB
  22.518 TIGER-DECOMMIT 0x200960000 16 KB
  22.518 TIGER-DECOMMIT 0x200964000 16 KB
  22.518 TIGER-DECOMMIT 0x200968000 16 KB
  22.518 TIGER-DECOMMIT 0x20096c000 16 KB
  22.518 TIGER-DECOMMIT 0x200970000 16 KB
  22.518 TIGER-DECOMMIT 0x200974000 16 KB
  22.518 TIGER-DECOMMIT 0x200978000 16 KB
  22.518 TIGER-DECOMMIT 0x20097c000 16 KB
  22.518 TIGER-DECOMMIT 0x200980000 16 KB
  22.519 TIGER-DECOMMIT 0x200984000 16 KB
  22.519 TIGER-DECOMMIT 0x200988000 16 KB
  22.519 TIGER-DECOMMIT 0x20098c000 16 KB
  22.519 TIGER-DECOMMIT 0x200990000 16 KB
  22.519 TIGER-DECOMMIT 0x200994000 16 KB
  22.519 TIGER-DECOMMIT 0x200998000 16 KB
  22.519 TIGER-DECOMMIT 0x20099c000 16 KB
  22.519 TIGER-DECOMMIT 0x2009a0000 16 KB
  22.519 TIGER-DECOMMIT 0x2009a4000 16 KB
  22.519 TIGER-DECOMMIT 0x2009a8000 16 KB
  22.620 TIGER-DECOMMIT 0x2009ac000 16 KB
  22.620 TIGER-DECOMMIT 0x2009b0000 16 KB
  22.620 TIGER-DECOMMIT 0x2009b4000 16 KB
  22.620 TIGER-DECOMMIT 0x2009b8000 16 KB
  22.620 TIGER-DECOMMIT 0x2009bc000 16 KB
  22.620 TIGER-DECOMMIT 0x2009c0000 16 KB
  22.620 TIGER-DECOMMIT 0x2009c4000 16 KB
  22.620 TIGER-DECOMMIT 0x2009c8000 16 KB
  22.620 TIGER-DECOMMIT 0x2009cc000 16 KB
  22.621 TIGER-DECOMMIT 0x2009d0000 16 KB
  22.621 TIGER-DECOMMIT 0x2009d4000 16 KB
  22.621 TIGER-DECOMMIT 0x2009d8000 16 KB
  22.621 TIGER-DECOMMIT 0x2009dc000 16 KB
  22.621 TIGER-DECOMMIT 0x2009e0000 16 KB
  22.621 TIGER-DECOMMIT 0x2009e4000 16 KB
  22.621 TIGER-DECOMMIT 0x2009e8000 16 KB
  22.621 TIGER-DECOMMIT 0x2009ec000 16 KB
  22.621 TIGER-DECOMMIT 0x2009f0000 16 KB
  22.621 TIGER-DECOMMIT 0x2009f4000 16 KB
  22.622 TIGER-DECOMMIT 0x2009f8000 16 KB
  22.622 TIGER-DECOMMIT 0x2009fc000 16 KB
  22.622 TIGER-DECOMMIT 0x200a00000 16 KB
  22.622 TIGER-DECOMMIT 0x200a04000 16 KB
  22.622 TIGER-DECOMMIT 0x200a08000 16 KB
  22.622 TIGER-DECOMMIT 0x200a0c000 16 KB
  22.622 TIGER-DECOMMIT 0x200a10000 16 KB
  22.622 TIGER-DECOMMIT 0x200a14000 16 KB
  22.622 TIGER-DECOMMIT 0x200a18000 16 KB
  22.622 TIGER-DECOMMIT 0x200a1c000 16 KB
  22.623 TIGER-DECOMMIT 0x200a20000 16 KB
  22.623 TIGER-DECOMMIT 0x200a24000 16 KB
  22.623 TIGER-DECOMMIT 0x200a28000 16 KB
  22.623 TIGER-DECOMMIT 0x200a2c000 16 KB
  22.623 TIGER-DECOMMIT 0x200a30000 16 KB
  22.623 TIGER-DECOMMIT 0x200a34000 16 KB
  22.623 TIGER-DECOMMIT 0x200a38000 16 KB
  22.623 TIGER-DECOMMIT 0x200a3c000 16 KB
  22.623 TIGER-DECOMMIT 0x200a40000 16 KB
  22.623 TIGER-DECOMMIT 0x200a44000 16 KB
  22.624 TIGER-DECOMMIT 0x200a48000 16 KB
  22.624 TIGER-DECOMMIT 0x200a4c000 16 KB
  22.624 TIGER-DECOMMIT 0x200a50000 16 KB
  22.624 TIGER-DECOMMIT 0x200a54000 16 KB
  22.624 TIGER-DECOMMIT 0x200a58000 16 KB
  22.624 TIGER-DECOMMIT 0x200a5c000 16 KB
  22.624 TIGER-DECOMMIT 0x200a60000 16 KB
  22.624 TIGER-DECOMMIT 0x200a64000 16 KB
  22.624 TIGER-DECOMMIT 0x200a68000 16 KB
  22.624 TIGER-DECOMMIT 0x200a6c000 16 KB
  22.624 TIGER-DECOMMIT 0x200a70000 16 KB
  22.625 TIGER-DECOMMIT 0x200a74000 16 KB
  22.625 TIGER-DECOMMIT 0x200a78000 16 KB
  22.625 TIGER-DECOMMIT 0x200a7c000 16 KB
  22.625 TIGER-DECOMMIT 0x200a80000 16 KB
  22.625 TIGER-DECOMMIT 0x200a84000 16 KB
  22.625 TIGER-DECOMMIT 0x200a88000 16 KB
  22.625 TIGER-DECOMMIT 0x200a8c000 16 KB
  22.625 TIGER-DECOMMIT 0x200a90000 16 KB
  22.625 TIGER-DECOMMIT 0x200a94000 16 KB
  22.625 TIGER-DECOMMIT 0x200a98000 16 KB
  22.626 TIGER-DECOMMIT 0x200a9c000 16 KB
  22.626 TIGER-DECOMMIT 0x200aa0000 16 KB
  22.626 TIGER-DECOMMIT 0x200aa4000 16 KB
  22.626 TIGER-DECOMMIT 0x200aa8000 16 KB
  22.626 TIGER-DECOMMIT 0x200aac000 16 KB
  22.626 TIGER-DECOMMIT 0x200ab0000 16 KB
  22.626 TIGER-DECOMMIT 0x200ab4000 16 KB
  22.626 TIGER-DECOMMIT 0x200ab8000 16 KB
  22.626 TIGER-DECOMMIT 0x200abc000 16 KB
  22.626 TIGER-DECOMMIT 0x200ac0000 16 KB
  22.627 TIGER-DECOMMIT 0x200ac4000 16 KB
  22.627 TIGER-DECOMMIT 0x200ac8000 16 KB
  22.627 TIGER-DECOMMIT 0x200acc000 16 KB
  22.627 TIGER-DECOMMIT 0x200ad0000 16 KB
  22.627 TIGER-DECOMMIT 0x200ad4000 16 KB
  22.627 TIGER-DECOMMIT 0x200ad8000 16 KB
  22.627 TIGER-DECOMMIT 0x200adc000 16 KB
  22.627 TIGER-DECOMMIT 0x200ae0000 16 KB
  22.627 TIGER-DECOMMIT 0x200ae4000 16 KB
  22.627 TIGER-DECOMMIT 0x200ae8000 16 KB
  22.628 TIGER-DECOMMIT 0x200aec000 16 KB
  22.628 TIGER-DECOMMIT 0x200af0000 16 KB
  22.628 TIGER-DECOMMIT 0x200af4000 16 KB
  22.628 TIGER-DECOMMIT 0x200af8000 16 KB
  22.628 TIGER-DECOMMIT 0x200afc000 16 KB
  22.628 TIGER-DECOMMIT 0x200b00000 16 KB
  22.628 TIGER-DECOMMIT 0x200b04000 16 KB
  22.628 TIGER-DECOMMIT 0x200b08000 16 KB
  22.628 TIGER-DECOMMIT 0x200b0c000 16 KB
  22.628 TIGER-DECOMMIT 0x200b10000 16 KB
  22.629 TIGER-DECOMMIT 0x200b14000 16 KB
  22.629 TIGER-DECOMMIT 0x200b18000 16 KB
  22.629 TIGER-DECOMMIT 0x200b1c000 16 KB
  22.629 TIGER-DECOMMIT 0x200b20000 16 KB
  22.629 TIGER-DECOMMIT 0x200b24000 16 KB
  22.629 TIGER-DECOMMIT 0x200b28000 16 KB
  22.629 TIGER-DECOMMIT 0x200b2c000 16 KB
  22.629 TIGER-DECOMMIT 0x200b30000 16 KB
  22.629 TIGER-DECOMMIT 0x200b34000 16 KB
  22.629 TIGER-DECOMMIT 0x200b38000 16 KB
  22.630 TIGER-DECOMMIT 0x200b3c000 16 KB
  22.730 TIGER-DECOMMIT 0x200b40000 16 KB
  22.730 TIGER-DECOMMIT 0x200b44000 16 KB
  22.730 TIGER-DECOMMIT 0x200b48000 16 KB
  22.730 TIGER-DECOMMIT 0x200b4c000 16 KB
  22.730 TIGER-DECOMMIT 0x200b50000 16 KB
  22.730 TIGER-DECOMMIT 0x200b54000 16 KB
  22.730 TIGER-DECOMMIT 0x200b58000 16 KB
  22.730 TIGER-DECOMMIT 0x200b5c000 16 KB
  22.731 TIGER-DECOMMIT 0x200b60000 16 KB
  22.731 TIGER-DECOMMIT 0x200b64000 16 KB
  22.731 TIGER-DECOMMIT 0x200b68000 16 KB
  22.731 TIGER-DECOMMIT 0x200b6c000 16 KB
  22.731 TIGER-DECOMMIT 0x200b70000 16 KB
  22.731 TIGER-DECOMMIT 0x200b74000 16 KB
  22.731 TIGER-DECOMMIT 0x200b78000 16 KB
  22.731 TIGER-DECOMMIT 0x200b7c000 16 KB
  22.731 TIGER-DECOMMIT 0x200b80000 16 KB
  22.732 TIGER-DECOMMIT 0x200b84000 16 KB
  22.732 TIGER-DECOMMIT 0x200b88000 16 KB
  22.732 TIGER-DECOMMIT 0x200b8c000 16 KB
  22.732 TIGER-DECOMMIT 0x200b90000 16 KB
  22.732 TIGER-DECOMMIT 0x200b94000 16 KB
  22.732 TIGER-DECOMMIT 0x200b98000 16 KB
  22.732 TIGER-DECOMMIT 0x200b9c000 16 KB
  22.732 TIGER-DECOMMIT 0x200ba0000 16 KB
  22.732 TIGER-DECOMMIT 0x200ba4000 16 KB
  22.732 TIGER-DECOMMIT 0x200ba8000 16 KB
  22.732 TIGER-DECOMMIT 0x200bac000 16 KB
  22.733 TIGER-DECOMMIT 0x200bb0000 16 KB
  22.733 TIGER-DECOMMIT 0x200bb4000 16 KB
  22.733 TIGER-DECOMMIT 0x200bb8000 16 KB
  22.733 TIGER-DECOMMIT 0x200bbc000 16 KB
  22.733 TIGER-DECOMMIT 0x200bc0000 16 KB
  22.733 TIGER-DECOMMIT 0x200bc4000 16 KB
  22.733 TIGER-DECOMMIT 0x200bc8000 16 KB
  22.733 TIGER-DECOMMIT 0x200bcc000 16 KB
  22.733 TIGER-DECOMMIT 0x200bd0000 16 KB
  22.733 TIGER-DECOMMIT 0x200bd4000 16 KB
  22.734 TIGER-DECOMMIT 0x200bd8000 16 KB
  22.734 TIGER-DECOMMIT 0x200bdc000 16 KB
  22.734 TIGER-DECOMMIT 0x200be0000 16 KB
  22.734 TIGER-DECOMMIT 0x200be4000 16 KB
  22.734 TIGER-DECOMMIT 0x200be8000 16 KB
  22.734 TIGER-DECOMMIT 0x200bec000 16 KB
  22.734 TIGER-DECOMMIT 0x200bf0000 16 KB
  22.734 TIGER-DECOMMIT 0x200bf4000 16 KB
  22.734 TIGER-DECOMMIT 0x200bf8000 16 KB
  22.734 TIGER-DECOMMIT 0x200bfc000 16 KB
  22.735 TIGER-DECOMMIT 0x200c00000 16 KB
  22.735 TIGER-DECOMMIT 0x200c04000 16 KB
  22.735 TIGER-DECOMMIT 0x200c08000 16 KB
  22.735 TIGER-DECOMMIT 0x200c0c000 16 KB
  22.735 TIGER-DECOMMIT 0x200c10000 16 KB
  22.735 TIGER-DECOMMIT 0x200c14000 16 KB
  22.735 TIGER-DECOMMIT 0x200c18000 16 KB
  22.735 TIGER-DECOMMIT 0x200c1c000 16 KB
  22.735 TIGER-DECOMMIT 0x200c20000 16 KB
  22.735 TIGER-DECOMMIT 0x200c24000 16 KB
  22.736 TIGER-DECOMMIT 0x200c28000 16 KB
  22.736 TIGER-DECOMMIT 0x200c2c000 16 KB
  22.736 TIGER-DECOMMIT 0x200c30000 16 KB
  22.736 TIGER-DECOMMIT 0x200c34000 16 KB
  22.736 TIGER-DECOMMIT 0x200c38000 16 KB
  22.736 TIGER-DECOMMIT 0x200c3c000 16 KB
  22.736 TIGER-DECOMMIT 0x200c40000 16 KB
  22.736 TIGER-DECOMMIT 0x200c44000 16 KB
  22.736 TIGER-DECOMMIT 0x200c48000 16 KB
  22.736 TIGER-DECOMMIT 0x200c4c000 16 KB
  22.736 TIGER-DECOMMIT 0x200c50000 16 KB
  22.737 TIGER-DECOMMIT 0x200c54000 16 KB
  22.737 TIGER-DECOMMIT 0x200c58000 16 KB
  22.737 TIGER-DECOMMIT 0x200c5c000 16 KB
  22.737 TIGER-DECOMMIT 0x200c60000 16 KB
  22.737 TIGER-DECOMMIT 0x200c64000 16 KB
  22.737 TIGER-DECOMMIT 0x200c68000 16 KB
  22.737 TIGER-DECOMMIT 0x200c6c000 16 KB
  22.737 TIGER-DECOMMIT 0x200c70000 16 KB
  22.737 TIGER-DECOMMIT 0x200c74000 16 KB
  22.737 TIGER-DECOMMIT 0x200c78000 16 KB
  22.738 TIGER-DECOMMIT 0x200c7c000 16 KB
  22.738 TIGER-DECOMMIT 0x200c80000 16 KB
  22.738 TIGER-DECOMMIT 0x200c84000 16 KB
  22.738 TIGER-DECOMMIT 0x200c88000 16 KB
  22.738 TIGER-DECOMMIT 0x200c8c000 16 KB
  22.738 TIGER-DECOMMIT 0x200c90000 16 KB
  22.738 TIGER-DECOMMIT 0x200c94000 16 KB
  22.738 TIGER-DECOMMIT 0x200c98000 16 KB
  22.738 TIGER-DECOMMIT 0x200c9c000 16 KB
  22.738 TIGER-DECOMMIT 0x200ca0000 16 KB
  22.739 TIGER-DECOMMIT 0x200ca4000 16 KB
  22.739 TIGER-DECOMMIT 0x200ca8000 16 KB
  22.739 TIGER-DECOMMIT 0x200cac000 16 KB
  22.739 TIGER-DECOMMIT 0x200cb0000 16 KB
  22.739 TIGER-DECOMMIT 0x200cb4000 16 KB
  22.739 TIGER-DECOMMIT 0x200cb8000 16 KB
  22.739 TIGER-DECOMMIT 0x200cbc000 16 KB
  22.739 TIGER-DECOMMIT 0x200cc0000 16 KB
  22.739 TIGER-DECOMMIT 0x200cc4000 16 KB
  22.739 TIGER-DECOMMIT 0x200cc8000 16 KB
  22.740 TIGER-DECOMMIT 0x200ccc000 16 KB
  22.740 TIGER-DECOMMIT 0x200cd0000 16 KB
  22.840 TIGER-DECOMMIT 0x200cd4000 16 KB
  22.840 TIGER-DECOMMIT 0x200cd8000 16 KB
  22.840 TIGER-DECOMMIT 0x200cdc000 16 KB
  22.840 TIGER-DECOMMIT 0x200ce0000 16 KB
  22.840 TIGER-DECOMMIT 0x200ce4000 16 KB
  22.841 TIGER-DECOMMIT 0x200ce8000 16 KB
  22.841 TIGER-DECOMMIT 0x200cec000 16 KB
  22.841 TIGER-DECOMMIT 0x200cf0000 16 KB
  22.841 TIGER-DECOMMIT 0x200cf4000 16 KB
  22.841 TIGER-DECOMMIT 0x200cf8000 16 KB
  22.841 TIGER-DECOMMIT 0x200cfc000 16 KB
  22.841 TIGER-DECOMMIT 0x200d00000 16 KB
  22.841 TIGER-DECOMMIT 0x200d04000 16 KB
  22.841 TIGER-DECOMMIT 0x200d08000 16 KB
  22.841 TIGER-DECOMMIT 0x200d0c000 16 KB
  22.842 TIGER-DECOMMIT 0x200d10000 16 KB
  22.842 TIGER-DECOMMIT 0x200d14000 16 KB
  22.842 TIGER-DECOMMIT 0x200d18000 16 KB
  22.842 TIGER-DECOMMIT 0x200d1c000 16 KB
  22.842 TIGER-DECOMMIT 0x200d20000 16 KB
  22.842 TIGER-DECOMMIT 0x200d24000 16 KB
  22.842 TIGER-DECOMMIT 0x200d28000 16 KB
  22.842 TIGER-DECOMMIT 0x200d2c000 16 KB
  22.842 TIGER-DECOMMIT 0x200d30000 16 KB
  22.842 TIGER-DECOMMIT 0x200d34000 16 KB
  22.843 TIGER-DECOMMIT 0x200d38000 16 KB
  22.843 TIGER-DECOMMIT 0x200d3c000 16 KB
  22.843 TIGER-DECOMMIT 0x200d40000 16 KB
  22.843 TIGER-DECOMMIT 0x200d44000 16 KB
  22.843 TIGER-DECOMMIT 0x200d48000 16 KB
  22.843 TIGER-DECOMMIT 0x200d4c000 16 KB
  22.843 TIGER-DECOMMIT 0x200d50000 16 KB
  22.843 TIGER-DECOMMIT 0x200d54000 16 KB
  22.843 TIGER-DECOMMIT 0x200d58000 16 KB
  22.843 TIGER-DECOMMIT 0x200d5c000 16 KB
  22.843 TIGER-DECOMMIT 0x200d60000 16 KB
  22.844 TIGER-DECOMMIT 0x200d64000 16 KB
  22.844 TIGER-DECOMMIT 0x200d68000 16 KB
  22.844 TIGER-DECOMMIT 0x200d6c000 16 KB
  22.844 TIGER-DECOMMIT 0x200d70000 16 KB
  22.844 TIGER-DECOMMIT 0x200d74000 16 KB
  22.844 TIGER-DECOMMIT 0x200d78000 16 KB
  22.844 TIGER-DECOMMIT 0x200d7c000 16 KB
  22.844 TIGER-DECOMMIT 0x200d80000 16 KB
  22.844 TIGER-DECOMMIT 0x200d84000 16 KB
  22.844 TIGER-DECOMMIT 0x200d88000 16 KB
  22.845 TIGER-DECOMMIT 0x200d8c000 16 KB
  22.845 TIGER-DECOMMIT 0x200d90000 16 KB
  22.845 TIGER-DECOMMIT 0x200d94000 16 KB
  22.845 TIGER-DECOMMIT 0x200d98000 16 KB
  22.845 TIGER-DECOMMIT 0x200d9c000 16 KB
  22.845 TIGER-DECOMMIT 0x200da0000 16 KB
  22.845 TIGER-DECOMMIT 0x200da4000 16 KB
  22.845 TIGER-DECOMMIT 0x200da8000 16 KB
  22.845 TIGER-DECOMMIT 0x200dac000 16 KB
  22.845 TIGER-DECOMMIT 0x200db0000 16 KB
  22.846 TIGER-DECOMMIT 0x200db4000 16 KB
  22.846 TIGER-DECOMMIT 0x200db8000 16 KB
  22.846 TIGER-DECOMMIT 0x200dbc000 16 KB
  22.846 TIGER-DECOMMIT 0x200dc0000 16 KB
  22.846 TIGER-DECOMMIT 0x200dc4000 16 KB
  22.846 TIGER-DECOMMIT 0x200dc8000 16 KB
  22.846 TIGER-DECOMMIT 0x200dcc000 16 KB
  22.846 TIGER-DECOMMIT 0x200dd0000 16 KB
  22.846 TIGER-DECOMMIT 0x200dd4000 16 KB
  22.847 TIGER-DECOMMIT 0x200dd8000 16 KB
  22.847 TIGER-DECOMMIT 0x200ddc000 16 KB
  22.847 TIGER-DECOMMIT 0x200de0000 16 KB
  22.847 TIGER-DECOMMIT 0x200de4000 16 KB
  22.847 TIGER-DECOMMIT 0x200de8000 16 KB
  22.847 TIGER-DECOMMIT 0x200dec000 16 KB
  22.847 TIGER-DECOMMIT 0x200df0000 16 KB
  22.847 TIGER-DECOMMIT 0x200df4000 16 KB
  22.847 TIGER-DECOMMIT 0x200df8000 16 KB
  22.847 TIGER-DECOMMIT 0x200dfc000 16 KB
  22.847 TIGER-DECOMMIT 0x200e00000 16 KB
  22.848 TIGER-DECOMMIT 0x200e04000 16 KB
  22.848 TIGER-DECOMMIT 0x200e08000 16 KB
  22.848 TIGER-DECOMMIT 0x200e0c000 16 KB
  22.848 TIGER-DECOMMIT 0x200e10000 16 KB
  22.848 TIGER-DECOMMIT 0x200e14000 16 KB
  22.848 TIGER-DECOMMIT 0x200e18000 16 KB
  22.848 TIGER-DECOMMIT 0x200e1c000 16 KB
  22.848 TIGER-DECOMMIT 0x200e20000 16 KB
  22.848 TIGER-DECOMMIT 0x200e24000 16 KB
  22.848 TIGER-DECOMMIT 0x200e28000 16 KB
  22.848 TIGER-DECOMMIT 0x200e2c000 16 KB
  22.849 TIGER-DECOMMIT 0x200e30000 16 KB
  22.849 TIGER-DECOMMIT 0x200e34000 16 KB
  22.849 TIGER-DECOMMIT 0x200e38000 16 KB
  22.849 TIGER-DECOMMIT 0x200e3c000 16 KB
  22.849 TIGER-DECOMMIT 0x200e40000 16 KB
  22.849 TIGER-DECOMMIT 0x200e44000 16 KB
  22.849 TIGER-DECOMMIT 0x200e48000 16 KB
  22.849 TIGER-DECOMMIT 0x200e4c000 16 KB
  22.849 TIGER-DECOMMIT 0x200e50000 16 KB
  22.849 TIGER-DECOMMIT 0x200e54000 16 KB
  22.850 TIGER-DECOMMIT 0x200e58000 16 KB
  22.850 TIGER-DECOMMIT 0x200e5c000 16 KB
  22.850 TIGER-DECOMMIT 0x200e60000 16 KB
  22.950 TIGER-DECOMMIT 0x200e64000 16 KB
  22.950 TIGER-DECOMMIT 0x200e68000 16 KB
  22.950 TIGER-DECOMMIT 0x200e6c000 16 KB
  22.951 TIGER-DECOMMIT 0x200e70000 16 KB
  22.951 TIGER-DECOMMIT 0x200e74000 16 KB
  22.951 TIGER-DECOMMIT 0x200e78000 16 KB
  22.951 TIGER-DECOMMIT 0x200e7c000 16 KB
  22.951 TIGER-DECOMMIT 0x200e80000 16 KB
  22.951 TIGER-DECOMMIT 0x200e84000 16 KB
  22.951 TIGER-DECOMMIT 0x200e88000 16 KB
  22.951 TIGER-DECOMMIT 0x200e8c000 16 KB
  22.951 TIGER-DECOMMIT 0x200e90000 16 KB
  22.952 TIGER-DECOMMIT 0x200e94000 16 KB
  22.952 TIGER-DECOMMIT 0x200e98000 16 KB
  22.952 TIGER-DECOMMIT 0x200e9c000 16 KB
  22.952 TIGER-DECOMMIT 0x200ea0000 16 KB
  22.952 TIGER-DECOMMIT 0x200ea4000 16 KB
  22.952 TIGER-DECOMMIT 0x200ea8000 16 KB
  22.952 TIGER-DECOMMIT 0x200eac000 16 KB
  22.952 TIGER-DECOMMIT 0x200eb0000 16 KB
  22.952 TIGER-DECOMMIT 0x200eb4000 16 KB
  22.952 TIGER-DECOMMIT 0x200eb8000 16 KB
  22.953 TIGER-DECOMMIT 0x200ebc000 16 KB
  22.953 TIGER-DECOMMIT 0x200ec0000 16 KB
  22.953 TIGER-DECOMMIT 0x200ec4000 16 KB
  22.953 TIGER-DECOMMIT 0x200ec8000 16 KB
  22.953 TIGER-DECOMMIT 0x200ecc000 16 KB
  22.953 TIGER-DECOMMIT 0x200ed0000 16 KB
  22.953 TIGER-DECOMMIT 0x200ed4000 16 KB
  22.953 TIGER-DECOMMIT 0x200ed8000 16 KB
  22.953 TIGER-DECOMMIT 0x200edc000 16 KB
  22.953 TIGER-DECOMMIT 0x200ee0000 16 KB
  22.953 TIGER-DECOMMIT 0x200ee4000 16 KB
  22.954 TIGER-DECOMMIT 0x200ee8000 16 KB
  22.954 TIGER-DECOMMIT 0x200eec000 16 KB
  22.954 TIGER-DECOMMIT 0x200ef0000 16 KB
  22.954 TIGER-DECOMMIT 0x200ef4000 16 KB
  22.954 TIGER-DECOMMIT 0x200ef8000 16 KB
  22.954 TIGER-DECOMMIT 0x200efc000 16 KB
  22.954 TIGER-DECOMMIT 0x200f00000 16 KB
  22.954 TIGER-DECOMMIT 0x200f04000 16 KB
  22.954 TIGER-DECOMMIT 0x200f08000 16 KB
  22.954 TIGER-DECOMMIT 0x200f0c000 16 KB
  22.955 TIGER-DECOMMIT 0x200f10000 16 KB
  22.955 TIGER-DECOMMIT 0x200f14000 16 KB
  22.955 TIGER-DECOMMIT 0x200f18000 16 KB
  22.955 TIGER-DECOMMIT 0x200f1c000 16 KB
  22.955 TIGER-DECOMMIT 0x200f20000 16 KB
  22.955 TIGER-DECOMMIT 0x200f24000 16 KB
  22.955 TIGER-DECOMMIT 0x200f28000 16 KB
  22.955 TIGER-DECOMMIT 0x200f2c000 16 KB
  22.955 TIGER-DECOMMIT 0x200f30000 16 KB
  22.955 TIGER-DECOMMIT 0x200f34000 16 KB
  22.956 TIGER-DECOMMIT 0x200f38000 16 KB
  22.956 TIGER-DECOMMIT 0x200f3c000 16 KB
  22.956 TIGER-DECOMMIT 0x200f40000 16 KB
  22.956 TIGER-DECOMMIT 0x200f44000 16 KB
  22.956 TIGER-DECOMMIT 0x200f48000 16 KB
  22.956 TIGER-DECOMMIT 0x200f4c000 16 KB
  22.956 TIGER-DECOMMIT 0x200f50000 16 KB
  22.956 TIGER-DECOMMIT 0x200f54000 16 KB
  22.956 TIGER-DECOMMIT 0x200f58000 16 KB
  22.956 TIGER-DECOMMIT 0x200f5c000 16 KB
  22.956 TIGER-DECOMMIT 0x200f60000 16 KB
  22.957 TIGER-DECOMMIT 0x200f64000 16 KB
  22.957 TIGER-DECOMMIT 0x200f68000 16 KB
  22.957 TIGER-DECOMMIT 0x200f6c000 16 KB
  22.957 TIGER-DECOMMIT 0x200f70000 16 KB
  22.957 TIGER-DECOMMIT 0x200f74000 16 KB
  22.957 TIGER-DECOMMIT 0x200f78000 16 KB
  22.957 TIGER-DECOMMIT 0x200f7c000 16 KB
  22.957 TIGER-DECOMMIT 0x200f80000 16 KB
  22.957 TIGER-DECOMMIT 0x200f84000 16 KB
  22.957 TIGER-DECOMMIT 0x200f88000 16 KB
  22.958 TIGER-DECOMMIT 0x200f8c000 16 KB
  22.958 TIGER-DECOMMIT 0x200f90000 16 KB
  22.958 TIGER-DECOMMIT 0x200f94000 16 KB
  22.958 TIGER-DECOMMIT 0x200f98000 16 KB
  22.958 TIGER-DECOMMIT 0x200f9c000 16 KB
  22.958 TIGER-DECOMMIT 0x200fa0000 16 KB
  22.958 TIGER-DECOMMIT 0x200fa4000 16 KB
  22.958 TIGER-DECOMMIT 0x200fa8000 16 KB
  22.958 TIGER-DECOMMIT 0x200fac000 16 KB
  22.958 TIGER-DECOMMIT 0x200fb0000 16 KB
  22.959 TIGER-DECOMMIT 0x200fb4000 16 KB
  22.959 TIGER-DECOMMIT 0x200fb8000 16 KB
  22.959 TIGER-DECOMMIT 0x200fbc000 16 KB
  22.959 TIGER-DECOMMIT 0x200fc0000 16 KB
  22.959 TIGER-DECOMMIT 0x200fc4000 16 KB
  22.959 TIGER-DECOMMIT 0x200fc8000 16 KB
  22.959 TIGER-DECOMMIT 0x200fcc000 16 KB
  22.959 TIGER-DECOMMIT 0x200fd0000 16 KB
  22.959 TIGER-DECOMMIT 0x200fd4000 16 KB
  22.959 TIGER-DECOMMIT 0x200fd8000 16 KB
  22.960 TIGER-DECOMMIT 0x200fdc000 16 KB
  22.960 TIGER-DECOMMIT 0x200fe0000 16 KB
  22.960 TIGER-DECOMMIT 0x200fe4000 16 KB
  22.960 TIGER-DECOMMIT 0x200fe8000 16 KB
  22.960 TIGER-DECOMMIT 0x200fec000 16 KB
  22.960 TIGER-DECOMMIT 0x200ff0000 16 KB
  23.060 TIGER-DECOMMIT 0x200ff4000 16 KB
  23.061 TIGER-DECOMMIT 0x200ff8000 16 KB
  23.061 TIGER-DECOMMIT 0x200ffc000 16 KB
  23.061 TIGER-DECOMMIT 0x201000000 16 KB
  23.061 TIGER-DECOMMIT 0x201004000 16 KB
  23.061 TIGER-DECOMMIT 0x201008000 16 KB
  23.061 TIGER-DECOMMIT 0x20100c000 16 KB
  23.061 TIGER-DECOMMIT 0x201010000 16 KB
  23.061 TIGER-DECOMMIT 0x201014000 16 KB
  23.061 TIGER-DECOMMIT 0x201018000 16 KB
  23.062 TIGER-DECOMMIT 0x20101c000 16 KB
  23.062 TIGER-DECOMMIT 0x201020000 16 KB
  23.062 TIGER-DECOMMIT 0x201024000 16 KB
  23.062 TIGER-DECOMMIT 0x201028000 16 KB
  23.062 TIGER-DECOMMIT 0x20102c000 16 KB
  23.062 TIGER-DECOMMIT 0x201030000 16 KB
  23.062 TIGER-DECOMMIT 0x201034000 16 KB
  23.062 TIGER-DECOMMIT 0x201038000 16 KB
  23.062 TIGER-DECOMMIT 0x20103c000 16 KB
  23.062 TIGER-DECOMMIT 0x201040000 16 KB
  23.063 TIGER-DECOMMIT 0x201044000 16 KB
  23.063 TIGER-DECOMMIT 0x201048000 16 KB
  23.063 TIGER-DECOMMIT 0x20104c000 16 KB
  23.063 TIGER-DECOMMIT 0x201050000 16 KB
  23.063 TIGER-DECOMMIT 0x201054000 16 KB
  23.063 TIGER-DECOMMIT 0x201058000 16 KB
  23.063 TIGER-DECOMMIT 0x20105c000 16 KB
  23.063 TIGER-DECOMMIT 0x201060000 16 KB
  23.063 TIGER-DECOMMIT 0x201064000 16 KB
  23.063 TIGER-DECOMMIT 0x201068000 16 KB
  23.064 TIGER-DECOMMIT 0x20106c000 16 KB
  23.064 TIGER-DECOMMIT 0x201070000 16 KB
  23.064 TIGER-DECOMMIT 0x201074000 16 KB
  23.064 TIGER-DECOMMIT 0x201078000 16 KB
  23.064 TIGER-DECOMMIT 0x20107c000 16 KB
  23.064 TIGER-DECOMMIT 0x201080000 16 KB
  23.064 TIGER-DECOMMIT 0x201084000 16 KB
  23.064 TIGER-DECOMMIT 0x201088000 16 KB
  23.064 TIGER-DECOMMIT 0x20108c000 16 KB
  23.064 TIGER-DECOMMIT 0x201090000 16 KB
  23.065 TIGER-DECOMMIT 0x201094000 16 KB
  23.065 TIGER-DECOMMIT 0x201098000 16 KB
  23.065 TIGER-DECOMMIT 0x20109c000 16 KB
  23.065 TIGER-DECOMMIT 0x2010a0000 16 KB
  23.065 TIGER-DECOMMIT 0x2010a4000 16 KB
  23.065 TIGER-DECOMMIT 0x2010a8000 16 KB
  23.065 TIGER-DECOMMIT 0x2010ac000 16 KB
  23.065 TIGER-DECOMMIT 0x2010b0000 16 KB
  23.065 TIGER-DECOMMIT 0x2010b4000 16 KB
  23.065 TIGER-DECOMMIT 0x2010b8000 16 KB
  23.066 TIGER-DECOMMIT 0x2010bc000 16 KB
  23.066 TIGER-DECOMMIT 0x2010c0000 16 KB
  23.066 TIGER-DECOMMIT 0x2010c4000 16 KB
  23.066 TIGER-DECOMMIT 0x2010c8000 16 KB
  23.066 TIGER-DECOMMIT 0x2010cc000 16 KB
  23.066 TIGER-DECOMMIT 0x2010d0000 16 KB
  23.066 TIGER-DECOMMIT 0x2010d4000 16 KB
  23.066 TIGER-DECOMMIT 0x2010d8000 16 KB
  23.066 TIGER-DECOMMIT 0x2010dc000 16 KB
  23.066 TIGER-DECOMMIT 0x2010e0000 16 KB
  23.067 TIGER-DECOMMIT 0x2010e4000 16 KB
  23.067 TIGER-DECOMMIT 0x2010e8000 16 KB
  23.067 TIGER-DECOMMIT 0x2010ec000 16 KB
  23.067 TIGER-DECOMMIT 0x2010f0000 16 KB
  23.067 TIGER-DECOMMIT 0x2010f4000 16 KB
  23.067 TIGER-DECOMMIT 0x2010f8000 16 KB
  23.067 TIGER-DECOMMIT 0x2010fc000 16 KB
  23.067 TIGER-DECOMMIT 0x201100000 16 KB
  23.067 TIGER-DECOMMIT 0x201104000 16 KB
  23.067 TIGER-DECOMMIT 0x201108000 16 KB
  23.067 TIGER-DECOMMIT 0x20110c000 16 KB
  23.068 TIGER-DECOMMIT 0x201110000 16 KB
  23.068 TIGER-DECOMMIT 0x201114000 16 KB
  23.068 TIGER-DECOMMIT 0x201118000 16 KB
  23.068 TIGER-DECOMMIT 0x20111c000 16 KB
  23.068 TIGER-DECOMMIT 0x201120000 16 KB
  23.068 TIGER-DECOMMIT 0x201124000 16 KB
  23.068 TIGER-DECOMMIT 0x201128000 16 KB
  23.068 TIGER-DECOMMIT 0x20112c000 16 KB
  23.068 TIGER-DECOMMIT 0x201130000 16 KB
  23.069 TIGER-DECOMMIT 0x201134000 16 KB
  23.069 TIGER-DECOMMIT 0x201138000 16 KB
  23.069 TIGER-DECOMMIT 0x20113c000 16 KB
  23.069 TIGER-DECOMMIT 0x201140000 16 KB
  23.069 TIGER-DECOMMIT 0x201144000 16 KB
  23.069 TIGER-DECOMMIT 0x201148000 16 KB
  23.069 TIGER-DECOMMIT 0x20114c000 16 KB
  23.069 TIGER-DECOMMIT 0x201150000 16 KB
  23.069 TIGER-DECOMMIT 0x201154000 16 KB
  23.069 TIGER-DECOMMIT 0x201158000 16 KB
  23.070 TIGER-DECOMMIT 0x20115c000 16 KB
  23.070 TIGER-DECOMMIT 0x201160000 16 KB
  23.070 TIGER-DECOMMIT 0x201164000 16 KB
  23.070 TIGER-DECOMMIT 0x201168000 16 KB
  23.070 TIGER-DECOMMIT 0x20116c000 16 KB
  23.070 TIGER-DECOMMIT 0x201170000 16 KB
  23.070 TIGER-DECOMMIT 0x201174000 16 KB
  23.070 TIGER-DECOMMIT 0x201178000 16 KB
  23.171 TIGER-DECOMMIT 0x20117c000 16 KB
  23.171 TIGER-DECOMMIT 0x201180000 16 KB
  23.171 TIGER-DECOMMIT 0x201184000 16 KB
  23.171 TIGER-DECOMMIT 0x201188000 16 KB
  23.171 TIGER-DECOMMIT 0x20118c000 16 KB
  23.171 TIGER-DECOMMIT 0x201190000 16 KB
  23.171 TIGER-DECOMMIT 0x201194000 16 KB
  23.172 TIGER-DECOMMIT 0x201198000 16 KB
  23.172 TIGER-DECOMMIT 0x20119c000 16 KB
  23.172 TIGER-DECOMMIT 0x2011a0000 16 KB
  23.172 TIGER-DECOMMIT 0x2011a4000 16 KB
  23.172 TIGER-DECOMMIT 0x2011a8000 16 KB
  23.172 TIGER-DECOMMIT 0x2011ac000 16 KB
  23.172 TIGER-DECOMMIT 0x2011b0000 16 KB
  23.172 TIGER-DECOMMIT 0x2011b4000 16 KB
  23.172 TIGER-DECOMMIT 0x2011b8000 16 KB
  23.172 TIGER-DECOMMIT 0x2011bc000 16 KB
  23.172 TIGER-DECOMMIT 0x2011c0000 16 KB
  23.173 TIGER-DECOMMIT 0x2011c4000 16 KB
  23.173 TIGER-DECOMMIT 0x2011c8000 16 KB
  23.173 TIGER-DECOMMIT 0x2011cc000 16 KB
  23.173 TIGER-DECOMMIT 0x2011d0000 16 KB
  23.173 TIGER-DECOMMIT 0x2011d4000 16 KB
  23.173 TIGER-DECOMMIT 0x2011d8000 16 KB
  23.173 TIGER-DECOMMIT 0x2011dc000 16 KB
  23.173 TIGER-DECOMMIT 0x2011e0000 16 KB
  23.173 TIGER-DECOMMIT 0x2011e4000 16 KB
  23.173 TIGER-DECOMMIT 0x2011e8000 16 KB
  23.174 TIGER-DECOMMIT 0x2011ec000 16 KB
  23.174 TIGER-DECOMMIT 0x2011f0000 16 KB
  23.174 TIGER-DECOMMIT 0x2011f4000 16 KB
  23.174 TIGER-DECOMMIT 0x2011f8000 16 KB
  23.174 TIGER-DECOMMIT 0x2011fc000 16 KB
  23.174 TIGER-DECOMMIT 0x201200000 16 KB
  23.174 TIGER-DECOMMIT 0x201204000 16 KB
  23.174 TIGER-DECOMMIT 0x201208000 16 KB
  23.174 TIGER-DECOMMIT 0x20120c000 16 KB
  23.174 TIGER-DECOMMIT 0x201210000 16 KB
  23.175 TIGER-DECOMMIT 0x201214000 16 KB
  23.175 TIGER-DECOMMIT 0x201218000 16 KB
  23.175 TIGER-DECOMMIT 0x20121c000 16 KB
  23.175 TIGER-DECOMMIT 0x201220000 16 KB
  23.175 TIGER-DECOMMIT 0x201224000 16 KB
  23.175 TIGER-DECOMMIT 0x201228000 16 KB
  23.175 TIGER-DECOMMIT 0x20122c000 16 KB
  23.175 TIGER-DECOMMIT 0x201230000 16 KB
  23.175 TIGER-DECOMMIT 0x201234000 16 KB
  23.175 TIGER-DECOMMIT 0x201238000 16 KB
  23.176 TIGER-DECOMMIT 0x20123c000 16 KB
  23.176 TIGER-DECOMMIT 0x201240000 16 KB
  23.176 TIGER-DECOMMIT 0x201244000 16 KB
  23.176 TIGER-DECOMMIT 0x201248000 16 KB
  23.176 TIGER-DECOMMIT 0x20124c000 16 KB
  23.176 TIGER-DECOMMIT 0x201250000 16 KB
  23.176 TIGER-DECOMMIT 0x201254000 16 KB
  23.176 TIGER-DECOMMIT 0x201258000 16 KB
  23.176 TIGER-DECOMMIT 0x20125c000 16 KB
  23.177 TIGER-DECOMMIT 0x201260000 16 KB
  23.177 TIGER-DECOMMIT 0x201264000 16 KB
  23.177 TIGER-DECOMMIT 0x201268000 16 KB
  23.177 TIGER-DECOMMIT 0x20126c000 16 KB
  23.177 TIGER-DECOMMIT 0x201270000 16 KB
  23.177 TIGER-DECOMMIT 0x201274000 16 KB
  23.177 TIGER-DECOMMIT 0x201278000 16 KB
  23.177 TIGER-DECOMMIT 0x20127c000 16 KB
  23.177 TIGER-DECOMMIT 0x201280000 16 KB
  23.177 TIGER-DECOMMIT 0x201284000 16 KB
  23.178 TIGER-DECOMMIT 0x201288000 16 KB
  23.178 TIGER-DECOMMIT 0x20128c000 16 KB
  23.178 TIGER-DECOMMIT 0x201290000 16 KB
  23.178 TIGER-DECOMMIT 0x201294000 16 KB
  23.178 TIGER-DECOMMIT 0x201298000 16 KB
  23.178 TIGER-DECOMMIT 0x20129c000 16 KB
  23.178 TIGER-DECOMMIT 0x2012a0000 16 KB
  23.178 TIGER-DECOMMIT 0x2012a4000 16 KB
  23.178 TIGER-DECOMMIT 0x2012a8000 16 KB
  23.178 TIGER-DECOMMIT 0x2012ac000 16 KB
  23.179 TIGER-DECOMMIT 0x2012b0000 16 KB
  23.179 TIGER-DECOMMIT 0x2012b4000 16 KB
  23.179 TIGER-DECOMMIT 0x2012b8000 16 KB
  23.179 TIGER-DECOMMIT 0x2012bc000 16 KB
  23.179 TIGER-DECOMMIT 0x2012c0000 16 KB
  23.179 TIGER-DECOMMIT 0x2012c4000 16 KB
  23.179 TIGER-DECOMMIT 0x2012c8000 16 KB
  23.179 TIGER-DECOMMIT 0x2012cc000 16 KB
  23.179 TIGER-DECOMMIT 0x2012d0000 16 KB
  23.179 TIGER-DECOMMIT 0x2012d4000 16 KB
  23.180 TIGER-DECOMMIT 0x2012d8000 16 KB
  23.180 TIGER-DECOMMIT 0x2012dc000 16 KB
  23.180 TIGER-DECOMMIT 0x2012e0000 16 KB
  23.180 TIGER-DECOMMIT 0x2012e4000 16 KB
  23.180 TIGER-DECOMMIT 0x2012e8000 16 KB
  23.180 TIGER-DECOMMIT 0x2012ec000 16 KB
  23.180 TIGER-DECOMMIT 0x2012f0000 16 KB
  23.180 TIGER-DECOMMIT 0x2012f4000 16 KB
  23.180 TIGER-DECOMMIT 0x2012f8000 16 KB
  23.180 TIGER-DECOMMIT 0x2012fc000 16 KB
  23.281 TIGER-DECOMMIT 0x201300000 16 KB
  23.281 TIGER-DECOMMIT 0x201304000 16 KB
  23.281 TIGER-DECOMMIT 0x201308000 16 KB
  23.281 TIGER-DECOMMIT 0x20130c000 16 KB
  23.281 TIGER-DECOMMIT 0x201310000 16 KB
  23.281 TIGER-DECOMMIT 0x201314000 16 KB
  23.282 TIGER-DECOMMIT 0x201318000 16 KB
  23.282 TIGER-DECOMMIT 0x20131c000 16 KB
  23.282 TIGER-DECOMMIT 0x201320000 16 KB
  23.282 TIGER-DECOMMIT 0x201324000 16 KB
  23.282 TIGER-DECOMMIT 0x201328000 16 KB
  23.282 TIGER-DECOMMIT 0x20132c000 16 KB
  23.282 TIGER-DECOMMIT 0x201330000 16 KB
  23.282 TIGER-DECOMMIT 0x201334000 16 KB
  23.282 TIGER-DECOMMIT 0x201338000 16 KB
  23.283 TIGER-DECOMMIT 0x20133c000 16 KB
  23.283 TIGER-DECOMMIT 0x201340000 16 KB
  23.283 TIGER-DECOMMIT 0x201344000 16 KB
  23.283 TIGER-DECOMMIT 0x201348000 16 KB
  23.283 TIGER-DECOMMIT 0x20134c000 16 KB
  23.283 TIGER-DECOMMIT 0x201350000 16 KB
  23.283 TIGER-DECOMMIT 0x201354000 16 KB
  23.283 TIGER-DECOMMIT 0x201358000 16 KB
  23.283 TIGER-DECOMMIT 0x20135c000 16 KB
  23.283 TIGER-DECOMMIT 0x201360000 16 KB
  23.284 TIGER-DECOMMIT 0x201364000 16 KB
  23.284 TIGER-DECOMMIT 0x201368000 16 KB
  23.284 TIGER-DECOMMIT 0x20136c000 16 KB
  23.284 TIGER-DECOMMIT 0x201370000 16 KB
  23.284 TIGER-DECOMMIT 0x201374000 16 KB
  23.284 TIGER-DECOMMIT 0x201378000 16 KB
  23.284 TIGER-DECOMMIT 0x20137c000 16 KB
  23.284 TIGER-DECOMMIT 0x201380000 16 KB
  23.284 TIGER-DECOMMIT 0x201384000 16 KB
  23.284 TIGER-DECOMMIT 0x201388000 16 KB
  23.285 TIGER-DECOMMIT 0x20138c000 16 KB
  23.285 TIGER-DECOMMIT 0x201390000 16 KB
  23.285 TIGER-DECOMMIT 0x201394000 16 KB
  23.285 TIGER-DECOMMIT 0x201398000 16 KB
  23.285 TIGER-DECOMMIT 0x20139c000 16 KB
  23.285 TIGER-DECOMMIT 0x2013a0000 16 KB
  23.285 TIGER-DECOMMIT 0x2013a4000 16 KB
  23.285 TIGER-DECOMMIT 0x2013a8000 16 KB
  23.285 TIGER-DECOMMIT 0x2013ac000 16 KB
  23.286 TIGER-DECOMMIT 0x2013b0000 16 KB
  23.286 TIGER-DECOMMIT 0x2013b4000 16 KB
  23.286 TIGER-DECOMMIT 0x2013b8000 16 KB
  23.286 TIGER-DECOMMIT 0x2013bc000 16 KB
  23.286 TIGER-DECOMMIT 0x2013c0000 16 KB
  23.286 TIGER-DECOMMIT 0x2013c4000 16 KB
  23.286 TIGER-DECOMMIT 0x2013c8000 16 KB
  23.286 TIGER-DECOMMIT 0x2013cc000 16 KB
  23.286 TIGER-DECOMMIT 0x2013d0000 16 KB
  23.287 TIGER-DECOMMIT 0x2013d4000 16 KB
  23.287 TIGER-DECOMMIT 0x2013d8000 16 KB
  23.287 TIGER-DECOMMIT 0x2013dc000 16 KB
  23.287 TIGER-DECOMMIT 0x2013e0000 16 KB
  23.287 TIGER-DECOMMIT 0x2013e4000 16 KB
  23.287 TIGER-DECOMMIT 0x2013e8000 16 KB
  23.287 TIGER-DECOMMIT 0x2013ec000 16 KB
  23.287 TIGER-DECOMMIT 0x2013f0000 16 KB
  23.287 TIGER-DECOMMIT 0x2013f4000 16 KB
  23.288 TIGER-DECOMMIT 0x2013f8000 16 KB
  23.288 TIGER-DECOMMIT 0x2013fc000 16 KB
  23.288 TIGER-DECOMMIT 0x201400000 16 KB
  23.288 TIGER-DECOMMIT 0x201404000 16 KB
  23.288 TIGER-DECOMMIT 0x201408000 16 KB
  23.288 TIGER-DECOMMIT 0x20140c000 16 KB
  23.288 TIGER-DECOMMIT 0x201410000 16 KB
  23.288 TIGER-DECOMMIT 0x201414000 16 KB
  23.288 TIGER-DECOMMIT 0x201418000 16 KB
  23.288 TIGER-DECOMMIT 0x20141c000 16 KB
  23.289 TIGER-DECOMMIT 0x201420000 16 KB
  23.289 TIGER-DECOMMIT 0x201424000 16 KB
  23.289 TIGER-DECOMMIT 0x201428000 16 KB
  23.289 TIGER-DECOMMIT 0x20142c000 16 KB
  23.289 TIGER-DECOMMIT 0x201430000 16 KB
  23.289 TIGER-DECOMMIT 0x201434000 16 KB
  23.289 TIGER-DECOMMIT 0x201438000 16 KB
  23.289 TIGER-DECOMMIT 0x20143c000 16 KB
  23.289 TIGER-DECOMMIT 0x201440000 16 KB
  23.289 TIGER-DECOMMIT 0x201444000 16 KB
  23.290 TIGER-DECOMMIT 0x201448000 16 KB
  23.290 TIGER-DECOMMIT 0x20144c000 16 KB
  23.290 TIGER-DECOMMIT 0x201450000 16 KB
  23.290 TIGER-DECOMMIT 0x201454000 16 KB
  23.290 TIGER-DECOMMIT 0x201458000 16 KB
  23.290 TIGER-DECOMMIT 0x20145c000 16 KB
  23.290 TIGER-DECOMMIT 0x201460000 16 KB
  23.290 TIGER-DECOMMIT 0x201464000 16 KB
  23.290 TIGER-DECOMMIT 0x201468000 16 KB
  23.290 TIGER-DECOMMIT 0x20146c000 16 KB
  23.291 TIGER-DECOMMIT 0x201470000 16 KB
  23.291 TIGER-DECOMMIT 0x201474000 16 KB
  23.291 TIGER-DECOMMIT 0x201478000 16 KB
  23.391 TIGER-DECOMMIT 0x20147c000 16 KB
  23.391 TIGER-DECOMMIT 0x201480000 16 KB
  23.391 TIGER-DECOMMIT 0x201484000 16 KB
  23.391 TIGER-DECOMMIT 0x201488000 16 KB
  23.392 TIGER-DECOMMIT 0x20148c000 16 KB
  23.392 TIGER-DECOMMIT 0x201490000 16 KB
  23.392 TIGER-DECOMMIT 0x201494000 16 KB
  23.392 TIGER-DECOMMIT 0x201498000 16 KB
  23.392 TIGER-DECOMMIT 0x20149c000 16 KB
  23.392 TIGER-DECOMMIT 0x2014a0000 16 KB
  23.392 TIGER-DECOMMIT 0x2014a4000 16 KB
  23.392 TIGER-DECOMMIT 0x2014a8000 16 KB
  23.392 TIGER-DECOMMIT 0x2014ac000 16 KB
  23.393 TIGER-DECOMMIT 0x2014b0000 16 KB
  23.393 TIGER-DECOMMIT 0x2014b4000 16 KB
  23.393 TIGER-DECOMMIT 0x2014b8000 16 KB
  23.393 TIGER-DECOMMIT 0x2014bc000 16 KB
  23.393 TIGER-DECOMMIT 0x2014c0000 16 KB
  23.393 TIGER-DECOMMIT 0x2014c4000 16 KB
  23.393 TIGER-DECOMMIT 0x2014c8000 16 KB
  23.393 TIGER-DECOMMIT 0x2014cc000 16 KB
  23.393 TIGER-DECOMMIT 0x2014d0000 16 KB
  23.393 TIGER-DECOMMIT 0x2014d4000 16 KB
  23.394 TIGER-DECOMMIT 0x2014d8000 16 KB
  23.394 TIGER-DECOMMIT 0x2014dc000 16 KB
  23.394 TIGER-DECOMMIT 0x2014e0000 16 KB
  23.394 TIGER-DECOMMIT 0x2014e4000 16 KB
  23.394 TIGER-DECOMMIT 0x2014e8000 16 KB
  23.394 TIGER-DECOMMIT 0x2014ec000 16 KB
  23.394 TIGER-DECOMMIT 0x2014f0000 16 KB
  23.394 TIGER-DECOMMIT 0x2014f4000 16 KB
  23.394 TIGER-DECOMMIT 0x2014f8000 16 KB
  23.394 TIGER-DECOMMIT 0x2014fc000 16 KB
  23.395 TIGER-DECOMMIT 0x201500000 16 KB
  23.395 TIGER-DECOMMIT 0x201504000 16 KB
  23.395 TIGER-DECOMMIT 0x201508000 16 KB
  23.395 TIGER-DECOMMIT 0x20150c000 16 KB
  23.395 TIGER-DECOMMIT 0x201510000 16 KB
  23.395 TIGER-DECOMMIT 0x201514000 16 KB
  23.395 TIGER-DECOMMIT 0x201518000 16 KB
  23.395 TIGER-DECOMMIT 0x20151c000 16 KB
  23.395 TIGER-DECOMMIT 0x201520000 16 KB
  23.395 TIGER-DECOMMIT 0x201524000 16 KB
  23.396 TIGER-DECOMMIT 0x201528000 16 KB
  23.396 TIGER-DECOMMIT 0x20152c000 16 KB
  23.396 TIGER-DECOMMIT 0x201530000 16 KB
  23.396 TIGER-DECOMMIT 0x201534000 16 KB
  23.396 TIGER-DECOMMIT 0x201538000 16 KB
  23.396 TIGER-DECOMMIT 0x20153c000 16 KB
  23.396 TIGER-DECOMMIT 0x201540000 16 KB
  23.396 TIGER-DECOMMIT 0x201544000 16 KB
  23.396 TIGER-DECOMMIT 0x201548000 16 KB
  23.396 TIGER-DECOMMIT 0x20154c000 16 KB
  23.397 TIGER-DECOMMIT 0x201550000 16 KB
  23.397 TIGER-DECOMMIT 0x201554000 16 KB
  23.397 TIGER-DECOMMIT 0x201558000 16 KB
  23.397 TIGER-DECOMMIT 0x20155c000 16 KB
  23.397 TIGER-DECOMMIT 0x201560000 16 KB
  23.397 TIGER-DECOMMIT 0x201564000 16 KB
  23.397 TIGER-DECOMMIT 0x201568000 16 KB
  23.397 TIGER-DECOMMIT 0x20156c000 16 KB
  23.397 TIGER-DECOMMIT 0x201570000 16 KB
  23.397 TIGER-DECOMMIT 0x201574000 16 KB
  23.398 TIGER-DECOMMIT 0x201578000 16 KB
  23.398 TIGER-DECOMMIT 0x20157c000 16 KB
  23.398 TIGER-DECOMMIT 0x201580000 16 KB
  23.398 TIGER-DECOMMIT 0x201584000 16 KB
  23.398 TIGER-DECOMMIT 0x201588000 16 KB
  23.398 TIGER-DECOMMIT 0x20158c000 16 KB
  23.398 TIGER-DECOMMIT 0x201590000 16 KB
  23.398 TIGER-DECOMMIT 0x201594000 16 KB
  23.398 TIGER-DECOMMIT 0x201598000 16 KB
  23.398 TIGER-DECOMMIT 0x20159c000 16 KB
  23.399 TIGER-DECOMMIT 0x2015a0000 16 KB
  23.399 TIGER-DECOMMIT 0x2015a4000 16 KB
  23.399 TIGER-DECOMMIT 0x2015a8000 16 KB
  23.399 TIGER-DECOMMIT 0x2015ac000 16 KB
  23.399 TIGER-DECOMMIT 0x2015b0000 16 KB
  23.399 TIGER-DECOMMIT 0x2015b4000 16 KB
  23.399 TIGER-DECOMMIT 0x2015b8000 16 KB
  23.399 TIGER-DECOMMIT 0x2015bc000 16 KB
  23.399 TIGER-DECOMMIT 0x2015c0000 16 KB
  23.399 TIGER-DECOMMIT 0x2015c4000 16 KB
  23.400 TIGER-DECOMMIT 0x2015c8000 16 KB
  23.400 TIGER-DECOMMIT 0x2015cc000 16 KB
  23.400 TIGER-DECOMMIT 0x2015d0000 16 KB
  23.400 TIGER-DECOMMIT 0x2015d4000 16 KB
  23.400 TIGER-DECOMMIT 0x2015d8000 16 KB
  23.400 TIGER-DECOMMIT 0x2015dc000 16 KB
  23.400 TIGER-DECOMMIT 0x2015e0000 16 KB
  23.400 TIGER-DECOMMIT 0x2015e4000 16 KB
  23.400 TIGER-DECOMMIT 0x2015e8000 16 KB
  23.400 TIGER-DECOMMIT 0x2015ec000 16 KB
  23.401 TIGER-DECOMMIT 0x2015f0000 16 KB
  23.401 TIGER-DECOMMIT 0x2015f4000 16 KB
  23.401 TIGER-DECOMMIT 0x2015f8000 16 KB
  23.401 TIGER-DECOMMIT 0x2015fc000 16 KB
  23.501 TIGER-DECOMMIT 0x201600000 16 KB
  23.501 TIGER-DECOMMIT 0x201604000 16 KB
  23.502 TIGER-DECOMMIT 0x201608000 16 KB
  23.502 TIGER-DECOMMIT 0x20160c000 16 KB
  23.502 TIGER-DECOMMIT 0x201610000 16 KB
  23.502 TIGER-DECOMMIT 0x201614000 16 KB
  23.502 TIGER-DECOMMIT 0x201618000 16 KB
  23.502 TIGER-DECOMMIT 0x20161c000 16 KB
  23.502 TIGER-DECOMMIT 0x201620000 16 KB
  23.502 TIGER-DECOMMIT 0x201624000 16 KB
  23.503 TIGER-DECOMMIT 0x201628000 16 KB
  23.503 TIGER-DECOMMIT 0x20162c000 16 KB
  23.503 TIGER-DECOMMIT 0x201630000 16 KB
  23.503 TIGER-DECOMMIT 0x201634000 16 KB
  23.503 TIGER-DECOMMIT 0x201638000 16 KB
  23.503 TIGER-DECOMMIT 0x20163c000 16 KB
  23.503 TIGER-DECOMMIT 0x201640000 16 KB
  23.503 TIGER-DECOMMIT 0x201644000 16 KB
  23.503 TIGER-DECOMMIT 0x201648000 16 KB
  23.503 TIGER-DECOMMIT 0x20164c000 16 KB
  23.504 TIGER-DECOMMIT 0x201650000 16 KB
  23.504 TIGER-DECOMMIT 0x201654000 16 KB
  23.504 TIGER-DECOMMIT 0x201658000 16 KB
  23.504 TIGER-DECOMMIT 0x20165c000 16 KB
  23.504 TIGER-DECOMMIT 0x201660000 16 KB
  23.504 TIGER-DECOMMIT 0x201664000 16 KB
  23.504 TIGER-DECOMMIT 0x201668000 16 KB
  23.504 TIGER-DECOMMIT 0x20166c000 16 KB
  23.504 TIGER-DECOMMIT 0x201670000 16 KB
  23.505 TIGER-DECOMMIT 0x201674000 16 KB
  23.505 TIGER-DECOMMIT 0x201678000 16 KB
  23.505 TIGER-DECOMMIT 0x20167c000 16 KB
  23.505 TIGER-DECOMMIT 0x201680000 16 KB
  23.505 TIGER-DECOMMIT 0x201684000 16 KB
  23.505 TIGER-DECOMMIT 0x201688000 16 KB
  23.505 TIGER-DECOMMIT 0x20168c000 16 KB
  23.505 TIGER-DECOMMIT 0x201690000 16 KB
  23.505 TIGER-DECOMMIT 0x201694000 16 KB
  23.506 TIGER-DECOMMIT 0x201698000 16 KB
  23.506 TIGER-DECOMMIT 0x20169c000 16 KB
  23.506 TIGER-DECOMMIT 0x2016a0000 16 KB
  23.506 TIGER-DECOMMIT 0x2016a4000 16 KB
  23.506 TIGER-DECOMMIT 0x2016a8000 16 KB
  23.506 TIGER-DECOMMIT 0x2016ac000 16 KB
  23.506 TIGER-DECOMMIT 0x2016b0000 16 KB
  23.506 TIGER-DECOMMIT 0x2016b4000 16 KB
  23.507 TIGER-DECOMMIT 0x2016b8000 16 KB
  23.507 TIGER-DECOMMIT 0x2016bc000 16 KB
  23.507 TIGER-DECOMMIT 0x2016c0000 16 KB
  23.507 TIGER-DECOMMIT 0x2016c4000 16 KB
  23.507 TIGER-DECOMMIT 0x2016c8000 16 KB
  23.507 TIGER-DECOMMIT 0x2016cc000 16 KB
  23.507 TIGER-DECOMMIT 0x2016d0000 16 KB
  23.507 TIGER-DECOMMIT 0x2016d4000 16 KB
  23.507 TIGER-DECOMMIT 0x2016d8000 16 KB
  23.508 TIGER-DECOMMIT 0x2016dc000 16 KB
  23.508 TIGER-DECOMMIT 0x2016e0000 16 KB
  23.508 TIGER-DECOMMIT 0x2016e4000 16 KB
  23.508 TIGER-DECOMMIT 0x2016e8000 16 KB
  23.508 TIGER-DECOMMIT 0x2016ec000 16 KB
  23.508 TIGER-DECOMMIT 0x2016f0000 16 KB
  23.508 TIGER-DECOMMIT 0x2016f4000 16 KB
  23.508 TIGER-DECOMMIT 0x2016f8000 16 KB
  23.508 TIGER-DECOMMIT 0x2016fc000 16 KB
  23.508 TIGER-DECOMMIT 0x201700000 16 KB
  23.509 TIGER-DECOMMIT 0x201704000 16 KB
  23.509 TIGER-DECOMMIT 0x201708000 16 KB
  23.509 TIGER-DECOMMIT 0x20170c000 16 KB
  23.509 TIGER-DECOMMIT 0x201710000 16 KB
  23.509 TIGER-DECOMMIT 0x201714000 16 KB
  23.509 TIGER-DECOMMIT 0x201718000 16 KB
  23.509 TIGER-DECOMMIT 0x20171c000 16 KB
  23.509 TIGER-DECOMMIT 0x201720000 16 KB
  23.509 TIGER-DECOMMIT 0x201724000 16 KB
  23.509 TIGER-DECOMMIT 0x201728000 16 KB
  23.510 TIGER-DECOMMIT 0x20172c000 16 KB
  23.510 TIGER-DECOMMIT 0x201730000 16 KB
  23.510 TIGER-DECOMMIT 0x201734000 16 KB
  23.510 TIGER-DECOMMIT 0x201738000 16 KB
  23.510 TIGER-DECOMMIT 0x20173c000 16 KB
  23.510 TIGER-DECOMMIT 0x201740000 16 KB
  23.510 TIGER-DECOMMIT 0x201744000 16 KB
  23.510 TIGER-DECOMMIT 0x201748000 16 KB
  23.510 TIGER-DECOMMIT 0x20174c000 16 KB
  23.510 TIGER-DECOMMIT 0x201750000 16 KB
  23.511 TIGER-DECOMMIT 0x201754000 16 KB
  23.511 TIGER-DECOMMIT 0x201758000 16 KB
  23.511 TIGER-DECOMMIT 0x20175c000 16 KB
  23.511 TIGER-DECOMMIT 0x201760000 16 KB
  23.511 TIGER-DECOMMIT 0x201764000 16 KB
  23.511 TIGER-DECOMMIT 0x201768000 16 KB
  23.611 TIGER-DECOMMIT 0x20176c000 16 KB
  23.612 TIGER-DECOMMIT 0x201770000 16 KB
  23.612 TIGER-DECOMMIT 0x201774000 16 KB
  23.612 TIGER-DECOMMIT 0x201778000 16 KB
  23.612 TIGER-DECOMMIT 0x20177c000 16 KB
  23.612 TIGER-DECOMMIT 0x201780000 16 KB
  23.612 TIGER-DECOMMIT 0x201784000 16 KB
  23.612 TIGER-DECOMMIT 0x201788000 16 KB
  23.612 TIGER-DECOMMIT 0x20178c000 16 KB
  23.612 TIGER-DECOMMIT 0x201790000 16 KB
  23.613 TIGER-DECOMMIT 0x201794000 16 KB
  23.613 TIGER-DECOMMIT 0x201798000 16 KB
  23.613 TIGER-DECOMMIT 0x20179c000 16 KB
  23.613 TIGER-DECOMMIT 0x2017a0000 16 KB
  23.613 TIGER-DECOMMIT 0x2017a4000 16 KB
  23.613 TIGER-DECOMMIT 0x2017a8000 16 KB
  23.613 TIGER-DECOMMIT 0x2017ac000 16 KB
  23.613 TIGER-DECOMMIT 0x2017b0000 16 KB
  23.613 TIGER-DECOMMIT 0x2017b4000 16 KB
  23.614 TIGER-DECOMMIT 0x2017b8000 16 KB
  23.614 TIGER-DECOMMIT 0x2017bc000 16 KB
  23.614 TIGER-DECOMMIT 0x2017c0000 16 KB
  23.614 TIGER-DECOMMIT 0x2017c4000 16 KB
  23.614 TIGER-DECOMMIT 0x2017c8000 16 KB
  23.614 TIGER-DECOMMIT 0x2017cc000 16 KB
  23.614 TIGER-DECOMMIT 0x2017d0000 16 KB
  23.614 TIGER-DECOMMIT 0x2017d4000 16 KB
  23.614 TIGER-DECOMMIT 0x2017d8000 16 KB
  23.615 TIGER-DECOMMIT 0x2017dc000 16 KB
  23.615 TIGER-DECOMMIT 0x2017e0000 16 KB
  23.615 TIGER-DECOMMIT 0x2017e4000 16 KB
  23.615 TIGER-DECOMMIT 0x2017e8000 16 KB
  23.615 TIGER-DECOMMIT 0x2017ec000 16 KB
  23.615 TIGER-DECOMMIT 0x2017f0000 16 KB
  23.615 TIGER-DECOMMIT 0x2017f4000 16 KB
  23.615 TIGER-DECOMMIT 0x2017f8000 16 KB
  23.615 TIGER-DECOMMIT 0x2017fc000 16 KB
  23.615 TIGER-DECOMMIT 0x201800000 16 KB
  23.616 TIGER-DECOMMIT 0x201804000 16 KB
  23.616 TIGER-DECOMMIT 0x201808000 16 KB
  23.616 TIGER-DECOMMIT 0x20180c000 16 KB
  23.616 TIGER-DECOMMIT 0x201810000 16 KB
  23.616 TIGER-DECOMMIT 0x201814000 16 KB
  23.616 TIGER-DECOMMIT 0x201818000 16 KB
  23.616 TIGER-DECOMMIT 0x20181c000 16 KB
  23.616 TIGER-DECOMMIT 0x201820000 16 KB
  23.617 TIGER-DECOMMIT 0x201824000 16 KB
  23.617 TIGER-DECOMMIT 0x201828000 16 KB
  23.617 TIGER-DECOMMIT 0x20182c000 16 KB
  23.617 TIGER-DECOMMIT 0x201830000 16 KB
  23.617 TIGER-DECOMMIT 0x201834000 16 KB
  23.617 TIGER-DECOMMIT 0x201838000 16 KB
  23.617 TIGER-DECOMMIT 0x20183c000 16 KB
  23.618 TIGER-DECOMMIT 0x201840000 16 KB
  23.618 TIGER-DECOMMIT 0x201844000 16 KB
  23.618 TIGER-DECOMMIT 0x201848000 16 KB
  23.619 TIGER-DECOMMIT 0x20184c000 16 KB
  23.619 TIGER-DECOMMIT 0x201850000 16 KB
  23.619 TIGER-DECOMMIT 0x201854000 16 KB
  23.619 TIGER-DECOMMIT 0x201858000 16 KB
  23.619 TIGER-DECOMMIT 0x20185c000 16 KB
  23.619 TIGER-DECOMMIT 0x201860000 16 KB
  23.619 TIGER-DECOMMIT 0x201864000 16 KB
  23.619 TIGER-DECOMMIT 0x201868000 16 KB
  23.619 TIGER-DECOMMIT 0x20186c000 16 KB
  23.619 TIGER-DECOMMIT 0x201870000 16 KB
  23.619 TIGER-DECOMMIT 0x201874000 16 KB
  23.619 TIGER-DECOMMIT 0x201878000 16 KB
  23.619 TIGER-DECOMMIT 0x20187c000 16 KB
  23.619 TIGER-DECOMMIT 0x201880000 16 KB
  23.619 TIGER-DECOMMIT 0x201884000 16 KB
  23.621 TIGER-DECOMMIT 0x201888000 16 KB
  23.622 TIGER-DECOMMIT 0x20188c000 16 KB
  23.622 TIGER-DECOMMIT 0x201890000 16 KB
  23.622 TIGER-DECOMMIT 0x201894000 16 KB
  23.622 TIGER-DECOMMIT 0x201898000 16 KB
  23.622 TIGER-DECOMMIT 0x20189c000 16 KB
  23.622 TIGER-DECOMMIT 0x2018a0000 16 KB
  23.622 TIGER-DECOMMIT 0x2018a4000 16 KB
  23.622 TIGER-DECOMMIT 0x2018a8000 16 KB
  23.622 TIGER-DECOMMIT 0x2018ac000 16 KB
  23.622 TIGER-DECOMMIT 0x2018b0000 16 KB
  23.622 TIGER-DECOMMIT 0x2018b4000 16 KB
  23.622 TIGER-DECOMMIT 0x2018b8000 16 KB
  23.622 TIGER-DECOMMIT 0x2018bc000 16 KB
  23.622 TIGER-DECOMMIT 0x2018c0000 16 KB
  23.622 TIGER-DECOMMIT 0x2018c4000 16 KB
  23.622 TIGER-DECOMMIT 0x2018c8000 16 KB
  23.622 TIGER-DECOMMIT 0x2018cc000 16 KB
  23.622 TIGER-DECOMMIT 0x2018d0000 16 KB
  23.722 TIGER-DECOMMIT 0x2018d4000 16 KB
  23.722 TIGER-DECOMMIT 0x2018d8000 16 KB
  23.722 TIGER-DECOMMIT 0x2018dc000 16 KB
  23.722 TIGER-DECOMMIT 0x2018e0000 16 KB
  23.722 TIGER-DECOMMIT 0x2018e4000 16 KB
  23.722 TIGER-DECOMMIT 0x2018e8000 16 KB
  23.722 TIGER-DECOMMIT 0x2018ec000 16 KB
  23.723 TIGER-DECOMMIT 0x2018f0000 16 KB
  23.723 TIGER-DECOMMIT 0x2018f4000 16 KB
  23.723 TIGER-DECOMMIT 0x2018f8000 16 KB
  23.723 TIGER-DECOMMIT 0x2018fc000 16 KB
  23.723 TIGER-DECOMMIT 0x201900000 16 KB
  23.723 TIGER-DECOMMIT 0x201904000 16 KB
  23.723 TIGER-DECOMMIT 0x201908000 16 KB
  23.723 TIGER-DECOMMIT 0x20190c000 16 KB
  23.723 TIGER-DECOMMIT 0x201910000 16 KB
  23.724 TIGER-DECOMMIT 0x201914000 16 KB
  23.724 TIGER-DECOMMIT 0x201918000 16 KB
  23.724 TIGER-DECOMMIT 0x20191c000 16 KB
  23.724 TIGER-DECOMMIT 0x201920000 16 KB
  23.724 TIGER-DECOMMIT 0x201924000 16 KB
  23.724 TIGER-DECOMMIT 0x201928000 16 KB
  23.724 TIGER-DECOMMIT 0x20192c000 16 KB
  23.724 TIGER-DECOMMIT 0x201930000 16 KB
  23.724 TIGER-DECOMMIT 0x201934000 16 KB
  23.724 TIGER-DECOMMIT 0x201938000 16 KB
  23.725 TIGER-DECOMMIT 0x20193c000 16 KB
  23.725 TIGER-DECOMMIT 0x201940000 16 KB
  23.725 TIGER-DECOMMIT 0x201944000 16 KB
  23.725 TIGER-DECOMMIT 0x201948000 16 KB
  23.725 TIGER-DECOMMIT 0x20194c000 16 KB
  23.725 TIGER-DECOMMIT 0x201950000 16 KB
  23.725 TIGER-DECOMMIT 0x201954000 16 KB
  23.725 TIGER-DECOMMIT 0x201958000 16 KB
  23.725 TIGER-DECOMMIT 0x20195c000 16 KB
  23.726 TIGER-DECOMMIT 0x201960000 16 KB
  23.726 TIGER-DECOMMIT 0x201964000 16 KB
  23.726 TIGER-DECOMMIT 0x201968000 16 KB
  23.726 TIGER-DECOMMIT 0x20196c000 16 KB
  23.726 TIGER-DECOMMIT 0x201970000 16 KB
  23.726 TIGER-DECOMMIT 0x201974000 16 KB
  23.726 TIGER-DECOMMIT 0x201978000 16 KB
  23.726 TIGER-DECOMMIT 0x20197c000 16 KB
  23.726 TIGER-DECOMMIT 0x201980000 16 KB
  23.726 TIGER-DECOMMIT 0x201984000 16 KB
  23.727 TIGER-DECOMMIT 0x201988000 16 KB
  23.727 TIGER-DECOMMIT 0x20198c000 16 KB
  23.727 TIGER-DECOMMIT 0x201990000 16 KB
  23.727 TIGER-DECOMMIT 0x201994000 16 KB
  23.727 TIGER-DECOMMIT 0x201998000 16 KB
  23.727 TIGER-DECOMMIT 0x20199c000 16 KB
  23.727 TIGER-DECOMMIT 0x2019a0000 16 KB
  23.727 TIGER-DECOMMIT 0x2019a4000 16 KB
  23.727 TIGER-DECOMMIT 0x2019a8000 16 KB
  23.727 TIGER-DECOMMIT 0x2019ac000 16 KB
  23.728 TIGER-DECOMMIT 0x2019b0000 16 KB
  23.728 TIGER-DECOMMIT 0x2019b4000 16 KB
  23.728 TIGER-DECOMMIT 0x2019b8000 16 KB
  23.728 TIGER-DECOMMIT 0x2019bc000 16 KB
  23.728 TIGER-DECOMMIT 0x2019c0000 16 KB
  23.728 TIGER-DECOMMIT 0x2019c4000 16 KB
  23.728 TIGER-DECOMMIT 0x2019c8000 16 KB
  23.728 TIGER-DECOMMIT 0x2019cc000 16 KB
  23.728 TIGER-DECOMMIT 0x2019d0000 16 KB
  23.728 TIGER-DECOMMIT 0x2019d4000 16 KB
  23.729 TIGER-DECOMMIT 0x2019d8000 16 KB
  23.729 TIGER-DECOMMIT 0x2019dc000 16 KB
  23.729 TIGER-DECOMMIT 0x2019e0000 16 KB
  23.729 TIGER-DECOMMIT 0x2019e4000 16 KB
  23.729 TIGER-DECOMMIT 0x2019e8000 16 KB
  23.729 TIGER-DECOMMIT 0x2019ec000 16 KB
  23.729 TIGER-DECOMMIT 0x2019f0000 16 KB
  23.729 TIGER-DECOMMIT 0x2019f4000 16 KB
  23.729 TIGER-DECOMMIT 0x2019f8000 16 KB
  23.730 TIGER-DECOMMIT 0x2019fc000 16 KB
  23.730 TIGER-DECOMMIT 0x201a00000 16 KB
  23.730 TIGER-DECOMMIT 0x201a04000 16 KB
  23.730 TIGER-DECOMMIT 0x201a08000 16 KB
  23.730 TIGER-DECOMMIT 0x201a0c000 16 KB
  23.730 TIGER-DECOMMIT 0x201a10000 16 KB
  23.730 TIGER-DECOMMIT 0x201a14000 16 KB
  23.730 TIGER-DECOMMIT 0x201a18000 16 KB
  23.730 TIGER-DECOMMIT 0x201a1c000 16 KB
  23.730 TIGER-DECOMMIT 0x201a20000 16 KB
  23.731 TIGER-DECOMMIT 0x201a24000 16 KB
  23.731 TIGER-DECOMMIT 0x201a28000 16 KB
  23.731 TIGER-DECOMMIT 0x201a2c000 16 KB
  23.731 TIGER-DECOMMIT 0x201a30000 16 KB
  23.731 TIGER-DECOMMIT 0x201a34000 16 KB
  23.731 TIGER-DECOMMIT 0x201a38000 16 KB
  23.731 TIGER-DECOMMIT 0x201a3c000 16 KB
  23.731 TIGER-DECOMMIT 0x201a40000 16 KB
  23.731 TIGER-DECOMMIT 0x201a44000 16 KB
  23.731 TIGER-DECOMMIT 0x201a48000 16 KB
  23.732 TIGER-DECOMMIT 0x201a4c000 16 KB
  23.838 TIGER-DECOMMIT 0x201a50000 16 KB
  23.838 TIGER-DECOMMIT 0x201a54000 16 KB
  23.838 TIGER-DECOMMIT 0x201a58000 16 KB
  23.838 TIGER-DECOMMIT 0x201a5c000 16 KB
  23.838 TIGER-DECOMMIT 0x201a60000 16 KB
  23.838 TIGER-DECOMMIT 0x201a64000 16 KB
  23.838 TIGER-DECOMMIT 0x201a68000 16 KB
  23.838 TIGER-DECOMMIT 0x201a6c000 16 KB
  23.838 TIGER-DECOMMIT 0x201a70000 16 KB
  23.838 TIGER-DECOMMIT 0x201a74000 16 KB
  23.838 TIGER-DECOMMIT 0x201a78000 16 KB
  23.838 TIGER-DECOMMIT 0x201a7c000 16 KB
  23.838 TIGER-DECOMMIT 0x201a80000 16 KB
  23.838 TIGER-DECOMMIT 0x201a84000 16 KB
  23.838 TIGER-DECOMMIT 0x201a88000 16 KB
  23.838 TIGER-DECOMMIT 0x201a8c000 16 KB
  23.838 TIGER-DECOMMIT 0x201a90000 16 KB
  23.838 TIGER-DECOMMIT 0x201a94000 16 KB
  23.838 TIGER-DECOMMIT 0x201a98000 16 KB
  23.838 TIGER-DECOMMIT 0x201a9c000 16 KB
  23.838 TIGER-DECOMMIT 0x201aa0000 16 KB
  23.838 TIGER-DECOMMIT 0x201aa4000 16 KB
  23.838 TIGER-DECOMMIT 0x201aa8000 16 KB
  23.838 TIGER-DECOMMIT 0x201aac000 16 KB
  23.838 TIGER-DECOMMIT 0x201ab0000 16 KB
  23.838 TIGER-DECOMMIT 0x201ab4000 16 KB
  23.838 TIGER-DECOMMIT 0x201ab8000 16 KB
  23.838 TIGER-DECOMMIT 0x201abc000 16 KB
  23.838 TIGER-DECOMMIT 0x201ac0000 16 KB
  23.838 TIGER-DECOMMIT 0x201ac4000 16 KB
  23.838 TIGER-DECOMMIT 0x201ac8000 16 KB
  23.838 TIGER-DECOMMIT 0x201acc000 16 KB
  23.838 TIGER-DECOMMIT 0x201ad0000 16 KB
  23.838 TIGER-DECOMMIT 0x201ad4000 16 KB
  23.838 TIGER-DECOMMIT 0x201ad8000 16 KB
  23.838 TIGER-DECOMMIT 0x201adc000 16 KB
  23.838 TIGER-DECOMMIT 0x201ae0000 16 KB
  23.838 TIGER-DECOMMIT 0x201ae4000 16 KB
  23.838 TIGER-DECOMMIT 0x201ae8000 16 KB
  23.838 TIGER-DECOMMIT 0x201aec000 16 KB
  23.838 TIGER-DECOMMIT 0x201af0000 16 KB
  23.838 TIGER-DECOMMIT 0x201af4000 16 KB
  23.838 TIGER-DECOMMIT 0x201af8000 16 KB
  23.838 TIGER-DECOMMIT 0x201afc000 16 KB
  23.838 TIGER-DECOMMIT 0x201b00000 16 KB
  23.838 TIGER-DECOMMIT 0x201b04000 16 KB
  23.838 TIGER-DECOMMIT 0x201b08000 16 KB
  23.838 TIGER-DECOMMIT 0x201b0c000 16 KB
  23.838 TIGER-DECOMMIT 0x201b10000 16 KB
  23.838 TIGER-DECOMMIT 0x201b14000 16 KB
  23.838 TIGER-DECOMMIT 0x201b18000 16 KB
  23.838 TIGER-DECOMMIT 0x201b1c000 16 KB
  23.838 TIGER-DECOMMIT 0x201b20000 16 KB
  23.838 TIGER-DECOMMIT 0x201b24000 16 KB
  23.838 TIGER-DECOMMIT 0x201b28000 16 KB
  23.838 TIGER-DECOMMIT 0x201b2c000 16 KB
  23.838 TIGER-DECOMMIT 0x201b30000 16 KB
  23.838 TIGER-DECOMMIT 0x201b34000 16 KB
  23.838 TIGER-DECOMMIT 0x201b38000 16 KB
  23.838 TIGER-DECOMMIT 0x201b3c000 16 KB
  23.838 TIGER-DECOMMIT 0x201b40000 16 KB
  23.838 TIGER-DECOMMIT 0x201b44000 16 KB
  23.838 TIGER-DECOMMIT 0x201b48000 16 KB
  23.838 TIGER-DECOMMIT 0x201b4c000 16 KB
  23.842 TIGER-DECOMMIT 0x201b50000 16 KB
  23.842 TIGER-DECOMMIT 0x201b54000 16 KB
  23.842 TIGER-DECOMMIT 0x201b58000 16 KB
  23.842 TIGER-DECOMMIT 0x201b5c000 16 KB
  23.842 TIGER-DECOMMIT 0x201b60000 16 KB
  23.842 TIGER-DECOMMIT 0x201b64000 16 KB
  23.842 TIGER-DECOMMIT 0x201b68000 16 KB
  23.842 TIGER-DECOMMIT 0x201b6c000 16 KB
  23.842 TIGER-DECOMMIT 0x201b70000 16 KB
  23.842 TIGER-DECOMMIT 0x201b74000 16 KB
  23.842 TIGER-DECOMMIT 0x201b78000 16 KB
  23.842 TIGER-DECOMMIT 0x201b7c000 16 KB
  23.842 TIGER-DECOMMIT 0x201b80000 16 KB
  23.842 TIGER-DECOMMIT 0x201b84000 16 KB
  23.842 TIGER-DECOMMIT 0x201b88000 16 KB
  23.842 TIGER-DECOMMIT 0x201b8c000 16 KB
  23.842 TIGER-DECOMMIT 0x201b90000 16 KB
  23.842 TIGER-DECOMMIT 0x201b94000 16 KB
  23.842 TIGER-DECOMMIT 0x201b98000 16 KB
  23.842 TIGER-DECOMMIT 0x201b9c000 16 KB
  23.842 TIGER-DECOMMIT 0x201ba0000 16 KB
  23.842 TIGER-DECOMMIT 0x201ba4000 16 KB
  23.842 TIGER-DECOMMIT 0x201ba8000 16 KB
  23.842 TIGER-DECOMMIT 0x201bac000 16 KB
  23.842 TIGER-DECOMMIT 0x201bb0000 16 KB
  23.842 TIGER-DECOMMIT 0x201bb4000 16 KB
  23.842 TIGER-DECOMMIT 0x201bb8000 16 KB
  23.842 TIGER-DECOMMIT 0x201bbc000 16 KB
  23.842 TIGER-DECOMMIT 0x201bc0000 16 KB
  23.842 TIGER-DECOMMIT 0x201bc4000 16 KB
  23.842 TIGER-DECOMMIT 0x201bc8000 16 KB
  23.842 TIGER-DECOMMIT 0x201bcc000 16 KB
  23.842 TIGER-DECOMMIT 0x201bd0000 16 KB
  23.842 TIGER-DECOMMIT 0x201bd4000 16 KB
  23.842 TIGER-DECOMMIT 0x201bd8000 16 KB
  23.842 TIGER-DECOMMIT 0x201bdc000 16 KB
  23.842 TIGER-DECOMMIT 0x201be0000 16 KB
  23.842 TIGER-DECOMMIT 0x201be4000 16 KB
  23.972 TIGER-DECOMMIT 0x201be8000 16 KB
  23.972 TIGER-DECOMMIT 0x201bec000 16 KB
  23.972 TIGER-DECOMMIT 0x201bf0000 16 KB
  23.972 TIGER-DECOMMIT 0x201bf4000 16 KB
  23.972 TIGER-DECOMMIT 0x201bf8000 16 KB
  23.972 TIGER-DECOMMIT 0x201bfc000 16 KB
  23.972 TIGER-DECOMMIT 0x201c00000 16 KB
  23.972 TIGER-DECOMMIT 0x201c04000 16 KB
  23.972 TIGER-DECOMMIT 0x201c08000 16 KB
  23.972 TIGER-DECOMMIT 0x201c0c000 16 KB
  23.972 TIGER-DECOMMIT 0x201c10000 16 KB
  23.972 TIGER-DECOMMIT 0x201c14000 16 KB
  23.972 TIGER-DECOMMIT 0x201c18000 16 KB
  23.972 TIGER-DECOMMIT 0x201c1c000 16 KB
  23.972 TIGER-DECOMMIT 0x201c20000 16 KB
  23.972 TIGER-DECOMMIT 0x201c24000 16 KB
  23.972 TIGER-DECOMMIT 0x201c28000 16 KB
  23.972 TIGER-DECOMMIT 0x201c2c000 16 KB
  23.972 TIGER-DECOMMIT 0x201c30000 16 KB
  23.972 TIGER-DECOMMIT 0x201c34000 16 KB
  23.972 TIGER-DECOMMIT 0x201c38000 16 KB
  23.972 TIGER-DECOMMIT 0x201c3c000 16 KB
  23.972 TIGER-DECOMMIT 0x201c40000 16 KB
  23.972 TIGER-DECOMMIT 0x201c44000 16 KB
  23.972 TIGER-DECOMMIT 0x201c48000 16 KB
  23.972 TIGER-DECOMMIT 0x201c4c000 16 KB
  23.972 TIGER-DECOMMIT 0x201c50000 16 KB
  23.972 TIGER-DECOMMIT 0x201c54000 16 KB
  23.972 TIGER-DECOMMIT 0x201c58000 16 KB
  23.972 TIGER-DECOMMIT 0x201c5c000 16 KB
  23.972 TIGER-DECOMMIT 0x201c60000 16 KB
  23.972 TIGER-DECOMMIT 0x201c64000 16 KB
  23.972 TIGER-DECOMMIT 0x201c68000 16 KB
  23.972 TIGER-DECOMMIT 0x201c6c000 16 KB
  23.972 TIGER-DECOMMIT 0x201c70000 16 KB
  23.972 TIGER-DECOMMIT 0x201c74000 16 KB
  23.988 TIGER-DECOMMIT 0x201c78000 16 KB
  24.088 TIGER-DECOMMIT 0x201c7c000 16 KB
  24.089 TIGER-DECOMMIT 0x201c80000 16 KB
  24.089 TIGER-DECOMMIT 0x201c84000 16 KB
  24.089 TIGER-DECOMMIT 0x201c88000 16 KB
  24.089 TIGER-DECOMMIT 0x201c8c000 16 KB
  24.089 TIGER-DECOMMIT 0x201c90000 16 KB
  24.089 TIGER-DECOMMIT 0x201c94000 16 KB
  24.089 TIGER-DECOMMIT 0x201c98000 16 KB
  24.089 TIGER-DECOMMIT 0x201c9c000 16 KB
  24.089 TIGER-DECOMMIT 0x201ca0000 16 KB
  24.090 TIGER-DECOMMIT 0x201ca4000 16 KB
  24.090 TIGER-DECOMMIT 0x201ca8000 16 KB
  24.090 TIGER-DECOMMIT 0x201cac000 16 KB
  24.090 TIGER-DECOMMIT 0x201cb0000 16 KB
  24.090 TIGER-DECOMMIT 0x201cb4000 16 KB
  24.090 TIGER-DECOMMIT 0x201cb8000 16 KB
  24.090 TIGER-DECOMMIT 0x201cbc000 16 KB
  24.090 TIGER-DECOMMIT 0x201cc0000 16 KB
  24.090 TIGER-DECOMMIT 0x201cc4000 16 KB
  24.091 TIGER-DECOMMIT 0x201cc8000 16 KB
  24.091 TIGER-DECOMMIT 0x201ccc000 16 KB
  24.091 TIGER-DECOMMIT 0x201cd0000 16 KB
  24.091 TIGER-DECOMMIT 0x201cd4000 16 KB
  24.091 TIGER-DECOMMIT 0x201cd8000 16 KB
  24.091 TIGER-DECOMMIT 0x201cdc000 16 KB
  24.091 TIGER-DECOMMIT 0x201ce0000 16 KB
  24.091 TIGER-DECOMMIT 0x201ce4000 16 KB
  24.091 TIGER-DECOMMIT 0x201ce8000 16 KB
  24.091 TIGER-DECOMMIT 0x201cec000 16 KB
  24.092 TIGER-DECOMMIT 0x201cf0000 16 KB
  24.092 TIGER-DECOMMIT 0x201cf4000 16 KB
  24.092 TIGER-DECOMMIT 0x201cf8000 16 KB
  24.092 TIGER-DECOMMIT 0x201cfc000 16 KB
  24.092 TIGER-DECOMMIT 0x201d00000 16 KB
  24.092 TIGER-DECOMMIT 0x201d04000 16 KB
  24.092 TIGER-DECOMMIT 0x201d08000 16 KB
  24.092 TIGER-DECOMMIT 0x201d0c000 16 KB
  24.092 TIGER-DECOMMIT 0x201d10000 16 KB
  24.092 TIGER-DECOMMIT 0x201d14000 16 KB
  24.093 TIGER-DECOMMIT 0x201d18000 16 KB
  24.093 TIGER-DECOMMIT 0x201d1c000 16 KB
  24.093 TIGER-DECOMMIT 0x201d20000 16 KB
  24.093 TIGER-DECOMMIT 0x201d24000 16 KB
  24.093 TIGER-DECOMMIT 0x201d28000 16 KB
  24.093 TIGER-DECOMMIT 0x201d2c000 16 KB
  24.093 TIGER-DECOMMIT 0x201d30000 16 KB
  24.094 TIGER-DECOMMIT 0x201d34000 16 KB
  24.094 TIGER-DECOMMIT 0x201d38000 16 KB
  24.094 TIGER-DECOMMIT 0x201d3c000 16 KB
  24.094 TIGER-DECOMMIT 0x201d40000 16 KB
  24.094 TIGER-DECOMMIT 0x201d44000 16 KB
  24.094 TIGER-DECOMMIT 0x201d48000 16 KB
  24.094 TIGER-DECOMMIT 0x201d4c000 16 KB
  24.094 TIGER-DECOMMIT 0x201d50000 16 KB
  24.094 TIGER-DECOMMIT 0x201d54000 16 KB
  24.094 TIGER-DECOMMIT 0x201d58000 16 KB
  24.094 TIGER-DECOMMIT 0x201d5c000 16 KB
  24.094 TIGER-DECOMMIT 0x201d60000 16 KB
  24.094 TIGER-DECOMMIT 0x201d64000 16 KB
  24.095 TIGER-DECOMMIT 0x201d68000 16 KB
  24.095 TIGER-DECOMMIT 0x201d6c000 16 KB
  24.095 TIGER-DECOMMIT 0x201d70000 16 KB
  24.095 TIGER-DECOMMIT 0x201d74000 16 KB
  24.095 TIGER-DECOMMIT 0x201d78000 16 KB
  24.095 TIGER-DECOMMIT 0x201d7c000 16 KB
  24.095 TIGER-DECOMMIT 0x201d80000 16 KB
  24.095 TIGER-DECOMMIT 0x201d84000 16 KB
  24.095 TIGER-DECOMMIT 0x201d88000 16 KB
  24.095 TIGER-DECOMMIT 0x201d8c000 16 KB
  24.096 TIGER-DECOMMIT 0x201d90000 16 KB
  24.096 TIGER-DECOMMIT 0x201d94000 16 KB
  24.096 TIGER-DECOMMIT 0x201d98000 16 KB
  24.096 TIGER-DECOMMIT 0x201d9c000 16 KB
  24.096 TIGER-DECOMMIT 0x201da0000 16 KB
  24.096 TIGER-DECOMMIT 0x201da4000 16 KB
  24.096 TIGER-DECOMMIT 0x201da8000 16 KB
  24.096 TIGER-DECOMMIT 0x201dac000 16 KB
  24.096 TIGER-DECOMMIT 0x201db0000 16 KB
  24.097 TIGER-DECOMMIT 0x201db4000 16 KB
  24.097 TIGER-DECOMMIT 0x201db8000 16 KB
  24.097 TIGER-DECOMMIT 0x201dbc000 16 KB
  24.097 TIGER-DECOMMIT 0x201dc0000 16 KB
  24.097 TIGER-DECOMMIT 0x201dc4000 16 KB
  24.097 TIGER-DECOMMIT 0x201dc8000 16 KB
  24.097 TIGER-DECOMMIT 0x201dcc000 16 KB
  24.097 TIGER-DECOMMIT 0x201dd0000 16 KB
  24.097 TIGER-DECOMMIT 0x201dd4000 16 KB
  24.097 TIGER-DECOMMIT 0x201dd8000 16 KB
  24.098 TIGER-DECOMMIT 0x201ddc000 16 KB
  24.098 TIGER-DECOMMIT 0x201de0000 16 KB
  24.098 TIGER-DECOMMIT 0x201de4000 16 KB
  24.098 TIGER-DECOMMIT 0x201de8000 16 KB
  24.098 TIGER-DECOMMIT 0x201dec000 16 KB
  24.098 TIGER-DECOMMIT 0x201df0000 16 KB
  24.098 TIGER-DECOMMIT 0x201df4000 16 KB
  24.098 TIGER-DECOMMIT 0x201df8000 16 KB
  24.098 TIGER-DECOMMIT 0x201dfc000 16 KB
  24.199 TIGER-DECOMMIT 0x201e00000 16 KB
  24.199 TIGER-DECOMMIT 0x201e04000 16 KB
  24.199 TIGER-DECOMMIT 0x201e08000 16 KB
  24.199 TIGER-DECOMMIT 0x201e0c000 16 KB
  24.199 TIGER-DECOMMIT 0x201e10000 16 KB
  24.199 TIGER-DECOMMIT 0x201e14000 16 KB
  24.200 TIGER-DECOMMIT 0x201e18000 16 KB
  24.200 TIGER-DECOMMIT 0x201e1c000 16 KB
  24.200 TIGER-DECOMMIT 0x201e20000 16 KB
  24.200 TIGER-DECOMMIT 0x201e24000 16 KB
  24.200 TIGER-DECOMMIT 0x201e28000 16 KB
  24.200 TIGER-DECOMMIT 0x201e2c000 16 KB
  24.200 TIGER-DECOMMIT 0x201e30000 16 KB
  24.200 TIGER-DECOMMIT 0x201e34000 16 KB
  24.200 TIGER-DECOMMIT 0x201e38000 16 KB
  24.201 TIGER-DECOMMIT 0x201e3c000 16 KB
  24.201 TIGER-DECOMMIT 0x201e40000 16 KB
  24.201 TIGER-DECOMMIT 0x201e44000 16 KB
  24.201 TIGER-DECOMMIT 0x201e48000 16 KB
  24.201 TIGER-DECOMMIT 0x201e4c000 16 KB
  24.201 TIGER-DECOMMIT 0x201e50000 16 KB
  24.201 TIGER-DECOMMIT 0x201e54000 16 KB
  24.201 TIGER-DECOMMIT 0x201e58000 16 KB
  24.201 TIGER-DECOMMIT 0x201e5c000 16 KB
  24.201 TIGER-DECOMMIT 0x201e60000 16 KB
  24.202 TIGER-DECOMMIT 0x201e64000 16 KB
  24.202 TIGER-DECOMMIT 0x201e68000 16 KB
  24.202 TIGER-DECOMMIT 0x201e6c000 16 KB
  24.202 TIGER-DECOMMIT 0x201e70000 16 KB
  24.202 TIGER-DECOMMIT 0x201e74000 16 KB
  24.202 TIGER-DECOMMIT 0x201e78000 16 KB
  24.202 TIGER-DECOMMIT 0x201e7c000 16 KB
  24.202 TIGER-DECOMMIT 0x201e80000 16 KB
  24.202 TIGER-DECOMMIT 0x201e84000 16 KB
  24.202 TIGER-DECOMMIT 0x201e88000 16 KB
  24.203 TIGER-DECOMMIT 0x201e8c000 16 KB
  24.203 TIGER-DECOMMIT 0x201e90000 16 KB
  24.203 TIGER-DECOMMIT 0x201e94000 16 KB
  24.203 TIGER-DECOMMIT 0x201e98000 16 KB
  24.203 TIGER-DECOMMIT 0x201e9c000 16 KB
  24.203 TIGER-DECOMMIT 0x201ea0000 16 KB
  24.203 TIGER-DECOMMIT 0x201ea4000 16 KB
  24.203 TIGER-DECOMMIT 0x201ea8000 16 KB
  24.203 TIGER-DECOMMIT 0x201eac000 16 KB
  24.204 TIGER-DECOMMIT 0x201eb0000 16 KB
  24.204 TIGER-DECOMMIT 0x201eb4000 16 KB
  24.204 TIGER-DECOMMIT 0x201eb8000 16 KB
  24.204 TIGER-DECOMMIT 0x201ebc000 16 KB
  24.204 TIGER-DECOMMIT 0x201ec0000 16 KB
  24.204 TIGER-DECOMMIT 0x201ec4000 16 KB
  24.204 TIGER-DECOMMIT 0x201ec8000 16 KB
  24.204 TIGER-DECOMMIT 0x201ecc000 16 KB
  24.204 TIGER-DECOMMIT 0x201ed0000 16 KB
  24.204 TIGER-DECOMMIT 0x201ed4000 16 KB
  24.205 TIGER-DECOMMIT 0x201ed8000 16 KB
  24.205 TIGER-DECOMMIT 0x201edc000 16 KB
  24.205 TIGER-DECOMMIT 0x201ee0000 16 KB
  24.205 TIGER-DECOMMIT 0x201ee4000 16 KB
  24.205 TIGER-DECOMMIT 0x201ee8000 16 KB
  24.205 TIGER-DECOMMIT 0x201eec000 16 KB
  24.205 TIGER-DECOMMIT 0x201ef0000 16 KB
  24.205 TIGER-DECOMMIT 0x201ef4000 16 KB
  24.205 TIGER-DECOMMIT 0x201ef8000 16 KB
  24.205 TIGER-DECOMMIT 0x201efc000 16 KB
  24.206 TIGER-DECOMMIT 0x201f00000 16 KB
  24.206 TIGER-DECOMMIT 0x201f04000 16 KB
  24.206 TIGER-DECOMMIT 0x201f08000 16 KB
  24.206 TIGER-DECOMMIT 0x201f0c000 16 KB
  24.206 TIGER-DECOMMIT 0x201f10000 16 KB
  24.206 TIGER-DECOMMIT 0x201f14000 16 KB
  24.206 TIGER-DECOMMIT 0x201f18000 16 KB
  24.206 TIGER-DECOMMIT 0x201f1c000 16 KB
  24.206 TIGER-DECOMMIT 0x201f20000 16 KB
  24.207 TIGER-DECOMMIT 0x201f24000 16 KB
  24.207 TIGER-DECOMMIT 0x201f28000 16 KB
  24.207 TIGER-DECOMMIT 0x201f2c000 16 KB
  24.207 TIGER-DECOMMIT 0x201f30000 16 KB
  24.207 TIGER-DECOMMIT 0x201f34000 16 KB
  24.207 TIGER-DECOMMIT 0x201f38000 16 KB
  24.207 TIGER-DECOMMIT 0x201f3c000 16 KB
  24.207 TIGER-DECOMMIT 0x201f40000 16 KB
  24.207 TIGER-DECOMMIT 0x201f44000 16 KB
  24.207 TIGER-DECOMMIT 0x201f48000 16 KB
  24.208 TIGER-DECOMMIT 0x201f4c000 16 KB
  24.208 TIGER-DECOMMIT 0x201f50000 16 KB
  24.208 TIGER-DECOMMIT 0x201f54000 16 KB
  24.208 TIGER-DECOMMIT 0x201f58000 16 KB
  24.208 TIGER-DECOMMIT 0x201f5c000 16 KB
  24.208 TIGER-DECOMMIT 0x201f60000 16 KB
  24.208 TIGER-DECOMMIT 0x201f64000 16 KB
  24.208 TIGER-DECOMMIT 0x201f68000 16 KB
  24.208 TIGER-DECOMMIT 0x201f6c000 16 KB
  24.208 TIGER-DECOMMIT 0x201f70000 16 KB
  24.309 TIGER-DECOMMIT 0x201f74000 16 KB
  24.309 TIGER-DECOMMIT 0x201f78000 16 KB
  24.309 TIGER-DECOMMIT 0x201f7c000 16 KB
  24.309 TIGER-DECOMMIT 0x201f80000 16 KB
  24.309 TIGER-DECOMMIT 0x201f84000 16 KB
  24.309 TIGER-DECOMMIT 0x201f88000 16 KB
  24.310 TIGER-DECOMMIT 0x201f8c000 16 KB
  24.310 TIGER-DECOMMIT 0x201f90000 16 KB
  24.310 TIGER-DECOMMIT 0x201f94000 16 KB
  24.310 TIGER-DECOMMIT 0x201f98000 16 KB
  24.310 TIGER-DECOMMIT 0x201f9c000 16 KB
  24.310 TIGER-DECOMMIT 0x201fa0000 16 KB
  24.310 TIGER-DECOMMIT 0x201fa4000 16 KB
  24.310 TIGER-DECOMMIT 0x201fa8000 16 KB
  24.310 TIGER-DECOMMIT 0x201fac000 16 KB
  24.311 TIGER-DECOMMIT 0x201fb0000 16 KB
  24.311 TIGER-DECOMMIT 0x201fb4000 16 KB
  24.311 TIGER-DECOMMIT 0x201fb8000 16 KB
  24.311 TIGER-DECOMMIT 0x201fbc000 16 KB
  24.311 TIGER-DECOMMIT 0x201fc0000 16 KB
  24.311 TIGER-DECOMMIT 0x201fc4000 16 KB
  24.311 TIGER-DECOMMIT 0x201fc8000 16 KB
  24.311 TIGER-DECOMMIT 0x201fcc000 16 KB
  24.311 TIGER-DECOMMIT 0x201fd0000 16 KB
  24.312 TIGER-DECOMMIT 0x201fd4000 16 KB
  24.312 TIGER-DECOMMIT 0x201fd8000 16 KB
  24.312 TIGER-DECOMMIT 0x201fdc000 16 KB
  24.312 TIGER-DECOMMIT 0x201fe0000 16 KB
  24.312 TIGER-DECOMMIT 0x201fe4000 16 KB
  24.312 TIGER-DECOMMIT 0x201fe8000 16 KB
  24.312 TIGER-DECOMMIT 0x201fec000 16 KB
  24.312 TIGER-DECOMMIT 0x201ff0000 16 KB
  24.312 TIGER-DECOMMIT 0x201ff4000 16 KB
  24.313 TIGER-DECOMMIT 0x201ff8000 16 KB
  24.313 TIGER-DECOMMIT 0x201ffc000 16 KB
  24.313 TIGER-DECOMMIT 0x202000000 16 KB
  24.313 TIGER-DECOMMIT 0x202004000 16 KB
  24.313 TIGER-DECOMMIT 0x202008000 16 KB
  24.313 TIGER-DECOMMIT 0x20200c000 16 KB
  24.313 TIGER-DECOMMIT 0x202010000 16 KB
  24.313 TIGER-DECOMMIT 0x202014000 16 KB
  24.313 TIGER-DECOMMIT 0x202018000 16 KB
  24.313 TIGER-DECOMMIT 0x20201c000 16 KB
  24.314 TIGER-DECOMMIT 0x202020000 16 KB
  24.314 TIGER-DECOMMIT 0x202024000 16 KB
  24.314 TIGER-DECOMMIT 0x202028000 16 KB
  24.314 TIGER-DECOMMIT 0x20202c000 16 KB
  24.314 TIGER-DECOMMIT 0x202030000 16 KB
  24.314 TIGER-DECOMMIT 0x202034000 16 KB
  24.314 TIGER-DECOMMIT 0x202038000 16 KB
  24.314 TIGER-DECOMMIT 0x20203c000 16 KB
  24.314 TIGER-DECOMMIT 0x202040000 16 KB
  24.315 TIGER-DECOMMIT 0x202044000 16 KB
  24.315 TIGER-DECOMMIT 0x202048000 16 KB
  24.315 TIGER-DECOMMIT 0x20204c000 16 KB
  24.315 TIGER-DECOMMIT 0x202050000 16 KB
  24.315 TIGER-DECOMMIT 0x202054000 16 KB
  24.315 TIGER-DECOMMIT 0x202058000 16 KB
  24.315 TIGER-DECOMMIT 0x20205c000 16 KB
  24.315 TIGER-DECOMMIT 0x202060000 16 KB
  24.315 TIGER-DECOMMIT 0x202064000 16 KB
  24.315 TIGER-DECOMMIT 0x202068000 16 KB
  24.316 TIGER-DECOMMIT 0x20206c000 16 KB
  24.316 TIGER-DECOMMIT 0x202070000 16 KB
  24.316 TIGER-DECOMMIT 0x202074000 16 KB
  24.316 TIGER-DECOMMIT 0x202078000 16 KB
  24.316 TIGER-DECOMMIT 0x20207c000 16 KB
  24.316 TIGER-DECOMMIT 0x202080000 16 KB
  24.316 TIGER-DECOMMIT 0x202084000 16 KB
  24.316 TIGER-DECOMMIT 0x202088000 16 KB
  24.316 TIGER-DECOMMIT 0x20208c000 16 KB
  24.316 TIGER-DECOMMIT 0x202090000 16 KB
  24.317 TIGER-DECOMMIT 0x202094000 16 KB
  24.317 TIGER-DECOMMIT 0x202098000 16 KB
  24.317 TIGER-DECOMMIT 0x20209c000 16 KB
  24.317 TIGER-DECOMMIT 0x2020a0000 16 KB
  24.317 TIGER-DECOMMIT 0x2020a4000 16 KB
  24.317 TIGER-DECOMMIT 0x2020a8000 16 KB
  24.317 TIGER-DECOMMIT 0x2020ac000 16 KB
  24.317 TIGER-DECOMMIT 0x2020b0000 16 KB
  24.317 TIGER-DECOMMIT 0x2020b4000 16 KB
  24.317 TIGER-DECOMMIT 0x2020b8000 16 KB
  24.318 TIGER-DECOMMIT 0x2020bc000 16 KB
  24.318 TIGER-DECOMMIT 0x2020c0000 16 KB
  24.318 TIGER-DECOMMIT 0x2020c4000 16 KB
  24.318 TIGER-DECOMMIT 0x2020c8000 16 KB
  24.318 TIGER-DECOMMIT 0x2020cc000 16 KB
  24.318 TIGER-DECOMMIT 0x2020d0000 16 KB
  24.318 TIGER-DECOMMIT 0x2020d4000 16 KB
  24.318 TIGER-DECOMMIT 0x2020d8000 16 KB
  24.318 TIGER-DECOMMIT 0x2020dc000 16 KB
  24.319 TIGER-DECOMMIT 0x2020e0000 16 KB
  24.319 TIGER-DECOMMIT 0x2020e4000 16 KB
  24.319 TIGER-DECOMMIT 0x2020e8000 16 KB
  24.419 TIGER-DECOMMIT 0x2020ec000 16 KB
  24.419 TIGER-DECOMMIT 0x2020f0000 16 KB
  24.419 TIGER-DECOMMIT 0x2020f4000 16 KB
  24.420 TIGER-DECOMMIT 0x2020f8000 16 KB
  24.420 TIGER-DECOMMIT 0x2020fc000 16 KB
  24.420 TIGER-DECOMMIT 0x202100000 16 KB
  24.420 TIGER-DECOMMIT 0x202104000 16 KB
  24.420 TIGER-DECOMMIT 0x202108000 16 KB
  24.420 TIGER-DECOMMIT 0x20210c000 16 KB
  24.420 TIGER-DECOMMIT 0x202110000 16 KB
  24.420 TIGER-DECOMMIT 0x202114000 16 KB
  24.420 TIGER-DECOMMIT 0x202118000 16 KB
  24.421 TIGER-DECOMMIT 0x20211c000 16 KB
  24.421 TIGER-DECOMMIT 0x202120000 16 KB
  24.421 TIGER-DECOMMIT 0x202124000 16 KB
  24.421 TIGER-DECOMMIT 0x202128000 16 KB
  24.421 TIGER-DECOMMIT 0x20212c000 16 KB
  24.421 TIGER-DECOMMIT 0x202130000 16 KB
  24.421 TIGER-DECOMMIT 0x202134000 16 KB
  24.421 TIGER-DECOMMIT 0x202138000 16 KB
  24.421 TIGER-DECOMMIT 0x20213c000 16 KB
  24.421 TIGER-DECOMMIT 0x202140000 16 KB
  24.422 TIGER-DECOMMIT 0x202144000 16 KB
  24.422 TIGER-DECOMMIT 0x202148000 16 KB
  24.422 TIGER-DECOMMIT 0x20214c000 16 KB
  24.422 TIGER-DECOMMIT 0x202150000 16 KB
  24.422 TIGER-DECOMMIT 0x202154000 16 KB
  24.422 TIGER-DECOMMIT 0x202158000 16 KB
  24.422 TIGER-DECOMMIT 0x20215c000 16 KB
  24.422 TIGER-DECOMMIT 0x202160000 16 KB
  24.422 TIGER-DECOMMIT 0x202164000 16 KB
  24.423 TIGER-DECOMMIT 0x202168000 16 KB
  24.423 TIGER-DECOMMIT 0x20216c000 16 KB
  24.423 TIGER-DECOMMIT 0x202170000 16 KB
  24.423 TIGER-DECOMMIT 0x202174000 16 KB
  24.423 TIGER-DECOMMIT 0x202178000 16 KB
  24.423 TIGER-DECOMMIT 0x20217c000 16 KB
  24.423 TIGER-DECOMMIT 0x202180000 16 KB
  24.423 TIGER-DECOMMIT 0x202184000 16 KB
  24.423 TIGER-DECOMMIT 0x202188000 16 KB
  24.423 TIGER-DECOMMIT 0x20218c000 16 KB
  24.424 TIGER-DECOMMIT 0x202190000 16 KB
  24.424 TIGER-DECOMMIT 0x202194000 16 KB
  24.424 TIGER-DECOMMIT 0x202198000 16 KB
  24.424 TIGER-DECOMMIT 0x20219c000 16 KB
  24.424 TIGER-DECOMMIT 0x2021a0000 16 KB
  24.424 TIGER-DECOMMIT 0x2021a4000 16 KB
  24.424 TIGER-DECOMMIT 0x2021a8000 16 KB
  24.424 TIGER-DECOMMIT 0x2021ac000 16 KB
  24.424 TIGER-DECOMMIT 0x2021b0000 16 KB
  24.424 TIGER-DECOMMIT 0x2021b4000 16 KB
  24.425 TIGER-DECOMMIT 0x2021b8000 16 KB
  24.425 TIGER-DECOMMIT 0x2021bc000 16 KB
  24.425 TIGER-DECOMMIT 0x2021c0000 16 KB
  24.425 TIGER-DECOMMIT 0x2021c4000 16 KB
  24.425 TIGER-DECOMMIT 0x2021c8000 16 KB
  24.425 TIGER-DECOMMIT 0x2021cc000 16 KB
  24.425 TIGER-DECOMMIT 0x2021d0000 16 KB
  24.425 TIGER-DECOMMIT 0x2021d4000 16 KB
  24.425 TIGER-DECOMMIT 0x2021d8000 16 KB
  24.426 TIGER-DECOMMIT 0x2021dc000 16 KB
  24.426 TIGER-DECOMMIT 0x2021e0000 16 KB
  24.426 TIGER-DECOMMIT 0x2021e4000 16 KB
  24.426 TIGER-DECOMMIT 0x2021e8000 16 KB
  24.426 TIGER-DECOMMIT 0x2021ec000 16 KB
  24.426 TIGER-DECOMMIT 0x2021f0000 16 KB
  24.426 TIGER-DECOMMIT 0x2021f4000 16 KB
  24.426 TIGER-DECOMMIT 0x2021f8000 16 KB
  24.426 TIGER-DECOMMIT 0x2021fc000 16 KB
  24.427 TIGER-DECOMMIT 0x202200000 16 KB
  24.427 TIGER-DECOMMIT 0x202204000 16 KB
  24.427 TIGER-DECOMMIT 0x202208000 16 KB
  24.427 TIGER-DECOMMIT 0x20220c000 16 KB
  24.427 TIGER-DECOMMIT 0x202210000 16 KB
  24.427 TIGER-DECOMMIT 0x202214000 16 KB
  24.427 TIGER-DECOMMIT 0x202218000 16 KB
  24.427 TIGER-DECOMMIT 0x20221c000 16 KB
  24.427 TIGER-DECOMMIT 0x202220000 16 KB
  24.427 TIGER-DECOMMIT 0x202224000 16 KB
  24.428 TIGER-DECOMMIT 0x202228000 16 KB
  24.428 TIGER-DECOMMIT 0x20222c000 16 KB
  24.428 TIGER-DECOMMIT 0x202230000 16 KB
  24.428 TIGER-DECOMMIT 0x202234000 16 KB
  24.428 TIGER-DECOMMIT 0x202238000 16 KB
  24.428 TIGER-DECOMMIT 0x20223c000 16 KB
  24.428 TIGER-DECOMMIT 0x202240000 16 KB
  24.428 TIGER-DECOMMIT 0x202244000 16 KB
  24.428 TIGER-DECOMMIT 0x202248000 16 KB
  24.429 TIGER-DECOMMIT 0x20224c000 16 KB
  24.429 TIGER-DECOMMIT 0x202250000 16 KB
  24.429 TIGER-DECOMMIT 0x202254000 16 KB
  24.429 TIGER-DECOMMIT 0x202258000 16 KB
  24.429 TIGER-DECOMMIT 0x20225c000 16 KB
  24.529 TIGER-DECOMMIT 0x202260000 16 KB
  24.529 TIGER-DECOMMIT 0x202264000 16 KB
  24.530 TIGER-DECOMMIT 0x202268000 16 KB
  24.530 TIGER-DECOMMIT 0x20226c000 16 KB
  24.530 TIGER-DECOMMIT 0x202270000 16 KB
  24.530 TIGER-DECOMMIT 0x202274000 16 KB
  24.530 TIGER-DECOMMIT 0x202278000 16 KB
  24.530 TIGER-DECOMMIT 0x20227c000 16 KB
  24.530 TIGER-DECOMMIT 0x202280000 16 KB
  24.530 TIGER-DECOMMIT 0x202284000 16 KB
  24.531 TIGER-DECOMMIT 0x202288000 16 KB
  24.531 TIGER-DECOMMIT 0x20228c000 16 KB
  24.531 TIGER-DECOMMIT 0x202290000 16 KB
  24.531 TIGER-DECOMMIT 0x202294000 16 KB
  24.531 TIGER-DECOMMIT 0x202298000 16 KB
  24.531 TIGER-DECOMMIT 0x20229c000 16 KB
  24.531 TIGER-DECOMMIT 0x2022a0000 16 KB
  24.531 TIGER-DECOMMIT 0x2022a4000 16 KB
  24.531 TIGER-DECOMMIT 0x2022a8000 16 KB
  24.532 TIGER-DECOMMIT 0x2022ac000 16 KB
  24.532 TIGER-DECOMMIT 0x2022b0000 16 KB
  24.532 TIGER-DECOMMIT 0x2022b4000 16 KB
  24.532 TIGER-DECOMMIT 0x2022b8000 16 KB
  24.532 TIGER-DECOMMIT 0x2022bc000 16 KB
  24.532 TIGER-DECOMMIT 0x2022c0000 16 KB
  24.532 TIGER-DECOMMIT 0x2022c4000 16 KB
  24.532 TIGER-DECOMMIT 0x2022c8000 16 KB
  24.532 TIGER-DECOMMIT 0x2022cc000 16 KB
  24.533 TIGER-DECOMMIT 0x2022d0000 16 KB
  24.533 TIGER-DECOMMIT 0x2022d4000 16 KB
  24.533 TIGER-DECOMMIT 0x2022d8000 16 KB
  24.533 TIGER-DECOMMIT 0x2022dc000 16 KB
  24.533 TIGER-DECOMMIT 0x2022e0000 16 KB
  24.533 TIGER-DECOMMIT 0x2022e4000 16 KB
  24.533 TIGER-DECOMMIT 0x2022e8000 16 KB
  24.533 TIGER-DECOMMIT 0x2022ec000 16 KB
  24.533 TIGER-DECOMMIT 0x2022f0000 16 KB
  24.533 TIGER-DECOMMIT 0x2022f4000 16 KB
  24.534 TIGER-DECOMMIT 0x2022f8000 16 KB
  24.534 TIGER-DECOMMIT 0x2022fc000 16 KB
  24.534 TIGER-DECOMMIT 0x202300000 16 KB
  24.534 TIGER-DECOMMIT 0x202304000 16 KB
  24.534 TIGER-DECOMMIT 0x202308000 16 KB
  24.534 TIGER-DECOMMIT 0x20230c000 16 KB
  24.534 TIGER-DECOMMIT 0x202310000 16 KB
  24.534 TIGER-DECOMMIT 0x202314000 16 KB
  24.534 TIGER-DECOMMIT 0x202318000 16 KB
  24.534 TIGER-DECOMMIT 0x20231c000 16 KB
  24.535 TIGER-DECOMMIT 0x202320000 16 KB
  24.535 TIGER-DECOMMIT 0x202324000 16 KB
  24.535 TIGER-DECOMMIT 0x202328000 16 KB
  24.535 TIGER-DECOMMIT 0x20232c000 16 KB
  24.535 TIGER-DECOMMIT 0x202330000 16 KB
  24.535 TIGER-DECOMMIT 0x202334000 16 KB
  24.535 TIGER-DECOMMIT 0x202338000 16 KB
  24.535 TIGER-DECOMMIT 0x20233c000 16 KB
  24.535 TIGER-DECOMMIT 0x202340000 16 KB
  24.536 TIGER-DECOMMIT 0x202344000 16 KB
  24.536 TIGER-DECOMMIT 0x202348000 16 KB
  24.536 TIGER-DECOMMIT 0x20234c000 16 KB
  24.536 TIGER-DECOMMIT 0x202350000 16 KB
  24.536 TIGER-DECOMMIT 0x202354000 16 KB
  24.536 TIGER-DECOMMIT 0x202358000 16 KB
  24.536 TIGER-DECOMMIT 0x20235c000 16 KB
  24.536 TIGER-DECOMMIT 0x202360000 16 KB
  24.536 TIGER-DECOMMIT 0x202364000 16 KB
  24.536 TIGER-DECOMMIT 0x202368000 16 KB
  24.537 TIGER-DECOMMIT 0x20236c000 16 KB
  24.537 TIGER-DECOMMIT 0x202370000 16 KB
  24.537 TIGER-DECOMMIT 0x202374000 16 KB
  24.537 TIGER-DECOMMIT 0x202378000 16 KB
  24.537 TIGER-DECOMMIT 0x20237c000 16 KB
  24.537 TIGER-DECOMMIT 0x202380000 16 KB
  24.537 TIGER-DECOMMIT 0x202384000 16 KB
  24.537 TIGER-DECOMMIT 0x202388000 16 KB
  24.537 TIGER-DECOMMIT 0x20238c000 16 KB
  24.537 TIGER-DECOMMIT 0x202390000 16 KB
  24.538 TIGER-DECOMMIT 0x202394000 16 KB
  24.538 TIGER-DECOMMIT 0x202398000 16 KB
  24.538 TIGER-DECOMMIT 0x20239c000 16 KB
  24.538 TIGER-DECOMMIT 0x2023a0000 16 KB
  24.538 TIGER-DECOMMIT 0x2023a4000 16 KB
  24.538 TIGER-DECOMMIT 0x2023a8000 16 KB
  24.538 TIGER-DECOMMIT 0x2023ac000 16 KB
  24.538 TIGER-DECOMMIT 0x2023b0000 16 KB
  24.538 TIGER-DECOMMIT 0x2023b4000 16 KB
  24.538 TIGER-DECOMMIT 0x2023b8000 16 KB
  24.539 TIGER-DECOMMIT 0x2023bc000 16 KB
  24.539 TIGER-DECOMMIT 0x2023c0000 16 KB
  24.539 TIGER-DECOMMIT 0x2023c4000 16 KB
  24.539 TIGER-DECOMMIT 0x2023c8000 16 KB
  24.539 TIGER-DECOMMIT 0x2023cc000 16 KB
  24.539 TIGER-DECOMMIT 0x2023d0000 16 KB
  24.640 TIGER-DECOMMIT 0x2023d4000 16 KB
  24.640 TIGER-DECOMMIT 0x2023d8000 16 KB
  24.640 TIGER-DECOMMIT 0x2023dc000 16 KB
  24.640 TIGER-DECOMMIT 0x2023e0000 16 KB
  24.640 TIGER-DECOMMIT 0x2023e4000 16 KB
  24.640 TIGER-DECOMMIT 0x2023e8000 16 KB
  24.640 TIGER-DECOMMIT 0x2023ec000 16 KB
  24.640 TIGER-DECOMMIT 0x2023f0000 16 KB
  24.640 TIGER-DECOMMIT 0x2023f4000 16 KB
  24.641 TIGER-DECOMMIT 0x2023f8000 16 KB
  24.641 TIGER-DECOMMIT 0x2023fc000 16 KB
  24.641 TIGER-DECOMMIT 0x202400000 16 KB
  24.641 TIGER-DECOMMIT 0x202404000 16 KB
  24.641 TIGER-DECOMMIT 0x202408000 16 KB
  24.641 TIGER-DECOMMIT 0x20240c000 16 KB
  24.641 TIGER-DECOMMIT 0x202410000 16 KB
  24.641 TIGER-DECOMMIT 0x202414000 16 KB
  24.641 TIGER-DECOMMIT 0x202418000 16 KB
  24.642 TIGER-DECOMMIT 0x20241c000 16 KB
  24.642 TIGER-DECOMMIT 0x202420000 16 KB
  24.642 TIGER-DECOMMIT 0x202424000 16 KB
  24.642 TIGER-DECOMMIT 0x202428000 16 KB
  24.642 TIGER-DECOMMIT 0x20242c000 16 KB
  24.642 TIGER-DECOMMIT 0x202430000 16 KB
  24.642 TIGER-DECOMMIT 0x202434000 16 KB
  24.642 TIGER-DECOMMIT 0x202438000 16 KB
  24.642 TIGER-DECOMMIT 0x20243c000 16 KB
  24.642 TIGER-DECOMMIT 0x202440000 16 KB
  24.643 TIGER-DECOMMIT 0x202444000 16 KB
  24.643 TIGER-DECOMMIT 0x202448000 16 KB
  24.643 TIGER-DECOMMIT 0x20244c000 16 KB
  24.643 TIGER-DECOMMIT 0x202450000 16 KB
  24.643 TIGER-DECOMMIT 0x202454000 16 KB
  24.643 TIGER-DECOMMIT 0x202458000 16 KB
  24.643 TIGER-DECOMMIT 0x20245c000 16 KB
  24.643 TIGER-DECOMMIT 0x202460000 16 KB
  24.643 TIGER-DECOMMIT 0x202464000 16 KB
  24.644 TIGER-DECOMMIT 0x202468000 16 KB
  24.644 TIGER-DECOMMIT 0x20246c000 16 KB
  24.644 TIGER-DECOMMIT 0x202470000 16 KB
  24.644 TIGER-DECOMMIT 0x202474000 16 KB
  24.644 TIGER-DECOMMIT 0x202478000 16 KB
  24.644 TIGER-DECOMMIT 0x20247c000 16 KB
  24.644 TIGER-DECOMMIT 0x202480000 16 KB
  24.644 TIGER-DECOMMIT 0x202484000 16 KB
  24.644 TIGER-DECOMMIT 0x202488000 16 KB
  24.644 TIGER-DECOMMIT 0x20248c000 16 KB
  24.645 TIGER-DECOMMIT 0x202490000 16 KB
  24.645 TIGER-DECOMMIT 0x202494000 16 KB
  24.645 TIGER-DECOMMIT 0x202498000 16 KB
  24.645 TIGER-DECOMMIT 0x20249c000 16 KB
  24.645 TIGER-DECOMMIT 0x2024a0000 16 KB
  24.645 TIGER-DECOMMIT 0x2024a4000 16 KB
  24.645 TIGER-DECOMMIT 0x2024a8000 16 KB
  24.645 TIGER-DECOMMIT 0x2024ac000 16 KB
  24.645 TIGER-DECOMMIT 0x2024b0000 16 KB
  24.646 TIGER-DECOMMIT 0x2024b4000 16 KB
  24.646 TIGER-DECOMMIT 0x2024b8000 16 KB
  24.646 TIGER-DECOMMIT 0x2024bc000 16 KB
  24.646 TIGER-DECOMMIT 0x2024c0000 16 KB
  24.646 TIGER-DECOMMIT 0x2024c4000 16 KB
  24.646 TIGER-DECOMMIT 0x2024c8000 16 KB
  24.646 TIGER-DECOMMIT 0x2024cc000 16 KB
  24.646 TIGER-DECOMMIT 0x2024d0000 16 KB
  24.646 TIGER-DECOMMIT 0x2024d4000 16 KB
  24.646 TIGER-DECOMMIT 0x2024d8000 16 KB
  24.647 TIGER-DECOMMIT 0x2024dc000 16 KB
  24.647 TIGER-DECOMMIT 0x2024e0000 16 KB
  24.647 TIGER-DECOMMIT 0x2024e4000 16 KB
  24.647 TIGER-DECOMMIT 0x2024e8000 16 KB
  24.647 TIGER-DECOMMIT 0x2024ec000 16 KB
  24.647 TIGER-DECOMMIT 0x2024f0000 16 KB
  24.647 TIGER-DECOMMIT 0x2024f4000 16 KB
  24.647 TIGER-DECOMMIT 0x2024f8000 16 KB
  24.647 TIGER-DECOMMIT 0x2024fc000 16 KB
  24.647 TIGER-DECOMMIT 0x202500000 16 KB
  24.648 TIGER-DECOMMIT 0x202504000 16 KB
  24.648 TIGER-DECOMMIT 0x202508000 16 KB
  24.648 TIGER-DECOMMIT 0x20250c000 16 KB
  24.648 TIGER-DECOMMIT 0x202510000 16 KB
  24.648 TIGER-DECOMMIT 0x202514000 16 KB
  24.648 TIGER-DECOMMIT 0x202518000 16 KB
  24.648 TIGER-DECOMMIT 0x20251c000 16 KB
  24.648 TIGER-DECOMMIT 0x202520000 16 KB
  24.648 TIGER-DECOMMIT 0x202524000 16 KB
  24.649 TIGER-DECOMMIT 0x202528000 16 KB
  24.649 TIGER-DECOMMIT 0x20252c000 16 KB
  24.649 TIGER-DECOMMIT 0x202530000 16 KB
  24.649 TIGER-DECOMMIT 0x202534000 16 KB
  24.649 TIGER-DECOMMIT 0x202538000 16 KB
  24.649 TIGER-DECOMMIT 0x20253c000 16 KB
  24.649 TIGER-DECOMMIT 0x202540000 16 KB
  24.649 TIGER-DECOMMIT 0x202544000 16 KB
  24.649 TIGER-DECOMMIT 0x202548000 16 KB
  24.750 TIGER-DECOMMIT 0x20254c000 16 KB
  24.750 TIGER-DECOMMIT 0x202550000 16 KB
  24.750 TIGER-DECOMMIT 0x202554000 16 KB
  24.750 TIGER-DECOMMIT 0x202558000 16 KB
  24.750 TIGER-DECOMMIT 0x20255c000 16 KB
  24.750 TIGER-DECOMMIT 0x202560000 16 KB
  24.751 TIGER-DECOMMIT 0x202564000 16 KB
  24.751 TIGER-DECOMMIT 0x202568000 16 KB
  24.751 TIGER-DECOMMIT 0x20256c000 16 KB
  24.751 TIGER-DECOMMIT 0x202570000 16 KB
  24.751 TIGER-DECOMMIT 0x202574000 16 KB
  24.751 TIGER-DECOMMIT 0x202578000 16 KB
  24.751 TIGER-DECOMMIT 0x20257c000 16 KB
  24.751 TIGER-DECOMMIT 0x202580000 16 KB
  24.751 TIGER-DECOMMIT 0x202584000 16 KB
  24.752 TIGER-DECOMMIT 0x202588000 16 KB
  24.752 TIGER-DECOMMIT 0x20258c000 16 KB
  24.752 TIGER-DECOMMIT 0x202590000 16 KB
  24.752 TIGER-DECOMMIT 0x202594000 16 KB
  24.752 TIGER-DECOMMIT 0x202598000 16 KB
  24.752 TIGER-DECOMMIT 0x20259c000 16 KB
  24.752 TIGER-DECOMMIT 0x2025a0000 16 KB
  24.752 TIGER-DECOMMIT 0x2025a4000 16 KB
  24.752 TIGER-DECOMMIT 0x2025a8000 16 KB
  24.752 TIGER-DECOMMIT 0x2025ac000 16 KB
  24.753 TIGER-DECOMMIT 0x2025b0000 16 KB
  24.753 TIGER-DECOMMIT 0x2025b4000 16 KB
  24.753 TIGER-DECOMMIT 0x2025b8000 16 KB
  24.753 TIGER-DECOMMIT 0x2025bc000 16 KB
  24.753 TIGER-DECOMMIT 0x2025c0000 16 KB
  24.753 TIGER-DECOMMIT 0x2025c4000 16 KB
  24.753 TIGER-DECOMMIT 0x2025c8000 16 KB
  24.753 TIGER-DECOMMIT 0x2025cc000 16 KB
  24.753 TIGER-DECOMMIT 0x2025d0000 16 KB
  24.754 TIGER-DECOMMIT 0x2025d4000 16 KB
  24.754 TIGER-DECOMMIT 0x2025d8000 16 KB
  24.754 TIGER-DECOMMIT 0x2025dc000 16 KB
  24.754 TIGER-DECOMMIT 0x2025e0000 16 KB
  24.754 TIGER-DECOMMIT 0x2025e4000 16 KB
  24.754 TIGER-DECOMMIT 0x2025e8000 16 KB
  24.754 TIGER-DECOMMIT 0x2025ec000 16 KB
  24.754 TIGER-DECOMMIT 0x2025f0000 16 KB
  24.754 TIGER-DECOMMIT 0x2025f4000 16 KB
  24.754 TIGER-DECOMMIT 0x2025f8000 16 KB
  24.755 TIGER-DECOMMIT 0x2025fc000 16 KB
  24.755 TIGER-DECOMMIT 0x202600000 16 KB
  24.755 TIGER-DECOMMIT 0x202604000 16 KB
  24.755 TIGER-DECOMMIT 0x202608000 16 KB
  24.755 TIGER-DECOMMIT 0x20260c000 16 KB
  24.755 TIGER-DECOMMIT 0x202610000 16 KB
  24.755 TIGER-DECOMMIT 0x202614000 16 KB
  24.755 TIGER-DECOMMIT 0x202618000 16 KB
  24.755 TIGER-DECOMMIT 0x20261c000 16 KB
  24.756 TIGER-DECOMMIT 0x202620000 16 KB
  24.756 TIGER-DECOMMIT 0x202624000 16 KB
  24.756 TIGER-DECOMMIT 0x202628000 16 KB
  24.756 TIGER-DECOMMIT 0x20262c000 16 KB
  24.756 TIGER-DECOMMIT 0x202630000 16 KB
  24.756 TIGER-DECOMMIT 0x202634000 16 KB
  24.756 TIGER-DECOMMIT 0x202638000 16 KB
  24.756 TIGER-DECOMMIT 0x20263c000 16 KB
  24.756 TIGER-DECOMMIT 0x202640000 16 KB
  24.756 TIGER-DECOMMIT 0x202644000 16 KB
  24.757 TIGER-DECOMMIT 0x202648000 16 KB
  24.757 TIGER-DECOMMIT 0x20264c000 16 KB
  24.757 TIGER-DECOMMIT 0x202650000 16 KB
  24.757 TIGER-DECOMMIT 0x202654000 16 KB
  24.757 TIGER-DECOMMIT 0x202658000 16 KB
  24.757 TIGER-DECOMMIT 0x20265c000 16 KB
  24.757 TIGER-DECOMMIT 0x202660000 16 KB
  24.757 TIGER-DECOMMIT 0x202664000 16 KB
  24.757 TIGER-DECOMMIT 0x202668000 16 KB
  24.757 TIGER-DECOMMIT 0x20266c000 16 KB
  24.758 TIGER-DECOMMIT 0x202670000 16 KB
  24.758 TIGER-DECOMMIT 0x202674000 16 KB
  24.758 TIGER-DECOMMIT 0x202678000 16 KB
  24.758 TIGER-DECOMMIT 0x20267c000 16 KB
  24.758 TIGER-DECOMMIT 0x202680000 16 KB
  24.758 TIGER-DECOMMIT 0x202684000 16 KB
  24.758 TIGER-DECOMMIT 0x202688000 16 KB
  24.758 TIGER-DECOMMIT 0x20268c000 16 KB
  24.758 TIGER-DECOMMIT 0x202690000 16 KB
  24.758 TIGER-DECOMMIT 0x202694000 16 KB
  24.759 TIGER-DECOMMIT 0x202698000 16 KB
  24.759 TIGER-DECOMMIT 0x20269c000 16 KB
  24.759 TIGER-DECOMMIT 0x2026a0000 16 KB
  24.759 TIGER-DECOMMIT 0x2026a4000 16 KB
  24.759 TIGER-DECOMMIT 0x2026a8000 16 KB
  24.759 TIGER-DECOMMIT 0x2026ac000 16 KB
  24.759 TIGER-DECOMMIT 0x2026b0000 16 KB
  24.759 TIGER-DECOMMIT 0x2026b4000 16 KB
  24.759 TIGER-DECOMMIT 0x2026b8000 16 KB
  24.759 TIGER-DECOMMIT 0x2026bc000 16 KB
  24.760 TIGER-DECOMMIT 0x2026c0000 16 KB
  24.860 TIGER-DECOMMIT 0x2026c4000 16 KB
  24.860 TIGER-DECOMMIT 0x2026c8000 16 KB
  24.860 TIGER-DECOMMIT 0x2026cc000 16 KB
  24.860 TIGER-DECOMMIT 0x2026d0000 16 KB
  24.861 TIGER-DECOMMIT 0x2026d4000 16 KB
  24.861 TIGER-DECOMMIT 0x2026d8000 16 KB
  24.861 TIGER-DECOMMIT 0x2026dc000 16 KB
  24.861 TIGER-DECOMMIT 0x2026e0000 16 KB
  24.861 TIGER-DECOMMIT 0x2026e4000 16 KB
  24.861 TIGER-DECOMMIT 0x2026e8000 16 KB
  24.861 TIGER-DECOMMIT 0x2026ec000 16 KB
  24.861 TIGER-DECOMMIT 0x2026f0000 16 KB
  24.861 TIGER-DECOMMIT 0x2026f4000 16 KB
  24.862 TIGER-DECOMMIT 0x2026f8000 16 KB
  24.862 TIGER-DECOMMIT 0x2026fc000 16 KB
  24.862 TIGER-DECOMMIT 0x202700000 16 KB
  24.862 TIGER-DECOMMIT 0x202704000 16 KB
  24.862 TIGER-DECOMMIT 0x202708000 16 KB
  24.862 TIGER-DECOMMIT 0x20270c000 16 KB
  24.862 TIGER-DECOMMIT 0x202710000 16 KB
  24.862 TIGER-DECOMMIT 0x202714000 16 KB
  24.862 TIGER-DECOMMIT 0x202718000 16 KB
  24.863 TIGER-DECOMMIT 0x20271c000 16 KB
  24.863 TIGER-DECOMMIT 0x202720000 16 KB
  24.863 TIGER-DECOMMIT 0x202724000 16 KB
  24.863 TIGER-DECOMMIT 0x202728000 16 KB
  24.863 TIGER-DECOMMIT 0x20272c000 16 KB
  24.863 TIGER-DECOMMIT 0x202730000 16 KB
  24.863 TIGER-DECOMMIT 0x202734000 16 KB
  24.863 TIGER-DECOMMIT 0x202738000 16 KB
  24.863 TIGER-DECOMMIT 0x20273c000 16 KB
  24.863 TIGER-DECOMMIT 0x202740000 16 KB
  24.863 TIGER-DECOMMIT 0x202744000 16 KB
  24.864 TIGER-DECOMMIT 0x202748000 16 KB
  24.864 TIGER-DECOMMIT 0x20274c000 16 KB
  24.864 TIGER-DECOMMIT 0x202750000 16 KB
  24.864 TIGER-DECOMMIT 0x202754000 16 KB
  24.864 TIGER-DECOMMIT 0x202758000 16 KB
  24.864 TIGER-DECOMMIT 0x20275c000 16 KB
  24.864 TIGER-DECOMMIT 0x202760000 16 KB
  24.864 TIGER-DECOMMIT 0x202764000 16 KB
  24.864 TIGER-DECOMMIT 0x202768000 16 KB
  24.864 TIGER-DECOMMIT 0x20276c000 16 KB
  24.865 TIGER-DECOMMIT 0x202770000 16 KB
  24.865 TIGER-DECOMMIT 0x202774000 16 KB
  24.865 TIGER-DECOMMIT 0x202778000 16 KB
  24.865 TIGER-DECOMMIT 0x20277c000 16 KB
  24.865 TIGER-DECOMMIT 0x202780000 16 KB
  24.865 TIGER-DECOMMIT 0x202784000 16 KB
  24.865 TIGER-DECOMMIT 0x202788000 16 KB
  24.865 TIGER-DECOMMIT 0x20278c000 16 KB
  24.865 TIGER-DECOMMIT 0x202790000 16 KB
  24.865 TIGER-DECOMMIT 0x202794000 16 KB
  24.866 TIGER-DECOMMIT 0x202798000 16 KB
  24.866 TIGER-DECOMMIT 0x20279c000 16 KB
  24.866 TIGER-DECOMMIT 0x2027a0000 16 KB
  24.866 TIGER-DECOMMIT 0x2027a4000 16 KB
  24.866 TIGER-DECOMMIT 0x2027a8000 16 KB
  24.866 TIGER-DECOMMIT 0x2027ac000 16 KB
  24.866 TIGER-DECOMMIT 0x2027b0000 16 KB
  24.866 TIGER-DECOMMIT 0x2027b4000 16 KB
  24.866 TIGER-DECOMMIT 0x2027b8000 16 KB
  24.866 TIGER-DECOMMIT 0x2027bc000 16 KB
  24.867 TIGER-DECOMMIT 0x2027c0000 16 KB
  24.867 TIGER-DECOMMIT 0x2027c4000 16 KB
  24.867 TIGER-DECOMMIT 0x2027c8000 16 KB
  24.867 TIGER-DECOMMIT 0x2027cc000 16 KB
  24.867 TIGER-DECOMMIT 0x2027d0000 16 KB
  24.867 TIGER-DECOMMIT 0x2027d4000 16 KB
  24.867 TIGER-DECOMMIT 0x2027d8000 16 KB
  24.867 TIGER-DECOMMIT 0x2027dc000 16 KB
  24.867 TIGER-DECOMMIT 0x2027e0000 16 KB
  24.867 TIGER-DECOMMIT 0x2027e4000 16 KB
  24.868 TIGER-DECOMMIT 0x2027e8000 16 KB
  24.868 TIGER-DECOMMIT 0x2027ec000 16 KB
  24.868 TIGER-DECOMMIT 0x2027f0000 16 KB
  24.868 TIGER-DECOMMIT 0x2027f4000 16 KB
  24.868 TIGER-DECOMMIT 0x2027f8000 16 KB
  24.868 TIGER-DECOMMIT 0x2027fc000 16 KB
  24.868 TIGER-DECOMMIT 0x202800000 16 KB
  24.868 TIGER-DECOMMIT 0x202804000 16 KB
  24.868 TIGER-DECOMMIT 0x202808000 16 KB
  24.868 TIGER-DECOMMIT 0x20280c000 16 KB
  24.869 TIGER-DECOMMIT 0x202810000 16 KB
  24.869 TIGER-DECOMMIT 0x202814000 16 KB
  24.869 TIGER-DECOMMIT 0x202818000 16 KB
  24.869 TIGER-DECOMMIT 0x20281c000 16 KB
  24.869 TIGER-DECOMMIT 0x202820000 16 KB
  24.869 TIGER-DECOMMIT 0x202824000 16 KB
  24.869 TIGER-DECOMMIT 0x202828000 16 KB
  24.869 TIGER-DECOMMIT 0x20282c000 16 KB
  24.869 TIGER-DECOMMIT 0x202830000 16 KB
  24.869 TIGER-DECOMMIT 0x202834000 16 KB
  24.870 TIGER-DECOMMIT 0x202838000 16 KB
  24.870 TIGER-DECOMMIT 0x20283c000 16 KB
  24.870 TIGER-DECOMMIT 0x202840000 16 KB
  24.870 TIGER-DECOMMIT 0x202844000 16 KB
  24.970 TIGER-DECOMMIT 0x202848000 16 KB
  24.970 TIGER-DECOMMIT 0x20284c000 16 KB
  24.970 TIGER-DECOMMIT 0x202850000 16 KB
  24.971 TIGER-DECOMMIT 0x202854000 16 KB
  24.971 TIGER-DECOMMIT 0x202858000 16 KB
  24.971 TIGER-DECOMMIT 0x20285c000 16 KB
  24.971 TIGER-DECOMMIT 0x202860000 16 KB
  24.971 TIGER-DECOMMIT 0x202864000 16 KB
  24.971 TIGER-DECOMMIT 0x202868000 16 KB
  24.971 TIGER-DECOMMIT 0x20286c000 16 KB
  24.971 TIGER-DECOMMIT 0x202870000 16 KB
  24.971 TIGER-DECOMMIT 0x202874000 16 KB
  24.972 TIGER-DECOMMIT 0x202878000 16 KB
  24.972 TIGER-DECOMMIT 0x20287c000 16 KB
  24.972 TIGER-DECOMMIT 0x202880000 16 KB
  24.972 TIGER-DECOMMIT 0x202884000 16 KB
  24.972 TIGER-DECOMMIT 0x202888000 16 KB
  24.972 TIGER-DECOMMIT 0x20288c000 16 KB
  24.972 TIGER-DECOMMIT 0x202890000 16 KB
  24.972 TIGER-DECOMMIT 0x202894000 16 KB
  24.972 TIGER-DECOMMIT 0x202898000 16 KB
  24.972 TIGER-DECOMMIT 0x20289c000 16 KB
  24.973 TIGER-DECOMMIT 0x2028a0000 16 KB
  24.973 TIGER-DECOMMIT 0x2028a4000 16 KB
  24.973 TIGER-DECOMMIT 0x2028a8000 16 KB
  24.973 TIGER-DECOMMIT 0x2028ac000 16 KB
  24.973 TIGER-DECOMMIT 0x2028b0000 16 KB
  24.973 TIGER-DECOMMIT 0x2028b4000 16 KB
  24.973 TIGER-DECOMMIT 0x2028b8000 16 KB
  24.973 TIGER-DECOMMIT 0x2028bc000 16 KB
  24.973 TIGER-DECOMMIT 0x2028c0000 16 KB
  24.973 TIGER-DECOMMIT 0x2028c4000 16 KB
  24.974 TIGER-DECOMMIT 0x2028c8000 16 KB
  24.974 TIGER-DECOMMIT 0x2028cc000 16 KB
  24.974 TIGER-DECOMMIT 0x2028d0000 16 KB
  24.974 TIGER-DECOMMIT 0x2028d4000 16 KB
  24.974 TIGER-DECOMMIT 0x2028d8000 16 KB
  24.974 TIGER-DECOMMIT 0x2028dc000 16 KB
  24.974 TIGER-DECOMMIT 0x2028e0000 16 KB
  24.974 TIGER-DECOMMIT 0x2028e4000 16 KB
  24.974 TIGER-DECOMMIT 0x2028e8000 16 KB
  24.974 TIGER-DECOMMIT 0x2028ec000 16 KB
  24.975 TIGER-DECOMMIT 0x2028f0000 16 KB
  24.975 TIGER-DECOMMIT 0x2028f4000 16 KB
  24.975 TIGER-DECOMMIT 0x2028f8000 16 KB
  24.975 TIGER-DECOMMIT 0x2028fc000 16 KB
  24.975 TIGER-DECOMMIT 0x202900000 16 KB
  24.975 TIGER-DECOMMIT 0x202904000 16 KB
  24.975 TIGER-DECOMMIT 0x202908000 16 KB
  24.975 TIGER-DECOMMIT 0x20290c000 16 KB
  24.975 TIGER-DECOMMIT 0x202910000 16 KB
  24.975 TIGER-DECOMMIT 0x202914000 16 KB
  24.976 TIGER-DECOMMIT 0x202918000 16 KB
  24.976 TIGER-DECOMMIT 0x20291c000 16 KB
  24.976 TIGER-DECOMMIT 0x202920000 16 KB
  24.976 TIGER-DECOMMIT 0x202924000 16 KB
  24.976 TIGER-DECOMMIT 0x202928000 16 KB
  24.976 TIGER-DECOMMIT 0x20292c000 16 KB
  24.976 TIGER-DECOMMIT 0x202930000 16 KB
  24.976 TIGER-DECOMMIT 0x202934000 16 KB
  24.976 TIGER-DECOMMIT 0x202938000 16 KB
  24.976 TIGER-DECOMMIT 0x20293c000 16 KB
  24.977 TIGER-DECOMMIT 0x202940000 16 KB
  24.977 TIGER-DECOMMIT 0x202944000 16 KB
  24.977 TIGER-DECOMMIT 0x202948000 16 KB
  24.977 TIGER-DECOMMIT 0x20294c000 16 KB
  24.977 TIGER-DECOMMIT 0x202950000 16 KB
  24.977 TIGER-DECOMMIT 0x202954000 16 KB
  24.977 TIGER-DECOMMIT 0x202958000 16 KB
  24.977 TIGER-DECOMMIT 0x20295c000 16 KB
  24.977 TIGER-DECOMMIT 0x202960000 16 KB
  24.977 TIGER-DECOMMIT 0x202964000 16 KB
  24.978 TIGER-DECOMMIT 0x202968000 16 KB
  24.978 TIGER-DECOMMIT 0x20296c000 16 KB
  24.978 TIGER-DECOMMIT 0x202970000 16 KB
  24.978 TIGER-DECOMMIT 0x202974000 16 KB
  24.978 TIGER-DECOMMIT 0x202978000 16 KB
  24.978 TIGER-DECOMMIT 0x20297c000 16 KB
  24.978 TIGER-DECOMMIT 0x202980000 16 KB
  24.978 TIGER-DECOMMIT 0x202984000 16 KB
  24.978 TIGER-DECOMMIT 0x202988000 16 KB
  24.978 TIGER-DECOMMIT 0x20298c000 16 KB
  24.979 TIGER-DECOMMIT 0x202990000 16 KB
  24.979 TIGER-DECOMMIT 0x202994000 16 KB
  24.979 TIGER-DECOMMIT 0x202998000 16 KB
  24.979 TIGER-DECOMMIT 0x20299c000 16 KB
  24.979 TIGER-DECOMMIT 0x2029a0000 16 KB
  24.979 TIGER-DECOMMIT 0x2029a4000 16 KB
  24.979 TIGER-DECOMMIT 0x2029a8000 16 KB
  24.979 TIGER-DECOMMIT 0x2029ac000 16 KB
  24.979 TIGER-DECOMMIT 0x2029b0000 16 KB
  24.980 TIGER-DECOMMIT 0x2029b4000 16 KB
  24.980 TIGER-DECOMMIT 0x2029b8000 16 KB
  24.980 TIGER-DECOMMIT 0x2029bc000 16 KB
  24.980 TIGER-DECOMMIT 0x2029c0000 16 KB
  25.080 TIGER-DECOMMIT 0x2029c4000 16 KB
  25.081 TIGER-DECOMMIT 0x2029c8000 16 KB
  25.081 TIGER-DECOMMIT 0x2029cc000 16 KB
  25.081 TIGER-DECOMMIT 0x2029d0000 16 KB
  25.081 TIGER-DECOMMIT 0x2029d4000 16 KB
  25.081 TIGER-DECOMMIT 0x2029d8000 16 KB
  25.081 TIGER-DECOMMIT 0x2029dc000 16 KB
  25.081 TIGER-DECOMMIT 0x2029e0000 16 KB
  25.081 TIGER-DECOMMIT 0x2029e4000 16 KB
  25.081 TIGER-DECOMMIT 0x2029e8000 16 KB
  25.082 TIGER-DECOMMIT 0x2029ec000 16 KB
  25.082 TIGER-DECOMMIT 0x2029f0000 16 KB
  25.082 TIGER-DECOMMIT 0x2029f4000 16 KB
  25.082 TIGER-DECOMMIT 0x2029f8000 16 KB
  25.082 TIGER-DECOMMIT 0x2029fc000 16 KB
  25.082 TIGER-DECOMMIT 0x202a00000 16 KB
  25.082 TIGER-DECOMMIT 0x202a04000 16 KB
  25.082 TIGER-DECOMMIT 0x202a08000 16 KB
  25.082 TIGER-DECOMMIT 0x202a0c000 16 KB
  25.082 TIGER-DECOMMIT 0x202a10000 16 KB
  25.083 TIGER-DECOMMIT 0x202a14000 16 KB
  25.083 TIGER-DECOMMIT 0x202a18000 16 KB
  25.083 TIGER-DECOMMIT 0x202a1c000 16 KB
  25.083 TIGER-DECOMMIT 0x202a20000 16 KB
  25.083 TIGER-DECOMMIT 0x202a24000 16 KB
  25.083 TIGER-DECOMMIT 0x202a28000 16 KB
  25.083 TIGER-DECOMMIT 0x202a2c000 16 KB
  25.083 TIGER-DECOMMIT 0x202a30000 16 KB
  25.083 TIGER-DECOMMIT 0x202a34000 16 KB
  25.083 TIGER-DECOMMIT 0x202a38000 16 KB
  25.084 TIGER-DECOMMIT 0x202a3c000 16 KB
  25.084 TIGER-DECOMMIT 0x202a40000 16 KB
  25.084 TIGER-DECOMMIT 0x202a44000 16 KB
  25.084 TIGER-DECOMMIT 0x202a48000 16 KB
  25.084 TIGER-DECOMMIT 0x202a4c000 16 KB
  25.084 TIGER-DECOMMIT 0x202a50000 16 KB
  25.084 TIGER-DECOMMIT 0x202a54000 16 KB
  25.084 TIGER-DECOMMIT 0x202a58000 16 KB
  25.084 TIGER-DECOMMIT 0x202a5c000 16 KB
  25.084 TIGER-DECOMMIT 0x202a60000 16 KB
  25.085 TIGER-DECOMMIT 0x202a64000 16 KB
  25.085 TIGER-DECOMMIT 0x202a68000 16 KB
  25.085 TIGER-DECOMMIT 0x202a6c000 16 KB
  25.085 TIGER-DECOMMIT 0x202a70000 16 KB
  25.085 TIGER-DECOMMIT 0x202a74000 16 KB
  25.085 TIGER-DECOMMIT 0x202a78000 16 KB
  25.086 TIGER-DECOMMIT 0x202a7c000 16 KB
  25.086 TIGER-DECOMMIT 0x202a80000 16 KB
  25.086 TIGER-DECOMMIT 0x202a84000 16 KB
  25.086 TIGER-DECOMMIT 0x202a88000 16 KB
  25.086 TIGER-DECOMMIT 0x202a8c000 16 KB
  25.086 TIGER-DECOMMIT 0x202a90000 16 KB
  25.086 TIGER-DECOMMIT 0x202a94000 16 KB
  25.086 TIGER-DECOMMIT 0x202a98000 16 KB
  25.086 TIGER-DECOMMIT 0x202a9c000 16 KB
  25.086 TIGER-DECOMMIT 0x202aa0000 16 KB
  25.086 TIGER-DECOMMIT 0x202aa4000 16 KB
  25.086 TIGER-DECOMMIT 0x202aa8000 16 KB
  25.086 TIGER-DECOMMIT 0x202aac000 16 KB
  25.086 TIGER-DECOMMIT 0x202ab0000 16 KB
  25.086 TIGER-DECOMMIT 0x202ab4000 16 KB
  25.087 TIGER-DECOMMIT 0x202ab8000 16 KB
  25.087 TIGER-DECOMMIT 0x202abc000 16 KB
  25.087 TIGER-DECOMMIT 0x202ac0000 16 KB
  25.087 TIGER-DECOMMIT 0x202ac4000 16 KB
  25.087 TIGER-DECOMMIT 0x202ac8000 16 KB
  25.087 TIGER-DECOMMIT 0x202acc000 16 KB
  25.087 TIGER-DECOMMIT 0x202ad0000 16 KB
  25.087 TIGER-DECOMMIT 0x202ad4000 16 KB
  25.087 TIGER-DECOMMIT 0x202ad8000 16 KB
  25.087 TIGER-DECOMMIT 0x202adc000 16 KB
  25.088 TIGER-DECOMMIT 0x202ae0000 16 KB
  25.088 TIGER-DECOMMIT 0x202ae4000 16 KB
  25.088 TIGER-DECOMMIT 0x202ae8000 16 KB
  25.088 TIGER-DECOMMIT 0x202aec000 16 KB
  25.088 TIGER-DECOMMIT 0x202af0000 16 KB
  25.088 TIGER-DECOMMIT 0x202af4000 16 KB
  25.088 TIGER-DECOMMIT 0x202af8000 16 KB
  25.088 TIGER-DECOMMIT 0x202afc000 16 KB
  25.088 TIGER-DECOMMIT 0x202b00000 16 KB
  25.088 TIGER-DECOMMIT 0x202b04000 16 KB
  25.089 TIGER-DECOMMIT 0x202b08000 16 KB
  25.089 TIGER-DECOMMIT 0x202b0c000 16 KB
  25.089 TIGER-DECOMMIT 0x202b10000 16 KB
  25.089 TIGER-DECOMMIT 0x202b14000 16 KB
  25.089 TIGER-DECOMMIT 0x202b18000 16 KB
  25.089 TIGER-DECOMMIT 0x202b1c000 16 KB
  25.089 TIGER-DECOMMIT 0x202b20000 16 KB
  25.089 TIGER-DECOMMIT 0x202b24000 16 KB
  25.089 TIGER-DECOMMIT 0x202b28000 16 KB
  25.089 TIGER-DECOMMIT 0x202b2c000 16 KB
  25.090 TIGER-DECOMMIT 0x202b30000 16 KB
  25.090 TIGER-DECOMMIT 0x202b34000 16 KB
  25.090 TIGER-DECOMMIT 0x202b38000 16 KB
  25.090 TIGER-DECOMMIT 0x202b3c000 16 KB
  25.090 TIGER-DECOMMIT 0x202b40000 16 KB
  25.090 TIGER-DECOMMIT 0x202b44000 16 KB
  25.090 TIGER-DECOMMIT 0x202b48000 16 KB
  25.090 TIGER-DECOMMIT 0x202b4c000 16 KB
  25.191 TIGER-DECOMMIT 0x202b50000 16 KB
  25.191 TIGER-DECOMMIT 0x202b54000 16 KB
  25.191 TIGER-DECOMMIT 0x202b58000 16 KB
  25.191 TIGER-DECOMMIT 0x202b5c000 16 KB
  25.191 TIGER-DECOMMIT 0x202b60000 16 KB
  25.191 TIGER-DECOMMIT 0x202b64000 16 KB
  25.191 TIGER-DECOMMIT 0x202b68000 16 KB
  25.191 TIGER-DECOMMIT 0x202b6c000 16 KB
  25.192 TIGER-DECOMMIT 0x202b70000 16 KB
  25.192 TIGER-DECOMMIT 0x202b74000 16 KB
  25.192 TIGER-DECOMMIT 0x202b78000 16 KB
  25.192 TIGER-DECOMMIT 0x202b7c000 16 KB
  25.192 TIGER-DECOMMIT 0x202b80000 16 KB
  25.192 TIGER-DECOMMIT 0x202b84000 16 KB
  25.192 TIGER-DECOMMIT 0x202b88000 16 KB
  25.192 TIGER-DECOMMIT 0x202b8c000 16 KB
  25.192 TIGER-DECOMMIT 0x202b90000 16 KB
  25.193 TIGER-DECOMMIT 0x202b94000 16 KB
  25.193 TIGER-DECOMMIT 0x202b98000 16 KB
  25.193 TIGER-DECOMMIT 0x202b9c000 16 KB
  25.193 TIGER-DECOMMIT 0x202ba0000 16 KB
  25.193 TIGER-DECOMMIT 0x202ba4000 16 KB
  25.193 TIGER-DECOMMIT 0x202ba8000 16 KB
  25.193 TIGER-DECOMMIT 0x202bac000 16 KB
  25.193 TIGER-DECOMMIT 0x202bb0000 16 KB
  25.193 TIGER-DECOMMIT 0x202bb4000 16 KB
  25.193 TIGER-DECOMMIT 0x202bb8000 16 KB
  25.194 TIGER-DECOMMIT 0x202bbc000 16 KB
  25.194 TIGER-DECOMMIT 0x202bc0000 16 KB
  25.194 TIGER-DECOMMIT 0x202bc4000 16 KB
  25.194 TIGER-DECOMMIT 0x202bc8000 16 KB
  25.194 TIGER-DECOMMIT 0x202bcc000 16 KB
  25.194 TIGER-DECOMMIT 0x202bd0000 16 KB
  25.194 TIGER-DECOMMIT 0x202bd4000 16 KB
  25.194 TIGER-DECOMMIT 0x202bd8000 16 KB
  25.194 TIGER-DECOMMIT 0x202bdc000 16 KB
  25.194 TIGER-DECOMMIT 0x202be0000 16 KB
  25.195 TIGER-DECOMMIT 0x202be4000 16 KB
  25.195 TIGER-DECOMMIT 0x202be8000 16 KB
  25.195 TIGER-DECOMMIT 0x202bec000 16 KB
  25.195 TIGER-DECOMMIT 0x202bf0000 16 KB
  25.195 TIGER-DECOMMIT 0x202bf4000 16 KB
  25.195 TIGER-DECOMMIT 0x202bf8000 16 KB
  25.195 TIGER-DECOMMIT 0x202bfc000 16 KB
  25.195 TIGER-DECOMMIT 0x202c00000 16 KB
  25.195 TIGER-DECOMMIT 0x202c04000 16 KB
  25.196 TIGER-DECOMMIT 0x202c08000 16 KB
  25.196 TIGER-DECOMMIT 0x202c0c000 16 KB
  25.196 TIGER-DECOMMIT 0x202c10000 16 KB
  25.196 TIGER-DECOMMIT 0x202c14000 16 KB
  25.196 TIGER-DECOMMIT 0x202c18000 16 KB
  25.196 TIGER-DECOMMIT 0x202c1c000 16 KB
  25.196 TIGER-DECOMMIT 0x202c20000 16 KB
  25.196 TIGER-DECOMMIT 0x202c24000 16 KB
  25.196 TIGER-DECOMMIT 0x202c28000 16 KB
  25.196 TIGER-DECOMMIT 0x202c2c000 16 KB
  25.197 TIGER-DECOMMIT 0x202c30000 16 KB
  25.197 TIGER-DECOMMIT 0x202c34000 16 KB
  25.197 TIGER-DECOMMIT 0x202c38000 16 KB
  25.197 TIGER-DECOMMIT 0x202c3c000 16 KB
  25.197 TIGER-DECOMMIT 0x202c40000 16 KB
  25.197 TIGER-DECOMMIT 0x202c44000 16 KB
  25.197 TIGER-DECOMMIT 0x202c48000 16 KB
  25.197 TIGER-DECOMMIT 0x202c4c000 16 KB
  25.197 TIGER-DECOMMIT 0x202c50000 16 KB
  25.197 TIGER-DECOMMIT 0x202c54000 16 KB
  25.198 TIGER-DECOMMIT 0x202c58000 16 KB
  25.198 TIGER-DECOMMIT 0x202c5c000 16 KB
  25.198 TIGER-DECOMMIT 0x202c60000 16 KB
  25.198 TIGER-DECOMMIT 0x202c64000 16 KB
  25.198 TIGER-DECOMMIT 0x202c68000 16 KB
  25.198 TIGER-DECOMMIT 0x202c6c000 16 KB
  25.198 TIGER-DECOMMIT 0x202c70000 16 KB
  25.198 TIGER-DECOMMIT 0x202c74000 16 KB
  25.198 TIGER-DECOMMIT 0x202c78000 16 KB
  25.199 TIGER-DECOMMIT 0x202c7c000 16 KB
  25.199 TIGER-DECOMMIT 0x202c80000 16 KB
  25.199 TIGER-DECOMMIT 0x202c84000 16 KB
  25.199 TIGER-DECOMMIT 0x202c88000 16 KB
  25.199 TIGER-DECOMMIT 0x202c8c000 16 KB
  25.199 TIGER-DECOMMIT 0x202c90000 16 KB
  25.199 TIGER-DECOMMIT 0x202c94000 16 KB
  25.199 TIGER-DECOMMIT 0x202c98000 16 KB
  25.199 TIGER-DECOMMIT 0x202c9c000 16 KB
  25.199 TIGER-DECOMMIT 0x202ca0000 16 KB
  25.200 TIGER-DECOMMIT 0x202ca4000 16 KB
  25.200 TIGER-DECOMMIT 0x202ca8000 16 KB
  25.200 TIGER-DECOMMIT 0x202cac000 16 KB
  25.200 TIGER-DECOMMIT 0x202cb0000 16 KB
  25.200 TIGER-DECOMMIT 0x202cb4000 16 KB
  25.200 TIGER-DECOMMIT 0x202cb8000 16 KB
  25.200 TIGER-DECOMMIT 0x202cbc000 16 KB
  25.200 TIGER-DECOMMIT 0x202cc0000 16 KB
  25.200 TIGER-DECOMMIT 0x202cc4000 16 KB
  25.301 TIGER-DECOMMIT 0x202cc8000 16 KB
  25.301 TIGER-DECOMMIT 0x202ccc000 16 KB
  25.301 TIGER-DECOMMIT 0x202cd0000 16 KB
  25.301 TIGER-DECOMMIT 0x202cd4000 16 KB
  25.301 TIGER-DECOMMIT 0x202cd8000 16 KB
  25.301 TIGER-DECOMMIT 0x202cdc000 16 KB
  25.301 TIGER-DECOMMIT 0x202ce0000 16 KB
  25.302 TIGER-DECOMMIT 0x202ce4000 16 KB
  25.302 TIGER-DECOMMIT 0x202ce8000 16 KB
  25.302 TIGER-DECOMMIT 0x202cec000 16 KB
  25.302 TIGER-DECOMMIT 0x202cf0000 16 KB
  25.302 TIGER-DECOMMIT 0x202cf4000 16 KB
  25.302 TIGER-DECOMMIT 0x202cf8000 16 KB
  25.302 TIGER-DECOMMIT 0x202cfc000 16 KB
  25.302 TIGER-DECOMMIT 0x202d00000 16 KB
  25.302 TIGER-DECOMMIT 0x202d04000 16 KB
  25.303 TIGER-DECOMMIT 0x202d08000 16 KB
  25.303 TIGER-DECOMMIT 0x202d0c000 16 KB
  25.303 TIGER-DECOMMIT 0x202d10000 16 KB
  25.303 TIGER-DECOMMIT 0x202d14000 16 KB
  25.303 TIGER-DECOMMIT 0x202d18000 16 KB
  25.303 TIGER-DECOMMIT 0x202d1c000 16 KB
  25.303 TIGER-DECOMMIT 0x202d20000 16 KB
  25.303 TIGER-DECOMMIT 0x202d24000 16 KB
  25.303 TIGER-DECOMMIT 0x202d28000 16 KB
  25.303 TIGER-DECOMMIT 0x202d2c000 16 KB
  25.304 TIGER-DECOMMIT 0x202d30000 16 KB
  25.304 TIGER-DECOMMIT 0x202d34000 16 KB
  25.304 TIGER-DECOMMIT 0x202d38000 16 KB
  25.304 TIGER-DECOMMIT 0x202d3c000 16 KB
  25.304 TIGER-DECOMMIT 0x202d40000 16 KB
  25.304 TIGER-DECOMMIT 0x202d44000 16 KB
  25.304 TIGER-DECOMMIT 0x202d48000 16 KB
  25.304 TIGER-DECOMMIT 0x202d4c000 16 KB
  25.304 TIGER-DECOMMIT 0x202d50000 16 KB
  25.304 TIGER-DECOMMIT 0x202d54000 16 KB
  25.305 TIGER-DECOMMIT 0x202d58000 16 KB
  25.305 TIGER-DECOMMIT 0x202d5c000 16 KB
  25.305 TIGER-DECOMMIT 0x202d60000 16 KB
  25.305 TIGER-DECOMMIT 0x202d64000 16 KB
  25.305 TIGER-DECOMMIT 0x202d68000 16 KB
  25.305 TIGER-DECOMMIT 0x202d6c000 16 KB
  25.305 TIGER-DECOMMIT 0x202d70000 16 KB
  25.305 TIGER-DECOMMIT 0x202d74000 16 KB
  25.305 TIGER-DECOMMIT 0x202d78000 16 KB
  25.305 TIGER-DECOMMIT 0x202d7c000 16 KB
  25.306 TIGER-DECOMMIT 0x202d80000 16 KB
  25.306 TIGER-DECOMMIT 0x202d84000 16 KB
  25.306 TIGER-DECOMMIT 0x202d88000 16 KB
  25.306 TIGER-DECOMMIT 0x202d8c000 16 KB
  25.306 TIGER-DECOMMIT 0x202d90000 16 KB
  25.306 TIGER-DECOMMIT 0x202d94000 16 KB
  25.306 TIGER-DECOMMIT 0x202d98000 16 KB
  25.306 TIGER-DECOMMIT 0x202d9c000 16 KB
  25.306 TIGER-DECOMMIT 0x202da0000 16 KB
  25.307 TIGER-DECOMMIT 0x202da4000 16 KB
  25.307 TIGER-DECOMMIT 0x202da8000 16 KB
  25.307 TIGER-DECOMMIT 0x202dac000 16 KB
  25.307 TIGER-DECOMMIT 0x202db0000 16 KB
  25.307 TIGER-DECOMMIT 0x202db4000 16 KB
  25.307 TIGER-DECOMMIT 0x202db8000 16 KB
  25.307 TIGER-DECOMMIT 0x202dbc000 16 KB
  25.307 TIGER-DECOMMIT 0x202dc0000 16 KB
  25.307 TIGER-DECOMMIT 0x202dc4000 16 KB
  25.307 TIGER-DECOMMIT 0x202dc8000 16 KB
  25.308 TIGER-DECOMMIT 0x202dcc000 16 KB
  25.308 TIGER-DECOMMIT 0x202dd0000 16 KB
  25.308 TIGER-DECOMMIT 0x202dd4000 16 KB
  25.308 TIGER-DECOMMIT 0x202dd8000 16 KB
  25.308 TIGER-DECOMMIT 0x202ddc000 16 KB
  25.308 TIGER-DECOMMIT 0x202de0000 16 KB
  25.308 TIGER-DECOMMIT 0x202de4000 16 KB
  25.308 TIGER-DECOMMIT 0x202de8000 16 KB
  25.308 TIGER-DECOMMIT 0x202dec000 16 KB
  25.308 TIGER-DECOMMIT 0x202df0000 16 KB
  25.309 TIGER-DECOMMIT 0x202df4000 16 KB
  25.309 TIGER-DECOMMIT 0x202df8000 16 KB
  25.309 TIGER-DECOMMIT 0x202dfc000 16 KB
  25.309 TIGER-DECOMMIT 0x202e00000 16 KB
  25.309 TIGER-DECOMMIT 0x202e04000 16 KB
  25.309 TIGER-DECOMMIT 0x202e08000 16 KB
  25.309 TIGER-DECOMMIT 0x202e0c000 16 KB
  25.309 TIGER-DECOMMIT 0x202e10000 16 KB
  25.309 TIGER-DECOMMIT 0x202e14000 16 KB
  25.309 TIGER-DECOMMIT 0x202e18000 16 KB
  25.310 TIGER-DECOMMIT 0x202e1c000 16 KB
  25.310 TIGER-DECOMMIT 0x202e20000 16 KB
  25.310 TIGER-DECOMMIT 0x202e24000 16 KB
  25.310 TIGER-DECOMMIT 0x202e28000 16 KB
  25.310 TIGER-DECOMMIT 0x202e2c000 16 KB
  25.310 TIGER-DECOMMIT 0x202e30000 16 KB
  25.310 TIGER-DECOMMIT 0x202e34000 16 KB
  25.310 TIGER-DECOMMIT 0x202e38000 16 KB
  25.310 TIGER-DECOMMIT 0x202e3c000 16 KB
  25.310 TIGER-DECOMMIT 0x202e40000 16 KB
  25.311 TIGER-DECOMMIT 0x202e44000 16 KB
  25.428 TIGER-DECOMMIT 0x202e48000 16 KB
  25.428 TIGER-DECOMMIT 0x202e4c000 16 KB
  25.428 TIGER-DECOMMIT 0x202e50000 16 KB
  25.428 TIGER-DECOMMIT 0x202e54000 16 KB
  25.428 TIGER-DECOMMIT 0x202e58000 16 KB
  25.428 TIGER-DECOMMIT 0x202e5c000 16 KB
  25.428 TIGER-DECOMMIT 0x202e60000 16 KB
  25.428 TIGER-DECOMMIT 0x202e64000 16 KB
  25.428 TIGER-DECOMMIT 0x202e68000 16 KB
  25.428 TIGER-DECOMMIT 0x202e6c000 16 KB
  25.428 TIGER-DECOMMIT 0x202e70000 16 KB
  25.428 TIGER-DECOMMIT 0x202e74000 16 KB
  25.428 TIGER-DECOMMIT 0x202e78000 16 KB
  25.428 TIGER-DECOMMIT 0x202e7c000 16 KB
  25.428 TIGER-DECOMMIT 0x202e80000 16 KB
  25.428 TIGER-DECOMMIT 0x202e84000 16 KB
  25.428 TIGER-DECOMMIT 0x202e88000 16 KB
  25.428 TIGER-DECOMMIT 0x202e8c000 16 KB
  25.428 TIGER-DECOMMIT 0x202e90000 16 KB
  25.428 TIGER-DECOMMIT 0x202e94000 16 KB
  25.428 TIGER-DECOMMIT 0x202e98000 16 KB
  25.428 TIGER-DECOMMIT 0x202e9c000 16 KB
  25.428 TIGER-DECOMMIT 0x202ea0000 16 KB
  25.428 TIGER-DECOMMIT 0x202ea4000 16 KB
  25.428 TIGER-DECOMMIT 0x202ea8000 16 KB
  25.428 TIGER-DECOMMIT 0x202eac000 16 KB
  25.428 TIGER-DECOMMIT 0x202eb0000 16 KB
  25.428 TIGER-DECOMMIT 0x202eb4000 16 KB
  25.428 TIGER-DECOMMIT 0x202eb8000 16 KB
  25.428 TIGER-DECOMMIT 0x202ebc000 16 KB
  25.428 TIGER-DECOMMIT 0x202ec0000 16 KB
  25.428 TIGER-DECOMMIT 0x202ec4000 16 KB
  25.428 TIGER-DECOMMIT 0x202ec8000 16 KB
  25.428 TIGER-DECOMMIT 0x202ecc000 16 KB
  25.428 TIGER-DECOMMIT 0x202ed0000 16 KB
  25.428 TIGER-DECOMMIT 0x202ed4000 16 KB
  25.428 TIGER-DECOMMIT 0x202ed8000 16 KB
  25.428 TIGER-DECOMMIT 0x202edc000 16 KB
  25.428 TIGER-DECOMMIT 0x202ee0000 16 KB
  25.428 TIGER-DECOMMIT 0x202ee4000 16 KB
  25.428 TIGER-DECOMMIT 0x202ee8000 16 KB
  25.428 TIGER-DECOMMIT 0x202eec000 16 KB
  25.428 TIGER-DECOMMIT 0x202ef0000 16 KB
  25.428 TIGER-DECOMMIT 0x202ef4000 16 KB
  25.428 TIGER-DECOMMIT 0x202ef8000 16 KB
  25.428 TIGER-DECOMMIT 0x202efc000 16 KB
  25.428 TIGER-DECOMMIT 0x202f00000 16 KB
  25.428 TIGER-DECOMMIT 0x202f04000 16 KB
  25.428 TIGER-DECOMMIT 0x202f08000 16 KB
  25.428 TIGER-DECOMMIT 0x202f0c000 16 KB
  25.428 TIGER-DECOMMIT 0x202f10000 16 KB
  25.428 TIGER-DECOMMIT 0x202f14000 16 KB
  25.428 TIGER-DECOMMIT 0x202f18000 16 KB
  25.428 TIGER-DECOMMIT 0x202f1c000 16 KB
  25.428 TIGER-DECOMMIT 0x202f20000 16 KB
  25.428 TIGER-DECOMMIT 0x202f24000 16 KB
  25.428 TIGER-DECOMMIT 0x202f28000 16 KB
  25.428 TIGER-DECOMMIT 0x202f2c000 16 KB
  25.428 TIGER-DECOMMIT 0x202f30000 16 KB
  25.428 TIGER-DECOMMIT 0x202f34000 16 KB
  25.428 TIGER-DECOMMIT 0x202f38000 16 KB
  25.428 TIGER-DECOMMIT 0x202f3c000 16 KB
  25.428 TIGER-DECOMMIT 0x202f40000 16 KB
  25.428 TIGER-DECOMMIT 0x202f44000 16 KB
  25.428 TIGER-DECOMMIT 0x202f48000 16 KB
  25.428 TIGER-DECOMMIT 0x202f4c000 16 KB
  25.428 TIGER-DECOMMIT 0x202f50000 16 KB
  25.428 TIGER-DECOMMIT 0x202f54000 16 KB
  25.428 TIGER-DECOMMIT 0x202f58000 16 KB
  25.428 TIGER-DECOMMIT 0x202f5c000 16 KB
  25.428 TIGER-DECOMMIT 0x202f60000 16 KB
  25.428 TIGER-DECOMMIT 0x202f64000 16 KB
  25.428 TIGER-DECOMMIT 0x202f68000 16 KB
  25.428 TIGER-DECOMMIT 0x202f6c000 16 KB
  25.428 TIGER-DECOMMIT 0x202f70000 16 KB
  25.428 TIGER-DECOMMIT 0x202f74000 16 KB
  25.428 TIGER-DECOMMIT 0x202f78000 16 KB
  25.428 TIGER-DECOMMIT 0x202f7c000 16 KB
  25.428 TIGER-DECOMMIT 0x202f80000 16 KB
  25.428 TIGER-DECOMMIT 0x202f84000 16 KB
  25.428 TIGER-DECOMMIT 0x202f88000 16 KB
  25.428 TIGER-DECOMMIT 0x202f8c000 16 KB
  25.442 TIGER-DECOMMIT 0x202f90000 16 KB
  25.546 TIGER-DECOMMIT 0x202f94000 16 KB
  25.546 TIGER-DECOMMIT 0x202f98000 16 KB
  25.546 TIGER-DECOMMIT 0x202f9c000 16 KB
  25.546 TIGER-DECOMMIT 0x202fa0000 16 KB
  25.546 TIGER-DECOMMIT 0x202fa4000 16 KB
  25.546 TIGER-DECOMMIT 0x202fa8000 16 KB
  25.546 TIGER-DECOMMIT 0x202fac000 16 KB
  25.546 TIGER-DECOMMIT 0x202fb0000 16 KB
  25.546 TIGER-DECOMMIT 0x202fb4000 16 KB
  25.546 TIGER-DECOMMIT 0x202fb8000 16 KB
  25.546 TIGER-DECOMMIT 0x202fbc000 16 KB
  25.546 TIGER-DECOMMIT 0x202fc0000 16 KB
  25.546 TIGER-DECOMMIT 0x202fc4000 16 KB
  25.546 TIGER-DECOMMIT 0x202fc8000 16 KB
  25.546 TIGER-DECOMMIT 0x202fcc000 16 KB
  25.547 TIGER-DECOMMIT 0x202fd0000 16 KB
  25.547 TIGER-DECOMMIT 0x202fd4000 16 KB
  25.547 TIGER-DECOMMIT 0x202fd8000 16 KB
  25.547 TIGER-DECOMMIT 0x202fdc000 16 KB
  25.547 TIGER-DECOMMIT 0x202fe0000 16 KB
  25.547 TIGER-DECOMMIT 0x202fe4000 16 KB
  25.547 TIGER-DECOMMIT 0x202fe8000 16 KB
  25.547 TIGER-DECOMMIT 0x202fec000 16 KB
  25.547 TIGER-DECOMMIT 0x202ff0000 16 KB
  25.547 TIGER-DECOMMIT 0x202ff4000 16 KB
  25.547 TIGER-DECOMMIT 0x202ff8000 16 KB
  25.547 TIGER-DECOMMIT 0x202ffc000 16 KB
  25.547 TIGER-DECOMMIT 0x203000000 16 KB
  25.547 TIGER-DECOMMIT 0x203004000 16 KB
  25.547 TIGER-DECOMMIT 0x203008000 16 KB
  25.547 TIGER-DECOMMIT 0x20300c000 16 KB
  25.547 TIGER-DECOMMIT 0x203010000 16 KB
  25.547 TIGER-DECOMMIT 0x203014000 16 KB
  25.547 TIGER-DECOMMIT 0x203018000 16 KB
  25.547 TIGER-DECOMMIT 0x20301c000 16 KB
  25.547 TIGER-DECOMMIT 0x203020000 16 KB
  25.547 TIGER-DECOMMIT 0x203024000 16 KB
  25.547 TIGER-DECOMMIT 0x203028000 16 KB
  25.547 TIGER-DECOMMIT 0x20302c000 16 KB
  25.547 TIGER-DECOMMIT 0x203030000 16 KB
  25.547 TIGER-DECOMMIT 0x203034000 16 KB
  25.547 TIGER-DECOMMIT 0x203038000 16 KB
  25.547 TIGER-DECOMMIT 0x20303c000 16 KB
  25.547 TIGER-DECOMMIT 0x203040000 16 KB
  25.547 TIGER-DECOMMIT 0x203044000 16 KB
  25.547 TIGER-DECOMMIT 0x203048000 16 KB
  25.547 TIGER-DECOMMIT 0x20304c000 16 KB
  25.547 TIGER-DECOMMIT 0x203050000 16 KB
  25.547 TIGER-DECOMMIT 0x203054000 16 KB
  25.547 TIGER-DECOMMIT 0x203058000 16 KB
  25.547 TIGER-DECOMMIT 0x20305c000 16 KB
  25.551 TIGER-DECOMMIT 0x203060000 16 KB
  25.551 TIGER-DECOMMIT 0x203064000 16 KB
  25.551 TIGER-DECOMMIT 0x203068000 16 KB
  25.552 TIGER-DECOMMIT 0x20306c000 16 KB
  25.552 TIGER-DECOMMIT 0x203070000 16 KB
  25.552 TIGER-DECOMMIT 0x203074000 16 KB
  25.552 TIGER-DECOMMIT 0x203078000 16 KB
  25.552 TIGER-DECOMMIT 0x20307c000 16 KB
  25.552 TIGER-DECOMMIT 0x203080000 16 KB
  25.552 TIGER-DECOMMIT 0x203084000 16 KB
  25.552 TIGER-DECOMMIT 0x203088000 16 KB
  25.552 TIGER-DECOMMIT 0x20308c000 16 KB
  25.552 TIGER-DECOMMIT 0x203090000 16 KB
  25.552 TIGER-DECOMMIT 0x203094000 16 KB
  25.552 TIGER-DECOMMIT 0x203098000 16 KB
  25.552 TIGER-DECOMMIT 0x20309c000 16 KB
  25.552 TIGER-DECOMMIT 0x2030a0000 16 KB
  25.552 TIGER-DECOMMIT 0x2030a4000 16 KB
  25.552 TIGER-DECOMMIT 0x2030a8000 16 KB
  25.552 TIGER-DECOMMIT 0x2030ac000 16 KB
  25.552 TIGER-DECOMMIT 0x2030b0000 16 KB
  25.552 TIGER-DECOMMIT 0x2030b4000 16 KB
  25.552 TIGER-DECOMMIT 0x2030b8000 16 KB
  25.552 TIGER-DECOMMIT 0x2030bc000 16 KB
  25.552 TIGER-DECOMMIT 0x2030c0000 16 KB
  25.552 TIGER-DECOMMIT 0x2030c4000 16 KB
  25.552 TIGER-DECOMMIT 0x2030c8000 16 KB
  25.552 TIGER-DECOMMIT 0x2030cc000 16 KB
  25.552 TIGER-DECOMMIT 0x2030d0000 16 KB
  25.552 TIGER-DECOMMIT 0x2030d4000 16 KB
  25.552 TIGER-DECOMMIT 0x2030d8000 16 KB
  25.552 TIGER-DECOMMIT 0x2030dc000 16 KB
  25.552 TIGER-DECOMMIT 0x2030e0000 16 KB
  25.552 TIGER-DECOMMIT 0x2030e4000 16 KB
  25.552 TIGER-DECOMMIT 0x2030e8000 16 KB
  25.552 TIGER-DECOMMIT 0x2030ec000 16 KB
  25.552 TIGER-DECOMMIT 0x2030f0000 16 KB
  25.552 TIGER-DECOMMIT 0x2030f4000 16 KB
  25.552 TIGER-DECOMMIT 0x2030f8000 16 KB
  25.552 TIGER-DECOMMIT 0x2030fc000 16 KB
  25.552 TIGER-DECOMMIT 0x203100000 16 KB
  25.552 TIGER-DECOMMIT 0x203104000 16 KB
  25.552 TIGER-DECOMMIT 0x203108000 16 KB
  25.552 TIGER-DECOMMIT 0x20310c000 16 KB
  25.552 TIGER-DECOMMIT 0x203110000 16 KB
  25.552 TIGER-DECOMMIT 0x203114000 16 KB
  25.552 TIGER-DECOMMIT 0x203118000 16 KB
  25.552 TIGER-DECOMMIT 0x20311c000 16 KB
  25.552 TIGER-DECOMMIT 0x203120000 16 KB
  25.552 TIGER-DECOMMIT 0x203124000 16 KB
  25.552 TIGER-DECOMMIT 0x203128000 16 KB
  25.652 TIGER-DECOMMIT 0x20312c000 16 KB
  25.652 TIGER-DECOMMIT 0x203130000 16 KB
  25.653 TIGER-DECOMMIT 0x203134000 16 KB
  25.653 TIGER-DECOMMIT 0x203138000 16 KB
  25.653 TIGER-DECOMMIT 0x20313c000 16 KB
  25.653 TIGER-DECOMMIT 0x203140000 16 KB
  25.653 TIGER-DECOMMIT 0x203144000 16 KB
  25.653 TIGER-DECOMMIT 0x203148000 16 KB
  25.653 TIGER-DECOMMIT 0x20314c000 16 KB
  25.653 TIGER-DECOMMIT 0x203150000 16 KB
  25.654 TIGER-DECOMMIT 0x203154000 16 KB
  25.654 TIGER-DECOMMIT 0x203158000 16 KB
  25.654 TIGER-DECOMMIT 0x20315c000 16 KB
  25.654 TIGER-DECOMMIT 0x203160000 16 KB
  25.654 TIGER-DECOMMIT 0x203164000 16 KB
  25.654 TIGER-DECOMMIT 0x203168000 16 KB
  25.654 TIGER-DECOMMIT 0x20316c000 16 KB
  25.654 TIGER-DECOMMIT 0x203170000 16 KB
  25.654 TIGER-DECOMMIT 0x203174000 16 KB
  25.654 TIGER-DECOMMIT 0x203178000 16 KB
  25.655 TIGER-DECOMMIT 0x20317c000 16 KB
  25.655 TIGER-DECOMMIT 0x203180000 16 KB
  25.655 TIGER-DECOMMIT 0x203184000 16 KB
  25.655 TIGER-DECOMMIT 0x203188000 16 KB
  25.655 TIGER-DECOMMIT 0x20318c000 16 KB
  25.655 TIGER-DECOMMIT 0x203190000 16 KB
  25.655 TIGER-DECOMMIT 0x203194000 16 KB
  25.655 TIGER-DECOMMIT 0x203198000 16 KB
  25.655 TIGER-DECOMMIT 0x20319c000 16 KB
  25.655 TIGER-DECOMMIT 0x2031a0000 16 KB
  25.656 TIGER-DECOMMIT 0x2031a4000 16 KB
  25.656 TIGER-DECOMMIT 0x2031a8000 16 KB
  25.656 TIGER-DECOMMIT 0x2031ac000 16 KB
  25.656 TIGER-DECOMMIT 0x2031b0000 16 KB
  25.656 TIGER-DECOMMIT 0x2031b4000 16 KB
  25.656 TIGER-DECOMMIT 0x2031b8000 16 KB
  25.656 TIGER-DECOMMIT 0x2031bc000 16 KB
  25.656 TIGER-DECOMMIT 0x2031c0000 16 KB
  25.656 TIGER-DECOMMIT 0x2031c4000 16 KB
  25.656 TIGER-DECOMMIT 0x2031c8000 16 KB
  25.657 TIGER-DECOMMIT 0x2031cc000 16 KB
  25.657 TIGER-DECOMMIT 0x2031d0000 16 KB
  25.657 TIGER-DECOMMIT 0x2031d4000 16 KB
  25.657 TIGER-DECOMMIT 0x2031d8000 16 KB
  25.657 TIGER-DECOMMIT 0x2031dc000 16 KB
  25.657 TIGER-DECOMMIT 0x2031e0000 16 KB
  25.657 TIGER-DECOMMIT 0x2031e4000 16 KB
  25.657 TIGER-DECOMMIT 0x2031e8000 16 KB
  25.657 TIGER-DECOMMIT 0x2031ec000 16 KB
  25.657 TIGER-DECOMMIT 0x2031f0000 16 KB
  25.658 TIGER-DECOMMIT 0x2031f4000 16 KB
  25.658 TIGER-DECOMMIT 0x2031f8000 16 KB
  25.658 TIGER-DECOMMIT 0x2031fc000 16 KB
  25.658 TIGER-DECOMMIT 0x203200000 16 KB
  25.658 TIGER-DECOMMIT 0x203204000 16 KB
  25.658 TIGER-DECOMMIT 0x203208000 16 KB
  25.658 TIGER-DECOMMIT 0x20320c000 16 KB
  25.658 TIGER-DECOMMIT 0x203210000 16 KB
  25.658 TIGER-DECOMMIT 0x203214000 16 KB
  25.658 TIGER-DECOMMIT 0x203218000 16 KB
  25.659 TIGER-DECOMMIT 0x20321c000 16 KB
  25.659 TIGER-DECOMMIT 0x203220000 16 KB
  25.659 TIGER-DECOMMIT 0x203224000 16 KB
  25.659 TIGER-DECOMMIT 0x203228000 16 KB
  25.659 TIGER-DECOMMIT 0x20322c000 16 KB
  25.659 TIGER-DECOMMIT 0x203230000 16 KB
  25.659 TIGER-DECOMMIT 0x203234000 16 KB
  25.659 TIGER-DECOMMIT 0x203238000 16 KB
  25.659 TIGER-DECOMMIT 0x20323c000 16 KB
  25.659 TIGER-DECOMMIT 0x203240000 16 KB
  25.660 TIGER-DECOMMIT 0x203244000 16 KB
  25.660 TIGER-DECOMMIT 0x203248000 16 KB
  25.660 TIGER-DECOMMIT 0x20324c000 16 KB
  25.660 TIGER-DECOMMIT 0x203250000 16 KB
  25.660 TIGER-DECOMMIT 0x203254000 16 KB
  25.660 TIGER-DECOMMIT 0x203258000 16 KB
  25.660 TIGER-DECOMMIT 0x20325c000 16 KB
  25.660 TIGER-DECOMMIT 0x203260000 16 KB
  25.660 TIGER-DECOMMIT 0x203264000 16 KB
  25.661 TIGER-DECOMMIT 0x203268000 16 KB
  25.661 TIGER-DECOMMIT 0x20326c000 16 KB
  25.661 TIGER-DECOMMIT 0x203270000 16 KB
  25.661 TIGER-DECOMMIT 0x203274000 16 KB
  25.661 TIGER-DECOMMIT 0x203278000 16 KB
  25.661 TIGER-DECOMMIT 0x20327c000 16 KB
  25.661 TIGER-DECOMMIT 0x203280000 16 KB
  25.661 TIGER-DECOMMIT 0x203284000 16 KB
  25.661 TIGER-DECOMMIT 0x203288000 16 KB
  25.661 TIGER-DECOMMIT 0x20328c000 16 KB
  25.662 TIGER-DECOMMIT 0x203290000 16 KB
  25.662 TIGER-DECOMMIT 0x203294000 16 KB
  25.662 TIGER-DECOMMIT 0x203298000 16 KB
  25.662 TIGER-DECOMMIT 0x20329c000 16 KB
  25.662 TIGER-DECOMMIT 0x2032a0000 16 KB
  25.662 TIGER-DECOMMIT 0x2032a4000 16 KB
  25.662 TIGER-DECOMMIT 0x2032a8000 16 KB
  25.763 TIGER-DECOMMIT 0x2032ac000 16 KB
  25.763 TIGER-DECOMMIT 0x2032b0000 16 KB
  25.763 TIGER-DECOMMIT 0x2032b4000 16 KB
  25.763 TIGER-DECOMMIT 0x2032b8000 16 KB
  25.763 TIGER-DECOMMIT 0x2032bc000 16 KB
  25.763 TIGER-DECOMMIT 0x2032c0000 16 KB
  25.763 TIGER-DECOMMIT 0x2032c4000 16 KB
  25.763 TIGER-DECOMMIT 0x2032c8000 16 KB
  25.763 TIGER-DECOMMIT 0x2032cc000 16 KB
  25.763 TIGER-DECOMMIT 0x2032d0000 16 KB
  25.763 TIGER-DECOMMIT 0x2032d4000 16 KB
  25.764 TIGER-DECOMMIT 0x2032d8000 16 KB
  25.764 TIGER-DECOMMIT 0x2032dc000 16 KB
  25.765 TIGER-DECOMMIT 0x2032e0000 16 KB
  25.765 TIGER-DECOMMIT 0x2032e4000 16 KB
  25.765 TIGER-DECOMMIT 0x2032e8000 16 KB
  25.765 TIGER-DECOMMIT 0x2032ec000 16 KB
  25.765 TIGER-DECOMMIT 0x2032f0000 16 KB
  25.765 TIGER-DECOMMIT 0x2032f4000 16 KB
  25.765 TIGER-DECOMMIT 0x2032f8000 16 KB
  25.765 TIGER-DECOMMIT 0x2032fc000 16 KB
  25.765 TIGER-DECOMMIT 0x203300000 16 KB
  25.765 TIGER-DECOMMIT 0x203304000 16 KB
  25.765 TIGER-DECOMMIT 0x203308000 16 KB
  25.765 TIGER-DECOMMIT 0x20330c000 16 KB
  25.765 TIGER-DECOMMIT 0x203310000 16 KB
  25.765 TIGER-DECOMMIT 0x203314000 16 KB
  25.765 TIGER-DECOMMIT 0x203318000 16 KB
  25.765 TIGER-DECOMMIT 0x20331c000 16 KB
  25.766 TIGER-DECOMMIT 0x203320000 16 KB
  25.766 TIGER-DECOMMIT 0x203324000 16 KB
  25.766 TIGER-DECOMMIT 0x203328000 16 KB
  25.766 TIGER-DECOMMIT 0x20332c000 16 KB
  25.766 TIGER-DECOMMIT 0x203330000 16 KB
  25.766 TIGER-DECOMMIT 0x203334000 16 KB
  25.766 TIGER-DECOMMIT 0x203338000 16 KB
  25.766 TIGER-DECOMMIT 0x20333c000 16 KB
  25.766 TIGER-DECOMMIT 0x203340000 16 KB
  25.767 TIGER-DECOMMIT 0x203344000 16 KB
  25.767 TIGER-DECOMMIT 0x203348000 16 KB
  25.767 TIGER-DECOMMIT 0x20334c000 16 KB
  25.767 TIGER-DECOMMIT 0x203350000 16 KB
  25.767 TIGER-DECOMMIT 0x203354000 16 KB
  25.767 TIGER-DECOMMIT 0x203358000 16 KB
  25.767 TIGER-DECOMMIT 0x20335c000 16 KB
  25.769 TIGER-DECOMMIT 0x203360000 16 KB
  25.769 TIGER-DECOMMIT 0x203364000 16 KB
  25.769 TIGER-DECOMMIT 0x203368000 16 KB
  25.769 TIGER-DECOMMIT 0x20336c000 16 KB
  25.769 TIGER-DECOMMIT 0x203370000 16 KB
  25.769 TIGER-DECOMMIT 0x203374000 16 KB
  25.769 TIGER-DECOMMIT 0x203378000 16 KB
  25.769 TIGER-DECOMMIT 0x20337c000 16 KB
  25.769 TIGER-DECOMMIT 0x203380000 16 KB
  25.769 TIGER-DECOMMIT 0x203384000 16 KB
  25.769 TIGER-DECOMMIT 0x203388000 16 KB
  25.769 TIGER-DECOMMIT 0x20338c000 16 KB
  25.769 TIGER-DECOMMIT 0x203390000 16 KB
  25.770 TIGER-DECOMMIT 0x203394000 16 KB
  25.770 TIGER-DECOMMIT 0x203398000 16 KB
  25.770 TIGER-DECOMMIT 0x20339c000 16 KB
  25.771 TIGER-DECOMMIT 0x2033a0000 16 KB
  25.771 TIGER-DECOMMIT 0x2033a4000 16 KB
  25.771 TIGER-DECOMMIT 0x2033a8000 16 KB
  25.771 TIGER-DECOMMIT 0x2033ac000 16 KB
  25.771 TIGER-DECOMMIT 0x2033b0000 16 KB
  25.771 TIGER-DECOMMIT 0x2033b4000 16 KB
  25.771 TIGER-DECOMMIT 0x2033b8000 16 KB
  25.771 TIGER-DECOMMIT 0x2033bc000 16 KB
  25.771 TIGER-DECOMMIT 0x2033c0000 16 KB
  25.771 TIGER-DECOMMIT 0x2033c4000 16 KB
  25.771 TIGER-DECOMMIT 0x2033c8000 16 KB
  25.771 TIGER-DECOMMIT 0x2033cc000 16 KB
  25.771 TIGER-DECOMMIT 0x2033d0000 16 KB
  25.771 TIGER-DECOMMIT 0x2033d4000 16 KB
  25.772 TIGER-DECOMMIT 0x2033d8000 16 KB
  25.772 TIGER-DECOMMIT 0x2033dc000 16 KB
  25.772 TIGER-DECOMMIT 0x2033e0000 16 KB
  25.772 TIGER-DECOMMIT 0x2033e4000 16 KB
  25.772 TIGER-DECOMMIT 0x2033e8000 16 KB
  25.772 TIGER-DECOMMIT 0x2033ec000 16 KB
  25.772 TIGER-DECOMMIT 0x2033f0000 16 KB
  25.772 TIGER-DECOMMIT 0x2033f4000 16 KB
  25.772 TIGER-DECOMMIT 0x2033f8000 16 KB
  25.772 TIGER-DECOMMIT 0x2033fc000 16 KB
  25.772 TIGER-DECOMMIT 0x203400000 16 KB
  25.772 TIGER-DECOMMIT 0x203404000 16 KB
  25.772 TIGER-DECOMMIT 0x203408000 16 KB
  25.773 TIGER-DECOMMIT 0x20340c000 16 KB
  25.773 TIGER-DECOMMIT 0x203410000 16 KB
  25.773 TIGER-DECOMMIT 0x203414000 16 KB
  25.773 TIGER-DECOMMIT 0x203418000 16 KB
  25.873 TIGER-DECOMMIT 0x20341c000 16 KB
  25.873 TIGER-DECOMMIT 0x203420000 16 KB
  25.873 TIGER-DECOMMIT 0x203424000 16 KB
  25.873 TIGER-DECOMMIT 0x203428000 16 KB
  25.873 TIGER-DECOMMIT 0x20342c000 16 KB
  25.873 TIGER-DECOMMIT 0x203430000 16 KB
  25.873 TIGER-DECOMMIT 0x203434000 16 KB
  25.874 TIGER-DECOMMIT 0x203438000 16 KB
  25.874 TIGER-DECOMMIT 0x20343c000 16 KB
  25.874 TIGER-DECOMMIT 0x203440000 16 KB
  25.874 TIGER-DECOMMIT 0x203444000 16 KB
  25.874 TIGER-DECOMMIT 0x203448000 16 KB
  25.874 TIGER-DECOMMIT 0x20344c000 16 KB
  25.874 TIGER-DECOMMIT 0x203450000 16 KB
  25.874 TIGER-DECOMMIT 0x203454000 16 KB
  25.874 TIGER-DECOMMIT 0x203458000 16 KB
  25.875 TIGER-DECOMMIT 0x20345c000 16 KB
  25.875 TIGER-DECOMMIT 0x203460000 16 KB
  25.875 TIGER-DECOMMIT 0x203464000 16 KB
  25.875 TIGER-DECOMMIT 0x203468000 16 KB
  25.875 TIGER-DECOMMIT 0x20346c000 16 KB
  25.875 TIGER-DECOMMIT 0x203470000 16 KB
  25.875 TIGER-DECOMMIT 0x203474000 16 KB
  25.875 TIGER-DECOMMIT 0x203478000 16 KB
  25.875 TIGER-DECOMMIT 0x20347c000 16 KB
  25.875 TIGER-DECOMMIT 0x203480000 16 KB
  25.876 TIGER-DECOMMIT 0x203484000 16 KB
  25.876 TIGER-DECOMMIT 0x203488000 16 KB
  25.876 TIGER-DECOMMIT 0x20348c000 16 KB
  25.876 TIGER-DECOMMIT 0x203490000 16 KB
  25.876 TIGER-DECOMMIT 0x203494000 16 KB
  25.876 TIGER-DECOMMIT 0x203498000 16 KB
  25.876 TIGER-DECOMMIT 0x20349c000 16 KB
  25.876 TIGER-DECOMMIT 0x2034a0000 16 KB
  25.876 TIGER-DECOMMIT 0x2034a4000 16 KB
  25.876 TIGER-DECOMMIT 0x2034a8000 16 KB
  25.877 TIGER-DECOMMIT 0x2034ac000 16 KB
  25.877 TIGER-DECOMMIT 0x2034b0000 16 KB
  25.877 TIGER-DECOMMIT 0x2034b4000 16 KB
  25.877 TIGER-DECOMMIT 0x2034b8000 16 KB
  25.877 TIGER-DECOMMIT 0x2034bc000 16 KB
  25.877 TIGER-DECOMMIT 0x2034c0000 16 KB
  25.877 TIGER-DECOMMIT 0x2034c4000 16 KB
  25.877 TIGER-DECOMMIT 0x2034c8000 16 KB
  25.877 TIGER-DECOMMIT 0x2034cc000 16 KB
  25.878 TIGER-DECOMMIT 0x2034d0000 16 KB
  25.878 TIGER-DECOMMIT 0x2034d4000 16 KB
  25.878 TIGER-DECOMMIT 0x2034d8000 16 KB
  25.878 TIGER-DECOMMIT 0x2034dc000 16 KB
  25.878 TIGER-DECOMMIT 0x2034e0000 16 KB
  25.878 TIGER-DECOMMIT 0x2034e4000 16 KB
  25.878 TIGER-DECOMMIT 0x2034e8000 16 KB
  25.878 TIGER-DECOMMIT 0x2034ec000 16 KB
  25.878 TIGER-DECOMMIT 0x2034f0000 16 KB
  25.878 TIGER-DECOMMIT 0x2034f4000 16 KB
  25.879 TIGER-DECOMMIT 0x2034f8000 16 KB
  25.879 TIGER-DECOMMIT 0x2034fc000 16 KB
  25.879 TIGER-DECOMMIT 0x203500000 16 KB
  25.879 TIGER-DECOMMIT 0x203504000 16 KB
  25.879 TIGER-DECOMMIT 0x203508000 16 KB
  25.879 TIGER-DECOMMIT 0x20350c000 16 KB
  25.879 TIGER-DECOMMIT 0x203510000 16 KB
  25.879 TIGER-DECOMMIT 0x203514000 16 KB
  25.879 TIGER-DECOMMIT 0x203518000 16 KB
  25.879 TIGER-DECOMMIT 0x20351c000 16 KB
  25.880 TIGER-DECOMMIT 0x203520000 16 KB
  25.880 TIGER-DECOMMIT 0x203524000 16 KB
  25.880 TIGER-DECOMMIT 0x203528000 16 KB
  25.880 TIGER-DECOMMIT 0x20352c000 16 KB
  25.880 TIGER-DECOMMIT 0x203530000 16 KB
  25.880 TIGER-DECOMMIT 0x203534000 16 KB
  25.880 TIGER-DECOMMIT 0x203538000 16 KB
  25.880 TIGER-DECOMMIT 0x20353c000 16 KB
  25.880 TIGER-DECOMMIT 0x203540000 16 KB
  25.880 TIGER-DECOMMIT 0x203544000 16 KB
  25.881 TIGER-DECOMMIT 0x203548000 16 KB
  25.881 TIGER-DECOMMIT 0x20354c000 16 KB
  25.881 TIGER-DECOMMIT 0x203550000 16 KB
  25.881 TIGER-DECOMMIT 0x203554000 16 KB
  25.881 TIGER-DECOMMIT 0x203558000 16 KB
  25.881 TIGER-DECOMMIT 0x20355c000 16 KB
  25.881 TIGER-DECOMMIT 0x203560000 16 KB
  25.881 TIGER-DECOMMIT 0x203564000 16 KB
  25.881 TIGER-DECOMMIT 0x203568000 16 KB
  25.881 TIGER-DECOMMIT 0x20356c000 16 KB
  25.882 TIGER-DECOMMIT 0x203570000 16 KB
  25.882 TIGER-DECOMMIT 0x203574000 16 KB
  25.882 TIGER-DECOMMIT 0x203578000 16 KB
  25.882 TIGER-DECOMMIT 0x20357c000 16 KB
  25.882 TIGER-DECOMMIT 0x203580000 16 KB
  25.882 TIGER-DECOMMIT 0x203584000 16 KB
  25.882 TIGER-DECOMMIT 0x203588000 16 KB
  25.882 TIGER-DECOMMIT 0x20358c000 16 KB
  25.882 TIGER-DECOMMIT 0x203590000 16 KB
  25.983 TIGER-DECOMMIT 0x203594000 16 KB
  25.983 TIGER-DECOMMIT 0x203598000 16 KB
  25.983 TIGER-DECOMMIT 0x20359c000 16 KB
  25.983 TIGER-DECOMMIT 0x2035a0000 16 KB
  25.983 TIGER-DECOMMIT 0x2035a4000 16 KB
  25.983 TIGER-DECOMMIT 0x2035a8000 16 KB
  25.983 TIGER-DECOMMIT 0x2035ac000 16 KB
  25.983 TIGER-DECOMMIT 0x2035b0000 16 KB
  25.984 TIGER-DECOMMIT 0x2035b4000 16 KB
  25.984 TIGER-DECOMMIT 0x2035b8000 16 KB
  25.984 TIGER-DECOMMIT 0x2035bc000 16 KB
  25.984 TIGER-DECOMMIT 0x2035c0000 16 KB
  25.984 TIGER-DECOMMIT 0x2035c4000 16 KB
  25.984 TIGER-DECOMMIT 0x2035c8000 16 KB
  25.984 TIGER-DECOMMIT 0x2035cc000 16 KB
  25.984 TIGER-DECOMMIT 0x2035d0000 16 KB
  25.984 TIGER-DECOMMIT 0x2035d4000 16 KB
  25.985 TIGER-DECOMMIT 0x2035d8000 16 KB
  25.985 TIGER-DECOMMIT 0x2035dc000 16 KB
  25.985 TIGER-DECOMMIT 0x2035e0000 16 KB
  25.985 TIGER-DECOMMIT 0x2035e4000 16 KB
  25.985 TIGER-DECOMMIT 0x2035e8000 16 KB
  25.985 TIGER-DECOMMIT 0x2035ec000 16 KB
  25.985 TIGER-DECOMMIT 0x2035f0000 16 KB
  25.985 TIGER-DECOMMIT 0x2035f4000 16 KB
  25.985 TIGER-DECOMMIT 0x2035f8000 16 KB
  25.985 TIGER-DECOMMIT 0x2035fc000 16 KB
  25.986 TIGER-DECOMMIT 0x203600000 16 KB
  25.986 TIGER-DECOMMIT 0x203604000 16 KB
  25.986 TIGER-DECOMMIT 0x203608000 16 KB
  25.986 TIGER-DECOMMIT 0x20360c000 16 KB
  25.986 TIGER-DECOMMIT 0x203610000 16 KB
  25.986 TIGER-DECOMMIT 0x203614000 16 KB
  25.986 TIGER-DECOMMIT 0x203618000 16 KB
  25.986 TIGER-DECOMMIT 0x20361c000 16 KB
  25.986 TIGER-DECOMMIT 0x203620000 16 KB
  25.987 TIGER-DECOMMIT 0x203624000 16 KB
  25.987 TIGER-DECOMMIT 0x203628000 16 KB
  25.987 TIGER-DECOMMIT 0x20362c000 16 KB
  25.987 TIGER-DECOMMIT 0x203630000 16 KB
  25.987 TIGER-DECOMMIT 0x203634000 16 KB
  25.987 TIGER-DECOMMIT 0x203638000 16 KB
  25.987 TIGER-DECOMMIT 0x20363c000 16 KB
  25.987 TIGER-DECOMMIT 0x203640000 16 KB
  25.987 TIGER-DECOMMIT 0x203644000 16 KB
  25.987 TIGER-DECOMMIT 0x203648000 16 KB
  25.988 TIGER-DECOMMIT 0x20364c000 16 KB
  25.988 TIGER-DECOMMIT 0x203650000 16 KB
  25.988 TIGER-DECOMMIT 0x203654000 16 KB
  25.988 TIGER-DECOMMIT 0x203658000 16 KB
  25.988 TIGER-DECOMMIT 0x20365c000 16 KB
  25.988 TIGER-DECOMMIT 0x203660000 16 KB
  25.988 TIGER-DECOMMIT 0x203664000 16 KB
  25.988 TIGER-DECOMMIT 0x203668000 16 KB
  25.988 TIGER-DECOMMIT 0x20366c000 16 KB
  25.990 TIGER-DECOMMIT 0x203670000 16 KB
  25.990 TIGER-DECOMMIT 0x203674000 16 KB
  25.990 TIGER-DECOMMIT 0x203678000 16 KB
  25.990 TIGER-DECOMMIT 0x20367c000 16 KB
  25.990 TIGER-DECOMMIT 0x203680000 16 KB
  25.990 TIGER-DECOMMIT 0x203684000 16 KB
  25.991 TIGER-DECOMMIT 0x203688000 16 KB
  25.991 TIGER-DECOMMIT 0x20368c000 16 KB
  25.991 TIGER-DECOMMIT 0x203690000 16 KB
  25.991 TIGER-DECOMMIT 0x203694000 16 KB
  25.991 TIGER-DECOMMIT 0x203698000 16 KB
  25.991 TIGER-DECOMMIT 0x20369c000 16 KB
  25.991 TIGER-DECOMMIT 0x2036a0000 16 KB
  25.991 TIGER-DECOMMIT 0x2036a4000 16 KB
  25.991 TIGER-DECOMMIT 0x2036a8000 16 KB
  25.991 TIGER-DECOMMIT 0x2036ac000 16 KB
  25.992 TIGER-DECOMMIT 0x2036b0000 16 KB
  25.992 TIGER-DECOMMIT 0x2036b4000 16 KB
  25.992 TIGER-DECOMMIT 0x2036b8000 16 KB
  25.992 TIGER-DECOMMIT 0x2036bc000 16 KB
  25.992 TIGER-DECOMMIT 0x2036c0000 16 KB
  25.992 TIGER-DECOMMIT 0x2036c4000 16 KB
  25.992 TIGER-DECOMMIT 0x2036c8000 16 KB
  25.992 TIGER-DECOMMIT 0x2036cc000 16 KB
  25.992 TIGER-DECOMMIT 0x2036d0000 16 KB
  25.993 TIGER-DECOMMIT 0x2036d4000 16 KB
  26.093 TIGER-DECOMMIT 0x2036d8000 16 KB
  26.093 TIGER-DECOMMIT 0x2036dc000 16 KB
  26.093 TIGER-DECOMMIT 0x2036e0000 16 KB
  26.093 TIGER-DECOMMIT 0x2036e4000 16 KB
  26.093 TIGER-DECOMMIT 0x2036e8000 16 KB
  26.093 TIGER-DECOMMIT 0x2036ec000 16 KB
  26.093 TIGER-DECOMMIT 0x2036f0000 16 KB
  26.094 TIGER-DECOMMIT 0x2036f4000 16 KB
  26.094 TIGER-DECOMMIT 0x2036f8000 16 KB
  26.094 TIGER-DECOMMIT 0x2036fc000 16 KB
  26.094 TIGER-DECOMMIT 0x203700000 16 KB
  26.094 TIGER-DECOMMIT 0x203704000 16 KB
  26.094 TIGER-DECOMMIT 0x203708000 16 KB
  26.094 TIGER-DECOMMIT 0x20370c000 16 KB
  26.094 TIGER-DECOMMIT 0x203710000 16 KB
  26.094 TIGER-DECOMMIT 0x203714000 16 KB
  26.095 TIGER-DECOMMIT 0x203718000 16 KB
  26.095 TIGER-DECOMMIT 0x20371c000 16 KB
  26.095 TIGER-DECOMMIT 0x203720000 16 KB
  26.095 TIGER-DECOMMIT 0x203724000 16 KB
  26.095 TIGER-DECOMMIT 0x203728000 16 KB
  26.095 TIGER-DECOMMIT 0x20372c000 16 KB
  26.095 TIGER-DECOMMIT 0x203730000 16 KB
  26.095 TIGER-DECOMMIT 0x203734000 16 KB
  26.095 TIGER-DECOMMIT 0x203738000 16 KB
  26.095 TIGER-DECOMMIT 0x20373c000 16 KB
  26.096 TIGER-DECOMMIT 0x203740000 16 KB
  26.096 TIGER-DECOMMIT 0x203744000 16 KB
  26.096 TIGER-DECOMMIT 0x203748000 16 KB
  26.096 TIGER-DECOMMIT 0x20374c000 16 KB
  26.096 TIGER-DECOMMIT 0x203750000 16 KB
  26.096 TIGER-DECOMMIT 0x203754000 16 KB
  26.096 TIGER-DECOMMIT 0x203758000 16 KB
  26.096 TIGER-DECOMMIT 0x20375c000 16 KB
  26.096 TIGER-DECOMMIT 0x203760000 16 KB
  26.096 TIGER-DECOMMIT 0x203764000 16 KB
  26.097 TIGER-DECOMMIT 0x203768000 16 KB
  26.097 TIGER-DECOMMIT 0x20376c000 16 KB
  26.097 TIGER-DECOMMIT 0x203770000 16 KB
  26.097 TIGER-DECOMMIT 0x203774000 16 KB
  26.097 TIGER-DECOMMIT 0x203778000 16 KB
  26.097 TIGER-DECOMMIT 0x20377c000 16 KB
  26.097 TIGER-DECOMMIT 0x203780000 16 KB
  26.097 TIGER-DECOMMIT 0x203784000 16 KB
  26.097 TIGER-DECOMMIT 0x203788000 16 KB
  26.097 TIGER-DECOMMIT 0x20378c000 16 KB
  26.098 TIGER-DECOMMIT 0x203790000 16 KB
  26.098 TIGER-DECOMMIT 0x203794000 16 KB
  26.098 TIGER-DECOMMIT 0x203798000 16 KB
  26.098 TIGER-DECOMMIT 0x20379c000 16 KB
  26.098 TIGER-DECOMMIT 0x2037a0000 16 KB
  26.098 TIGER-DECOMMIT 0x2037a4000 16 KB
  26.098 TIGER-DECOMMIT 0x2037a8000 16 KB
  26.098 TIGER-DECOMMIT 0x2037ac000 16 KB
  26.098 TIGER-DECOMMIT 0x2037b0000 16 KB
  26.099 TIGER-DECOMMIT 0x2037b4000 16 KB
  26.099 TIGER-DECOMMIT 0x2037b8000 16 KB
  26.099 TIGER-DECOMMIT 0x2037bc000 16 KB
  26.099 TIGER-DECOMMIT 0x2037c0000 16 KB
  26.099 TIGER-DECOMMIT 0x2037c4000 16 KB
  26.099 TIGER-DECOMMIT 0x2037c8000 16 KB
  26.099 TIGER-DECOMMIT 0x2037cc000 16 KB
  26.099 TIGER-DECOMMIT 0x2037d0000 16 KB
  26.099 TIGER-DECOMMIT 0x2037d4000 16 KB
  26.099 TIGER-DECOMMIT 0x2037d8000 16 KB
  26.100 TIGER-DECOMMIT 0x2037dc000 16 KB
  26.100 TIGER-DECOMMIT 0x2037e0000 16 KB
  26.100 TIGER-DECOMMIT 0x2037e4000 16 KB
  26.100 TIGER-DECOMMIT 0x2037e8000 16 KB
  26.100 TIGER-DECOMMIT 0x2037ec000 16 KB
  26.100 TIGER-DECOMMIT 0x2037f0000 16 KB
  26.100 TIGER-DECOMMIT 0x2037f4000 16 KB
  26.100 TIGER-DECOMMIT 0x2037f8000 16 KB
  26.100 TIGER-DECOMMIT 0x2037fc000 16 KB
  26.101 TIGER-DECOMMIT 0x203800000 16 KB
  26.101 TIGER-DECOMMIT 0x203804000 16 KB
  26.101 TIGER-DECOMMIT 0x203808000 16 KB
  26.101 TIGER-DECOMMIT 0x20380c000 16 KB
  26.101 TIGER-DECOMMIT 0x203810000 16 KB
  26.101 TIGER-DECOMMIT 0x203814000 16 KB
  26.101 TIGER-DECOMMIT 0x203818000 16 KB
  26.101 TIGER-DECOMMIT 0x20381c000 16 KB
  26.102 TIGER-DECOMMIT 0x203820000 16 KB
  26.102 TIGER-DECOMMIT 0x203824000 16 KB
  26.102 TIGER-DECOMMIT 0x203828000 16 KB
  26.102 TIGER-DECOMMIT 0x20382c000 16 KB
  26.102 TIGER-DECOMMIT 0x203830000 16 KB
  26.102 TIGER-DECOMMIT 0x203834000 16 KB
  26.102 TIGER-DECOMMIT 0x203838000 16 KB
  26.102 TIGER-DECOMMIT 0x20383c000 16 KB
  26.102 TIGER-DECOMMIT 0x203840000 16 KB
  26.102 TIGER-DECOMMIT 0x203844000 16 KB
  26.102 TIGER-DECOMMIT 0x203848000 16 KB
  26.102 TIGER-DECOMMIT 0x20384c000 16 KB
  26.103 TIGER-DECOMMIT 0x203850000 16 KB
  26.103 TIGER-DECOMMIT 0x203854000 16 KB
  26.204 TIGER-DECOMMIT 0x203858000 16 KB
  26.204 TIGER-DECOMMIT 0x20385c000 16 KB
  26.204 TIGER-DECOMMIT 0x203860000 16 KB
  26.204 TIGER-DECOMMIT 0x203864000 16 KB
  26.204 TIGER-DECOMMIT 0x203868000 16 KB
  26.204 TIGER-DECOMMIT 0x20386c000 16 KB
  26.204 TIGER-DECOMMIT 0x203870000 16 KB
  26.204 TIGER-DECOMMIT 0x203874000 16 KB
  26.204 TIGER-DECOMMIT 0x203878000 16 KB
  26.204 TIGER-DECOMMIT 0x20387c000 16 KB
  26.204 TIGER-DECOMMIT 0x203880000 16 KB
  26.204 TIGER-DECOMMIT 0x203884000 16 KB
  26.204 TIGER-DECOMMIT 0x203888000 16 KB
  26.204 TIGER-DECOMMIT 0x20388c000 16 KB
  26.205 TIGER-DECOMMIT 0x203890000 16 KB
  26.205 TIGER-DECOMMIT 0x203894000 16 KB
  26.205 TIGER-DECOMMIT 0x203898000 16 KB
  26.205 TIGER-DECOMMIT 0x20389c000 16 KB
  26.205 TIGER-DECOMMIT 0x2038a0000 16 KB
  26.205 TIGER-DECOMMIT 0x2038a4000 16 KB
  26.214 TIGER-DECOMMIT 0x2038a8000 16 KB
  26.214 TIGER-DECOMMIT 0x2038ac000 16 KB
  26.214 TIGER-DECOMMIT 0x2038b0000 16 KB
  26.214 TIGER-DECOMMIT 0x2038b4000 16 KB
  26.214 TIGER-DECOMMIT 0x2038b8000 16 KB
  26.214 TIGER-DECOMMIT 0x2038bc000 16 KB
  26.214 TIGER-DECOMMIT 0x2038c0000 16 KB
  26.214 TIGER-DECOMMIT 0x2038c4000 16 KB
  26.214 TIGER-DECOMMIT 0x2038c8000 16 KB
  26.214 TIGER-DECOMMIT 0x2038cc000 16 KB
  26.214 TIGER-DECOMMIT 0x2038d0000 16 KB
  26.214 TIGER-DECOMMIT 0x2038d4000 16 KB
  26.214 TIGER-DECOMMIT 0x2038d8000 16 KB
  26.214 TIGER-DECOMMIT 0x2038dc000 16 KB
  26.214 TIGER-DECOMMIT 0x2038e0000 16 KB
  26.214 TIGER-DECOMMIT 0x2038e4000 16 KB
  26.214 TIGER-DECOMMIT 0x2038e8000 16 KB
  26.214 TIGER-DECOMMIT 0x2038ec000 16 KB
  26.214 TIGER-DECOMMIT 0x2038f0000 16 KB
  26.214 TIGER-DECOMMIT 0x2038f4000 16 KB
  26.214 TIGER-DECOMMIT 0x2038f8000 16 KB
  26.214 TIGER-DECOMMIT 0x2038fc000 16 KB
  26.214 TIGER-DECOMMIT 0x203900000 16 KB
  26.214 TIGER-DECOMMIT 0x203904000 16 KB
  26.214 TIGER-DECOMMIT 0x203908000 16 KB
  26.214 TIGER-DECOMMIT 0x20390c000 16 KB
  26.214 TIGER-DECOMMIT 0x203910000 16 KB
  26.214 TIGER-DECOMMIT 0x203914000 16 KB
  26.214 TIGER-DECOMMIT 0x203918000 16 KB
  26.214 TIGER-DECOMMIT 0x20391c000 16 KB
  26.219 TIGER-DECOMMIT 0x203920000 16 KB
  26.319 TIGER-DECOMMIT 0x203924000 16 KB
  26.319 TIGER-DECOMMIT 0x203928000 16 KB
  26.320 TIGER-DECOMMIT 0x20392c000 16 KB
  26.320 TIGER-DECOMMIT 0x203930000 16 KB
  26.320 TIGER-DECOMMIT 0x203934000 16 KB
  26.320 TIGER-DECOMMIT 0x203938000 16 KB
  26.320 TIGER-DECOMMIT 0x20393c000 16 KB
  26.320 TIGER-DECOMMIT 0x203940000 16 KB
  26.320 TIGER-DECOMMIT 0x203944000 16 KB
  26.320 TIGER-DECOMMIT 0x203948000 16 KB
  26.320 TIGER-DECOMMIT 0x20394c000 16 KB
  26.321 TIGER-DECOMMIT 0x203950000 16 KB
  26.321 TIGER-DECOMMIT 0x203954000 16 KB
  26.321 TIGER-DECOMMIT 0x203958000 16 KB
  26.321 TIGER-DECOMMIT 0x20395c000 16 KB
  26.321 TIGER-DECOMMIT 0x203960000 16 KB
  26.321 TIGER-DECOMMIT 0x203964000 16 KB
  26.321 TIGER-DECOMMIT 0x203968000 16 KB
  26.321 TIGER-DECOMMIT 0x20396c000 16 KB
  26.321 TIGER-DECOMMIT 0x203970000 16 KB
  26.322 TIGER-DECOMMIT 0x203974000 16 KB
  26.322 TIGER-DECOMMIT 0x203978000 16 KB
  26.322 TIGER-DECOMMIT 0x20397c000 16 KB
  26.322 TIGER-DECOMMIT 0x203980000 16 KB
  26.322 TIGER-DECOMMIT 0x203984000 16 KB
  26.322 TIGER-DECOMMIT 0x203988000 16 KB
  26.322 TIGER-DECOMMIT 0x20398c000 16 KB
  26.322 TIGER-DECOMMIT 0x203990000 16 KB
  26.322 TIGER-DECOMMIT 0x203994000 16 KB
  26.322 TIGER-DECOMMIT 0x203998000 16 KB
  26.323 TIGER-DECOMMIT 0x20399c000 16 KB
  26.323 TIGER-DECOMMIT 0x2039a0000 16 KB
  26.323 TIGER-DECOMMIT 0x2039a4000 16 KB
  26.323 TIGER-DECOMMIT 0x2039a8000 16 KB
  26.323 TIGER-DECOMMIT 0x2039ac000 16 KB
  26.323 TIGER-DECOMMIT 0x2039b0000 16 KB
  26.323 TIGER-DECOMMIT 0x2039b4000 16 KB
  26.323 TIGER-DECOMMIT 0x2039b8000 16 KB
  26.323 TIGER-DECOMMIT 0x2039bc000 16 KB
  26.323 TIGER-DECOMMIT 0x2039c0000 16 KB
  26.324 TIGER-DECOMMIT 0x2039c4000 16 KB
  26.324 TIGER-DECOMMIT 0x2039c8000 16 KB
  26.324 TIGER-DECOMMIT 0x2039cc000 16 KB
  26.324 TIGER-DECOMMIT 0x2039d0000 16 KB
  26.324 TIGER-DECOMMIT 0x2039d4000 16 KB
  26.324 TIGER-DECOMMIT 0x2039d8000 16 KB
  26.324 TIGER-DECOMMIT 0x2039dc000 16 KB
  26.324 TIGER-DECOMMIT 0x2039e0000 16 KB
  26.324 TIGER-DECOMMIT 0x2039e4000 16 KB
  26.324 TIGER-DECOMMIT 0x2039e8000 16 KB
  26.325 TIGER-DECOMMIT 0x2039ec000 16 KB
  26.325 TIGER-DECOMMIT 0x2039f0000 16 KB
  26.325 TIGER-DECOMMIT 0x2039f4000 16 KB
  26.325 TIGER-DECOMMIT 0x2039f8000 16 KB
  26.325 TIGER-DECOMMIT 0x2039fc000 16 KB
  26.325 TIGER-DECOMMIT 0x203a00000 16 KB
  26.325 TIGER-DECOMMIT 0x203a04000 16 KB
  26.325 TIGER-DECOMMIT 0x203a08000 16 KB
  26.325 TIGER-DECOMMIT 0x203a0c000 16 KB
  26.325 TIGER-DECOMMIT 0x203a10000 16 KB
  26.326 TIGER-DECOMMIT 0x203a14000 16 KB
  26.326 TIGER-DECOMMIT 0x203a18000 16 KB
  26.326 TIGER-DECOMMIT 0x203a1c000 16 KB
  26.326 TIGER-DECOMMIT 0x203a20000 16 KB
  26.326 TIGER-DECOMMIT 0x203a24000 16 KB
  26.326 TIGER-DECOMMIT 0x203a28000 16 KB
  26.326 TIGER-DECOMMIT 0x203a2c000 16 KB
  26.326 TIGER-DECOMMIT 0x203a30000 16 KB
  26.326 TIGER-DECOMMIT 0x203a34000 16 KB
  26.326 TIGER-DECOMMIT 0x203a38000 16 KB
  26.327 TIGER-DECOMMIT 0x203a3c000 16 KB
  26.327 TIGER-DECOMMIT 0x203a40000 16 KB
  26.327 TIGER-DECOMMIT 0x203a44000 16 KB
  26.327 TIGER-DECOMMIT 0x203a48000 16 KB
  26.327 TIGER-DECOMMIT 0x203a4c000 16 KB
  26.327 TIGER-DECOMMIT 0x203a50000 16 KB
  26.327 TIGER-DECOMMIT 0x203a54000 16 KB
  26.327 TIGER-DECOMMIT 0x203a58000 16 KB
  26.327 TIGER-DECOMMIT 0x203a5c000 16 KB
  26.327 TIGER-DECOMMIT 0x203a60000 16 KB
  26.328 TIGER-DECOMMIT 0x203a64000 16 KB
  26.328 TIGER-DECOMMIT 0x203a68000 16 KB
  26.328 TIGER-DECOMMIT 0x203a6c000 16 KB
  26.328 TIGER-DECOMMIT 0x203a70000 16 KB
  26.328 TIGER-DECOMMIT 0x203a74000 16 KB
  26.328 TIGER-DECOMMIT 0x203a78000 16 KB
  26.328 TIGER-DECOMMIT 0x203a7c000 16 KB
  26.328 TIGER-DECOMMIT 0x203a80000 16 KB
  26.328 TIGER-DECOMMIT 0x203a84000 16 KB
  26.328 TIGER-DECOMMIT 0x203a88000 16 KB
  26.329 TIGER-DECOMMIT 0x203a8c000 16 KB
  26.329 TIGER-DECOMMIT 0x203a90000 16 KB
  26.329 TIGER-DECOMMIT 0x203a94000 16 KB
  26.329 TIGER-DECOMMIT 0x203a98000 16 KB
  26.329 TIGER-DECOMMIT 0x203a9c000 16 KB
  26.329 TIGER-DECOMMIT 0x203aa0000 16 KB
  26.329 TIGER-DECOMMIT 0x203aa4000 16 KB
  26.435 TIGER-DECOMMIT 0x203aa8000 16 KB
  26.435 TIGER-DECOMMIT 0x203aac000 16 KB
  26.435 TIGER-DECOMMIT 0x203ab0000 16 KB
  26.435 TIGER-DECOMMIT 0x203ab4000 16 KB
  26.435 TIGER-DECOMMIT 0x203ab8000 16 KB
  26.435 TIGER-DECOMMIT 0x203abc000 16 KB
  26.435 TIGER-DECOMMIT 0x203ac0000 16 KB
  26.435 TIGER-DECOMMIT 0x203ac4000 16 KB
  26.435 TIGER-DECOMMIT 0x203ac8000 16 KB
  26.435 TIGER-DECOMMIT 0x203acc000 16 KB
  26.435 TIGER-DECOMMIT 0x203ad0000 16 KB
  26.435 TIGER-DECOMMIT 0x203ad4000 16 KB
  26.435 TIGER-DECOMMIT 0x203ad8000 16 KB
  26.435 TIGER-DECOMMIT 0x203adc000 16 KB
  26.435 TIGER-DECOMMIT 0x203ae0000 16 KB
  26.435 TIGER-DECOMMIT 0x203ae4000 16 KB
  26.435 TIGER-DECOMMIT 0x203ae8000 16 KB
  26.435 TIGER-DECOMMIT 0x203aec000 16 KB
  26.435 TIGER-DECOMMIT 0x203af0000 16 KB
  26.435 TIGER-DECOMMIT 0x203af4000 16 KB
  26.435 TIGER-DECOMMIT 0x203af8000 16 KB
  26.435 TIGER-DECOMMIT 0x203afc000 16 KB
  26.435 TIGER-DECOMMIT 0x203b00000 16 KB
  26.435 TIGER-DECOMMIT 0x203b04000 16 KB
  26.435 TIGER-DECOMMIT 0x203b08000 16 KB
  26.435 TIGER-DECOMMIT 0x203b0c000 16 KB
  26.435 TIGER-DECOMMIT 0x203b10000 16 KB
  26.435 TIGER-DECOMMIT 0x203b14000 16 KB
  26.435 TIGER-DECOMMIT 0x203b18000 16 KB
  26.435 TIGER-DECOMMIT 0x203b1c000 16 KB
  26.435 TIGER-DECOMMIT 0x203b20000 16 KB
  26.435 TIGER-DECOMMIT 0x203b24000 16 KB
  26.435 TIGER-DECOMMIT 0x203b28000 16 KB
  26.435 TIGER-DECOMMIT 0x203b2c000 16 KB
  26.435 TIGER-DECOMMIT 0x203b30000 16 KB
  26.435 TIGER-DECOMMIT 0x203b34000 16 KB
  26.435 TIGER-DECOMMIT 0x203b38000 16 KB
  26.435 TIGER-DECOMMIT 0x203b3c000 16 KB
  26.435 TIGER-DECOMMIT 0x203b40000 16 KB
  26.435 TIGER-DECOMMIT 0x203b44000 16 KB
  26.435 TIGER-DECOMMIT 0x203b48000 16 KB
  26.435 TIGER-DECOMMIT 0x203b4c000 16 KB
  26.435 TIGER-DECOMMIT 0x203b50000 16 KB
  26.435 TIGER-DECOMMIT 0x203b54000 16 KB
  26.435 TIGER-DECOMMIT 0x203b58000 16 KB
  26.435 TIGER-DECOMMIT 0x203b5c000 16 KB
  26.435 TIGER-DECOMMIT 0x203b60000 16 KB
  26.435 TIGER-DECOMMIT 0x203b64000 16 KB
  26.435 TIGER-DECOMMIT 0x203b68000 16 KB
  26.435 TIGER-DECOMMIT 0x203b6c000 16 KB
  26.435 TIGER-DECOMMIT 0x203b70000 16 KB
  26.435 TIGER-DECOMMIT 0x203b74000 16 KB
  26.435 TIGER-DECOMMIT 0x203b78000 16 KB
  26.435 TIGER-DECOMMIT 0x203b7c000 16 KB
  26.435 TIGER-DECOMMIT 0x203b80000 16 KB
  26.435 TIGER-DECOMMIT 0x203b84000 16 KB
  26.435 TIGER-DECOMMIT 0x203b88000 16 KB
  26.439 TIGER-DECOMMIT 0x203b8c000 16 KB
  26.439 TIGER-DECOMMIT 0x203b90000 16 KB
  26.439 TIGER-DECOMMIT 0x203b94000 16 KB
  26.439 TIGER-DECOMMIT 0x203b98000 16 KB
  26.439 TIGER-DECOMMIT 0x203b9c000 16 KB
  26.439 TIGER-DECOMMIT 0x203ba0000 16 KB
  26.439 TIGER-DECOMMIT 0x203ba4000 16 KB
  26.439 TIGER-DECOMMIT 0x203ba8000 16 KB
  26.440 TIGER-DECOMMIT 0x203bac000 16 KB
  26.440 TIGER-DECOMMIT 0x203bb0000 16 KB
  26.440 TIGER-DECOMMIT 0x203bb4000 16 KB
  26.440 TIGER-DECOMMIT 0x203bb8000 16 KB
  26.440 TIGER-DECOMMIT 0x203bbc000 16 KB
  26.440 TIGER-DECOMMIT 0x203bc0000 16 KB
  26.440 TIGER-DECOMMIT 0x203bc4000 16 KB
  26.440 TIGER-DECOMMIT 0x203bc8000 16 KB
  26.440 TIGER-DECOMMIT 0x203bcc000 16 KB
  26.440 TIGER-DECOMMIT 0x203bd0000 16 KB
  26.440 TIGER-DECOMMIT 0x203bd4000 16 KB
  26.440 TIGER-DECOMMIT 0x203bd8000 16 KB
  26.440 TIGER-DECOMMIT 0x203bdc000 16 KB
  26.440 TIGER-DECOMMIT 0x203be0000 16 KB
  26.440 TIGER-DECOMMIT 0x203be4000 16 KB
  26.440 TIGER-DECOMMIT 0x203be8000 16 KB
  26.440 TIGER-DECOMMIT 0x203bec000 16 KB
  26.440 TIGER-DECOMMIT 0x203bf0000 16 KB
  26.440 TIGER-DECOMMIT 0x203bf4000 16 KB
  26.440 TIGER-DECOMMIT 0x203bf8000 16 KB
  26.440 TIGER-DECOMMIT 0x203bfc000 16 KB
  26.440 TIGER-DECOMMIT 0x203c00000 16 KB
  26.440 TIGER-DECOMMIT 0x203c04000 16 KB
  26.440 TIGER-DECOMMIT 0x203c08000 16 KB
  26.440 TIGER-DECOMMIT 0x203c0c000 16 KB
  26.440 TIGER-DECOMMIT 0x203c10000 16 KB
  26.440 TIGER-DECOMMIT 0x203c14000 16 KB
  26.440 TIGER-DECOMMIT 0x203c18000 16 KB
  26.440 TIGER-DECOMMIT 0x203c1c000 16 KB
  26.440 TIGER-DECOMMIT 0x203c20000 16 KB
  26.440 TIGER-DECOMMIT 0x203c24000 16 KB
  26.440 TIGER-DECOMMIT 0x203c28000 16 KB
  26.440 TIGER-DECOMMIT 0x203c2c000 16 KB
  26.550 TIGER-DECOMMIT 0x203c30000 16 KB
  26.550 TIGER-DECOMMIT 0x203c34000 16 KB
  26.550 TIGER-DECOMMIT 0x203c38000 16 KB
  26.550 TIGER-DECOMMIT 0x203c3c000 16 KB
  26.550 TIGER-DECOMMIT 0x203c40000 16 KB
  26.550 TIGER-DECOMMIT 0x203c44000 16 KB
  26.550 TIGER-DECOMMIT 0x203c48000 16 KB
  26.550 TIGER-DECOMMIT 0x203c4c000 16 KB
  26.550 TIGER-DECOMMIT 0x203c50000 16 KB
  26.550 TIGER-DECOMMIT 0x203c54000 16 KB
  26.550 TIGER-DECOMMIT 0x203c58000 16 KB
  26.550 TIGER-DECOMMIT 0x203c5c000 16 KB
  26.550 TIGER-DECOMMIT 0x203c60000 16 KB
  26.550 TIGER-DECOMMIT 0x203c64000 16 KB
  26.550 TIGER-DECOMMIT 0x203c68000 16 KB
  26.550 TIGER-DECOMMIT 0x203c6c000 16 KB
  26.550 TIGER-DECOMMIT 0x203c70000 16 KB
  26.550 TIGER-DECOMMIT 0x203c74000 16 KB
  26.550 TIGER-DECOMMIT 0x203c78000 16 KB
  26.550 TIGER-DECOMMIT 0x203c7c000 16 KB
  26.550 TIGER-DECOMMIT 0x203c80000 16 KB
  26.550 TIGER-DECOMMIT 0x203c84000 16 KB
  26.550 TIGER-DECOMMIT 0x203c88000 16 KB
  26.550 TIGER-DECOMMIT 0x203c8c000 16 KB
  26.550 TIGER-DECOMMIT 0x203c90000 16 KB
  26.550 TIGER-DECOMMIT 0x203c94000 16 KB
  26.550 TIGER-DECOMMIT 0x203c98000 16 KB
  26.550 TIGER-DECOMMIT 0x203c9c000 16 KB
  26.550 TIGER-DECOMMIT 0x203ca0000 16 KB
  26.550 TIGER-DECOMMIT 0x203ca4000 16 KB
  26.550 TIGER-DECOMMIT 0x203ca8000 16 KB
  26.550 TIGER-DECOMMIT 0x203cac000 16 KB
  26.550 TIGER-DECOMMIT 0x203cb0000 16 KB
  26.550 TIGER-DECOMMIT 0x203cb4000 16 KB
  26.550 TIGER-DECOMMIT 0x203cb8000 16 KB
  26.550 TIGER-DECOMMIT 0x203cbc000 16 KB
  26.550 TIGER-DECOMMIT 0x203cc0000 16 KB
  26.550 TIGER-DECOMMIT 0x203cc4000 16 KB
  26.550 TIGER-DECOMMIT 0x203cc8000 16 KB
  26.550 TIGER-DECOMMIT 0x203ccc000 16 KB
  26.550 TIGER-DECOMMIT 0x203cd0000 16 KB
  26.550 TIGER-DECOMMIT 0x203cd4000 16 KB
  26.550 TIGER-DECOMMIT 0x203cd8000 16 KB
  26.550 TIGER-DECOMMIT 0x203cdc000 16 KB
  26.550 TIGER-DECOMMIT 0x203ce0000 16 KB
  26.550 TIGER-DECOMMIT 0x203ce4000 16 KB
  26.550 TIGER-DECOMMIT 0x203ce8000 16 KB
  26.550 TIGER-DECOMMIT 0x203cec000 16 KB
  26.550 TIGER-DECOMMIT 0x203cf0000 16 KB
  26.550 TIGER-DECOMMIT 0x203cf4000 16 KB
  26.550 TIGER-DECOMMIT 0x203cf8000 16 KB
  26.550 TIGER-DECOMMIT 0x203cfc000 16 KB
  26.550 TIGER-DECOMMIT 0x203d00000 16 KB
  26.550 TIGER-DECOMMIT 0x203d04000 16 KB
  26.550 TIGER-DECOMMIT 0x203d08000 16 KB
  26.550 TIGER-DECOMMIT 0x203d0c000 16 KB
  26.550 TIGER-DECOMMIT 0x203d10000 16 KB
  26.550 TIGER-DECOMMIT 0x203d14000 16 KB
  26.550 TIGER-DECOMMIT 0x203d18000 16 KB
  26.550 TIGER-DECOMMIT 0x203d1c000 16 KB
  26.550 TIGER-DECOMMIT 0x203d20000 16 KB
  26.550 TIGER-DECOMMIT 0x203d24000 16 KB
  26.550 TIGER-DECOMMIT 0x203d28000 16 KB
  26.550 TIGER-DECOMMIT 0x203d2c000 16 KB
  26.550 TIGER-DECOMMIT 0x203d30000 16 KB
  26.550 TIGER-DECOMMIT 0x203d34000 16 KB
  26.550 TIGER-DECOMMIT 0x203d38000 16 KB
  26.550 TIGER-DECOMMIT 0x203d3c000 16 KB
  26.550 TIGER-DECOMMIT 0x203d40000 16 KB
  26.550 TIGER-DECOMMIT 0x203d44000 16 KB
  26.550 TIGER-DECOMMIT 0x203d48000 16 KB
  26.550 TIGER-DECOMMIT 0x203d4c000 16 KB
  26.550 TIGER-DECOMMIT 0x203d50000 16 KB
  26.550 TIGER-DECOMMIT 0x203d54000 16 KB
  26.550 TIGER-DECOMMIT 0x203d58000 16 KB
  26.550 TIGER-DECOMMIT 0x203d5c000 16 KB
  26.550 TIGER-DECOMMIT 0x203d60000 16 KB
  26.550 TIGER-DECOMMIT 0x203d64000 16 KB
  26.550 TIGER-DECOMMIT 0x203d68000 16 KB
  26.550 TIGER-DECOMMIT 0x203d6c000 16 KB
  26.550 TIGER-DECOMMIT 0x203d70000 16 KB
  26.550 TIGER-DECOMMIT 0x203d74000 16 KB
  26.550 TIGER-DECOMMIT 0x203d78000 16 KB
  26.550 TIGER-DECOMMIT 0x203d7c000 16 KB
  26.550 TIGER-DECOMMIT 0x203d80000 16 KB
  26.550 TIGER-DECOMMIT 0x203d84000 16 KB
  26.550 TIGER-DECOMMIT 0x203d88000 16 KB
  26.550 TIGER-DECOMMIT 0x203d8c000 16 KB
  26.550 TIGER-DECOMMIT 0x203d90000 16 KB
  26.550 TIGER-DECOMMIT 0x203d94000 16 KB
  26.550 TIGER-DECOMMIT 0x203d98000 16 KB
  26.550 TIGER-DECOMMIT 0x203d9c000 16 KB
  26.550 TIGER-DECOMMIT 0x203da0000 16 KB
  26.550 TIGER-DECOMMIT 0x203da4000 16 KB
  26.550 TIGER-DECOMMIT 0x203da8000 16 KB
  26.550 TIGER-DECOMMIT 0x203dac000 16 KB
  26.550 TIGER-DECOMMIT 0x203db0000 16 KB
  26.550 TIGER-DECOMMIT 0x203db4000 16 KB
  26.550 TIGER-DECOMMIT 0x203db8000 16 KB
  26.550 TIGER-DECOMMIT 0x203dbc000 16 KB
  26.550 TIGER-DECOMMIT 0x203dc0000 16 KB
  26.550 TIGER-DECOMMIT 0x203dc4000 16 KB
  26.550 TIGER-DECOMMIT 0x203dc8000 16 KB
  26.550 TIGER-DECOMMIT 0x203dcc000 16 KB
  26.550 TIGER-DECOMMIT 0x203dd0000 16 KB
  26.550 TIGER-DECOMMIT 0x203dd4000 16 KB
  26.550 TIGER-DECOMMIT 0x203dd8000 16 KB
  26.550 TIGER-DECOMMIT 0x203ddc000 16 KB
  26.550 TIGER-DECOMMIT 0x203de0000 16 KB
  26.655 TIGER-DECOMMIT 0x203de4000 16 KB
  26.655 TIGER-DECOMMIT 0x203de8000 16 KB
  26.656 TIGER-DECOMMIT 0x203dec000 16 KB
  26.656 TIGER-DECOMMIT 0x203df0000 16 KB
  26.656 TIGER-DECOMMIT 0x203df4000 16 KB
  26.656 TIGER-DECOMMIT 0x203df8000 16 KB
  26.656 TIGER-DECOMMIT 0x203dfc000 16 KB
  26.656 TIGER-DECOMMIT 0x203e00000 16 KB
  26.656 TIGER-DECOMMIT 0x203e04000 16 KB
  26.656 TIGER-DECOMMIT 0x203e08000 16 KB
  26.656 TIGER-DECOMMIT 0x203e0c000 16 KB
  26.656 TIGER-DECOMMIT 0x203e10000 16 KB
  26.657 TIGER-DECOMMIT 0x203e14000 16 KB
  26.657 TIGER-DECOMMIT 0x203e18000 16 KB
  26.657 TIGER-DECOMMIT 0x203e1c000 16 KB
  26.657 TIGER-DECOMMIT 0x203e20000 16 KB
  26.657 TIGER-DECOMMIT 0x203e24000 16 KB
  26.657 TIGER-DECOMMIT 0x203e28000 16 KB
  26.657 TIGER-DECOMMIT 0x203e2c000 16 KB
  26.657 TIGER-DECOMMIT 0x203e30000 16 KB
  26.657 TIGER-DECOMMIT 0x203e34000 16 KB
  26.657 TIGER-DECOMMIT 0x203e38000 16 KB
  26.657 TIGER-DECOMMIT 0x203e3c000 16 KB
  26.658 TIGER-DECOMMIT 0x203e40000 16 KB
  26.658 TIGER-DECOMMIT 0x203e44000 16 KB
  26.658 TIGER-DECOMMIT 0x203e48000 16 KB
  26.658 TIGER-DECOMMIT 0x203e4c000 16 KB
  26.658 TIGER-DECOMMIT 0x203e50000 16 KB
  26.658 TIGER-DECOMMIT 0x203e54000 16 KB
  26.658 TIGER-DECOMMIT 0x203e58000 16 KB
  26.658 TIGER-DECOMMIT 0x203e5c000 16 KB
  26.658 TIGER-DECOMMIT 0x203e60000 16 KB
  26.658 TIGER-DECOMMIT 0x203e64000 16 KB
  26.659 TIGER-DECOMMIT 0x203e68000 16 KB
  26.659 TIGER-DECOMMIT 0x203e6c000 16 KB
  26.659 TIGER-DECOMMIT 0x203e70000 16 KB
  26.659 TIGER-DECOMMIT 0x203e74000 16 KB
  26.659 TIGER-DECOMMIT 0x203e78000 16 KB
  26.659 TIGER-DECOMMIT 0x203e7c000 16 KB
  26.659 TIGER-DECOMMIT 0x203e80000 16 KB
  26.659 TIGER-DECOMMIT 0x203e84000 16 KB
  26.659 TIGER-DECOMMIT 0x203e88000 16 KB
  26.659 TIGER-DECOMMIT 0x203e8c000 16 KB
  26.659 TIGER-DECOMMIT 0x203e90000 16 KB
  26.660 TIGER-DECOMMIT 0x203e94000 16 KB
  26.660 TIGER-DECOMMIT 0x203e98000 16 KB
  26.770 TIGER-DECOMMIT 0x203e9c000 16 KB
  26.770 TIGER-DECOMMIT 0x203ea0000 16 KB
  26.770 TIGER-DECOMMIT 0x203ea4000 16 KB
  26.770 TIGER-DECOMMIT 0x203ea8000 16 KB
  26.770 TIGER-DECOMMIT 0x203eac000 16 KB
  26.770 TIGER-DECOMMIT 0x203eb0000 16 KB
  26.770 TIGER-DECOMMIT 0x203eb4000 16 KB
  26.770 TIGER-DECOMMIT 0x203eb8000 16 KB
  26.771 TIGER-DECOMMIT 0x203ebc000 16 KB
  26.771 TIGER-DECOMMIT 0x203ec0000 16 KB
  26.771 TIGER-DECOMMIT 0x203ec4000 16 KB
  26.771 TIGER-DECOMMIT 0x203ec8000 16 KB
  26.771 TIGER-DECOMMIT 0x203ecc000 16 KB
  26.771 TIGER-DECOMMIT 0x203ed0000 16 KB
  26.771 TIGER-DECOMMIT 0x203ed4000 16 KB
  26.771 TIGER-DECOMMIT 0x203ed8000 16 KB
  26.771 TIGER-DECOMMIT 0x203edc000 16 KB
  26.771 TIGER-DECOMMIT 0x203ee0000 16 KB
  26.771 TIGER-DECOMMIT 0x203ee4000 16 KB
  26.771 TIGER-DECOMMIT 0x203ee8000 16 KB
  26.771 TIGER-DECOMMIT 0x203eec000 16 KB
  26.771 TIGER-DECOMMIT 0x203ef0000 16 KB
  26.771 TIGER-DECOMMIT 0x203ef4000 16 KB
  26.771 TIGER-DECOMMIT 0x203ef8000 16 KB
  26.771 TIGER-DECOMMIT 0x203efc000 16 KB
  26.771 TIGER-DECOMMIT 0x203f00000 16 KB
  26.771 TIGER-DECOMMIT 0x203f04000 16 KB
  26.771 TIGER-DECOMMIT 0x203f08000 16 KB
  26.771 TIGER-DECOMMIT 0x203f0c000 16 KB
  26.771 TIGER-DECOMMIT 0x203f10000 16 KB
  26.771 TIGER-DECOMMIT 0x203f14000 16 KB
  26.771 TIGER-DECOMMIT 0x203f18000 16 KB
  26.771 TIGER-DECOMMIT 0x203f1c000 16 KB
  26.771 TIGER-DECOMMIT 0x203f20000 16 KB
  26.771 TIGER-DECOMMIT 0x203f24000 16 KB
  26.771 TIGER-DECOMMIT 0x203f28000 16 KB
  26.771 TIGER-DECOMMIT 0x203f2c000 16 KB
  26.771 TIGER-DECOMMIT 0x203f30000 16 KB
  26.771 TIGER-DECOMMIT 0x203f34000 16 KB
  26.771 TIGER-DECOMMIT 0x203f38000 16 KB
  26.771 TIGER-DECOMMIT 0x203f3c000 16 KB
  26.771 TIGER-DECOMMIT 0x203f40000 16 KB
  26.771 TIGER-DECOMMIT 0x203f44000 16 KB
  26.771 TIGER-DECOMMIT 0x203f48000 16 KB
  26.771 TIGER-DECOMMIT 0x203f4c000 16 KB
  26.771 TIGER-DECOMMIT 0x203f50000 16 KB
  26.771 TIGER-DECOMMIT 0x203f54000 16 KB
  26.771 TIGER-DECOMMIT 0x203f58000 16 KB
  26.771 TIGER-DECOMMIT 0x203f5c000 16 KB
  26.771 TIGER-DECOMMIT 0x203f60000 16 KB
  26.771 TIGER-DECOMMIT 0x203f64000 16 KB
  26.771 TIGER-DECOMMIT 0x203f68000 16 KB
  26.771 TIGER-DECOMMIT 0x203f6c000 16 KB
  26.771 TIGER-DECOMMIT 0x203f70000 16 KB
  26.771 TIGER-DECOMMIT 0x203f74000 16 KB
  26.771 TIGER-DECOMMIT 0x203f78000 16 KB
  26.771 TIGER-DECOMMIT 0x203f7c000 16 KB
  26.771 TIGER-DECOMMIT 0x203f80000 16 KB
  26.771 TIGER-DECOMMIT 0x203f84000 16 KB
  26.771 TIGER-DECOMMIT 0x203f88000 16 KB
  26.771 TIGER-DECOMMIT 0x203f8c000 16 KB
  26.771 TIGER-DECOMMIT 0x203f90000 16 KB
  26.771 TIGER-DECOMMIT 0x203f94000 16 KB
  26.771 TIGER-DECOMMIT 0x203f98000 16 KB
  26.771 TIGER-DECOMMIT 0x203f9c000 16 KB
  26.771 TIGER-DECOMMIT 0x203fa0000 16 KB
  26.771 TIGER-DECOMMIT 0x203fa4000 16 KB
  26.771 TIGER-DECOMMIT 0x203fa8000 16 KB
  26.771 TIGER-DECOMMIT 0x203fac000 16 KB
  26.771 TIGER-DECOMMIT 0x203fb0000 16 KB
  26.771 TIGER-DECOMMIT 0x203fb4000 16 KB
  26.771 TIGER-DECOMMIT 0x203fb8000 16 KB
  26.771 TIGER-DECOMMIT 0x203fbc000 16 KB
  26.771 TIGER-DECOMMIT 0x203fc0000 16 KB
  26.771 TIGER-DECOMMIT 0x203fc4000 16 KB
  26.771 TIGER-DECOMMIT 0x203fc8000 16 KB
  26.771 TIGER-DECOMMIT 0x203fcc000 16 KB
  26.771 TIGER-DECOMMIT 0x203fd0000 16 KB
  26.771 TIGER-DECOMMIT 0x203fd4000 16 KB
  26.771 TIGER-DECOMMIT 0x203fd8000 16 KB
  26.771 TIGER-DECOMMIT 0x203fdc000 16 KB
  26.771 TIGER-DECOMMIT 0x203fe0000 16 KB
  26.771 TIGER-DECOMMIT 0x203fe4000 16 KB
  26.771 TIGER-DECOMMIT 0x203fe8000 16 KB
  26.771 TIGER-DECOMMIT 0x203fec000 16 KB
  26.771 TIGER-DECOMMIT 0x203ff0000 16 KB
  26.771 TIGER-DECOMMIT 0x203ff4000 16 KB
  26.771 TIGER-DECOMMIT 0x203ff8000 16 KB
  26.771 TIGER-DECOMMIT 0x203ffc000 16 KB
  26.771 TIGER-DECOMMIT 0x204000000 16 KB
  26.771 TIGER-DECOMMIT 0x204004000 16 KB
  26.771 TIGER-DECOMMIT 0x204008000 16 KB
  26.771 TIGER-DECOMMIT 0x20400c000 16 KB
  26.771 TIGER-DECOMMIT 0x204010000 16 KB
  26.771 TIGER-DECOMMIT 0x204014000 16 KB
  26.870 TIGER-DECOMMIT 0x204018000 16 KB
  26.871 TIGER-DECOMMIT 0x20401c000 16 KB
  26.871 TIGER-DECOMMIT 0x204020000 16 KB
  26.871 TIGER-DECOMMIT 0x204024000 16 KB
  26.871 TIGER-DECOMMIT 0x204028000 16 KB
  26.871 TIGER-DECOMMIT 0x20402c000 16 KB
  26.871 TIGER-DECOMMIT 0x204030000 16 KB
  26.871 TIGER-DECOMMIT 0x204034000 16 KB
  26.871 TIGER-DECOMMIT 0x204038000 16 KB
  26.872 TIGER-DECOMMIT 0x20403c000 16 KB
  26.872 TIGER-DECOMMIT 0x204040000 16 KB
  26.872 TIGER-DECOMMIT 0x204044000 16 KB
  26.874 TIGER-DECOMMIT 0x204048000 16 KB
  26.875 TIGER-DECOMMIT 0x20404c000 16 KB
  26.875 TIGER-DECOMMIT 0x204050000 16 KB
  26.875 TIGER-DECOMMIT 0x204054000 16 KB
  26.875 TIGER-DECOMMIT 0x204058000 16 KB
  26.875 TIGER-DECOMMIT 0x20405c000 16 KB
  26.875 TIGER-DECOMMIT 0x204060000 16 KB
  26.875 TIGER-DECOMMIT 0x204064000 16 KB
  26.875 TIGER-DECOMMIT 0x204068000 16 KB
  26.875 TIGER-DECOMMIT 0x20406c000 16 KB
  26.875 TIGER-DECOMMIT 0x204070000 16 KB
  26.876 TIGER-DECOMMIT 0x204074000 16 KB
  26.876 TIGER-DECOMMIT 0x204078000 16 KB
  26.876 TIGER-DECOMMIT 0x20407c000 16 KB
  26.876 TIGER-DECOMMIT 0x204080000 16 KB
  26.876 TIGER-DECOMMIT 0x204084000 16 KB
  26.876 TIGER-DECOMMIT 0x204088000 16 KB
  26.876 TIGER-DECOMMIT 0x20408c000 16 KB
  26.876 TIGER-DECOMMIT 0x204090000 16 KB
  26.876 TIGER-DECOMMIT 0x204094000 16 KB
  26.876 TIGER-DECOMMIT 0x204098000 16 KB
  26.876 TIGER-DECOMMIT 0x20409c000 16 KB
  26.877 TIGER-DECOMMIT 0x2040a0000 16 KB
  26.877 TIGER-DECOMMIT 0x2040a4000 16 KB
  26.877 TIGER-DECOMMIT 0x2040a8000 16 KB
  26.877 TIGER-DECOMMIT 0x2040ac000 16 KB
  26.877 TIGER-DECOMMIT 0x2040b0000 16 KB
  26.877 TIGER-DECOMMIT 0x2040b4000 16 KB
  26.877 TIGER-DECOMMIT 0x2040b8000 16 KB
  26.877 TIGER-DECOMMIT 0x2040bc000 16 KB
  26.877 TIGER-DECOMMIT 0x2040c0000 16 KB
  26.877 TIGER-DECOMMIT 0x2040c4000 16 KB
  26.877 TIGER-DECOMMIT 0x2040c8000 16 KB
  26.878 TIGER-DECOMMIT 0x2040cc000 16 KB
  26.878 TIGER-DECOMMIT 0x2040d0000 16 KB
  26.878 TIGER-DECOMMIT 0x2040d4000 16 KB
  26.878 TIGER-DECOMMIT 0x2040d8000 16 KB
  26.878 TIGER-DECOMMIT 0x2040dc000 16 KB
  26.878 TIGER-DECOMMIT 0x2040e0000 16 KB
  26.878 TIGER-DECOMMIT 0x2040e4000 16 KB
  26.878 TIGER-DECOMMIT 0x2040e8000 16 KB
  26.878 TIGER-DECOMMIT 0x2040ec000 16 KB
  26.878 TIGER-DECOMMIT 0x2040f0000 16 KB
  26.878 TIGER-DECOMMIT 0x2040f4000 16 KB
  26.879 TIGER-DECOMMIT 0x2040f8000 16 KB
  26.879 TIGER-DECOMMIT 0x2040fc000 16 KB
  26.879 TIGER-DECOMMIT 0x204100000 16 KB
  26.879 TIGER-DECOMMIT 0x204104000 16 KB
  26.879 TIGER-DECOMMIT 0x204108000 16 KB
  26.879 TIGER-DECOMMIT 0x20410c000 16 KB
  26.879 TIGER-DECOMMIT 0x204110000 16 KB
  26.879 TIGER-DECOMMIT 0x204114000 16 KB
  26.879 TIGER-DECOMMIT 0x204118000 16 KB
  26.879 TIGER-DECOMMIT 0x20411c000 16 KB
  26.879 TIGER-DECOMMIT 0x204120000 16 KB
  26.880 TIGER-DECOMMIT 0x204124000 16 KB
  26.880 TIGER-DECOMMIT 0x204128000 16 KB
  26.880 TIGER-DECOMMIT 0x20412c000 16 KB
  26.880 TIGER-DECOMMIT 0x204130000 16 KB
  26.880 TIGER-DECOMMIT 0x204134000 16 KB
  26.880 TIGER-DECOMMIT 0x204138000 16 KB
  26.880 TIGER-DECOMMIT 0x20413c000 16 KB
  26.880 TIGER-DECOMMIT 0x204140000 16 KB
  26.880 TIGER-DECOMMIT 0x204144000 16 KB
  26.981 TIGER-DECOMMIT 0x204148000 16 KB
  26.981 TIGER-DECOMMIT 0x20414c000 16 KB
  26.981 TIGER-DECOMMIT 0x204150000 16 KB
  26.981 TIGER-DECOMMIT 0x204154000 16 KB
  26.981 TIGER-DECOMMIT 0x204158000 16 KB
  26.981 TIGER-DECOMMIT 0x20415c000 16 KB
  26.981 TIGER-DECOMMIT 0x204160000 16 KB
  26.982 TIGER-DECOMMIT 0x204164000 16 KB
  26.982 TIGER-DECOMMIT 0x204168000 16 KB
  26.983 TIGER-DECOMMIT 0x20416c000 16 KB
  26.983 TIGER-DECOMMIT 0x204170000 16 KB
  26.983 TIGER-DECOMMIT 0x204174000 16 KB
  26.983 TIGER-DECOMMIT 0x204178000 16 KB
  26.984 TIGER-DECOMMIT 0x20417c000 16 KB
  26.984 TIGER-DECOMMIT 0x204180000 16 KB
  26.984 TIGER-DECOMMIT 0x204184000 16 KB
  26.984 TIGER-DECOMMIT 0x204188000 16 KB
  26.984 TIGER-DECOMMIT 0x20418c000 16 KB
  26.984 TIGER-DECOMMIT 0x204190000 16 KB
  26.984 TIGER-DECOMMIT 0x204194000 16 KB
  45.493 TIGER-EXIT pid 0x5400
  45.493  thread 0x117 state-kr 0x0 pc 0x90009817 leaf mach_msg_trap+0x7 frames: 0x90009817 0x9004626a 0x2dd615
  45.515 TIGER-EXIT pid 0x5408
  45.515  thread 0xd03 state-kr 0x0 pc 0x10ae62e4e leaf mach_msg_trap+0xa frames: 0x10ae62e4e 0x10ae1811d 0x10032917d 0x10ae07c75 0x10ae07a0c 0x100001b13 0x100001a21 0x3
