   0.434 2026-09-23 12:44:42.750 TigerBrowser2[15116] *** _NSAutoreleaseNoPool(): Object 0x7c09170 of class NSCFString autoreleased with no pool in place - just leaking
   1.094 Unknown logging channel: Loading
   1.098 Unknown logging channel: Layout
   1.112 [com.apple.WebKit:Process:4] 0x119030190 - NetworkProcess::initializeNetworkProcess: Presenting processPID=15140
   1.187 Unknown logging channel: Loading
   1.187 Unknown logging channel: Layout
   1.190 [com.apple.WebKit:Process:4] getNetworkProcessConnection: Request connection for core identifier 3
   1.193 [com.apple.WebKit:Process:4] 0x119030190 - NetworkProcess::createNetworkConnectionToWebProcess: Create connection for web process core identifier 3
   1.195 [com.apple.WebKit:Process:4] 0x119088240 - NetworkConnectionToWebProcess::NetworkConnectionToWebProcess: Create connection for web process core identifier 3
   1.195 [com.apple.WebKit:Process:4] 0x119088240 - NetworkConnectionToWebProcess::NetworkConnectionToWebProcess: Connection for web process core identifier 3 established service worker server connection
   1.195 [com.apple.WebKit:Process:4] 0x119088240 - NetworkConnectionToWebProcess::NetworkConnectionToWebProcess: Connection for web process core identifier 3 established shared worker connection
   1.195 [com.apple.WebKit:Process:4] 0x119030190 - NetworkProcess::createNetworkConnectionToWebProcess: Finished creating connection for web process core identifier 3, notifying the UI process
   1.206 [com.apple.WebKit:Process:4] 0x119030190 - NetworkProcess::createNetworkConnectionToWebProcess: Handed off connect for web process core identifier 3 to the UI process
   1.258 TIGER script: 
   1.368 [com.apple.WebKit:Process:4] 0x1190300c0 - [sessionID=1] WebProcess::initializeWebProcess: Presenting processPID=15116
   1.371 [com.apple.WebKit:Loading:4] 0x119104b80 - [webPageID=5] WebPage::constructor:
   1.439 [com.apple.WebKit:Loading:4] WebPreferencesStore: non-default preferences: UseGPUProcessForDOMRenderingEnabled=false, AcceleratedCompositingEnabled=false
   1.479 [com.apple.WebKit:Layout:4] [webFrameID=4294967297, webPageID=5] WebLocalFrameLoaderClient::completePageTransitionIfNeeded: dispatching didCompletePageTransition
   1.481 [com.apple.WebKit:Loading:4] [webPageID=5] WebPage::loadRequest: navigationID=11, shouldTreatAsContinuingLoad=0, lastNavigationWasAppInitiated=1, existingNetworkResourceLoadIdentifierToResume=0
   1.509 [com.apple.WebKit:Loading:4] [pageID=5, frameID=4294967297] PolicyChecker::checkNavigationPolicy: continuing because this policyAction from dispatchDecidePolicyForNavigationAction is Use
   1.533 [com.apple.WebKit:Loading:4] 0x119088240 - [webProcessIdentifier=3] NetworkConnectionToWebProcess::scheduleResourceLoad: (parentPID=15116, pageProxyID=4, webPageID=5, frameID=4294967297, resourceID=9, existingLoaderToResume=0)
   1.533 [com.apple.WebKit:Loading:4] 0x119088240 - [webProcessIdentifier=3] NetworkConnectionToWebProcess::scheduleResourceLoad: Deferring resource load until service worker registrations for origin are imported
   1.548 [com.apple.WebKit:Loading:4] 0x119088240 - [webProcessIdentifier=3] NetworkConnectionToWebProcess::scheduleResourceLoad: (parentPID=15116, pageProxyID=4, webPageID=5, frameID=4294967297, resourceID=9, existingLoaderToResume=0)
   1.548 [com.apple.WebKit:Loading:4] 0x119088240 - [webProcessIdentifier=3] NetworkConnectionToWebProcess::resolveBlobReferences: (parentPID=15116, pageProxyID=4, webPageID=5, frameID=4294967297, resourceID=9)
   2.048 [com.apple.WebKit:Loading:4] 0x119088240 - [webProcessIdentifier=3] NetworkConnectionToWebProcess::scheduleResourceLoad: (parentPID=15116, pageProxyID=4, webPageID=5, frameID=4294967297, resourceID=16, existingLoaderToResume=0)
   2.048 [com.apple.WebKit:Loading:4] 0x119088240 - [webProcessIdentifier=3] NetworkConnectionToWebProcess::resolveBlobReferences: (parentPID=15116, pageProxyID=4, webPageID=5, frameID=4294967297, resourceID=16)
   2.054 [com.apple.WebKit:Loading:4] 0x119088240 - [webProcessIdentifier=3] NetworkConnectionToWebProcess::scheduleResourceLoad: (parentPID=15116, pageProxyID=4, webPageID=5, frameID=4294967297, resourceID=18, existingLoaderToResume=0)
   2.054 [com.apple.WebKit:Loading:4] 0x119088240 - [webProcessIdentifier=3] NetworkConnectionToWebProcess::resolveBlobReferences: (parentPID=15116, pageProxyID=4, webPageID=5, frameID=4294967297, resourceID=18)
   2.056 [com.apple.WebKit:Loading:4] 0x119088240 - [webProcessIdentifier=3] NetworkConnectionToWebProcess::scheduleResourceLoad: (parentPID=15116, pageProxyID=4, webPageID=5, frameID=4294967297, resourceID=19, existingLoaderToResume=0)
   2.056 [com.apple.WebKit:Loading:4] 0x119088240 - [webProcessIdentifier=3] NetworkConnectionToWebProcess::resolveBlobReferences: (parentPID=15116, pageProxyID=4, webPageID=5, frameID=4294967297, resourceID=19)
   2.057 [com.apple.WebKit:Loading:4] 0x119088240 - [webProcessIdentifier=3] NetworkConnectionToWebProcess::scheduleResourceLoad: (parentPID=15116, pageProxyID=4, webPageID=5, frameID=4294967297, resourceID=20, existingLoaderToResume=0)
   2.057 [com.apple.WebKit:Loading:4] 0x119088240 - [webProcessIdentifier=3] NetworkConnectionToWebProcess::resolveBlobReferences: (parentPID=15116, pageProxyID=4, webPageID=5, frameID=4294967297, resourceID=20)
   2.057 [com.apple.WebKit:Loading:4] 0x119088240 - [webProcessIdentifier=3] NetworkConnectionToWebProcess::scheduleResourceLoad: (parentPID=15116, pageProxyID=4, webPageID=5, frameID=4294967297, resourceID=21, existingLoaderToResume=0)
   2.057 [com.apple.WebKit:Loading:4] 0x119088240 - [webProcessIdentifier=3] NetworkConnectionToWebProcess::resolveBlobReferences: (parentPID=15116, pageProxyID=4, webPageID=5, frameID=4294967297, resourceID=21)
   2.057 [com.apple.WebKit:Loading:4] 0x119088240 - [webProcessIdentifier=3] NetworkConnectionToWebProcess::scheduleResourceLoad: (parentPID=15116, pageProxyID=4, webPageID=5, frameID=4294967297, resourceID=22, existingLoaderToResume=0)
   2.057 [com.apple.WebKit:Loading:4] 0x119088240 - [webProcessIdentifier=3] NetworkConnectionToWebProcess::resolveBlobReferences: (parentPID=15116, pageProxyID=4, webPageID=5, frameID=4294967297, resourceID=22)
   2.057 [com.apple.WebKit:Loading:4] 0x119088240 - [webProcessIdentifier=3] NetworkConnectionToWebProcess::scheduleResourceLoad: (parentPID=15116, pageProxyID=4, webPageID=5, frameID=4294967297, resourceID=23, existingLoaderToResume=0)
   2.057 [com.apple.WebKit:Loading:4] 0x119088240 - [webProcessIdentifier=3] NetworkConnectionToWebProcess::resolveBlobReferences: (parentPID=15116, pageProxyID=4, webPageID=5, frameID=4294967297, resourceID=23)
   2.058 [com.apple.WebKit:Loading:4] 0x119088240 - [webProcessIdentifier=3] NetworkConnectionToWebProcess::scheduleResourceLoad: (parentPID=15116, pageProxyID=4, webPageID=5, frameID=4294967297, resourceID=24, existingLoaderToResume=0)
   2.058 [com.apple.WebKit:Loading:4] 0x119088240 - [webProcessIdentifier=3] NetworkConnectionToWebProcess::resolveBlobReferences: (parentPID=15116, pageProxyID=4, webPageID=5, frameID=4294967297, resourceID=24)
   2.059 [com.apple.WebKit:Loading:4] 0x119088240 - [webProcessIdentifier=3] NetworkConnectionToWebProcess::scheduleResourceLoad: (parentPID=15116, pageProxyID=4, webPageID=5, frameID=4294967297, resourceID=25, existingLoaderToResume=0)
   2.059 [com.apple.WebKit:Loading:4] 0x119088240 - [webProcessIdentifier=3] NetworkConnectionToWebProcess::resolveBlobReferences: (parentPID=15116, pageProxyID=4, webPageID=5, frameID=4294967297, resourceID=25)
   2.060 [com.apple.WebKit:Loading:4] 0x119088240 - [webProcessIdentifier=3] NetworkConnectionToWebProcess::scheduleResourceLoad: (parentPID=15116, pageProxyID=4, webPageID=5, frameID=4294967297, resourceID=26, existingLoaderToResume=0)
   2.060 [com.apple.WebKit:Loading:4] 0x119088240 - [webProcessIdentifier=3] NetworkConnectionToWebProcess::resolveBlobReferences: (parentPID=15116, pageProxyID=4, webPageID=5, frameID=4294967297, resourceID=26)
   2.060 [com.apple.WebKit:Loading:4] 0x119088240 - [webProcessIdentifier=3] NetworkConnectionToWebProcess::scheduleResourceLoad: (parentPID=15116, pageProxyID=4, webPageID=5, frameID=4294967297, resourceID=27, existingLoaderToResume=0)
   2.060 [com.apple.WebKit:Loading:4] 0x119088240 - [webProcessIdentifier=3] NetworkConnectionToWebProcess::resolveBlobReferences: (parentPID=15116, pageProxyID=4, webPageID=5, frameID=4294967297, resourceID=27)
   2.060 [com.apple.WebKit:Loading:4] 0x119088240 - [webProcessIdentifier=3] NetworkConnectionToWebProcess::scheduleResourceLoad: (parentPID=15116, pageProxyID=4, webPageID=5, frameID=4294967297, resourceID=28, existingLoaderToResume=0)
   2.060 [com.apple.WebKit:Loading:4] 0x119088240 - [webProcessIdentifier=3] NetworkConnectionToWebProcess::resolveBlobReferences: (parentPID=15116, pageProxyID=4, webPageID=5, frameID=4294967297, resourceID=28)
   2.063 [com.apple.WebKit:Loading:4] 0x119088240 - [webProcessIdentifier=3] NetworkConnectionToWebProcess::scheduleResourceLoad: (parentPID=15116, pageProxyID=4, webPageID=5, frameID=4294967297, resourceID=29, existingLoaderToResume=0)
   2.063 [com.apple.WebKit:Loading:4] 0x119088240 - [webProcessIdentifier=3] NetworkConnectionToWebProcess::resolveBlobReferences: (parentPID=15116, pageProxyID=4, webPageID=5, frameID=4294967297, resourceID=29)
   2.064 [com.apple.WebKit:Loading:4] 0x119088240 - [webProcessIdentifier=3] NetworkConnectionToWebProcess::scheduleResourceLoad: (parentPID=15116, pageProxyID=4, webPageID=5, frameID=4294967297, resourceID=30, existingLoaderToResume=0)
   2.064 [com.apple.WebKit:Loading:4] 0x119088240 - [webProcessIdentifier=3] NetworkConnectionToWebProcess::resolveBlobReferences: (parentPID=15116, pageProxyID=4, webPageID=5, frameID=4294967297, resourceID=30)
   2.066 [com.apple.WebKit:Loading:4] 0x119088240 - [webProcessIdentifier=3] NetworkConnectionToWebProcess::scheduleResourceLoad: (parentPID=15116, pageProxyID=4, webPageID=5, frameID=4294967297, resourceID=31, existingLoaderToResume=0)
   2.066 [com.apple.WebKit:Loading:4] 0x119088240 - [webProcessIdentifier=3] NetworkConnectionToWebProcess::resolveBlobReferences: (parentPID=15116, pageProxyID=4, webPageID=5, frameID=4294967297, resourceID=31)
   2.066 [com.apple.WebKit:Loading:4] 0x119088240 - [webProcessIdentifier=3] NetworkConnectionToWebProcess::scheduleResourceLoad: (parentPID=15116, pageProxyID=4, webPageID=5, frameID=4294967297, resourceID=32, existingLoaderToResume=0)
   2.066 [com.apple.WebKit:Loading:4] 0x119088240 - [webProcessIdentifier=3] NetworkConnectionToWebProcess::resolveBlobReferences: (parentPID=15116, pageProxyID=4, webPageID=5, frameID=4294967297, resourceID=32)
   2.066 [com.apple.WebKit:Loading:4] 0x119088240 - [webProcessIdentifier=3] NetworkConnectionToWebProcess::scheduleResourceLoad: (parentPID=15116, pageProxyID=4, webPageID=5, frameID=4294967297, resourceID=33, existingLoaderToResume=0)
   2.066 [com.apple.WebKit:Loading:4] 0x119088240 - [webProcessIdentifier=3] NetworkConnectionToWebProcess::resolveBlobReferences: (parentPID=15116, pageProxyID=4, webPageID=5, frameID=4294967297, resourceID=33)
   2.066 [com.apple.WebKit:Loading:4] 0x119088240 - [webProcessIdentifier=3] NetworkConnectionToWebProcess::scheduleResourceLoad: (parentPID=15116, pageProxyID=4, webPageID=5, frameID=4294967297, resourceID=34, existingLoaderToResume=0)
   2.066 [com.apple.WebKit:Loading:4] 0x119088240 - [webProcessIdentifier=3] NetworkConnectionToWebProcess::resolveBlobReferences: (parentPID=15116, pageProxyID=4, webPageID=5, frameID=4294967297, resourceID=34)
   2.067 [com.apple.WebKit:Loading:4] 0x119088240 - [webProcessIdentifier=3] NetworkConnectionToWebProcess::scheduleResourceLoad: (parentPID=15116, pageProxyID=4, webPageID=5, frameID=4294967297, resourceID=35, existingLoaderToResume=0)
   2.067 [com.apple.WebKit:Loading:4] 0x119088240 - [webProcessIdentifier=3] NetworkConnectionToWebProcess::resolveBlobReferences: (parentPID=15116, pageProxyID=4, webPageID=5, frameID=4294967297, resourceID=35)
   2.067 [com.apple.WebKit:Loading:4] 0x119088240 - [webProcessIdentifier=3] NetworkConnectionToWebProcess::scheduleResourceLoad: (parentPID=15116, pageProxyID=4, webPageID=5, frameID=4294967297, resourceID=36, existingLoaderToResume=0)
   2.067 [com.apple.WebKit:Loading:4] 0x119088240 - [webProcessIdentifier=3] NetworkConnectionToWebProcess::resolveBlobReferences: (parentPID=15116, pageProxyID=4, webPageID=5, frameID=4294967297, resourceID=36)
   2.068 [com.apple.WebKit:Loading:4] 0x119088240 - [webProcessIdentifier=3] NetworkConnectionToWebProcess::scheduleResourceLoad: (parentPID=15116, pageProxyID=4, webPageID=5, frameID=4294967297, resourceID=37, existingLoaderToResume=0)
   2.068 [com.apple.WebKit:Loading:4] 0x119088240 - [webProcessIdentifier=3] NetworkConnectionToWebProcess::resolveBlobReferences: (parentPID=15116, pageProxyID=4, webPageID=5, frameID=4294967297, resourceID=37)
   2.068 [com.apple.WebKit:Loading:4] 0x119088240 - [webProcessIdentifier=3] NetworkConnectionToWebProcess::scheduleResourceLoad: (parentPID=15116, pageProxyID=4, webPageID=5, frameID=4294967297, resourceID=38, existingLoaderToResume=0)
   2.068 [com.apple.WebKit:Loading:4] 0x119088240 - [webProcessIdentifier=3] NetworkConnectionToWebProcess::resolveBlobReferences: (parentPID=15116, pageProxyID=4, webPageID=5, frameID=4294967297, resourceID=38)
   2.069 [com.apple.WebKit:Loading:4] 0x119088240 - [webProcessIdentifier=3] NetworkConnectionToWebProcess::scheduleResourceLoad: (parentPID=15116, pageProxyID=4, webPageID=5, frameID=4294967297, resourceID=39, existingLoaderToResume=0)
   2.069 [com.apple.WebKit:Loading:4] 0x119088240 - [webProcessIdentifier=3] NetworkConnectionToWebProcess::resolveBlobReferences: (parentPID=15116, pageProxyID=4, webPageID=5, frameID=4294967297, resourceID=39)
   2.069 [com.apple.WebKit:Loading:4] 0x119088240 - [webProcessIdentifier=3] NetworkConnectionToWebProcess::scheduleResourceLoad: (parentPID=15116, pageProxyID=4, webPageID=5, frameID=4294967297, resourceID=40, existingLoaderToResume=0)
   2.070 [com.apple.WebKit:Loading:4] 0x119088240 - [webProcessIdentifier=3] NetworkConnectionToWebProcess::resolveBlobReferences: (parentPID=15116, pageProxyID=4, webPageID=5, frameID=4294967297, resourceID=40)
   2.072 [com.apple.WebKit:Loading:4] 0x119088240 - [webProcessIdentifier=3] NetworkConnectionToWebProcess::scheduleResourceLoad: (parentPID=15116, pageProxyID=4, webPageID=5, frameID=4294967297, resourceID=41, existingLoaderToResume=0)
   2.072 [com.apple.WebKit:Loading:4] 0x119088240 - [webProcessIdentifier=3] NetworkConnectionToWebProcess::resolveBlobReferences: (parentPID=15116, pageProxyID=4, webPageID=5, frameID=4294967297, resourceID=41)
   2.073 [com.apple.WebKit:Loading:4] 0x119088240 - [webProcessIdentifier=3] NetworkConnectionToWebProcess::scheduleResourceLoad: (parentPID=15116, pageProxyID=4, webPageID=5, frameID=4294967297, resourceID=42, existingLoaderToResume=0)
   2.073 [com.apple.WebKit:Loading:4] 0x119088240 - [webProcessIdentifier=3] NetworkConnectionToWebProcess::resolveBlobReferences: (parentPID=15116, pageProxyID=4, webPageID=5, frameID=4294967297, resourceID=42)
   2.075 [com.apple.WebKit:Loading:4] 0x119088240 - [webProcessIdentifier=3] NetworkConnectionToWebProcess::scheduleResourceLoad: (parentPID=15116, pageProxyID=4, webPageID=5, frameID=4294967297, resourceID=43, existingLoaderToResume=0)
   2.075 [com.apple.WebKit:Loading:4] 0x119088240 - [webProcessIdentifier=3] NetworkConnectionToWebProcess::resolveBlobReferences: (parentPID=15116, pageProxyID=4, webPageID=5, frameID=4294967297, resourceID=43)
   2.078 [com.apple.WebKit:Loading:4] 0x119088240 - [webProcessIdentifier=3] NetworkConnectionToWebProcess::scheduleResourceLoad: (parentPID=15116, pageProxyID=4, webPageID=5, frameID=4294967297, resourceID=44, existingLoaderToResume=0)
   2.078 [com.apple.WebKit:Loading:4] 0x119088240 - [webProcessIdentifier=3] NetworkConnectionToWebProcess::resolveBlobReferences: (parentPID=15116, pageProxyID=4, webPageID=5, frameID=4294967297, resourceID=44)
   2.510 [com.apple.WebKit:Loading:4] 0x119088240 - [webProcessIdentifier=3] NetworkConnectionToWebProcess::scheduleResourceLoad: (parentPID=15116, pageProxyID=4, webPageID=5, frameID=4294967297, resourceID=47, existingLoaderToResume=0)
   2.510 [com.apple.WebKit:Loading:4] 0x119088240 - [webProcessIdentifier=3] NetworkConnectionToWebProcess::resolveBlobReferences: (parentPID=15116, pageProxyID=4, webPageID=5, frameID=4294967297, resourceID=47)
   2.514 [com.apple.WebKit:Loading:4] 0x119088240 - [webProcessIdentifier=3] NetworkConnectionToWebProcess::scheduleResourceLoad: (parentPID=15116, pageProxyID=4, webPageID=5, frameID=4294967297, resourceID=48, existingLoaderToResume=0)
   2.514 [com.apple.WebKit:Loading:4] 0x119088240 - [webProcessIdentifier=3] NetworkConnectionToWebProcess::resolveBlobReferences: (parentPID=15116, pageProxyID=4, webPageID=5, frameID=4294967297, resourceID=48)
   2.570 [com.apple.WebKit:Loading:4] 0x119088240 - [webProcessIdentifier=3] NetworkConnectionToWebProcess::scheduleResourceLoad: (parentPID=15116, pageProxyID=4, webPageID=5, frameID=4294967297, resourceID=49, existingLoaderToResume=0)
   2.570 [com.apple.WebKit:Loading:4] 0x119088240 - [webProcessIdentifier=3] NetworkConnectionToWebProcess::resolveBlobReferences: (parentPID=15116, pageProxyID=4, webPageID=5, frameID=4294967297, resourceID=49)
   2.570 [com.apple.WebKit:Loading:4] 0x119088240 - [webProcessIdentifier=3] NetworkConnectionToWebProcess::scheduleResourceLoad: (parentPID=15116, pageProxyID=4, webPageID=5, frameID=4294967297, resourceID=50, existingLoaderToResume=0)
   2.570 [com.apple.WebKit:Loading:4] 0x119088240 - [webProcessIdentifier=3] NetworkConnectionToWebProcess::resolveBlobReferences: (parentPID=15116, pageProxyID=4, webPageID=5, frameID=4294967297, resourceID=50)
   2.573 [com.apple.WebKit:Loading:4] 0x119088240 - [webProcessIdentifier=3] NetworkConnectionToWebProcess::scheduleResourceLoad: (parentPID=15116, pageProxyID=4, webPageID=5, frameID=4294967297, resourceID=51, existingLoaderToResume=0)
   2.573 [com.apple.WebKit:Loading:4] 0x119088240 - [webProcessIdentifier=3] NetworkConnectionToWebProcess::resolveBlobReferences: (parentPID=15116, pageProxyID=4, webPageID=5, frameID=4294967297, resourceID=51)
   2.573 [com.apple.WebKit:Loading:4] 0x119088240 - [webProcessIdentifier=3] NetworkConnectionToWebProcess::scheduleResourceLoad: (parentPID=15116, pageProxyID=4, webPageID=5, frameID=4294967297, resourceID=52, existingLoaderToResume=0)
   2.573 [com.apple.WebKit:Loading:4] 0x119088240 - [webProcessIdentifier=3] NetworkConnectionToWebProcess::resolveBlobReferences: (parentPID=15116, pageProxyID=4, webPageID=5, frameID=4294967297, resourceID=52)
   2.573 [com.apple.WebKit:Loading:4] 0x119088240 - [webProcessIdentifier=3] NetworkConnectionToWebProcess::scheduleResourceLoad: (parentPID=15116, pageProxyID=4, webPageID=5, frameID=4294967297, resourceID=53, existingLoaderToResume=0)
   2.574 [com.apple.WebKit:Loading:4] 0x119088240 - [webProcessIdentifier=3] NetworkConnectionToWebProcess::resolveBlobReferences: (parentPID=15116, pageProxyID=4, webPageID=5, frameID=4294967297, resourceID=53)
   2.574 [com.apple.WebKit:Loading:4] 0x119088240 - [webProcessIdentifier=3] NetworkConnectionToWebProcess::scheduleResourceLoad: (parentPID=15116, pageProxyID=4, webPageID=5, frameID=4294967297, resourceID=54, existingLoaderToResume=0)
   2.574 [com.apple.WebKit:Loading:4] 0x119088240 - [webProcessIdentifier=3] NetworkConnectionToWebProcess::resolveBlobReferences: (parentPID=15116, pageProxyID=4, webPageID=5, frameID=4294967297, resourceID=54)
   2.574 [com.apple.WebKit:Loading:4] 0x119088240 - [webProcessIdentifier=3] NetworkConnectionToWebProcess::scheduleResourceLoad: (parentPID=15116, pageProxyID=4, webPageID=5, frameID=4294967297, resourceID=55, existingLoaderToResume=0)
   2.574 [com.apple.WebKit:Loading:4] 0x119088240 - [webProcessIdentifier=3] NetworkConnectionToWebProcess::resolveBlobReferences: (parentPID=15116, pageProxyID=4, webPageID=5, frameID=4294967297, resourceID=55)
   2.574 [com.apple.WebKit:Loading:4] 0x119088240 - [webProcessIdentifier=3] NetworkConnectionToWebProcess::scheduleResourceLoad: (parentPID=15116, pageProxyID=4, webPageID=5, frameID=4294967297, resourceID=56, existingLoaderToResume=0)
   2.574 [com.apple.WebKit:Loading:4] 0x119088240 - [webProcessIdentifier=3] NetworkConnectionToWebProcess::resolveBlobReferences: (parentPID=15116, pageProxyID=4, webPageID=5, frameID=4294967297, resourceID=56)
   2.574 [com.apple.WebKit:Loading:4] 0x119088240 - [webProcessIdentifier=3] NetworkConnectionToWebProcess::scheduleResourceLoad: (parentPID=15116, pageProxyID=4, webPageID=5, frameID=4294967297, resourceID=57, existingLoaderToResume=0)
   2.574 [com.apple.WebKit:Loading:4] 0x119088240 - [webProcessIdentifier=3] NetworkConnectionToWebProcess::resolveBlobReferences: (parentPID=15116, pageProxyID=4, webPageID=5, frameID=4294967297, resourceID=57)
   2.575 [com.apple.WebKit:Loading:4] 0x119088240 - [webProcessIdentifier=3] NetworkConnectionToWebProcess::scheduleResourceLoad: (parentPID=15116, pageProxyID=4, webPageID=5, frameID=4294967297, resourceID=58, existingLoaderToResume=0)
   2.575 [com.apple.WebKit:Loading:4] 0x119088240 - [webProcessIdentifier=3] NetworkConnectionToWebProcess::resolveBlobReferences: (parentPID=15116, pageProxyID=4, webPageID=5, frameID=4294967297, resourceID=58)
   2.575 [com.apple.WebKit:Loading:4] 0x119088240 - [webProcessIdentifier=3] NetworkConnectionToWebProcess::scheduleResourceLoad: (parentPID=15116, pageProxyID=4, webPageID=5, frameID=4294967297, resourceID=59, existingLoaderToResume=0)
   2.575 [com.apple.WebKit:Loading:4] 0x119088240 - [webProcessIdentifier=3] NetworkConnectionToWebProcess::resolveBlobReferences: (parentPID=15116, pageProxyID=4, webPageID=5, frameID=4294967297, resourceID=59)
   2.577 [com.apple.WebKit:Loading:4] 0x119088240 - [webProcessIdentifier=3] NetworkConnectionToWebProcess::scheduleResourceLoad: (parentPID=15116, pageProxyID=4, webPageID=5, frameID=4294967297, resourceID=60, existingLoaderToResume=0)
   2.577 [com.apple.WebKit:Loading:4] 0x119088240 - [webProcessIdentifier=3] NetworkConnectionToWebProcess::resolveBlobReferences: (parentPID=15116, pageProxyID=4, webPageID=5, frameID=4294967297, resourceID=60)
   2.577 [com.apple.WebKit:Loading:4] 0x119088240 - [webProcessIdentifier=3] NetworkConnectionToWebProcess::scheduleResourceLoad: (parentPID=15116, pageProxyID=4, webPageID=5, frameID=4294967297, resourceID=61, existingLoaderToResume=0)
   2.577 [com.apple.WebKit:Loading:4] 0x119088240 - [webProcessIdentifier=3] NetworkConnectionToWebProcess::resolveBlobReferences: (parentPID=15116, pageProxyID=4, webPageID=5, frameID=4294967297, resourceID=61)
   2.577 [com.apple.WebKit:Loading:4] 0x119088240 - [webProcessIdentifier=3] NetworkConnectionToWebProcess::scheduleResourceLoad: (parentPID=15116, pageProxyID=4, webPageID=5, frameID=4294967297, resourceID=62, existingLoaderToResume=0)
   2.577 [com.apple.WebKit:Loading:4] 0x119088240 - [webProcessIdentifier=3] NetworkConnectionToWebProcess::resolveBlobReferences: (parentPID=15116, pageProxyID=4, webPageID=5, frameID=4294967297, resourceID=62)
   2.577 [com.apple.WebKit:Loading:4] 0x119088240 - [webProcessIdentifier=3] NetworkConnectionToWebProcess::scheduleResourceLoad: (parentPID=15116, pageProxyID=4, webPageID=5, frameID=4294967297, resourceID=63, existingLoaderToResume=0)
   2.577 [com.apple.WebKit:Loading:4] 0x119088240 - [webProcessIdentifier=3] NetworkConnectionToWebProcess::resolveBlobReferences: (parentPID=15116, pageProxyID=4, webPageID=5, frameID=4294967297, resourceID=63)
   2.577 [com.apple.WebKit:Loading:4] 0x119088240 - [webProcessIdentifier=3] NetworkConnectionToWebProcess::scheduleResourceLoad: (parentPID=15116, pageProxyID=4, webPageID=5, frameID=4294967297, resourceID=64, existingLoaderToResume=0)
   2.577 [com.apple.WebKit:Loading:4] 0x119088240 - [webProcessIdentifier=3] NetworkConnectionToWebProcess::resolveBlobReferences: (parentPID=15116, pageProxyID=4, webPageID=5, frameID=4294967297, resourceID=64)
   2.580 [com.apple.WebKit:Loading:4] 0x119088240 - [webProcessIdentifier=3] NetworkConnectionToWebProcess::scheduleResourceLoad: (parentPID=15116, pageProxyID=4, webPageID=5, frameID=4294967297, resourceID=65, existingLoaderToResume=0)
   2.580 [com.apple.WebKit:Loading:4] 0x119088240 - [webProcessIdentifier=3] NetworkConnectionToWebProcess::resolveBlobReferences: (parentPID=15116, pageProxyID=4, webPageID=5, frameID=4294967297, resourceID=65)
   2.580 [com.apple.WebKit:Loading:4] 0x119088240 - [webProcessIdentifier=3] NetworkConnectionToWebProcess::scheduleResourceLoad: (parentPID=15116, pageProxyID=4, webPageID=5, frameID=4294967297, resourceID=66, existingLoaderToResume=0)
   2.580 [com.apple.WebKit:Loading:4] 0x119088240 - [webProcessIdentifier=3] NetworkConnectionToWebProcess::resolveBlobReferences: (parentPID=15116, pageProxyID=4, webPageID=5, frameID=4294967297, resourceID=66)
   2.580 [com.apple.WebKit:Loading:4] 0x119088240 - [webProcessIdentifier=3] NetworkConnectionToWebProcess::scheduleResourceLoad: (parentPID=15116, pageProxyID=4, webPageID=5, frameID=4294967297, resourceID=67, existingLoaderToResume=0)
   2.580 [com.apple.WebKit:Loading:4] 0x119088240 - [webProcessIdentifier=3] NetworkConnectionToWebProcess::resolveBlobReferences: (parentPID=15116, pageProxyID=4, webPageID=5, frameID=4294967297, resourceID=67)
   2.589 [com.apple.WebKit:Loading:4] 0x119088240 - [webProcessIdentifier=3] NetworkConnectionToWebProcess::scheduleResourceLoad: (parentPID=15116, pageProxyID=4, webPageID=5, frameID=4294967297, resourceID=68, existingLoaderToResume=0)
   2.589 [com.apple.WebKit:Loading:4] 0x119088240 - [webProcessIdentifier=3] NetworkConnectionToWebProcess::resolveBlobReferences: (parentPID=15116, pageProxyID=4, webPageID=5, frameID=4294967297, resourceID=68)
   2.592 [com.apple.WebKit:Loading:4] 0x119088240 - [webProcessIdentifier=3] NetworkConnectionToWebProcess::scheduleResourceLoad: (parentPID=15116, pageProxyID=4, webPageID=5, frameID=4294967297, resourceID=69, existingLoaderToResume=0)
   2.592 [com.apple.WebKit:Loading:4] 0x119088240 - [webProcessIdentifier=3] NetworkConnectionToWebProcess::resolveBlobReferences: (parentPID=15116, pageProxyID=4, webPageID=5, frameID=4294967297, resourceID=69)
   2.592 [com.apple.WebKit:Loading:4] 0x119088240 - [webProcessIdentifier=3] NetworkConnectionToWebProcess::scheduleResourceLoad: (parentPID=15116, pageProxyID=4, webPageID=5, frameID=4294967297, resourceID=70, existingLoaderToResume=0)
   2.592 [com.apple.WebKit:Loading:4] 0x119088240 - [webProcessIdentifier=3] NetworkConnectionToWebProcess::resolveBlobReferences: (parentPID=15116, pageProxyID=4, webPageID=5, frameID=4294967297, resourceID=70)
   2.593 [com.apple.WebKit:Loading:4] 0x119088240 - [webProcessIdentifier=3] NetworkConnectionToWebProcess::scheduleResourceLoad: (parentPID=15116, pageProxyID=4, webPageID=5, frameID=4294967297, resourceID=71, existingLoaderToResume=0)
   2.593 [com.apple.WebKit:Loading:4] 0x119088240 - [webProcessIdentifier=3] NetworkConnectionToWebProcess::resolveBlobReferences: (parentPID=15116, pageProxyID=4, webPageID=5, frameID=4294967297, resourceID=71)
   2.593 [com.apple.WebKit:Loading:4] 0x119088240 - [webProcessIdentifier=3] NetworkConnectionToWebProcess::scheduleResourceLoad: (parentPID=15116, pageProxyID=4, webPageID=5, frameID=4294967297, resourceID=72, existingLoaderToResume=0)
   2.593 [com.apple.WebKit:Loading:4] 0x119088240 - [webProcessIdentifier=3] NetworkConnectionToWebProcess::resolveBlobReferences: (parentPID=15116, pageProxyID=4, webPageID=5, frameID=4294967297, resourceID=72)
   2.594 [com.apple.WebKit:Loading:4] 0x119088240 - [webProcessIdentifier=3] NetworkConnectionToWebProcess::scheduleResourceLoad: (parentPID=15116, pageProxyID=4, webPageID=5, frameID=4294967297, resourceID=73, existingLoaderToResume=0)
   2.595 [com.apple.WebKit:Loading:4] 0x119088240 - [webProcessIdentifier=3] NetworkConnectionToWebProcess::resolveBlobReferences: (parentPID=15116, pageProxyID=4, webPageID=5, frameID=4294967297, resourceID=73)
   2.595 [com.apple.WebKit:Loading:4] 0x119088240 - [webProcessIdentifier=3] NetworkConnectionToWebProcess::scheduleResourceLoad: (parentPID=15116, pageProxyID=4, webPageID=5, frameID=4294967297, resourceID=74, existingLoaderToResume=0)
   2.595 [com.apple.WebKit:Loading:4] 0x119088240 - [webProcessIdentifier=3] NetworkConnectionToWebProcess::resolveBlobReferences: (parentPID=15116, pageProxyID=4, webPageID=5, frameID=4294967297, resourceID=74)
   2.595 [com.apple.WebKit:Loading:4] 0x119088240 - [webProcessIdentifier=3] NetworkConnectionToWebProcess::scheduleResourceLoad: (parentPID=15116, pageProxyID=4, webPageID=5, frameID=4294967297, resourceID=75, existingLoaderToResume=0)
   2.595 [com.apple.WebKit:Loading:4] 0x119088240 - [webProcessIdentifier=3] NetworkConnectionToWebProcess::resolveBlobReferences: (parentPID=15116, pageProxyID=4, webPageID=5, frameID=4294967297, resourceID=75)
   2.596 [com.apple.WebKit:Loading:4] 0x119088240 - [webProcessIdentifier=3] NetworkConnectionToWebProcess::scheduleResourceLoad: (parentPID=15116, pageProxyID=4, webPageID=5, frameID=4294967297, resourceID=76, existingLoaderToResume=0)
   2.596 [com.apple.WebKit:Loading:4] 0x119088240 - [webProcessIdentifier=3] NetworkConnectionToWebProcess::resolveBlobReferences: (parentPID=15116, pageProxyID=4, webPageID=5, frameID=4294967297, resourceID=76)
   2.596 [com.apple.WebKit:Loading:4] 0x119088240 - [webProcessIdentifier=3] NetworkConnectionToWebProcess::scheduleResourceLoad: (parentPID=15116, pageProxyID=4, webPageID=5, frameID=4294967297, resourceID=77, existingLoaderToResume=0)
   2.596 [com.apple.WebKit:Loading:4] 0x119088240 - [webProcessIdentifier=3] NetworkConnectionToWebProcess::resolveBlobReferences: (parentPID=15116, pageProxyID=4, webPageID=5, frameID=4294967297, resourceID=77)
   2.599 [com.apple.WebKit:Loading:4] 0x119088240 - [webProcessIdentifier=3] NetworkConnectionToWebProcess::scheduleResourceLoad: (parentPID=15116, pageProxyID=4, webPageID=5, frameID=4294967297, resourceID=78, existingLoaderToResume=0)
   2.599 [com.apple.WebKit:Loading:4] 0x119088240 - [webProcessIdentifier=3] NetworkConnectionToWebProcess::resolveBlobReferences: (parentPID=15116, pageProxyID=4, webPageID=5, frameID=4294967297, resourceID=78)
   2.601 [com.apple.WebKit:Loading:4] 0x119088240 - [webProcessIdentifier=3] NetworkConnectionToWebProcess::scheduleResourceLoad: (parentPID=15116, pageProxyID=4, webPageID=5, frameID=4294967297, resourceID=79, existingLoaderToResume=0)
   2.601 [com.apple.WebKit:Loading:4] 0x119088240 - [webProcessIdentifier=3] NetworkConnectionToWebProcess::resolveBlobReferences: (parentPID=15116, pageProxyID=4, webPageID=5, frameID=4294967297, resourceID=79)
   2.612 [com.apple.WebKit:Loading:4] 0x119088240 - [webProcessIdentifier=3] NetworkConnectionToWebProcess::scheduleResourceLoad: (parentPID=15116, pageProxyID=4, webPageID=5, frameID=4294967297, resourceID=80, existingLoaderToResume=0)
   2.612 [com.apple.WebKit:Loading:4] 0x119088240 - [webProcessIdentifier=3] NetworkConnectionToWebProcess::resolveBlobReferences: (parentPID=15116, pageProxyID=4, webPageID=5, frameID=4294967297, resourceID=80)
   2.612 [com.apple.WebKit:Loading:4] 0x119088240 - [webProcessIdentifier=3] NetworkConnectionToWebProcess::scheduleResourceLoad: (parentPID=15116, pageProxyID=4, webPageID=5, frameID=4294967297, resourceID=81, existingLoaderToResume=0)
   2.613 [com.apple.WebKit:Loading:4] 0x119088240 - [webProcessIdentifier=3] NetworkConnectionToWebProcess::resolveBlobReferences: (parentPID=15116, pageProxyID=4, webPageID=5, frameID=4294967297, resourceID=81)
   2.614 [com.apple.WebKit:Loading:4] 0x119088240 - [webProcessIdentifier=3] NetworkConnectionToWebProcess::scheduleResourceLoad: (parentPID=15116, pageProxyID=4, webPageID=5, frameID=4294967297, resourceID=82, existingLoaderToResume=0)
   2.615 [com.apple.WebKit:Loading:4] 0x119088240 - [webProcessIdentifier=3] NetworkConnectionToWebProcess::resolveBlobReferences: (parentPID=15116, pageProxyID=4, webPageID=5, frameID=4294967297, resourceID=82)
   2.615 [com.apple.WebKit:Loading:4] 0x119088240 - [webProcessIdentifier=3] NetworkConnectionToWebProcess::scheduleResourceLoad: (parentPID=15116, pageProxyID=4, webPageID=5, frameID=4294967297, resourceID=83, existingLoaderToResume=0)
   2.615 [com.apple.WebKit:Loading:4] 0x119088240 - [webProcessIdentifier=3] NetworkConnectionToWebProcess::resolveBlobReferences: (parentPID=15116, pageProxyID=4, webPageID=5, frameID=4294967297, resourceID=83)
   2.617 [com.apple.WebKit:Loading:4] 0x119088240 - [webProcessIdentifier=3] NetworkConnectionToWebProcess::scheduleResourceLoad: (parentPID=15116, pageProxyID=4, webPageID=5, frameID=4294967297, resourceID=84, existingLoaderToResume=0)
   2.617 [com.apple.WebKit:Loading:4] 0x119088240 - [webProcessIdentifier=3] NetworkConnectionToWebProcess::resolveBlobReferences: (parentPID=15116, pageProxyID=4, webPageID=5, frameID=4294967297, resourceID=84)
   2.661 [com.apple.WebKit:Loading:4] 0x119088240 - [webProcessIdentifier=3] NetworkConnectionToWebProcess::scheduleResourceLoad: (parentPID=15116, pageProxyID=4, webPageID=5, frameID=4294967297, resourceID=85, existingLoaderToResume=0)
   2.661 [com.apple.WebKit:Loading:4] 0x119088240 - [webProcessIdentifier=3] NetworkConnectionToWebProcess::resolveBlobReferences: (parentPID=15116, pageProxyID=4, webPageID=5, frameID=4294967297, resourceID=85)
   2.661 [com.apple.WebKit:Loading:4] 0x119088240 - [webProcessIdentifier=3] NetworkConnectionToWebProcess::scheduleResourceLoad: (parentPID=15116, pageProxyID=4, webPageID=5, frameID=4294967297, resourceID=86, existingLoaderToResume=0)
   2.661 [com.apple.WebKit:Loading:4] 0x119088240 - [webProcessIdentifier=3] NetworkConnectionToWebProcess::resolveBlobReferences: (parentPID=15116, pageProxyID=4, webPageID=5, frameID=4294967297, resourceID=86)
   2.661 [com.apple.WebKit:Loading:4] 0x119088240 - [webProcessIdentifier=3] NetworkConnectionToWebProcess::scheduleResourceLoad: (parentPID=15116, pageProxyID=4, webPageID=5, frameID=4294967297, resourceID=87, existingLoaderToResume=0)
   2.661 [com.apple.WebKit:Loading:4] 0x119088240 - [webProcessIdentifier=3] NetworkConnectionToWebProcess::resolveBlobReferences: (parentPID=15116, pageProxyID=4, webPageID=5, frameID=4294967297, resourceID=87)
   2.662 [com.apple.WebKit:Loading:4] 0x119088240 - [webProcessIdentifier=3] NetworkConnectionToWebProcess::removeLoadIdentifier: Removing identifier 9 and aborting corresponding loader
   2.663 [com.apple.WebKit:Loading:4] 0x119088240 - [webProcessIdentifier=3] NetworkConnectionToWebProcess::scheduleResourceLoad: (parentPID=15116, pageProxyID=13, webPageID=14, frameID=12884901889, resourceID=88, existingLoaderToResume=0)
   2.663 [com.apple.WebKit:Loading:4] 0x119088240 - [webProcessIdentifier=3] NetworkConnectionToWebProcess::resolveBlobReferences: (parentPID=15116, pageProxyID=13, webPageID=14, frameID=12884901889, resourceID=88)
   2.813 [com.apple.WebKit:Loading:4] 0x119088240 - [webProcessIdentifier=3] NetworkConnectionToWebProcess::scheduleResourceLoad: (parentPID=15116, pageProxyID=13, webPageID=14, frameID=12884901889, resourceID=143, existingLoaderToResume=0)
   2.813 [com.apple.WebKit:Loading:4] 0x119088240 - [webProcessIdentifier=3] NetworkConnectionToWebProcess::resolveBlobReferences: (parentPID=15116, pageProxyID=13, webPageID=14, frameID=12884901889, resourceID=143)
   2.813 [com.apple.WebKit:Loading:4] 0x119088240 - [webProcessIdentifier=3] NetworkConnectionToWebProcess::scheduleResourceLoad: (parentPID=15116, pageProxyID=13, webPageID=14, frameID=12884901889, resourceID=144, existingLoaderToResume=0)
   2.813 [com.apple.WebKit:Loading:4] 0x119088240 - [webProcessIdentifier=3] NetworkConnectionToWebProcess::resolveBlobReferences: (parentPID=15116, pageProxyID=13, webPageID=14, frameID=12884901889, resourceID=144)
   2.814 [com.apple.WebKit:Loading:4] 0x119088240 - [webProcessIdentifier=3] NetworkConnectionToWebProcess::scheduleResourceLoad: (parentPID=15116, pageProxyID=13, webPageID=14, frameID=12884901889, resourceID=145, existingLoaderToResume=0)
   2.814 [com.apple.WebKit:Loading:4] 0x119088240 - [webProcessIdentifier=3] NetworkConnectionToWebProcess::resolveBlobReferences: (parentPID=15116, pageProxyID=13, webPageID=14, frameID=12884901889, resourceID=145)
   2.814 [com.apple.WebKit:Loading:4] 0x119088240 - [webProcessIdentifier=3] NetworkConnectionToWebProcess::scheduleResourceLoad: (parentPID=15116, pageProxyID=13, webPageID=14, frameID=12884901889, resourceID=146, existingLoaderToResume=0)
   2.814 [com.apple.WebKit:Loading:4] 0x119088240 - [webProcessIdentifier=3] NetworkConnectionToWebProcess::resolveBlobReferences: (parentPID=15116, pageProxyID=13, webPageID=14, frameID=12884901889, resourceID=146)
   2.815 [com.apple.WebKit:Loading:4] 0x119088240 - [webProcessIdentifier=3] NetworkConnectionToWebProcess::scheduleResourceLoad: (parentPID=15116, pageProxyID=13, webPageID=14, frameID=12884901889, resourceID=147, existingLoaderToResume=0)
   2.815 [com.apple.WebKit:Loading:4] 0x119088240 - [webProcessIdentifier=3] NetworkConnectionToWebProcess::resolveBlobReferences: (parentPID=15116, pageProxyID=13, webPageID=14, frameID=12884901889, resourceID=147)
   2.815 [com.apple.WebKit:Loading:4] 0x119088240 - [webProcessIdentifier=3] NetworkConnectionToWebProcess::scheduleResourceLoad: (parentPID=15116, pageProxyID=13, webPageID=14, frameID=12884901889, resourceID=148, existingLoaderToResume=0)
   2.815 [com.apple.WebKit:Loading:4] 0x119088240 - [webProcessIdentifier=3] NetworkConnectionToWebProcess::resolveBlobReferences: (parentPID=15116, pageProxyID=13, webPageID=14, frameID=12884901889, resourceID=148)
   2.815 [com.apple.WebKit:Loading:4] 0x119088240 - [webProcessIdentifier=3] NetworkConnectionToWebProcess::scheduleResourceLoad: (parentPID=15116, pageProxyID=13, webPageID=14, frameID=12884901889, resourceID=149, existingLoaderToResume=0)
   2.815 [com.apple.WebKit:Loading:4] 0x119088240 - [webProcessIdentifier=3] NetworkConnectionToWebProcess::resolveBlobReferences: (parentPID=15116, pageProxyID=13, webPageID=14, frameID=12884901889, resourceID=149)
   2.817 [com.apple.WebKit:Loading:4] 0x119088240 - [webProcessIdentifier=3] NetworkConnectionToWebProcess::scheduleResourceLoad: (parentPID=15116, pageProxyID=13, webPageID=14, frameID=12884901889, resourceID=150, existingLoaderToResume=0)
   2.817 [com.apple.WebKit:Loading:4] 0x119088240 - [webProcessIdentifier=3] NetworkConnectionToWebProcess::resolveBlobReferences: (parentPID=15116, pageProxyID=13, webPageID=14, frameID=12884901889, resourceID=150)
   2.817 [com.apple.WebKit:Loading:4] 0x119088240 - [webProcessIdentifier=3] NetworkConnectionToWebProcess::scheduleResourceLoad: (parentPID=15116, pageProxyID=13, webPageID=14, frameID=12884901889, resourceID=151, existingLoaderToResume=0)
   2.817 [com.apple.WebKit:Loading:4] 0x119088240 - [webProcessIdentifier=3] NetworkConnectionToWebProcess::resolveBlobReferences: (parentPID=15116, pageProxyID=13, webPageID=14, frameID=12884901889, resourceID=151)
   2.817 [com.apple.WebKit:Loading:4] 0x119088240 - [webProcessIdentifier=3] NetworkConnectionToWebProcess::scheduleResourceLoad: (parentPID=15116, pageProxyID=13, webPageID=14, frameID=12884901889, resourceID=152, existingLoaderToResume=0)
   2.818 [com.apple.WebKit:Loading:4] 0x119088240 - [webProcessIdentifier=3] NetworkConnectionToWebProcess::resolveBlobReferences: (parentPID=15116, pageProxyID=13, webPageID=14, frameID=12884901889, resourceID=152)
   2.818 [com.apple.WebKit:Loading:4] 0x119088240 - [webProcessIdentifier=3] NetworkConnectionToWebProcess::scheduleResourceLoad: (parentPID=15116, pageProxyID=13, webPageID=14, frameID=12884901889, resourceID=153, existingLoaderToResume=0)
   2.818 [com.apple.WebKit:Loading:4] 0x119088240 - [webProcessIdentifier=3] NetworkConnectionToWebProcess::resolveBlobReferences: (parentPID=15116, pageProxyID=13, webPageID=14, frameID=12884901889, resourceID=153)
   2.821 [com.apple.WebKit:Loading:4] 0x119088240 - [webProcessIdentifier=3] NetworkConnectionToWebProcess::scheduleResourceLoad: (parentPID=15116, pageProxyID=13, webPageID=14, frameID=12884901889, resourceID=154, existingLoaderToResume=0)
   2.821 [com.apple.WebKit:Loading:4] 0x119088240 - [webProcessIdentifier=3] NetworkConnectionToWebProcess::resolveBlobReferences: (parentPID=15116, pageProxyID=13, webPageID=14, frameID=12884901889, resourceID=154)
   2.831 [com.apple.WebKit:Loading:4] 0x119088240 - [webProcessIdentifier=3] NetworkConnectionToWebProcess::scheduleResourceLoad: (parentPID=15116, pageProxyID=13, webPageID=14, frameID=12884901889, resourceID=155, existingLoaderToResume=0)
   2.831 [com.apple.WebKit:Loading:4] 0x119088240 - [webProcessIdentifier=3] NetworkConnectionToWebProcess::resolveBlobReferences: (parentPID=15116, pageProxyID=13, webPageID=14, frameID=12884901889, resourceID=155)
   2.832 [com.apple.WebKit:Loading:4] 0x119088240 - [webProcessIdentifier=3] NetworkConnectionToWebProcess::scheduleResourceLoad: (parentPID=15116, pageProxyID=13, webPageID=14, frameID=12884901889, resourceID=156, existingLoaderToResume=0)
   2.832 [com.apple.WebKit:Loading:4] 0x119088240 - [webProcessIdentifier=3] NetworkConnectionToWebProcess::resolveBlobReferences: (parentPID=15116, pageProxyID=13, webPageID=14, frameID=12884901889, resourceID=156)
   2.832 [com.apple.WebKit:Loading:4] 0x119088240 - [webProcessIdentifier=3] NetworkConnectionToWebProcess::scheduleResourceLoad: (parentPID=15116, pageProxyID=13, webPageID=14, frameID=12884901889, resourceID=157, existingLoaderToResume=0)
   2.832 [com.apple.WebKit:Loading:4] 0x119088240 - [webProcessIdentifier=3] NetworkConnectionToWebProcess::resolveBlobReferences: (parentPID=15116, pageProxyID=13, webPageID=14, frameID=12884901889, resourceID=157)
   5.478 [com.apple.WebKit:Loading:4] 0x119088240 - [webProcessIdentifier=3] NetworkConnectionToWebProcess::removeLoadIdentifier: Removing identifier 69 and aborting corresponding loader
   5.478 [com.apple.WebKit:Loading:4] 0x119088240 - [webProcessIdentifier=3] NetworkConnectionToWebProcess::removeLoadIdentifier: Removing identifier 70 and aborting corresponding loader
   5.515 [com.apple.WebKit:Loading:4] 0x119088240 - [webProcessIdentifier=3] NetworkConnectionToWebProcess::removeLoadIdentifier: Removing identifier 78 and aborting corresponding loader
   5.515 [com.apple.WebKit:Loading:4] 0x119088240 - [webProcessIdentifier=3] NetworkConnectionToWebProcess::removeLoadIdentifier: Removing identifier 71 and aborting corresponding loader
   5.540 [com.apple.WebKit:Loading:4] 0x119088240 - [webProcessIdentifier=3] NetworkConnectionToWebProcess::removeLoadIdentifier: Removing identifier 80 and aborting corresponding loader
   5.542 [com.apple.WebKit:Loading:4] 0x119088240 - [webProcessIdentifier=3] NetworkConnectionToWebProcess::removeLoadIdentifier: Removing identifier 72 and aborting corresponding loader
   5.542 [com.apple.WebKit:Loading:4] 0x119088240 - [webProcessIdentifier=3] NetworkConnectionToWebProcess::removeLoadIdentifier: Removing identifier 73 and aborting corresponding loader
   5.543 [com.apple.WebKit:Loading:4] 0x119088240 - [webProcessIdentifier=3] NetworkConnectionToWebProcess::removeLoadIdentifier: Removing identifier 81 and aborting corresponding loader
   5.543 [com.apple.WebKit:Loading:4] 0x119088240 - [webProcessIdentifier=3] NetworkConnectionToWebProcess::removeLoadIdentifier: Removing identifier 74 and aborting corresponding loader
   5.544 [com.apple.WebKit:Loading:4] 0x119088240 - [webProcessIdentifier=3] NetworkConnectionToWebProcess::removeLoadIdentifier: Removing identifier 82 and aborting corresponding loader
   5.544 [com.apple.WebKit:Loading:4] 0x119088240 - [webProcessIdentifier=3] NetworkConnectionToWebProcess::removeLoadIdentifier: Removing identifier 75 and aborting corresponding loader
   5.544 [com.apple.WebKit:Loading:4] 0x119088240 - [webProcessIdentifier=3] NetworkConnectionToWebProcess::removeLoadIdentifier: Removing identifier 76 and aborting corresponding loader
   5.546 [com.apple.WebKit:Loading:4] 0x119088240 - [webProcessIdentifier=3] NetworkConnectionToWebProcess::removeLoadIdentifier: Removing identifier 83 and aborting corresponding loader
   5.546 [com.apple.WebKit:Loading:4] 0x119088240 - [webProcessIdentifier=3] NetworkConnectionToWebProcess::removeLoadIdentifier: Removing identifier 77 and aborting corresponding loader
   5.546 [com.apple.WebKit:Loading:4] 0x119088240 - [webProcessIdentifier=3] NetworkConnectionToWebProcess::removeLoadIdentifier: Removing identifier 84 and aborting corresponding loader
   5.648 [com.apple.WebKit:Loading:4] 0x119088240 - [webProcessIdentifier=3] NetworkConnectionToWebProcess::removeLoadIdentifier: Removing identifier 48 and aborting corresponding loader
   5.652 [com.apple.WebKit:Loading:4] 0x119088240 - [webProcessIdentifier=3] NetworkConnectionToWebProcess::removeLoadIdentifier: Removing identifier 49 and aborting corresponding loader
   5.653 [com.apple.WebKit:Loading:4] 0x119088240 - [webProcessIdentifier=3] NetworkConnectionToWebProcess::removeLoadIdentifier: Removing identifier 50 and aborting corresponding loader
   5.654 [com.apple.WebKit:Loading:4] 0x119088240 - [webProcessIdentifier=3] NetworkConnectionToWebProcess::removeLoadIdentifier: Removing identifier 51 and aborting corresponding loader
   5.654 [com.apple.WebKit:Loading:4] 0x119088240 - [webProcessIdentifier=3] NetworkConnectionToWebProcess::removeLoadIdentifier: Removing identifier 52 and aborting corresponding loader
   5.664 [com.apple.WebKit:Loading:4] 0x119088240 - [webProcessIdentifier=3] NetworkConnectionToWebProcess::removeLoadIdentifier: Removing identifier 53 and aborting corresponding loader
   5.665 [com.apple.WebKit:Loading:4] 0x119088240 - [webProcessIdentifier=3] NetworkConnectionToWebProcess::removeLoadIdentifier: Removing identifier 54 and aborting corresponding loader
   5.667 [com.apple.WebKit:Loading:4] 0x119088240 - [webProcessIdentifier=3] NetworkConnectionToWebProcess::removeLoadIdentifier: Removing identifier 55 and aborting corresponding loader
   5.669 [com.apple.WebKit:Loading:4] 0x119088240 - [webProcessIdentifier=3] NetworkConnectionToWebProcess::removeLoadIdentifier: Removing identifier 56 and aborting corresponding loader
   5.718 [com.apple.WebKit:Loading:4] 0x119088240 - [webProcessIdentifier=3] NetworkConnectionToWebProcess::removeLoadIdentifier: Removing identifier 57 and aborting corresponding loader
   5.746 [com.apple.WebKit:Loading:4] 0x119088240 - [webProcessIdentifier=3] NetworkConnectionToWebProcess::removeLoadIdentifier: Removing identifier 58 and aborting corresponding loader
   5.747 [com.apple.WebKit:Loading:4] 0x119088240 - [webProcessIdentifier=3] NetworkConnectionToWebProcess::removeLoadIdentifier: Removing identifier 59 and aborting corresponding loader
   5.749 [com.apple.WebKit:Loading:4] 0x119088240 - [webProcessIdentifier=3] NetworkConnectionToWebProcess::removeLoadIdentifier: Removing identifier 60 and aborting corresponding loader
   5.772 [com.apple.WebKit:Loading:4] 0x119088240 - [webProcessIdentifier=3] NetworkConnectionToWebProcess::removeLoadIdentifier: Removing identifier 61 and aborting corresponding loader
   5.772 [com.apple.WebKit:Loading:4] 0x119088240 - [webProcessIdentifier=3] NetworkConnectionToWebProcess::removeLoadIdentifier: Removing identifier 62 and aborting corresponding loader
   5.772 [com.apple.WebKit:Loading:4] 0x119088240 - [webProcessIdentifier=3] NetworkConnectionToWebProcess::removeLoadIdentifier: Removing identifier 63 and aborting corresponding loader
   5.774 [com.apple.WebKit:Loading:4] 0x119088240 - [webProcessIdentifier=3] NetworkConnectionToWebProcess::removeLoadIdentifier: Removing identifier 64 and aborting corresponding loader
   5.774 [com.apple.WebKit:Loading:4] 0x119088240 - [webProcessIdentifier=3] NetworkConnectionToWebProcess::removeLoadIdentifier: Removing identifier 65 and aborting corresponding loader
   5.778 [com.apple.WebKit:Loading:4] 0x119088240 - [webProcessIdentifier=3] NetworkConnectionToWebProcess::removeLoadIdentifier: Removing identifier 66 and aborting corresponding loader
   5.778 [com.apple.WebKit:Loading:4] 0x119088240 - [webProcessIdentifier=3] NetworkConnectionToWebProcess::removeLoadIdentifier: Removing identifier 67 and aborting corresponding loader
   5.779 [com.apple.WebKit:Loading:4] 0x119088240 - [webProcessIdentifier=3] NetworkConnectionToWebProcess::removeLoadIdentifier: Removing identifier 85 and aborting corresponding loader
   5.779 [com.apple.WebKit:Loading:4] 0x119088240 - [webProcessIdentifier=3] NetworkConnectionToWebProcess::removeLoadIdentifier: Removing identifier 86 and aborting corresponding loader
   6.050 [com.apple.WebKit:Loading:4] 0x119088240 - [webProcessIdentifier=3] NetworkConnectionToWebProcess::scheduleResourceLoad: (parentPID=15116, pageProxyID=4, webPageID=5, frameID=4294967297, resourceID=245, existingLoaderToResume=0)
   6.050 [com.apple.WebKit:Loading:4] 0x119088240 - [webProcessIdentifier=3] NetworkConnectionToWebProcess::resolveBlobReferences: (parentPID=15116, pageProxyID=4, webPageID=5, frameID=4294967297, resourceID=245)
   6.056 [com.apple.WebKit:Loading:4] 0x119088240 - [webProcessIdentifier=3] NetworkConnectionToWebProcess::scheduleResourceLoad: (parentPID=15116, pageProxyID=4, webPageID=5, frameID=4294967297, resourceID=246, existingLoaderToResume=0)
   6.056 [com.apple.WebKit:Loading:4] 0x119088240 - [webProcessIdentifier=3] NetworkConnectionToWebProcess::resolveBlobReferences: (parentPID=15116, pageProxyID=4, webPageID=5, frameID=4294967297, resourceID=246)
   6.056 [com.apple.WebKit:Loading:4] 0x119088240 - [webProcessIdentifier=3] NetworkConnectionToWebProcess::scheduleResourceLoad: (parentPID=15116, pageProxyID=4, webPageID=5, frameID=4294967297, resourceID=247, existingLoaderToResume=0)
   6.056 [com.apple.WebKit:Loading:4] 0x119088240 - [webProcessIdentifier=3] NetworkConnectionToWebProcess::resolveBlobReferences: (parentPID=15116, pageProxyID=4, webPageID=5, frameID=4294967297, resourceID=247)
   6.085 [com.apple.WebKit:Loading:4] 0x119088240 - [webProcessIdentifier=3] NetworkConnectionToWebProcess::scheduleResourceLoad: (parentPID=15116, pageProxyID=4, webPageID=5, frameID=4294967297, resourceID=249, existingLoaderToResume=0)
   6.085 [com.apple.WebKit:Loading:4] 0x119088240 - [webProcessIdentifier=3] NetworkConnectionToWebProcess::resolveBlobReferences: (parentPID=15116, pageProxyID=4, webPageID=5, frameID=4294967297, resourceID=249)
   6.137 [com.apple.WebKit:Loading:4] 0x119088240 - [webProcessIdentifier=3] NetworkConnectionToWebProcess::scheduleResourceLoad: (parentPID=15116, pageProxyID=4, webPageID=5, frameID=4294967297, resourceID=250, existingLoaderToResume=0)
   6.137 [com.apple.WebKit:Loading:4] 0x119088240 - [webProcessIdentifier=3] NetworkConnectionToWebProcess::resolveBlobReferences: (parentPID=15116, pageProxyID=4, webPageID=5, frameID=4294967297, resourceID=250)
   6.153 [com.apple.WebKit:Loading:4] 0x119088240 - [webProcessIdentifier=3] NetworkConnectionToWebProcess::scheduleResourceLoad: (parentPID=15116, pageProxyID=4, webPageID=5, frameID=4294967297, resourceID=251, existingLoaderToResume=0)
   6.154 [com.apple.WebKit:Loading:4] 0x119088240 - [webProcessIdentifier=3] NetworkConnectionToWebProcess::resolveBlobReferences: (parentPID=15116, pageProxyID=4, webPageID=5, frameID=4294967297, resourceID=251)
   6.183 [com.apple.WebKit:Loading:4] 0x119088240 - [webProcessIdentifier=3] NetworkConnectionToWebProcess::scheduleResourceLoad: (parentPID=15116, pageProxyID=4, webPageID=5, frameID=4294967297, resourceID=252, existingLoaderToResume=0)
   6.183 [com.apple.WebKit:Loading:4] 0x119088240 - [webProcessIdentifier=3] NetworkConnectionToWebProcess::resolveBlobReferences: (parentPID=15116, pageProxyID=4, webPageID=5, frameID=4294967297, resourceID=252)
   6.185 [com.apple.WebKit:Loading:4] 0x119088240 - [webProcessIdentifier=3] NetworkConnectionToWebProcess::scheduleResourceLoad: (parentPID=15116, pageProxyID=4, webPageID=5, frameID=4294967297, resourceID=253, existingLoaderToResume=0)
   6.185 [com.apple.WebKit:Loading:4] 0x119088240 - [webProcessIdentifier=3] NetworkConnectionToWebProcess::resolveBlobReferences: (parentPID=15116, pageProxyID=4, webPageID=5, frameID=4294967297, resourceID=253)
   6.187 [com.apple.WebKit:Loading:4] 0x119088240 - [webProcessIdentifier=3] NetworkConnectionToWebProcess::scheduleResourceLoad: (parentPID=15116, pageProxyID=4, webPageID=5, frameID=4294967297, resourceID=254, existingLoaderToResume=0)
   6.187 [com.apple.WebKit:Loading:4] 0x119088240 - [webProcessIdentifier=3] NetworkConnectionToWebProcess::resolveBlobReferences: (parentPID=15116, pageProxyID=4, webPageID=5, frameID=4294967297, resourceID=254)
   6.249 [com.apple.WebKit:Loading:4] 0x119088240 - [webProcessIdentifier=3] NetworkConnectionToWebProcess::scheduleResourceLoad: (parentPID=15116, pageProxyID=4, webPageID=5, frameID=4294967297, resourceID=255, existingLoaderToResume=0)
   6.249 [com.apple.WebKit:Loading:4] 0x119088240 - [webProcessIdentifier=3] NetworkConnectionToWebProcess::resolveBlobReferences: (parentPID=15116, pageProxyID=4, webPageID=5, frameID=4294967297, resourceID=255)
   8.258 [com.apple.WebKit:Loading:4] 0x119088240 - [webProcessIdentifier=3] NetworkConnectionToWebProcess::scheduleResourceLoad: (parentPID=15116, pageProxyID=4, webPageID=5, frameID=4294967297, resourceID=258, existingLoaderToResume=0)
   8.258 [com.apple.WebKit:Loading:4] 0x119088240 - [webProcessIdentifier=3] NetworkConnectionToWebProcess::resolveBlobReferences: (parentPID=15116, pageProxyID=4, webPageID=5, frameID=4294967297, resourceID=258)
   8.259 [com.apple.WebKit:Loading:4] 0x119088240 - [webProcessIdentifier=3] NetworkConnectionToWebProcess::scheduleResourceLoad: (parentPID=15116, pageProxyID=4, webPageID=5, frameID=4294967297, resourceID=259, existingLoaderToResume=0)
   8.259 [com.apple.WebKit:Loading:4] 0x119088240 - [webProcessIdentifier=3] NetworkConnectionToWebProcess::resolveBlobReferences: (parentPID=15116, pageProxyID=4, webPageID=5, frameID=4294967297, resourceID=259)
   8.259 [com.apple.WebKit:Loading:4] 0x119088240 - [webProcessIdentifier=3] NetworkConnectionToWebProcess::scheduleResourceLoad: (parentPID=15116, pageProxyID=4, webPageID=5, frameID=4294967297, resourceID=260, existingLoaderToResume=0)
   8.259 [com.apple.WebKit:Loading:4] 0x119088240 - [webProcessIdentifier=3] NetworkConnectionToWebProcess::resolveBlobReferences: (parentPID=15116, pageProxyID=4, webPageID=5, frameID=4294967297, resourceID=260)
   8.352 [com.apple.WebKit:Layout:4] [pageID=5, frameID=4294967297, isMainFrame=1] LocalFrameView::fireLayoutRelatedMilestonesIfNeeded: Firing first visually non-empty layout milestone on the main frame
   8.352 [com.apple.WebKit:Layout:4] [webFrameID=4294967297, webPageID=5] WebLocalFrameLoaderClient::dispatchDidReachLayoutMilestone: dispatching DidReachLayoutMilestone (milestones=DidFirstVisuallyNonEmptyLayout)
   8.352 [com.apple.WebKit:Layout:4] [webFrameID=4294967297, webPageID=5] WebLocalFrameLoaderClient::dispatchDidReachLayoutMilestone: dispatching DidFirstVisuallyNonEmptyLayoutForFrame
   8.352 [com.apple.WebKit:Layout:4] [webFrameID=4294967297, webPageID=5] WebLocalFrameLoaderClient::completePageTransitionIfNeeded: dispatching didCompletePageTransition
   8.354 [com.apple.WebKit:Loading:4] 0x119088240 - [webProcessIdentifier=3] NetworkConnectionToWebProcess::scheduleResourceLoad: (parentPID=15116, pageProxyID=13, webPageID=14, frameID=12884901889, resourceID=272, existingLoaderToResume=0)
   8.354 [com.apple.WebKit:Loading:4] 0x119088240 - [webProcessIdentifier=3] NetworkConnectionToWebProcess::resolveBlobReferences: (parentPID=15116, pageProxyID=13, webPageID=14, frameID=12884901889, resourceID=272)
   8.354 [com.apple.WebKit:Loading:4] 0x119088240 - [webProcessIdentifier=3] NetworkConnectionToWebProcess::scheduleResourceLoad: (parentPID=15116, pageProxyID=13, webPageID=14, frameID=12884901889, resourceID=273, existingLoaderToResume=0)
   8.354 [com.apple.WebKit:Loading:4] 0x119088240 - [webProcessIdentifier=3] NetworkConnectionToWebProcess::resolveBlobReferences: (parentPID=15116, pageProxyID=13, webPageID=14, frameID=12884901889, resourceID=273)
   8.354 [com.apple.WebKit:Loading:4] 0x119088240 - [webProcessIdentifier=3] NetworkConnectionToWebProcess::scheduleResourceLoad: (parentPID=15116, pageProxyID=13, webPageID=14, frameID=12884901889, resourceID=274, existingLoaderToResume=0)
   8.355 [com.apple.WebKit:Loading:4] 0x119088240 - [webProcessIdentifier=3] NetworkConnectionToWebProcess::resolveBlobReferences: (parentPID=15116, pageProxyID=13, webPageID=14, frameID=12884901889, resourceID=274)
   8.376 [com.apple.WebKit:Loading:4] 0x119088240 - [webProcessIdentifier=3] NetworkConnectionToWebProcess::removeLoadIdentifier: Removing identifier 258 and aborting corresponding loader
   8.380 [com.apple.WebKit:Loading:4] 0x119088240 - [webProcessIdentifier=3] NetworkConnectionToWebProcess::removeLoadIdentifier: Removing identifier 259 and aborting corresponding loader
   8.384 [com.apple.WebKit:Loading:4] 0x119088240 - [webProcessIdentifier=3] NetworkConnectionToWebProcess::removeLoadIdentifier: Removing identifier 260 and aborting corresponding loader
   8.418 [com.apple.WebKit:Loading:4] 0x119088240 - [webProcessIdentifier=3] NetworkConnectionToWebProcess::scheduleResourceLoad: (parentPID=15116, pageProxyID=4, webPageID=5, frameID=4294967297, resourceID=285, existingLoaderToResume=0)
   8.418 [com.apple.WebKit:Loading:4] 0x119088240 - [webProcessIdentifier=3] NetworkConnectionToWebProcess::resolveBlobReferences: (parentPID=15116, pageProxyID=4, webPageID=5, frameID=4294967297, resourceID=285)
   8.420 [com.apple.WebKit:Loading:4] [pageID=5, frameID=12884901891] PolicyChecker::checkNavigationPolicy: continuing because this policyAction from dispatchDecidePolicyForNavigationAction is Use
   8.426 [com.apple.WebKit:Loading:4] 0x119088240 - [webProcessIdentifier=3] NetworkConnectionToWebProcess::scheduleResourceLoad: (parentPID=15116, pageProxyID=4, webPageID=5, frameID=12884901891, resourceID=287, existingLoaderToResume=0)
   8.426 [com.apple.WebKit:Loading:4] 0x119088240 - [webProcessIdentifier=3] NetworkConnectionToWebProcess::resolveBlobReferences: (parentPID=15116, pageProxyID=4, webPageID=5, frameID=12884901891, resourceID=287)
   8.442 [com.apple.WebKit:Loading:4] [pageID=5, frameID=12884901892] PolicyChecker::checkNavigationPolicy: continuing because this is an initial empty document
   8.450 [com.apple.WebKit:Loading:4] 0x119088240 - [webProcessIdentifier=3] NetworkConnectionToWebProcess::scheduleResourceLoad: (parentPID=15116, pageProxyID=4, webPageID=5, frameID=4294967297, resourceID=306, existingLoaderToResume=0)
   8.450 [com.apple.WebKit:Loading:4] 0x119088240 - [webProcessIdentifier=3] NetworkConnectionToWebProcess::resolveBlobReferences: (parentPID=15116, pageProxyID=4, webPageID=5, frameID=4294967297, resourceID=306)
   8.457 [com.apple.WebKit:Loading:4] 0x119088240 - [webProcessIdentifier=3] NetworkConnectionToWebProcess::scheduleResourceLoad: (parentPID=15116, pageProxyID=4, webPageID=5, frameID=4294967297, resourceID=308, existingLoaderToResume=0)
   8.457 [com.apple.WebKit:Loading:4] 0x119088240 - [webProcessIdentifier=3] NetworkConnectionToWebProcess::resolveBlobReferences: (parentPID=15116, pageProxyID=4, webPageID=5, frameID=4294967297, resourceID=308)
   8.457 [com.apple.WebKit:Loading:4] 0x119088240 - [webProcessIdentifier=3] NetworkConnectionToWebProcess::scheduleResourceLoad: (parentPID=15116, pageProxyID=4, webPageID=5, frameID=4294967297, resourceID=309, existingLoaderToResume=0)
   8.457 [com.apple.WebKit:Loading:4] 0x119088240 - [webProcessIdentifier=3] NetworkConnectionToWebProcess::resolveBlobReferences: (parentPID=15116, pageProxyID=4, webPageID=5, frameID=4294967297, resourceID=309)
   9.067 [com.apple.WebKit:Layout:4] [webFrameID=4294967297, webPageID=5] WebLocalFrameLoaderClient::dispatchDidReachLayoutMilestone: dispatching DidFirstLayoutForFrame
   9.067 [com.apple.WebKit:Layout:4] [webFrameID=4294967297, webPageID=5] WebLocalFrameLoaderClient::dispatchDidReachLayoutMilestone: dispatching DidReachLayoutMilestone (milestones=DidFirstLayout)
   9.099 [com.apple.WebKit:Layout:4] [webFrameID=4294967297, webPageID=5] WebLocalFrameLoaderClient::dispatchDidReachLayoutMilestone: dispatching DidReachLayoutMilestone (milestones=DidFirstMeaningfulPaint)
   9.102 [com.apple.WebKit:Loading:4] 0x119088240 - [webProcessIdentifier=3] NetworkConnectionToWebProcess::scheduleResourceLoad: (parentPID=15116, pageProxyID=13, webPageID=14, frameID=12884901889, resourceID=316, existingLoaderToResume=0)
   9.102 [com.apple.WebKit:Loading:4] 0x119088240 - [webProcessIdentifier=3] NetworkConnectionToWebProcess::resolveBlobReferences: (parentPID=15116, pageProxyID=13, webPageID=14, frameID=12884901889, resourceID=316)
   9.102 [com.apple.WebKit:Loading:4] 0x119088240 - [webProcessIdentifier=3] NetworkConnectionToWebProcess::scheduleResourceLoad: (parentPID=15116, pageProxyID=13, webPageID=14, frameID=12884901889, resourceID=317, existingLoaderToResume=0)
   9.102 [com.apple.WebKit:Loading:4] 0x119088240 - [webProcessIdentifier=3] NetworkConnectionToWebProcess::resolveBlobReferences: (parentPID=15116, pageProxyID=13, webPageID=14, frameID=12884901889, resourceID=317)
   9.125 [com.apple.WebKit:Loading:4] 0x119088240 - [webProcessIdentifier=3] NetworkConnectionToWebProcess::removeLoadIdentifier: Removing identifier 308 and aborting corresponding loader
   9.131 [com.apple.WebKit:Loading:4] 0x119088240 - [webProcessIdentifier=3] NetworkConnectionToWebProcess::removeLoadIdentifier: Removing identifier 309 and aborting corresponding loader
   9.207 [com.apple.WebKit:Loading:4] 0x119088240 - [webProcessIdentifier=3] NetworkConnectionToWebProcess::scheduleResourceLoad: (parentPID=15116, pageProxyID=4, webPageID=5, frameID=4294967297, resourceID=332, existingLoaderToResume=0)
   9.207 [com.apple.WebKit:Loading:4] 0x119088240 - [webProcessIdentifier=3] NetworkConnectionToWebProcess::resolveBlobReferences: (parentPID=15116, pageProxyID=4, webPageID=5, frameID=4294967297, resourceID=332)
   9.207 [com.apple.WebKit:Loading:4] 0x119088240 - [webProcessIdentifier=3] NetworkConnectionToWebProcess::scheduleResourceLoad: (parentPID=15116, pageProxyID=4, webPageID=5, frameID=4294967297, resourceID=333, existingLoaderToResume=0)
   9.207 [com.apple.WebKit:Loading:4] 0x119088240 - [webProcessIdentifier=3] NetworkConnectionToWebProcess::resolveBlobReferences: (parentPID=15116, pageProxyID=4, webPageID=5, frameID=4294967297, resourceID=333)
   9.207 [com.apple.WebKit:Loading:4] 0x119088240 - [webProcessIdentifier=3] NetworkConnectionToWebProcess::scheduleResourceLoad: (parentPID=15116, pageProxyID=4, webPageID=5, frameID=4294967297, resourceID=334, existingLoaderToResume=0)
   9.207 [com.apple.WebKit:Loading:4] 0x119088240 - [webProcessIdentifier=3] NetworkConnectionToWebProcess::resolveBlobReferences: (parentPID=15116, pageProxyID=4, webPageID=5, frameID=4294967297, resourceID=334)
   9.207 [com.apple.WebKit:Loading:4] 0x119088240 - [webProcessIdentifier=3] NetworkConnectionToWebProcess::scheduleResourceLoad: (parentPID=15116, pageProxyID=4, webPageID=5, frameID=4294967297, resourceID=335, existingLoaderToResume=0)
   9.207 [com.apple.WebKit:Loading:4] 0x119088240 - [webProcessIdentifier=3] NetworkConnectionToWebProcess::resolveBlobReferences: (parentPID=15116, pageProxyID=4, webPageID=5, frameID=4294967297, resourceID=335)
   9.207 [com.apple.WebKit:Loading:4] 0x119088240 - [webProcessIdentifier=3] NetworkConnectionToWebProcess::scheduleResourceLoad: (parentPID=15116, pageProxyID=4, webPageID=5, frameID=4294967297, resourceID=336, existingLoaderToResume=0)
   9.207 [com.apple.WebKit:Loading:4] 0x119088240 - [webProcessIdentifier=3] NetworkConnectionToWebProcess::resolveBlobReferences: (parentPID=15116, pageProxyID=4, webPageID=5, frameID=4294967297, resourceID=336)
   9.212 [com.apple.WebKit:Loading:4] 0x119088240 - [webProcessIdentifier=3] NetworkConnectionToWebProcess::scheduleResourceLoad: (parentPID=15116, pageProxyID=4, webPageID=5, frameID=4294967297, resourceID=337, existingLoaderToResume=0)
   9.212 [com.apple.WebKit:Loading:4] 0x119088240 - [webProcessIdentifier=3] NetworkConnectionToWebProcess::resolveBlobReferences: (parentPID=15116, pageProxyID=4, webPageID=5, frameID=4294967297, resourceID=337)
   9.212 [com.apple.WebKit:Loading:4] 0x119088240 - [webProcessIdentifier=3] NetworkConnectionToWebProcess::scheduleResourceLoad: (parentPID=15116, pageProxyID=4, webPageID=5, frameID=4294967297, resourceID=338, existingLoaderToResume=0)
   9.212 [com.apple.WebKit:Loading:4] 0x119088240 - [webProcessIdentifier=3] NetworkConnectionToWebProcess::resolveBlobReferences: (parentPID=15116, pageProxyID=4, webPageID=5, frameID=4294967297, resourceID=338)
   9.212 [com.apple.WebKit:Loading:4] 0x119088240 - [webProcessIdentifier=3] NetworkConnectionToWebProcess::scheduleResourceLoad: (parentPID=15116, pageProxyID=4, webPageID=5, frameID=4294967297, resourceID=339, existingLoaderToResume=0)
   9.212 [com.apple.WebKit:Loading:4] 0x119088240 - [webProcessIdentifier=3] NetworkConnectionToWebProcess::resolveBlobReferences: (parentPID=15116, pageProxyID=4, webPageID=5, frameID=4294967297, resourceID=339)
   9.212 [com.apple.WebKit:Loading:4] 0x119088240 - [webProcessIdentifier=3] NetworkConnectionToWebProcess::scheduleResourceLoad: (parentPID=15116, pageProxyID=4, webPageID=5, frameID=4294967297, resourceID=340, existingLoaderToResume=0)
   9.212 [com.apple.WebKit:Loading:4] 0x119088240 - [webProcessIdentifier=3] NetworkConnectionToWebProcess::resolveBlobReferences: (parentPID=15116, pageProxyID=4, webPageID=5, frameID=4294967297, resourceID=340)
   9.230 [com.apple.WebKit:Loading:4] 0x119088240 - [webProcessIdentifier=3] NetworkConnectionToWebProcess::scheduleResourceLoad: (parentPID=15116, pageProxyID=4, webPageID=5, frameID=4294967297, resourceID=341, existingLoaderToResume=0)
   9.230 [com.apple.WebKit:Loading:4] 0x119088240 - [webProcessIdentifier=3] NetworkConnectionToWebProcess::resolveBlobReferences: (parentPID=15116, pageProxyID=4, webPageID=5, frameID=4294967297, resourceID=341)
   9.230 [com.apple.WebKit:Loading:4] 0x119088240 - [webProcessIdentifier=3] NetworkConnectionToWebProcess::scheduleResourceLoad: (parentPID=15116, pageProxyID=4, webPageID=5, frameID=4294967297, resourceID=342, existingLoaderToResume=0)
   9.230 [com.apple.WebKit:Loading:4] 0x119088240 - [webProcessIdentifier=3] NetworkConnectionToWebProcess::resolveBlobReferences: (parentPID=15116, pageProxyID=4, webPageID=5, frameID=4294967297, resourceID=342)
   9.230 [com.apple.WebKit:Loading:4] 0x119088240 - [webProcessIdentifier=3] NetworkConnectionToWebProcess::scheduleResourceLoad: (parentPID=15116, pageProxyID=4, webPageID=5, frameID=4294967297, resourceID=343, existingLoaderToResume=0)
   9.230 [com.apple.WebKit:Loading:4] 0x119088240 - [webProcessIdentifier=3] NetworkConnectionToWebProcess::resolveBlobReferences: (parentPID=15116, pageProxyID=4, webPageID=5, frameID=4294967297, resourceID=343)
   9.231 [com.apple.WebKit:Loading:4] 0x119088240 - [webProcessIdentifier=3] NetworkConnectionToWebProcess::scheduleResourceLoad: (parentPID=15116, pageProxyID=4, webPageID=5, frameID=4294967297, resourceID=344, existingLoaderToResume=0)
   9.231 [com.apple.WebKit:Loading:4] 0x119088240 - [webProcessIdentifier=3] NetworkConnectionToWebProcess::resolveBlobReferences: (parentPID=15116, pageProxyID=4, webPageID=5, frameID=4294967297, resourceID=344)
   9.276 [com.apple.WebKit:Loading:4] 0x119088240 - [webProcessIdentifier=3] NetworkConnectionToWebProcess::scheduleResourceLoad: (parentPID=15116, pageProxyID=4, webPageID=5, frameID=4294967297, resourceID=345, existingLoaderToResume=0)
   9.276 [com.apple.WebKit:Loading:4] 0x119088240 - [webProcessIdentifier=3] NetworkConnectionToWebProcess::resolveBlobReferences: (parentPID=15116, pageProxyID=4, webPageID=5, frameID=4294967297, resourceID=345)
   9.278 [com.apple.WebKit:Loading:4] 0x119088240 - [webProcessIdentifier=3] NetworkConnectionToWebProcess::scheduleResourceLoad: (parentPID=15116, pageProxyID=4, webPageID=5, frameID=4294967297, resourceID=346, existingLoaderToResume=0)
   9.278 [com.apple.WebKit:Loading:4] 0x119088240 - [webProcessIdentifier=3] NetworkConnectionToWebProcess::resolveBlobReferences: (parentPID=15116, pageProxyID=4, webPageID=5, frameID=4294967297, resourceID=346)
   9.611 [com.apple.WebKit:Loading:4] 0x119088240 - [webProcessIdentifier=3] NetworkConnectionToWebProcess::scheduleResourceLoad: (parentPID=15116, pageProxyID=13, webPageID=14, frameID=12884901889, resourceID=353, existingLoaderToResume=0)
   9.611 [com.apple.WebKit:Loading:4] 0x119088240 - [webProcessIdentifier=3] NetworkConnectionToWebProcess::resolveBlobReferences: (parentPID=15116, pageProxyID=13, webPageID=14, frameID=12884901889, resourceID=353)
   9.611 [com.apple.WebKit:Loading:4] 0x119088240 - [webProcessIdentifier=3] NetworkConnectionToWebProcess::scheduleResourceLoad: (parentPID=15116, pageProxyID=13, webPageID=14, frameID=12884901889, resourceID=354, existingLoaderToResume=0)
   9.611 [com.apple.WebKit:Loading:4] 0x119088240 - [webProcessIdentifier=3] NetworkConnectionToWebProcess::resolveBlobReferences: (parentPID=15116, pageProxyID=13, webPageID=14, frameID=12884901889, resourceID=354)
   9.629 [com.apple.WebKit:Loading:4] 0x119088240 - [webProcessIdentifier=3] NetworkConnectionToWebProcess::removeLoadIdentifier: Removing identifier 345 and aborting corresponding loader
   9.652 [com.apple.WebKit:Loading:4] 0x119088240 - [webProcessIdentifier=3] NetworkConnectionToWebProcess::removeLoadIdentifier: Removing identifier 346 and aborting corresponding loader
   9.958 [com.apple.WebKit:Loading:4] 0x119088240 - [webProcessIdentifier=3] NetworkConnectionToWebProcess::scheduleResourceLoad: (parentPID=15116, pageProxyID=4, webPageID=5, frameID=4294967297, resourceID=363, existingLoaderToResume=0)
   9.958 [com.apple.WebKit:Loading:4] 0x119088240 - [webProcessIdentifier=3] NetworkConnectionToWebProcess::resolveBlobReferences: (parentPID=15116, pageProxyID=4, webPageID=5, frameID=4294967297, resourceID=363)
  10.069 [com.apple.WebKit:Loading:4] 0x119088240 - [webProcessIdentifier=3] NetworkConnectionToWebProcess::scheduleResourceLoad: (parentPID=15116, pageProxyID=13, webPageID=14, frameID=12884901889, resourceID=367, existingLoaderToResume=0)
  10.069 [com.apple.WebKit:Loading:4] 0x119088240 - [webProcessIdentifier=3] NetworkConnectionToWebProcess::resolveBlobReferences: (parentPID=15116, pageProxyID=13, webPageID=14, frameID=12884901889, resourceID=367)
  10.084 [com.apple.WebKit:Loading:4] 0x119088240 - [webProcessIdentifier=3] NetworkConnectionToWebProcess::removeLoadIdentifier: Removing identifier 363 and aborting corresponding loader
  10.099 [com.apple.WebKit:Loading:4] 0x119088240 - [webProcessIdentifier=3] NetworkConnectionToWebProcess::scheduleResourceLoad: (parentPID=15116, pageProxyID=4, webPageID=5, frameID=4294967297, resourceID=369, existingLoaderToResume=0)
  10.100 [com.apple.WebKit:Loading:4] 0x119088240 - [webProcessIdentifier=3] NetworkConnectionToWebProcess::resolveBlobReferences: (parentPID=15116, pageProxyID=4, webPageID=5, frameID=4294967297, resourceID=369)
  10.100 [com.apple.WebKit:Loading:4] 0x119088240 - [webProcessIdentifier=3] NetworkConnectionToWebProcess::scheduleResourceLoad: (parentPID=15116, pageProxyID=4, webPageID=5, frameID=4294967297, resourceID=370, existingLoaderToResume=0)
  10.100 [com.apple.WebKit:Loading:4] 0x119088240 - [webProcessIdentifier=3] NetworkConnectionToWebProcess::resolveBlobReferences: (parentPID=15116, pageProxyID=4, webPageID=5, frameID=4294967297, resourceID=370)
  10.100 [com.apple.WebKit:Loading:4] 0x119088240 - [webProcessIdentifier=3] NetworkConnectionToWebProcess::scheduleResourceLoad: (parentPID=15116, pageProxyID=4, webPageID=5, frameID=4294967297, resourceID=371, existingLoaderToResume=0)
  10.100 [com.apple.WebKit:Loading:4] 0x119088240 - [webProcessIdentifier=3] NetworkConnectionToWebProcess::resolveBlobReferences: (parentPID=15116, pageProxyID=4, webPageID=5, frameID=4294967297, resourceID=371)
  10.100 [com.apple.WebKit:Loading:4] 0x119088240 - [webProcessIdentifier=3] NetworkConnectionToWebProcess::scheduleResourceLoad: (parentPID=15116, pageProxyID=4, webPageID=5, frameID=4294967297, resourceID=372, existingLoaderToResume=0)
  10.100 [com.apple.WebKit:Loading:4] 0x119088240 - [webProcessIdentifier=3] NetworkConnectionToWebProcess::resolveBlobReferences: (parentPID=15116, pageProxyID=4, webPageID=5, frameID=4294967297, resourceID=372)
  10.101 [com.apple.WebKit:Loading:4] 0x119088240 - [webProcessIdentifier=3] NetworkConnectionToWebProcess::scheduleResourceLoad: (parentPID=15116, pageProxyID=4, webPageID=5, frameID=4294967297, resourceID=373, existingLoaderToResume=0)
  10.101 [com.apple.WebKit:Loading:4] 0x119088240 - [webProcessIdentifier=3] NetworkConnectionToWebProcess::resolveBlobReferences: (parentPID=15116, pageProxyID=4, webPageID=5, frameID=4294967297, resourceID=373)
  10.107 [com.apple.WebKit:Loading:4] 0x119088240 - [webProcessIdentifier=3] NetworkConnectionToWebProcess::scheduleResourceLoad: (parentPID=15116, pageProxyID=4, webPageID=5, frameID=4294967297, resourceID=374, existingLoaderToResume=0)
  10.107 [com.apple.WebKit:Loading:4] 0x119088240 - [webProcessIdentifier=3] NetworkConnectionToWebProcess::resolveBlobReferences: (parentPID=15116, pageProxyID=4, webPageID=5, frameID=4294967297, resourceID=374)
  10.107 [com.apple.WebKit:Loading:4] 0x119088240 - [webProcessIdentifier=3] NetworkConnectionToWebProcess::scheduleResourceLoad: (parentPID=15116, pageProxyID=4, webPageID=5, frameID=4294967297, resourceID=375, existingLoaderToResume=0)
  10.107 [com.apple.WebKit:Loading:4] 0x119088240 - [webProcessIdentifier=3] NetworkConnectionToWebProcess::resolveBlobReferences: (parentPID=15116, pageProxyID=4, webPageID=5, frameID=4294967297, resourceID=375)
  10.108 [com.apple.WebKit:Loading:4] 0x119088240 - [webProcessIdentifier=3] NetworkConnectionToWebProcess::scheduleResourceLoad: (parentPID=15116, pageProxyID=4, webPageID=5, frameID=4294967297, resourceID=376, existingLoaderToResume=0)
  10.108 [com.apple.WebKit:Loading:4] 0x119088240 - [webProcessIdentifier=3] NetworkConnectionToWebProcess::resolveBlobReferences: (parentPID=15116, pageProxyID=4, webPageID=5, frameID=4294967297, resourceID=376)
  10.108 [com.apple.WebKit:Loading:4] 0x119088240 - [webProcessIdentifier=3] NetworkConnectionToWebProcess::scheduleResourceLoad: (parentPID=15116, pageProxyID=4, webPageID=5, frameID=4294967297, resourceID=377, existingLoaderToResume=0)
  10.108 [com.apple.WebKit:Loading:4] 0x119088240 - [webProcessIdentifier=3] NetworkConnectionToWebProcess::resolveBlobReferences: (parentPID=15116, pageProxyID=4, webPageID=5, frameID=4294967297, resourceID=377)
  10.108 [com.apple.WebKit:Loading:4] 0x119088240 - [webProcessIdentifier=3] NetworkConnectionToWebProcess::scheduleResourceLoad: (parentPID=15116, pageProxyID=4, webPageID=5, frameID=4294967297, resourceID=378, existingLoaderToResume=0)
  10.108 [com.apple.WebKit:Loading:4] 0x119088240 - [webProcessIdentifier=3] NetworkConnectionToWebProcess::resolveBlobReferences: (parentPID=15116, pageProxyID=4, webPageID=5, frameID=4294967297, resourceID=378)
  10.108 [com.apple.WebKit:Loading:4] 0x119088240 - [webProcessIdentifier=3] NetworkConnectionToWebProcess::scheduleResourceLoad: (parentPID=15116, pageProxyID=4, webPageID=5, frameID=4294967297, resourceID=379, existingLoaderToResume=0)
  10.108 [com.apple.WebKit:Loading:4] 0x119088240 - [webProcessIdentifier=3] NetworkConnectionToWebProcess::resolveBlobReferences: (parentPID=15116, pageProxyID=4, webPageID=5, frameID=4294967297, resourceID=379)
  10.108 [com.apple.WebKit:Loading:4] 0x119088240 - [webProcessIdentifier=3] NetworkConnectionToWebProcess::scheduleResourceLoad: (parentPID=15116, pageProxyID=4, webPageID=5, frameID=4294967297, resourceID=380, existingLoaderToResume=0)
  10.108 [com.apple.WebKit:Loading:4] 0x119088240 - [webProcessIdentifier=3] NetworkConnectionToWebProcess::resolveBlobReferences: (parentPID=15116, pageProxyID=4, webPageID=5, frameID=4294967297, resourceID=380)
  10.108 [com.apple.WebKit:Loading:4] 0x119088240 - [webProcessIdentifier=3] NetworkConnectionToWebProcess::scheduleResourceLoad: (parentPID=15116, pageProxyID=4, webPageID=5, frameID=4294967297, resourceID=381, existingLoaderToResume=0)
  10.108 [com.apple.WebKit:Loading:4] 0x119088240 - [webProcessIdentifier=3] NetworkConnectionToWebProcess::resolveBlobReferences: (parentPID=15116, pageProxyID=4, webPageID=5, frameID=4294967297, resourceID=381)
  10.747 [com.apple.WebKit:Loading:4] 0x119088240 - [webProcessIdentifier=3] NetworkConnectionToWebProcess::scheduleResourceLoad: (parentPID=15116, pageProxyID=4, webPageID=5, frameID=4294967297, resourceID=386, existingLoaderToResume=0)
  10.747 [com.apple.WebKit:Loading:4] 0x119088240 - [webProcessIdentifier=3] NetworkConnectionToWebProcess::resolveBlobReferences: (parentPID=15116, pageProxyID=4, webPageID=5, frameID=4294967297, resourceID=386)
  11.143 [com.apple.WebKit:Loading:4] 0x119088240 - [webProcessIdentifier=3] NetworkConnectionToWebProcess::scheduleResourceLoad: (parentPID=15116, pageProxyID=4, webPageID=5, frameID=4294967297, resourceID=395, existingLoaderToResume=0)
  11.143 [com.apple.WebKit:Loading:4] 0x119088240 - [webProcessIdentifier=3] NetworkConnectionToWebProcess::resolveBlobReferences: (parentPID=15116, pageProxyID=4, webPageID=5, frameID=4294967297, resourceID=395)
  11.731 [com.apple.WebKit:Loading:4] 0x119088240 - [webProcessIdentifier=3] NetworkConnectionToWebProcess::scheduleResourceLoad: (parentPID=15116, pageProxyID=4, webPageID=5, frameID=4294967297, resourceID=397, existingLoaderToResume=0)
  11.731 [com.apple.WebKit:Loading:4] 0x119088240 - [webProcessIdentifier=3] NetworkConnectionToWebProcess::resolveBlobReferences: (parentPID=15116, pageProxyID=4, webPageID=5, frameID=4294967297, resourceID=397)
  11.745 [com.apple.WebKit:Loading:4] 0x119088240 - [webProcessIdentifier=3] NetworkConnectionToWebProcess::scheduleResourceLoad: (parentPID=15116, pageProxyID=4, webPageID=5, frameID=4294967297, resourceID=398, existingLoaderToResume=0)
  11.745 [com.apple.WebKit:Loading:4] 0x119088240 - [webProcessIdentifier=3] NetworkConnectionToWebProcess::resolveBlobReferences: (parentPID=15116, pageProxyID=4, webPageID=5, frameID=4294967297, resourceID=398)
  12.532 [com.apple.WebKit:Loading:4] [pageID=5, frameID=12884901893] PolicyChecker::checkNavigationPolicy: continuing because this is an initial empty document
  13.498 [com.apple.WebKit:Loading:4] 0x119088240 - [webProcessIdentifier=3] NetworkConnectionToWebProcess::scheduleResourceLoad: (parentPID=15116, pageProxyID=4, webPageID=5, frameID=4294967297, resourceID=412, existingLoaderToResume=0)
  13.498 [com.apple.WebKit:Loading:4] 0x119088240 - [webProcessIdentifier=3] NetworkConnectionToWebProcess::resolveBlobReferences: (parentPID=15116, pageProxyID=4, webPageID=5, frameID=4294967297, resourceID=412)
  13.552 [com.apple.WebKit:Loading:4] [pageID=5, frameID=12884901894] PolicyChecker::checkNavigationPolicy: continuing because this policyAction from dispatchDecidePolicyForNavigationAction is Use
  13.553 [com.apple.WebKit:Loading:4] 0x119088240 - [webProcessIdentifier=3] NetworkConnectionToWebProcess::scheduleResourceLoad: (parentPID=15116, pageProxyID=4, webPageID=5, frameID=12884901894, resourceID=414, existingLoaderToResume=0)
  13.553 [com.apple.WebKit:Loading:4] 0x119088240 - [webProcessIdentifier=3] NetworkConnectionToWebProcess::resolveBlobReferences: (parentPID=15116, pageProxyID=4, webPageID=5, frameID=12884901894, resourceID=414)
  13.562 [com.apple.WebKit:Loading:4] 0x119088240 - [webProcessIdentifier=3] NetworkConnectionToWebProcess::scheduleResourceLoad: (parentPID=15116, pageProxyID=4, webPageID=5, frameID=4294967297, resourceID=415, existingLoaderToResume=0)
  13.562 [com.apple.WebKit:Loading:4] 0x119088240 - [webProcessIdentifier=3] NetworkConnectionToWebProcess::resolveBlobReferences: (parentPID=15116, pageProxyID=4, webPageID=5, frameID=4294967297, resourceID=415)
  13.564 [com.apple.WebKit:Loading:4] 0x119088240 - [webProcessIdentifier=3] NetworkConnectionToWebProcess::scheduleResourceLoad: (parentPID=15116, pageProxyID=4, webPageID=5, frameID=4294967297, resourceID=416, existingLoaderToResume=0)
  13.564 [com.apple.WebKit:Loading:4] 0x119088240 - [webProcessIdentifier=3] NetworkConnectionToWebProcess::resolveBlobReferences: (parentPID=15116, pageProxyID=4, webPageID=5, frameID=4294967297, resourceID=416)
  13.565 [com.apple.WebKit:Loading:4] 0x119088240 - [webProcessIdentifier=3] NetworkConnectionToWebProcess::scheduleResourceLoad: (parentPID=15116, pageProxyID=4, webPageID=5, frameID=4294967297, resourceID=417, existingLoaderToResume=0)
  13.565 [com.apple.WebKit:Loading:4] 0x119088240 - [webProcessIdentifier=3] NetworkConnectionToWebProcess::resolveBlobReferences: (parentPID=15116, pageProxyID=4, webPageID=5, frameID=4294967297, resourceID=417)
  13.572 [com.apple.WebKit:Loading:4] 0x119088240 - [webProcessIdentifier=3] NetworkConnectionToWebProcess::scheduleResourceLoad: (parentPID=15116, pageProxyID=4, webPageID=5, frameID=4294967297, resourceID=418, existingLoaderToResume=0)
  13.572 [com.apple.WebKit:Loading:4] 0x119088240 - [webProcessIdentifier=3] NetworkConnectionToWebProcess::resolveBlobReferences: (parentPID=15116, pageProxyID=4, webPageID=5, frameID=4294967297, resourceID=418)
  13.732 [com.apple.WebKit:Loading:4] 0x119088240 - [webProcessIdentifier=3] NetworkConnectionToWebProcess::scheduleResourceLoad: (parentPID=15116, pageProxyID=4, webPageID=5, frameID=4294967297, resourceID=420, existingLoaderToResume=0)
  13.733 [com.apple.WebKit:Loading:4] 0x119088240 - [webProcessIdentifier=3] NetworkConnectionToWebProcess::resolveBlobReferences: (parentPID=15116, pageProxyID=4, webPageID=5, frameID=4294967297, resourceID=420)
  14.041 [com.apple.WebKit:Loading:4] 0x119088240 - [webProcessIdentifier=3] NetworkConnectionToWebProcess::scheduleResourceLoad: (parentPID=15116, pageProxyID=4, webPageID=5, frameID=12884901894, resourceID=424, existingLoaderToResume=0)
  14.041 [com.apple.WebKit:Loading:4] 0x119088240 - [webProcessIdentifier=3] NetworkConnectionToWebProcess::resolveBlobReferences: (parentPID=15116, pageProxyID=4, webPageID=5, frameID=12884901894, resourceID=424)
  15.739 [com.apple.WebKit:Loading:4] 0x119088240 - [webProcessIdentifier=3] NetworkConnectionToWebProcess::scheduleResourceLoad: (parentPID=15116, pageProxyID=4, webPageID=5, frameID=4294967297, resourceID=432, existingLoaderToResume=0)
  15.739 [com.apple.WebKit:Loading:4] 0x119088240 - [webProcessIdentifier=3] NetworkConnectionToWebProcess::resolveBlobReferences: (parentPID=15116, pageProxyID=4, webPageID=5, frameID=4294967297, resourceID=432)
  16.259 [com.apple.WebKit:Loading:4] 0x119088240 - [webProcessIdentifier=3] NetworkConnectionToWebProcess::scheduleResourceLoad: (parentPID=15116, pageProxyID=4, webPageID=5, frameID=4294967297, resourceID=434, existingLoaderToResume=0)
  16.259 [com.apple.WebKit:Loading:4] 0x119088240 - [webProcessIdentifier=3] NetworkConnectionToWebProcess::resolveBlobReferences: (parentPID=15116, pageProxyID=4, webPageID=5, frameID=4294967297, resourceID=434)
  16.260 [com.apple.WebKit:Loading:4] 0x119088240 - [webProcessIdentifier=3] NetworkConnectionToWebProcess::scheduleResourceLoad: (parentPID=15116, pageProxyID=4, webPageID=5, frameID=4294967297, resourceID=435, existingLoaderToResume=0)
  16.260 [com.apple.WebKit:Loading:4] 0x119088240 - [webProcessIdentifier=3] NetworkConnectionToWebProcess::resolveBlobReferences: (parentPID=15116, pageProxyID=4, webPageID=5, frameID=4294967297, resourceID=435)
  16.485 [com.apple.WebKit:Loading:4] 0x119088240 - [webProcessIdentifier=3] NetworkConnectionToWebProcess::scheduleResourceLoad: (parentPID=15116, pageProxyID=4, webPageID=5, frameID=4294967297, resourceID=443, existingLoaderToResume=0)
  16.485 [com.apple.WebKit:Loading:4] 0x119088240 - [webProcessIdentifier=3] NetworkConnectionToWebProcess::resolveBlobReferences: (parentPID=15116, pageProxyID=4, webPageID=5, frameID=4294967297, resourceID=443)
  16.486 [com.apple.WebKit:Loading:4] 0x119088240 - [webProcessIdentifier=3] NetworkConnectionToWebProcess::scheduleResourceLoad: (parentPID=15116, pageProxyID=4, webPageID=5, frameID=4294967297, resourceID=444, existingLoaderToResume=0)
  16.486 [com.apple.WebKit:Loading:4] 0x119088240 - [webProcessIdentifier=3] NetworkConnectionToWebProcess::resolveBlobReferences: (parentPID=15116, pageProxyID=4, webPageID=5, frameID=4294967297, resourceID=444)
  16.506 [com.apple.WebKit:Loading:4] 0x119088240 - [webProcessIdentifier=3] NetworkConnectionToWebProcess::scheduleResourceLoad: (parentPID=15116, pageProxyID=13, webPageID=14, frameID=12884901889, resourceID=451, existingLoaderToResume=0)
  16.506 [com.apple.WebKit:Loading:4] 0x119088240 - [webProcessIdentifier=3] NetworkConnectionToWebProcess::resolveBlobReferences: (parentPID=15116, pageProxyID=13, webPageID=14, frameID=12884901889, resourceID=451)
  16.506 [com.apple.WebKit:Loading:4] 0x119088240 - [webProcessIdentifier=3] NetworkConnectionToWebProcess::scheduleResourceLoad: (parentPID=15116, pageProxyID=13, webPageID=14, frameID=12884901889, resourceID=452, existingLoaderToResume=0)
  16.506 [com.apple.WebKit:Loading:4] 0x119088240 - [webProcessIdentifier=3] NetworkConnectionToWebProcess::resolveBlobReferences: (parentPID=15116, pageProxyID=13, webPageID=14, frameID=12884901889, resourceID=452)
  16.513 [com.apple.WebKit:Loading:4] 0x119088240 - [webProcessIdentifier=3] NetworkConnectionToWebProcess::removeLoadIdentifier: Removing identifier 434 and aborting corresponding loader
  16.517 [com.apple.WebKit:Loading:4] 0x119088240 - [webProcessIdentifier=3] NetworkConnectionToWebProcess::removeLoadIdentifier: Removing identifier 435 and aborting corresponding loader
  16.517 [com.apple.WebKit:Loading:4] 0x119088240 - [webProcessIdentifier=3] NetworkConnectionToWebProcess::scheduleResourceLoad: (parentPID=15116, pageProxyID=13, webPageID=14, frameID=12884901889, resourceID=455, existingLoaderToResume=0)
  16.517 [com.apple.WebKit:Loading:4] 0x119088240 - [webProcessIdentifier=3] NetworkConnectionToWebProcess::resolveBlobReferences: (parentPID=15116, pageProxyID=13, webPageID=14, frameID=12884901889, resourceID=455)
  16.518 [com.apple.WebKit:Loading:4] 0x119088240 - [webProcessIdentifier=3] NetworkConnectionToWebProcess::scheduleResourceLoad: (parentPID=15116, pageProxyID=13, webPageID=14, frameID=12884901889, resourceID=456, existingLoaderToResume=0)
  16.518 [com.apple.WebKit:Loading:4] 0x119088240 - [webProcessIdentifier=3] NetworkConnectionToWebProcess::resolveBlobReferences: (parentPID=15116, pageProxyID=13, webPageID=14, frameID=12884901889, resourceID=456)
  16.518 [com.apple.WebKit:Loading:4] 0x119088240 - [webProcessIdentifier=3] NetworkConnectionToWebProcess::removeLoadIdentifier: Removing identifier 443 and aborting corresponding loader
  16.518 [com.apple.WebKit:Loading:4] 0x119088240 - [webProcessIdentifier=3] NetworkConnectionToWebProcess::removeLoadIdentifier: Removing identifier 444 and aborting corresponding loader
  16.532 [com.apple.WebKit:Loading:4] 0x119088240 - [webProcessIdentifier=3] NetworkConnectionToWebProcess::scheduleResourceLoad: (parentPID=15116, pageProxyID=4, webPageID=5, frameID=4294967297, resourceID=457, existingLoaderToResume=0)
  16.532 [com.apple.WebKit:Loading:4] 0x119088240 - [webProcessIdentifier=3] NetworkConnectionToWebProcess::resolveBlobReferences: (parentPID=15116, pageProxyID=4, webPageID=5, frameID=4294967297, resourceID=457)
  16.606 [com.apple.WebKit:Media:-] MediaElementSession::clientWillBeginAutoplaying(2A29E41B5D7EA09E) state = Idle
  16.610 [com.apple.WebKit:Media:-] MediaElementSession::setState(2A29E41B5D7EA09E) Autoplaying, canProduceAudio=false
  16.620 [com.apple.WebKit:Loading:4] 0x119088240 - [webProcessIdentifier=3] NetworkConnectionToWebProcess::scheduleResourceLoad: (parentPID=15116, pageProxyID=4, webPageID=5, frameID=4294967297, resourceID=458, existingLoaderToResume=0)
  16.620 [com.apple.WebKit:Loading:4] 0x119088240 - [webProcessIdentifier=3] NetworkConnectionToWebProcess::resolveBlobReferences: (parentPID=15116, pageProxyID=4, webPageID=5, frameID=4294967297, resourceID=458)
  16.758 [com.apple.WebKit:Loading:4] 0x119088240 - [webProcessIdentifier=3] NetworkConnectionToWebProcess::scheduleResourceLoad: (parentPID=15116, pageProxyID=13, webPageID=14, frameID=12884901889, resourceID=474, existingLoaderToResume=0)
  16.758 [com.apple.WebKit:Loading:4] 0x119088240 - [webProcessIdentifier=3] NetworkConnectionToWebProcess::resolveBlobReferences: (parentPID=15116, pageProxyID=13, webPageID=14, frameID=12884901889, resourceID=474)
  16.766 [com.apple.WebKit:Loading:4] 0x119088240 - [webProcessIdentifier=3] NetworkConnectionToWebProcess::removeLoadIdentifier: Removing identifier 458 and aborting corresponding loader
  17.984 [com.apple.WebKit:Loading:4] 0x119088240 - [webProcessIdentifier=3] NetworkConnectionToWebProcess::scheduleResourceLoad: (parentPID=15116, pageProxyID=4, webPageID=5, frameID=4294967297, resourceID=475, existingLoaderToResume=0)
  17.984 [com.apple.WebKit:Loading:4] 0x119088240 - [webProcessIdentifier=3] NetworkConnectionToWebProcess::resolveBlobReferences: (parentPID=15116, pageProxyID=4, webPageID=5, frameID=4294967297, resourceID=475)
  17.988 [com.apple.WebKit:Loading:4] 0x119088240 - [webProcessIdentifier=3] NetworkConnectionToWebProcess::scheduleResourceLoad: (parentPID=15116, pageProxyID=4, webPageID=5, frameID=4294967297, resourceID=476, existingLoaderToResume=0)
  17.989 [com.apple.WebKit:Loading:4] 0x119088240 - [webProcessIdentifier=3] NetworkConnectionToWebProcess::resolveBlobReferences: (parentPID=15116, pageProxyID=4, webPageID=5, frameID=4294967297, resourceID=476)
  17.989 [com.apple.WebKit:Loading:4] 0x119088240 - [webProcessIdentifier=3] NetworkConnectionToWebProcess::scheduleResourceLoad: (parentPID=15116, pageProxyID=4, webPageID=5, frameID=4294967297, resourceID=477, existingLoaderToResume=0)
  17.989 [com.apple.WebKit:Loading:4] 0x119088240 - [webProcessIdentifier=3] NetworkConnectionToWebProcess::resolveBlobReferences: (parentPID=15116, pageProxyID=4, webPageID=5, frameID=4294967297, resourceID=477)
  17.989 [com.apple.WebKit:Loading:4] 0x119088240 - [webProcessIdentifier=3] NetworkConnectionToWebProcess::scheduleResourceLoad: (parentPID=15116, pageProxyID=4, webPageID=5, frameID=4294967297, resourceID=478, existingLoaderToResume=0)
  17.989 [com.apple.WebKit:Loading:4] 0x119088240 - [webProcessIdentifier=3] NetworkConnectionToWebProcess::resolveBlobReferences: (parentPID=15116, pageProxyID=4, webPageID=5, frameID=4294967297, resourceID=478)
  17.989 [com.apple.WebKit:Loading:4] 0x119088240 - [webProcessIdentifier=3] NetworkConnectionToWebProcess::scheduleResourceLoad: (parentPID=15116, pageProxyID=4, webPageID=5, frameID=4294967297, resourceID=479, existingLoaderToResume=0)
  17.989 [com.apple.WebKit:Loading:4] 0x119088240 - [webProcessIdentifier=3] NetworkConnectionToWebProcess::resolveBlobReferences: (parentPID=15116, pageProxyID=4, webPageID=5, frameID=4294967297, resourceID=479)
  17.989 [com.apple.WebKit:Loading:4] 0x119088240 - [webProcessIdentifier=3] NetworkConnectionToWebProcess::scheduleResourceLoad: (parentPID=15116, pageProxyID=4, webPageID=5, frameID=4294967297, resourceID=480, existingLoaderToResume=0)
  17.989 [com.apple.WebKit:Loading:4] 0x119088240 - [webProcessIdentifier=3] NetworkConnectionToWebProcess::resolveBlobReferences: (parentPID=15116, pageProxyID=4, webPageID=5, frameID=4294967297, resourceID=480)
  17.989 [com.apple.WebKit:Loading:4] 0x119088240 - [webProcessIdentifier=3] NetworkConnectionToWebProcess::scheduleResourceLoad: (parentPID=15116, pageProxyID=4, webPageID=5, frameID=4294967297, resourceID=481, existingLoaderToResume=0)
  17.989 [com.apple.WebKit:Loading:4] 0x119088240 - [webProcessIdentifier=3] NetworkConnectionToWebProcess::resolveBlobReferences: (parentPID=15116, pageProxyID=4, webPageID=5, frameID=4294967297, resourceID=481)
  17.989 [com.apple.WebKit:Loading:4] 0x119088240 - [webProcessIdentifier=3] NetworkConnectionToWebProcess::scheduleResourceLoad: (parentPID=15116, pageProxyID=4, webPageID=5, frameID=4294967297, resourceID=482, existingLoaderToResume=0)
  17.989 [com.apple.WebKit:Loading:4] 0x119088240 - [webProcessIdentifier=3] NetworkConnectionToWebProcess::resolveBlobReferences: (parentPID=15116, pageProxyID=4, webPageID=5, frameID=4294967297, resourceID=482)
  17.989 [com.apple.WebKit:Loading:4] 0x119088240 - [webProcessIdentifier=3] NetworkConnectionToWebProcess::scheduleResourceLoad: (parentPID=15116, pageProxyID=4, webPageID=5, frameID=4294967297, resourceID=483, existingLoaderToResume=0)
  17.989 [com.apple.WebKit:Loading:4] 0x119088240 - [webProcessIdentifier=3] NetworkConnectionToWebProcess::resolveBlobReferences: (parentPID=15116, pageProxyID=4, webPageID=5, frameID=4294967297, resourceID=483)
  17.989 [com.apple.WebKit:Loading:4] 0x119088240 - [webProcessIdentifier=3] NetworkConnectionToWebProcess::scheduleResourceLoad: (parentPID=15116, pageProxyID=4, webPageID=5, frameID=4294967297, resourceID=484, existingLoaderToResume=0)
  17.989 [com.apple.WebKit:Loading:4] 0x119088240 - [webProcessIdentifier=3] NetworkConnectionToWebProcess::resolveBlobReferences: (parentPID=15116, pageProxyID=4, webPageID=5, frameID=4294967297, resourceID=484)
  18.161 [com.apple.WebKit:Loading:4] 0x119088240 - [webProcessIdentifier=3] NetworkConnectionToWebProcess::scheduleResourceLoad: (parentPID=15116, pageProxyID=4, webPageID=5, frameID=4294967297, resourceID=498, existingLoaderToResume=0)
  18.161 [com.apple.WebKit:Loading:4] 0x119088240 - [webProcessIdentifier=3] NetworkConnectionToWebProcess::resolveBlobReferences: (parentPID=15116, pageProxyID=4, webPageID=5, frameID=4294967297, resourceID=498)
  19.643 [com.apple.WebKit:Loading:4] 0x119088240 - [webProcessIdentifier=3] NetworkConnectionToWebProcess::scheduleResourceLoad: (parentPID=15116, pageProxyID=4, webPageID=5, frameID=4294967297, resourceID=499, existingLoaderToResume=0)
  19.643 [com.apple.WebKit:Loading:4] 0x119088240 - [webProcessIdentifier=3] NetworkConnectionToWebProcess::resolveBlobReferences: (parentPID=15116, pageProxyID=4, webPageID=5, frameID=4294967297, resourceID=499)
  20.895 [com.apple.WebKit:Loading:4] 0x119088240 - [webProcessIdentifier=3] NetworkConnectionToWebProcess::scheduleResourceLoad: (parentPID=15116, pageProxyID=4, webPageID=5, frameID=4294967297, resourceID=508, existingLoaderToResume=0)
  20.895 [com.apple.WebKit:Loading:4] 0x119088240 - [webProcessIdentifier=3] NetworkConnectionToWebProcess::resolveBlobReferences: (parentPID=15116, pageProxyID=4, webPageID=5, frameID=4294967297, resourceID=508)
  20.895 [com.apple.WebKit:Loading:4] 0x119088240 - [webProcessIdentifier=3] NetworkConnectionToWebProcess::scheduleResourceLoad: (parentPID=15116, pageProxyID=4, webPageID=5, frameID=4294967297, resourceID=509, existingLoaderToResume=0)
  20.895 [com.apple.WebKit:Loading:4] 0x119088240 - [webProcessIdentifier=3] NetworkConnectionToWebProcess::resolveBlobReferences: (parentPID=15116, pageProxyID=4, webPageID=5, frameID=4294967297, resourceID=509)
  20.990 [com.apple.WebKit:Loading:4] 0x119088240 - [webProcessIdentifier=3] NetworkConnectionToWebProcess::scheduleResourceLoad: (parentPID=15116, pageProxyID=13, webPageID=14, frameID=12884901889, resourceID=519, existingLoaderToResume=0)
  20.990 [com.apple.WebKit:Loading:4] 0x119088240 - [webProcessIdentifier=3] NetworkConnectionToWebProcess::resolveBlobReferences: (parentPID=15116, pageProxyID=13, webPageID=14, frameID=12884901889, resourceID=519)
  20.994 [com.apple.WebKit:Loading:4] 0x119088240 - [webProcessIdentifier=3] NetworkConnectionToWebProcess::scheduleResourceLoad: (parentPID=15116, pageProxyID=13, webPageID=14, frameID=12884901889, resourceID=520, existingLoaderToResume=0)
  20.994 [com.apple.WebKit:Loading:4] 0x119088240 - [webProcessIdentifier=3] NetworkConnectionToWebProcess::resolveBlobReferences: (parentPID=15116, pageProxyID=13, webPageID=14, frameID=12884901889, resourceID=520)
  21.008 [com.apple.WebKit:Loading:4] 0x119088240 - [webProcessIdentifier=3] NetworkConnectionToWebProcess::removeLoadIdentifier: Removing identifier 508 and aborting corresponding loader
  21.012 [com.apple.WebKit:Loading:4] 0x119088240 - [webProcessIdentifier=3] NetworkConnectionToWebProcess::removeLoadIdentifier: Removing identifier 509 and aborting corresponding loader
  21.283 [com.apple.WebKit:Loading:4] 0x119088240 - [webProcessIdentifier=3] NetworkConnectionToWebProcess::scheduleResourceLoad: (parentPID=15116, pageProxyID=4, webPageID=5, frameID=4294967297, resourceID=523, existingLoaderToResume=0)
  21.283 [com.apple.WebKit:Loading:4] 0x119088240 - [webProcessIdentifier=3] NetworkConnectionToWebProcess::resolveBlobReferences: (parentPID=15116, pageProxyID=4, webPageID=5, frameID=4294967297, resourceID=523)
  21.956 [com.apple.WebKit:Loading:4] 0x119088240 - [webProcessIdentifier=3] NetworkConnectionToWebProcess::scheduleResourceLoad: (parentPID=15116, pageProxyID=4, webPageID=5, frameID=4294967297, resourceID=530, existingLoaderToResume=0)
  21.956 [com.apple.WebKit:Loading:4] 0x119088240 - [webProcessIdentifier=3] NetworkConnectionToWebProcess::resolveBlobReferences: (parentPID=15116, pageProxyID=4, webPageID=5, frameID=4294967297, resourceID=530)
  24.849 [com.apple.WebKit:Loading:4] 0x119088240 - [webProcessIdentifier=3] NetworkConnectionToWebProcess::scheduleResourceLoad: (parentPID=15116, pageProxyID=4, webPageID=5, frameID=4294967297, resourceID=531, existingLoaderToResume=0)
  24.849 [com.apple.WebKit:Loading:4] 0x119088240 - [webProcessIdentifier=3] NetworkConnectionToWebProcess::resolveBlobReferences: (parentPID=15116, pageProxyID=4, webPageID=5, frameID=4294967297, resourceID=531)
  24.850 [com.apple.WebKit:Loading:4] 0x119088240 - [webProcessIdentifier=3] NetworkConnectionToWebProcess::scheduleResourceLoad: (parentPID=15116, pageProxyID=4, webPageID=5, frameID=4294967297, resourceID=532, existingLoaderToResume=0)
  24.850 [com.apple.WebKit:Loading:4] 0x119088240 - [webProcessIdentifier=3] NetworkConnectionToWebProcess::resolveBlobReferences: (parentPID=15116, pageProxyID=4, webPageID=5, frameID=4294967297, resourceID=532)
  24.928 [com.apple.WebKit:Media:-] MediaSessionManagerInterface::dumpSessionStates(0)  Sessions:
  24.928 (2A29E41B5D7EA09E): Video, Autoplaying, 
  24.928 
  25.365 [com.apple.WebKit:Loading:4] 0x119088240 - [webProcessIdentifier=3] NetworkConnectionToWebProcess::scheduleResourceLoad: (parentPID=15116, pageProxyID=4, webPageID=5, frameID=4294967297, resourceID=533, existingLoaderToResume=0)
  25.365 [com.apple.WebKit:Loading:4] 0x119088240 - [webProcessIdentifier=3] NetworkConnectionToWebProcess::resolveBlobReferences: (parentPID=15116, pageProxyID=4, webPageID=5, frameID=4294967297, resourceID=533)
  27.624 [com.apple.WebKit:Media:-] MediaElementSession::clientWillBeginPlayback(2A29E41B5D7EA09E) state = Autoplaying
  27.825 [com.apple.WebKit:Media:-] MediaSessionManagerInterface::startSessionAdmission(0) 3038210229821939870
  27.826 [com.apple.WebKit:Media:-] MediaSessionManagerInterface::setCurrentSession(0) 3038210229821939870, size = 1
  27.826 [com.apple.WebKit:Media:-] MediaElementSession::setState(2A29E41B5D7EA09E) Playing, canProduceAudio=false
  27.826 [com.apple.WebKit:Media:-] MediaSessionManagerInterface::startSessionAdmission(0) 3038210229821939870 returning true
  27.829 [com.apple.WebKit:Media:-] HTMLMediaElement::setReadyState(2A29E41B5D7EA09E) Autoplay blocked with reason: PageConsentRequired: !paused
  27.830 [com.apple.WebKit:Media:-] MediaElementSession::clientWillBeginPlayback(2A29E41B5D7EA09E) state = Playing
  27.889 [com.apple.WebKit:Loading:4] 0x119088240 - [webProcessIdentifier=3] NetworkConnectionToWebProcess::scheduleResourceLoad: (parentPID=15116, pageProxyID=4, webPageID=5, frameID=4294967297, resourceID=541, existingLoaderToResume=0)
  27.889 [com.apple.WebKit:Loading:4] 0x119088240 - [webProcessIdentifier=3] NetworkConnectionToWebProcess::resolveBlobReferences: (parentPID=15116, pageProxyID=4, webPageID=5, frameID=4294967297, resourceID=541)
  27.889 [com.apple.WebKit:Loading:4] 0x119088240 - [webProcessIdentifier=3] NetworkConnectionToWebProcess::scheduleResourceLoad: (parentPID=15116, pageProxyID=4, webPageID=5, frameID=4294967297, resourceID=542, existingLoaderToResume=0)
  27.889 [com.apple.WebKit:Loading:4] 0x119088240 - [webProcessIdentifier=3] NetworkConnectionToWebProcess::resolveBlobReferences: (parentPID=15116, pageProxyID=4, webPageID=5, frameID=4294967297, resourceID=542)
  27.889 [com.apple.WebKit:Loading:4] 0x119088240 - [webProcessIdentifier=3] NetworkConnectionToWebProcess::scheduleResourceLoad: (parentPID=15116, pageProxyID=4, webPageID=5, frameID=4294967297, resourceID=543, existingLoaderToResume=0)
  27.889 [com.apple.WebKit:Loading:4] 0x119088240 - [webProcessIdentifier=3] NetworkConnectionToWebProcess::resolveBlobReferences: (parentPID=15116, pageProxyID=4, webPageID=5, frameID=4294967297, resourceID=543)
  27.889 [com.apple.WebKit:Loading:4] 0x119088240 - [webProcessIdentifier=3] NetworkConnectionToWebProcess::scheduleResourceLoad: (parentPID=15116, pageProxyID=4, webPageID=5, frameID=4294967297, resourceID=544, existingLoaderToResume=0)
  27.889 [com.apple.WebKit:Loading:4] 0x119088240 - [webProcessIdentifier=3] NetworkConnectionToWebProcess::resolveBlobReferences: (parentPID=15116, pageProxyID=4, webPageID=5, frameID=4294967297, resourceID=544)
  27.890 [com.apple.WebKit:Loading:4] 0x119088240 - [webProcessIdentifier=3] NetworkConnectionToWebProcess::scheduleResourceLoad: (parentPID=15116, pageProxyID=4, webPageID=5, frameID=4294967297, resourceID=545, existingLoaderToResume=0)
  27.890 [com.apple.WebKit:Loading:4] 0x119088240 - [webProcessIdentifier=3] NetworkConnectionToWebProcess::resolveBlobReferences: (parentPID=15116, pageProxyID=4, webPageID=5, frameID=4294967297, resourceID=545)
  27.890 [com.apple.WebKit:Loading:4] 0x119088240 - [webProcessIdentifier=3] NetworkConnectionToWebProcess::scheduleResourceLoad: (parentPID=15116, pageProxyID=4, webPageID=5, frameID=4294967297, resourceID=546, existingLoaderToResume=0)
  27.890 [com.apple.WebKit:Loading:4] 0x119088240 - [webProcessIdentifier=3] NetworkConnectionToWebProcess::resolveBlobReferences: (parentPID=15116, pageProxyID=4, webPageID=5, frameID=4294967297, resourceID=546)
  27.890 [com.apple.WebKit:Loading:4] 0x119088240 - [webProcessIdentifier=3] NetworkConnectionToWebProcess::scheduleResourceLoad: (parentPID=15116, pageProxyID=4, webPageID=5, frameID=4294967297, resourceID=547, existingLoaderToResume=0)
  27.890 [com.apple.WebKit:Loading:4] 0x119088240 - [webProcessIdentifier=3] NetworkConnectionToWebProcess::resolveBlobReferences: (parentPID=15116, pageProxyID=4, webPageID=5, frameID=4294967297, resourceID=547)
  27.890 [com.apple.WebKit:Loading:4] 0x119088240 - [webProcessIdentifier=3] NetworkConnectionToWebProcess::scheduleResourceLoad: (parentPID=15116, pageProxyID=4, webPageID=5, frameID=4294967297, resourceID=548, existingLoaderToResume=0)
  27.890 [com.apple.WebKit:Loading:4] 0x119088240 - [webProcessIdentifier=3] NetworkConnectionToWebProcess::resolveBlobReferences: (parentPID=15116, pageProxyID=4, webPageID=5, frameID=4294967297, resourceID=548)
  27.890 [com.apple.WebKit:Loading:4] 0x119088240 - [webProcessIdentifier=3] NetworkConnectionToWebProcess::scheduleResourceLoad: (parentPID=15116, pageProxyID=4, webPageID=5, frameID=4294967297, resourceID=549, existingLoaderToResume=0)
  27.890 [com.apple.WebKit:Loading:4] 0x119088240 - [webProcessIdentifier=3] NetworkConnectionToWebProcess::resolveBlobReferences: (parentPID=15116, pageProxyID=4, webPageID=5, frameID=4294967297, resourceID=549)
  27.894 [com.apple.WebKit:Loading:4] 0x119088240 - [webProcessIdentifier=3] NetworkConnectionToWebProcess::scheduleResourceLoad: (parentPID=15116, pageProxyID=4, webPageID=5, frameID=4294967297, resourceID=556, existingLoaderToResume=0)
  27.894 [com.apple.WebKit:Loading:4] 0x119088240 - [webProcessIdentifier=3] NetworkConnectionToWebProcess::resolveBlobReferences: (parentPID=15116, pageProxyID=4, webPageID=5, frameID=4294967297, resourceID=556)
  27.895 [com.apple.WebKit:Loading:4] 0x119088240 - [webProcessIdentifier=3] NetworkConnectionToWebProcess::scheduleResourceLoad: (parentPID=15116, pageProxyID=4, webPageID=5, frameID=4294967297, resourceID=558, existingLoaderToResume=0)
  27.895 [com.apple.WebKit:Loading:4] 0x119088240 - [webProcessIdentifier=3] NetworkConnectionToWebProcess::resolveBlobReferences: (parentPID=15116, pageProxyID=4, webPageID=5, frameID=4294967297, resourceID=558)
  27.895 [com.apple.WebKit:Loading:4] 0x119088240 - [webProcessIdentifier=3] NetworkConnectionToWebProcess::scheduleResourceLoad: (parentPID=15116, pageProxyID=4, webPageID=5, frameID=4294967297, resourceID=560, existingLoaderToResume=0)
  27.895 [com.apple.WebKit:Loading:4] 0x119088240 - [webProcessIdentifier=3] NetworkConnectionToWebProcess::resolveBlobReferences: (parentPID=15116, pageProxyID=4, webPageID=5, frameID=4294967297, resourceID=560)
  27.895 [com.apple.WebKit:Loading:4] 0x119088240 - [webProcessIdentifier=3] NetworkConnectionToWebProcess::scheduleResourceLoad: (parentPID=15116, pageProxyID=4, webPageID=5, frameID=4294967297, resourceID=561, existingLoaderToResume=0)
  27.895 [com.apple.WebKit:Loading:4] 0x119088240 - [webProcessIdentifier=3] NetworkConnectionToWebProcess::resolveBlobReferences: (parentPID=15116, pageProxyID=4, webPageID=5, frameID=4294967297, resourceID=561)
  27.904 [com.apple.WebKit:Loading:4] 0x119088240 - [webProcessIdentifier=3] NetworkConnectionToWebProcess::scheduleResourceLoad: (parentPID=15116, pageProxyID=4, webPageID=5, frameID=4294967297, resourceID=564, existingLoaderToResume=0)
  27.904 [com.apple.WebKit:Loading:4] 0x119088240 - [webProcessIdentifier=3] NetworkConnectionToWebProcess::resolveBlobReferences: (parentPID=15116, pageProxyID=4, webPageID=5, frameID=4294967297, resourceID=564)
  27.911 [com.apple.WebKit:Loading:4] 0x119088240 - [webProcessIdentifier=3] NetworkConnectionToWebProcess::scheduleResourceLoad: (parentPID=15116, pageProxyID=4, webPageID=5, frameID=4294967297, resourceID=583, existingLoaderToResume=0)
  27.911 [com.apple.WebKit:Loading:4] 0x119088240 - [webProcessIdentifier=3] NetworkConnectionToWebProcess::resolveBlobReferences: (parentPID=15116, pageProxyID=4, webPageID=5, frameID=4294967297, resourceID=583)
  27.911 [com.apple.WebKit:Loading:4] 0x119088240 - [webProcessIdentifier=3] NetworkConnectionToWebProcess::scheduleResourceLoad: (parentPID=15116, pageProxyID=4, webPageID=5, frameID=4294967297, resourceID=584, existingLoaderToResume=0)
  27.911 [com.apple.WebKit:Loading:4] 0x119088240 - [webProcessIdentifier=3] NetworkConnectionToWebProcess::resolveBlobReferences: (parentPID=15116, pageProxyID=4, webPageID=5, frameID=4294967297, resourceID=584)
  27.921 [com.apple.WebKit:Loading:4] 0x119088240 - [webProcessIdentifier=3] NetworkConnectionToWebProcess::removeLoadIdentifier: Removing identifier 541 and aborting corresponding loader
  28.208 [com.apple.WebKit:Loading:4] 0x119088240 - [webProcessIdentifier=3] NetworkConnectionToWebProcess::removeLoadIdentifier: Removing identifier 542 and aborting corresponding loader
  28.214 [com.apple.WebKit:Loading:4] 0x119088240 - [webProcessIdentifier=3] NetworkConnectionToWebProcess::removeLoadIdentifier: Removing identifier 543 and aborting corresponding loader
  28.214 [com.apple.WebKit:Loading:4] 0x119088240 - [webProcessIdentifier=3] NetworkConnectionToWebProcess::removeLoadIdentifier: Removing identifier 544 and aborting corresponding loader
  28.216 [com.apple.WebKit:Loading:4] 0x119088240 - [webProcessIdentifier=3] NetworkConnectionToWebProcess::removeLoadIdentifier: Removing identifier 545 and aborting corresponding loader
  28.297 [com.apple.WebKit:Loading:4] 0x119088240 - [webProcessIdentifier=3] NetworkConnectionToWebProcess::removeLoadIdentifier: Removing identifier 546 and aborting corresponding loader
  28.299 [com.apple.WebKit:Loading:4] 0x119088240 - [webProcessIdentifier=3] NetworkConnectionToWebProcess::removeLoadIdentifier: Removing identifier 547 and aborting corresponding loader
  28.299 [com.apple.WebKit:Loading:4] 0x119088240 - [webProcessIdentifier=3] NetworkConnectionToWebProcess::removeLoadIdentifier: Removing identifier 548 and aborting corresponding loader
  28.300 [com.apple.WebKit:Loading:4] 0x119088240 - [webProcessIdentifier=3] NetworkConnectionToWebProcess::removeLoadIdentifier: Removing identifier 549 and aborting corresponding loader
  28.301 [com.apple.WebKit:Loading:4] 0x119088240 - [webProcessIdentifier=3] NetworkConnectionToWebProcess::removeLoadIdentifier: Removing identifier 556 and aborting corresponding loader
  28.301 [com.apple.WebKit:Loading:4] 0x119088240 - [webProcessIdentifier=3] NetworkConnectionToWebProcess::removeLoadIdentifier: Removing identifier 558 and aborting corresponding loader
  28.303 [com.apple.WebKit:Loading:4] 0x119088240 - [webProcessIdentifier=3] NetworkConnectionToWebProcess::removeLoadIdentifier: Removing identifier 560 and aborting corresponding loader
  28.303 [com.apple.WebKit:Loading:4] 0x119088240 - [webProcessIdentifier=3] NetworkConnectionToWebProcess::removeLoadIdentifier: Removing identifier 561 and aborting corresponding loader
  28.303 [com.apple.WebKit:Loading:4] 0x119088240 - [webProcessIdentifier=3] NetworkConnectionToWebProcess::removeLoadIdentifier: Removing identifier 564 and aborting corresponding loader
  28.371 [com.apple.WebKit:Loading:4] 0x119088240 - [webProcessIdentifier=3] NetworkConnectionToWebProcess::removeLoadIdentifier: Removing identifier 583 and aborting corresponding loader
  28.392 [com.apple.WebKit:Loading:4] 0x119088240 - [webProcessIdentifier=3] NetworkConnectionToWebProcess::removeLoadIdentifier: Removing identifier 584 and aborting corresponding loader
  28.430 [com.apple.WebKit:Loading:4] 0x119088240 - [webProcessIdentifier=3] NetworkConnectionToWebProcess::scheduleResourceLoad: (parentPID=15116, pageProxyID=4, webPageID=5, frameID=4294967297, resourceID=589, existingLoaderToResume=0)
  28.430 [com.apple.WebKit:Loading:4] 0x119088240 - [webProcessIdentifier=3] NetworkConnectionToWebProcess::resolveBlobReferences: (parentPID=15116, pageProxyID=4, webPageID=5, frameID=4294967297, resourceID=589)
  28.540 [com.apple.WebKit:Loading:4] 0x119088240 - [webProcessIdentifier=3] NetworkConnectionToWebProcess::removeLoadIdentifier: Removing identifier 589 and aborting corresponding loader
  28.635 [com.apple.WebKit:Media:-] HTMLMediaElement::updateShouldPlay(EDB8FA24FCE00E33) autoplay blocked with reason: PageConsentRequired: Not enough data
  28.635 [com.apple.WebKit:Media:-] MediaElementSession::clientWillBeginAutoplaying(EDB8FA24FCE00E33) state = Idle
  28.635 [com.apple.WebKit:Media:-] MediaElementSession::setState(EDB8FA24FCE00E33) Autoplaying, canProduceAudio=false
  28.636 [com.apple.WebKit:Media:-] HTMLMediaElement::setPreload(EDB8FA24FCE00E33) none
  28.645 [com.apple.WebKit:Media:-] HTMLMediaElement::updateShouldPlay(1CAF7F2A56B84305) autoplay blocked with reason: PageConsentRequired: Not enough data
  28.645 [com.apple.WebKit:Media:-] MediaElementSession::clientWillBeginAutoplaying(1CAF7F2A56B84305) state = Idle
  28.645 [com.apple.WebKit:Media:-] MediaElementSession::setState(1CAF7F2A56B84305) Autoplaying, canProduceAudio=false
  28.646 [com.apple.WebKit:Media:-] HTMLMediaElement::setPreload(1CAF7F2A56B84305) none
  28.656 [com.apple.WebKit:Media:-] HTMLMediaElement::updateShouldPlay(B0B77103A0A3912E) autoplay blocked with reason: PageConsentRequired: Not enough data
  28.656 [com.apple.WebKit:Media:-] MediaElementSession::clientWillBeginAutoplaying(B0B77103A0A3912E) state = Idle
  28.656 [com.apple.WebKit:Media:-] MediaElementSession::setState(B0B77103A0A3912E) Autoplaying, canProduceAudio=false
  28.656 [com.apple.WebKit:Media:-] HTMLMediaElement::setPreload(B0B77103A0A3912E) none
  28.659 [com.apple.WebKit:Media:-] HTMLMediaElement::updateShouldPlay(F2B42ADAD6CAADCB) autoplay blocked with reason: PageConsentRequired: Not enough data
  28.660 [com.apple.WebKit:Media:-] MediaElementSession::clientWillBeginAutoplaying(F2B42ADAD6CAADCB) state = Idle
  28.660 [com.apple.WebKit:Media:-] MediaElementSession::setState(F2B42ADAD6CAADCB) Autoplaying, canProduceAudio=false
  28.661 [com.apple.WebKit:Media:-] HTMLMediaElement::setPreload(F2B42ADAD6CAADCB) none
  28.663 [com.apple.WebKit:Media:-] MediaElementSession::clientWillPausePlayback(2A29E41B5D7EA09E) 
  28.663 [com.apple.WebKit:Media:-] MediaElementSession::processClientWillPausePlayback(2A29E41B5D7EA09E) state = Playing
  28.667 [com.apple.WebKit:Media:-] MediaElementSession::setState(2A29E41B5D7EA09E) Paused, canProduceAudio=false
  28.690 tigeraudio32: playing 48000 Hz from /tmp/webkit-audio-15139-1
  28.929 [com.apple.WebKit:Loading:4] 0x119088240 - [webProcessIdentifier=3] NetworkConnectionToWebProcess::scheduleResourceLoad: (parentPID=15116, pageProxyID=4, webPageID=5, frameID=4294967297, resourceID=593, existingLoaderToResume=0)
  28.929 [com.apple.WebKit:Loading:4] 0x119088240 - [webProcessIdentifier=3] NetworkConnectionToWebProcess::resolveBlobReferences: (parentPID=15116, pageProxyID=4, webPageID=5, frameID=4294967297, resourceID=593)
  28.961 [com.apple.WebKit:Media:-] MediaElementSession::clientWillPausePlayback(2A29E41B5D7EA09E) 
  28.961 [com.apple.WebKit:Media:-] MediaElementSession::processClientWillPausePlayback(2A29E41B5D7EA09E) state = Paused
  29.263 [com.apple.WebKit:Media:-] MediaElementSession::clientWillPausePlayback(2A29E41B5D7EA09E) 
  29.263 [com.apple.WebKit:Media:-] MediaElementSession::processClientWillPausePlayback(2A29E41B5D7EA09E) state = Paused
  29.264 [com.apple.WebKit:Media:-] MediaElementSession::clientWillPausePlayback(F2B42ADAD6CAADCB) 
  29.264 [com.apple.WebKit:Media:-] MediaElementSession::processClientWillPausePlayback(F2B42ADAD6CAADCB) state = Autoplaying
  29.264 [com.apple.WebKit:Media:-] MediaElementSession::setState(F2B42ADAD6CAADCB) Paused, canProduceAudio=false
  29.268 [com.apple.WebKit:Media:-] MediaElementSession::clientWillPausePlayback(B0B77103A0A3912E) 
  29.268 [com.apple.WebKit:Media:-] MediaElementSession::processClientWillPausePlayback(B0B77103A0A3912E) state = Autoplaying
  29.268 [com.apple.WebKit:Media:-] MediaElementSession::setState(B0B77103A0A3912E) Paused, canProduceAudio=false
  29.271 [com.apple.WebKit:Media:-] MediaElementSession::clientWillPausePlayback(1CAF7F2A56B84305) 
  29.273 [com.apple.WebKit:Media:-] MediaElementSession::processClientWillPausePlayback(1CAF7F2A56B84305) state = Autoplaying
  29.273 [com.apple.WebKit:Media:-] MediaElementSession::setState(1CAF7F2A56B84305) Paused, canProduceAudio=false
  29.274 [com.apple.WebKit:Media:-] MediaElementSession::clientWillPausePlayback(EDB8FA24FCE00E33) 
  29.274 [com.apple.WebKit:Media:-] MediaElementSession::processClientWillPausePlayback(EDB8FA24FCE00E33) state = Autoplaying
  29.275 [com.apple.WebKit:Media:-] MediaElementSession::setState(EDB8FA24FCE00E33) Paused, canProduceAudio=false
  31.637 [com.apple.WebKit:Media:-] MediaElementSession::clientWillPausePlayback(2A29E41B5D7EA09E) 
  31.637 [com.apple.WebKit:Media:-] MediaElementSession::processClientWillPausePlayback(2A29E41B5D7EA09E) state = Paused
  32.148 [com.apple.WebKit:Loading:4] 0x119088240 - [webProcessIdentifier=3] NetworkConnectionToWebProcess::scheduleResourceLoad: (parentPID=15116, pageProxyID=4, webPageID=5, frameID=4294967297, resourceID=605, existingLoaderToResume=0)
  32.148 [com.apple.WebKit:Loading:4] 0x119088240 - [webProcessIdentifier=3] NetworkConnectionToWebProcess::resolveBlobReferences: (parentPID=15116, pageProxyID=4, webPageID=5, frameID=4294967297, resourceID=605)
  32.148 [com.apple.WebKit:Loading:4] 0x119088240 - [webProcessIdentifier=3] NetworkConnectionToWebProcess::scheduleResourceLoad: (parentPID=15116, pageProxyID=4, webPageID=5, frameID=4294967297, resourceID=606, existingLoaderToResume=0)
  32.148 [com.apple.WebKit:Loading:4] 0x119088240 - [webProcessIdentifier=3] NetworkConnectionToWebProcess::resolveBlobReferences: (parentPID=15116, pageProxyID=4, webPageID=5, frameID=4294967297, resourceID=606)
  32.148 [com.apple.WebKit:Loading:4] 0x119088240 - [webProcessIdentifier=3] NetworkConnectionToWebProcess::scheduleResourceLoad: (parentPID=15116, pageProxyID=4, webPageID=5, frameID=4294967297, resourceID=607, existingLoaderToResume=0)
  32.148 [com.apple.WebKit:Loading:4] 0x119088240 - [webProcessIdentifier=3] NetworkConnectionToWebProcess::resolveBlobReferences: (parentPID=15116, pageProxyID=4, webPageID=5, frameID=4294967297, resourceID=607)
  32.152 [com.apple.WebKit:Loading:4] 0x119088240 - [webProcessIdentifier=3] NetworkConnectionToWebProcess::scheduleResourceLoad: (parentPID=15116, pageProxyID=4, webPageID=5, frameID=4294967297, resourceID=610, existingLoaderToResume=0)
  32.152 [com.apple.WebKit:Loading:4] 0x119088240 - [webProcessIdentifier=3] NetworkConnectionToWebProcess::resolveBlobReferences: (parentPID=15116, pageProxyID=4, webPageID=5, frameID=4294967297, resourceID=610)
  32.152 [com.apple.WebKit:Loading:4] 0x119088240 - [webProcessIdentifier=3] NetworkConnectionToWebProcess::scheduleResourceLoad: (parentPID=15116, pageProxyID=4, webPageID=5, frameID=4294967297, resourceID=611, existingLoaderToResume=0)
  32.152 [com.apple.WebKit:Loading:4] 0x119088240 - [webProcessIdentifier=3] NetworkConnectionToWebProcess::resolveBlobReferences: (parentPID=15116, pageProxyID=4, webPageID=5, frameID=4294967297, resourceID=611)
  32.152 [com.apple.WebKit:Loading:4] 0x119088240 - [webProcessIdentifier=3] NetworkConnectionToWebProcess::scheduleResourceLoad: (parentPID=15116, pageProxyID=4, webPageID=5, frameID=4294967297, resourceID=612, existingLoaderToResume=0)
  32.152 [com.apple.WebKit:Loading:4] 0x119088240 - [webProcessIdentifier=3] NetworkConnectionToWebProcess::resolveBlobReferences: (parentPID=15116, pageProxyID=4, webPageID=5, frameID=4294967297, resourceID=612)
  32.153 [com.apple.WebKit:Loading:4] 0x119088240 - [webProcessIdentifier=3] NetworkConnectionToWebProcess::scheduleResourceLoad: (parentPID=15116, pageProxyID=4, webPageID=5, frameID=4294967297, resourceID=616, existingLoaderToResume=0)
  32.153 [com.apple.WebKit:Loading:4] 0x119088240 - [webProcessIdentifier=3] NetworkConnectionToWebProcess::resolveBlobReferences: (parentPID=15116, pageProxyID=4, webPageID=5, frameID=4294967297, resourceID=616)
  32.165 [com.apple.WebKit:Loading:4] 0x119088240 - [webProcessIdentifier=3] NetworkConnectionToWebProcess::scheduleResourceLoad: (parentPID=15116, pageProxyID=4, webPageID=5, frameID=4294967297, resourceID=626, existingLoaderToResume=0)
  32.165 [com.apple.WebKit:Loading:4] 0x119088240 - [webProcessIdentifier=3] NetworkConnectionToWebProcess::resolveBlobReferences: (parentPID=15116, pageProxyID=4, webPageID=5, frameID=4294967297, resourceID=626)
  32.169 [com.apple.WebKit:Loading:4] 0x119088240 - [webProcessIdentifier=3] NetworkConnectionToWebProcess::removeLoadIdentifier: Removing identifier 605 and aborting corresponding loader
  32.169 [com.apple.WebKit:Loading:4] 0x119088240 - [webProcessIdentifier=3] NetworkConnectionToWebProcess::removeLoadIdentifier: Removing identifier 606 and aborting corresponding loader
  32.169 [com.apple.WebKit:Loading:4] 0x119088240 - [webProcessIdentifier=3] NetworkConnectionToWebProcess::removeLoadIdentifier: Removing identifier 607 and aborting corresponding loader
  32.169 [com.apple.WebKit:Loading:4] 0x119088240 - [webProcessIdentifier=3] NetworkConnectionToWebProcess::removeLoadIdentifier: Removing identifier 610 and aborting corresponding loader
  32.251 [com.apple.WebKit:Loading:4] 0x119088240 - [webProcessIdentifier=3] NetworkConnectionToWebProcess::removeLoadIdentifier: Removing identifier 611 and aborting corresponding loader
  32.252 [com.apple.WebKit:Loading:4] 0x119088240 - [webProcessIdentifier=3] NetworkConnectionToWebProcess::removeLoadIdentifier: Removing identifier 612 and aborting corresponding loader
  32.252 [com.apple.WebKit:Loading:4] 0x119088240 - [webProcessIdentifier=3] NetworkConnectionToWebProcess::removeLoadIdentifier: Removing identifier 616 and aborting corresponding loader
  32.252 [com.apple.WebKit:Loading:4] 0x119088240 - [webProcessIdentifier=3] NetworkConnectionToWebProcess::removeLoadIdentifier: Removing identifier 626 and aborting corresponding loader
  32.258 [com.apple.WebKit:Loading:4] 0x119088240 - [webProcessIdentifier=3] NetworkConnectionToWebProcess::scheduleResourceLoad: (parentPID=15116, pageProxyID=4, webPageID=5, frameID=4294967297, resourceID=630, existingLoaderToResume=0)
  32.258 [com.apple.WebKit:Loading:4] 0x119088240 - [webProcessIdentifier=3] NetworkConnectionToWebProcess::resolveBlobReferences: (parentPID=15116, pageProxyID=4, webPageID=5, frameID=4294967297, resourceID=630)
  32.258 [com.apple.WebKit:Loading:4] 0x119088240 - [webProcessIdentifier=3] NetworkConnectionToWebProcess::scheduleResourceLoad: (parentPID=15116, pageProxyID=4, webPageID=5, frameID=4294967297, resourceID=631, existingLoaderToResume=0)
  32.258 [com.apple.WebKit:Loading:4] 0x119088240 - [webProcessIdentifier=3] NetworkConnectionToWebProcess::resolveBlobReferences: (parentPID=15116, pageProxyID=4, webPageID=5, frameID=4294967297, resourceID=631)
  32.258 [com.apple.WebKit:Loading:4] 0x119088240 - [webProcessIdentifier=3] NetworkConnectionToWebProcess::scheduleResourceLoad: (parentPID=15116, pageProxyID=4, webPageID=5, frameID=4294967297, resourceID=632, existingLoaderToResume=0)
  32.258 [com.apple.WebKit:Loading:4] 0x119088240 - [webProcessIdentifier=3] NetworkConnectionToWebProcess::resolveBlobReferences: (parentPID=15116, pageProxyID=4, webPageID=5, frameID=4294967297, resourceID=632)
  32.266 [com.apple.WebKit:Loading:4] 0x119088240 - [webProcessIdentifier=3] NetworkConnectionToWebProcess::scheduleResourceLoad: (parentPID=15116, pageProxyID=4, webPageID=5, frameID=4294967297, resourceID=638, existingLoaderToResume=0)
  32.266 [com.apple.WebKit:Loading:4] 0x119088240 - [webProcessIdentifier=3] NetworkConnectionToWebProcess::resolveBlobReferences: (parentPID=15116, pageProxyID=4, webPageID=5, frameID=4294967297, resourceID=638)
  32.266 [com.apple.WebKit:Loading:4] 0x119088240 - [webProcessIdentifier=3] NetworkConnectionToWebProcess::scheduleResourceLoad: (parentPID=15116, pageProxyID=4, webPageID=5, frameID=4294967297, resourceID=639, existingLoaderToResume=0)
  32.266 [com.apple.WebKit:Loading:4] 0x119088240 - [webProcessIdentifier=3] NetworkConnectionToWebProcess::resolveBlobReferences: (parentPID=15116, pageProxyID=4, webPageID=5, frameID=4294967297, resourceID=639)
  32.270 [com.apple.WebKit:Loading:4] 0x119088240 - [webProcessIdentifier=3] NetworkConnectionToWebProcess::scheduleResourceLoad: (parentPID=15116, pageProxyID=4, webPageID=5, frameID=4294967297, resourceID=640, existingLoaderToResume=0)
  32.270 [com.apple.WebKit:Loading:4] 0x119088240 - [webProcessIdentifier=3] NetworkConnectionToWebProcess::resolveBlobReferences: (parentPID=15116, pageProxyID=4, webPageID=5, frameID=4294967297, resourceID=640)
  32.275 [com.apple.WebKit:Loading:4] 0x119088240 - [webProcessIdentifier=3] NetworkConnectionToWebProcess::scheduleResourceLoad: (parentPID=15116, pageProxyID=4, webPageID=5, frameID=4294967297, resourceID=644, existingLoaderToResume=0)
  32.275 [com.apple.WebKit:Loading:4] 0x119088240 - [webProcessIdentifier=3] NetworkConnectionToWebProcess::resolveBlobReferences: (parentPID=15116, pageProxyID=4, webPageID=5, frameID=4294967297, resourceID=644)
  32.275 [com.apple.WebKit:Loading:4] 0x119088240 - [webProcessIdentifier=3] NetworkConnectionToWebProcess::scheduleResourceLoad: (parentPID=15116, pageProxyID=4, webPageID=5, frameID=4294967297, resourceID=647, existingLoaderToResume=0)
  32.275 [com.apple.WebKit:Loading:4] 0x119088240 - [webProcessIdentifier=3] NetworkConnectionToWebProcess::resolveBlobReferences: (parentPID=15116, pageProxyID=4, webPageID=5, frameID=4294967297, resourceID=647)
  32.275 [com.apple.WebKit:Loading:4] 0x119088240 - [webProcessIdentifier=3] NetworkConnectionToWebProcess::scheduleResourceLoad: (parentPID=15116, pageProxyID=4, webPageID=5, frameID=4294967297, resourceID=649, existingLoaderToResume=0)
  32.275 [com.apple.WebKit:Loading:4] 0x119088240 - [webProcessIdentifier=3] NetworkConnectionToWebProcess::resolveBlobReferences: (parentPID=15116, pageProxyID=4, webPageID=5, frameID=4294967297, resourceID=649)
  32.276 [com.apple.WebKit:Loading:4] 0x119088240 - [webProcessIdentifier=3] NetworkConnectionToWebProcess::scheduleResourceLoad: (parentPID=15116, pageProxyID=4, webPageID=5, frameID=4294967297, resourceID=650, existingLoaderToResume=0)
  32.276 [com.apple.WebKit:Loading:4] 0x119088240 - [webProcessIdentifier=3] NetworkConnectionToWebProcess::resolveBlobReferences: (parentPID=15116, pageProxyID=4, webPageID=5, frameID=4294967297, resourceID=650)
  32.315 [com.apple.WebKit:Loading:4] 0x119088240 - [webProcessIdentifier=3] NetworkConnectionToWebProcess::scheduleResourceLoad: (parentPID=15116, pageProxyID=4, webPageID=5, frameID=4294967297, resourceID=660, existingLoaderToResume=0)
  32.315 [com.apple.WebKit:Loading:4] 0x119088240 - [webProcessIdentifier=3] NetworkConnectionToWebProcess::resolveBlobReferences: (parentPID=15116, pageProxyID=4, webPageID=5, frameID=4294967297, resourceID=660)
  32.329 [com.apple.WebKit:Loading:4] 0x119088240 - [webProcessIdentifier=3] NetworkConnectionToWebProcess::scheduleResourceLoad: (parentPID=15116, pageProxyID=4, webPageID=5, frameID=4294967297, resourceID=663, existingLoaderToResume=0)
  32.329 [com.apple.WebKit:Loading:4] 0x119088240 - [webProcessIdentifier=3] NetworkConnectionToWebProcess::resolveBlobReferences: (parentPID=15116, pageProxyID=4, webPageID=5, frameID=4294967297, resourceID=663)
  32.329 [com.apple.WebKit:Loading:4] 0x119088240 - [webProcessIdentifier=3] NetworkConnectionToWebProcess::scheduleResourceLoad: (parentPID=15116, pageProxyID=4, webPageID=5, frameID=4294967297, resourceID=664, existingLoaderToResume=0)
  32.329 [com.apple.WebKit:Loading:4] 0x119088240 - [webProcessIdentifier=3] NetworkConnectionToWebProcess::resolveBlobReferences: (parentPID=15116, pageProxyID=4, webPageID=5, frameID=4294967297, resourceID=664)
  32.335 [com.apple.WebKit:Loading:4] 0x119088240 - [webProcessIdentifier=3] NetworkConnectionToWebProcess::scheduleResourceLoad: (parentPID=15116, pageProxyID=4, webPageID=5, frameID=4294967297, resourceID=665, existingLoaderToResume=0)
  32.335 [com.apple.WebKit:Loading:4] 0x119088240 - [webProcessIdentifier=3] NetworkConnectionToWebProcess::resolveBlobReferences: (parentPID=15116, pageProxyID=4, webPageID=5, frameID=4294967297, resourceID=665)
  32.335 [com.apple.WebKit:Loading:4] 0x119088240 - [webProcessIdentifier=3] NetworkConnectionToWebProcess::scheduleResourceLoad: (parentPID=15116, pageProxyID=4, webPageID=5, frameID=4294967297, resourceID=669, existingLoaderToResume=0)
  32.335 [com.apple.WebKit:Loading:4] 0x119088240 - [webProcessIdentifier=3] NetworkConnectionToWebProcess::resolveBlobReferences: (parentPID=15116, pageProxyID=4, webPageID=5, frameID=4294967297, resourceID=669)
  32.338 [com.apple.WebKit:Loading:4] 0x119088240 - [webProcessIdentifier=3] NetworkConnectionToWebProcess::scheduleResourceLoad: (parentPID=15116, pageProxyID=4, webPageID=5, frameID=4294967297, resourceID=670, existingLoaderToResume=0)
  32.338 [com.apple.WebKit:Loading:4] 0x119088240 - [webProcessIdentifier=3] NetworkConnectionToWebProcess::resolveBlobReferences: (parentPID=15116, pageProxyID=4, webPageID=5, frameID=4294967297, resourceID=670)
  32.346 [com.apple.WebKit:Loading:4] 0x119088240 - [webProcessIdentifier=3] NetworkConnectionToWebProcess::scheduleResourceLoad: (parentPID=15116, pageProxyID=4, webPageID=5, frameID=4294967297, resourceID=678, existingLoaderToResume=0)
  32.347 [com.apple.WebKit:Loading:4] 0x119088240 - [webProcessIdentifier=3] NetworkConnectionToWebProcess::resolveBlobReferences: (parentPID=15116, pageProxyID=4, webPageID=5, frameID=4294967297, resourceID=678)
  32.350 [com.apple.WebKit:Loading:4] 0x119088240 - [webProcessIdentifier=3] NetworkConnectionToWebProcess::scheduleResourceLoad: (parentPID=15116, pageProxyID=4, webPageID=5, frameID=4294967297, resourceID=679, existingLoaderToResume=0)
  32.350 [com.apple.WebKit:Loading:4] 0x119088240 - [webProcessIdentifier=3] NetworkConnectionToWebProcess::resolveBlobReferences: (parentPID=15116, pageProxyID=4, webPageID=5, frameID=4294967297, resourceID=679)
  32.350 [com.apple.WebKit:Loading:4] 0x119088240 - [webProcessIdentifier=3] NetworkConnectionToWebProcess::scheduleResourceLoad: (parentPID=15116, pageProxyID=4, webPageID=5, frameID=4294967297, resourceID=680, existingLoaderToResume=0)
  32.350 [com.apple.WebKit:Loading:4] 0x119088240 - [webProcessIdentifier=3] NetworkConnectionToWebProcess::resolveBlobReferences: (parentPID=15116, pageProxyID=4, webPageID=5, frameID=4294967297, resourceID=680)
  32.354 [com.apple.WebKit:Loading:4] 0x119088240 - [webProcessIdentifier=3] NetworkConnectionToWebProcess::removeLoadIdentifier: Removing identifier 630 and aborting corresponding loader
  32.354 [com.apple.WebKit:Loading:4] 0x119088240 - [webProcessIdentifier=3] NetworkConnectionToWebProcess::removeLoadIdentifier: Removing identifier 631 and aborting corresponding loader
  32.354 [com.apple.WebKit:Loading:4] 0x119088240 - [webProcessIdentifier=3] NetworkConnectionToWebProcess::removeLoadIdentifier: Removing identifier 632 and aborting corresponding loader
  32.354 [com.apple.WebKit:Loading:4] 0x119088240 - [webProcessIdentifier=3] NetworkConnectionToWebProcess::removeLoadIdentifier: Removing identifier 638 and aborting corresponding loader
  32.360 [com.apple.WebKit:Loading:4] 0x119088240 - [webProcessIdentifier=3] NetworkConnectionToWebProcess::removeLoadIdentifier: Removing identifier 639 and aborting corresponding loader
  32.360 [com.apple.WebKit:Loading:4] 0x119088240 - [webProcessIdentifier=3] NetworkConnectionToWebProcess::removeLoadIdentifier: Removing identifier 640 and aborting corresponding loader
  32.360 [com.apple.WebKit:Loading:4] 0x119088240 - [webProcessIdentifier=3] NetworkConnectionToWebProcess::removeLoadIdentifier: Removing identifier 644 and aborting corresponding loader
  32.363 [com.apple.WebKit:Loading:4] 0x119088240 - [webProcessIdentifier=3] NetworkConnectionToWebProcess::removeLoadIdentifier: Removing identifier 647 and aborting corresponding loader
  32.363 [com.apple.WebKit:Loading:4] 0x119088240 - [webProcessIdentifier=3] NetworkConnectionToWebProcess::removeLoadIdentifier: Removing identifier 649 and aborting corresponding loader
  32.363 [com.apple.WebKit:Loading:4] 0x119088240 - [webProcessIdentifier=3] NetworkConnectionToWebProcess::removeLoadIdentifier: Removing identifier 650 and aborting corresponding loader
  32.364 [com.apple.WebKit:Loading:4] 0x119088240 - [webProcessIdentifier=3] NetworkConnectionToWebProcess::removeLoadIdentifier: Removing identifier 660 and aborting corresponding loader
  32.364 [com.apple.WebKit:Loading:4] 0x119088240 - [webProcessIdentifier=3] NetworkConnectionToWebProcess::removeLoadIdentifier: Removing identifier 663 and aborting corresponding loader
  32.365 [com.apple.WebKit:Loading:4] 0x119088240 - [webProcessIdentifier=3] NetworkConnectionToWebProcess::removeLoadIdentifier: Removing identifier 664 and aborting corresponding loader
  32.365 [com.apple.WebKit:Loading:4] 0x119088240 - [webProcessIdentifier=3] NetworkConnectionToWebProcess::removeLoadIdentifier: Removing identifier 665 and aborting corresponding loader
  32.365 [com.apple.WebKit:Loading:4] 0x119088240 - [webProcessIdentifier=3] NetworkConnectionToWebProcess::removeLoadIdentifier: Removing identifier 669 and aborting corresponding loader
  32.365 [com.apple.WebKit:Loading:4] 0x119088240 - [webProcessIdentifier=3] NetworkConnectionToWebProcess::removeLoadIdentifier: Removing identifier 670 and aborting corresponding loader
  32.394 [com.apple.WebKit:Media:-] MediaElementSession::effectivePreloadForElement(EDB8FA24FCE00E33) 0
  32.396 [com.apple.WebKit:Loading:4] 0x119088240 - [webProcessIdentifier=3] NetworkConnectionToWebProcess::removeLoadIdentifier: Removing identifier 678 and aborting corresponding loader
  32.396 [com.apple.WebKit:Loading:4] 0x119088240 - [webProcessIdentifier=3] NetworkConnectionToWebProcess::removeLoadIdentifier: Removing identifier 679 and aborting corresponding loader
  32.397 [com.apple.WebKit:Loading:4] 0x119088240 - [webProcessIdentifier=3] NetworkConnectionToWebProcess::removeLoadIdentifier: Removing identifier 680 and aborting corresponding loader
  32.405 [com.apple.WebKit:Media:-] MediaElementSession::effectivePreloadForElement(1CAF7F2A56B84305) 0
  32.406 [com.apple.WebKit:Media:-] MediaElementSession::effectivePreloadForElement(B0B77103A0A3912E) 0
  32.407 [com.apple.WebKit:Media:-] MediaElementSession::effectivePreloadForElement(F2B42ADAD6CAADCB) 0
  32.414 [com.apple.WebKit:Loading:4] 0x119088240 - [webProcessIdentifier=3] NetworkConnectionToWebProcess::scheduleResourceLoad: (parentPID=15116, pageProxyID=4, webPageID=5, frameID=4294967297, resourceID=688, existingLoaderToResume=0)
  32.414 [com.apple.WebKit:Loading:4] 0x119088240 - [webProcessIdentifier=3] NetworkConnectionToWebProcess::resolveBlobReferences: (parentPID=15116, pageProxyID=4, webPageID=5, frameID=4294967297, resourceID=688)
  32.418 [com.apple.WebKit:Loading:4] 0x119088240 - [webProcessIdentifier=3] NetworkConnectionToWebProcess::scheduleResourceLoad: (parentPID=15116, pageProxyID=4, webPageID=5, frameID=4294967297, resourceID=689, existingLoaderToResume=0)
  32.418 [com.apple.WebKit:Loading:4] 0x119088240 - [webProcessIdentifier=3] NetworkConnectionToWebProcess::resolveBlobReferences: (parentPID=15116, pageProxyID=4, webPageID=5, frameID=4294967297, resourceID=689)
  32.438 [com.apple.WebKit:Loading:4] 0x119088240 - [webProcessIdentifier=3] NetworkConnectionToWebProcess::scheduleResourceLoad: (parentPID=15116, pageProxyID=4, webPageID=5, frameID=4294967297, resourceID=695, existingLoaderToResume=0)
  32.438 [com.apple.WebKit:Loading:4] 0x119088240 - [webProcessIdentifier=3] NetworkConnectionToWebProcess::resolveBlobReferences: (parentPID=15116, pageProxyID=4, webPageID=5, frameID=4294967297, resourceID=695)
  32.451 [com.apple.WebKit:Loading:4] 0x119088240 - [webProcessIdentifier=3] NetworkConnectionToWebProcess::removeLoadIdentifier: Removing identifier 695 and aborting corresponding loader
  32.483 [com.apple.WebKit:Loading:4] 0x119088240 - [webProcessIdentifier=3] NetworkConnectionToWebProcess::scheduleResourceLoad: (parentPID=15116, pageProxyID=4, webPageID=5, frameID=4294967297, resourceID=698, existingLoaderToResume=0)
  32.483 [com.apple.WebKit:Loading:4] 0x119088240 - [webProcessIdentifier=3] NetworkConnectionToWebProcess::resolveBlobReferences: (parentPID=15116, pageProxyID=4, webPageID=5, frameID=4294967297, resourceID=698)
  32.483 [com.apple.WebKit:Loading:4] 0x119088240 - [webProcessIdentifier=3] NetworkConnectionToWebProcess::scheduleResourceLoad: (parentPID=15116, pageProxyID=4, webPageID=5, frameID=4294967297, resourceID=699, existingLoaderToResume=0)
  32.483 [com.apple.WebKit:Loading:4] 0x119088240 - [webProcessIdentifier=3] NetworkConnectionToWebProcess::resolveBlobReferences: (parentPID=15116, pageProxyID=4, webPageID=5, frameID=4294967297, resourceID=699)
  32.484 [com.apple.WebKit:Loading:4] 0x119088240 - [webProcessIdentifier=3] NetworkConnectionToWebProcess::scheduleResourceLoad: (parentPID=15116, pageProxyID=4, webPageID=5, frameID=4294967297, resourceID=700, existingLoaderToResume=0)
  32.484 [com.apple.WebKit:Loading:4] 0x119088240 - [webProcessIdentifier=3] NetworkConnectionToWebProcess::resolveBlobReferences: (parentPID=15116, pageProxyID=4, webPageID=5, frameID=4294967297, resourceID=700)
  32.486 [com.apple.WebKit:Loading:4] 0x119088240 - [webProcessIdentifier=3] NetworkConnectionToWebProcess::scheduleResourceLoad: (parentPID=15116, pageProxyID=4, webPageID=5, frameID=4294967297, resourceID=701, existingLoaderToResume=0)
  32.486 [com.apple.WebKit:Loading:4] 0x119088240 - [webProcessIdentifier=3] NetworkConnectionToWebProcess::resolveBlobReferences: (parentPID=15116, pageProxyID=4, webPageID=5, frameID=4294967297, resourceID=701)
  32.498 [com.apple.WebKit:Loading:4] 0x119088240 - [webProcessIdentifier=3] NetworkConnectionToWebProcess::removeLoadIdentifier: Removing identifier 698 and aborting corresponding loader
  32.498 [com.apple.WebKit:Loading:4] 0x119088240 - [webProcessIdentifier=3] NetworkConnectionToWebProcess::removeLoadIdentifier: Removing identifier 699 and aborting corresponding loader
  32.499 [com.apple.WebKit:Loading:4] 0x119088240 - [webProcessIdentifier=3] NetworkConnectionToWebProcess::removeLoadIdentifier: Removing identifier 700 and aborting corresponding loader
  32.509 [com.apple.WebKit:Loading:4] 0x119088240 - [webProcessIdentifier=3] NetworkConnectionToWebProcess::scheduleResourceLoad: (parentPID=15116, pageProxyID=4, webPageID=5, frameID=4294967297, resourceID=710, existingLoaderToResume=0)
  32.509 [com.apple.WebKit:Loading:4] 0x119088240 - [webProcessIdentifier=3] NetworkConnectionToWebProcess::resolveBlobReferences: (parentPID=15116, pageProxyID=4, webPageID=5, frameID=4294967297, resourceID=710)
  32.509 [com.apple.WebKit:Loading:4] 0x119088240 - [webProcessIdentifier=3] NetworkConnectionToWebProcess::removeLoadIdentifier: Removing identifier 701 and aborting corresponding loader
  32.775 [com.apple.WebKit:Loading:4] 0x119088240 - [webProcessIdentifier=3] NetworkConnectionToWebProcess::removeLoadIdentifier: Removing identifier 710 and aborting corresponding loader
  33.693 tigeraudio32: t=5s read=0 write=21504 paused=1 underruns=0
  36.623 [com.apple.WebKit:Loading:4] 0x119088240 - [webProcessIdentifier=3] NetworkConnectionToWebProcess::scheduleResourceLoad: (parentPID=15116, pageProxyID=4, webPageID=5, frameID=4294967297, resourceID=716, existingLoaderToResume=0)
  36.623 [com.apple.WebKit:Loading:4] 0x119088240 - [webProcessIdentifier=3] NetworkConnectionToWebProcess::resolveBlobReferences: (parentPID=15116, pageProxyID=4, webPageID=5, frameID=4294967297, resourceID=716)
  37.535 [com.apple.WebKit:Loading:4] [pageID=5, frameID=12884901897] PolicyChecker::checkNavigationPolicy: continuing because this is an initial empty document
  37.587 [com.apple.WebKit:Loading:4] 0x119088240 - [webProcessIdentifier=3] NetworkConnectionToWebProcess::scheduleResourceLoad: (parentPID=15116, pageProxyID=4, webPageID=5, frameID=4294967297, resourceID=728, existingLoaderToResume=0)
  37.588 [com.apple.WebKit:Loading:4] 0x119088240 - [webProcessIdentifier=3] NetworkConnectionToWebProcess::resolveBlobReferences: (parentPID=15116, pageProxyID=4, webPageID=5, frameID=4294967297, resourceID=728)
  37.640 [com.apple.WebKit:Loading:4] 0x119088240 - [webProcessIdentifier=3] NetworkConnectionToWebProcess::scheduleResourceLoad: (parentPID=15116, pageProxyID=4, webPageID=5, frameID=12884901897, resourceID=732, existingLoaderToResume=0)
  37.640 [com.apple.WebKit:Loading:4] 0x119088240 - [webProcessIdentifier=3] NetworkConnectionToWebProcess::resolveBlobReferences: (parentPID=15116, pageProxyID=4, webPageID=5, frameID=12884901897, resourceID=732)
  38.643 [com.apple.WebKit:Loading:4] 0x119088240 - [webProcessIdentifier=3] NetworkConnectionToWebProcess::scheduleResourceLoad: (parentPID=15116, pageProxyID=4, webPageID=5, frameID=4294967297, resourceID=733, existingLoaderToResume=0)
  38.643 [com.apple.WebKit:Loading:4] 0x119088240 - [webProcessIdentifier=3] NetworkConnectionToWebProcess::resolveBlobReferences: (parentPID=15116, pageProxyID=4, webPageID=5, frameID=4294967297, resourceID=733)
  38.647 [com.apple.WebKit:Loading:4] 0x119088240 - [webProcessIdentifier=3] NetworkConnectionToWebProcess::scheduleResourceLoad: (parentPID=15116, pageProxyID=4, webPageID=5, frameID=4294967297, resourceID=734, existingLoaderToResume=0)
  38.647 [com.apple.WebKit:Loading:4] 0x119088240 - [webProcessIdentifier=3] NetworkConnectionToWebProcess::resolveBlobReferences: (parentPID=15116, pageProxyID=4, webPageID=5, frameID=4294967297, resourceID=734)
  38.708 tigeraudio32: t=10s read=0 write=21504 paused=1 underruns=0
  38.718 [com.apple.WebKit:Loading:4] 0x119088240 - [webProcessIdentifier=3] NetworkConnectionToWebProcess::scheduleResourceLoad: (parentPID=15116, pageProxyID=4, webPageID=5, frameID=4294967297, resourceID=736, existingLoaderToResume=0)
  38.718 [com.apple.WebKit:Loading:4] 0x119088240 - [webProcessIdentifier=3] NetworkConnectionToWebProcess::resolveBlobReferences: (parentPID=15116, pageProxyID=4, webPageID=5, frameID=4294967297, resourceID=736)
  38.742 [com.apple.WebKit:Loading:4] 0x119088240 - [webProcessIdentifier=3] NetworkConnectionToWebProcess::scheduleResourceLoad: (parentPID=15116, pageProxyID=4, webPageID=5, frameID=4294967297, resourceID=737, existingLoaderToResume=0)
  38.742 [com.apple.WebKit:Loading:4] 0x119088240 - [webProcessIdentifier=3] NetworkConnectionToWebProcess::resolveBlobReferences: (parentPID=15116, pageProxyID=4, webPageID=5, frameID=4294967297, resourceID=737)
  38.852 [com.apple.WebKit:Loading:4] 0x119088240 - [webProcessIdentifier=3] NetworkConnectionToWebProcess::scheduleResourceLoad: (parentPID=15116, pageProxyID=4, webPageID=5, frameID=4294967297, resourceID=738, existingLoaderToResume=0)
  38.852 [com.apple.WebKit:Loading:4] 0x119088240 - [webProcessIdentifier=3] NetworkConnectionToWebProcess::resolveBlobReferences: (parentPID=15116, pageProxyID=4, webPageID=5, frameID=4294967297, resourceID=738)
  39.309 [com.apple.WebKit:Loading:4] 0x119088240 - [webProcessIdentifier=3] NetworkConnectionToWebProcess::scheduleResourceLoad: (parentPID=15116, pageProxyID=4, webPageID=5, frameID=4294967297, resourceID=742, existingLoaderToResume=0)
  39.309 [com.apple.WebKit:Loading:4] 0x119088240 - [webProcessIdentifier=3] NetworkConnectionToWebProcess::resolveBlobReferences: (parentPID=15116, pageProxyID=4, webPageID=5, frameID=4294967297, resourceID=742)
  39.546 [com.apple.WebKit:Loading:4] 0x119088240 - [webProcessIdentifier=3] NetworkConnectionToWebProcess::scheduleResourceLoad: (parentPID=15116, pageProxyID=4, webPageID=5, frameID=4294967297, resourceID=746, existingLoaderToResume=0)
  39.546 [com.apple.WebKit:Loading:4] 0x119088240 - [webProcessIdentifier=3] NetworkConnectionToWebProcess::resolveBlobReferences: (parentPID=15116, pageProxyID=4, webPageID=5, frameID=4294967297, resourceID=746)
  39.640 [com.apple.WebKit:Loading:4] [pageID=5, frameID=12884901898] PolicyChecker::checkNavigationPolicy: continuing because this policyAction from dispatchDecidePolicyForNavigationAction is Use
  39.641 [com.apple.WebKit:Loading:4] 0x119088240 - [webProcessIdentifier=3] NetworkConnectionToWebProcess::scheduleResourceLoad: (parentPID=15116, pageProxyID=4, webPageID=5, frameID=4294967297, resourceID=752, existingLoaderToResume=0)
  39.641 [com.apple.WebKit:Loading:4] 0x119088240 - [webProcessIdentifier=3] NetworkConnectionToWebProcess::resolveBlobReferences: (parentPID=15116, pageProxyID=4, webPageID=5, frameID=4294967297, resourceID=752)
  39.642 [com.apple.WebKit:Loading:4] 0x119088240 - [webProcessIdentifier=3] NetworkConnectionToWebProcess::scheduleResourceLoad: (parentPID=15116, pageProxyID=4, webPageID=5, frameID=12884901898, resourceID=754, existingLoaderToResume=0)
  39.642 [com.apple.WebKit:Loading:4] 0x119088240 - [webProcessIdentifier=3] NetworkConnectionToWebProcess::resolveBlobReferences: (parentPID=15116, pageProxyID=4, webPageID=5, frameID=12884901898, resourceID=754)
  39.651 [com.apple.WebKit:Media:-] MediaSessionManagerInterface::dumpSessionStates(0)  Sessions:
  39.651 (2A29E41B5D7EA09E): Video, Paused, 
  39.651 (EDB8FA24FCE00E33): Video, Paused, 
  39.651 (1CAF7F2A56B84305): Video, Paused, 
  39.651 (B0B77103A0A3912E): Video, Paused, 
  39.651 (F2B42ADAD6CAADCB): Video, Paused, 
  39.651 
  39.844 [com.apple.WebKit:Loading error] 0x803e600 - [pageProxyID=4, webPageID=5, PID=15139] WebPageProxy::didFailLoadForFrame: frameID=12884901898, isMainFrame=0, domain=WebKitErrorDomain, code=302
  39.878 [com.apple.WebKit:Loading:4] 0x119088240 - [webProcessIdentifier=3] NetworkConnectionToWebProcess::scheduleResourceLoad: (parentPID=15116, pageProxyID=4, webPageID=5, frameID=4294967297, resourceID=763, existingLoaderToResume=0)
  39.878 [com.apple.WebKit:Loading:4] 0x119088240 - [webProcessIdentifier=3] NetworkConnectionToWebProcess::resolveBlobReferences: (parentPID=15116, pageProxyID=4, webPageID=5, frameID=4294967297, resourceID=763)
  39.931 [com.apple.WebKit:Loading:4] 0x119088240 - [webProcessIdentifier=3] NetworkConnectionToWebProcess::scheduleResourceLoad: (parentPID=15116, pageProxyID=4, webPageID=5, frameID=4294967297, resourceID=764, existingLoaderToResume=0)
  39.931 [com.apple.WebKit:Loading:4] 0x119088240 - [webProcessIdentifier=3] NetworkConnectionToWebProcess::resolveBlobReferences: (parentPID=15116, pageProxyID=4, webPageID=5, frameID=4294967297, resourceID=764)
  39.934 [com.apple.WebKit:Loading:4] 0x119088240 - [webProcessIdentifier=3] NetworkConnectionToWebProcess::scheduleResourceLoad: (parentPID=15116, pageProxyID=4, webPageID=5, frameID=4294967297, resourceID=765, existingLoaderToResume=0)
  39.934 [com.apple.WebKit:Loading:4] 0x119088240 - [webProcessIdentifier=3] NetworkConnectionToWebProcess::resolveBlobReferences: (parentPID=15116, pageProxyID=4, webPageID=5, frameID=4294967297, resourceID=765)
  39.969 [com.apple.WebKit:Loading:4] 0x119088240 - [webProcessIdentifier=3] NetworkConnectionToWebProcess::scheduleResourceLoad: (parentPID=15116, pageProxyID=4, webPageID=5, frameID=4294967297, resourceID=767, existingLoaderToResume=0)
  39.969 [com.apple.WebKit:Loading:4] 0x119088240 - [webProcessIdentifier=3] NetworkConnectionToWebProcess::resolveBlobReferences: (parentPID=15116, pageProxyID=4, webPageID=5, frameID=4294967297, resourceID=767)
  39.971 [com.apple.WebKit:Loading:4] 0x119088240 - [webProcessIdentifier=3] NetworkConnectionToWebProcess::scheduleResourceLoad: (parentPID=15116, pageProxyID=4, webPageID=5, frameID=4294967297, resourceID=768, existingLoaderToResume=0)
  39.971 [com.apple.WebKit:Loading:4] 0x119088240 - [webProcessIdentifier=3] NetworkConnectionToWebProcess::resolveBlobReferences: (parentPID=15116, pageProxyID=4, webPageID=5, frameID=4294967297, resourceID=768)
  39.990 [com.apple.WebKit:Loading:4] 0x119088240 - [webProcessIdentifier=3] NetworkConnectionToWebProcess::scheduleResourceLoad: (parentPID=15116, pageProxyID=4, webPageID=5, frameID=4294967297, resourceID=770, existingLoaderToResume=0)
  39.990 [com.apple.WebKit:Loading:4] 0x119088240 - [webProcessIdentifier=3] NetworkConnectionToWebProcess::resolveBlobReferences: (parentPID=15116, pageProxyID=4, webPageID=5, frameID=4294967297, resourceID=770)
  39.996 [com.apple.WebKit:Loading:4] 0x119088240 - [webProcessIdentifier=3] NetworkConnectionToWebProcess::scheduleResourceLoad: (parentPID=15116, pageProxyID=4, webPageID=5, frameID=4294967297, resourceID=771, existingLoaderToResume=0)
  39.996 [com.apple.WebKit:Loading:4] 0x119088240 - [webProcessIdentifier=3] NetworkConnectionToWebProcess::resolveBlobReferences: (parentPID=15116, pageProxyID=4, webPageID=5, frameID=4294967297, resourceID=771)
  40.011 [com.apple.WebKit:Loading:4] 0x119088240 - [webProcessIdentifier=3] NetworkConnectionToWebProcess::scheduleResourceLoad: (parentPID=15116, pageProxyID=4, webPageID=5, frameID=4294967297, resourceID=773, existingLoaderToResume=0)
  40.011 [com.apple.WebKit:Loading:4] 0x119088240 - [webProcessIdentifier=3] NetworkConnectionToWebProcess::resolveBlobReferences: (parentPID=15116, pageProxyID=4, webPageID=5, frameID=4294967297, resourceID=773)
  40.012 [com.apple.WebKit:Loading:4] 0x119088240 - [webProcessIdentifier=3] NetworkConnectionToWebProcess::scheduleResourceLoad: (parentPID=15116, pageProxyID=4, webPageID=5, frameID=4294967297, resourceID=774, existingLoaderToResume=0)
  40.012 [com.apple.WebKit:Loading:4] 0x119088240 - [webProcessIdentifier=3] NetworkConnectionToWebProcess::resolveBlobReferences: (parentPID=15116, pageProxyID=4, webPageID=5, frameID=4294967297, resourceID=774)
  40.025 [com.apple.WebKit:Loading:4] 0x119088240 - [webProcessIdentifier=3] NetworkConnectionToWebProcess::scheduleResourceLoad: (parentPID=15116, pageProxyID=4, webPageID=5, frameID=4294967297, resourceID=776, existingLoaderToResume=0)
  40.026 [com.apple.WebKit:Loading:4] 0x119088240 - [webProcessIdentifier=3] NetworkConnectionToWebProcess::resolveBlobReferences: (parentPID=15116, pageProxyID=4, webPageID=5, frameID=4294967297, resourceID=776)
  40.030 [com.apple.WebKit:Loading:4] 0x119088240 - [webProcessIdentifier=3] NetworkConnectionToWebProcess::scheduleResourceLoad: (parentPID=15116, pageProxyID=4, webPageID=5, frameID=4294967297, resourceID=777, existingLoaderToResume=0)
  40.030 [com.apple.WebKit:Loading:4] 0x119088240 - [webProcessIdentifier=3] NetworkConnectionToWebProcess::resolveBlobReferences: (parentPID=15116, pageProxyID=4, webPageID=5, frameID=4294967297, resourceID=777)
  40.044 [com.apple.WebKit:Loading:4] 0x119088240 - [webProcessIdentifier=3] NetworkConnectionToWebProcess::scheduleResourceLoad: (parentPID=15116, pageProxyID=4, webPageID=5, frameID=4294967297, resourceID=779, existingLoaderToResume=0)
  40.044 [com.apple.WebKit:Loading:4] 0x119088240 - [webProcessIdentifier=3] NetworkConnectionToWebProcess::resolveBlobReferences: (parentPID=15116, pageProxyID=4, webPageID=5, frameID=4294967297, resourceID=779)
  40.047 [com.apple.WebKit:Loading:4] 0x119088240 - [webProcessIdentifier=3] NetworkConnectionToWebProcess::scheduleResourceLoad: (parentPID=15116, pageProxyID=4, webPageID=5, frameID=4294967297, resourceID=780, existingLoaderToResume=0)
  40.047 [com.apple.WebKit:Loading:4] 0x119088240 - [webProcessIdentifier=3] NetworkConnectionToWebProcess::resolveBlobReferences: (parentPID=15116, pageProxyID=4, webPageID=5, frameID=4294967297, resourceID=780)
  40.062 [com.apple.WebKit:Loading:4] 0x119088240 - [webProcessIdentifier=3] NetworkConnectionToWebProcess::scheduleResourceLoad: (parentPID=15116, pageProxyID=4, webPageID=5, frameID=4294967297, resourceID=782, existingLoaderToResume=0)
  40.062 [com.apple.WebKit:Loading:4] 0x119088240 - [webProcessIdentifier=3] NetworkConnectionToWebProcess::resolveBlobReferences: (parentPID=15116, pageProxyID=4, webPageID=5, frameID=4294967297, resourceID=782)
  40.062 [com.apple.WebKit:Loading:4] 0x119088240 - [webProcessIdentifier=3] NetworkConnectionToWebProcess::scheduleResourceLoad: (parentPID=15116, pageProxyID=4, webPageID=5, frameID=4294967297, resourceID=783, existingLoaderToResume=0)
  40.063 [com.apple.WebKit:Loading:4] 0x119088240 - [webProcessIdentifier=3] NetworkConnectionToWebProcess::resolveBlobReferences: (parentPID=15116, pageProxyID=4, webPageID=5, frameID=4294967297, resourceID=783)
  40.127 [com.apple.WebKit:Loading:4] 0x119088240 - [webProcessIdentifier=3] NetworkConnectionToWebProcess::scheduleResourceLoad: (parentPID=15116, pageProxyID=4, webPageID=5, frameID=4294967297, resourceID=785, existingLoaderToResume=0)
  40.127 [com.apple.WebKit:Loading:4] 0x119088240 - [webProcessIdentifier=3] NetworkConnectionToWebProcess::resolveBlobReferences: (parentPID=15116, pageProxyID=4, webPageID=5, frameID=4294967297, resourceID=785)
  40.129 [com.apple.WebKit:Loading:4] 0x119088240 - [webProcessIdentifier=3] NetworkConnectionToWebProcess::scheduleResourceLoad: (parentPID=15116, pageProxyID=4, webPageID=5, frameID=4294967297, resourceID=786, existingLoaderToResume=0)
  40.130 [com.apple.WebKit:Loading:4] 0x119088240 - [webProcessIdentifier=3] NetworkConnectionToWebProcess::resolveBlobReferences: (parentPID=15116, pageProxyID=4, webPageID=5, frameID=4294967297, resourceID=786)
  40.162 [com.apple.WebKit:Loading:4] 0x119088240 - [webProcessIdentifier=3] NetworkConnectionToWebProcess::scheduleResourceLoad: (parentPID=15116, pageProxyID=4, webPageID=5, frameID=4294967297, resourceID=788, existingLoaderToResume=0)
  40.162 [com.apple.WebKit:Loading:4] 0x119088240 - [webProcessIdentifier=3] NetworkConnectionToWebProcess::resolveBlobReferences: (parentPID=15116, pageProxyID=4, webPageID=5, frameID=4294967297, resourceID=788)
  40.179 [com.apple.WebKit:Loading:4] 0x119088240 - [webProcessIdentifier=3] NetworkConnectionToWebProcess::scheduleResourceLoad: (parentPID=15116, pageProxyID=4, webPageID=5, frameID=4294967297, resourceID=789, existingLoaderToResume=0)
  40.179 [com.apple.WebKit:Loading:4] 0x119088240 - [webProcessIdentifier=3] NetworkConnectionToWebProcess::resolveBlobReferences: (parentPID=15116, pageProxyID=4, webPageID=5, frameID=4294967297, resourceID=789)
  40.191 [com.apple.WebKit:Loading:4] 0x119088240 - [webProcessIdentifier=3] NetworkConnectionToWebProcess::scheduleResourceLoad: (parentPID=15116, pageProxyID=4, webPageID=5, frameID=4294967297, resourceID=791, existingLoaderToResume=0)
  40.191 [com.apple.WebKit:Loading:4] 0x119088240 - [webProcessIdentifier=3] NetworkConnectionToWebProcess::resolveBlobReferences: (parentPID=15116, pageProxyID=4, webPageID=5, frameID=4294967297, resourceID=791)
  40.192 [com.apple.WebKit:Loading:4] 0x119088240 - [webProcessIdentifier=3] NetworkConnectionToWebProcess::scheduleResourceLoad: (parentPID=15116, pageProxyID=4, webPageID=5, frameID=4294967297, resourceID=792, existingLoaderToResume=0)
  40.193 [com.apple.WebKit:Loading:4] 0x119088240 - [webProcessIdentifier=3] NetworkConnectionToWebProcess::resolveBlobReferences: (parentPID=15116, pageProxyID=4, webPageID=5, frameID=4294967297, resourceID=792)
  40.236 [com.apple.WebKit:Loading:4] 0x119088240 - [webProcessIdentifier=3] NetworkConnectionToWebProcess::scheduleResourceLoad: (parentPID=15116, pageProxyID=4, webPageID=5, frameID=4294967297, resourceID=794, existingLoaderToResume=0)
  40.236 [com.apple.WebKit:Loading:4] 0x119088240 - [webProcessIdentifier=3] NetworkConnectionToWebProcess::resolveBlobReferences: (parentPID=15116, pageProxyID=4, webPageID=5, frameID=4294967297, resourceID=794)
  40.238 [com.apple.WebKit:Loading:4] 0x119088240 - [webProcessIdentifier=3] NetworkConnectionToWebProcess::scheduleResourceLoad: (parentPID=15116, pageProxyID=4, webPageID=5, frameID=4294967297, resourceID=795, existingLoaderToResume=0)
  40.238 [com.apple.WebKit:Loading:4] 0x119088240 - [webProcessIdentifier=3] NetworkConnectionToWebProcess::resolveBlobReferences: (parentPID=15116, pageProxyID=4, webPageID=5, frameID=4294967297, resourceID=795)
  40.271 [com.apple.WebKit:Loading:4] 0x119088240 - [webProcessIdentifier=3] NetworkConnectionToWebProcess::scheduleResourceLoad: (parentPID=15116, pageProxyID=4, webPageID=5, frameID=4294967297, resourceID=797, existingLoaderToResume=0)
  40.271 [com.apple.WebKit:Loading:4] 0x119088240 - [webProcessIdentifier=3] NetworkConnectionToWebProcess::resolveBlobReferences: (parentPID=15116, pageProxyID=4, webPageID=5, frameID=4294967297, resourceID=797)
  40.274 [com.apple.WebKit:Loading:4] 0x119088240 - [webProcessIdentifier=3] NetworkConnectionToWebProcess::scheduleResourceLoad: (parentPID=15116, pageProxyID=4, webPageID=5, frameID=4294967297, resourceID=798, existingLoaderToResume=0)
  40.274 [com.apple.WebKit:Loading:4] 0x119088240 - [webProcessIdentifier=3] NetworkConnectionToWebProcess::resolveBlobReferences: (parentPID=15116, pageProxyID=4, webPageID=5, frameID=4294967297, resourceID=798)
  40.300 [com.apple.WebKit:Loading:4] 0x119088240 - [webProcessIdentifier=3] NetworkConnectionToWebProcess::scheduleResourceLoad: (parentPID=15116, pageProxyID=4, webPageID=5, frameID=4294967297, resourceID=800, existingLoaderToResume=0)
  40.300 [com.apple.WebKit:Loading:4] 0x119088240 - [webProcessIdentifier=3] NetworkConnectionToWebProcess::resolveBlobReferences: (parentPID=15116, pageProxyID=4, webPageID=5, frameID=4294967297, resourceID=800)
  40.300 [com.apple.WebKit:Loading:4] 0x119088240 - [webProcessIdentifier=3] NetworkConnectionToWebProcess::scheduleResourceLoad: (parentPID=15116, pageProxyID=4, webPageID=5, frameID=4294967297, resourceID=801, existingLoaderToResume=0)
  40.300 [com.apple.WebKit:Loading:4] 0x119088240 - [webProcessIdentifier=3] NetworkConnectionToWebProcess::resolveBlobReferences: (parentPID=15116, pageProxyID=4, webPageID=5, frameID=4294967297, resourceID=801)
  40.312 [com.apple.WebKit:Loading:4] 0x119088240 - [webProcessIdentifier=3] NetworkConnectionToWebProcess::scheduleResourceLoad: (parentPID=15116, pageProxyID=4, webPageID=5, frameID=4294967297, resourceID=803, existingLoaderToResume=0)
  40.312 [com.apple.WebKit:Loading:4] 0x119088240 - [webProcessIdentifier=3] NetworkConnectionToWebProcess::resolveBlobReferences: (parentPID=15116, pageProxyID=4, webPageID=5, frameID=4294967297, resourceID=803)
  40.312 [com.apple.WebKit:Loading:4] 0x119088240 - [webProcessIdentifier=3] NetworkConnectionToWebProcess::scheduleResourceLoad: (parentPID=15116, pageProxyID=4, webPageID=5, frameID=4294967297, resourceID=804, existingLoaderToResume=0)
  40.312 [com.apple.WebKit:Loading:4] 0x119088240 - [webProcessIdentifier=3] NetworkConnectionToWebProcess::resolveBlobReferences: (parentPID=15116, pageProxyID=4, webPageID=5, frameID=4294967297, resourceID=804)
  40.326 [com.apple.WebKit:Loading:4] 0x119088240 - [webProcessIdentifier=3] NetworkConnectionToWebProcess::scheduleResourceLoad: (parentPID=15116, pageProxyID=4, webPageID=5, frameID=4294967297, resourceID=806, existingLoaderToResume=0)
  40.326 [com.apple.WebKit:Loading:4] 0x119088240 - [webProcessIdentifier=3] NetworkConnectionToWebProcess::resolveBlobReferences: (parentPID=15116, pageProxyID=4, webPageID=5, frameID=4294967297, resourceID=806)
  40.328 [com.apple.WebKit:Loading:4] 0x119088240 - [webProcessIdentifier=3] NetworkConnectionToWebProcess::scheduleResourceLoad: (parentPID=15116, pageProxyID=4, webPageID=5, frameID=4294967297, resourceID=807, existingLoaderToResume=0)
  40.328 [com.apple.WebKit:Loading:4] 0x119088240 - [webProcessIdentifier=3] NetworkConnectionToWebProcess::resolveBlobReferences: (parentPID=15116, pageProxyID=4, webPageID=5, frameID=4294967297, resourceID=807)
  40.444 [com.apple.WebKit:Loading:4] 0x119088240 - [webProcessIdentifier=3] NetworkConnectionToWebProcess::scheduleResourceLoad: (parentPID=15116, pageProxyID=4, webPageID=5, frameID=4294967297, resourceID=808, existingLoaderToResume=0)
  40.445 [com.apple.WebKit:Loading:4] 0x119088240 - [webProcessIdentifier=3] NetworkConnectionToWebProcess::resolveBlobReferences: (parentPID=15116, pageProxyID=4, webPageID=5, frameID=4294967297, resourceID=808)
  40.509 [com.apple.WebKit:Loading:4] 0x119088240 - [webProcessIdentifier=3] NetworkConnectionToWebProcess::scheduleResourceLoad: (parentPID=15116, pageProxyID=4, webPageID=5, frameID=4294967297, resourceID=810, existingLoaderToResume=0)
  40.509 [com.apple.WebKit:Loading:4] 0x119088240 - [webProcessIdentifier=3] NetworkConnectionToWebProcess::resolveBlobReferences: (parentPID=15116, pageProxyID=4, webPageID=5, frameID=4294967297, resourceID=810)
  40.800 [com.apple.WebKit:Loading:4] 0x119088240 - [webProcessIdentifier=3] NetworkConnectionToWebProcess::scheduleResourceLoad: (parentPID=15116, pageProxyID=4, webPageID=5, frameID=4294967297, resourceID=815, existingLoaderToResume=0)
  40.800 [com.apple.WebKit:Loading:4] 0x119088240 - [webProcessIdentifier=3] NetworkConnectionToWebProcess::resolveBlobReferences: (parentPID=15116, pageProxyID=4, webPageID=5, frameID=4294967297, resourceID=815)
  40.853 [com.apple.WebKit:Loading:4] 0x119088240 - [webProcessIdentifier=3] NetworkConnectionToWebProcess::scheduleResourceLoad: (parentPID=15116, pageProxyID=4, webPageID=5, frameID=4294967297, resourceID=818, existingLoaderToResume=0)
  40.853 [com.apple.WebKit:Loading:4] 0x119088240 - [webProcessIdentifier=3] NetworkConnectionToWebProcess::resolveBlobReferences: (parentPID=15116, pageProxyID=4, webPageID=5, frameID=4294967297, resourceID=818)
  40.865 [com.apple.WebKit:Loading:4] 0x119088240 - [webProcessIdentifier=3] NetworkConnectionToWebProcess::scheduleResourceLoad: (parentPID=15116, pageProxyID=4, webPageID=5, frameID=4294967297, resourceID=821, existingLoaderToResume=0)
  40.865 [com.apple.WebKit:Loading:4] 0x119088240 - [webProcessIdentifier=3] NetworkConnectionToWebProcess::resolveBlobReferences: (parentPID=15116, pageProxyID=4, webPageID=5, frameID=4294967297, resourceID=821)
  40.872 [com.apple.WebKit:Loading:4] 0x119088240 - [webProcessIdentifier=3] NetworkConnectionToWebProcess::scheduleResourceLoad: (parentPID=15116, pageProxyID=4, webPageID=5, frameID=4294967297, resourceID=824, existingLoaderToResume=0)
  40.872 [com.apple.WebKit:Loading:4] 0x119088240 - [webProcessIdentifier=3] NetworkConnectionToWebProcess::resolveBlobReferences: (parentPID=15116, pageProxyID=4, webPageID=5, frameID=4294967297, resourceID=824)
  40.878 [com.apple.WebKit:Loading:4] 0x119088240 - [webProcessIdentifier=3] NetworkConnectionToWebProcess::scheduleResourceLoad: (parentPID=15116, pageProxyID=4, webPageID=5, frameID=4294967297, resourceID=827, existingLoaderToResume=0)
  40.878 [com.apple.WebKit:Loading:4] 0x119088240 - [webProcessIdentifier=3] NetworkConnectionToWebProcess::resolveBlobReferences: (parentPID=15116, pageProxyID=4, webPageID=5, frameID=4294967297, resourceID=827)
  40.916 [com.apple.WebKit:Loading:4] 0x119088240 - [webProcessIdentifier=3] NetworkConnectionToWebProcess::scheduleResourceLoad: (parentPID=15116, pageProxyID=4, webPageID=5, frameID=4294967297, resourceID=830, existingLoaderToResume=0)
  40.916 [com.apple.WebKit:Loading:4] 0x119088240 - [webProcessIdentifier=3] NetworkConnectionToWebProcess::resolveBlobReferences: (parentPID=15116, pageProxyID=4, webPageID=5, frameID=4294967297, resourceID=830)
  40.920 [com.apple.WebKit:Loading:4] 0x119088240 - [webProcessIdentifier=3] NetworkConnectionToWebProcess::scheduleResourceLoad: (parentPID=15116, pageProxyID=4, webPageID=5, frameID=4294967297, resourceID=833, existingLoaderToResume=0)
  40.920 [com.apple.WebKit:Loading:4] 0x119088240 - [webProcessIdentifier=3] NetworkConnectionToWebProcess::resolveBlobReferences: (parentPID=15116, pageProxyID=4, webPageID=5, frameID=4294967297, resourceID=833)
  40.923 [com.apple.WebKit:Loading:4] 0x119088240 - [webProcessIdentifier=3] NetworkConnectionToWebProcess::scheduleResourceLoad: (parentPID=15116, pageProxyID=4, webPageID=5, frameID=4294967297, resourceID=834, existingLoaderToResume=0)
  40.923 [com.apple.WebKit:Loading:4] 0x119088240 - [webProcessIdentifier=3] NetworkConnectionToWebProcess::resolveBlobReferences: (parentPID=15116, pageProxyID=4, webPageID=5, frameID=4294967297, resourceID=834)
  41.028 [com.apple.WebKit:Loading:4] 0x119088240 - [webProcessIdentifier=3] NetworkConnectionToWebProcess::scheduleResourceLoad: (parentPID=15116, pageProxyID=4, webPageID=5, frameID=4294967297, resourceID=839, existingLoaderToResume=0)
  41.028 [com.apple.WebKit:Loading:4] 0x119088240 - [webProcessIdentifier=3] NetworkConnectionToWebProcess::resolveBlobReferences: (parentPID=15116, pageProxyID=4, webPageID=5, frameID=4294967297, resourceID=839)
  41.030 [com.apple.WebKit:Loading:4] 0x119088240 - [webProcessIdentifier=3] NetworkConnectionToWebProcess::scheduleResourceLoad: (parentPID=15116, pageProxyID=4, webPageID=5, frameID=4294967297, resourceID=840, existingLoaderToResume=0)
  41.030 [com.apple.WebKit:Loading:4] 0x119088240 - [webProcessIdentifier=3] NetworkConnectionToWebProcess::resolveBlobReferences: (parentPID=15116, pageProxyID=4, webPageID=5, frameID=4294967297, resourceID=840)
  41.045 [com.apple.WebKit:Loading:4] 0x119088240 - [webProcessIdentifier=3] NetworkConnectionToWebProcess::scheduleResourceLoad: (parentPID=15116, pageProxyID=4, webPageID=5, frameID=4294967297, resourceID=845, existingLoaderToResume=0)
  41.045 [com.apple.WebKit:Loading:4] 0x119088240 - [webProcessIdentifier=3] NetworkConnectionToWebProcess::resolveBlobReferences: (parentPID=15116, pageProxyID=4, webPageID=5, frameID=4294967297, resourceID=845)
  41.050 [com.apple.WebKit:Loading:4] 0x119088240 - [webProcessIdentifier=3] NetworkConnectionToWebProcess::scheduleResourceLoad: (parentPID=15116, pageProxyID=4, webPageID=5, frameID=4294967297, resourceID=846, existingLoaderToResume=0)
  41.050 [com.apple.WebKit:Loading:4] 0x119088240 - [webProcessIdentifier=3] NetworkConnectionToWebProcess::resolveBlobReferences: (parentPID=15116, pageProxyID=4, webPageID=5, frameID=4294967297, resourceID=846)
  41.054 [com.apple.WebKit:Loading:4] 0x119088240 - [webProcessIdentifier=3] NetworkConnectionToWebProcess::scheduleResourceLoad: (parentPID=15116, pageProxyID=4, webPageID=5, frameID=4294967297, resourceID=850, existingLoaderToResume=0)
  41.055 [com.apple.WebKit:Loading:4] 0x119088240 - [webProcessIdentifier=3] NetworkConnectionToWebProcess::resolveBlobReferences: (parentPID=15116, pageProxyID=4, webPageID=5, frameID=4294967297, resourceID=850)
  41.059 [com.apple.WebKit:Loading:4] 0x119088240 - [webProcessIdentifier=3] NetworkConnectionToWebProcess::scheduleResourceLoad: (parentPID=15116, pageProxyID=4, webPageID=5, frameID=4294967297, resourceID=854, existingLoaderToResume=0)
  41.059 [com.apple.WebKit:Loading:4] 0x119088240 - [webProcessIdentifier=3] NetworkConnectionToWebProcess::resolveBlobReferences: (parentPID=15116, pageProxyID=4, webPageID=5, frameID=4294967297, resourceID=854)
  41.063 [com.apple.WebKit:Loading:4] 0x119088240 - [webProcessIdentifier=3] NetworkConnectionToWebProcess::scheduleResourceLoad: (parentPID=15116, pageProxyID=4, webPageID=5, frameID=4294967297, resourceID=856, existingLoaderToResume=0)
  41.063 [com.apple.WebKit:Loading:4] 0x119088240 - [webProcessIdentifier=3] NetworkConnectionToWebProcess::resolveBlobReferences: (parentPID=15116, pageProxyID=4, webPageID=5, frameID=4294967297, resourceID=856)
  41.069 [com.apple.WebKit:Loading:4] 0x119088240 - [webProcessIdentifier=3] NetworkConnectionToWebProcess::scheduleResourceLoad: (parentPID=15116, pageProxyID=4, webPageID=5, frameID=4294967297, resourceID=860, existingLoaderToResume=0)
  41.069 [com.apple.WebKit:Loading:4] 0x119088240 - [webProcessIdentifier=3] NetworkConnectionToWebProcess::resolveBlobReferences: (parentPID=15116, pageProxyID=4, webPageID=5, frameID=4294967297, resourceID=860)
  41.073 [com.apple.WebKit:Loading:4] 0x119088240 - [webProcessIdentifier=3] NetworkConnectionToWebProcess::scheduleResourceLoad: (parentPID=15116, pageProxyID=4, webPageID=5, frameID=4294967297, resourceID=862, existingLoaderToResume=0)
  41.073 [com.apple.WebKit:Loading:4] 0x119088240 - [webProcessIdentifier=3] NetworkConnectionToWebProcess::resolveBlobReferences: (parentPID=15116, pageProxyID=4, webPageID=5, frameID=4294967297, resourceID=862)
  41.081 [com.apple.WebKit:Loading:4] 0x119088240 - [webProcessIdentifier=3] NetworkConnectionToWebProcess::scheduleResourceLoad: (parentPID=15116, pageProxyID=4, webPageID=5, frameID=4294967297, resourceID=866, existingLoaderToResume=0)
  41.081 [com.apple.WebKit:Loading:4] 0x119088240 - [webProcessIdentifier=3] NetworkConnectionToWebProcess::resolveBlobReferences: (parentPID=15116, pageProxyID=4, webPageID=5, frameID=4294967297, resourceID=866)
  41.084 [com.apple.WebKit:Loading:4] 0x119088240 - [webProcessIdentifier=3] NetworkConnectionToWebProcess::scheduleResourceLoad: (parentPID=15116, pageProxyID=4, webPageID=5, frameID=4294967297, resourceID=867, existingLoaderToResume=0)
  41.084 [com.apple.WebKit:Loading:4] 0x119088240 - [webProcessIdentifier=3] NetworkConnectionToWebProcess::resolveBlobReferences: (parentPID=15116, pageProxyID=4, webPageID=5, frameID=4294967297, resourceID=867)
  41.085 [com.apple.WebKit:Loading:4] 0x119088240 - [webProcessIdentifier=3] NetworkConnectionToWebProcess::scheduleResourceLoad: (parentPID=15116, pageProxyID=4, webPageID=5, frameID=4294967297, resourceID=870, existingLoaderToResume=0)
  41.085 [com.apple.WebKit:Loading:4] 0x119088240 - [webProcessIdentifier=3] NetworkConnectionToWebProcess::resolveBlobReferences: (parentPID=15116, pageProxyID=4, webPageID=5, frameID=4294967297, resourceID=870)
  41.089 [com.apple.WebKit:Loading:4] 0x119088240 - [webProcessIdentifier=3] NetworkConnectionToWebProcess::scheduleResourceLoad: (parentPID=15116, pageProxyID=4, webPageID=5, frameID=4294967297, resourceID=874, existingLoaderToResume=0)
  41.090 [com.apple.WebKit:Loading:4] 0x119088240 - [webProcessIdentifier=3] NetworkConnectionToWebProcess::resolveBlobReferences: (parentPID=15116, pageProxyID=4, webPageID=5, frameID=4294967297, resourceID=874)
  41.100 [com.apple.WebKit:Loading:4] 0x119088240 - [webProcessIdentifier=3] NetworkConnectionToWebProcess::scheduleResourceLoad: (parentPID=15116, pageProxyID=4, webPageID=5, frameID=4294967297, resourceID=878, existingLoaderToResume=0)
  41.100 [com.apple.WebKit:Loading:4] 0x119088240 - [webProcessIdentifier=3] NetworkConnectionToWebProcess::resolveBlobReferences: (parentPID=15116, pageProxyID=4, webPageID=5, frameID=4294967297, resourceID=878)
  41.117 [com.apple.WebKit:Loading:4] 0x119088240 - [webProcessIdentifier=3] NetworkConnectionToWebProcess::scheduleResourceLoad: (parentPID=15116, pageProxyID=4, webPageID=5, frameID=4294967297, resourceID=881, existingLoaderToResume=0)
  41.117 [com.apple.WebKit:Loading:4] 0x119088240 - [webProcessIdentifier=3] NetworkConnectionToWebProcess::resolveBlobReferences: (parentPID=15116, pageProxyID=4, webPageID=5, frameID=4294967297, resourceID=881)
  41.120 [com.apple.WebKit:Loading:4] 0x119088240 - [webProcessIdentifier=3] NetworkConnectionToWebProcess::scheduleResourceLoad: (parentPID=15116, pageProxyID=4, webPageID=5, frameID=4294967297, resourceID=882, existingLoaderToResume=0)
  41.120 [com.apple.WebKit:Loading:4] 0x119088240 - [webProcessIdentifier=3] NetworkConnectionToWebProcess::resolveBlobReferences: (parentPID=15116, pageProxyID=4, webPageID=5, frameID=4294967297, resourceID=882)
  41.122 [com.apple.WebKit:Loading:4] 0x119088240 - [webProcessIdentifier=3] NetworkConnectionToWebProcess::scheduleResourceLoad: (parentPID=15116, pageProxyID=4, webPageID=5, frameID=4294967297, resourceID=885, existingLoaderToResume=0)
  41.123 [com.apple.WebKit:Loading:4] 0x119088240 - [webProcessIdentifier=3] NetworkConnectionToWebProcess::resolveBlobReferences: (parentPID=15116, pageProxyID=4, webPageID=5, frameID=4294967297, resourceID=885)
  41.127 [com.apple.WebKit:Loading:4] 0x119088240 - [webProcessIdentifier=3] NetworkConnectionToWebProcess::scheduleResourceLoad: (parentPID=15116, pageProxyID=4, webPageID=5, frameID=4294967297, resourceID=889, existingLoaderToResume=0)
  41.127 [com.apple.WebKit:Loading:4] 0x119088240 - [webProcessIdentifier=3] NetworkConnectionToWebProcess::resolveBlobReferences: (parentPID=15116, pageProxyID=4, webPageID=5, frameID=4294967297, resourceID=889)
  41.144 [com.apple.WebKit:Loading:4] 0x119088240 - [webProcessIdentifier=3] NetworkConnectionToWebProcess::scheduleResourceLoad: (parentPID=15116, pageProxyID=4, webPageID=5, frameID=4294967297, resourceID=893, existingLoaderToResume=0)
  41.144 [com.apple.WebKit:Loading:4] 0x119088240 - [webProcessIdentifier=3] NetworkConnectionToWebProcess::resolveBlobReferences: (parentPID=15116, pageProxyID=4, webPageID=5, frameID=4294967297, resourceID=893)
  41.164 [com.apple.WebKit:Loading:4] 0x119088240 - [webProcessIdentifier=3] NetworkConnectionToWebProcess::scheduleResourceLoad: (parentPID=15116, pageProxyID=4, webPageID=5, frameID=4294967297, resourceID=896, existingLoaderToResume=0)
  41.165 [com.apple.WebKit:Loading:4] 0x119088240 - [webProcessIdentifier=3] NetworkConnectionToWebProcess::resolveBlobReferences: (parentPID=15116, pageProxyID=4, webPageID=5, frameID=4294967297, resourceID=896)
  41.168 [com.apple.WebKit:Loading:4] 0x119088240 - [webProcessIdentifier=3] NetworkConnectionToWebProcess::scheduleResourceLoad: (parentPID=15116, pageProxyID=4, webPageID=5, frameID=4294967297, resourceID=898, existingLoaderToResume=0)
  41.168 [com.apple.WebKit:Loading:4] 0x119088240 - [webProcessIdentifier=3] NetworkConnectionToWebProcess::resolveBlobReferences: (parentPID=15116, pageProxyID=4, webPageID=5, frameID=4294967297, resourceID=898)
  41.178 [com.apple.WebKit:Loading:4] 0x119088240 - [webProcessIdentifier=3] NetworkConnectionToWebProcess::scheduleResourceLoad: (parentPID=15116, pageProxyID=4, webPageID=5, frameID=4294967297, resourceID=902, existingLoaderToResume=0)
  41.178 [com.apple.WebKit:Loading:4] 0x119088240 - [webProcessIdentifier=3] NetworkConnectionToWebProcess::resolveBlobReferences: (parentPID=15116, pageProxyID=4, webPageID=5, frameID=4294967297, resourceID=902)
  41.202 [com.apple.WebKit:Loading:4] 0x119088240 - [webProcessIdentifier=3] NetworkConnectionToWebProcess::scheduleResourceLoad: (parentPID=15116, pageProxyID=4, webPageID=5, frameID=4294967297, resourceID=905, existingLoaderToResume=0)
  41.202 [com.apple.WebKit:Loading:4] 0x119088240 - [webProcessIdentifier=3] NetworkConnectionToWebProcess::resolveBlobReferences: (parentPID=15116, pageProxyID=4, webPageID=5, frameID=4294967297, resourceID=905)
  41.219 [com.apple.WebKit:Loading:4] 0x119088240 - [webProcessIdentifier=3] NetworkConnectionToWebProcess::scheduleResourceLoad: (parentPID=15116, pageProxyID=4, webPageID=5, frameID=4294967297, resourceID=908, existingLoaderToResume=0)
  41.219 [com.apple.WebKit:Loading:4] 0x119088240 - [webProcessIdentifier=3] NetworkConnectionToWebProcess::resolveBlobReferences: (parentPID=15116, pageProxyID=4, webPageID=5, frameID=4294967297, resourceID=908)
  41.223 [com.apple.WebKit:Loading:4] 0x119088240 - [webProcessIdentifier=3] NetworkConnectionToWebProcess::scheduleResourceLoad: (parentPID=15116, pageProxyID=4, webPageID=5, frameID=4294967297, resourceID=909, existingLoaderToResume=0)
  41.223 [com.apple.WebKit:Loading:4] 0x119088240 - [webProcessIdentifier=3] NetworkConnectionToWebProcess::resolveBlobReferences: (parentPID=15116, pageProxyID=4, webPageID=5, frameID=4294967297, resourceID=909)
  41.248 [com.apple.WebKit:Loading:4] 0x119088240 - [webProcessIdentifier=3] NetworkConnectionToWebProcess::scheduleResourceLoad: (parentPID=15116, pageProxyID=4, webPageID=5, frameID=4294967297, resourceID=914, existingLoaderToResume=0)
  41.248 [com.apple.WebKit:Loading:4] 0x119088240 - [webProcessIdentifier=3] NetworkConnectionToWebProcess::resolveBlobReferences: (parentPID=15116, pageProxyID=4, webPageID=5, frameID=4294967297, resourceID=914)
  41.253 [com.apple.WebKit:Loading:4] 0x119088240 - [webProcessIdentifier=3] NetworkConnectionToWebProcess::scheduleResourceLoad: (parentPID=15116, pageProxyID=4, webPageID=5, frameID=4294967297, resourceID=915, existingLoaderToResume=0)
  41.253 [com.apple.WebKit:Loading:4] 0x119088240 - [webProcessIdentifier=3] NetworkConnectionToWebProcess::resolveBlobReferences: (parentPID=15116, pageProxyID=4, webPageID=5, frameID=4294967297, resourceID=915)
  41.261 [com.apple.WebKit:Loading:4] 0x119088240 - [webProcessIdentifier=3] NetworkConnectionToWebProcess::scheduleResourceLoad: (parentPID=15116, pageProxyID=4, webPageID=5, frameID=4294967297, resourceID=920, existingLoaderToResume=0)
  41.261 [com.apple.WebKit:Loading:4] 0x119088240 - [webProcessIdentifier=3] NetworkConnectionToWebProcess::resolveBlobReferences: (parentPID=15116, pageProxyID=4, webPageID=5, frameID=4294967297, resourceID=920)
  41.266 [com.apple.WebKit:Loading:4] 0x119088240 - [webProcessIdentifier=3] NetworkConnectionToWebProcess::scheduleResourceLoad: (parentPID=15116, pageProxyID=4, webPageID=5, frameID=4294967297, resourceID=922, existingLoaderToResume=0)
  41.266 [com.apple.WebKit:Loading:4] 0x119088240 - [webProcessIdentifier=3] NetworkConnectionToWebProcess::resolveBlobReferences: (parentPID=15116, pageProxyID=4, webPageID=5, frameID=4294967297, resourceID=922)
  41.275 [com.apple.WebKit:Loading:4] 0x119088240 - [webProcessIdentifier=3] NetworkConnectionToWebProcess::scheduleResourceLoad: (parentPID=15116, pageProxyID=4, webPageID=5, frameID=4294967297, resourceID=926, existingLoaderToResume=0)
  41.275 [com.apple.WebKit:Loading:4] 0x119088240 - [webProcessIdentifier=3] NetworkConnectionToWebProcess::resolveBlobReferences: (parentPID=15116, pageProxyID=4, webPageID=5, frameID=4294967297, resourceID=926)
  41.288 [com.apple.WebKit:Loading:4] 0x119088240 - [webProcessIdentifier=3] NetworkConnectionToWebProcess::scheduleResourceLoad: (parentPID=15116, pageProxyID=4, webPageID=5, frameID=4294967297, resourceID=929, existingLoaderToResume=0)
  41.289 [com.apple.WebKit:Loading:4] 0x119088240 - [webProcessIdentifier=3] NetworkConnectionToWebProcess::resolveBlobReferences: (parentPID=15116, pageProxyID=4, webPageID=5, frameID=4294967297, resourceID=929)
  41.291 [com.apple.WebKit:Loading:4] 0x119088240 - [webProcessIdentifier=3] NetworkConnectionToWebProcess::scheduleResourceLoad: (parentPID=15116, pageProxyID=4, webPageID=5, frameID=4294967297, resourceID=930, existingLoaderToResume=0)
  41.291 [com.apple.WebKit:Loading:4] 0x119088240 - [webProcessIdentifier=3] NetworkConnectionToWebProcess::resolveBlobReferences: (parentPID=15116, pageProxyID=4, webPageID=5, frameID=4294967297, resourceID=930)
  41.301 [com.apple.WebKit:Loading:4] 0x119088240 - [webProcessIdentifier=3] NetworkConnectionToWebProcess::scheduleResourceLoad: (parentPID=15116, pageProxyID=4, webPageID=5, frameID=4294967297, resourceID=935, existingLoaderToResume=0)
  41.302 [com.apple.WebKit:Loading:4] 0x119088240 - [webProcessIdentifier=3] NetworkConnectionToWebProcess::resolveBlobReferences: (parentPID=15116, pageProxyID=4, webPageID=5, frameID=4294967297, resourceID=935)
  41.315 [com.apple.WebKit:Loading:4] 0x119088240 - [webProcessIdentifier=3] NetworkConnectionToWebProcess::scheduleResourceLoad: (parentPID=15116, pageProxyID=4, webPageID=5, frameID=4294967297, resourceID=936, existingLoaderToResume=0)
  41.315 [com.apple.WebKit:Loading:4] 0x119088240 - [webProcessIdentifier=3] NetworkConnectionToWebProcess::resolveBlobReferences: (parentPID=15116, pageProxyID=4, webPageID=5, frameID=4294967297, resourceID=936)
  41.330 [com.apple.WebKit:Loading:4] 0x119088240 - [webProcessIdentifier=3] NetworkConnectionToWebProcess::scheduleResourceLoad: (parentPID=15116, pageProxyID=4, webPageID=5, frameID=4294967297, resourceID=941, existingLoaderToResume=0)
  41.330 [com.apple.WebKit:Loading:4] 0x119088240 - [webProcessIdentifier=3] NetworkConnectionToWebProcess::resolveBlobReferences: (parentPID=15116, pageProxyID=4, webPageID=5, frameID=4294967297, resourceID=941)
  41.334 [com.apple.WebKit:Loading:4] 0x119088240 - [webProcessIdentifier=3] NetworkConnectionToWebProcess::scheduleResourceLoad: (parentPID=15116, pageProxyID=4, webPageID=5, frameID=4294967297, resourceID=942, existingLoaderToResume=0)
  41.334 [com.apple.WebKit:Loading:4] 0x119088240 - [webProcessIdentifier=3] NetworkConnectionToWebProcess::resolveBlobReferences: (parentPID=15116, pageProxyID=4, webPageID=5, frameID=4294967297, resourceID=942)
  41.337 [com.apple.WebKit:Loading:4] 0x119088240 - [webProcessIdentifier=3] NetworkConnectionToWebProcess::scheduleResourceLoad: (parentPID=15116, pageProxyID=4, webPageID=5, frameID=4294967297, resourceID=944, existingLoaderToResume=0)
  41.337 [com.apple.WebKit:Loading:4] 0x119088240 - [webProcessIdentifier=3] NetworkConnectionToWebProcess::resolveBlobReferences: (parentPID=15116, pageProxyID=4, webPageID=5, frameID=4294967297, resourceID=944)
  41.342 [com.apple.WebKit:Loading:4] 0x119088240 - [webProcessIdentifier=3] NetworkConnectionToWebProcess::scheduleResourceLoad: (parentPID=15116, pageProxyID=4, webPageID=5, frameID=4294967297, resourceID=949, existingLoaderToResume=0)
  41.342 [com.apple.WebKit:Loading:4] 0x119088240 - [webProcessIdentifier=3] NetworkConnectionToWebProcess::resolveBlobReferences: (parentPID=15116, pageProxyID=4, webPageID=5, frameID=4294967297, resourceID=949)
  41.357 [com.apple.WebKit:Loading:4] 0x119088240 - [webProcessIdentifier=3] NetworkConnectionToWebProcess::scheduleResourceLoad: (parentPID=15116, pageProxyID=4, webPageID=5, frameID=4294967297, resourceID=953, existingLoaderToResume=0)
  41.357 [com.apple.WebKit:Loading:4] 0x119088240 - [webProcessIdentifier=3] NetworkConnectionToWebProcess::resolveBlobReferences: (parentPID=15116, pageProxyID=4, webPageID=5, frameID=4294967297, resourceID=953)
  41.361 [com.apple.WebKit:Loading:4] 0x119088240 - [webProcessIdentifier=3] NetworkConnectionToWebProcess::scheduleResourceLoad: (parentPID=15116, pageProxyID=4, webPageID=5, frameID=4294967297, resourceID=955, existingLoaderToResume=0)
  41.361 [com.apple.WebKit:Loading:4] 0x119088240 - [webProcessIdentifier=3] NetworkConnectionToWebProcess::resolveBlobReferences: (parentPID=15116, pageProxyID=4, webPageID=5, frameID=4294967297, resourceID=955)
  41.365 [com.apple.WebKit:Loading:4] 0x119088240 - [webProcessIdentifier=3] NetworkConnectionToWebProcess::scheduleResourceLoad: (parentPID=15116, pageProxyID=4, webPageID=5, frameID=4294967297, resourceID=957, existingLoaderToResume=0)
  41.365 [com.apple.WebKit:Loading:4] 0x119088240 - [webProcessIdentifier=3] NetworkConnectionToWebProcess::resolveBlobReferences: (parentPID=15116, pageProxyID=4, webPageID=5, frameID=4294967297, resourceID=957)
  41.388 [com.apple.WebKit:Loading:4] 0x119088240 - [webProcessIdentifier=3] NetworkConnectionToWebProcess::scheduleResourceLoad: (parentPID=15116, pageProxyID=4, webPageID=5, frameID=4294967297, resourceID=962, existingLoaderToResume=0)
  41.389 [com.apple.WebKit:Loading:4] 0x119088240 - [webProcessIdentifier=3] NetworkConnectionToWebProcess::resolveBlobReferences: (parentPID=15116, pageProxyID=4, webPageID=5, frameID=4294967297, resourceID=962)
  41.393 [com.apple.WebKit:Loading:4] 0x119088240 - [webProcessIdentifier=3] NetworkConnectionToWebProcess::scheduleResourceLoad: (parentPID=15116, pageProxyID=4, webPageID=5, frameID=4294967297, resourceID=963, existingLoaderToResume=0)
  41.393 [com.apple.WebKit:Loading:4] 0x119088240 - [webProcessIdentifier=3] NetworkConnectionToWebProcess::resolveBlobReferences: (parentPID=15116, pageProxyID=4, webPageID=5, frameID=4294967297, resourceID=963)
  41.398 [com.apple.WebKit:Loading:4] 0x119088240 - [webProcessIdentifier=3] NetworkConnectionToWebProcess::scheduleResourceLoad: (parentPID=15116, pageProxyID=4, webPageID=5, frameID=4294967297, resourceID=967, existingLoaderToResume=0)
  41.398 [com.apple.WebKit:Loading:4] 0x119088240 - [webProcessIdentifier=3] NetworkConnectionToWebProcess::resolveBlobReferences: (parentPID=15116, pageProxyID=4, webPageID=5, frameID=4294967297, resourceID=967)
  41.410 [com.apple.WebKit:Loading:4] 0x119088240 - [webProcessIdentifier=3] NetworkConnectionToWebProcess::scheduleResourceLoad: (parentPID=15116, pageProxyID=4, webPageID=5, frameID=4294967297, resourceID=971, existingLoaderToResume=0)
  41.410 [com.apple.WebKit:Loading:4] 0x119088240 - [webProcessIdentifier=3] NetworkConnectionToWebProcess::resolveBlobReferences: (parentPID=15116, pageProxyID=4, webPageID=5, frameID=4294967297, resourceID=971)
  41.433 [com.apple.WebKit:Loading:4] 0x119088240 - [webProcessIdentifier=3] NetworkConnectionToWebProcess::scheduleResourceLoad: (parentPID=15116, pageProxyID=4, webPageID=5, frameID=4294967297, resourceID=974, existingLoaderToResume=0)
  41.433 [com.apple.WebKit:Loading:4] 0x119088240 - [webProcessIdentifier=3] NetworkConnectionToWebProcess::resolveBlobReferences: (parentPID=15116, pageProxyID=4, webPageID=5, frameID=4294967297, resourceID=974)
  41.437 [com.apple.WebKit:Loading:4] 0x119088240 - [webProcessIdentifier=3] NetworkConnectionToWebProcess::scheduleResourceLoad: (parentPID=15116, pageProxyID=4, webPageID=5, frameID=4294967297, resourceID=975, existingLoaderToResume=0)
  41.437 [com.apple.WebKit:Loading:4] 0x119088240 - [webProcessIdentifier=3] NetworkConnectionToWebProcess::resolveBlobReferences: (parentPID=15116, pageProxyID=4, webPageID=5, frameID=4294967297, resourceID=975)
  41.443 [com.apple.WebKit:Loading:4] 0x119088240 - [webProcessIdentifier=3] NetworkConnectionToWebProcess::scheduleResourceLoad: (parentPID=15116, pageProxyID=4, webPageID=5, frameID=4294967297, resourceID=979, existingLoaderToResume=0)
  41.443 [com.apple.WebKit:Loading:4] 0x119088240 - [webProcessIdentifier=3] NetworkConnectionToWebProcess::resolveBlobReferences: (parentPID=15116, pageProxyID=4, webPageID=5, frameID=4294967297, resourceID=979)
  41.455 [com.apple.WebKit:Loading:4] 0x119088240 - [webProcessIdentifier=3] NetworkConnectionToWebProcess::scheduleResourceLoad: (parentPID=15116, pageProxyID=4, webPageID=5, frameID=4294967297, resourceID=983, existingLoaderToResume=0)
  41.455 [com.apple.WebKit:Loading:4] 0x119088240 - [webProcessIdentifier=3] NetworkConnectionToWebProcess::resolveBlobReferences: (parentPID=15116, pageProxyID=4, webPageID=5, frameID=4294967297, resourceID=983)
  41.462 [com.apple.WebKit:Loading:4] 0x119088240 - [webProcessIdentifier=3] NetworkConnectionToWebProcess::scheduleResourceLoad: (parentPID=15116, pageProxyID=4, webPageID=5, frameID=4294967297, resourceID=986, existingLoaderToResume=0)
  41.462 [com.apple.WebKit:Loading:4] 0x119088240 - [webProcessIdentifier=3] NetworkConnectionToWebProcess::resolveBlobReferences: (parentPID=15116, pageProxyID=4, webPageID=5, frameID=4294967297, resourceID=986)
  41.469 [com.apple.WebKit:Loading:4] 0x119088240 - [webProcessIdentifier=3] NetworkConnectionToWebProcess::scheduleResourceLoad: (parentPID=15116, pageProxyID=4, webPageID=5, frameID=4294967297, resourceID=989, existingLoaderToResume=0)
  41.469 [com.apple.WebKit:Loading:4] 0x119088240 - [webProcessIdentifier=3] NetworkConnectionToWebProcess::resolveBlobReferences: (parentPID=15116, pageProxyID=4, webPageID=5, frameID=4294967297, resourceID=989)
  41.474 [com.apple.WebKit:Loading:4] 0x119088240 - [webProcessIdentifier=3] NetworkConnectionToWebProcess::scheduleResourceLoad: (parentPID=15116, pageProxyID=4, webPageID=5, frameID=4294967297, resourceID=991, existingLoaderToResume=0)
  41.474 [com.apple.WebKit:Loading:4] 0x119088240 - [webProcessIdentifier=3] NetworkConnectionToWebProcess::resolveBlobReferences: (parentPID=15116, pageProxyID=4, webPageID=5, frameID=4294967297, resourceID=991)
  41.477 [com.apple.WebKit:Loading:4] 0x119088240 - [webProcessIdentifier=3] NetworkConnectionToWebProcess::scheduleResourceLoad: (parentPID=15116, pageProxyID=4, webPageID=5, frameID=4294967297, resourceID=993, existingLoaderToResume=0)
  41.477 [com.apple.WebKit:Loading:4] 0x119088240 - [webProcessIdentifier=3] NetworkConnectionToWebProcess::resolveBlobReferences: (parentPID=15116, pageProxyID=4, webPageID=5, frameID=4294967297, resourceID=993)
  41.506 [com.apple.WebKit:Loading:4] 0x119088240 - [webProcessIdentifier=3] NetworkConnectionToWebProcess::scheduleResourceLoad: (parentPID=15116, pageProxyID=4, webPageID=5, frameID=4294967297, resourceID=998, existingLoaderToResume=0)
  41.506 [com.apple.WebKit:Loading:4] 0x119088240 - [webProcessIdentifier=3] NetworkConnectionToWebProcess::resolveBlobReferences: (parentPID=15116, pageProxyID=4, webPageID=5, frameID=4294967297, resourceID=998)
  41.519 [com.apple.WebKit:Loading:4] 0x119088240 - [webProcessIdentifier=3] NetworkConnectionToWebProcess::scheduleResourceLoad: (parentPID=15116, pageProxyID=4, webPageID=5, frameID=4294967297, resourceID=1001, existingLoaderToResume=0)
  41.519 [com.apple.WebKit:Loading:4] 0x119088240 - [webProcessIdentifier=3] NetworkConnectionToWebProcess::resolveBlobReferences: (parentPID=15116, pageProxyID=4, webPageID=5, frameID=4294967297, resourceID=1001)
  41.524 [com.apple.WebKit:Loading:4] 0x119088240 - [webProcessIdentifier=3] NetworkConnectionToWebProcess::scheduleResourceLoad: (parentPID=15116, pageProxyID=4, webPageID=5, frameID=4294967297, resourceID=1002, existingLoaderToResume=0)
  41.524 [com.apple.WebKit:Loading:4] 0x119088240 - [webProcessIdentifier=3] NetworkConnectionToWebProcess::resolveBlobReferences: (parentPID=15116, pageProxyID=4, webPageID=5, frameID=4294967297, resourceID=1002)
  41.527 [com.apple.WebKit:Loading:4] 0x119088240 - [webProcessIdentifier=3] NetworkConnectionToWebProcess::scheduleResourceLoad: (parentPID=15116, pageProxyID=4, webPageID=5, frameID=4294967297, resourceID=1005, existingLoaderToResume=0)
  41.527 [com.apple.WebKit:Loading:4] 0x119088240 - [webProcessIdentifier=3] NetworkConnectionToWebProcess::resolveBlobReferences: (parentPID=15116, pageProxyID=4, webPageID=5, frameID=4294967297, resourceID=1005)
  41.529 [com.apple.WebKit:Loading:4] 0x119088240 - [webProcessIdentifier=3] NetworkConnectionToWebProcess::scheduleResourceLoad: (parentPID=15116, pageProxyID=4, webPageID=5, frameID=4294967297, resourceID=1007, existingLoaderToResume=0)
  41.529 [com.apple.WebKit:Loading:4] 0x119088240 - [webProcessIdentifier=3] NetworkConnectionToWebProcess::resolveBlobReferences: (parentPID=15116, pageProxyID=4, webPageID=5, frameID=4294967297, resourceID=1007)
  41.532 [com.apple.WebKit:Loading:4] 0x119088240 - [webProcessIdentifier=3] NetworkConnectionToWebProcess::scheduleResourceLoad: (parentPID=15116, pageProxyID=4, webPageID=5, frameID=4294967297, resourceID=1009, existingLoaderToResume=0)
  41.532 [com.apple.WebKit:Loading:4] 0x119088240 - [webProcessIdentifier=3] NetworkConnectionToWebProcess::resolveBlobReferences: (parentPID=15116, pageProxyID=4, webPageID=5, frameID=4294967297, resourceID=1009)
  41.538 [com.apple.WebKit:Loading:4] 0x119088240 - [webProcessIdentifier=3] NetworkConnectionToWebProcess::scheduleResourceLoad: (parentPID=15116, pageProxyID=4, webPageID=5, frameID=4294967297, resourceID=1014, existingLoaderToResume=0)
  41.538 [com.apple.WebKit:Loading:4] 0x119088240 - [webProcessIdentifier=3] NetworkConnectionToWebProcess::resolveBlobReferences: (parentPID=15116, pageProxyID=4, webPageID=5, frameID=4294967297, resourceID=1014)
  41.571 [com.apple.WebKit:Loading:4] 0x119088240 - [webProcessIdentifier=3] NetworkConnectionToWebProcess::scheduleResourceLoad: (parentPID=15116, pageProxyID=4, webPageID=5, frameID=4294967297, resourceID=1019, existingLoaderToResume=0)
  41.571 [com.apple.WebKit:Loading:4] 0x119088240 - [webProcessIdentifier=3] NetworkConnectionToWebProcess::resolveBlobReferences: (parentPID=15116, pageProxyID=4, webPageID=5, frameID=4294967297, resourceID=1019)
  41.582 [com.apple.WebKit:Loading:4] 0x119088240 - [webProcessIdentifier=3] NetworkConnectionToWebProcess::scheduleResourceLoad: (parentPID=15116, pageProxyID=4, webPageID=5, frameID=4294967297, resourceID=1022, existingLoaderToResume=0)
  41.582 [com.apple.WebKit:Loading:4] 0x119088240 - [webProcessIdentifier=3] NetworkConnectionToWebProcess::resolveBlobReferences: (parentPID=15116, pageProxyID=4, webPageID=5, frameID=4294967297, resourceID=1022)
  41.605 [com.apple.WebKit:Loading:4] 0x119088240 - [webProcessIdentifier=3] NetworkConnectionToWebProcess::scheduleResourceLoad: (parentPID=15116, pageProxyID=4, webPageID=5, frameID=4294967297, resourceID=1025, existingLoaderToResume=0)
  41.606 [com.apple.WebKit:Loading:4] 0x119088240 - [webProcessIdentifier=3] NetworkConnectionToWebProcess::resolveBlobReferences: (parentPID=15116, pageProxyID=4, webPageID=5, frameID=4294967297, resourceID=1025)
  41.608 [com.apple.WebKit:Loading:4] 0x119088240 - [webProcessIdentifier=3] NetworkConnectionToWebProcess::scheduleResourceLoad: (parentPID=15116, pageProxyID=4, webPageID=5, frameID=4294967297, resourceID=1026, existingLoaderToResume=0)
  41.608 [com.apple.WebKit:Loading:4] 0x119088240 - [webProcessIdentifier=3] NetworkConnectionToWebProcess::resolveBlobReferences: (parentPID=15116, pageProxyID=4, webPageID=5, frameID=4294967297, resourceID=1026)
  41.610 [com.apple.WebKit:Loading:4] 0x119088240 - [webProcessIdentifier=3] NetworkConnectionToWebProcess::scheduleResourceLoad: (parentPID=15116, pageProxyID=4, webPageID=5, frameID=4294967297, resourceID=1028, existingLoaderToResume=0)
  41.610 [com.apple.WebKit:Loading:4] 0x119088240 - [webProcessIdentifier=3] NetworkConnectionToWebProcess::resolveBlobReferences: (parentPID=15116, pageProxyID=4, webPageID=5, frameID=4294967297, resourceID=1028)
  41.698 [com.apple.WebKit:Loading:4] 0x119088240 - [webProcessIdentifier=3] NetworkConnectionToWebProcess::scheduleResourceLoad: (parentPID=15116, pageProxyID=4, webPageID=5, frameID=4294967297, resourceID=1034, existingLoaderToResume=0)
  41.698 [com.apple.WebKit:Loading:4] 0x119088240 - [webProcessIdentifier=3] NetworkConnectionToWebProcess::resolveBlobReferences: (parentPID=15116, pageProxyID=4, webPageID=5, frameID=4294967297, resourceID=1034)
  41.701 [com.apple.WebKit:Loading:4] 0x119088240 - [webProcessIdentifier=3] NetworkConnectionToWebProcess::scheduleResourceLoad: (parentPID=15116, pageProxyID=4, webPageID=5, frameID=4294967297, resourceID=1035, existingLoaderToResume=0)
  41.701 [com.apple.WebKit:Loading:4] 0x119088240 - [webProcessIdentifier=3] NetworkConnectionToWebProcess::resolveBlobReferences: (parentPID=15116, pageProxyID=4, webPageID=5, frameID=4294967297, resourceID=1035)
  41.705 [com.apple.WebKit:Loading:4] 0x119088240 - [webProcessIdentifier=3] NetworkConnectionToWebProcess::scheduleResourceLoad: (parentPID=15116, pageProxyID=4, webPageID=5, frameID=4294967297, resourceID=1037, existingLoaderToResume=0)
  41.705 [com.apple.WebKit:Loading:4] 0x119088240 - [webProcessIdentifier=3] NetworkConnectionToWebProcess::resolveBlobReferences: (parentPID=15116, pageProxyID=4, webPageID=5, frameID=4294967297, resourceID=1037)
  41.712 [com.apple.WebKit:Loading:4] 0x119088240 - [webProcessIdentifier=3] NetworkConnectionToWebProcess::scheduleResourceLoad: (parentPID=15116, pageProxyID=4, webPageID=5, frameID=4294967297, resourceID=1043, existingLoaderToResume=0)
  41.712 [com.apple.WebKit:Loading:4] 0x119088240 - [webProcessIdentifier=3] NetworkConnectionToWebProcess::resolveBlobReferences: (parentPID=15116, pageProxyID=4, webPageID=5, frameID=4294967297, resourceID=1043)
  41.724 [com.apple.WebKit:Loading:4] 0x119088240 - [webProcessIdentifier=3] NetworkConnectionToWebProcess::scheduleResourceLoad: (parentPID=15116, pageProxyID=4, webPageID=5, frameID=4294967297, resourceID=1046, existingLoaderToResume=0)
  41.724 [com.apple.WebKit:Loading:4] 0x119088240 - [webProcessIdentifier=3] NetworkConnectionToWebProcess::resolveBlobReferences: (parentPID=15116, pageProxyID=4, webPageID=5, frameID=4294967297, resourceID=1046)
  41.740 [com.apple.WebKit:Loading:4] 0x119088240 - [webProcessIdentifier=3] NetworkConnectionToWebProcess::scheduleResourceLoad: (parentPID=15116, pageProxyID=4, webPageID=5, frameID=4294967297, resourceID=1049, existingLoaderToResume=0)
  41.740 [com.apple.WebKit:Loading:4] 0x119088240 - [webProcessIdentifier=3] NetworkConnectionToWebProcess::resolveBlobReferences: (parentPID=15116, pageProxyID=4, webPageID=5, frameID=4294967297, resourceID=1049)
  41.749 [com.apple.WebKit:Loading:4] 0x119088240 - [webProcessIdentifier=3] NetworkConnectionToWebProcess::scheduleResourceLoad: (parentPID=15116, pageProxyID=4, webPageID=5, frameID=4294967297, resourceID=1052, existingLoaderToResume=0)
  41.749 [com.apple.WebKit:Loading:4] 0x119088240 - [webProcessIdentifier=3] NetworkConnectionToWebProcess::resolveBlobReferences: (parentPID=15116, pageProxyID=4, webPageID=5, frameID=4294967297, resourceID=1052)
  41.755 [com.apple.WebKit:Loading:4] 0x119088240 - [webProcessIdentifier=3] NetworkConnectionToWebProcess::scheduleResourceLoad: (parentPID=15116, pageProxyID=4, webPageID=5, frameID=4294967297, resourceID=1053, existingLoaderToResume=0)
  41.755 [com.apple.WebKit:Loading:4] 0x119088240 - [webProcessIdentifier=3] NetworkConnectionToWebProcess::resolveBlobReferences: (parentPID=15116, pageProxyID=4, webPageID=5, frameID=4294967297, resourceID=1053)
  41.758 [com.apple.WebKit:Loading:4] 0x119088240 - [webProcessIdentifier=3] NetworkConnectionToWebProcess::scheduleResourceLoad: (parentPID=15116, pageProxyID=4, webPageID=5, frameID=4294967297, resourceID=1057, existingLoaderToResume=0)
  41.758 [com.apple.WebKit:Loading:4] 0x119088240 - [webProcessIdentifier=3] NetworkConnectionToWebProcess::resolveBlobReferences: (parentPID=15116, pageProxyID=4, webPageID=5, frameID=4294967297, resourceID=1057)
  41.762 [com.apple.WebKit:Loading:4] 0x119088240 - [webProcessIdentifier=3] NetworkConnectionToWebProcess::scheduleResourceLoad: (parentPID=15116, pageProxyID=4, webPageID=5, frameID=4294967297, resourceID=1060, existingLoaderToResume=0)
  41.762 [com.apple.WebKit:Loading:4] 0x119088240 - [webProcessIdentifier=3] NetworkConnectionToWebProcess::resolveBlobReferences: (parentPID=15116, pageProxyID=4, webPageID=5, frameID=4294967297, resourceID=1060)
  41.765 [com.apple.WebKit:Loading:4] 0x119088240 - [webProcessIdentifier=3] NetworkConnectionToWebProcess::scheduleResourceLoad: (parentPID=15116, pageProxyID=4, webPageID=5, frameID=4294967297, resourceID=1063, existingLoaderToResume=0)
  41.765 [com.apple.WebKit:Loading:4] 0x119088240 - [webProcessIdentifier=3] NetworkConnectionToWebProcess::resolveBlobReferences: (parentPID=15116, pageProxyID=4, webPageID=5, frameID=4294967297, resourceID=1063)
  41.779 [com.apple.WebKit:Loading:4] 0x119088240 - [webProcessIdentifier=3] NetworkConnectionToWebProcess::scheduleResourceLoad: (parentPID=15116, pageProxyID=4, webPageID=5, frameID=4294967297, resourceID=1066, existingLoaderToResume=0)
  41.779 [com.apple.WebKit:Loading:4] 0x119088240 - [webProcessIdentifier=3] NetworkConnectionToWebProcess::resolveBlobReferences: (parentPID=15116, pageProxyID=4, webPageID=5, frameID=4294967297, resourceID=1066)
  41.792 [com.apple.WebKit:Loading:4] 0x119088240 - [webProcessIdentifier=3] NetworkConnectionToWebProcess::scheduleResourceLoad: (parentPID=15116, pageProxyID=4, webPageID=5, frameID=4294967297, resourceID=1070, existingLoaderToResume=0)
  41.792 [com.apple.WebKit:Loading:4] 0x119088240 - [webProcessIdentifier=3] NetworkConnectionToWebProcess::resolveBlobReferences: (parentPID=15116, pageProxyID=4, webPageID=5, frameID=4294967297, resourceID=1070)
  41.801 [com.apple.WebKit:Loading:4] 0x119088240 - [webProcessIdentifier=3] NetworkConnectionToWebProcess::scheduleResourceLoad: (parentPID=15116, pageProxyID=4, webPageID=5, frameID=4294967297, resourceID=1072, existingLoaderToResume=0)
  41.801 [com.apple.WebKit:Loading:4] 0x119088240 - [webProcessIdentifier=3] NetworkConnectionToWebProcess::resolveBlobReferences: (parentPID=15116, pageProxyID=4, webPageID=5, frameID=4294967297, resourceID=1072)
  41.803 [com.apple.WebKit:Loading:4] 0x119088240 - [webProcessIdentifier=3] NetworkConnectionToWebProcess::scheduleResourceLoad: (parentPID=15116, pageProxyID=4, webPageID=5, frameID=4294967297, resourceID=1074, existingLoaderToResume=0)
  41.803 [com.apple.WebKit:Loading:4] 0x119088240 - [webProcessIdentifier=3] NetworkConnectionToWebProcess::resolveBlobReferences: (parentPID=15116, pageProxyID=4, webPageID=5, frameID=4294967297, resourceID=1074)
  41.806 [com.apple.WebKit:Loading:4] 0x119088240 - [webProcessIdentifier=3] NetworkConnectionToWebProcess::scheduleResourceLoad: (parentPID=15116, pageProxyID=4, webPageID=5, frameID=4294967297, resourceID=1077, existingLoaderToResume=0)
  41.807 [com.apple.WebKit:Loading:4] 0x119088240 - [webProcessIdentifier=3] NetworkConnectionToWebProcess::resolveBlobReferences: (parentPID=15116, pageProxyID=4, webPageID=5, frameID=4294967297, resourceID=1077)
  41.810 [com.apple.WebKit:Loading:4] 0x119088240 - [webProcessIdentifier=3] NetworkConnectionToWebProcess::scheduleResourceLoad: (parentPID=15116, pageProxyID=4, webPageID=5, frameID=4294967297, resourceID=1081, existingLoaderToResume=0)
  41.810 [com.apple.WebKit:Loading:4] 0x119088240 - [webProcessIdentifier=3] NetworkConnectionToWebProcess::resolveBlobReferences: (parentPID=15116, pageProxyID=4, webPageID=5, frameID=4294967297, resourceID=1081)
  41.820 [com.apple.WebKit:Loading:4] 0x119088240 - [webProcessIdentifier=3] NetworkConnectionToWebProcess::scheduleResourceLoad: (parentPID=15116, pageProxyID=4, webPageID=5, frameID=4294967297, resourceID=1085, existingLoaderToResume=0)
  41.820 [com.apple.WebKit:Loading:4] 0x119088240 - [webProcessIdentifier=3] NetworkConnectionToWebProcess::resolveBlobReferences: (parentPID=15116, pageProxyID=4, webPageID=5, frameID=4294967297, resourceID=1085)
  41.825 [com.apple.WebKit:Loading:4] 0x119088240 - [webProcessIdentifier=3] NetworkConnectionToWebProcess::scheduleResourceLoad: (parentPID=15116, pageProxyID=4, webPageID=5, frameID=4294967297, resourceID=1087, existingLoaderToResume=0)
  41.825 [com.apple.WebKit:Loading:4] 0x119088240 - [webProcessIdentifier=3] NetworkConnectionToWebProcess::resolveBlobReferences: (parentPID=15116, pageProxyID=4, webPageID=5, frameID=4294967297, resourceID=1087)
  41.828 [com.apple.WebKit:Loading:4] 0x119088240 - [webProcessIdentifier=3] NetworkConnectionToWebProcess::scheduleResourceLoad: (parentPID=15116, pageProxyID=4, webPageID=5, frameID=4294967297, resourceID=1089, existingLoaderToResume=0)
  41.828 [com.apple.WebKit:Loading:4] 0x119088240 - [webProcessIdentifier=3] NetworkConnectionToWebProcess::resolveBlobReferences: (parentPID=15116, pageProxyID=4, webPageID=5, frameID=4294967297, resourceID=1089)
  41.832 [com.apple.WebKit:Loading:4] 0x119088240 - [webProcessIdentifier=3] NetworkConnectionToWebProcess::scheduleResourceLoad: (parentPID=15116, pageProxyID=4, webPageID=5, frameID=4294967297, resourceID=1094, existingLoaderToResume=0)
  41.833 [com.apple.WebKit:Loading:4] 0x119088240 - [webProcessIdentifier=3] NetworkConnectionToWebProcess::resolveBlobReferences: (parentPID=15116, pageProxyID=4, webPageID=5, frameID=4294967297, resourceID=1094)
  41.839 [com.apple.WebKit:Loading:4] 0x119088240 - [webProcessIdentifier=3] NetworkConnectionToWebProcess::scheduleResourceLoad: (parentPID=15116, pageProxyID=4, webPageID=5, frameID=4294967297, resourceID=1096, existingLoaderToResume=0)
  41.839 [com.apple.WebKit:Loading:4] 0x119088240 - [webProcessIdentifier=3] NetworkConnectionToWebProcess::resolveBlobReferences: (parentPID=15116, pageProxyID=4, webPageID=5, frameID=4294967297, resourceID=1096)
  41.928 [com.apple.WebKit:Loading:4] 0x119088240 - [webProcessIdentifier=3] NetworkConnectionToWebProcess::scheduleResourceLoad: (parentPID=15116, pageProxyID=4, webPageID=5, frameID=4294967297, resourceID=1100, existingLoaderToResume=0)
  41.928 [com.apple.WebKit:Loading:4] 0x119088240 - [webProcessIdentifier=3] NetworkConnectionToWebProcess::resolveBlobReferences: (parentPID=15116, pageProxyID=4, webPageID=5, frameID=4294967297, resourceID=1100)
  41.931 [com.apple.WebKit:Loading:4] 0x119088240 - [webProcessIdentifier=3] NetworkConnectionToWebProcess::scheduleResourceLoad: (parentPID=15116, pageProxyID=4, webPageID=5, frameID=4294967297, resourceID=1101, existingLoaderToResume=0)
  41.931 [com.apple.WebKit:Loading:4] 0x119088240 - [webProcessIdentifier=3] NetworkConnectionToWebProcess::resolveBlobReferences: (parentPID=15116, pageProxyID=4, webPageID=5, frameID=4294967297, resourceID=1101)
  41.942 [com.apple.WebKit:Loading:4] 0x119088240 - [webProcessIdentifier=3] NetworkConnectionToWebProcess::scheduleResourceLoad: (parentPID=15116, pageProxyID=4, webPageID=5, frameID=4294967297, resourceID=1106, existingLoaderToResume=0)
  41.942 [com.apple.WebKit:Loading:4] 0x119088240 - [webProcessIdentifier=3] NetworkConnectionToWebProcess::resolveBlobReferences: (parentPID=15116, pageProxyID=4, webPageID=5, frameID=4294967297, resourceID=1106)
  41.946 [com.apple.WebKit:Loading:4] 0x119088240 - [webProcessIdentifier=3] NetworkConnectionToWebProcess::scheduleResourceLoad: (parentPID=15116, pageProxyID=4, webPageID=5, frameID=4294967297, resourceID=1108, existingLoaderToResume=0)
  41.946 [com.apple.WebKit:Loading:4] 0x119088240 - [webProcessIdentifier=3] NetworkConnectionToWebProcess::resolveBlobReferences: (parentPID=15116, pageProxyID=4, webPageID=5, frameID=4294967297, resourceID=1108)
  41.959 [com.apple.WebKit:Loading:4] 0x119088240 - [webProcessIdentifier=3] NetworkConnectionToWebProcess::scheduleResourceLoad: (parentPID=15116, pageProxyID=4, webPageID=5, frameID=4294967297, resourceID=1112, existingLoaderToResume=0)
  41.959 [com.apple.WebKit:Loading:4] 0x119088240 - [webProcessIdentifier=3] NetworkConnectionToWebProcess::resolveBlobReferences: (parentPID=15116, pageProxyID=4, webPageID=5, frameID=4294967297, resourceID=1112)
  41.962 [com.apple.WebKit:Loading:4] 0x119088240 - [webProcessIdentifier=3] NetworkConnectionToWebProcess::scheduleResourceLoad: (parentPID=15116, pageProxyID=4, webPageID=5, frameID=4294967297, resourceID=1113, existingLoaderToResume=0)
  41.962 [com.apple.WebKit:Loading:4] 0x119088240 - [webProcessIdentifier=3] NetworkConnectionToWebProcess::resolveBlobReferences: (parentPID=15116, pageProxyID=4, webPageID=5, frameID=4294967297, resourceID=1113)
  41.972 [com.apple.WebKit:Loading:4] 0x119088240 - [webProcessIdentifier=3] NetworkConnectionToWebProcess::scheduleResourceLoad: (parentPID=15116, pageProxyID=4, webPageID=5, frameID=4294967297, resourceID=1118, existingLoaderToResume=0)
  41.972 [com.apple.WebKit:Loading:4] 0x119088240 - [webProcessIdentifier=3] NetworkConnectionToWebProcess::resolveBlobReferences: (parentPID=15116, pageProxyID=4, webPageID=5, frameID=4294967297, resourceID=1118)
  41.976 [com.apple.WebKit:Loading:4] 0x119088240 - [webProcessIdentifier=3] NetworkConnectionToWebProcess::scheduleResourceLoad: (parentPID=15116, pageProxyID=4, webPageID=5, frameID=4294967297, resourceID=1121, existingLoaderToResume=0)
  41.977 [com.apple.WebKit:Loading:4] 0x119088240 - [webProcessIdentifier=3] NetworkConnectionToWebProcess::resolveBlobReferences: (parentPID=15116, pageProxyID=4, webPageID=5, frameID=4294967297, resourceID=1121)
  41.982 [com.apple.WebKit:Loading:4] 0x119088240 - [webProcessIdentifier=3] NetworkConnectionToWebProcess::scheduleResourceLoad: (parentPID=15116, pageProxyID=4, webPageID=5, frameID=4294967297, resourceID=1124, existingLoaderToResume=0)
  41.982 [com.apple.WebKit:Loading:4] 0x119088240 - [webProcessIdentifier=3] NetworkConnectionToWebProcess::resolveBlobReferences: (parentPID=15116, pageProxyID=4, webPageID=5, frameID=4294967297, resourceID=1124)
  41.987 [com.apple.WebKit:Loading:4] 0x119088240 - [webProcessIdentifier=3] NetworkConnectionToWebProcess::scheduleResourceLoad: (parentPID=15116, pageProxyID=4, webPageID=5, frameID=4294967297, resourceID=1126, existingLoaderToResume=0)
  41.987 [com.apple.WebKit:Loading:4] 0x119088240 - [webProcessIdentifier=3] NetworkConnectionToWebProcess::resolveBlobReferences: (parentPID=15116, pageProxyID=4, webPageID=5, frameID=4294967297, resourceID=1126)
  41.992 [com.apple.WebKit:Loading:4] 0x119088240 - [webProcessIdentifier=3] NetworkConnectionToWebProcess::scheduleResourceLoad: (parentPID=15116, pageProxyID=4, webPageID=5, frameID=4294967297, resourceID=1130, existingLoaderToResume=0)
  41.992 [com.apple.WebKit:Loading:4] 0x119088240 - [webProcessIdentifier=3] NetworkConnectionToWebProcess::resolveBlobReferences: (parentPID=15116, pageProxyID=4, webPageID=5, frameID=4294967297, resourceID=1130)
  41.997 [com.apple.WebKit:Loading:4] 0x119088240 - [webProcessIdentifier=3] NetworkConnectionToWebProcess::scheduleResourceLoad: (parentPID=15116, pageProxyID=4, webPageID=5, frameID=4294967297, resourceID=1132, existingLoaderToResume=0)
  41.997 [com.apple.WebKit:Loading:4] 0x119088240 - [webProcessIdentifier=3] NetworkConnectionToWebProcess::resolveBlobReferences: (parentPID=15116, pageProxyID=4, webPageID=5, frameID=4294967297, resourceID=1132)
  42.005 [com.apple.WebKit:Loading:4] 0x119088240 - [webProcessIdentifier=3] NetworkConnectionToWebProcess::scheduleResourceLoad: (parentPID=15116, pageProxyID=4, webPageID=5, frameID=4294967297, resourceID=1136, existingLoaderToResume=0)
  42.006 [com.apple.WebKit:Loading:4] 0x119088240 - [webProcessIdentifier=3] NetworkConnectionToWebProcess::resolveBlobReferences: (parentPID=15116, pageProxyID=4, webPageID=5, frameID=4294967297, resourceID=1136)
  42.010 [com.apple.WebKit:Loading:4] 0x119088240 - [webProcessIdentifier=3] NetworkConnectionToWebProcess::scheduleResourceLoad: (parentPID=15116, pageProxyID=4, webPageID=5, frameID=4294967297, resourceID=1138, existingLoaderToResume=0)
  42.010 [com.apple.WebKit:Loading:4] 0x119088240 - [webProcessIdentifier=3] NetworkConnectionToWebProcess::resolveBlobReferences: (parentPID=15116, pageProxyID=4, webPageID=5, frameID=4294967297, resourceID=1138)
  42.019 [com.apple.WebKit:Loading:4] 0x119088240 - [webProcessIdentifier=3] NetworkConnectionToWebProcess::scheduleResourceLoad: (parentPID=15116, pageProxyID=4, webPageID=5, frameID=4294967297, resourceID=1142, existingLoaderToResume=0)
  42.019 [com.apple.WebKit:Loading:4] 0x119088240 - [webProcessIdentifier=3] NetworkConnectionToWebProcess::resolveBlobReferences: (parentPID=15116, pageProxyID=4, webPageID=5, frameID=4294967297, resourceID=1142)
  42.024 [com.apple.WebKit:Loading:4] 0x119088240 - [webProcessIdentifier=3] NetworkConnectionToWebProcess::scheduleResourceLoad: (parentPID=15116, pageProxyID=4, webPageID=5, frameID=4294967297, resourceID=1145, existingLoaderToResume=0)
  42.024 [com.apple.WebKit:Loading:4] 0x119088240 - [webProcessIdentifier=3] NetworkConnectionToWebProcess::resolveBlobReferences: (parentPID=15116, pageProxyID=4, webPageID=5, frameID=4294967297, resourceID=1145)
  42.027 [com.apple.WebKit:Loading:4] 0x119088240 - [webProcessIdentifier=3] NetworkConnectionToWebProcess::scheduleResourceLoad: (parentPID=15116, pageProxyID=4, webPageID=5, frameID=4294967297, resourceID=1146, existingLoaderToResume=0)
  42.027 [com.apple.WebKit:Loading:4] 0x119088240 - [webProcessIdentifier=3] NetworkConnectionToWebProcess::resolveBlobReferences: (parentPID=15116, pageProxyID=4, webPageID=5, frameID=4294967297, resourceID=1146)
  42.048 [com.apple.WebKit:Loading:4] 0x119088240 - [webProcessIdentifier=3] NetworkConnectionToWebProcess::scheduleResourceLoad: (parentPID=15116, pageProxyID=4, webPageID=5, frameID=4294967297, resourceID=1151, existingLoaderToResume=0)
  42.048 [com.apple.WebKit:Loading:4] 0x119088240 - [webProcessIdentifier=3] NetworkConnectionToWebProcess::resolveBlobReferences: (parentPID=15116, pageProxyID=4, webPageID=5, frameID=4294967297, resourceID=1151)
  42.088 [com.apple.WebKit:Loading:4] 0x119088240 - [webProcessIdentifier=3] NetworkConnectionToWebProcess::scheduleResourceLoad: (parentPID=15116, pageProxyID=4, webPageID=5, frameID=4294967297, resourceID=1154, existingLoaderToResume=0)
  42.088 [com.apple.WebKit:Loading:4] 0x119088240 - [webProcessIdentifier=3] NetworkConnectionToWebProcess::resolveBlobReferences: (parentPID=15116, pageProxyID=4, webPageID=5, frameID=4294967297, resourceID=1154)
  42.095 [com.apple.WebKit:Loading:4] 0x119088240 - [webProcessIdentifier=3] NetworkConnectionToWebProcess::scheduleResourceLoad: (parentPID=15116, pageProxyID=4, webPageID=5, frameID=4294967297, resourceID=1157, existingLoaderToResume=0)
  42.095 [com.apple.WebKit:Loading:4] 0x119088240 - [webProcessIdentifier=3] NetworkConnectionToWebProcess::resolveBlobReferences: (parentPID=15116, pageProxyID=4, webPageID=5, frameID=4294967297, resourceID=1157)
  42.099 [com.apple.WebKit:Loading:4] 0x119088240 - [webProcessIdentifier=3] NetworkConnectionToWebProcess::scheduleResourceLoad: (parentPID=15116, pageProxyID=4, webPageID=5, frameID=4294967297, resourceID=1158, existingLoaderToResume=0)
  42.099 [com.apple.WebKit:Loading:4] 0x119088240 - [webProcessIdentifier=3] NetworkConnectionToWebProcess::resolveBlobReferences: (parentPID=15116, pageProxyID=4, webPageID=5, frameID=4294967297, resourceID=1158)
  42.109 [com.apple.WebKit:Loading:4] 0x119088240 - [webProcessIdentifier=3] NetworkConnectionToWebProcess::scheduleResourceLoad: (parentPID=15116, pageProxyID=4, webPageID=5, frameID=4294967297, resourceID=1163, existingLoaderToResume=0)
  42.109 [com.apple.WebKit:Loading:4] 0x119088240 - [webProcessIdentifier=3] NetworkConnectionToWebProcess::resolveBlobReferences: (parentPID=15116, pageProxyID=4, webPageID=5, frameID=4294967297, resourceID=1163)
  42.114 [com.apple.WebKit:Loading:4] 0x119088240 - [webProcessIdentifier=3] NetworkConnectionToWebProcess::scheduleResourceLoad: (parentPID=15116, pageProxyID=4, webPageID=5, frameID=4294967297, resourceID=1164, existingLoaderToResume=0)
  42.114 [com.apple.WebKit:Loading:4] 0x119088240 - [webProcessIdentifier=3] NetworkConnectionToWebProcess::resolveBlobReferences: (parentPID=15116, pageProxyID=4, webPageID=5, frameID=4294967297, resourceID=1164)
  42.120 [com.apple.WebKit:Loading:4] 0x119088240 - [webProcessIdentifier=3] NetworkConnectionToWebProcess::scheduleResourceLoad: (parentPID=15116, pageProxyID=4, webPageID=5, frameID=4294967297, resourceID=1168, existingLoaderToResume=0)
  42.120 [com.apple.WebKit:Loading:4] 0x119088240 - [webProcessIdentifier=3] NetworkConnectionToWebProcess::resolveBlobReferences: (parentPID=15116, pageProxyID=4, webPageID=5, frameID=4294967297, resourceID=1168)
  42.130 [com.apple.WebKit:Loading:4] 0x119088240 - [webProcessIdentifier=3] NetworkConnectionToWebProcess::scheduleResourceLoad: (parentPID=15116, pageProxyID=4, webPageID=5, frameID=4294967297, resourceID=1172, existingLoaderToResume=0)
  42.130 [com.apple.WebKit:Loading:4] 0x119088240 - [webProcessIdentifier=3] NetworkConnectionToWebProcess::resolveBlobReferences: (parentPID=15116, pageProxyID=4, webPageID=5, frameID=4294967297, resourceID=1172)
  42.147 [com.apple.WebKit:Loading:4] 0x119088240 - [webProcessIdentifier=3] NetworkConnectionToWebProcess::scheduleResourceLoad: (parentPID=15116, pageProxyID=4, webPageID=5, frameID=4294967297, resourceID=1175, existingLoaderToResume=0)
  42.147 [com.apple.WebKit:Loading:4] 0x119088240 - [webProcessIdentifier=3] NetworkConnectionToWebProcess::resolveBlobReferences: (parentPID=15116, pageProxyID=4, webPageID=5, frameID=4294967297, resourceID=1175)
  42.151 [com.apple.WebKit:Loading:4] 0x119088240 - [webProcessIdentifier=3] NetworkConnectionToWebProcess::scheduleResourceLoad: (parentPID=15116, pageProxyID=4, webPageID=5, frameID=4294967297, resourceID=1176, existingLoaderToResume=0)
  42.151 [com.apple.WebKit:Loading:4] 0x119088240 - [webProcessIdentifier=3] NetworkConnectionToWebProcess::resolveBlobReferences: (parentPID=15116, pageProxyID=4, webPageID=5, frameID=4294967297, resourceID=1176)
  42.155 [com.apple.WebKit:Loading:4] 0x119088240 - [webProcessIdentifier=3] NetworkConnectionToWebProcess::scheduleResourceLoad: (parentPID=15116, pageProxyID=4, webPageID=5, frameID=4294967297, resourceID=1179, existingLoaderToResume=0)
  42.156 [com.apple.WebKit:Loading:4] 0x119088240 - [webProcessIdentifier=3] NetworkConnectionToWebProcess::resolveBlobReferences: (parentPID=15116, pageProxyID=4, webPageID=5, frameID=4294967297, resourceID=1179)
  42.162 [com.apple.WebKit:Loading:4] 0x119088240 - [webProcessIdentifier=3] NetworkConnectionToWebProcess::scheduleResourceLoad: (parentPID=15116, pageProxyID=4, webPageID=5, frameID=4294967297, resourceID=1184, existingLoaderToResume=0)
  42.162 [com.apple.WebKit:Loading:4] 0x119088240 - [webProcessIdentifier=3] NetworkConnectionToWebProcess::resolveBlobReferences: (parentPID=15116, pageProxyID=4, webPageID=5, frameID=4294967297, resourceID=1184)
  42.171 [com.apple.WebKit:Loading:4] 0x119088240 - [webProcessIdentifier=3] NetworkConnectionToWebProcess::scheduleResourceLoad: (parentPID=15116, pageProxyID=4, webPageID=5, frameID=4294967297, resourceID=1187, existingLoaderToResume=0)
  42.171 [com.apple.WebKit:Loading:4] 0x119088240 - [webProcessIdentifier=3] NetworkConnectionToWebProcess::resolveBlobReferences: (parentPID=15116, pageProxyID=4, webPageID=5, frameID=4294967297, resourceID=1187)
  42.175 [com.apple.WebKit:Loading:4] 0x119088240 - [webProcessIdentifier=3] NetworkConnectionToWebProcess::scheduleResourceLoad: (parentPID=15116, pageProxyID=4, webPageID=5, frameID=4294967297, resourceID=1189, existingLoaderToResume=0)
  42.175 [com.apple.WebKit:Loading:4] 0x119088240 - [webProcessIdentifier=3] NetworkConnectionToWebProcess::resolveBlobReferences: (parentPID=15116, pageProxyID=4, webPageID=5, frameID=4294967297, resourceID=1189)
  42.179 [com.apple.WebKit:Loading:4] 0x119088240 - [webProcessIdentifier=3] NetworkConnectionToWebProcess::scheduleResourceLoad: (parentPID=15116, pageProxyID=4, webPageID=5, frameID=4294967297, resourceID=1192, existingLoaderToResume=0)
  42.179 [com.apple.WebKit:Loading:4] 0x119088240 - [webProcessIdentifier=3] NetworkConnectionToWebProcess::resolveBlobReferences: (parentPID=15116, pageProxyID=4, webPageID=5, frameID=4294967297, resourceID=1192)
  42.189 [com.apple.WebKit:Loading:4] 0x119088240 - [webProcessIdentifier=3] NetworkConnectionToWebProcess::scheduleResourceLoad: (parentPID=15116, pageProxyID=4, webPageID=5, frameID=4294967297, resourceID=1196, existingLoaderToResume=0)
  42.189 [com.apple.WebKit:Loading:4] 0x119088240 - [webProcessIdentifier=3] NetworkConnectionToWebProcess::resolveBlobReferences: (parentPID=15116, pageProxyID=4, webPageID=5, frameID=4294967297, resourceID=1196)
  42.196 [com.apple.WebKit:Loading:4] 0x119088240 - [webProcessIdentifier=3] NetworkConnectionToWebProcess::scheduleResourceLoad: (parentPID=15116, pageProxyID=4, webPageID=5, frameID=4294967297, resourceID=1198, existingLoaderToResume=0)
  42.197 [com.apple.WebKit:Loading:4] 0x119088240 - [webProcessIdentifier=3] NetworkConnectionToWebProcess::resolveBlobReferences: (parentPID=15116, pageProxyID=4, webPageID=5, frameID=4294967297, resourceID=1198)
  42.203 [com.apple.WebKit:Loading:4] 0x119088240 - [webProcessIdentifier=3] NetworkConnectionToWebProcess::scheduleResourceLoad: (parentPID=15116, pageProxyID=4, webPageID=5, frameID=4294967297, resourceID=1202, existingLoaderToResume=0)
  42.203 [com.apple.WebKit:Loading:4] 0x119088240 - [webProcessIdentifier=3] NetworkConnectionToWebProcess::resolveBlobReferences: (parentPID=15116, pageProxyID=4, webPageID=5, frameID=4294967297, resourceID=1202)
  42.209 [com.apple.WebKit:Loading:4] 0x119088240 - [webProcessIdentifier=3] NetworkConnectionToWebProcess::scheduleResourceLoad: (parentPID=15116, pageProxyID=4, webPageID=5, frameID=4294967297, resourceID=1205, existingLoaderToResume=0)
  42.209 [com.apple.WebKit:Loading:4] 0x119088240 - [webProcessIdentifier=3] NetworkConnectionToWebProcess::resolveBlobReferences: (parentPID=15116, pageProxyID=4, webPageID=5, frameID=4294967297, resourceID=1205)
  42.214 [com.apple.WebKit:Loading:4] 0x119088240 - [webProcessIdentifier=3] NetworkConnectionToWebProcess::scheduleResourceLoad: (parentPID=15116, pageProxyID=4, webPageID=5, frameID=4294967297, resourceID=1207, existingLoaderToResume=0)
  42.214 [com.apple.WebKit:Loading:4] 0x119088240 - [webProcessIdentifier=3] NetworkConnectionToWebProcess::resolveBlobReferences: (parentPID=15116, pageProxyID=4, webPageID=5, frameID=4294967297, resourceID=1207)
  42.218 [com.apple.WebKit:Loading:4] 0x119088240 - [webProcessIdentifier=3] NetworkConnectionToWebProcess::scheduleResourceLoad: (parentPID=15116, pageProxyID=4, webPageID=5, frameID=4294967297, resourceID=1209, existingLoaderToResume=0)
  42.218 [com.apple.WebKit:Loading:4] 0x119088240 - [webProcessIdentifier=3] NetworkConnectionToWebProcess::resolveBlobReferences: (parentPID=15116, pageProxyID=4, webPageID=5, frameID=4294967297, resourceID=1209)
  42.223 [com.apple.WebKit:Loading:4] 0x119088240 - [webProcessIdentifier=3] NetworkConnectionToWebProcess::scheduleResourceLoad: (parentPID=15116, pageProxyID=4, webPageID=5, frameID=4294967297, resourceID=1213, existingLoaderToResume=0)
  42.223 [com.apple.WebKit:Loading:4] 0x119088240 - [webProcessIdentifier=3] NetworkConnectionToWebProcess::resolveBlobReferences: (parentPID=15116, pageProxyID=4, webPageID=5, frameID=4294967297, resourceID=1213)
  42.235 [com.apple.WebKit:Loading:4] 0x119088240 - [webProcessIdentifier=3] NetworkConnectionToWebProcess::scheduleResourceLoad: (parentPID=15116, pageProxyID=4, webPageID=5, frameID=4294967297, resourceID=1215, existingLoaderToResume=0)
  42.235 [com.apple.WebKit:Loading:4] 0x119088240 - [webProcessIdentifier=3] NetworkConnectionToWebProcess::resolveBlobReferences: (parentPID=15116, pageProxyID=4, webPageID=5, frameID=4294967297, resourceID=1215)
  42.243 [com.apple.WebKit:Loading:4] 0x119088240 - [webProcessIdentifier=3] NetworkConnectionToWebProcess::scheduleResourceLoad: (parentPID=15116, pageProxyID=4, webPageID=5, frameID=4294967297, resourceID=1220, existingLoaderToResume=0)
  42.243 [com.apple.WebKit:Loading:4] 0x119088240 - [webProcessIdentifier=3] NetworkConnectionToWebProcess::resolveBlobReferences: (parentPID=15116, pageProxyID=4, webPageID=5, frameID=4294967297, resourceID=1220)
  42.257 [com.apple.WebKit:Loading:4] 0x119088240 - [webProcessIdentifier=3] NetworkConnectionToWebProcess::scheduleResourceLoad: (parentPID=15116, pageProxyID=4, webPageID=5, frameID=4294967297, resourceID=1223, existingLoaderToResume=0)
  42.258 [com.apple.WebKit:Loading:4] 0x119088240 - [webProcessIdentifier=3] NetworkConnectionToWebProcess::resolveBlobReferences: (parentPID=15116, pageProxyID=4, webPageID=5, frameID=4294967297, resourceID=1223)
  42.261 [com.apple.WebKit:Loading:4] 0x119088240 - [webProcessIdentifier=3] NetworkConnectionToWebProcess::scheduleResourceLoad: (parentPID=15116, pageProxyID=4, webPageID=5, frameID=4294967297, resourceID=1224, existingLoaderToResume=0)
  42.261 [com.apple.WebKit:Loading:4] 0x119088240 - [webProcessIdentifier=3] NetworkConnectionToWebProcess::resolveBlobReferences: (parentPID=15116, pageProxyID=4, webPageID=5, frameID=4294967297, resourceID=1224)
  42.265 [com.apple.WebKit:Loading:4] 0x119088240 - [webProcessIdentifier=3] NetworkConnectionToWebProcess::scheduleResourceLoad: (parentPID=15116, pageProxyID=4, webPageID=5, frameID=4294967297, resourceID=1227, existingLoaderToResume=0)
  42.265 [com.apple.WebKit:Loading:4] 0x119088240 - [webProcessIdentifier=3] NetworkConnectionToWebProcess::resolveBlobReferences: (parentPID=15116, pageProxyID=4, webPageID=5, frameID=4294967297, resourceID=1227)
  42.270 [com.apple.WebKit:Loading:4] 0x119088240 - [webProcessIdentifier=3] NetworkConnectionToWebProcess::scheduleResourceLoad: (parentPID=15116, pageProxyID=4, webPageID=5, frameID=4294967297, resourceID=1229, existingLoaderToResume=0)
  42.270 [com.apple.WebKit:Loading:4] 0x119088240 - [webProcessIdentifier=3] NetworkConnectionToWebProcess::resolveBlobReferences: (parentPID=15116, pageProxyID=4, webPageID=5, frameID=4294967297, resourceID=1229)
  42.272 [com.apple.WebKit:Loading:4] 0x119088240 - [webProcessIdentifier=3] NetworkConnectionToWebProcess::scheduleResourceLoad: (parentPID=15116, pageProxyID=4, webPageID=5, frameID=4294967297, resourceID=1232, existingLoaderToResume=0)
  42.272 [com.apple.WebKit:Loading:4] 0x119088240 - [webProcessIdentifier=3] NetworkConnectionToWebProcess::resolveBlobReferences: (parentPID=15116, pageProxyID=4, webPageID=5, frameID=4294967297, resourceID=1232)
  42.279 [com.apple.WebKit:Loading:4] 0x119088240 - [webProcessIdentifier=3] NetworkConnectionToWebProcess::scheduleResourceLoad: (parentPID=15116, pageProxyID=4, webPageID=5, frameID=4294967297, resourceID=1237, existingLoaderToResume=0)
  42.279 [com.apple.WebKit:Loading:4] 0x119088240 - [webProcessIdentifier=3] NetworkConnectionToWebProcess::resolveBlobReferences: (parentPID=15116, pageProxyID=4, webPageID=5, frameID=4294967297, resourceID=1237)
  42.283 [com.apple.WebKit:Loading:4] 0x119088240 - [webProcessIdentifier=3] NetworkConnectionToWebProcess::scheduleResourceLoad: (parentPID=15116, pageProxyID=4, webPageID=5, frameID=4294967297, resourceID=1239, existingLoaderToResume=0)
  42.283 [com.apple.WebKit:Loading:4] 0x119088240 - [webProcessIdentifier=3] NetworkConnectionToWebProcess::resolveBlobReferences: (parentPID=15116, pageProxyID=4, webPageID=5, frameID=4294967297, resourceID=1239)
  42.287 [com.apple.WebKit:Loading:4] 0x119088240 - [webProcessIdentifier=3] NetworkConnectionToWebProcess::scheduleResourceLoad: (parentPID=15116, pageProxyID=4, webPageID=5, frameID=4294967297, resourceID=1242, existingLoaderToResume=0)
  42.287 [com.apple.WebKit:Loading:4] 0x119088240 - [webProcessIdentifier=3] NetworkConnectionToWebProcess::resolveBlobReferences: (parentPID=15116, pageProxyID=4, webPageID=5, frameID=4294967297, resourceID=1242)
  42.292 [com.apple.WebKit:Loading:4] 0x119088240 - [webProcessIdentifier=3] NetworkConnectionToWebProcess::scheduleResourceLoad: (parentPID=15116, pageProxyID=4, webPageID=5, frameID=4294967297, resourceID=1246, existingLoaderToResume=0)
  42.292 [com.apple.WebKit:Loading:4] 0x119088240 - [webProcessIdentifier=3] NetworkConnectionToWebProcess::resolveBlobReferences: (parentPID=15116, pageProxyID=4, webPageID=5, frameID=4294967297, resourceID=1246)
  42.297 [com.apple.WebKit:Loading:4] 0x119088240 - [webProcessIdentifier=3] NetworkConnectionToWebProcess::scheduleResourceLoad: (parentPID=15116, pageProxyID=4, webPageID=5, frameID=4294967297, resourceID=1249, existingLoaderToResume=0)
  42.297 [com.apple.WebKit:Loading:4] 0x119088240 - [webProcessIdentifier=3] NetworkConnectionToWebProcess::resolveBlobReferences: (parentPID=15116, pageProxyID=4, webPageID=5, frameID=4294967297, resourceID=1249)
  42.342 [com.apple.WebKit:Loading:4] 0x119088240 - [webProcessIdentifier=3] NetworkConnectionToWebProcess::scheduleResourceLoad: (parentPID=15116, pageProxyID=4, webPageID=5, frameID=4294967297, resourceID=1253, existingLoaderToResume=0)
  42.342 [com.apple.WebKit:Loading:4] 0x119088240 - [webProcessIdentifier=3] NetworkConnectionToWebProcess::resolveBlobReferences: (parentPID=15116, pageProxyID=4, webPageID=5, frameID=4294967297, resourceID=1253)
  42.345 [com.apple.WebKit:Loading:4] 0x119088240 - [webProcessIdentifier=3] NetworkConnectionToWebProcess::scheduleResourceLoad: (parentPID=15116, pageProxyID=4, webPageID=5, frameID=4294967297, resourceID=1254, existingLoaderToResume=0)
  42.345 [com.apple.WebKit:Loading:4] 0x119088240 - [webProcessIdentifier=3] NetworkConnectionToWebProcess::resolveBlobReferences: (parentPID=15116, pageProxyID=4, webPageID=5, frameID=4294967297, resourceID=1254)
  42.348 [com.apple.WebKit:Loading:4] 0x119088240 - [webProcessIdentifier=3] NetworkConnectionToWebProcess::scheduleResourceLoad: (parentPID=15116, pageProxyID=4, webPageID=5, frameID=4294967297, resourceID=1256, existingLoaderToResume=0)
  42.348 [com.apple.WebKit:Loading:4] 0x119088240 - [webProcessIdentifier=3] NetworkConnectionToWebProcess::resolveBlobReferences: (parentPID=15116, pageProxyID=4, webPageID=5, frameID=4294967297, resourceID=1256)
  42.352 [com.apple.WebKit:Loading:4] 0x119088240 - [webProcessIdentifier=3] NetworkConnectionToWebProcess::scheduleResourceLoad: (parentPID=15116, pageProxyID=4, webPageID=5, frameID=4294967297, resourceID=1259, existingLoaderToResume=0)
  42.352 [com.apple.WebKit:Loading:4] 0x119088240 - [webProcessIdentifier=3] NetworkConnectionToWebProcess::resolveBlobReferences: (parentPID=15116, pageProxyID=4, webPageID=5, frameID=4294967297, resourceID=1259)
  42.356 [com.apple.WebKit:Loading:4] 0x119088240 - [webProcessIdentifier=3] NetworkConnectionToWebProcess::scheduleResourceLoad: (parentPID=15116, pageProxyID=4, webPageID=5, frameID=4294967297, resourceID=1264, existingLoaderToResume=0)
  42.356 [com.apple.WebKit:Loading:4] 0x119088240 - [webProcessIdentifier=3] NetworkConnectionToWebProcess::resolveBlobReferences: (parentPID=15116, pageProxyID=4, webPageID=5, frameID=4294967297, resourceID=1264)
  42.361 [com.apple.WebKit:Loading:4] 0x119088240 - [webProcessIdentifier=3] NetworkConnectionToWebProcess::scheduleResourceLoad: (parentPID=15116, pageProxyID=4, webPageID=5, frameID=4294967297, resourceID=1266, existingLoaderToResume=0)
  42.361 [com.apple.WebKit:Loading:4] 0x119088240 - [webProcessIdentifier=3] NetworkConnectionToWebProcess::resolveBlobReferences: (parentPID=15116, pageProxyID=4, webPageID=5, frameID=4294967297, resourceID=1266)
  42.367 [com.apple.WebKit:Loading:4] 0x119088240 - [webProcessIdentifier=3] NetworkConnectionToWebProcess::scheduleResourceLoad: (parentPID=15116, pageProxyID=4, webPageID=5, frameID=4294967297, resourceID=1270, existingLoaderToResume=0)
  42.367 [com.apple.WebKit:Loading:4] 0x119088240 - [webProcessIdentifier=3] NetworkConnectionToWebProcess::resolveBlobReferences: (parentPID=15116, pageProxyID=4, webPageID=5, frameID=4294967297, resourceID=1270)
  42.377 [com.apple.WebKit:Loading:4] 0x119088240 - [webProcessIdentifier=3] NetworkConnectionToWebProcess::scheduleResourceLoad: (parentPID=15116, pageProxyID=4, webPageID=5, frameID=4294967297, resourceID=1274, existingLoaderToResume=0)
  42.377 [com.apple.WebKit:Loading:4] 0x119088240 - [webProcessIdentifier=3] NetworkConnectionToWebProcess::resolveBlobReferences: (parentPID=15116, pageProxyID=4, webPageID=5, frameID=4294967297, resourceID=1274)
  42.382 [com.apple.WebKit:Loading:4] 0x119088240 - [webProcessIdentifier=3] NetworkConnectionToWebProcess::scheduleResourceLoad: (parentPID=15116, pageProxyID=4, webPageID=5, frameID=4294967297, resourceID=1276, existingLoaderToResume=0)
  42.382 [com.apple.WebKit:Loading:4] 0x119088240 - [webProcessIdentifier=3] NetworkConnectionToWebProcess::resolveBlobReferences: (parentPID=15116, pageProxyID=4, webPageID=5, frameID=4294967297, resourceID=1276)
  42.390 [com.apple.WebKit:Loading:4] 0x119088240 - [webProcessIdentifier=3] NetworkConnectionToWebProcess::scheduleResourceLoad: (parentPID=15116, pageProxyID=4, webPageID=5, frameID=4294967297, resourceID=1279, existingLoaderToResume=0)
  42.390 [com.apple.WebKit:Loading:4] 0x119088240 - [webProcessIdentifier=3] NetworkConnectionToWebProcess::resolveBlobReferences: (parentPID=15116, pageProxyID=4, webPageID=5, frameID=4294967297, resourceID=1279)
  42.413 [com.apple.WebKit:Loading:4] 0x119088240 - [webProcessIdentifier=3] NetworkConnectionToWebProcess::scheduleResourceLoad: (parentPID=15116, pageProxyID=4, webPageID=5, frameID=4294967297, resourceID=1283, existingLoaderToResume=0)
  42.413 [com.apple.WebKit:Loading:4] 0x119088240 - [webProcessIdentifier=3] NetworkConnectionToWebProcess::resolveBlobReferences: (parentPID=15116, pageProxyID=4, webPageID=5, frameID=4294967297, resourceID=1283)
  42.417 [com.apple.WebKit:Loading:4] 0x119088240 - [webProcessIdentifier=3] NetworkConnectionToWebProcess::scheduleResourceLoad: (parentPID=15116, pageProxyID=4, webPageID=5, frameID=4294967297, resourceID=1285, existingLoaderToResume=0)
  42.417 [com.apple.WebKit:Loading:4] 0x119088240 - [webProcessIdentifier=3] NetworkConnectionToWebProcess::resolveBlobReferences: (parentPID=15116, pageProxyID=4, webPageID=5, frameID=4294967297, resourceID=1285)
  42.421 [com.apple.WebKit:Loading:4] 0x119088240 - [webProcessIdentifier=3] NetworkConnectionToWebProcess::scheduleResourceLoad: (parentPID=15116, pageProxyID=4, webPageID=5, frameID=4294967297, resourceID=1288, existingLoaderToResume=0)
  42.422 [com.apple.WebKit:Loading:4] 0x119088240 - [webProcessIdentifier=3] NetworkConnectionToWebProcess::resolveBlobReferences: (parentPID=15116, pageProxyID=4, webPageID=5, frameID=4294967297, resourceID=1288)
  42.428 [com.apple.WebKit:Loading:4] 0x119088240 - [webProcessIdentifier=3] NetworkConnectionToWebProcess::scheduleResourceLoad: (parentPID=15116, pageProxyID=4, webPageID=5, frameID=4294967297, resourceID=1291, existingLoaderToResume=0)
  42.428 [com.apple.WebKit:Loading:4] 0x119088240 - [webProcessIdentifier=3] NetworkConnectionToWebProcess::resolveBlobReferences: (parentPID=15116, pageProxyID=4, webPageID=5, frameID=4294967297, resourceID=1291)
  42.433 [com.apple.WebKit:Loading:4] 0x119088240 - [webProcessIdentifier=3] NetworkConnectionToWebProcess::scheduleResourceLoad: (parentPID=15116, pageProxyID=4, webPageID=5, frameID=4294967297, resourceID=1293, existingLoaderToResume=0)
  42.433 [com.apple.WebKit:Loading:4] 0x119088240 - [webProcessIdentifier=3] NetworkConnectionToWebProcess::resolveBlobReferences: (parentPID=15116, pageProxyID=4, webPageID=5, frameID=4294967297, resourceID=1293)
  42.438 [com.apple.WebKit:Loading:4] 0x119088240 - [webProcessIdentifier=3] NetworkConnectionToWebProcess::scheduleResourceLoad: (parentPID=15116, pageProxyID=4, webPageID=5, frameID=4294967297, resourceID=1297, existingLoaderToResume=0)
  42.438 [com.apple.WebKit:Loading:4] 0x119088240 - [webProcessIdentifier=3] NetworkConnectionToWebProcess::resolveBlobReferences: (parentPID=15116, pageProxyID=4, webPageID=5, frameID=4294967297, resourceID=1297)
  42.442 [com.apple.WebKit:Loading:4] 0x119088240 - [webProcessIdentifier=3] NetworkConnectionToWebProcess::scheduleResourceLoad: (parentPID=15116, pageProxyID=4, webPageID=5, frameID=4294967297, resourceID=1299, existingLoaderToResume=0)
  42.442 [com.apple.WebKit:Loading:4] 0x119088240 - [webProcessIdentifier=3] NetworkConnectionToWebProcess::resolveBlobReferences: (parentPID=15116, pageProxyID=4, webPageID=5, frameID=4294967297, resourceID=1299)
  42.446 [com.apple.WebKit:Loading:4] 0x119088240 - [webProcessIdentifier=3] NetworkConnectionToWebProcess::scheduleResourceLoad: (parentPID=15116, pageProxyID=4, webPageID=5, frameID=4294967297, resourceID=1302, existingLoaderToResume=0)
  42.446 [com.apple.WebKit:Loading:4] 0x119088240 - [webProcessIdentifier=3] NetworkConnectionToWebProcess::resolveBlobReferences: (parentPID=15116, pageProxyID=4, webPageID=5, frameID=4294967297, resourceID=1302)
  42.451 [com.apple.WebKit:Loading:4] 0x119088240 - [webProcessIdentifier=3] NetworkConnectionToWebProcess::scheduleResourceLoad: (parentPID=15116, pageProxyID=4, webPageID=5, frameID=4294967297, resourceID=1306, existingLoaderToResume=0)
  42.451 [com.apple.WebKit:Loading:4] 0x119088240 - [webProcessIdentifier=3] NetworkConnectionToWebProcess::resolveBlobReferences: (parentPID=15116, pageProxyID=4, webPageID=5, frameID=4294967297, resourceID=1306)
  42.458 [com.apple.WebKit:Loading:4] 0x119088240 - [webProcessIdentifier=3] NetworkConnectionToWebProcess::scheduleResourceLoad: (parentPID=15116, pageProxyID=4, webPageID=5, frameID=4294967297, resourceID=1310, existingLoaderToResume=0)
  42.459 [com.apple.WebKit:Loading:4] 0x119088240 - [webProcessIdentifier=3] NetworkConnectionToWebProcess::resolveBlobReferences: (parentPID=15116, pageProxyID=4, webPageID=5, frameID=4294967297, resourceID=1310)
  42.465 [com.apple.WebKit:Loading:4] 0x119088240 - [webProcessIdentifier=3] NetworkConnectionToWebProcess::scheduleResourceLoad: (parentPID=15116, pageProxyID=4, webPageID=5, frameID=4294967297, resourceID=1313, existingLoaderToResume=0)
  42.465 [com.apple.WebKit:Loading:4] 0x119088240 - [webProcessIdentifier=3] NetworkConnectionToWebProcess::resolveBlobReferences: (parentPID=15116, pageProxyID=4, webPageID=5, frameID=4294967297, resourceID=1313)
  42.469 [com.apple.WebKit:Loading:4] 0x119088240 - [webProcessIdentifier=3] NetworkConnectionToWebProcess::scheduleResourceLoad: (parentPID=15116, pageProxyID=4, webPageID=5, frameID=4294967297, resourceID=1314, existingLoaderToResume=0)
  42.470 [com.apple.WebKit:Loading:4] 0x119088240 - [webProcessIdentifier=3] NetworkConnectionToWebProcess::resolveBlobReferences: (parentPID=15116, pageProxyID=4, webPageID=5, frameID=4294967297, resourceID=1314)
  42.474 [com.apple.WebKit:Loading:4] 0x119088240 - [webProcessIdentifier=3] NetworkConnectionToWebProcess::scheduleResourceLoad: (parentPID=15116, pageProxyID=4, webPageID=5, frameID=4294967297, resourceID=1317, existingLoaderToResume=0)
  42.474 [com.apple.WebKit:Loading:4] 0x119088240 - [webProcessIdentifier=3] NetworkConnectionToWebProcess::resolveBlobReferences: (parentPID=15116, pageProxyID=4, webPageID=5, frameID=4294967297, resourceID=1317)
  42.477 [com.apple.WebKit:Loading:4] 0x119088240 - [webProcessIdentifier=3] NetworkConnectionToWebProcess::scheduleResourceLoad: (parentPID=15116, pageProxyID=4, webPageID=5, frameID=4294967297, resourceID=1318, existingLoaderToResume=0)
  42.477 [com.apple.WebKit:Loading:4] 0x119088240 - [webProcessIdentifier=3] NetworkConnectionToWebProcess::resolveBlobReferences: (parentPID=15116, pageProxyID=4, webPageID=5, frameID=4294967297, resourceID=1318)
  42.483 [com.apple.WebKit:Loading:4] 0x119088240 - [webProcessIdentifier=3] NetworkConnectionToWebProcess::scheduleResourceLoad: (parentPID=15116, pageProxyID=4, webPageID=5, frameID=4294967297, resourceID=1319, existingLoaderToResume=0)
  42.483 [com.apple.WebKit:Loading:4] 0x119088240 - [webProcessIdentifier=3] NetworkConnectionToWebProcess::resolveBlobReferences: (parentPID=15116, pageProxyID=4, webPageID=5, frameID=4294967297, resourceID=1319)
  42.489 [com.apple.WebKit:Loading:4] 0x119088240 - [webProcessIdentifier=3] NetworkConnectionToWebProcess::scheduleResourceLoad: (parentPID=15116, pageProxyID=4, webPageID=5, frameID=4294967297, resourceID=1327, existingLoaderToResume=0)
  42.489 [com.apple.WebKit:Loading:4] 0x119088240 - [webProcessIdentifier=3] NetworkConnectionToWebProcess::resolveBlobReferences: (parentPID=15116, pageProxyID=4, webPageID=5, frameID=4294967297, resourceID=1327)
  42.502 [com.apple.WebKit:Loading:4] 0x119088240 - [webProcessIdentifier=3] NetworkConnectionToWebProcess::scheduleResourceLoad: (parentPID=15116, pageProxyID=4, webPageID=5, frameID=4294967297, resourceID=1331, existingLoaderToResume=0)
  42.502 [com.apple.WebKit:Loading:4] 0x119088240 - [webProcessIdentifier=3] NetworkConnectionToWebProcess::resolveBlobReferences: (parentPID=15116, pageProxyID=4, webPageID=5, frameID=4294967297, resourceID=1331)
  42.514 [com.apple.WebKit:Loading:4] 0x119088240 - [webProcessIdentifier=3] NetworkConnectionToWebProcess::scheduleResourceLoad: (parentPID=15116, pageProxyID=4, webPageID=5, frameID=4294967297, resourceID=1334, existingLoaderToResume=0)
  42.514 [com.apple.WebKit:Loading:4] 0x119088240 - [webProcessIdentifier=3] NetworkConnectionToWebProcess::resolveBlobReferences: (parentPID=15116, pageProxyID=4, webPageID=5, frameID=4294967297, resourceID=1334)
  42.516 [com.apple.WebKit:Loading:4] 0x119088240 - [webProcessIdentifier=3] NetworkConnectionToWebProcess::scheduleResourceLoad: (parentPID=15116, pageProxyID=4, webPageID=5, frameID=4294967297, resourceID=1335, existingLoaderToResume=0)
  42.516 [com.apple.WebKit:Loading:4] 0x119088240 - [webProcessIdentifier=3] NetworkConnectionToWebProcess::resolveBlobReferences: (parentPID=15116, pageProxyID=4, webPageID=5, frameID=4294967297, resourceID=1335)
  42.519 [com.apple.WebKit:Loading:4] 0x119088240 - [webProcessIdentifier=3] NetworkConnectionToWebProcess::scheduleResourceLoad: (parentPID=15116, pageProxyID=4, webPageID=5, frameID=4294967297, resourceID=1337, existingLoaderToResume=0)
  42.519 [com.apple.WebKit:Loading:4] 0x119088240 - [webProcessIdentifier=3] NetworkConnectionToWebProcess::resolveBlobReferences: (parentPID=15116, pageProxyID=4, webPageID=5, frameID=4294967297, resourceID=1337)
  42.525 [com.apple.WebKit:Loading:4] 0x119088240 - [webProcessIdentifier=3] NetworkConnectionToWebProcess::scheduleResourceLoad: (parentPID=15116, pageProxyID=4, webPageID=5, frameID=4294967297, resourceID=1342, existingLoaderToResume=0)
  42.526 [com.apple.WebKit:Loading:4] 0x119088240 - [webProcessIdentifier=3] NetworkConnectionToWebProcess::resolveBlobReferences: (parentPID=15116, pageProxyID=4, webPageID=5, frameID=4294967297, resourceID=1342)
  42.561 [com.apple.WebKit:Loading:4] 0x119088240 - [webProcessIdentifier=3] NetworkConnectionToWebProcess::scheduleResourceLoad: (parentPID=15116, pageProxyID=4, webPageID=5, frameID=4294967297, resourceID=1346, existingLoaderToResume=0)
  42.561 [com.apple.WebKit:Loading:4] 0x119088240 - [webProcessIdentifier=3] NetworkConnectionToWebProcess::resolveBlobReferences: (parentPID=15116, pageProxyID=4, webPageID=5, frameID=4294967297, resourceID=1346)
  42.609 [com.apple.WebKit:Loading:4] 0x119088240 - [webProcessIdentifier=3] NetworkConnectionToWebProcess::removeLoadIdentifier: Removing identifier 815 and aborting corresponding loader
  42.609 [com.apple.WebKit:Loading:4] 0x119088240 - [webProcessIdentifier=3] NetworkConnectionToWebProcess::removeLoadIdentifier: Removing identifier 818 and aborting corresponding loader
  42.609 [com.apple.WebKit:Loading:4] 0x119088240 - [webProcessIdentifier=3] NetworkConnectionToWebProcess::removeLoadIdentifier: Removing identifier 821 and aborting corresponding loader
  42.611 [com.apple.WebKit:Loading:4] 0x119088240 - [webProcessIdentifier=3] NetworkConnectionToWebProcess::removeLoadIdentifier: Removing identifier 824 and aborting corresponding loader
  42.611 [com.apple.WebKit:Loading:4] 0x119088240 - [webProcessIdentifier=3] NetworkConnectionToWebProcess::removeLoadIdentifier: Removing identifier 827 and aborting corresponding loader
  42.611 [com.apple.WebKit:Loading:4] 0x119088240 - [webProcessIdentifier=3] NetworkConnectionToWebProcess::removeLoadIdentifier: Removing identifier 830 and aborting corresponding loader
  42.612 [com.apple.WebKit:Loading:4] 0x119088240 - [webProcessIdentifier=3] NetworkConnectionToWebProcess::removeLoadIdentifier: Removing identifier 833 and aborting corresponding loader
  42.613 [com.apple.WebKit:Loading:4] 0x119088240 - [webProcessIdentifier=3] NetworkConnectionToWebProcess::removeLoadIdentifier: Removing identifier 834 and aborting corresponding loader
  42.613 [com.apple.WebKit:Loading:4] 0x119088240 - [webProcessIdentifier=3] NetworkConnectionToWebProcess::removeLoadIdentifier: Removing identifier 839 and aborting corresponding loader
  42.613 [com.apple.WebKit:Loading:4] 0x119088240 - [webProcessIdentifier=3] NetworkConnectionToWebProcess::removeLoadIdentifier: Removing identifier 840 and aborting corresponding loader
  42.614 [com.apple.WebKit:Loading:4] 0x119088240 - [webProcessIdentifier=3] NetworkConnectionToWebProcess::removeLoadIdentifier: Removing identifier 845 and aborting corresponding loader
  42.614 [com.apple.WebKit:Loading:4] 0x119088240 - [webProcessIdentifier=3] NetworkConnectionToWebProcess::removeLoadIdentifier: Removing identifier 846 and aborting corresponding loader
  42.616 [com.apple.WebKit:Loading:4] 0x119088240 - [webProcessIdentifier=3] NetworkConnectionToWebProcess::removeLoadIdentifier: Removing identifier 850 and aborting corresponding loader
  42.616 [com.apple.WebKit:Loading:4] 0x119088240 - [webProcessIdentifier=3] NetworkConnectionToWebProcess::removeLoadIdentifier: Removing identifier 854 and aborting corresponding loader
  42.616 [com.apple.WebKit:Loading:4] 0x119088240 - [webProcessIdentifier=3] NetworkConnectionToWebProcess::removeLoadIdentifier: Removing identifier 856 and aborting corresponding loader
  42.617 [com.apple.WebKit:Loading:4] 0x119088240 - [webProcessIdentifier=3] NetworkConnectionToWebProcess::removeLoadIdentifier: Removing identifier 860 and aborting corresponding loader
  42.617 [com.apple.WebKit:Loading:4] 0x119088240 - [webProcessIdentifier=3] NetworkConnectionToWebProcess::removeLoadIdentifier: Removing identifier 862 and aborting corresponding loader
  42.617 [com.apple.WebKit:Loading:4] 0x119088240 - [webProcessIdentifier=3] NetworkConnectionToWebProcess::removeLoadIdentifier: Removing identifier 866 and aborting corresponding loader
  42.617 [com.apple.WebKit:Loading:4] 0x119088240 - [webProcessIdentifier=3] NetworkConnectionToWebProcess::removeLoadIdentifier: Removing identifier 867 and aborting corresponding loader
  42.617 [com.apple.WebKit:Loading:4] 0x119088240 - [webProcessIdentifier=3] NetworkConnectionToWebProcess::removeLoadIdentifier: Removing identifier 870 and aborting corresponding loader
  42.617 [com.apple.WebKit:Loading:4] 0x119088240 - [webProcessIdentifier=3] NetworkConnectionToWebProcess::removeLoadIdentifier: Removing identifier 874 and aborting corresponding loader
  42.617 [com.apple.WebKit:Loading:4] 0x119088240 - [webProcessIdentifier=3] NetworkConnectionToWebProcess::removeLoadIdentifier: Removing identifier 878 and aborting corresponding loader
  42.617 [com.apple.WebKit:Loading:4] 0x119088240 - [webProcessIdentifier=3] NetworkConnectionToWebProcess::removeLoadIdentifier: Removing identifier 881 and aborting corresponding loader
  42.617 [com.apple.WebKit:Loading:4] 0x119088240 - [webProcessIdentifier=3] NetworkConnectionToWebProcess::removeLoadIdentifier: Removing identifier 882 and aborting corresponding loader
  42.617 [com.apple.WebKit:Loading:4] 0x119088240 - [webProcessIdentifier=3] NetworkConnectionToWebProcess::removeLoadIdentifier: Removing identifier 885 and aborting corresponding loader
  42.619 [com.apple.WebKit:Loading:4] 0x119088240 - [webProcessIdentifier=3] NetworkConnectionToWebProcess::removeLoadIdentifier: Removing identifier 889 and aborting corresponding loader
  42.619 [com.apple.WebKit:Loading:4] 0x119088240 - [webProcessIdentifier=3] NetworkConnectionToWebProcess::removeLoadIdentifier: Removing identifier 893 and aborting corresponding loader
  42.619 [com.apple.WebKit:Loading:4] 0x119088240 - [webProcessIdentifier=3] NetworkConnectionToWebProcess::removeLoadIdentifier: Removing identifier 896 and aborting corresponding loader
  42.619 [com.apple.WebKit:Loading:4] 0x119088240 - [webProcessIdentifier=3] NetworkConnectionToWebProcess::removeLoadIdentifier: Removing identifier 898 and aborting corresponding loader
  42.619 [com.apple.WebKit:Loading:4] 0x119088240 - [webProcessIdentifier=3] NetworkConnectionToWebProcess::removeLoadIdentifier: Removing identifier 902 and aborting corresponding loader
  42.619 [com.apple.WebKit:Loading:4] 0x119088240 - [webProcessIdentifier=3] NetworkConnectionToWebProcess::removeLoadIdentifier: Removing identifier 905 and aborting corresponding loader
  42.621 [com.apple.WebKit:Loading:4] 0x119088240 - [webProcessIdentifier=3] NetworkConnectionToWebProcess::removeLoadIdentifier: Removing identifier 908 and aborting corresponding loader
  42.621 [com.apple.WebKit:Loading:4] 0x119088240 - [webProcessIdentifier=3] NetworkConnectionToWebProcess::removeLoadIdentifier: Removing identifier 909 and aborting corresponding loader
  42.621 [com.apple.WebKit:Loading:4] 0x119088240 - [webProcessIdentifier=3] NetworkConnectionToWebProcess::removeLoadIdentifier: Removing identifier 914 and aborting corresponding loader
  42.621 [com.apple.WebKit:Loading:4] 0x119088240 - [webProcessIdentifier=3] NetworkConnectionToWebProcess::removeLoadIdentifier: Removing identifier 915 and aborting corresponding loader
  42.622 [com.apple.WebKit:Loading:4] 0x119088240 - [webProcessIdentifier=3] NetworkConnectionToWebProcess::removeLoadIdentifier: Removing identifier 920 and aborting corresponding loader
  42.622 [com.apple.WebKit:Loading:4] 0x119088240 - [webProcessIdentifier=3] NetworkConnectionToWebProcess::removeLoadIdentifier: Removing identifier 922 and aborting corresponding loader
  42.622 [com.apple.WebKit:Loading:4] 0x119088240 - [webProcessIdentifier=3] NetworkConnectionToWebProcess::removeLoadIdentifier: Removing identifier 926 and aborting corresponding loader
  42.622 [com.apple.WebKit:Loading:4] 0x119088240 - [webProcessIdentifier=3] NetworkConnectionToWebProcess::removeLoadIdentifier: Removing identifier 929 and aborting corresponding loader
  42.624 [com.apple.WebKit:Loading:4] 0x119088240 - [webProcessIdentifier=3] NetworkConnectionToWebProcess::removeLoadIdentifier: Removing identifier 930 and aborting corresponding loader
  42.624 [com.apple.WebKit:Loading:4] 0x119088240 - [webProcessIdentifier=3] NetworkConnectionToWebProcess::removeLoadIdentifier: Removing identifier 935 and aborting corresponding loader
  42.624 [com.apple.WebKit:Loading:4] 0x119088240 - [webProcessIdentifier=3] NetworkConnectionToWebProcess::removeLoadIdentifier: Removing identifier 936 and aborting corresponding loader
  42.624 [com.apple.WebKit:Loading:4] 0x119088240 - [webProcessIdentifier=3] NetworkConnectionToWebProcess::removeLoadIdentifier: Removing identifier 941 and aborting corresponding loader
  42.624 [com.apple.WebKit:Loading:4] 0x119088240 - [webProcessIdentifier=3] NetworkConnectionToWebProcess::removeLoadIdentifier: Removing identifier 942 and aborting corresponding loader
  42.625 [com.apple.WebKit:Loading:4] 0x119088240 - [webProcessIdentifier=3] NetworkConnectionToWebProcess::removeLoadIdentifier: Removing identifier 944 and aborting corresponding loader
  42.626 [com.apple.WebKit:Loading:4] 0x119088240 - [webProcessIdentifier=3] NetworkConnectionToWebProcess::removeLoadIdentifier: Removing identifier 949 and aborting corresponding loader
  42.626 [com.apple.WebKit:Loading:4] 0x119088240 - [webProcessIdentifier=3] NetworkConnectionToWebProcess::removeLoadIdentifier: Removing identifier 953 and aborting corresponding loader
  42.627 [com.apple.WebKit:Loading:4] 0x119088240 - [webProcessIdentifier=3] NetworkConnectionToWebProcess::removeLoadIdentifier: Removing identifier 955 and aborting corresponding loader
  42.627 [com.apple.WebKit:Loading:4] 0x119088240 - [webProcessIdentifier=3] NetworkConnectionToWebProcess::removeLoadIdentifier: Removing identifier 957 and aborting corresponding loader
  42.627 [com.apple.WebKit:Loading:4] 0x119088240 - [webProcessIdentifier=3] NetworkConnectionToWebProcess::removeLoadIdentifier: Removing identifier 962 and aborting corresponding loader
  42.627 [com.apple.WebKit:Loading:4] 0x119088240 - [webProcessIdentifier=3] NetworkConnectionToWebProcess::removeLoadIdentifier: Removing identifier 963 and aborting corresponding loader
  42.627 [com.apple.WebKit:Loading:4] 0x119088240 - [webProcessIdentifier=3] NetworkConnectionToWebProcess::removeLoadIdentifier: Removing identifier 967 and aborting corresponding loader
  42.628 [com.apple.WebKit:Loading:4] 0x119088240 - [webProcessIdentifier=3] NetworkConnectionToWebProcess::removeLoadIdentifier: Removing identifier 971 and aborting corresponding loader
  42.629 [com.apple.WebKit:Loading:4] 0x119088240 - [webProcessIdentifier=3] NetworkConnectionToWebProcess::removeLoadIdentifier: Removing identifier 974 and aborting corresponding loader
  42.629 [com.apple.WebKit:Loading:4] 0x119088240 - [webProcessIdentifier=3] NetworkConnectionToWebProcess::removeLoadIdentifier: Removing identifier 975 and aborting corresponding loader
  42.629 [com.apple.WebKit:Loading:4] 0x119088240 - [webProcessIdentifier=3] NetworkConnectionToWebProcess::removeLoadIdentifier: Removing identifier 979 and aborting corresponding loader
  42.629 [com.apple.WebKit:Loading:4] 0x119088240 - [webProcessIdentifier=3] NetworkConnectionToWebProcess::removeLoadIdentifier: Removing identifier 983 and aborting corresponding loader
  42.630 [com.apple.WebKit:Loading:4] 0x119088240 - [webProcessIdentifier=3] NetworkConnectionToWebProcess::removeLoadIdentifier: Removing identifier 986 and aborting corresponding loader
  42.630 [com.apple.WebKit:Loading:4] 0x119088240 - [webProcessIdentifier=3] NetworkConnectionToWebProcess::removeLoadIdentifier: Removing identifier 989 and aborting corresponding loader
  42.631 [com.apple.WebKit:Loading:4] 0x119088240 - [webProcessIdentifier=3] NetworkConnectionToWebProcess::removeLoadIdentifier: Removing identifier 991 and aborting corresponding loader
  42.633 [com.apple.WebKit:Loading:4] 0x119088240 - [webProcessIdentifier=3] NetworkConnectionToWebProcess::removeLoadIdentifier: Removing identifier 993 and aborting corresponding loader
  42.633 [com.apple.WebKit:Loading:4] 0x119088240 - [webProcessIdentifier=3] NetworkConnectionToWebProcess::removeLoadIdentifier: Removing identifier 998 and aborting corresponding loader
  42.633 [com.apple.WebKit:Loading:4] 0x119088240 - [webProcessIdentifier=3] NetworkConnectionToWebProcess::removeLoadIdentifier: Removing identifier 1001 and aborting corresponding loader
  42.633 [com.apple.WebKit:Loading:4] 0x119088240 - [webProcessIdentifier=3] NetworkConnectionToWebProcess::removeLoadIdentifier: Removing identifier 1002 and aborting corresponding loader
  42.633 [com.apple.WebKit:Loading:4] 0x119088240 - [webProcessIdentifier=3] NetworkConnectionToWebProcess::removeLoadIdentifier: Removing identifier 1005 and aborting corresponding loader
  42.633 [com.apple.WebKit:Loading:4] 0x119088240 - [webProcessIdentifier=3] NetworkConnectionToWebProcess::removeLoadIdentifier: Removing identifier 1007 and aborting corresponding loader
  42.633 [com.apple.WebKit:Loading:4] 0x119088240 - [webProcessIdentifier=3] NetworkConnectionToWebProcess::removeLoadIdentifier: Removing identifier 1009 and aborting corresponding loader
  42.633 [com.apple.WebKit:Loading:4] 0x119088240 - [webProcessIdentifier=3] NetworkConnectionToWebProcess::removeLoadIdentifier: Removing identifier 1014 and aborting corresponding loader
  42.634 [com.apple.WebKit:Loading:4] 0x119088240 - [webProcessIdentifier=3] NetworkConnectionToWebProcess::removeLoadIdentifier: Removing identifier 1019 and aborting corresponding loader
  42.634 [com.apple.WebKit:Loading:4] 0x119088240 - [webProcessIdentifier=3] NetworkConnectionToWebProcess::removeLoadIdentifier: Removing identifier 1022 and aborting corresponding loader
  42.634 [com.apple.WebKit:Loading:4] 0x119088240 - [webProcessIdentifier=3] NetworkConnectionToWebProcess::removeLoadIdentifier: Removing identifier 1025 and aborting corresponding loader
  42.635 [com.apple.WebKit:Loading:4] 0x119088240 - [webProcessIdentifier=3] NetworkConnectionToWebProcess::removeLoadIdentifier: Removing identifier 1026 and aborting corresponding loader
  42.635 [com.apple.WebKit:Loading:4] 0x119088240 - [webProcessIdentifier=3] NetworkConnectionToWebProcess::removeLoadIdentifier: Removing identifier 1028 and aborting corresponding loader
  42.635 [com.apple.WebKit:Loading:4] 0x119088240 - [webProcessIdentifier=3] NetworkConnectionToWebProcess::removeLoadIdentifier: Removing identifier 1034 and aborting corresponding loader
  42.635 [com.apple.WebKit:Loading:4] 0x119088240 - [webProcessIdentifier=3] NetworkConnectionToWebProcess::removeLoadIdentifier: Removing identifier 1035 and aborting corresponding loader
  42.636 [com.apple.WebKit:Loading:4] 0x119088240 - [webProcessIdentifier=3] NetworkConnectionToWebProcess::removeLoadIdentifier: Removing identifier 1037 and aborting corresponding loader
  42.636 [com.apple.WebKit:Loading:4] 0x119088240 - [webProcessIdentifier=3] NetworkConnectionToWebProcess::removeLoadIdentifier: Removing identifier 1043 and aborting corresponding loader
  42.638 [com.apple.WebKit:Loading:4] 0x119088240 - [webProcessIdentifier=3] NetworkConnectionToWebProcess::removeLoadIdentifier: Removing identifier 1046 and aborting corresponding loader
  42.638 [com.apple.WebKit:Loading:4] 0x119088240 - [webProcessIdentifier=3] NetworkConnectionToWebProcess::removeLoadIdentifier: Removing identifier 1049 and aborting corresponding loader
  42.638 [com.apple.WebKit:Loading:4] 0x119088240 - [webProcessIdentifier=3] NetworkConnectionToWebProcess::removeLoadIdentifier: Removing identifier 1052 and aborting corresponding loader
  42.638 [com.apple.WebKit:Loading:4] 0x119088240 - [webProcessIdentifier=3] NetworkConnectionToWebProcess::removeLoadIdentifier: Removing identifier 1053 and aborting corresponding loader
  42.639 [com.apple.WebKit:Loading:4] 0x119088240 - [webProcessIdentifier=3] NetworkConnectionToWebProcess::removeLoadIdentifier: Removing identifier 1057 and aborting corresponding loader
  42.639 [com.apple.WebKit:Loading:4] 0x119088240 - [webProcessIdentifier=3] NetworkConnectionToWebProcess::removeLoadIdentifier: Removing identifier 1060 and aborting corresponding loader
  42.640 [com.apple.WebKit:Loading:4] 0x119088240 - [webProcessIdentifier=3] NetworkConnectionToWebProcess::removeLoadIdentifier: Removing identifier 1063 and aborting corresponding loader
  42.640 [com.apple.WebKit:Loading:4] 0x119088240 - [webProcessIdentifier=3] NetworkConnectionToWebProcess::removeLoadIdentifier: Removing identifier 1066 and aborting corresponding loader
  42.640 [com.apple.WebKit:Loading:4] 0x119088240 - [webProcessIdentifier=3] NetworkConnectionToWebProcess::removeLoadIdentifier: Removing identifier 1070 and aborting corresponding loader
  42.640 [com.apple.WebKit:Loading:4] 0x119088240 - [webProcessIdentifier=3] NetworkConnectionToWebProcess::removeLoadIdentifier: Removing identifier 1072 and aborting corresponding loader
  42.640 [com.apple.WebKit:Loading:4] 0x119088240 - [webProcessIdentifier=3] NetworkConnectionToWebProcess::removeLoadIdentifier: Removing identifier 1074 and aborting corresponding loader
  42.642 [com.apple.WebKit:Loading:4] 0x119088240 - [webProcessIdentifier=3] NetworkConnectionToWebProcess::removeLoadIdentifier: Removing identifier 1077 and aborting corresponding loader
  42.642 [com.apple.WebKit:Loading:4] 0x119088240 - [webProcessIdentifier=3] NetworkConnectionToWebProcess::removeLoadIdentifier: Removing identifier 1081 and aborting corresponding loader
  42.642 [com.apple.WebKit:Loading:4] 0x119088240 - [webProcessIdentifier=3] NetworkConnectionToWebProcess::removeLoadIdentifier: Removing identifier 1085 and aborting corresponding loader
  42.642 [com.apple.WebKit:Loading:4] 0x119088240 - [webProcessIdentifier=3] NetworkConnectionToWebProcess::removeLoadIdentifier: Removing identifier 1087 and aborting corresponding loader
  42.643 [com.apple.WebKit:Loading:4] 0x119088240 - [webProcessIdentifier=3] NetworkConnectionToWebProcess::removeLoadIdentifier: Removing identifier 1089 and aborting corresponding loader
  42.643 [com.apple.WebKit:Loading:4] 0x119088240 - [webProcessIdentifier=3] NetworkConnectionToWebProcess::removeLoadIdentifier: Removing identifier 1094 and aborting corresponding loader
  42.643 [com.apple.WebKit:Loading:4] 0x119088240 - [webProcessIdentifier=3] NetworkConnectionToWebProcess::removeLoadIdentifier: Removing identifier 1096 and aborting corresponding loader
  42.644 [com.apple.WebKit:Loading:4] 0x119088240 - [webProcessIdentifier=3] NetworkConnectionToWebProcess::removeLoadIdentifier: Removing identifier 1100 and aborting corresponding loader
  42.644 [com.apple.WebKit:Loading:4] 0x119088240 - [webProcessIdentifier=3] NetworkConnectionToWebProcess::removeLoadIdentifier: Removing identifier 1101 and aborting corresponding loader
  42.645 [com.apple.WebKit:Loading:4] 0x119088240 - [webProcessIdentifier=3] NetworkConnectionToWebProcess::removeLoadIdentifier: Removing identifier 1106 and aborting corresponding loader
  42.645 [com.apple.WebKit:Loading:4] 0x119088240 - [webProcessIdentifier=3] NetworkConnectionToWebProcess::removeLoadIdentifier: Removing identifier 1108 and aborting corresponding loader
  42.645 [com.apple.WebKit:Loading:4] 0x119088240 - [webProcessIdentifier=3] NetworkConnectionToWebProcess::removeLoadIdentifier: Removing identifier 1112 and aborting corresponding loader
  42.647 [com.apple.WebKit:Loading:4] 0x119088240 - [webProcessIdentifier=3] NetworkConnectionToWebProcess::removeLoadIdentifier: Removing identifier 1113 and aborting corresponding loader
  42.647 [com.apple.WebKit:Loading:4] 0x119088240 - [webProcessIdentifier=3] NetworkConnectionToWebProcess::removeLoadIdentifier: Removing identifier 1118 and aborting corresponding loader
  42.647 [com.apple.WebKit:Loading:4] 0x119088240 - [webProcessIdentifier=3] NetworkConnectionToWebProcess::removeLoadIdentifier: Removing identifier 1121 and aborting corresponding loader
  42.647 [com.apple.WebKit:Loading:4] 0x119088240 - [webProcessIdentifier=3] NetworkConnectionToWebProcess::removeLoadIdentifier: Removing identifier 1124 and aborting corresponding loader
  42.647 [com.apple.WebKit:Loading:4] 0x119088240 - [webProcessIdentifier=3] NetworkConnectionToWebProcess::removeLoadIdentifier: Removing identifier 1126 and aborting corresponding loader
  42.648 [com.apple.WebKit:Loading:4] 0x119088240 - [webProcessIdentifier=3] NetworkConnectionToWebProcess::removeLoadIdentifier: Removing identifier 1130 and aborting corresponding loader
  42.648 [com.apple.WebKit:Loading:4] 0x119088240 - [webProcessIdentifier=3] NetworkConnectionToWebProcess::removeLoadIdentifier: Removing identifier 1132 and aborting corresponding loader
  42.648 [com.apple.WebKit:Loading:4] 0x119088240 - [webProcessIdentifier=3] NetworkConnectionToWebProcess::removeLoadIdentifier: Removing identifier 1136 and aborting corresponding loader
  42.648 [com.apple.WebKit:Loading:4] 0x119088240 - [webProcessIdentifier=3] NetworkConnectionToWebProcess::removeLoadIdentifier: Removing identifier 1138 and aborting corresponding loader
  42.649 [com.apple.WebKit:Loading:4] 0x119088240 - [webProcessIdentifier=3] NetworkConnectionToWebProcess::removeLoadIdentifier: Removing identifier 1142 and aborting corresponding loader
  42.649 [com.apple.WebKit:Loading:4] 0x119088240 - [webProcessIdentifier=3] NetworkConnectionToWebProcess::removeLoadIdentifier: Removing identifier 1145 and aborting corresponding loader
  42.649 [com.apple.WebKit:Loading:4] 0x119088240 - [webProcessIdentifier=3] NetworkConnectionToWebProcess::removeLoadIdentifier: Removing identifier 1146 and aborting corresponding loader
  42.651 [com.apple.WebKit:Loading:4] 0x119088240 - [webProcessIdentifier=3] NetworkConnectionToWebProcess::removeLoadIdentifier: Removing identifier 1151 and aborting corresponding loader
  42.651 [com.apple.WebKit:Loading:4] 0x119088240 - [webProcessIdentifier=3] NetworkConnectionToWebProcess::removeLoadIdentifier: Removing identifier 1154 and aborting corresponding loader
  42.651 [com.apple.WebKit:Loading:4] 0x119088240 - [webProcessIdentifier=3] NetworkConnectionToWebProcess::removeLoadIdentifier: Removing identifier 1157 and aborting corresponding loader
  42.652 [com.apple.WebKit:Loading:4] 0x119088240 - [webProcessIdentifier=3] NetworkConnectionToWebProcess::removeLoadIdentifier: Removing identifier 1158 and aborting corresponding loader
  42.652 [com.apple.WebKit:Loading:4] 0x119088240 - [webProcessIdentifier=3] NetworkConnectionToWebProcess::removeLoadIdentifier: Removing identifier 1163 and aborting corresponding loader
  42.652 [com.apple.WebKit:Loading:4] 0x119088240 - [webProcessIdentifier=3] NetworkConnectionToWebProcess::removeLoadIdentifier: Removing identifier 1164 and aborting corresponding loader
  42.652 [com.apple.WebKit:Loading:4] 0x119088240 - [webProcessIdentifier=3] NetworkConnectionToWebProcess::removeLoadIdentifier: Removing identifier 1168 and aborting corresponding loader
  42.652 [com.apple.WebKit:Loading:4] 0x119088240 - [webProcessIdentifier=3] NetworkConnectionToWebProcess::removeLoadIdentifier: Removing identifier 1172 and aborting corresponding loader
  42.652 [com.apple.WebKit:Loading:4] 0x119088240 - [webProcessIdentifier=3] NetworkConnectionToWebProcess::removeLoadIdentifier: Removing identifier 1175 and aborting corresponding loader
  42.652 [com.apple.WebKit:Loading:4] 0x119088240 - [webProcessIdentifier=3] NetworkConnectionToWebProcess::removeLoadIdentifier: Removing identifier 1176 and aborting corresponding loader
  42.652 [com.apple.WebKit:Loading:4] 0x119088240 - [webProcessIdentifier=3] NetworkConnectionToWebProcess::removeLoadIdentifier: Removing identifier 1179 and aborting corresponding loader
  42.653 [com.apple.WebKit:Loading:4] 0x119088240 - [webProcessIdentifier=3] NetworkConnectionToWebProcess::removeLoadIdentifier: Removing identifier 1184 and aborting corresponding loader
  42.653 [com.apple.WebKit:Loading:4] 0x119088240 - [webProcessIdentifier=3] NetworkConnectionToWebProcess::removeLoadIdentifier: Removing identifier 1187 and aborting corresponding loader
  42.653 [com.apple.WebKit:Loading:4] 0x119088240 - [webProcessIdentifier=3] NetworkConnectionToWebProcess::removeLoadIdentifier: Removing identifier 1189 and aborting corresponding loader
  42.653 [com.apple.WebKit:Loading:4] 0x119088240 - [webProcessIdentifier=3] NetworkConnectionToWebProcess::removeLoadIdentifier: Removing identifier 1192 and aborting corresponding loader
  42.654 [com.apple.WebKit:Loading:4] 0x119088240 - [webProcessIdentifier=3] NetworkConnectionToWebProcess::removeLoadIdentifier: Removing identifier 1196 and aborting corresponding loader
  42.654 [com.apple.WebKit:Loading:4] 0x119088240 - [webProcessIdentifier=3] NetworkConnectionToWebProcess::removeLoadIdentifier: Removing identifier 1198 and aborting corresponding loader
  42.654 [com.apple.WebKit:Loading:4] 0x119088240 - [webProcessIdentifier=3] NetworkConnectionToWebProcess::removeLoadIdentifier: Removing identifier 1202 and aborting corresponding loader
  42.654 [com.apple.WebKit:Loading:4] 0x119088240 - [webProcessIdentifier=3] NetworkConnectionToWebProcess::removeLoadIdentifier: Removing identifier 1205 and aborting corresponding loader
  42.654 [com.apple.WebKit:Loading:4] 0x119088240 - [webProcessIdentifier=3] NetworkConnectionToWebProcess::removeLoadIdentifier: Removing identifier 1207 and aborting corresponding loader
  42.655 [com.apple.WebKit:Loading:4] 0x119088240 - [webProcessIdentifier=3] NetworkConnectionToWebProcess::removeLoadIdentifier: Removing identifier 1209 and aborting corresponding loader
  42.655 [com.apple.WebKit:Loading:4] 0x119088240 - [webProcessIdentifier=3] NetworkConnectionToWebProcess::removeLoadIdentifier: Removing identifier 1213 and aborting corresponding loader
  42.656 [com.apple.WebKit:Loading:4] 0x119088240 - [webProcessIdentifier=3] NetworkConnectionToWebProcess::removeLoadIdentifier: Removing identifier 1215 and aborting corresponding loader
  42.656 [com.apple.WebKit:Loading:4] 0x119088240 - [webProcessIdentifier=3] NetworkConnectionToWebProcess::removeLoadIdentifier: Removing identifier 1220 and aborting corresponding loader
  42.656 [com.apple.WebKit:Loading:4] 0x119088240 - [webProcessIdentifier=3] NetworkConnectionToWebProcess::removeLoadIdentifier: Removing identifier 1223 and aborting corresponding loader
  42.657 [com.apple.WebKit:Loading:4] 0x119088240 - [webProcessIdentifier=3] NetworkConnectionToWebProcess::removeLoadIdentifier: Removing identifier 1224 and aborting corresponding loader
  42.657 [com.apple.WebKit:Loading:4] 0x119088240 - [webProcessIdentifier=3] NetworkConnectionToWebProcess::removeLoadIdentifier: Removing identifier 1227 and aborting corresponding loader
  42.657 [com.apple.WebKit:Loading:4] 0x119088240 - [webProcessIdentifier=3] NetworkConnectionToWebProcess::removeLoadIdentifier: Removing identifier 1229 and aborting corresponding loader
  42.657 [com.apple.WebKit:Loading:4] 0x119088240 - [webProcessIdentifier=3] NetworkConnectionToWebProcess::removeLoadIdentifier: Removing identifier 1232 and aborting corresponding loader
  42.657 [com.apple.WebKit:Loading:4] 0x119088240 - [webProcessIdentifier=3] NetworkConnectionToWebProcess::removeLoadIdentifier: Removing identifier 1237 and aborting corresponding loader
  42.658 [com.apple.WebKit:Loading:4] 0x119088240 - [webProcessIdentifier=3] NetworkConnectionToWebProcess::removeLoadIdentifier: Removing identifier 1239 and aborting corresponding loader
  42.658 [com.apple.WebKit:Loading:4] 0x119088240 - [webProcessIdentifier=3] NetworkConnectionToWebProcess::removeLoadIdentifier: Removing identifier 1242 and aborting corresponding loader
  42.658 [com.apple.WebKit:Loading:4] 0x119088240 - [webProcessIdentifier=3] NetworkConnectionToWebProcess::removeLoadIdentifier: Removing identifier 1246 and aborting corresponding loader
  42.658 [com.apple.WebKit:Loading:4] 0x119088240 - [webProcessIdentifier=3] NetworkConnectionToWebProcess::removeLoadIdentifier: Removing identifier 1249 and aborting corresponding loader
  42.658 [com.apple.WebKit:Loading:4] 0x119088240 - [webProcessIdentifier=3] NetworkConnectionToWebProcess::removeLoadIdentifier: Removing identifier 1253 and aborting corresponding loader
  42.658 [com.apple.WebKit:Loading:4] 0x119088240 - [webProcessIdentifier=3] NetworkConnectionToWebProcess::removeLoadIdentifier: Removing identifier 1254 and aborting corresponding loader
  42.659 [com.apple.WebKit:Loading:4] 0x119088240 - [webProcessIdentifier=3] NetworkConnectionToWebProcess::removeLoadIdentifier: Removing identifier 1256 and aborting corresponding loader
  42.659 [com.apple.WebKit:Loading:4] 0x119088240 - [webProcessIdentifier=3] NetworkConnectionToWebProcess::removeLoadIdentifier: Removing identifier 1259 and aborting corresponding loader
  42.659 [com.apple.WebKit:Loading:4] 0x119088240 - [webProcessIdentifier=3] NetworkConnectionToWebProcess::removeLoadIdentifier: Removing identifier 1264 and aborting corresponding loader
  42.659 [com.apple.WebKit:Loading:4] 0x119088240 - [webProcessIdentifier=3] NetworkConnectionToWebProcess::removeLoadIdentifier: Removing identifier 1266 and aborting corresponding loader
  42.659 [com.apple.WebKit:Loading:4] 0x119088240 - [webProcessIdentifier=3] NetworkConnectionToWebProcess::removeLoadIdentifier: Removing identifier 1270 and aborting corresponding loader
  42.660 [com.apple.WebKit:Loading:4] 0x119088240 - [webProcessIdentifier=3] NetworkConnectionToWebProcess::removeLoadIdentifier: Removing identifier 1274 and aborting corresponding loader
  42.660 [com.apple.WebKit:Loading:4] 0x119088240 - [webProcessIdentifier=3] NetworkConnectionToWebProcess::removeLoadIdentifier: Removing identifier 1276 and aborting corresponding loader
  42.660 [com.apple.WebKit:Loading:4] 0x119088240 - [webProcessIdentifier=3] NetworkConnectionToWebProcess::removeLoadIdentifier: Removing identifier 1279 and aborting corresponding loader
  42.660 [com.apple.WebKit:Loading:4] 0x119088240 - [webProcessIdentifier=3] NetworkConnectionToWebProcess::removeLoadIdentifier: Removing identifier 1283 and aborting corresponding loader
  42.661 [com.apple.WebKit:Loading:4] 0x119088240 - [webProcessIdentifier=3] NetworkConnectionToWebProcess::removeLoadIdentifier: Removing identifier 1285 and aborting corresponding loader
  42.661 [com.apple.WebKit:Loading:4] 0x119088240 - [webProcessIdentifier=3] NetworkConnectionToWebProcess::removeLoadIdentifier: Removing identifier 1288 and aborting corresponding loader
  42.661 [com.apple.WebKit:Loading:4] 0x119088240 - [webProcessIdentifier=3] NetworkConnectionToWebProcess::removeLoadIdentifier: Removing identifier 1291 and aborting corresponding loader
  42.662 [com.apple.WebKit:Loading:4] 0x119088240 - [webProcessIdentifier=3] NetworkConnectionToWebProcess::removeLoadIdentifier: Removing identifier 1293 and aborting corresponding loader
  42.662 [com.apple.WebKit:Loading:4] 0x119088240 - [webProcessIdentifier=3] NetworkConnectionToWebProcess::removeLoadIdentifier: Removing identifier 1297 and aborting corresponding loader
  42.662 [com.apple.WebKit:Loading:4] 0x119088240 - [webProcessIdentifier=3] NetworkConnectionToWebProcess::removeLoadIdentifier: Removing identifier 1299 and aborting corresponding loader
  42.662 [com.apple.WebKit:Loading:4] 0x119088240 - [webProcessIdentifier=3] NetworkConnectionToWebProcess::removeLoadIdentifier: Removing identifier 1302 and aborting corresponding loader
  42.662 [com.apple.WebKit:Loading:4] 0x119088240 - [webProcessIdentifier=3] NetworkConnectionToWebProcess::removeLoadIdentifier: Removing identifier 1306 and aborting corresponding loader
  42.662 [com.apple.WebKit:Loading:4] 0x119088240 - [webProcessIdentifier=3] NetworkConnectionToWebProcess::removeLoadIdentifier: Removing identifier 1310 and aborting corresponding loader
  42.663 [com.apple.WebKit:Loading:4] 0x119088240 - [webProcessIdentifier=3] NetworkConnectionToWebProcess::removeLoadIdentifier: Removing identifier 1313 and aborting corresponding loader
  42.663 [com.apple.WebKit:Loading:4] 0x119088240 - [webProcessIdentifier=3] NetworkConnectionToWebProcess::removeLoadIdentifier: Removing identifier 1314 and aborting corresponding loader
  42.663 [com.apple.WebKit:Loading:4] 0x119088240 - [webProcessIdentifier=3] NetworkConnectionToWebProcess::removeLoadIdentifier: Removing identifier 1317 and aborting corresponding loader
  42.663 [com.apple.WebKit:Loading:4] 0x119088240 - [webProcessIdentifier=3] NetworkConnectionToWebProcess::removeLoadIdentifier: Removing identifier 1318 and aborting corresponding loader
  42.663 [com.apple.WebKit:Loading:4] 0x119088240 - [webProcessIdentifier=3] NetworkConnectionToWebProcess::removeLoadIdentifier: Removing identifier 1319 and aborting corresponding loader
  42.664 [com.apple.WebKit:Loading:4] 0x119088240 - [webProcessIdentifier=3] NetworkConnectionToWebProcess::removeLoadIdentifier: Removing identifier 1327 and aborting corresponding loader
  42.664 [com.apple.WebKit:Loading:4] 0x119088240 - [webProcessIdentifier=3] NetworkConnectionToWebProcess::removeLoadIdentifier: Removing identifier 1331 and aborting corresponding loader
  42.664 [com.apple.WebKit:Loading:4] 0x119088240 - [webProcessIdentifier=3] NetworkConnectionToWebProcess::removeLoadIdentifier: Removing identifier 1334 and aborting corresponding loader
  42.665 [com.apple.WebKit:Loading:4] 0x119088240 - [webProcessIdentifier=3] NetworkConnectionToWebProcess::removeLoadIdentifier: Removing identifier 1335 and aborting corresponding loader
  42.665 [com.apple.WebKit:Loading:4] 0x119088240 - [webProcessIdentifier=3] NetworkConnectionToWebProcess::removeLoadIdentifier: Removing identifier 1337 and aborting corresponding loader
  42.665 [com.apple.WebKit:Loading:4] 0x119088240 - [webProcessIdentifier=3] NetworkConnectionToWebProcess::removeLoadIdentifier: Removing identifier 1342 and aborting corresponding loader
  42.665 [com.apple.WebKit:Loading:4] 0x119088240 - [webProcessIdentifier=3] NetworkConnectionToWebProcess::removeLoadIdentifier: Removing identifier 1346 and aborting corresponding loader
  42.794 [com.apple.WebKit:Loading:4] [pageID=5, frameID=12884901899] PolicyChecker::checkNavigationPolicy: continuing because this policyAction from dispatchDecidePolicyForNavigationAction is Use
  42.796 [com.apple.WebKit:Loading:4] 0x119088240 - [webProcessIdentifier=3] NetworkConnectionToWebProcess::scheduleResourceLoad: (parentPID=15116, pageProxyID=4, webPageID=5, frameID=12884901899, resourceID=1355, existingLoaderToResume=0)
  42.797 [com.apple.WebKit:Loading:4] 0x119088240 - [webProcessIdentifier=3] NetworkConnectionToWebProcess::resolveBlobReferences: (parentPID=15116, pageProxyID=4, webPageID=5, frameID=12884901899, resourceID=1355)
  42.805 [com.apple.WebKit:Loading:4] 0x119088240 - [webProcessIdentifier=3] NetworkConnectionToWebProcess::scheduleResourceLoad: (parentPID=15116, pageProxyID=4, webPageID=5, frameID=4294967297, resourceID=1356, existingLoaderToResume=0)
  42.805 [com.apple.WebKit:Loading:4] 0x119088240 - [webProcessIdentifier=3] NetworkConnectionToWebProcess::resolveBlobReferences: (parentPID=15116, pageProxyID=4, webPageID=5, frameID=4294967297, resourceID=1356)
  42.808 [com.apple.WebKit:Loading:4] 0x119088240 - [webProcessIdentifier=3] NetworkConnectionToWebProcess::scheduleResourceLoad: (parentPID=15116, pageProxyID=4, webPageID=5, frameID=4294967297, resourceID=1357, existingLoaderToResume=0)
  42.808 [com.apple.WebKit:Loading:4] 0x119088240 - [webProcessIdentifier=3] NetworkConnectionToWebProcess::resolveBlobReferences: (parentPID=15116, pageProxyID=4, webPageID=5, frameID=4294967297, resourceID=1357)
  43.291 [com.apple.WebKit:Loading:4] 0x119088240 - [webProcessIdentifier=3] NetworkConnectionToWebProcess::scheduleResourceLoad: (parentPID=15116, pageProxyID=4, webPageID=5, frameID=4294967297, resourceID=1361, existingLoaderToResume=0)
  43.291 [com.apple.WebKit:Loading:4] 0x119088240 - [webProcessIdentifier=3] NetworkConnectionToWebProcess::resolveBlobReferences: (parentPID=15116, pageProxyID=4, webPageID=5, frameID=4294967297, resourceID=1361)
  43.344 [com.apple.WebKit:Loading:4] 0x119088240 - [webProcessIdentifier=3] NetworkConnectionToWebProcess::scheduleResourceLoad: (parentPID=15116, pageProxyID=4, webPageID=5, frameID=4294967297, resourceID=1370, existingLoaderToResume=0)
  43.344 [com.apple.WebKit:Loading:4] 0x119088240 - [webProcessIdentifier=3] NetworkConnectionToWebProcess::resolveBlobReferences: (parentPID=15116, pageProxyID=4, webPageID=5, frameID=4294967297, resourceID=1370)
  43.405 [com.apple.WebKit:Loading:4] [pageID=5, frameID=12884901900] PolicyChecker::checkNavigationPolicy: continuing because this policyAction from dispatchDecidePolicyForNavigationAction is Use
  43.406 [com.apple.WebKit:Loading:4] [pageID=5, frameID=12884901901] PolicyChecker::checkNavigationPolicy: continuing because this policyAction from dispatchDecidePolicyForNavigationAction is Use
  43.407 [com.apple.WebKit:Loading:4] 0x119088240 - [webProcessIdentifier=3] NetworkConnectionToWebProcess::scheduleResourceLoad: (parentPID=15116, pageProxyID=4, webPageID=5, frameID=12884901900, resourceID=1373, existingLoaderToResume=0)
  43.407 [com.apple.WebKit:Loading:4] 0x119088240 - [webProcessIdentifier=3] NetworkConnectionToWebProcess::resolveBlobReferences: (parentPID=15116, pageProxyID=4, webPageID=5, frameID=12884901900, resourceID=1373)
  43.410 WARNING: trying to load platform resource 'missingImage'
  43.411 [com.apple.WebKit:Loading:4] 0x119088240 - [webProcessIdentifier=3] NetworkConnectionToWebProcess::scheduleResourceLoad: (parentPID=15116, pageProxyID=4, webPageID=5, frameID=12884901901, resourceID=1375, existingLoaderToResume=0)
  43.411 [com.apple.WebKit:Loading:4] 0x119088240 - [webProcessIdentifier=3] NetworkConnectionToWebProcess::resolveBlobReferences: (parentPID=15116, pageProxyID=4, webPageID=5, frameID=12884901901, resourceID=1375)
  43.719 tigeraudio32: t=15s read=0 write=21504 paused=1 underruns=0
  45.538 [com.apple.WebKit:Loading:4] [pageID=5, frameID=12884901902] PolicyChecker::checkNavigationPolicy: continuing because this is an initial empty document
  45.678 [com.apple.WebKit:Loading:4] [pageID=5, frameID=12884901899] PolicyChecker::checkNavigationPolicy: continuing because this policyAction from dispatchDecidePolicyForNavigationAction is Use
  45.685 [com.apple.WebKit:Loading:4] [pageID=5, frameID=12884901903] PolicyChecker::checkNavigationPolicy: continuing because this policyAction from dispatchDecidePolicyForNavigationAction is Use
  46.201 [com.apple.WebKit:Loading:4] [pageID=5, frameID=12884901904] PolicyChecker::checkNavigationPolicy: continuing because this is an initial empty document
  46.252 [com.apple.WebKit:Loading:4] 0x119088240 - [webProcessIdentifier=3] NetworkConnectionToWebProcess::scheduleResourceLoad: (parentPID=15116, pageProxyID=4, webPageID=5, frameID=4294967297, resourceID=1418, existingLoaderToResume=0)
  46.252 [com.apple.WebKit:Loading:4] 0x119088240 - [webProcessIdentifier=3] NetworkConnectionToWebProcess::resolveBlobReferences: (parentPID=15116, pageProxyID=4, webPageID=5, frameID=4294967297, resourceID=1418)
  46.414 [com.apple.WebKit:Media:-] MediaElementSession::clientWillBeginAutoplaying(EBA637F7C094549) state = Idle
  46.414 [com.apple.WebKit:Media:-] MediaElementSession::setState(EBA637F7C094549) Autoplaying, canProduceAudio=false
  46.415 [com.apple.WebKit:Media:-] HTMLMediaElement::updateShouldPlay(EBA637F7C094549) autoplay blocked with reason: PageConsentRequired: Not enough data
  46.475 [com.apple.WebKit:Loading:4] 0x119088240 - [webProcessIdentifier=3] NetworkConnectionToWebProcess::scheduleResourceLoad: (parentPID=15116, pageProxyID=4, webPageID=5, frameID=4294967297, resourceID=1427, existingLoaderToResume=0)
  46.475 [com.apple.WebKit:Loading:4] 0x119088240 - [webProcessIdentifier=3] NetworkConnectionToWebProcess::resolveBlobReferences: (parentPID=15116, pageProxyID=4, webPageID=5, frameID=4294967297, resourceID=1427)
  46.475 [com.apple.WebKit:Loading:4] 0x119088240 - [webProcessIdentifier=3] NetworkConnectionToWebProcess::scheduleResourceLoad: (parentPID=15116, pageProxyID=4, webPageID=5, frameID=4294967297, resourceID=1428, existingLoaderToResume=0)
  46.475 [com.apple.WebKit:Loading:4] 0x119088240 - [webProcessIdentifier=3] NetworkConnectionToWebProcess::resolveBlobReferences: (parentPID=15116, pageProxyID=4, webPageID=5, frameID=4294967297, resourceID=1428)
  46.503 [com.apple.WebKit:Loading:4] 0x119088240 - [webProcessIdentifier=3] NetworkConnectionToWebProcess::scheduleResourceLoad: (parentPID=15116, pageProxyID=4, webPageID=5, frameID=4294967297, resourceID=1430, existingLoaderToResume=0)
  46.503 [com.apple.WebKit:Loading:4] 0x119088240 - [webProcessIdentifier=3] NetworkConnectionToWebProcess::resolveBlobReferences: (parentPID=15116, pageProxyID=4, webPageID=5, frameID=4294967297, resourceID=1430)
  46.504 [com.apple.WebKit:Loading:4] 0x119088240 - [webProcessIdentifier=3] NetworkConnectionToWebProcess::scheduleResourceLoad: (parentPID=15116, pageProxyID=4, webPageID=5, frameID=4294967297, resourceID=1431, existingLoaderToResume=0)
  46.504 [com.apple.WebKit:Loading:4] 0x119088240 - [webProcessIdentifier=3] NetworkConnectionToWebProcess::resolveBlobReferences: (parentPID=15116, pageProxyID=4, webPageID=5, frameID=4294967297, resourceID=1431)
  46.516 [com.apple.WebKit:Loading:4] 0x119088240 - [webProcessIdentifier=3] NetworkConnectionToWebProcess::scheduleResourceLoad: (parentPID=15116, pageProxyID=4, webPageID=5, frameID=4294967297, resourceID=1432, existingLoaderToResume=0)
  46.516 [com.apple.WebKit:Loading:4] 0x119088240 - [webProcessIdentifier=3] NetworkConnectionToWebProcess::resolveBlobReferences: (parentPID=15116, pageProxyID=4, webPageID=5, frameID=4294967297, resourceID=1432)
  46.554 [com.apple.WebKit:Loading:4] 0x119088240 - [webProcessIdentifier=3] NetworkConnectionToWebProcess::scheduleResourceLoad: (parentPID=15116, pageProxyID=4, webPageID=5, frameID=4294967297, resourceID=1433, existingLoaderToResume=0)
  46.554 [com.apple.WebKit:Loading:4] 0x119088240 - [webProcessIdentifier=3] NetworkConnectionToWebProcess::resolveBlobReferences: (parentPID=15116, pageProxyID=4, webPageID=5, frameID=4294967297, resourceID=1433)
  46.614 [com.apple.WebKit:Network error] Unexpectedly missing certificate info
  46.670 [com.apple.WebKit:Loading:4] 0x119088240 - [webProcessIdentifier=3] NetworkConnectionToWebProcess::scheduleResourceLoad: (parentPID=15116, pageProxyID=4, webPageID=5, frameID=12884901903, resourceID=1440, existingLoaderToResume=0)
  46.670 [com.apple.WebKit:Loading:4] 0x119088240 - [webProcessIdentifier=3] NetworkConnectionToWebProcess::resolveBlobReferences: (parentPID=15116, pageProxyID=4, webPageID=5, frameID=12884901903, resourceID=1440)
  46.676 [com.apple.WebKit:Loading:4] 0x119088240 - [webProcessIdentifier=3] NetworkConnectionToWebProcess::scheduleResourceLoad: (parentPID=15116, pageProxyID=4, webPageID=5, frameID=12884901903, resourceID=1441, existingLoaderToResume=0)
  46.676 [com.apple.WebKit:Loading:4] 0x119088240 - [webProcessIdentifier=3] NetworkConnectionToWebProcess::resolveBlobReferences: (parentPID=15116, pageProxyID=4, webPageID=5, frameID=12884901903, resourceID=1441)
  46.680 [com.apple.WebKit:Loading:4] 0x119088240 - [webProcessIdentifier=3] NetworkConnectionToWebProcess::scheduleResourceLoad: (parentPID=15116, pageProxyID=4, webPageID=5, frameID=12884901903, resourceID=1442, existingLoaderToResume=0)
  46.680 [com.apple.WebKit:Loading:4] 0x119088240 - [webProcessIdentifier=3] NetworkConnectionToWebProcess::resolveBlobReferences: (parentPID=15116, pageProxyID=4, webPageID=5, frameID=12884901903, resourceID=1442)
  46.681 [com.apple.WebKit:Loading:4] 0x119088240 - [webProcessIdentifier=3] NetworkConnectionToWebProcess::scheduleResourceLoad: (parentPID=15116, pageProxyID=4, webPageID=5, frameID=12884901903, resourceID=1443, existingLoaderToResume=0)
  46.681 [com.apple.WebKit:Loading:4] 0x119088240 - [webProcessIdentifier=3] NetworkConnectionToWebProcess::resolveBlobReferences: (parentPID=15116, pageProxyID=4, webPageID=5, frameID=12884901903, resourceID=1443)
  46.681 [com.apple.WebKit:Loading:4] 0x119088240 - [webProcessIdentifier=3] NetworkConnectionToWebProcess::scheduleResourceLoad: (parentPID=15116, pageProxyID=4, webPageID=5, frameID=12884901903, resourceID=1444, existingLoaderToResume=0)
  46.681 [com.apple.WebKit:Loading:4] 0x119088240 - [webProcessIdentifier=3] NetworkConnectionToWebProcess::resolveBlobReferences: (parentPID=15116, pageProxyID=4, webPageID=5, frameID=12884901903, resourceID=1444)
  46.681 [com.apple.WebKit:Loading:4] 0x119088240 - [webProcessIdentifier=3] NetworkConnectionToWebProcess::scheduleResourceLoad: (parentPID=15116, pageProxyID=4, webPageID=5, frameID=12884901903, resourceID=1445, existingLoaderToResume=0)
  46.681 [com.apple.WebKit:Loading:4] 0x119088240 - [webProcessIdentifier=3] NetworkConnectionToWebProcess::resolveBlobReferences: (parentPID=15116, pageProxyID=4, webPageID=5, frameID=12884901903, resourceID=1445)
  46.690 [com.apple.WebKit:Loading:4] 0x119088240 - [webProcessIdentifier=3] NetworkConnectionToWebProcess::scheduleResourceLoad: (parentPID=15116, pageProxyID=4, webPageID=5, frameID=12884901903, resourceID=1446, existingLoaderToResume=0)
  46.691 [com.apple.WebKit:Loading:4] 0x119088240 - [webProcessIdentifier=3] NetworkConnectionToWebProcess::resolveBlobReferences: (parentPID=15116, pageProxyID=4, webPageID=5, frameID=12884901903, resourceID=1446)
  46.897 [com.apple.WebKit:Loading:4] 0x119088240 - [webProcessIdentifier=3] NetworkConnectionToWebProcess::scheduleResourceLoad: (parentPID=15116, pageProxyID=4, webPageID=5, frameID=12884901903, resourceID=1447, existingLoaderToResume=0)
  46.897 [com.apple.WebKit:Loading:4] 0x119088240 - [webProcessIdentifier=3] NetworkConnectionToWebProcess::resolveBlobReferences: (parentPID=15116, pageProxyID=4, webPageID=5, frameID=12884901903, resourceID=1447)
  46.921 [com.apple.WebKit:Loading:4] 0x119088240 - [webProcessIdentifier=3] NetworkConnectionToWebProcess::scheduleResourceLoad: (parentPID=15116, pageProxyID=4, webPageID=5, frameID=12884901903, resourceID=1448, existingLoaderToResume=0)
  46.921 [com.apple.WebKit:Loading:4] 0x119088240 - [webProcessIdentifier=3] NetworkConnectionToWebProcess::resolveBlobReferences: (parentPID=15116, pageProxyID=4, webPageID=5, frameID=12884901903, resourceID=1448)
  46.936 [com.apple.WebKit:Loading:4] 0x119088240 - [webProcessIdentifier=3] NetworkConnectionToWebProcess::scheduleResourceLoad: (parentPID=15116, pageProxyID=4, webPageID=5, frameID=12884901903, resourceID=1449, existingLoaderToResume=0)
  46.936 [com.apple.WebKit:Loading:4] 0x119088240 - [webProcessIdentifier=3] NetworkConnectionToWebProcess::resolveBlobReferences: (parentPID=15116, pageProxyID=4, webPageID=5, frameID=12884901903, resourceID=1449)
  47.225 [com.apple.WebKit:Loading:4] 0x119088240 - [webProcessIdentifier=3] NetworkConnectionToWebProcess::scheduleResourceLoad: (parentPID=15116, pageProxyID=4, webPageID=5, frameID=12884901903, resourceID=1450, existingLoaderToResume=0)
  47.225 [com.apple.WebKit:Loading:4] 0x119088240 - [webProcessIdentifier=3] NetworkConnectionToWebProcess::resolveBlobReferences: (parentPID=15116, pageProxyID=4, webPageID=5, frameID=12884901903, resourceID=1450)
  47.607 [com.apple.WebKit:Loading:4] 0x119088240 - [webProcessIdentifier=3] NetworkConnectionToWebProcess::scheduleResourceLoad: (parentPID=15116, pageProxyID=4, webPageID=5, frameID=12884901903, resourceID=1453, existingLoaderToResume=0)
  47.607 [com.apple.WebKit:Loading:4] 0x119088240 - [webProcessIdentifier=3] NetworkConnectionToWebProcess::resolveBlobReferences: (parentPID=15116, pageProxyID=4, webPageID=5, frameID=12884901903, resourceID=1453)
  47.607 [com.apple.WebKit:Loading:4] 0x119088240 - [webProcessIdentifier=3] NetworkConnectionToWebProcess::scheduleResourceLoad: (parentPID=15116, pageProxyID=4, webPageID=5, frameID=12884901903, resourceID=1454, existingLoaderToResume=0)
  47.607 [com.apple.WebKit:Loading:4] 0x119088240 - [webProcessIdentifier=3] NetworkConnectionToWebProcess::resolveBlobReferences: (parentPID=15116, pageProxyID=4, webPageID=5, frameID=12884901903, resourceID=1454)
  47.607 [com.apple.WebKit:Loading:4] 0x119088240 - [webProcessIdentifier=3] NetworkConnectionToWebProcess::scheduleResourceLoad: (parentPID=15116, pageProxyID=4, webPageID=5, frameID=12884901903, resourceID=1455, existingLoaderToResume=0)
  47.607 [com.apple.WebKit:Loading:4] 0x119088240 - [webProcessIdentifier=3] NetworkConnectionToWebProcess::resolveBlobReferences: (parentPID=15116, pageProxyID=4, webPageID=5, frameID=12884901903, resourceID=1455)
  47.611 [com.apple.WebKit:Loading:4] 0x119088240 - [webProcessIdentifier=3] NetworkConnectionToWebProcess::scheduleResourceLoad: (parentPID=15116, pageProxyID=4, webPageID=5, frameID=12884901903, resourceID=1456, existingLoaderToResume=0)
  47.611 [com.apple.WebKit:Loading:4] 0x119088240 - [webProcessIdentifier=3] NetworkConnectionToWebProcess::resolveBlobReferences: (parentPID=15116, pageProxyID=4, webPageID=5, frameID=12884901903, resourceID=1456)
  47.668 [com.apple.WebKit:Loading:4] 0x119088240 - [webProcessIdentifier=3] NetworkConnectionToWebProcess::scheduleResourceLoad: (parentPID=15116, pageProxyID=4, webPageID=5, frameID=12884901903, resourceID=1457, existingLoaderToResume=0)
  47.668 [com.apple.WebKit:Loading:4] 0x119088240 - [webProcessIdentifier=3] NetworkConnectionToWebProcess::resolveBlobReferences: (parentPID=15116, pageProxyID=4, webPageID=5, frameID=12884901903, resourceID=1457)
  48.008 [com.apple.WebKit:Media:-] HTMLMediaElement::updateShouldPlay(4BC1F46CB72977F7) autoplay blocked with reason: PageConsentRequired: Not enough data
  48.008 [com.apple.WebKit:Media:-] MediaElementSession::clientWillBeginAutoplaying(4BC1F46CB72977F7) state = Idle
  48.008 [com.apple.WebKit:Media:-] MediaElementSession::setState(4BC1F46CB72977F7) Autoplaying, canProduceAudio=false
  48.008 [com.apple.WebKit:Media:-] MediaElementSession::clientWillBeginAutoplaying(4BC1F46CB72977F7) state = Autoplaying
  48.009 [com.apple.WebKit:Media:-] MediaElementSession::clientWillBeginPlayback(4BC1F46CB72977F7) state = Autoplaying
  48.012 [com.apple.WebKit:Media:-] MediaSessionManagerInterface::startSessionAdmission(0) 5458912971116345335
  48.012 [com.apple.WebKit:Media:-] MediaSessionManagerInterface::setCurrentSession(0) 5458912971116345335, size = 6
  48.012 [com.apple.WebKit:Media:-] MediaElementSession::setState(4BC1F46CB72977F7) Playing, canProduceAudio=false
  48.013 [com.apple.WebKit:Media:-] MediaSessionManagerInterface::startSessionAdmission(0) 5458912971116345335 returning true
  48.024 [com.apple.WebKit:Loading:4] 0x119088240 - [webProcessIdentifier=3] NetworkConnectionToWebProcess::scheduleResourceLoad: (parentPID=15116, pageProxyID=4, webPageID=5, frameID=12884901903, resourceID=1471, existingLoaderToResume=0)
  48.024 [com.apple.WebKit:Loading:4] 0x119088240 - [webProcessIdentifier=3] NetworkConnectionToWebProcess::resolveBlobReferences: (parentPID=15116, pageProxyID=4, webPageID=5, frameID=12884901903, resourceID=1471)
  48.024 [com.apple.WebKit:Loading:4] 0x119088240 - [webProcessIdentifier=3] NetworkConnectionToWebProcess::scheduleResourceLoad: (parentPID=15116, pageProxyID=4, webPageID=5, frameID=12884901903, resourceID=1472, existingLoaderToResume=0)
  48.024 [com.apple.WebKit:Loading:4] 0x119088240 - [webProcessIdentifier=3] NetworkConnectionToWebProcess::resolveBlobReferences: (parentPID=15116, pageProxyID=4, webPageID=5, frameID=12884901903, resourceID=1472)
  48.024 [com.apple.WebKit:Loading:4] 0x119088240 - [webProcessIdentifier=3] NetworkConnectionToWebProcess::scheduleResourceLoad: (parentPID=15116, pageProxyID=4, webPageID=5, frameID=12884901903, resourceID=1473, existingLoaderToResume=0)
  48.024 [com.apple.WebKit:Loading:4] 0x119088240 - [webProcessIdentifier=3] NetworkConnectionToWebProcess::resolveBlobReferences: (parentPID=15116, pageProxyID=4, webPageID=5, frameID=12884901903, resourceID=1473)
  48.090 [com.apple.WebKit:Loading:4] 0x119088240 - [webProcessIdentifier=3] NetworkConnectionToWebProcess::scheduleResourceLoad: (parentPID=15116, pageProxyID=4, webPageID=5, frameID=12884901901, resourceID=1480, existingLoaderToResume=0)
  48.090 [com.apple.WebKit:Loading:4] 0x119088240 - [webProcessIdentifier=3] NetworkConnectionToWebProcess::resolveBlobReferences: (parentPID=15116, pageProxyID=4, webPageID=5, frameID=12884901901, resourceID=1480)
  48.224 [com.apple.WebKit:Loading:4] 0x119088240 - [webProcessIdentifier=3] NetworkConnectionToWebProcess::scheduleResourceLoad: (parentPID=15116, pageProxyID=4, webPageID=5, frameID=12884901900, resourceID=1485, existingLoaderToResume=0)
  48.224 [com.apple.WebKit:Loading:4] 0x119088240 - [webProcessIdentifier=3] NetworkConnectionToWebProcess::resolveBlobReferences: (parentPID=15116, pageProxyID=4, webPageID=5, frameID=12884901900, resourceID=1485)
  48.503 [com.apple.WebKit:Loading:4] 0x119088240 - [webProcessIdentifier=3] NetworkConnectionToWebProcess::scheduleResourceLoad: (parentPID=15116, pageProxyID=4, webPageID=5, frameID=12884901903, resourceID=1490, existingLoaderToResume=0)
  48.503 [com.apple.WebKit:Loading:4] 0x119088240 - [webProcessIdentifier=3] NetworkConnectionToWebProcess::resolveBlobReferences: (parentPID=15116, pageProxyID=4, webPageID=5, frameID=12884901903, resourceID=1490)
  48.736 tigeraudio32: t=20s read=0 write=21504 paused=1 underruns=0
  48.764 [com.apple.WebKit:Loading:4] 0x119088240 - [webProcessIdentifier=3] NetworkConnectionToWebProcess::scheduleResourceLoad: (parentPID=15116, pageProxyID=4, webPageID=5, frameID=12884901903, resourceID=1492, existingLoaderToResume=0)
  48.764 [com.apple.WebKit:Loading:4] 0x119088240 - [webProcessIdentifier=3] NetworkConnectionToWebProcess::resolveBlobReferences: (parentPID=15116, pageProxyID=4, webPageID=5, frameID=12884901903, resourceID=1492)
  48.794 [com.apple.WebKit:Loading:4] [pageID=5, frameID=12884901909] PolicyChecker::checkNavigationPolicy: continuing because this is an initial empty document
  48.824 [com.apple.WebKit:Loading:4] [pageID=5, frameID=12884901910] PolicyChecker::checkNavigationPolicy: continuing because this is an initial empty document
  48.851 [com.apple.WebKit:Loading:4] 0x119088240 - [webProcessIdentifier=3] NetworkConnectionToWebProcess::scheduleResourceLoad: (parentPID=15116, pageProxyID=4, webPageID=5, frameID=12884901910, resourceID=1513, existingLoaderToResume=0)
  48.851 [com.apple.WebKit:Loading:4] 0x119088240 - [webProcessIdentifier=3] NetworkConnectionToWebProcess::resolveBlobReferences: (parentPID=15116, pageProxyID=4, webPageID=5, frameID=12884901910, resourceID=1513)
  48.858 [com.apple.WebKit:Loading:4] 0x119088240 - [webProcessIdentifier=3] NetworkConnectionToWebProcess::scheduleResourceLoad: (parentPID=15116, pageProxyID=4, webPageID=5, frameID=4294967297, resourceID=1514, existingLoaderToResume=0)
  48.858 [com.apple.WebKit:Loading:4] 0x119088240 - [webProcessIdentifier=3] NetworkConnectionToWebProcess::resolveBlobReferences: (parentPID=15116, pageProxyID=4, webPageID=5, frameID=4294967297, resourceID=1514)
  49.655 [com.apple.WebKit:Loading:4] 0x119088240 - [webProcessIdentifier=3] NetworkConnectionToWebProcess::scheduleResourceLoad: (parentPID=15116, pageProxyID=4, webPageID=5, frameID=12884901910, resourceID=1522, existingLoaderToResume=0)
  49.655 [com.apple.WebKit:Loading:4] 0x119088240 - [webProcessIdentifier=3] NetworkConnectionToWebProcess::resolveBlobReferences: (parentPID=15116, pageProxyID=4, webPageID=5, frameID=12884901910, resourceID=1522)
  50.104 [com.apple.WebKit:Loading:4] [pageID=5, frameID=12884901911] PolicyChecker::checkNavigationPolicy: continuing because this policyAction from dispatchDecidePolicyForNavigationAction is Use
  50.115 [com.apple.WebKit:Loading:4] 0x119088240 - [webProcessIdentifier=3] NetworkConnectionToWebProcess::scheduleResourceLoad: (parentPID=15116, pageProxyID=4, webPageID=5, frameID=4294967297, resourceID=1541, existingLoaderToResume=0)
  50.115 [com.apple.WebKit:Loading:4] 0x119088240 - [webProcessIdentifier=3] NetworkConnectionToWebProcess::resolveBlobReferences: (parentPID=15116, pageProxyID=4, webPageID=5, frameID=4294967297, resourceID=1541)
  50.662 [com.apple.WebKit:Media:-] MediaElementSession::clientWillBeginAutoplaying(37C6601B34ACD22A) state = Idle
  50.663 [com.apple.WebKit:Media:-] MediaElementSession::setState(37C6601B34ACD22A) Autoplaying, canProduceAudio=false
  50.667 [com.apple.WebKit:Media:-] HTMLMediaElement::updateShouldPlay(37C6601B34ACD22A) autoplay blocked with reason: PageConsentRequired: Not enough data
  50.667 [com.apple.WebKit:Media:-] MediaElementSession::clientWillBeginAutoplaying(37C6601B34ACD22A) state = Autoplaying
  50.685 [com.apple.WebKit:Loading:4] 0x119088240 - [webProcessIdentifier=3] NetworkConnectionToWebProcess::scheduleResourceLoad: (parentPID=15116, pageProxyID=4, webPageID=5, frameID=12884901903, resourceID=1560, existingLoaderToResume=0)
  50.685 [com.apple.WebKit:Loading:4] 0x119088240 - [webProcessIdentifier=3] NetworkConnectionToWebProcess::resolveBlobReferences: (parentPID=15116, pageProxyID=4, webPageID=5, frameID=12884901903, resourceID=1560)
  50.793 [com.apple.WebKit:Loading:4] 0x119088240 - [webProcessIdentifier=3] NetworkConnectionToWebProcess::scheduleResourceLoad: (parentPID=15116, pageProxyID=4, webPageID=5, frameID=4294967297, resourceID=1561, existingLoaderToResume=0)
  50.793 [com.apple.WebKit:Loading:4] 0x119088240 - [webProcessIdentifier=3] NetworkConnectionToWebProcess::resolveBlobReferences: (parentPID=15116, pageProxyID=4, webPageID=5, frameID=4294967297, resourceID=1561)
  50.904 [com.apple.WebKit:Loading:4] 0x119088240 - [webProcessIdentifier=3] NetworkConnectionToWebProcess::scheduleResourceLoad: (parentPID=15116, pageProxyID=4, webPageID=5, frameID=4294967297, resourceID=1566, existingLoaderToResume=0)
  50.904 [com.apple.WebKit:Loading:4] 0x119088240 - [webProcessIdentifier=3] NetworkConnectionToWebProcess::resolveBlobReferences: (parentPID=15116, pageProxyID=4, webPageID=5, frameID=4294967297, resourceID=1566)
  50.920 [com.apple.WebKit:Loading:4] 0x119088240 - [webProcessIdentifier=3] NetworkConnectionToWebProcess::scheduleResourceLoad: (parentPID=15116, pageProxyID=4, webPageID=5, frameID=12884901903, resourceID=1567, existingLoaderToResume=0)
  50.920 [com.apple.WebKit:Loading:4] 0x119088240 - [webProcessIdentifier=3] NetworkConnectionToWebProcess::resolveBlobReferences: (parentPID=15116, pageProxyID=4, webPageID=5, frameID=12884901903, resourceID=1567)
  51.369 [com.apple.WebKit:Loading:4] 0x119088240 - [webProcessIdentifier=3] NetworkConnectionToWebProcess::scheduleResourceLoad: (parentPID=15116, pageProxyID=4, webPageID=5, frameID=4294967297, resourceID=1573, existingLoaderToResume=0)
  51.369 [com.apple.WebKit:Loading:4] 0x119088240 - [webProcessIdentifier=3] NetworkConnectionToWebProcess::resolveBlobReferences: (parentPID=15116, pageProxyID=4, webPageID=5, frameID=4294967297, resourceID=1573)
  51.379 [com.apple.WebKit:Media:-] MediaElementSession::clientWillBeginPlayback(37C6601B34ACD22A) state = Autoplaying
  51.465 [com.apple.WebKit:Media:-] MediaSessionManagerInterface::startSessionAdmission(0) 4019005387438871082
  51.465 [com.apple.WebKit:Media:-] MediaSessionManagerInterface::setCurrentSession(0) 4019005387438871082, size = 7
  51.465 [com.apple.WebKit:Media:-] MediaElementSession::setState(37C6601B34ACD22A) Playing, canProduceAudio=false
  51.465 [com.apple.WebKit:Media:-] MediaSessionManagerInterface::startSessionAdmission(0) 4019005387438871082 returning true
  51.672 tigeraudio32: playing 48000 Hz from /tmp/webkit-audio-15139-3
  51.697 [com.apple.WebKit:Media:-] MediaSessionManagerInterface::dumpSessionStates(0)  Sessions:
  51.697 (37C6601B34ACD22A): Video, Playing, 
  51.697 (4BC1F46CB72977F7): Audio, Playing, 
  51.697 (2A29E41B5D7EA09E): Video, Paused, 
  51.697 (EDB8FA24FCE00E33): Video, Paused, 
  51.697 (1CAF7F2A56B84305): Video, Paused, 
  51.697 (B0B77103A0A3912E): Video, Paused, 
  51.697 (F2B42ADAD6CAADCB): Video, Paused, 
  51.697 
  52.123 [com.apple.WebKit:Loading:4] 0x119088240 - [webProcessIdentifier=3] NetworkConnectionToWebProcess::scheduleResourceLoad: (parentPID=15116, pageProxyID=4, webPageID=5, frameID=12884901903, resourceID=1579, existingLoaderToResume=0)
  52.123 [com.apple.WebKit:Loading:4] 0x119088240 - [webProcessIdentifier=3] NetworkConnectionToWebProcess::resolveBlobReferences: (parentPID=15116, pageProxyID=4, webPageID=5, frameID=12884901903, resourceID=1579)
  52.800 [com.apple.WebKit:Layout:4] [webFrameID=4294967297, webPageID=5] WebLocalFrameLoaderClient::dispatchDidReachLayoutMilestone: dispatching DidReachLayoutMilestone (milestones=DidFirstMeaningfulPaint)
  53.065 [com.apple.WebKit:Loading:4] 0x119088240 - [webProcessIdentifier=3] NetworkConnectionToWebProcess::scheduleResourceLoad: (parentPID=15116, pageProxyID=4, webPageID=5, frameID=12884901910, resourceID=1595, existingLoaderToResume=0)
  53.065 [com.apple.WebKit:Loading:4] 0x119088240 - [webProcessIdentifier=3] NetworkConnectionToWebProcess::resolveBlobReferences: (parentPID=15116, pageProxyID=4, webPageID=5, frameID=12884901910, resourceID=1595)
  53.111 [com.apple.WebKit:Media:-] HTMLMediaElement::updateShouldPlay(EBA637F7C094549) autoplay blocked with reason: PageConsentRequired: Not enough data
  53.381 [com.apple.WebKit:Loading:4] 0x119088240 - [webProcessIdentifier=3] NetworkConnectionToWebProcess::scheduleResourceLoad: (parentPID=15116, pageProxyID=4, webPageID=5, frameID=4294967297, resourceID=1596, existingLoaderToResume=0)
  53.381 [com.apple.WebKit:Loading:4] 0x119088240 - [webProcessIdentifier=3] NetworkConnectionToWebProcess::resolveBlobReferences: (parentPID=15116, pageProxyID=4, webPageID=5, frameID=4294967297, resourceID=1596)
  53.387 [com.apple.WebKit:Loading:4] 0x119088240 - [webProcessIdentifier=3] NetworkConnectionToWebProcess::scheduleResourceLoad: (parentPID=15116, pageProxyID=4, webPageID=5, frameID=4294967297, resourceID=1597, existingLoaderToResume=0)
  53.387 [com.apple.WebKit:Loading:4] 0x119088240 - [webProcessIdentifier=3] NetworkConnectionToWebProcess::resolveBlobReferences: (parentPID=15116, pageProxyID=4, webPageID=5, frameID=4294967297, resourceID=1597)
  53.479 [com.apple.WebKit:Loading:4] 0x119088240 - [webProcessIdentifier=3] NetworkConnectionToWebProcess::scheduleResourceLoad: (parentPID=15116, pageProxyID=4, webPageID=5, frameID=4294967297, resourceID=1599, existingLoaderToResume=0)
  53.479 [com.apple.WebKit:Loading:4] 0x119088240 - [webProcessIdentifier=3] NetworkConnectionToWebProcess::resolveBlobReferences: (parentPID=15116, pageProxyID=4, webPageID=5, frameID=4294967297, resourceID=1599)
  53.482 [com.apple.WebKit:Loading:4] 0x119088240 - [webProcessIdentifier=3] NetworkConnectionToWebProcess::scheduleResourceLoad: (parentPID=15116, pageProxyID=4, webPageID=5, frameID=4294967297, resourceID=1600, existingLoaderToResume=0)
  53.482 [com.apple.WebKit:Loading:4] 0x119088240 - [webProcessIdentifier=3] NetworkConnectionToWebProcess::resolveBlobReferences: (parentPID=15116, pageProxyID=4, webPageID=5, frameID=4294967297, resourceID=1600)
  53.486 [com.apple.WebKit:Loading:4] 0x119088240 - [webProcessIdentifier=3] NetworkConnectionToWebProcess::scheduleResourceLoad: (parentPID=15116, pageProxyID=4, webPageID=5, frameID=4294967297, resourceID=1601, existingLoaderToResume=0)
  53.486 [com.apple.WebKit:Loading:4] 0x119088240 - [webProcessIdentifier=3] NetworkConnectionToWebProcess::resolveBlobReferences: (parentPID=15116, pageProxyID=4, webPageID=5, frameID=4294967297, resourceID=1601)
  53.591 [com.apple.WebKit:Loading:4] 0x119088240 - [webProcessIdentifier=3] NetworkConnectionToWebProcess::scheduleResourceLoad: (parentPID=15116, pageProxyID=4, webPageID=5, frameID=4294967297, resourceID=1602, existingLoaderToResume=0)
  53.591 [com.apple.WebKit:Loading:4] 0x119088240 - [webProcessIdentifier=3] NetworkConnectionToWebProcess::resolveBlobReferences: (parentPID=15116, pageProxyID=4, webPageID=5, frameID=4294967297, resourceID=1602)
  53.646 [com.apple.WebKit:Loading:4] 0x119088240 - [webProcessIdentifier=3] NetworkConnectionToWebProcess::scheduleResourceLoad: (parentPID=15116, pageProxyID=13, webPageID=14, frameID=12884901889, resourceID=1615, existingLoaderToResume=0)
  53.646 [com.apple.WebKit:Loading:4] 0x119088240 - [webProcessIdentifier=3] NetworkConnectionToWebProcess::resolveBlobReferences: (parentPID=15116, pageProxyID=13, webPageID=14, frameID=12884901889, resourceID=1615)
  53.646 [com.apple.WebKit:Loading:4] 0x119088240 - [webProcessIdentifier=3] NetworkConnectionToWebProcess::removeLoadIdentifier: Removing identifier 1602 and aborting corresponding loader
  53.650 [com.apple.WebKit:Loading:4] 0x119088240 - [webProcessIdentifier=3] NetworkConnectionToWebProcess::scheduleResourceLoad: (parentPID=15116, pageProxyID=4, webPageID=5, frameID=12884901910, resourceID=1617, existingLoaderToResume=0)
  53.650 [com.apple.WebKit:Loading:4] 0x119088240 - [webProcessIdentifier=3] NetworkConnectionToWebProcess::resolveBlobReferences: (parentPID=15116, pageProxyID=4, webPageID=5, frameID=12884901910, resourceID=1617)
  53.735 [com.apple.WebKit:Loading:4] 0x119088240 - [webProcessIdentifier=3] NetworkConnectionToWebProcess::scheduleResourceLoad: (parentPID=15116, pageProxyID=4, webPageID=5, frameID=4294967297, resourceID=1622, existingLoaderToResume=0)
  53.735 [com.apple.WebKit:Loading:4] 0x119088240 - [webProcessIdentifier=3] NetworkConnectionToWebProcess::resolveBlobReferences: (parentPID=15116, pageProxyID=4, webPageID=5, frameID=4294967297, resourceID=1622)
  53.740 tigeraudio32: t=25s read=0 write=21504 paused=1 underruns=0
  53.853 TIGER-MEDIA stall: clock=0.17 pendingVideo=3 untilDue=0.013 pendingAudio=0 ring=0/8192 basePts=1 eof=0 mseEnded=0 queues: v:0 a:0
  55.859 TIGER-MEDIA stall: clock=0.17 pendingVideo=3 untilDue=0.013 pendingAudio=0 ring=0/8192 basePts=1 eof=0 mseEnded=0 queues: v:0 a:0
  56.687 tigeraudio32: t=5s read=8192 write=8192 paused=0 underruns=417
  57.862 TIGER-MEDIA stall: clock=0.17 pendingVideo=3 untilDue=0.013 pendingAudio=0 ring=0/8192 basePts=1 eof=0 mseEnded=0 queues: v:0 a:0
  57.938 [com.apple.WebKit:Loading:4] 0x119088240 - [webProcessIdentifier=3] NetworkConnectionToWebProcess::scheduleResourceLoad: (parentPID=15116, pageProxyID=13, webPageID=14, frameID=12884901889, resourceID=1633, existingLoaderToResume=0)
  57.938 [com.apple.WebKit:Loading:4] 0x119088240 - [webProcessIdentifier=3] NetworkConnectionToWebProcess::resolveBlobReferences: (parentPID=15116, pageProxyID=13, webPageID=14, frameID=12884901889, resourceID=1633)
  57.943 [com.apple.WebKit:Loading:4] 0x119088240 - [webProcessIdentifier=3] NetworkConnectionToWebProcess::removeLoadIdentifier: Removing identifier 1622 and aborting corresponding loader
  58.743 tigeraudio32: t=30s read=0 write=21504 paused=1 underruns=0
  59.863 TIGER-MEDIA stall: clock=0.17 pendingVideo=3 untilDue=0.013 pendingAudio=0 ring=0/8192 basePts=1 eof=0 mseEnded=0 queues: v:0 a:0
  60.024 [com.apple.WebKit:Loading:4] 0x119088240 - [webProcessIdentifier=3] NetworkConnectionToWebProcess::scheduleResourceLoad: (parentPID=15116, pageProxyID=4, webPageID=5, frameID=12884901903, resourceID=1639, existingLoaderToResume=0)
  60.024 [com.apple.WebKit:Loading:4] 0x119088240 - [webProcessIdentifier=3] NetworkConnectionToWebProcess::resolveBlobReferences: (parentPID=15116, pageProxyID=4, webPageID=5, frameID=12884901903, resourceID=1639)
  60.147 [com.apple.WebKit:Loading:4] 0x119088240 - [webProcessIdentifier=3] NetworkConnectionToWebProcess::scheduleResourceLoad: (parentPID=15116, pageProxyID=4, webPageID=5, frameID=12884901910, resourceID=1641, existingLoaderToResume=0)
  60.147 [com.apple.WebKit:Loading:4] 0x119088240 - [webProcessIdentifier=3] NetworkConnectionToWebProcess::resolveBlobReferences: (parentPID=15116, pageProxyID=4, webPageID=5, frameID=12884901910, resourceID=1641)
  60.859 [com.apple.WebKit:Loading:4] 0x119088240 - [webProcessIdentifier=3] NetworkConnectionToWebProcess::scheduleResourceLoad: (parentPID=15116, pageProxyID=4, webPageID=5, frameID=4294967297, resourceID=1743, existingLoaderToResume=0)
  60.859 [com.apple.WebKit:Loading:4] 0x119088240 - [webProcessIdentifier=3] NetworkConnectionToWebProcess::resolveBlobReferences: (parentPID=15116, pageProxyID=4, webPageID=5, frameID=4294967297, resourceID=1743)
  61.693 tigeraudio32: t=10s read=8192 write=8192 paused=0 underruns=849
  61.866 TIGER-MEDIA stall: clock=0.17 pendingVideo=3 untilDue=0.013 pendingAudio=0 ring=0/8192 basePts=1 eof=0 mseEnded=0 queues: v:0 a:0
  62.572 [com.apple.WebKit:Loading:4] 0x119088240 - [webProcessIdentifier=3] NetworkConnectionToWebProcess::removeLoadIdentifier: Removing identifier 1743 and aborting corresponding loader
  63.745 tigeraudio32: t=35s read=0 write=21504 paused=1 underruns=0
  63.871 TIGER-MEDIA stall: clock=0.17 pendingVideo=3 untilDue=0.013 pendingAudio=0 ring=0/8192 basePts=1 eof=0 mseEnded=0 queues: v:0 a:0
  65.873 TIGER-MEDIA stall: clock=0.17 pendingVideo=3 untilDue=0.013 pendingAudio=0 ring=0/8192 basePts=1 eof=0 mseEnded=0 queues: v:0 a:0
  65.889 [com.apple.WebKit:Loading:4] 0x119088240 - [webProcessIdentifier=3] NetworkConnectionToWebProcess::scheduleResourceLoad: (parentPID=15116, pageProxyID=4, webPageID=5, frameID=4294967297, resourceID=1846, existingLoaderToResume=0)
  65.889 [com.apple.WebKit:Loading:4] 0x119088240 - [webProcessIdentifier=3] NetworkConnectionToWebProcess::resolveBlobReferences: (parentPID=15116, pageProxyID=4, webPageID=5, frameID=4294967297, resourceID=1846)
  65.903 [com.apple.WebKit:Loading:4] 0x119088240 - [webProcessIdentifier=3] NetworkConnectionToWebProcess::removeLoadIdentifier: Removing identifier 1846 and aborting corresponding loader
  65.937 [com.apple.WebKit:Loading:4] 0x119088240 - [webProcessIdentifier=3] NetworkConnectionToWebProcess::scheduleResourceLoad: (parentPID=15116, pageProxyID=4, webPageID=5, frameID=12884901910, resourceID=1852, existingLoaderToResume=0)
  65.937 [com.apple.WebKit:Loading:4] 0x119088240 - [webProcessIdentifier=3] NetworkConnectionToWebProcess::resolveBlobReferences: (parentPID=15116, pageProxyID=4, webPageID=5, frameID=12884901910, resourceID=1852)
  66.694 tigeraudio32: t=15s read=8192 write=8192 paused=0 underruns=1279
  67.875 TIGER-MEDIA stall: clock=0.17 pendingVideo=3 untilDue=0.013 pendingAudio=0 ring=0/8192 basePts=1 eof=0 mseEnded=0 queues: v:0 a:0
  68.751 tigeraudio32: t=40s read=0 write=21504 paused=1 underruns=0
  69.881 TIGER-MEDIA stall: clock=0.17 pendingVideo=3 untilDue=0.013 pendingAudio=0 ring=0/8192 basePts=1 eof=0 mseEnded=0 queues: v:0 a:0
  70.290 [com.apple.WebKit:Loading:4] 0x119088240 - [webProcessIdentifier=3] NetworkConnectionToWebProcess::scheduleResourceLoad: (parentPID=15116, pageProxyID=4, webPageID=5, frameID=4294967297, resourceID=1967, existingLoaderToResume=0)
  70.290 [com.apple.WebKit:Loading:4] 0x119088240 - [webProcessIdentifier=3] NetworkConnectionToWebProcess::resolveBlobReferences: (parentPID=15116, pageProxyID=4, webPageID=5, frameID=4294967297, resourceID=1967)
  70.748 [com.apple.WebKit:Loading:4] 0x119088240 - [webProcessIdentifier=3] NetworkConnectionToWebProcess::scheduleResourceLoad: (parentPID=15116, pageProxyID=4, webPageID=5, frameID=4294967297, resourceID=1969, existingLoaderToResume=0)
  70.748 [com.apple.WebKit:Loading:4] 0x119088240 - [webProcessIdentifier=3] NetworkConnectionToWebProcess::resolveBlobReferences: (parentPID=15116, pageProxyID=4, webPageID=5, frameID=4294967297, resourceID=1969)
  71.708 tigeraudio32: t=20s read=8192 write=8192 paused=0 underruns=1711
  71.883 TIGER-MEDIA stall: clock=0.17 pendingVideo=3 untilDue=0.013 pendingAudio=0 ring=0/8192 basePts=1 eof=0 mseEnded=0 queues: v:0 a:0
  73.757 tigeraudio32: t=45s read=0 write=21504 paused=1 underruns=0
  73.891 TIGER-MEDIA stall: clock=0.17 pendingVideo=3 untilDue=0.013 pendingAudio=0 ring=0/8192 basePts=1 eof=0 mseEnded=0 queues: v:0 a:0
  74.209 [com.apple.WebKit:Loading:4] 0x119088240 - [webProcessIdentifier=3] NetworkConnectionToWebProcess::scheduleResourceLoad: (parentPID=15116, pageProxyID=4, webPageID=5, frameID=4294967297, resourceID=1987, existingLoaderToResume=0)
  74.209 [com.apple.WebKit:Loading:4] 0x119088240 - [webProcessIdentifier=3] NetworkConnectionToWebProcess::resolveBlobReferences: (parentPID=15116, pageProxyID=4, webPageID=5, frameID=4294967297, resourceID=1987)
  74.220 [com.apple.WebKit:Loading:4] 0x119088240 - [webProcessIdentifier=3] NetworkConnectionToWebProcess::scheduleResourceLoad: (parentPID=15116, pageProxyID=4, webPageID=5, frameID=4294967297, resourceID=1990, existingLoaderToResume=0)
  74.220 [com.apple.WebKit:Loading:4] 0x119088240 - [webProcessIdentifier=3] NetworkConnectionToWebProcess::resolveBlobReferences: (parentPID=15116, pageProxyID=4, webPageID=5, frameID=4294967297, resourceID=1990)
  74.283 [com.apple.WebKit:Loading:4] 0x119088240 - [webProcessIdentifier=3] NetworkConnectionToWebProcess::scheduleResourceLoad: (parentPID=15116, pageProxyID=4, webPageID=5, frameID=4294967297, resourceID=1995, existingLoaderToResume=0)
  74.283 [com.apple.WebKit:Loading:4] 0x119088240 - [webProcessIdentifier=3] NetworkConnectionToWebProcess::resolveBlobReferences: (parentPID=15116, pageProxyID=4, webPageID=5, frameID=4294967297, resourceID=1995)
  74.305 [com.apple.WebKit:Loading:4] 0x119088240 - [webProcessIdentifier=3] NetworkConnectionToWebProcess::scheduleResourceLoad: (parentPID=15116, pageProxyID=4, webPageID=5, frameID=4294967297, resourceID=2002, existingLoaderToResume=0)
  74.305 [com.apple.WebKit:Loading:4] 0x119088240 - [webProcessIdentifier=3] NetworkConnectionToWebProcess::resolveBlobReferences: (parentPID=15116, pageProxyID=4, webPageID=5, frameID=4294967297, resourceID=2002)
  74.480 [com.apple.WebKit:Loading:4] 0x119088240 - [webProcessIdentifier=3] NetworkConnectionToWebProcess::scheduleResourceLoad: (parentPID=15116, pageProxyID=4, webPageID=5, frameID=4294967297, resourceID=2013, existingLoaderToResume=0)
  74.480 [com.apple.WebKit:Loading:4] 0x119088240 - [webProcessIdentifier=3] NetworkConnectionToWebProcess::resolveBlobReferences: (parentPID=15116, pageProxyID=4, webPageID=5, frameID=4294967297, resourceID=2013)
  74.520 [com.apple.WebKit:Loading:4] 0x119088240 - [webProcessIdentifier=3] NetworkConnectionToWebProcess::scheduleResourceLoad: (parentPID=15116, pageProxyID=4, webPageID=5, frameID=4294967297, resourceID=2020, existingLoaderToResume=0)
  74.520 [com.apple.WebKit:Loading:4] 0x119088240 - [webProcessIdentifier=3] NetworkConnectionToWebProcess::resolveBlobReferences: (parentPID=15116, pageProxyID=4, webPageID=5, frameID=4294967297, resourceID=2020)
  75.783 TIGER-EXIT pid 0x3b0c
  75.783  thread 0x117 state-kr 0x0 pc 0x90009817 leaf mach_msg_trap+0x7 frames: 0x90009817 0x9004626a 0x2dd615
  75.805 TIGER-EXIT pid 0x3b24
  75.805  thread 0xd03 state-kr 0x0 pc 0x10b6dfe4e leaf mach_msg_trap+0xa frames: 0x10b6dfe4e 0x10b69511d 0x1003286fd 0x10b684c75 0x10b684a0c 0x100001893 0x1000017a1 0x3
  76.518 tigeraudio32: exit, underruns 0
  76.570 tigeraudio32: exit, underruns 2128
