   0.359 2026-09-23 12:51:36.772 TigerBrowser2[23277] *** _NSAutoreleaseNoPool(): Object 0x7c09170 of class NSCFString autoreleased with no pool in place - just leaking
   0.996 Unknown logging channel: Loading
   0.996 Unknown logging channel: Layout
   1.005 Unknown logging channel: Loading
   1.005 Unknown logging channel: Layout
   1.012 [com.apple.WebKit:Process:4] getNetworkProcessConnection: Request connection for core identifier 3
   1.016 [com.apple.WebKit:Process:4] 0x119030190 - NetworkProcess::initializeNetworkProcess: Presenting processPID=23281
   1.018 [com.apple.WebKit:Process:4] 0x119030190 - NetworkProcess::createNetworkConnectionToWebProcess: Create connection for web process core identifier 3
   1.025 [com.apple.WebKit:Process:4] 0x119088240 - NetworkConnectionToWebProcess::NetworkConnectionToWebProcess: Create connection for web process core identifier 3
   1.026 [com.apple.WebKit:Process:4] 0x119088240 - NetworkConnectionToWebProcess::NetworkConnectionToWebProcess: Connection for web process core identifier 3 established service worker server connection
   1.026 [com.apple.WebKit:Process:4] 0x119088240 - NetworkConnectionToWebProcess::NetworkConnectionToWebProcess: Connection for web process core identifier 3 established shared worker connection
   1.026 [com.apple.WebKit:Process:4] 0x119030190 - NetworkProcess::createNetworkConnectionToWebProcess: Finished creating connection for web process core identifier 3, notifying the UI process
   1.054 [com.apple.WebKit:Process:4] 0x119030190 - NetworkProcess::createNetworkConnectionToWebProcess: Handed off connect for web process core identifier 3 to the UI process
   1.175 [com.apple.WebKit:Process:4] 0x1190300c0 - [sessionID=1] WebProcess::initializeWebProcess: Presenting processPID=23277
   1.180 [com.apple.WebKit:Loading:4] 0x119118b80 - [webPageID=5] WebPage::constructor:
   1.231 [com.apple.WebKit:Loading:4] WebPreferencesStore: non-default preferences: UseGPUProcessForDOMRenderingEnabled=false, AcceleratedCompositingEnabled=false
   1.259 TIGER script: wait 20
   1.308 [com.apple.WebKit:Layout:4] [webFrameID=4294967297, webPageID=5] WebLocalFrameLoaderClient::completePageTransitionIfNeeded: dispatching didCompletePageTransition
   1.311 [com.apple.WebKit:Loading:4] [webPageID=5] WebPage::loadRequest: navigationID=11, shouldTreatAsContinuingLoad=0, lastNavigationWasAppInitiated=1, existingNetworkResourceLoadIdentifierToResume=0
   1.354 [com.apple.WebKit:Loading:4] [pageID=5, frameID=4294967297] PolicyChecker::checkNavigationPolicy: continuing because this policyAction from dispatchDecidePolicyForNavigationAction is Use
   1.360 [com.apple.WebKit:Loading:4] 0x119088240 - [webProcessIdentifier=3] NetworkConnectionToWebProcess::scheduleResourceLoad: (parentPID=23277, pageProxyID=4, webPageID=5, frameID=4294967297, resourceID=9, existingLoaderToResume=0)
   1.360 [com.apple.WebKit:Loading:4] 0x119088240 - [webProcessIdentifier=3] NetworkConnectionToWebProcess::scheduleResourceLoad: Deferring resource load until service worker registrations for origin are imported
   1.363 [com.apple.WebKit:Loading:4] 0x119088240 - [webProcessIdentifier=3] NetworkConnectionToWebProcess::scheduleResourceLoad: (parentPID=23277, pageProxyID=4, webPageID=5, frameID=4294967297, resourceID=9, existingLoaderToResume=0)
   1.364 [com.apple.WebKit:Loading:4] 0x119088240 - [webProcessIdentifier=3] NetworkConnectionToWebProcess::resolveBlobReferences: (parentPID=23277, pageProxyID=4, webPageID=5, frameID=4294967297, resourceID=9)
   1.855 [com.apple.WebKit:Loading:4] 0x119088240 - [webProcessIdentifier=3] NetworkConnectionToWebProcess::scheduleResourceLoad: (parentPID=23277, pageProxyID=4, webPageID=5, frameID=4294967297, resourceID=16, existingLoaderToResume=0)
   1.855 [com.apple.WebKit:Loading:4] 0x119088240 - [webProcessIdentifier=3] NetworkConnectionToWebProcess::resolveBlobReferences: (parentPID=23277, pageProxyID=4, webPageID=5, frameID=4294967297, resourceID=16)
   1.858 [com.apple.WebKit:Loading:4] 0x119088240 - [webProcessIdentifier=3] NetworkConnectionToWebProcess::scheduleResourceLoad: (parentPID=23277, pageProxyID=4, webPageID=5, frameID=4294967297, resourceID=17, existingLoaderToResume=0)
   1.858 [com.apple.WebKit:Loading:4] 0x119088240 - [webProcessIdentifier=3] NetworkConnectionToWebProcess::resolveBlobReferences: (parentPID=23277, pageProxyID=4, webPageID=5, frameID=4294967297, resourceID=17)
   1.880 [com.apple.WebKit:Loading:4] 0x119088240 - [webProcessIdentifier=3] NetworkConnectionToWebProcess::scheduleResourceLoad: (parentPID=23277, pageProxyID=4, webPageID=5, frameID=4294967297, resourceID=18, existingLoaderToResume=0)
   1.881 [com.apple.WebKit:Loading:4] 0x119088240 - [webProcessIdentifier=3] NetworkConnectionToWebProcess::resolveBlobReferences: (parentPID=23277, pageProxyID=4, webPageID=5, frameID=4294967297, resourceID=18)
   1.881 [com.apple.WebKit:Loading:4] 0x119088240 - [webProcessIdentifier=3] NetworkConnectionToWebProcess::scheduleResourceLoad: (parentPID=23277, pageProxyID=4, webPageID=5, frameID=4294967297, resourceID=19, existingLoaderToResume=0)
   1.882 [com.apple.WebKit:Loading:4] 0x119088240 - [webProcessIdentifier=3] NetworkConnectionToWebProcess::resolveBlobReferences: (parentPID=23277, pageProxyID=4, webPageID=5, frameID=4294967297, resourceID=19)
   1.883 [com.apple.WebKit:Loading:4] 0x119088240 - [webProcessIdentifier=3] NetworkConnectionToWebProcess::scheduleResourceLoad: (parentPID=23277, pageProxyID=4, webPageID=5, frameID=4294967297, resourceID=20, existingLoaderToResume=0)
   1.883 [com.apple.WebKit:Loading:4] 0x119088240 - [webProcessIdentifier=3] NetworkConnectionToWebProcess::resolveBlobReferences: (parentPID=23277, pageProxyID=4, webPageID=5, frameID=4294967297, resourceID=20)
   1.884 [com.apple.WebKit:Loading:4] 0x119088240 - [webProcessIdentifier=3] NetworkConnectionToWebProcess::scheduleResourceLoad: (parentPID=23277, pageProxyID=4, webPageID=5, frameID=4294967297, resourceID=21, existingLoaderToResume=0)
   1.884 [com.apple.WebKit:Loading:4] 0x119088240 - [webProcessIdentifier=3] NetworkConnectionToWebProcess::resolveBlobReferences: (parentPID=23277, pageProxyID=4, webPageID=5, frameID=4294967297, resourceID=21)
   1.884 [com.apple.WebKit:Loading:4] 0x119088240 - [webProcessIdentifier=3] NetworkConnectionToWebProcess::scheduleResourceLoad: (parentPID=23277, pageProxyID=4, webPageID=5, frameID=4294967297, resourceID=22, existingLoaderToResume=0)
   1.884 [com.apple.WebKit:Loading:4] 0x119088240 - [webProcessIdentifier=3] NetworkConnectionToWebProcess::resolveBlobReferences: (parentPID=23277, pageProxyID=4, webPageID=5, frameID=4294967297, resourceID=22)
   1.884 [com.apple.WebKit:Loading:4] 0x119088240 - [webProcessIdentifier=3] NetworkConnectionToWebProcess::scheduleResourceLoad: (parentPID=23277, pageProxyID=4, webPageID=5, frameID=4294967297, resourceID=23, existingLoaderToResume=0)
   1.884 [com.apple.WebKit:Loading:4] 0x119088240 - [webProcessIdentifier=3] NetworkConnectionToWebProcess::resolveBlobReferences: (parentPID=23277, pageProxyID=4, webPageID=5, frameID=4294967297, resourceID=23)
   1.885 [com.apple.WebKit:Loading:4] 0x119088240 - [webProcessIdentifier=3] NetworkConnectionToWebProcess::scheduleResourceLoad: (parentPID=23277, pageProxyID=4, webPageID=5, frameID=4294967297, resourceID=24, existingLoaderToResume=0)
   1.885 [com.apple.WebKit:Loading:4] 0x119088240 - [webProcessIdentifier=3] NetworkConnectionToWebProcess::resolveBlobReferences: (parentPID=23277, pageProxyID=4, webPageID=5, frameID=4294967297, resourceID=24)
   1.885 [com.apple.WebKit:Loading:4] 0x119088240 - [webProcessIdentifier=3] NetworkConnectionToWebProcess::scheduleResourceLoad: (parentPID=23277, pageProxyID=4, webPageID=5, frameID=4294967297, resourceID=25, existingLoaderToResume=0)
   1.885 [com.apple.WebKit:Loading:4] 0x119088240 - [webProcessIdentifier=3] NetworkConnectionToWebProcess::resolveBlobReferences: (parentPID=23277, pageProxyID=4, webPageID=5, frameID=4294967297, resourceID=25)
   1.885 [com.apple.WebKit:Loading:4] 0x119088240 - [webProcessIdentifier=3] NetworkConnectionToWebProcess::scheduleResourceLoad: (parentPID=23277, pageProxyID=4, webPageID=5, frameID=4294967297, resourceID=26, existingLoaderToResume=0)
   1.885 [com.apple.WebKit:Loading:4] 0x119088240 - [webProcessIdentifier=3] NetworkConnectionToWebProcess::resolveBlobReferences: (parentPID=23277, pageProxyID=4, webPageID=5, frameID=4294967297, resourceID=26)
   2.048 [com.apple.WebKit:Loading:4] 0x119088240 - [webProcessIdentifier=3] NetworkConnectionToWebProcess::scheduleResourceLoad: (parentPID=23277, pageProxyID=4, webPageID=5, frameID=4294967297, resourceID=28, existingLoaderToResume=0)
   2.048 [com.apple.WebKit:Loading:4] 0x119088240 - [webProcessIdentifier=3] NetworkConnectionToWebProcess::resolveBlobReferences: (parentPID=23277, pageProxyID=4, webPageID=5, frameID=4294967297, resourceID=28)
   2.050 [com.apple.WebKit:Loading:4] 0x119088240 - [webProcessIdentifier=3] NetworkConnectionToWebProcess::scheduleResourceLoad: (parentPID=23277, pageProxyID=4, webPageID=5, frameID=4294967297, resourceID=29, existingLoaderToResume=0)
   2.050 [com.apple.WebKit:Loading:4] 0x119088240 - [webProcessIdentifier=3] NetworkConnectionToWebProcess::resolveBlobReferences: (parentPID=23277, pageProxyID=4, webPageID=5, frameID=4294967297, resourceID=29)
   2.051 [com.apple.WebKit:Loading:4] 0x119088240 - [webProcessIdentifier=3] NetworkConnectionToWebProcess::scheduleResourceLoad: (parentPID=23277, pageProxyID=4, webPageID=5, frameID=4294967297, resourceID=30, existingLoaderToResume=0)
   2.051 [com.apple.WebKit:Loading:4] 0x119088240 - [webProcessIdentifier=3] NetworkConnectionToWebProcess::resolveBlobReferences: (parentPID=23277, pageProxyID=4, webPageID=5, frameID=4294967297, resourceID=30)
   2.051 [com.apple.WebKit:Loading:4] 0x119088240 - [webProcessIdentifier=3] NetworkConnectionToWebProcess::scheduleResourceLoad: (parentPID=23277, pageProxyID=4, webPageID=5, frameID=4294967297, resourceID=31, existingLoaderToResume=0)
   2.052 [com.apple.WebKit:Loading:4] 0x119088240 - [webProcessIdentifier=3] NetworkConnectionToWebProcess::resolveBlobReferences: (parentPID=23277, pageProxyID=4, webPageID=5, frameID=4294967297, resourceID=31)
   2.052 [com.apple.WebKit:Loading:4] 0x119088240 - [webProcessIdentifier=3] NetworkConnectionToWebProcess::scheduleResourceLoad: (parentPID=23277, pageProxyID=4, webPageID=5, frameID=4294967297, resourceID=32, existingLoaderToResume=0)
   2.052 [com.apple.WebKit:Loading:4] 0x119088240 - [webProcessIdentifier=3] NetworkConnectionToWebProcess::resolveBlobReferences: (parentPID=23277, pageProxyID=4, webPageID=5, frameID=4294967297, resourceID=32)
   2.052 [com.apple.WebKit:Loading:4] 0x119088240 - [webProcessIdentifier=3] NetworkConnectionToWebProcess::scheduleResourceLoad: (parentPID=23277, pageProxyID=4, webPageID=5, frameID=4294967297, resourceID=33, existingLoaderToResume=0)
   2.053 [com.apple.WebKit:Loading:4] 0x119088240 - [webProcessIdentifier=3] NetworkConnectionToWebProcess::resolveBlobReferences: (parentPID=23277, pageProxyID=4, webPageID=5, frameID=4294967297, resourceID=33)
   2.053 [com.apple.WebKit:Loading:4] 0x119088240 - [webProcessIdentifier=3] NetworkConnectionToWebProcess::scheduleResourceLoad: (parentPID=23277, pageProxyID=4, webPageID=5, frameID=4294967297, resourceID=34, existingLoaderToResume=0)
   2.053 [com.apple.WebKit:Loading:4] 0x119088240 - [webProcessIdentifier=3] NetworkConnectionToWebProcess::resolveBlobReferences: (parentPID=23277, pageProxyID=4, webPageID=5, frameID=4294967297, resourceID=34)
   2.054 [com.apple.WebKit:Loading:4] 0x119088240 - [webProcessIdentifier=3] NetworkConnectionToWebProcess::scheduleResourceLoad: (parentPID=23277, pageProxyID=4, webPageID=5, frameID=4294967297, resourceID=35, existingLoaderToResume=0)
   2.055 [com.apple.WebKit:Loading:4] 0x119088240 - [webProcessIdentifier=3] NetworkConnectionToWebProcess::resolveBlobReferences: (parentPID=23277, pageProxyID=4, webPageID=5, frameID=4294967297, resourceID=35)
   2.055 [com.apple.WebKit:Loading:4] 0x119088240 - [webProcessIdentifier=3] NetworkConnectionToWebProcess::scheduleResourceLoad: (parentPID=23277, pageProxyID=4, webPageID=5, frameID=4294967297, resourceID=36, existingLoaderToResume=0)
   2.055 [com.apple.WebKit:Loading:4] 0x119088240 - [webProcessIdentifier=3] NetworkConnectionToWebProcess::resolveBlobReferences: (parentPID=23277, pageProxyID=4, webPageID=5, frameID=4294967297, resourceID=36)
   2.055 [com.apple.WebKit:Loading:4] 0x119088240 - [webProcessIdentifier=3] NetworkConnectionToWebProcess::scheduleResourceLoad: (parentPID=23277, pageProxyID=4, webPageID=5, frameID=4294967297, resourceID=37, existingLoaderToResume=0)
   2.055 [com.apple.WebKit:Loading:4] 0x119088240 - [webProcessIdentifier=3] NetworkConnectionToWebProcess::resolveBlobReferences: (parentPID=23277, pageProxyID=4, webPageID=5, frameID=4294967297, resourceID=37)
   2.055 [com.apple.WebKit:Loading:4] 0x119088240 - [webProcessIdentifier=3] NetworkConnectionToWebProcess::scheduleResourceLoad: (parentPID=23277, pageProxyID=4, webPageID=5, frameID=4294967297, resourceID=38, existingLoaderToResume=0)
   2.055 [com.apple.WebKit:Loading:4] 0x119088240 - [webProcessIdentifier=3] NetworkConnectionToWebProcess::resolveBlobReferences: (parentPID=23277, pageProxyID=4, webPageID=5, frameID=4294967297, resourceID=38)
   2.057 [com.apple.WebKit:Loading:4] 0x119088240 - [webProcessIdentifier=3] NetworkConnectionToWebProcess::scheduleResourceLoad: (parentPID=23277, pageProxyID=4, webPageID=5, frameID=4294967297, resourceID=39, existingLoaderToResume=0)
   2.058 [com.apple.WebKit:Loading:4] 0x119088240 - [webProcessIdentifier=3] NetworkConnectionToWebProcess::resolveBlobReferences: (parentPID=23277, pageProxyID=4, webPageID=5, frameID=4294967297, resourceID=39)
   2.058 [com.apple.WebKit:Loading:4] 0x119088240 - [webProcessIdentifier=3] NetworkConnectionToWebProcess::scheduleResourceLoad: (parentPID=23277, pageProxyID=4, webPageID=5, frameID=4294967297, resourceID=40, existingLoaderToResume=0)
   2.058 [com.apple.WebKit:Loading:4] 0x119088240 - [webProcessIdentifier=3] NetworkConnectionToWebProcess::resolveBlobReferences: (parentPID=23277, pageProxyID=4, webPageID=5, frameID=4294967297, resourceID=40)
   2.058 [com.apple.WebKit:Loading:4] 0x119088240 - [webProcessIdentifier=3] NetworkConnectionToWebProcess::scheduleResourceLoad: (parentPID=23277, pageProxyID=4, webPageID=5, frameID=4294967297, resourceID=41, existingLoaderToResume=0)
   2.058 [com.apple.WebKit:Loading:4] 0x119088240 - [webProcessIdentifier=3] NetworkConnectionToWebProcess::resolveBlobReferences: (parentPID=23277, pageProxyID=4, webPageID=5, frameID=4294967297, resourceID=41)
   2.059 [com.apple.WebKit:Loading:4] 0x119088240 - [webProcessIdentifier=3] NetworkConnectionToWebProcess::scheduleResourceLoad: (parentPID=23277, pageProxyID=4, webPageID=5, frameID=4294967297, resourceID=42, existingLoaderToResume=0)
   2.059 [com.apple.WebKit:Loading:4] 0x119088240 - [webProcessIdentifier=3] NetworkConnectionToWebProcess::resolveBlobReferences: (parentPID=23277, pageProxyID=4, webPageID=5, frameID=4294967297, resourceID=42)
   2.061 [com.apple.WebKit:Loading:4] 0x119088240 - [webProcessIdentifier=3] NetworkConnectionToWebProcess::scheduleResourceLoad: (parentPID=23277, pageProxyID=4, webPageID=5, frameID=4294967297, resourceID=43, existingLoaderToResume=0)
   2.061 [com.apple.WebKit:Loading:4] 0x119088240 - [webProcessIdentifier=3] NetworkConnectionToWebProcess::resolveBlobReferences: (parentPID=23277, pageProxyID=4, webPageID=5, frameID=4294967297, resourceID=43)
   2.061 [com.apple.WebKit:Loading:4] 0x119088240 - [webProcessIdentifier=3] NetworkConnectionToWebProcess::scheduleResourceLoad: (parentPID=23277, pageProxyID=4, webPageID=5, frameID=4294967297, resourceID=44, existingLoaderToResume=0)
   2.061 [com.apple.WebKit:Loading:4] 0x119088240 - [webProcessIdentifier=3] NetworkConnectionToWebProcess::resolveBlobReferences: (parentPID=23277, pageProxyID=4, webPageID=5, frameID=4294967297, resourceID=44)
   2.065 [com.apple.WebKit:Loading:4] 0x119088240 - [webProcessIdentifier=3] NetworkConnectionToWebProcess::scheduleResourceLoad: (parentPID=23277, pageProxyID=4, webPageID=5, frameID=4294967297, resourceID=45, existingLoaderToResume=0)
   2.065 [com.apple.WebKit:Loading:4] 0x119088240 - [webProcessIdentifier=3] NetworkConnectionToWebProcess::resolveBlobReferences: (parentPID=23277, pageProxyID=4, webPageID=5, frameID=4294967297, resourceID=45)
   2.066 [com.apple.WebKit:Loading:4] 0x119088240 - [webProcessIdentifier=3] NetworkConnectionToWebProcess::scheduleResourceLoad: (parentPID=23277, pageProxyID=4, webPageID=5, frameID=4294967297, resourceID=46, existingLoaderToResume=0)
   2.066 [com.apple.WebKit:Loading:4] 0x119088240 - [webProcessIdentifier=3] NetworkConnectionToWebProcess::resolveBlobReferences: (parentPID=23277, pageProxyID=4, webPageID=5, frameID=4294967297, resourceID=46)
   2.066 [com.apple.WebKit:Loading:4] 0x119088240 - [webProcessIdentifier=3] NetworkConnectionToWebProcess::scheduleResourceLoad: (parentPID=23277, pageProxyID=4, webPageID=5, frameID=4294967297, resourceID=47, existingLoaderToResume=0)
   2.066 [com.apple.WebKit:Loading:4] 0x119088240 - [webProcessIdentifier=3] NetworkConnectionToWebProcess::resolveBlobReferences: (parentPID=23277, pageProxyID=4, webPageID=5, frameID=4294967297, resourceID=47)
   2.067 [com.apple.WebKit:Loading:4] 0x119088240 - [webProcessIdentifier=3] NetworkConnectionToWebProcess::scheduleResourceLoad: (parentPID=23277, pageProxyID=4, webPageID=5, frameID=4294967297, resourceID=48, existingLoaderToResume=0)
   2.067 [com.apple.WebKit:Loading:4] 0x119088240 - [webProcessIdentifier=3] NetworkConnectionToWebProcess::resolveBlobReferences: (parentPID=23277, pageProxyID=4, webPageID=5, frameID=4294967297, resourceID=48)
   2.069 [com.apple.WebKit:Loading:4] 0x119088240 - [webProcessIdentifier=3] NetworkConnectionToWebProcess::scheduleResourceLoad: (parentPID=23277, pageProxyID=4, webPageID=5, frameID=4294967297, resourceID=49, existingLoaderToResume=0)
   2.069 [com.apple.WebKit:Loading:4] 0x119088240 - [webProcessIdentifier=3] NetworkConnectionToWebProcess::resolveBlobReferences: (parentPID=23277, pageProxyID=4, webPageID=5, frameID=4294967297, resourceID=49)
   2.069 [com.apple.WebKit:Loading:4] 0x119088240 - [webProcessIdentifier=3] NetworkConnectionToWebProcess::scheduleResourceLoad: (parentPID=23277, pageProxyID=4, webPageID=5, frameID=4294967297, resourceID=50, existingLoaderToResume=0)
   2.069 [com.apple.WebKit:Loading:4] 0x119088240 - [webProcessIdentifier=3] NetworkConnectionToWebProcess::resolveBlobReferences: (parentPID=23277, pageProxyID=4, webPageID=5, frameID=4294967297, resourceID=50)
   2.069 [com.apple.WebKit:Loading:4] 0x119088240 - [webProcessIdentifier=3] NetworkConnectionToWebProcess::scheduleResourceLoad: (parentPID=23277, pageProxyID=4, webPageID=5, frameID=4294967297, resourceID=51, existingLoaderToResume=0)
   2.069 [com.apple.WebKit:Loading:4] 0x119088240 - [webProcessIdentifier=3] NetworkConnectionToWebProcess::resolveBlobReferences: (parentPID=23277, pageProxyID=4, webPageID=5, frameID=4294967297, resourceID=51)
   2.070 [com.apple.WebKit:Loading:4] 0x119088240 - [webProcessIdentifier=3] NetworkConnectionToWebProcess::scheduleResourceLoad: (parentPID=23277, pageProxyID=4, webPageID=5, frameID=4294967297, resourceID=52, existingLoaderToResume=0)
   2.070 [com.apple.WebKit:Loading:4] 0x119088240 - [webProcessIdentifier=3] NetworkConnectionToWebProcess::resolveBlobReferences: (parentPID=23277, pageProxyID=4, webPageID=5, frameID=4294967297, resourceID=52)
   2.070 [com.apple.WebKit:Loading:4] 0x119088240 - [webProcessIdentifier=3] NetworkConnectionToWebProcess::scheduleResourceLoad: (parentPID=23277, pageProxyID=4, webPageID=5, frameID=4294967297, resourceID=53, existingLoaderToResume=0)
   2.070 [com.apple.WebKit:Loading:4] 0x119088240 - [webProcessIdentifier=3] NetworkConnectionToWebProcess::resolveBlobReferences: (parentPID=23277, pageProxyID=4, webPageID=5, frameID=4294967297, resourceID=53)
   2.070 [com.apple.WebKit:Loading:4] 0x119088240 - [webProcessIdentifier=3] NetworkConnectionToWebProcess::scheduleResourceLoad: (parentPID=23277, pageProxyID=4, webPageID=5, frameID=4294967297, resourceID=54, existingLoaderToResume=0)
   2.070 [com.apple.WebKit:Loading:4] 0x119088240 - [webProcessIdentifier=3] NetworkConnectionToWebProcess::resolveBlobReferences: (parentPID=23277, pageProxyID=4, webPageID=5, frameID=4294967297, resourceID=54)
   2.070 [com.apple.WebKit:Loading:4] 0x119088240 - [webProcessIdentifier=3] NetworkConnectionToWebProcess::scheduleResourceLoad: (parentPID=23277, pageProxyID=4, webPageID=5, frameID=4294967297, resourceID=55, existingLoaderToResume=0)
   2.070 [com.apple.WebKit:Loading:4] 0x119088240 - [webProcessIdentifier=3] NetworkConnectionToWebProcess::resolveBlobReferences: (parentPID=23277, pageProxyID=4, webPageID=5, frameID=4294967297, resourceID=55)
   2.070 [com.apple.WebKit:Loading:4] 0x119088240 - [webProcessIdentifier=3] NetworkConnectionToWebProcess::scheduleResourceLoad: (parentPID=23277, pageProxyID=4, webPageID=5, frameID=4294967297, resourceID=56, existingLoaderToResume=0)
   2.071 [com.apple.WebKit:Loading:4] 0x119088240 - [webProcessIdentifier=3] NetworkConnectionToWebProcess::resolveBlobReferences: (parentPID=23277, pageProxyID=4, webPageID=5, frameID=4294967297, resourceID=56)
   2.071 [com.apple.WebKit:Loading:4] 0x119088240 - [webProcessIdentifier=3] NetworkConnectionToWebProcess::scheduleResourceLoad: (parentPID=23277, pageProxyID=4, webPageID=5, frameID=4294967297, resourceID=57, existingLoaderToResume=0)
   2.071 [com.apple.WebKit:Loading:4] 0x119088240 - [webProcessIdentifier=3] NetworkConnectionToWebProcess::resolveBlobReferences: (parentPID=23277, pageProxyID=4, webPageID=5, frameID=4294967297, resourceID=57)
   2.071 [com.apple.WebKit:Loading:4] 0x119088240 - [webProcessIdentifier=3] NetworkConnectionToWebProcess::scheduleResourceLoad: (parentPID=23277, pageProxyID=4, webPageID=5, frameID=4294967297, resourceID=58, existingLoaderToResume=0)
   2.071 [com.apple.WebKit:Loading:4] 0x119088240 - [webProcessIdentifier=3] NetworkConnectionToWebProcess::resolveBlobReferences: (parentPID=23277, pageProxyID=4, webPageID=5, frameID=4294967297, resourceID=58)
   2.074 [com.apple.WebKit:Loading:4] 0x119088240 - [webProcessIdentifier=3] NetworkConnectionToWebProcess::scheduleResourceLoad: (parentPID=23277, pageProxyID=4, webPageID=5, frameID=4294967297, resourceID=59, existingLoaderToResume=0)
   2.074 [com.apple.WebKit:Loading:4] 0x119088240 - [webProcessIdentifier=3] NetworkConnectionToWebProcess::resolveBlobReferences: (parentPID=23277, pageProxyID=4, webPageID=5, frameID=4294967297, resourceID=59)
   2.074 [com.apple.WebKit:Loading:4] 0x119088240 - [webProcessIdentifier=3] NetworkConnectionToWebProcess::scheduleResourceLoad: (parentPID=23277, pageProxyID=4, webPageID=5, frameID=4294967297, resourceID=60, existingLoaderToResume=0)
   2.074 [com.apple.WebKit:Loading:4] 0x119088240 - [webProcessIdentifier=3] NetworkConnectionToWebProcess::resolveBlobReferences: (parentPID=23277, pageProxyID=4, webPageID=5, frameID=4294967297, resourceID=60)
   2.075 [com.apple.WebKit:Loading:4] 0x119088240 - [webProcessIdentifier=3] NetworkConnectionToWebProcess::scheduleResourceLoad: (parentPID=23277, pageProxyID=4, webPageID=5, frameID=4294967297, resourceID=61, existingLoaderToResume=0)
   2.075 [com.apple.WebKit:Loading:4] 0x119088240 - [webProcessIdentifier=3] NetworkConnectionToWebProcess::resolveBlobReferences: (parentPID=23277, pageProxyID=4, webPageID=5, frameID=4294967297, resourceID=61)
   2.075 [com.apple.WebKit:Loading:4] 0x119088240 - [webProcessIdentifier=3] NetworkConnectionToWebProcess::scheduleResourceLoad: (parentPID=23277, pageProxyID=4, webPageID=5, frameID=4294967297, resourceID=62, existingLoaderToResume=0)
   2.075 [com.apple.WebKit:Loading:4] 0x119088240 - [webProcessIdentifier=3] NetworkConnectionToWebProcess::resolveBlobReferences: (parentPID=23277, pageProxyID=4, webPageID=5, frameID=4294967297, resourceID=62)
   2.076 [com.apple.WebKit:Loading:4] 0x119088240 - [webProcessIdentifier=3] NetworkConnectionToWebProcess::scheduleResourceLoad: (parentPID=23277, pageProxyID=4, webPageID=5, frameID=4294967297, resourceID=63, existingLoaderToResume=0)
   2.076 [com.apple.WebKit:Loading:4] 0x119088240 - [webProcessIdentifier=3] NetworkConnectionToWebProcess::resolveBlobReferences: (parentPID=23277, pageProxyID=4, webPageID=5, frameID=4294967297, resourceID=63)
   2.078 [com.apple.WebKit:Loading:4] 0x119088240 - [webProcessIdentifier=3] NetworkConnectionToWebProcess::scheduleResourceLoad: (parentPID=23277, pageProxyID=4, webPageID=5, frameID=4294967297, resourceID=64, existingLoaderToResume=0)
   2.078 [com.apple.WebKit:Loading:4] 0x119088240 - [webProcessIdentifier=3] NetworkConnectionToWebProcess::resolveBlobReferences: (parentPID=23277, pageProxyID=4, webPageID=5, frameID=4294967297, resourceID=64)
   2.079 [com.apple.WebKit:Loading:4] 0x119088240 - [webProcessIdentifier=3] NetworkConnectionToWebProcess::scheduleResourceLoad: (parentPID=23277, pageProxyID=4, webPageID=5, frameID=4294967297, resourceID=65, existingLoaderToResume=0)
   2.079 [com.apple.WebKit:Loading:4] 0x119088240 - [webProcessIdentifier=3] NetworkConnectionToWebProcess::resolveBlobReferences: (parentPID=23277, pageProxyID=4, webPageID=5, frameID=4294967297, resourceID=65)
   2.079 [com.apple.WebKit:Loading:4] 0x119088240 - [webProcessIdentifier=3] NetworkConnectionToWebProcess::scheduleResourceLoad: (parentPID=23277, pageProxyID=4, webPageID=5, frameID=4294967297, resourceID=66, existingLoaderToResume=0)
   2.079 [com.apple.WebKit:Loading:4] 0x119088240 - [webProcessIdentifier=3] NetworkConnectionToWebProcess::resolveBlobReferences: (parentPID=23277, pageProxyID=4, webPageID=5, frameID=4294967297, resourceID=66)
   2.081 [com.apple.WebKit:Loading:4] 0x119088240 - [webProcessIdentifier=3] NetworkConnectionToWebProcess::scheduleResourceLoad: (parentPID=23277, pageProxyID=4, webPageID=5, frameID=4294967297, resourceID=67, existingLoaderToResume=0)
   2.081 [com.apple.WebKit:Loading:4] 0x119088240 - [webProcessIdentifier=3] NetworkConnectionToWebProcess::resolveBlobReferences: (parentPID=23277, pageProxyID=4, webPageID=5, frameID=4294967297, resourceID=67)
   2.083 [com.apple.WebKit:Loading:4] 0x119088240 - [webProcessIdentifier=3] NetworkConnectionToWebProcess::scheduleResourceLoad: (parentPID=23277, pageProxyID=4, webPageID=5, frameID=4294967297, resourceID=68, existingLoaderToResume=0)
   2.083 [com.apple.WebKit:Loading:4] 0x119088240 - [webProcessIdentifier=3] NetworkConnectionToWebProcess::resolveBlobReferences: (parentPID=23277, pageProxyID=4, webPageID=5, frameID=4294967297, resourceID=68)
   2.083 [com.apple.WebKit:Loading:4] 0x119088240 - [webProcessIdentifier=3] NetworkConnectionToWebProcess::scheduleResourceLoad: (parentPID=23277, pageProxyID=4, webPageID=5, frameID=4294967297, resourceID=69, existingLoaderToResume=0)
   2.083 [com.apple.WebKit:Loading:4] 0x119088240 - [webProcessIdentifier=3] NetworkConnectionToWebProcess::resolveBlobReferences: (parentPID=23277, pageProxyID=4, webPageID=5, frameID=4294967297, resourceID=69)
   2.084 [com.apple.WebKit:Loading:4] 0x119088240 - [webProcessIdentifier=3] NetworkConnectionToWebProcess::scheduleResourceLoad: (parentPID=23277, pageProxyID=4, webPageID=5, frameID=4294967297, resourceID=70, existingLoaderToResume=0)
   2.084 [com.apple.WebKit:Loading:4] 0x119088240 - [webProcessIdentifier=3] NetworkConnectionToWebProcess::resolveBlobReferences: (parentPID=23277, pageProxyID=4, webPageID=5, frameID=4294967297, resourceID=70)
   2.084 [com.apple.WebKit:Loading:4] 0x119088240 - [webProcessIdentifier=3] NetworkConnectionToWebProcess::scheduleResourceLoad: (parentPID=23277, pageProxyID=4, webPageID=5, frameID=4294967297, resourceID=71, existingLoaderToResume=0)
   2.084 [com.apple.WebKit:Loading:4] 0x119088240 - [webProcessIdentifier=3] NetworkConnectionToWebProcess::resolveBlobReferences: (parentPID=23277, pageProxyID=4, webPageID=5, frameID=4294967297, resourceID=71)
   2.085 [com.apple.WebKit:Loading:4] 0x119088240 - [webProcessIdentifier=3] NetworkConnectionToWebProcess::scheduleResourceLoad: (parentPID=23277, pageProxyID=4, webPageID=5, frameID=4294967297, resourceID=72, existingLoaderToResume=0)
   2.085 [com.apple.WebKit:Loading:4] 0x119088240 - [webProcessIdentifier=3] NetworkConnectionToWebProcess::resolveBlobReferences: (parentPID=23277, pageProxyID=4, webPageID=5, frameID=4294967297, resourceID=72)
   2.085 [com.apple.WebKit:Loading:4] 0x119088240 - [webProcessIdentifier=3] NetworkConnectionToWebProcess::scheduleResourceLoad: (parentPID=23277, pageProxyID=4, webPageID=5, frameID=4294967297, resourceID=73, existingLoaderToResume=0)
   2.085 [com.apple.WebKit:Loading:4] 0x119088240 - [webProcessIdentifier=3] NetworkConnectionToWebProcess::resolveBlobReferences: (parentPID=23277, pageProxyID=4, webPageID=5, frameID=4294967297, resourceID=73)
   2.087 [com.apple.WebKit:Loading:4] 0x119088240 - [webProcessIdentifier=3] NetworkConnectionToWebProcess::scheduleResourceLoad: (parentPID=23277, pageProxyID=4, webPageID=5, frameID=4294967297, resourceID=74, existingLoaderToResume=0)
   2.087 [com.apple.WebKit:Loading:4] 0x119088240 - [webProcessIdentifier=3] NetworkConnectionToWebProcess::resolveBlobReferences: (parentPID=23277, pageProxyID=4, webPageID=5, frameID=4294967297, resourceID=74)
   2.088 [com.apple.WebKit:Loading:4] 0x119088240 - [webProcessIdentifier=3] NetworkConnectionToWebProcess::scheduleResourceLoad: (parentPID=23277, pageProxyID=4, webPageID=5, frameID=4294967297, resourceID=75, existingLoaderToResume=0)
   2.088 [com.apple.WebKit:Loading:4] 0x119088240 - [webProcessIdentifier=3] NetworkConnectionToWebProcess::resolveBlobReferences: (parentPID=23277, pageProxyID=4, webPageID=5, frameID=4294967297, resourceID=75)
   2.088 [com.apple.WebKit:Loading:4] 0x119088240 - [webProcessIdentifier=3] NetworkConnectionToWebProcess::scheduleResourceLoad: (parentPID=23277, pageProxyID=4, webPageID=5, frameID=4294967297, resourceID=76, existingLoaderToResume=0)
   2.088 [com.apple.WebKit:Loading:4] 0x119088240 - [webProcessIdentifier=3] NetworkConnectionToWebProcess::resolveBlobReferences: (parentPID=23277, pageProxyID=4, webPageID=5, frameID=4294967297, resourceID=76)
   2.088 [com.apple.WebKit:Loading:4] 0x119088240 - [webProcessIdentifier=3] NetworkConnectionToWebProcess::scheduleResourceLoad: (parentPID=23277, pageProxyID=4, webPageID=5, frameID=4294967297, resourceID=77, existingLoaderToResume=0)
   2.088 [com.apple.WebKit:Loading:4] 0x119088240 - [webProcessIdentifier=3] NetworkConnectionToWebProcess::resolveBlobReferences: (parentPID=23277, pageProxyID=4, webPageID=5, frameID=4294967297, resourceID=77)
   2.088 [com.apple.WebKit:Loading:4] 0x119088240 - [webProcessIdentifier=3] NetworkConnectionToWebProcess::scheduleResourceLoad: (parentPID=23277, pageProxyID=4, webPageID=5, frameID=4294967297, resourceID=78, existingLoaderToResume=0)
   2.088 [com.apple.WebKit:Loading:4] 0x119088240 - [webProcessIdentifier=3] NetworkConnectionToWebProcess::resolveBlobReferences: (parentPID=23277, pageProxyID=4, webPageID=5, frameID=4294967297, resourceID=78)
   2.089 [com.apple.WebKit:Loading:4] 0x119088240 - [webProcessIdentifier=3] NetworkConnectionToWebProcess::scheduleResourceLoad: (parentPID=23277, pageProxyID=4, webPageID=5, frameID=4294967297, resourceID=79, existingLoaderToResume=0)
   2.089 [com.apple.WebKit:Loading:4] 0x119088240 - [webProcessIdentifier=3] NetworkConnectionToWebProcess::resolveBlobReferences: (parentPID=23277, pageProxyID=4, webPageID=5, frameID=4294967297, resourceID=79)
   2.089 [com.apple.WebKit:Loading:4] 0x119088240 - [webProcessIdentifier=3] NetworkConnectionToWebProcess::scheduleResourceLoad: (parentPID=23277, pageProxyID=4, webPageID=5, frameID=4294967297, resourceID=80, existingLoaderToResume=0)
   2.089 [com.apple.WebKit:Loading:4] 0x119088240 - [webProcessIdentifier=3] NetworkConnectionToWebProcess::resolveBlobReferences: (parentPID=23277, pageProxyID=4, webPageID=5, frameID=4294967297, resourceID=80)
   2.090 [com.apple.WebKit:Loading:4] 0x119088240 - [webProcessIdentifier=3] NetworkConnectionToWebProcess::scheduleResourceLoad: (parentPID=23277, pageProxyID=4, webPageID=5, frameID=4294967297, resourceID=81, existingLoaderToResume=0)
   2.091 [com.apple.WebKit:Loading:4] 0x119088240 - [webProcessIdentifier=3] NetworkConnectionToWebProcess::resolveBlobReferences: (parentPID=23277, pageProxyID=4, webPageID=5, frameID=4294967297, resourceID=81)
   2.091 [com.apple.WebKit:Loading:4] 0x119088240 - [webProcessIdentifier=3] NetworkConnectionToWebProcess::scheduleResourceLoad: (parentPID=23277, pageProxyID=4, webPageID=5, frameID=4294967297, resourceID=82, existingLoaderToResume=0)
   2.091 [com.apple.WebKit:Loading:4] 0x119088240 - [webProcessIdentifier=3] NetworkConnectionToWebProcess::resolveBlobReferences: (parentPID=23277, pageProxyID=4, webPageID=5, frameID=4294967297, resourceID=82)
   2.093 [com.apple.WebKit:Loading:4] 0x119088240 - [webProcessIdentifier=3] NetworkConnectionToWebProcess::scheduleResourceLoad: (parentPID=23277, pageProxyID=4, webPageID=5, frameID=4294967297, resourceID=83, existingLoaderToResume=0)
   2.093 [com.apple.WebKit:Loading:4] 0x119088240 - [webProcessIdentifier=3] NetworkConnectionToWebProcess::resolveBlobReferences: (parentPID=23277, pageProxyID=4, webPageID=5, frameID=4294967297, resourceID=83)
   2.099 [com.apple.WebKit:Loading:4] 0x119088240 - [webProcessIdentifier=3] NetworkConnectionToWebProcess::scheduleResourceLoad: (parentPID=23277, pageProxyID=4, webPageID=5, frameID=4294967297, resourceID=84, existingLoaderToResume=0)
   2.099 [com.apple.WebKit:Loading:4] 0x119088240 - [webProcessIdentifier=3] NetworkConnectionToWebProcess::resolveBlobReferences: (parentPID=23277, pageProxyID=4, webPageID=5, frameID=4294967297, resourceID=84)
   2.101 [com.apple.WebKit:Loading:4] 0x119088240 - [webProcessIdentifier=3] NetworkConnectionToWebProcess::scheduleResourceLoad: (parentPID=23277, pageProxyID=4, webPageID=5, frameID=4294967297, resourceID=85, existingLoaderToResume=0)
   2.102 [com.apple.WebKit:Loading:4] 0x119088240 - [webProcessIdentifier=3] NetworkConnectionToWebProcess::resolveBlobReferences: (parentPID=23277, pageProxyID=4, webPageID=5, frameID=4294967297, resourceID=85)
   2.111 [com.apple.WebKit:Loading:4] 0x119088240 - [webProcessIdentifier=3] NetworkConnectionToWebProcess::scheduleResourceLoad: (parentPID=23277, pageProxyID=4, webPageID=5, frameID=4294967297, resourceID=86, existingLoaderToResume=0)
   2.111 [com.apple.WebKit:Loading:4] 0x119088240 - [webProcessIdentifier=3] NetworkConnectionToWebProcess::resolveBlobReferences: (parentPID=23277, pageProxyID=4, webPageID=5, frameID=4294967297, resourceID=86)
   2.112 [com.apple.WebKit:Loading:4] 0x119088240 - [webProcessIdentifier=3] NetworkConnectionToWebProcess::scheduleResourceLoad: (parentPID=23277, pageProxyID=4, webPageID=5, frameID=4294967297, resourceID=87, existingLoaderToResume=0)
   2.112 [com.apple.WebKit:Loading:4] 0x119088240 - [webProcessIdentifier=3] NetworkConnectionToWebProcess::resolveBlobReferences: (parentPID=23277, pageProxyID=4, webPageID=5, frameID=4294967297, resourceID=87)
   2.113 [com.apple.WebKit:Loading:4] 0x119088240 - [webProcessIdentifier=3] NetworkConnectionToWebProcess::scheduleResourceLoad: (parentPID=23277, pageProxyID=4, webPageID=5, frameID=4294967297, resourceID=88, existingLoaderToResume=0)
   2.113 [com.apple.WebKit:Loading:4] 0x119088240 - [webProcessIdentifier=3] NetworkConnectionToWebProcess::resolveBlobReferences: (parentPID=23277, pageProxyID=4, webPageID=5, frameID=4294967297, resourceID=88)
   2.117 [com.apple.WebKit:Loading:4] 0x119088240 - [webProcessIdentifier=3] NetworkConnectionToWebProcess::scheduleResourceLoad: (parentPID=23277, pageProxyID=4, webPageID=5, frameID=4294967297, resourceID=89, existingLoaderToResume=0)
   2.117 [com.apple.WebKit:Loading:4] 0x119088240 - [webProcessIdentifier=3] NetworkConnectionToWebProcess::resolveBlobReferences: (parentPID=23277, pageProxyID=4, webPageID=5, frameID=4294967297, resourceID=89)
   2.118 [com.apple.WebKit:Loading:4] 0x119088240 - [webProcessIdentifier=3] NetworkConnectionToWebProcess::scheduleResourceLoad: (parentPID=23277, pageProxyID=4, webPageID=5, frameID=4294967297, resourceID=90, existingLoaderToResume=0)
   2.118 [com.apple.WebKit:Loading:4] 0x119088240 - [webProcessIdentifier=3] NetworkConnectionToWebProcess::resolveBlobReferences: (parentPID=23277, pageProxyID=4, webPageID=5, frameID=4294967297, resourceID=90)
   2.118 [com.apple.WebKit:Loading:4] 0x119088240 - [webProcessIdentifier=3] NetworkConnectionToWebProcess::scheduleResourceLoad: (parentPID=23277, pageProxyID=4, webPageID=5, frameID=4294967297, resourceID=91, existingLoaderToResume=0)
   2.119 [com.apple.WebKit:Loading:4] 0x119088240 - [webProcessIdentifier=3] NetworkConnectionToWebProcess::resolveBlobReferences: (parentPID=23277, pageProxyID=4, webPageID=5, frameID=4294967297, resourceID=91)
   2.119 [com.apple.WebKit:Loading:4] 0x119088240 - [webProcessIdentifier=3] NetworkConnectionToWebProcess::scheduleResourceLoad: (parentPID=23277, pageProxyID=4, webPageID=5, frameID=4294967297, resourceID=92, existingLoaderToResume=0)
   2.120 [com.apple.WebKit:Loading:4] 0x119088240 - [webProcessIdentifier=3] NetworkConnectionToWebProcess::resolveBlobReferences: (parentPID=23277, pageProxyID=4, webPageID=5, frameID=4294967297, resourceID=92)
   2.120 [com.apple.WebKit:Loading:4] 0x119088240 - [webProcessIdentifier=3] NetworkConnectionToWebProcess::scheduleResourceLoad: (parentPID=23277, pageProxyID=4, webPageID=5, frameID=4294967297, resourceID=93, existingLoaderToResume=0)
   2.124 [com.apple.WebKit:Loading:4] 0x119088240 - [webProcessIdentifier=3] NetworkConnectionToWebProcess::resolveBlobReferences: (parentPID=23277, pageProxyID=4, webPageID=5, frameID=4294967297, resourceID=93)
   2.125 [com.apple.WebKit:Loading:4] 0x119088240 - [webProcessIdentifier=3] NetworkConnectionToWebProcess::scheduleResourceLoad: (parentPID=23277, pageProxyID=4, webPageID=5, frameID=4294967297, resourceID=94, existingLoaderToResume=0)
   2.125 [com.apple.WebKit:Loading:4] 0x119088240 - [webProcessIdentifier=3] NetworkConnectionToWebProcess::resolveBlobReferences: (parentPID=23277, pageProxyID=4, webPageID=5, frameID=4294967297, resourceID=94)
   2.126 [com.apple.WebKit:Loading:4] 0x119088240 - [webProcessIdentifier=3] NetworkConnectionToWebProcess::scheduleResourceLoad: (parentPID=23277, pageProxyID=4, webPageID=5, frameID=4294967297, resourceID=95, existingLoaderToResume=0)
   2.127 [com.apple.WebKit:Loading:4] 0x119088240 - [webProcessIdentifier=3] NetworkConnectionToWebProcess::resolveBlobReferences: (parentPID=23277, pageProxyID=4, webPageID=5, frameID=4294967297, resourceID=95)
   2.128 [com.apple.WebKit:Loading:4] 0x119088240 - [webProcessIdentifier=3] NetworkConnectionToWebProcess::scheduleResourceLoad: (parentPID=23277, pageProxyID=4, webPageID=5, frameID=4294967297, resourceID=96, existingLoaderToResume=0)
   2.128 [com.apple.WebKit:Loading:4] 0x119088240 - [webProcessIdentifier=3] NetworkConnectionToWebProcess::resolveBlobReferences: (parentPID=23277, pageProxyID=4, webPageID=5, frameID=4294967297, resourceID=96)
   2.129 [com.apple.WebKit:Loading:4] 0x119088240 - [webProcessIdentifier=3] NetworkConnectionToWebProcess::scheduleResourceLoad: (parentPID=23277, pageProxyID=4, webPageID=5, frameID=4294967297, resourceID=97, existingLoaderToResume=0)
   2.130 [com.apple.WebKit:Loading:4] 0x119088240 - [webProcessIdentifier=3] NetworkConnectionToWebProcess::resolveBlobReferences: (parentPID=23277, pageProxyID=4, webPageID=5, frameID=4294967297, resourceID=97)
   2.131 [com.apple.WebKit:Loading:4] 0x119088240 - [webProcessIdentifier=3] NetworkConnectionToWebProcess::scheduleResourceLoad: (parentPID=23277, pageProxyID=4, webPageID=5, frameID=4294967297, resourceID=98, existingLoaderToResume=0)
   2.131 [com.apple.WebKit:Loading:4] 0x119088240 - [webProcessIdentifier=3] NetworkConnectionToWebProcess::resolveBlobReferences: (parentPID=23277, pageProxyID=4, webPageID=5, frameID=4294967297, resourceID=98)
   2.132 [com.apple.WebKit:Loading:4] 0x119088240 - [webProcessIdentifier=3] NetworkConnectionToWebProcess::scheduleResourceLoad: (parentPID=23277, pageProxyID=4, webPageID=5, frameID=4294967297, resourceID=99, existingLoaderToResume=0)
   2.132 [com.apple.WebKit:Loading:4] 0x119088240 - [webProcessIdentifier=3] NetworkConnectionToWebProcess::resolveBlobReferences: (parentPID=23277, pageProxyID=4, webPageID=5, frameID=4294967297, resourceID=99)
   2.135 [com.apple.WebKit:Loading:4] 0x119088240 - [webProcessIdentifier=3] NetworkConnectionToWebProcess::scheduleResourceLoad: (parentPID=23277, pageProxyID=4, webPageID=5, frameID=4294967297, resourceID=100, existingLoaderToResume=0)
   2.135 [com.apple.WebKit:Loading:4] 0x119088240 - [webProcessIdentifier=3] NetworkConnectionToWebProcess::resolveBlobReferences: (parentPID=23277, pageProxyID=4, webPageID=5, frameID=4294967297, resourceID=100)
   2.136 [com.apple.WebKit:Loading:4] 0x119088240 - [webProcessIdentifier=3] NetworkConnectionToWebProcess::scheduleResourceLoad: (parentPID=23277, pageProxyID=4, webPageID=5, frameID=4294967297, resourceID=101, existingLoaderToResume=0)
   2.136 [com.apple.WebKit:Loading:4] 0x119088240 - [webProcessIdentifier=3] NetworkConnectionToWebProcess::resolveBlobReferences: (parentPID=23277, pageProxyID=4, webPageID=5, frameID=4294967297, resourceID=101)
   2.136 [com.apple.WebKit:Loading:4] 0x119088240 - [webProcessIdentifier=3] NetworkConnectionToWebProcess::scheduleResourceLoad: (parentPID=23277, pageProxyID=4, webPageID=5, frameID=4294967297, resourceID=102, existingLoaderToResume=0)
   2.137 [com.apple.WebKit:Loading:4] 0x119088240 - [webProcessIdentifier=3] NetworkConnectionToWebProcess::resolveBlobReferences: (parentPID=23277, pageProxyID=4, webPageID=5, frameID=4294967297, resourceID=102)
   2.137 [com.apple.WebKit:Loading:4] 0x119088240 - [webProcessIdentifier=3] NetworkConnectionToWebProcess::scheduleResourceLoad: (parentPID=23277, pageProxyID=4, webPageID=5, frameID=4294967297, resourceID=103, existingLoaderToResume=0)
   2.137 [com.apple.WebKit:Loading:4] 0x119088240 - [webProcessIdentifier=3] NetworkConnectionToWebProcess::resolveBlobReferences: (parentPID=23277, pageProxyID=4, webPageID=5, frameID=4294967297, resourceID=103)
   2.138 [com.apple.WebKit:Loading:4] 0x119088240 - [webProcessIdentifier=3] NetworkConnectionToWebProcess::scheduleResourceLoad: (parentPID=23277, pageProxyID=4, webPageID=5, frameID=4294967297, resourceID=104, existingLoaderToResume=0)
   2.138 [com.apple.WebKit:Loading:4] 0x119088240 - [webProcessIdentifier=3] NetworkConnectionToWebProcess::resolveBlobReferences: (parentPID=23277, pageProxyID=4, webPageID=5, frameID=4294967297, resourceID=104)
   2.139 [com.apple.WebKit:Loading:4] 0x119088240 - [webProcessIdentifier=3] NetworkConnectionToWebProcess::scheduleResourceLoad: (parentPID=23277, pageProxyID=4, webPageID=5, frameID=4294967297, resourceID=105, existingLoaderToResume=0)
   2.139 [com.apple.WebKit:Loading:4] 0x119088240 - [webProcessIdentifier=3] NetworkConnectionToWebProcess::resolveBlobReferences: (parentPID=23277, pageProxyID=4, webPageID=5, frameID=4294967297, resourceID=105)
   2.140 [com.apple.WebKit:Loading:4] 0x119088240 - [webProcessIdentifier=3] NetworkConnectionToWebProcess::scheduleResourceLoad: (parentPID=23277, pageProxyID=4, webPageID=5, frameID=4294967297, resourceID=106, existingLoaderToResume=0)
   2.141 [com.apple.WebKit:Loading:4] 0x119088240 - [webProcessIdentifier=3] NetworkConnectionToWebProcess::resolveBlobReferences: (parentPID=23277, pageProxyID=4, webPageID=5, frameID=4294967297, resourceID=106)
   2.141 [com.apple.WebKit:Loading:4] 0x119088240 - [webProcessIdentifier=3] NetworkConnectionToWebProcess::scheduleResourceLoad: (parentPID=23277, pageProxyID=4, webPageID=5, frameID=4294967297, resourceID=107, existingLoaderToResume=0)
   2.141 [com.apple.WebKit:Loading:4] 0x119088240 - [webProcessIdentifier=3] NetworkConnectionToWebProcess::resolveBlobReferences: (parentPID=23277, pageProxyID=4, webPageID=5, frameID=4294967297, resourceID=107)
   2.142 [com.apple.WebKit:Loading:4] 0x119088240 - [webProcessIdentifier=3] NetworkConnectionToWebProcess::scheduleResourceLoad: (parentPID=23277, pageProxyID=4, webPageID=5, frameID=4294967297, resourceID=108, existingLoaderToResume=0)
   2.142 [com.apple.WebKit:Loading:4] 0x119088240 - [webProcessIdentifier=3] NetworkConnectionToWebProcess::resolveBlobReferences: (parentPID=23277, pageProxyID=4, webPageID=5, frameID=4294967297, resourceID=108)
   2.142 [com.apple.WebKit:Loading:4] 0x119088240 - [webProcessIdentifier=3] NetworkConnectionToWebProcess::scheduleResourceLoad: (parentPID=23277, pageProxyID=4, webPageID=5, frameID=4294967297, resourceID=109, existingLoaderToResume=0)
   2.142 [com.apple.WebKit:Loading:4] 0x119088240 - [webProcessIdentifier=3] NetworkConnectionToWebProcess::resolveBlobReferences: (parentPID=23277, pageProxyID=4, webPageID=5, frameID=4294967297, resourceID=109)
   2.143 [com.apple.WebKit:Loading:4] 0x119088240 - [webProcessIdentifier=3] NetworkConnectionToWebProcess::scheduleResourceLoad: (parentPID=23277, pageProxyID=4, webPageID=5, frameID=4294967297, resourceID=110, existingLoaderToResume=0)
   2.143 [com.apple.WebKit:Loading:4] 0x119088240 - [webProcessIdentifier=3] NetworkConnectionToWebProcess::resolveBlobReferences: (parentPID=23277, pageProxyID=4, webPageID=5, frameID=4294967297, resourceID=110)
   2.144 [com.apple.WebKit:Loading:4] 0x119088240 - [webProcessIdentifier=3] NetworkConnectionToWebProcess::scheduleResourceLoad: (parentPID=23277, pageProxyID=4, webPageID=5, frameID=4294967297, resourceID=111, existingLoaderToResume=0)
   2.144 [com.apple.WebKit:Loading:4] 0x119088240 - [webProcessIdentifier=3] NetworkConnectionToWebProcess::resolveBlobReferences: (parentPID=23277, pageProxyID=4, webPageID=5, frameID=4294967297, resourceID=111)
   2.145 [com.apple.WebKit:Loading:4] 0x119088240 - [webProcessIdentifier=3] NetworkConnectionToWebProcess::scheduleResourceLoad: (parentPID=23277, pageProxyID=4, webPageID=5, frameID=4294967297, resourceID=112, existingLoaderToResume=0)
   2.145 [com.apple.WebKit:Loading:4] 0x119088240 - [webProcessIdentifier=3] NetworkConnectionToWebProcess::resolveBlobReferences: (parentPID=23277, pageProxyID=4, webPageID=5, frameID=4294967297, resourceID=112)
   2.149 [com.apple.WebKit:Loading:4] 0x119088240 - [webProcessIdentifier=3] NetworkConnectionToWebProcess::scheduleResourceLoad: (parentPID=23277, pageProxyID=4, webPageID=5, frameID=4294967297, resourceID=113, existingLoaderToResume=0)
   2.149 [com.apple.WebKit:Loading:4] 0x119088240 - [webProcessIdentifier=3] NetworkConnectionToWebProcess::resolveBlobReferences: (parentPID=23277, pageProxyID=4, webPageID=5, frameID=4294967297, resourceID=113)
   2.150 [com.apple.WebKit:Loading:4] 0x119088240 - [webProcessIdentifier=3] NetworkConnectionToWebProcess::scheduleResourceLoad: (parentPID=23277, pageProxyID=4, webPageID=5, frameID=4294967297, resourceID=114, existingLoaderToResume=0)
   2.150 [com.apple.WebKit:Loading:4] 0x119088240 - [webProcessIdentifier=3] NetworkConnectionToWebProcess::resolveBlobReferences: (parentPID=23277, pageProxyID=4, webPageID=5, frameID=4294967297, resourceID=114)
   2.151 [com.apple.WebKit:Loading:4] 0x119088240 - [webProcessIdentifier=3] NetworkConnectionToWebProcess::scheduleResourceLoad: (parentPID=23277, pageProxyID=4, webPageID=5, frameID=4294967297, resourceID=115, existingLoaderToResume=0)
   2.151 [com.apple.WebKit:Loading:4] 0x119088240 - [webProcessIdentifier=3] NetworkConnectionToWebProcess::resolveBlobReferences: (parentPID=23277, pageProxyID=4, webPageID=5, frameID=4294967297, resourceID=115)
   2.151 [com.apple.WebKit:Loading:4] 0x119088240 - [webProcessIdentifier=3] NetworkConnectionToWebProcess::scheduleResourceLoad: (parentPID=23277, pageProxyID=4, webPageID=5, frameID=4294967297, resourceID=116, existingLoaderToResume=0)
   2.152 [com.apple.WebKit:Loading:4] 0x119088240 - [webProcessIdentifier=3] NetworkConnectionToWebProcess::resolveBlobReferences: (parentPID=23277, pageProxyID=4, webPageID=5, frameID=4294967297, resourceID=116)
   2.153 [com.apple.WebKit:Loading:4] 0x119088240 - [webProcessIdentifier=3] NetworkConnectionToWebProcess::scheduleResourceLoad: (parentPID=23277, pageProxyID=4, webPageID=5, frameID=4294967297, resourceID=117, existingLoaderToResume=0)
   2.153 [com.apple.WebKit:Loading:4] 0x119088240 - [webProcessIdentifier=3] NetworkConnectionToWebProcess::resolveBlobReferences: (parentPID=23277, pageProxyID=4, webPageID=5, frameID=4294967297, resourceID=117)
   2.154 [com.apple.WebKit:Loading:4] 0x119088240 - [webProcessIdentifier=3] NetworkConnectionToWebProcess::scheduleResourceLoad: (parentPID=23277, pageProxyID=4, webPageID=5, frameID=4294967297, resourceID=118, existingLoaderToResume=0)
   2.154 [com.apple.WebKit:Loading:4] 0x119088240 - [webProcessIdentifier=3] NetworkConnectionToWebProcess::resolveBlobReferences: (parentPID=23277, pageProxyID=4, webPageID=5, frameID=4294967297, resourceID=118)
   2.154 [com.apple.WebKit:Loading:4] 0x119088240 - [webProcessIdentifier=3] NetworkConnectionToWebProcess::scheduleResourceLoad: (parentPID=23277, pageProxyID=4, webPageID=5, frameID=4294967297, resourceID=119, existingLoaderToResume=0)
   2.154 [com.apple.WebKit:Loading:4] 0x119088240 - [webProcessIdentifier=3] NetworkConnectionToWebProcess::resolveBlobReferences: (parentPID=23277, pageProxyID=4, webPageID=5, frameID=4294967297, resourceID=119)
   2.155 [com.apple.WebKit:Loading:4] 0x119088240 - [webProcessIdentifier=3] NetworkConnectionToWebProcess::scheduleResourceLoad: (parentPID=23277, pageProxyID=4, webPageID=5, frameID=4294967297, resourceID=120, existingLoaderToResume=0)
   2.155 [com.apple.WebKit:Loading:4] 0x119088240 - [webProcessIdentifier=3] NetworkConnectionToWebProcess::resolveBlobReferences: (parentPID=23277, pageProxyID=4, webPageID=5, frameID=4294967297, resourceID=120)
   2.157 [com.apple.WebKit:Loading:4] 0x119088240 - [webProcessIdentifier=3] NetworkConnectionToWebProcess::scheduleResourceLoad: (parentPID=23277, pageProxyID=4, webPageID=5, frameID=4294967297, resourceID=121, existingLoaderToResume=0)
   2.157 [com.apple.WebKit:Loading:4] 0x119088240 - [webProcessIdentifier=3] NetworkConnectionToWebProcess::resolveBlobReferences: (parentPID=23277, pageProxyID=4, webPageID=5, frameID=4294967297, resourceID=121)
   2.158 [com.apple.WebKit:Loading:4] 0x119088240 - [webProcessIdentifier=3] NetworkConnectionToWebProcess::scheduleResourceLoad: (parentPID=23277, pageProxyID=4, webPageID=5, frameID=4294967297, resourceID=122, existingLoaderToResume=0)
   2.158 [com.apple.WebKit:Loading:4] 0x119088240 - [webProcessIdentifier=3] NetworkConnectionToWebProcess::resolveBlobReferences: (parentPID=23277, pageProxyID=4, webPageID=5, frameID=4294967297, resourceID=122)
   2.159 [com.apple.WebKit:Loading:4] 0x119088240 - [webProcessIdentifier=3] NetworkConnectionToWebProcess::scheduleResourceLoad: (parentPID=23277, pageProxyID=4, webPageID=5, frameID=4294967297, resourceID=123, existingLoaderToResume=0)
   2.159 [com.apple.WebKit:Loading:4] 0x119088240 - [webProcessIdentifier=3] NetworkConnectionToWebProcess::resolveBlobReferences: (parentPID=23277, pageProxyID=4, webPageID=5, frameID=4294967297, resourceID=123)
   2.159 [com.apple.WebKit:Loading:4] 0x119088240 - [webProcessIdentifier=3] NetworkConnectionToWebProcess::scheduleResourceLoad: (parentPID=23277, pageProxyID=4, webPageID=5, frameID=4294967297, resourceID=124, existingLoaderToResume=0)
   2.159 [com.apple.WebKit:Loading:4] 0x119088240 - [webProcessIdentifier=3] NetworkConnectionToWebProcess::resolveBlobReferences: (parentPID=23277, pageProxyID=4, webPageID=5, frameID=4294967297, resourceID=124)
   2.163 [com.apple.WebKit:Loading:4] 0x119088240 - [webProcessIdentifier=3] NetworkConnectionToWebProcess::scheduleResourceLoad: (parentPID=23277, pageProxyID=4, webPageID=5, frameID=4294967297, resourceID=125, existingLoaderToResume=0)
   2.163 [com.apple.WebKit:Loading:4] 0x119088240 - [webProcessIdentifier=3] NetworkConnectionToWebProcess::resolveBlobReferences: (parentPID=23277, pageProxyID=4, webPageID=5, frameID=4294967297, resourceID=125)
   2.164 [com.apple.WebKit:Loading:4] 0x119088240 - [webProcessIdentifier=3] NetworkConnectionToWebProcess::scheduleResourceLoad: (parentPID=23277, pageProxyID=4, webPageID=5, frameID=4294967297, resourceID=126, existingLoaderToResume=0)
   2.165 [com.apple.WebKit:Loading:4] 0x119088240 - [webProcessIdentifier=3] NetworkConnectionToWebProcess::resolveBlobReferences: (parentPID=23277, pageProxyID=4, webPageID=5, frameID=4294967297, resourceID=126)
   2.165 [com.apple.WebKit:Loading:4] 0x119088240 - [webProcessIdentifier=3] NetworkConnectionToWebProcess::scheduleResourceLoad: (parentPID=23277, pageProxyID=4, webPageID=5, frameID=4294967297, resourceID=127, existingLoaderToResume=0)
   2.165 [com.apple.WebKit:Loading:4] 0x119088240 - [webProcessIdentifier=3] NetworkConnectionToWebProcess::resolveBlobReferences: (parentPID=23277, pageProxyID=4, webPageID=5, frameID=4294967297, resourceID=127)
   2.165 [com.apple.WebKit:Loading:4] 0x119088240 - [webProcessIdentifier=3] NetworkConnectionToWebProcess::scheduleResourceLoad: (parentPID=23277, pageProxyID=4, webPageID=5, frameID=4294967297, resourceID=128, existingLoaderToResume=0)
   2.166 [com.apple.WebKit:Loading:4] 0x119088240 - [webProcessIdentifier=3] NetworkConnectionToWebProcess::resolveBlobReferences: (parentPID=23277, pageProxyID=4, webPageID=5, frameID=4294967297, resourceID=128)
   2.167 [com.apple.WebKit:Loading:4] 0x119088240 - [webProcessIdentifier=3] NetworkConnectionToWebProcess::scheduleResourceLoad: (parentPID=23277, pageProxyID=4, webPageID=5, frameID=4294967297, resourceID=129, existingLoaderToResume=0)
   2.167 [com.apple.WebKit:Loading:4] 0x119088240 - [webProcessIdentifier=3] NetworkConnectionToWebProcess::resolveBlobReferences: (parentPID=23277, pageProxyID=4, webPageID=5, frameID=4294967297, resourceID=129)
   2.169 [com.apple.WebKit:Loading:4] 0x119088240 - [webProcessIdentifier=3] NetworkConnectionToWebProcess::scheduleResourceLoad: (parentPID=23277, pageProxyID=4, webPageID=5, frameID=4294967297, resourceID=130, existingLoaderToResume=0)
   2.169 [com.apple.WebKit:Loading:4] 0x119088240 - [webProcessIdentifier=3] NetworkConnectionToWebProcess::resolveBlobReferences: (parentPID=23277, pageProxyID=4, webPageID=5, frameID=4294967297, resourceID=130)
   2.170 [com.apple.WebKit:Loading:4] 0x119088240 - [webProcessIdentifier=3] NetworkConnectionToWebProcess::scheduleResourceLoad: (parentPID=23277, pageProxyID=4, webPageID=5, frameID=4294967297, resourceID=131, existingLoaderToResume=0)
   2.170 [com.apple.WebKit:Loading:4] 0x119088240 - [webProcessIdentifier=3] NetworkConnectionToWebProcess::resolveBlobReferences: (parentPID=23277, pageProxyID=4, webPageID=5, frameID=4294967297, resourceID=131)
   2.170 [com.apple.WebKit:Loading:4] 0x119088240 - [webProcessIdentifier=3] NetworkConnectionToWebProcess::scheduleResourceLoad: (parentPID=23277, pageProxyID=4, webPageID=5, frameID=4294967297, resourceID=132, existingLoaderToResume=0)
   2.172 [com.apple.WebKit:Loading:4] 0x119088240 - [webProcessIdentifier=3] NetworkConnectionToWebProcess::resolveBlobReferences: (parentPID=23277, pageProxyID=4, webPageID=5, frameID=4294967297, resourceID=132)
   2.172 [com.apple.WebKit:Loading:4] 0x119088240 - [webProcessIdentifier=3] NetworkConnectionToWebProcess::scheduleResourceLoad: (parentPID=23277, pageProxyID=4, webPageID=5, frameID=4294967297, resourceID=133, existingLoaderToResume=0)
   2.173 [com.apple.WebKit:Loading:4] 0x119088240 - [webProcessIdentifier=3] NetworkConnectionToWebProcess::resolveBlobReferences: (parentPID=23277, pageProxyID=4, webPageID=5, frameID=4294967297, resourceID=133)
   2.175 [com.apple.WebKit:Loading:4] 0x119088240 - [webProcessIdentifier=3] NetworkConnectionToWebProcess::scheduleResourceLoad: (parentPID=23277, pageProxyID=4, webPageID=5, frameID=4294967297, resourceID=134, existingLoaderToResume=0)
   2.175 [com.apple.WebKit:Loading:4] 0x119088240 - [webProcessIdentifier=3] NetworkConnectionToWebProcess::resolveBlobReferences: (parentPID=23277, pageProxyID=4, webPageID=5, frameID=4294967297, resourceID=134)
   2.179 [com.apple.WebKit:Loading:4] 0x119088240 - [webProcessIdentifier=3] NetworkConnectionToWebProcess::scheduleResourceLoad: (parentPID=23277, pageProxyID=4, webPageID=5, frameID=4294967297, resourceID=135, existingLoaderToResume=0)
   2.179 [com.apple.WebKit:Loading:4] 0x119088240 - [webProcessIdentifier=3] NetworkConnectionToWebProcess::resolveBlobReferences: (parentPID=23277, pageProxyID=4, webPageID=5, frameID=4294967297, resourceID=135)
   2.179 [com.apple.WebKit:Loading:4] 0x119088240 - [webProcessIdentifier=3] NetworkConnectionToWebProcess::scheduleResourceLoad: (parentPID=23277, pageProxyID=4, webPageID=5, frameID=4294967297, resourceID=136, existingLoaderToResume=0)
   2.180 [com.apple.WebKit:Loading:4] 0x119088240 - [webProcessIdentifier=3] NetworkConnectionToWebProcess::resolveBlobReferences: (parentPID=23277, pageProxyID=4, webPageID=5, frameID=4294967297, resourceID=136)
   2.180 [com.apple.WebKit:Loading:4] 0x119088240 - [webProcessIdentifier=3] NetworkConnectionToWebProcess::scheduleResourceLoad: (parentPID=23277, pageProxyID=4, webPageID=5, frameID=4294967297, resourceID=137, existingLoaderToResume=0)
   2.181 [com.apple.WebKit:Loading:4] 0x119088240 - [webProcessIdentifier=3] NetworkConnectionToWebProcess::resolveBlobReferences: (parentPID=23277, pageProxyID=4, webPageID=5, frameID=4294967297, resourceID=137)
   2.183 [com.apple.WebKit:Loading:4] 0x119088240 - [webProcessIdentifier=3] NetworkConnectionToWebProcess::scheduleResourceLoad: (parentPID=23277, pageProxyID=4, webPageID=5, frameID=4294967297, resourceID=138, existingLoaderToResume=0)
   2.183 [com.apple.WebKit:Loading:4] 0x119088240 - [webProcessIdentifier=3] NetworkConnectionToWebProcess::resolveBlobReferences: (parentPID=23277, pageProxyID=4, webPageID=5, frameID=4294967297, resourceID=138)
   2.183 [com.apple.WebKit:Loading:4] 0x119088240 - [webProcessIdentifier=3] NetworkConnectionToWebProcess::scheduleResourceLoad: (parentPID=23277, pageProxyID=4, webPageID=5, frameID=4294967297, resourceID=139, existingLoaderToResume=0)
   2.183 [com.apple.WebKit:Loading:4] 0x119088240 - [webProcessIdentifier=3] NetworkConnectionToWebProcess::resolveBlobReferences: (parentPID=23277, pageProxyID=4, webPageID=5, frameID=4294967297, resourceID=139)
   2.184 [com.apple.WebKit:Loading:4] 0x119088240 - [webProcessIdentifier=3] NetworkConnectionToWebProcess::scheduleResourceLoad: (parentPID=23277, pageProxyID=4, webPageID=5, frameID=4294967297, resourceID=140, existingLoaderToResume=0)
   2.184 [com.apple.WebKit:Loading:4] 0x119088240 - [webProcessIdentifier=3] NetworkConnectionToWebProcess::resolveBlobReferences: (parentPID=23277, pageProxyID=4, webPageID=5, frameID=4294967297, resourceID=140)
   2.184 [com.apple.WebKit:Loading:4] 0x119088240 - [webProcessIdentifier=3] NetworkConnectionToWebProcess::scheduleResourceLoad: (parentPID=23277, pageProxyID=4, webPageID=5, frameID=4294967297, resourceID=141, existingLoaderToResume=0)
   2.184 [com.apple.WebKit:Loading:4] 0x119088240 - [webProcessIdentifier=3] NetworkConnectionToWebProcess::resolveBlobReferences: (parentPID=23277, pageProxyID=4, webPageID=5, frameID=4294967297, resourceID=141)
   2.184 [com.apple.WebKit:Loading:4] 0x119088240 - [webProcessIdentifier=3] NetworkConnectionToWebProcess::scheduleResourceLoad: (parentPID=23277, pageProxyID=4, webPageID=5, frameID=4294967297, resourceID=142, existingLoaderToResume=0)
   2.184 [com.apple.WebKit:Loading:4] 0x119088240 - [webProcessIdentifier=3] NetworkConnectionToWebProcess::resolveBlobReferences: (parentPID=23277, pageProxyID=4, webPageID=5, frameID=4294967297, resourceID=142)
   2.184 [com.apple.WebKit:Loading:4] 0x119088240 - [webProcessIdentifier=3] NetworkConnectionToWebProcess::scheduleResourceLoad: (parentPID=23277, pageProxyID=4, webPageID=5, frameID=4294967297, resourceID=143, existingLoaderToResume=0)
   2.184 [com.apple.WebKit:Loading:4] 0x119088240 - [webProcessIdentifier=3] NetworkConnectionToWebProcess::resolveBlobReferences: (parentPID=23277, pageProxyID=4, webPageID=5, frameID=4294967297, resourceID=143)
   2.185 [com.apple.WebKit:Loading:4] 0x119088240 - [webProcessIdentifier=3] NetworkConnectionToWebProcess::scheduleResourceLoad: (parentPID=23277, pageProxyID=4, webPageID=5, frameID=4294967297, resourceID=144, existingLoaderToResume=0)
   2.185 [com.apple.WebKit:Loading:4] 0x119088240 - [webProcessIdentifier=3] NetworkConnectionToWebProcess::resolveBlobReferences: (parentPID=23277, pageProxyID=4, webPageID=5, frameID=4294967297, resourceID=144)
   2.185 [com.apple.WebKit:Loading:4] 0x119088240 - [webProcessIdentifier=3] NetworkConnectionToWebProcess::scheduleResourceLoad: (parentPID=23277, pageProxyID=4, webPageID=5, frameID=4294967297, resourceID=145, existingLoaderToResume=0)
   2.186 [com.apple.WebKit:Loading:4] 0x119088240 - [webProcessIdentifier=3] NetworkConnectionToWebProcess::resolveBlobReferences: (parentPID=23277, pageProxyID=4, webPageID=5, frameID=4294967297, resourceID=145)
   2.213 [com.apple.WebKit:Loading:4] 0x119088240 - [webProcessIdentifier=3] NetworkConnectionToWebProcess::removeLoadIdentifier: Removing identifier 9 and aborting corresponding loader
   6.876 [com.apple.WebKit:Loading:4] 0x119088240 - [webProcessIdentifier=3] NetworkConnectionToWebProcess::scheduleResourceLoad: (parentPID=23277, pageProxyID=4, webPageID=5, frameID=4294967297, resourceID=155, existingLoaderToResume=0)
   6.876 [com.apple.WebKit:Loading:4] 0x119088240 - [webProcessIdentifier=3] NetworkConnectionToWebProcess::resolveBlobReferences: (parentPID=23277, pageProxyID=4, webPageID=5, frameID=4294967297, resourceID=155)
   6.876 [com.apple.WebKit:Loading:4] 0x119088240 - [webProcessIdentifier=3] NetworkConnectionToWebProcess::scheduleResourceLoad: (parentPID=23277, pageProxyID=4, webPageID=5, frameID=4294967297, resourceID=156, existingLoaderToResume=0)
   6.876 [com.apple.WebKit:Loading:4] 0x119088240 - [webProcessIdentifier=3] NetworkConnectionToWebProcess::resolveBlobReferences: (parentPID=23277, pageProxyID=4, webPageID=5, frameID=4294967297, resourceID=156)
   6.877 [com.apple.WebKit:Loading:4] 0x119088240 - [webProcessIdentifier=3] NetworkConnectionToWebProcess::scheduleResourceLoad: (parentPID=23277, pageProxyID=4, webPageID=5, frameID=4294967297, resourceID=157, existingLoaderToResume=0)
   6.878 [com.apple.WebKit:Loading:4] 0x119088240 - [webProcessIdentifier=3] NetworkConnectionToWebProcess::resolveBlobReferences: (parentPID=23277, pageProxyID=4, webPageID=5, frameID=4294967297, resourceID=157)
   6.878 [com.apple.WebKit:Loading:4] 0x119088240 - [webProcessIdentifier=3] NetworkConnectionToWebProcess::scheduleResourceLoad: (parentPID=23277, pageProxyID=4, webPageID=5, frameID=4294967297, resourceID=158, existingLoaderToResume=0)
   6.878 [com.apple.WebKit:Loading:4] 0x119088240 - [webProcessIdentifier=3] NetworkConnectionToWebProcess::resolveBlobReferences: (parentPID=23277, pageProxyID=4, webPageID=5, frameID=4294967297, resourceID=158)
   6.883 [com.apple.WebKit:Layout:4] [pageID=5, frameID=4294967297, isMainFrame=1] LocalFrameView::fireLayoutRelatedMilestonesIfNeeded: Firing first visually non-empty layout milestone on the main frame
   6.883 [com.apple.WebKit:Layout:4] [webFrameID=4294967297, webPageID=5] WebLocalFrameLoaderClient::dispatchDidReachLayoutMilestone: dispatching DidFirstLayoutForFrame
   6.883 [com.apple.WebKit:Layout:4] [webFrameID=4294967297, webPageID=5] WebLocalFrameLoaderClient::dispatchDidReachLayoutMilestone: dispatching DidReachLayoutMilestone (milestones=DidFirstLayout, DidFirstVisuallyNonEmptyLayout)
   6.883 [com.apple.WebKit:Layout:4] [webFrameID=4294967297, webPageID=5] WebLocalFrameLoaderClient::dispatchDidReachLayoutMilestone: dispatching DidFirstVisuallyNonEmptyLayoutForFrame
   6.883 [com.apple.WebKit:Layout:4] [webFrameID=4294967297, webPageID=5] WebLocalFrameLoaderClient::completePageTransitionIfNeeded: dispatching didCompletePageTransition
   6.967 [com.apple.WebKit:Loading:4] 0x119088240 - [webProcessIdentifier=3] NetworkConnectionToWebProcess::scheduleResourceLoad: (parentPID=23277, pageProxyID=4, webPageID=5, frameID=4294967297, resourceID=188, existingLoaderToResume=0)
   6.967 [com.apple.WebKit:Loading:4] 0x119088240 - [webProcessIdentifier=3] NetworkConnectionToWebProcess::resolveBlobReferences: (parentPID=23277, pageProxyID=4, webPageID=5, frameID=4294967297, resourceID=188)
   6.967 [com.apple.WebKit:Loading:4] 0x119088240 - [webProcessIdentifier=3] NetworkConnectionToWebProcess::scheduleResourceLoad: (parentPID=23277, pageProxyID=4, webPageID=5, frameID=4294967297, resourceID=189, existingLoaderToResume=0)
   6.967 [com.apple.WebKit:Loading:4] 0x119088240 - [webProcessIdentifier=3] NetworkConnectionToWebProcess::resolveBlobReferences: (parentPID=23277, pageProxyID=4, webPageID=5, frameID=4294967297, resourceID=189)
   6.971 [com.apple.WebKit:Loading:4] 0x119088240 - [webProcessIdentifier=3] NetworkConnectionToWebProcess::scheduleResourceLoad: (parentPID=23277, pageProxyID=4, webPageID=5, frameID=4294967297, resourceID=190, existingLoaderToResume=0)
   6.971 [com.apple.WebKit:Loading:4] 0x119088240 - [webProcessIdentifier=3] NetworkConnectionToWebProcess::resolveBlobReferences: (parentPID=23277, pageProxyID=4, webPageID=5, frameID=4294967297, resourceID=190)
   6.971 [com.apple.WebKit:Loading:4] 0x119088240 - [webProcessIdentifier=3] NetworkConnectionToWebProcess::scheduleResourceLoad: (parentPID=23277, pageProxyID=4, webPageID=5, frameID=4294967297, resourceID=191, existingLoaderToResume=0)
   6.971 [com.apple.WebKit:Loading:4] 0x119088240 - [webProcessIdentifier=3] NetworkConnectionToWebProcess::resolveBlobReferences: (parentPID=23277, pageProxyID=4, webPageID=5, frameID=4294967297, resourceID=191)
   7.460 [com.apple.WebKit:Layout:4] [webFrameID=4294967297, webPageID=5] WebLocalFrameLoaderClient::dispatchDidReachLayoutMilestone: dispatching DidReachLayoutMilestone (milestones=DidFirstMeaningfulPaint)
   7.520 [com.apple.WebKit:Loading:4] 0x119088240 - [webProcessIdentifier=3] NetworkConnectionToWebProcess::scheduleResourceLoad: (parentPID=23277, pageProxyID=4, webPageID=5, frameID=4294967297, resourceID=223, existingLoaderToResume=0)
   7.520 [com.apple.WebKit:Loading:4] 0x119088240 - [webProcessIdentifier=3] NetworkConnectionToWebProcess::resolveBlobReferences: (parentPID=23277, pageProxyID=4, webPageID=5, frameID=4294967297, resourceID=223)
   7.810 [com.apple.WebKit:Loading:4] 0x119088240 - [webProcessIdentifier=3] NetworkConnectionToWebProcess::scheduleResourceLoad: (parentPID=23277, pageProxyID=4, webPageID=5, frameID=4294967297, resourceID=226, existingLoaderToResume=0)
   7.810 [com.apple.WebKit:Loading:4] 0x119088240 - [webProcessIdentifier=3] NetworkConnectionToWebProcess::resolveBlobReferences: (parentPID=23277, pageProxyID=4, webPageID=5, frameID=4294967297, resourceID=226)
   7.816 [com.apple.WebKit:Loading:4] 0x119088240 - [webProcessIdentifier=3] NetworkConnectionToWebProcess::scheduleResourceLoad: (parentPID=23277, pageProxyID=4, webPageID=5, frameID=4294967297, resourceID=227, existingLoaderToResume=0)
   7.816 [com.apple.WebKit:Loading:4] 0x119088240 - [webProcessIdentifier=3] NetworkConnectionToWebProcess::resolveBlobReferences: (parentPID=23277, pageProxyID=4, webPageID=5, frameID=4294967297, resourceID=227)
   8.194 [com.apple.WebKit:Loading:4] 0x119088240 - [webProcessIdentifier=3] NetworkConnectionToWebProcess::scheduleResourceLoad: (parentPID=23277, pageProxyID=4, webPageID=5, frameID=4294967297, resourceID=228, existingLoaderToResume=0)
   8.194 [com.apple.WebKit:Loading:4] 0x119088240 - [webProcessIdentifier=3] NetworkConnectionToWebProcess::resolveBlobReferences: (parentPID=23277, pageProxyID=4, webPageID=5, frameID=4294967297, resourceID=228)
   8.492 [com.apple.WebKit:Loading:4] 0x119088240 - [webProcessIdentifier=3] NetworkConnectionToWebProcess::scheduleResourceLoad: (parentPID=23277, pageProxyID=4, webPageID=5, frameID=4294967297, resourceID=229, existingLoaderToResume=0)
   8.492 [com.apple.WebKit:Loading:4] 0x119088240 - [webProcessIdentifier=3] NetworkConnectionToWebProcess::resolveBlobReferences: (parentPID=23277, pageProxyID=4, webPageID=5, frameID=4294967297, resourceID=229)
   9.240 [com.apple.WebKit:Loading:4] 0x119088240 - [webProcessIdentifier=3] NetworkConnectionToWebProcess::scheduleResourceLoad: (parentPID=23277, pageProxyID=4, webPageID=5, frameID=4294967297, resourceID=232, existingLoaderToResume=0)
   9.240 [com.apple.WebKit:Loading:4] 0x119088240 - [webProcessIdentifier=3] NetworkConnectionToWebProcess::resolveBlobReferences: (parentPID=23277, pageProxyID=4, webPageID=5, frameID=4294967297, resourceID=232)
   9.514 [com.apple.WebKit:Loading:4] [pageID=5, frameID=12884901891] PolicyChecker::checkNavigationPolicy: continuing because this is an initial empty document
   9.520 [com.apple.WebKit:Loading:4] 0x119088240 - [webProcessIdentifier=3] NetworkConnectionToWebProcess::scheduleResourceLoad: (parentPID=23277, pageProxyID=4, webPageID=5, frameID=4294967297, resourceID=243, existingLoaderToResume=0)
   9.520 [com.apple.WebKit:Loading:4] 0x119088240 - [webProcessIdentifier=3] NetworkConnectionToWebProcess::resolveBlobReferences: (parentPID=23277, pageProxyID=4, webPageID=5, frameID=4294967297, resourceID=243)
  10.355 [com.apple.WebKit:Loading:4] 0x119088240 - [webProcessIdentifier=3] NetworkConnectionToWebProcess::scheduleResourceLoad: (parentPID=23277, pageProxyID=4, webPageID=5, frameID=4294967297, resourceID=258, existingLoaderToResume=0)
  10.355 [com.apple.WebKit:Loading:4] 0x119088240 - [webProcessIdentifier=3] NetworkConnectionToWebProcess::resolveBlobReferences: (parentPID=23277, pageProxyID=4, webPageID=5, frameID=4294967297, resourceID=258)
  11.320 [com.apple.WebKit:Loading:4] 0x119088240 - [webProcessIdentifier=3] NetworkConnectionToWebProcess::scheduleResourceLoad: (parentPID=23277, pageProxyID=4, webPageID=5, frameID=4294967297, resourceID=259, existingLoaderToResume=0)
  11.320 [com.apple.WebKit:Loading:4] 0x119088240 - [webProcessIdentifier=3] NetworkConnectionToWebProcess::resolveBlobReferences: (parentPID=23277, pageProxyID=4, webPageID=5, frameID=4294967297, resourceID=259)
  12.305 [com.apple.WebKit:Loading:4] 0x119088240 - [webProcessIdentifier=3] NetworkConnectionToWebProcess::scheduleResourceLoad: (parentPID=23277, pageProxyID=4, webPageID=5, frameID=4294967297, resourceID=262, existingLoaderToResume=0)
  12.305 [com.apple.WebKit:Loading:4] 0x119088240 - [webProcessIdentifier=3] NetworkConnectionToWebProcess::resolveBlobReferences: (parentPID=23277, pageProxyID=4, webPageID=5, frameID=4294967297, resourceID=262)
  13.543 [com.apple.WebKit:Loading:4] 0x119088240 - [webProcessIdentifier=3] NetworkConnectionToWebProcess::scheduleResourceLoad: (parentPID=23277, pageProxyID=4, webPageID=5, frameID=4294967297, resourceID=271, existingLoaderToResume=0)
  13.543 [com.apple.WebKit:Loading:4] 0x119088240 - [webProcessIdentifier=3] NetworkConnectionToWebProcess::resolveBlobReferences: (parentPID=23277, pageProxyID=4, webPageID=5, frameID=4294967297, resourceID=271)
  13.547 [com.apple.WebKit:Loading:4] 0x119088240 - [webProcessIdentifier=3] NetworkConnectionToWebProcess::scheduleResourceLoad: (parentPID=23277, pageProxyID=4, webPageID=5, frameID=4294967297, resourceID=272, existingLoaderToResume=0)
  13.547 [com.apple.WebKit:Loading:4] 0x119088240 - [webProcessIdentifier=3] NetworkConnectionToWebProcess::resolveBlobReferences: (parentPID=23277, pageProxyID=4, webPageID=5, frameID=4294967297, resourceID=272)
  13.583 [com.apple.WebKit:Loading:4] 0x119088240 - [webProcessIdentifier=3] NetworkConnectionToWebProcess::scheduleResourceLoad: (parentPID=23277, pageProxyID=4, webPageID=5, frameID=4294967297, resourceID=274, existingLoaderToResume=0)
  13.583 [com.apple.WebKit:Loading:4] 0x119088240 - [webProcessIdentifier=3] NetworkConnectionToWebProcess::resolveBlobReferences: (parentPID=23277, pageProxyID=4, webPageID=5, frameID=4294967297, resourceID=274)
  13.612 [com.apple.WebKit:Loading:4] 0x119088240 - [webProcessIdentifier=3] NetworkConnectionToWebProcess::scheduleResourceLoad: (parentPID=23277, pageProxyID=4, webPageID=5, frameID=4294967297, resourceID=275, existingLoaderToResume=0)
  13.612 [com.apple.WebKit:Loading:4] 0x119088240 - [webProcessIdentifier=3] NetworkConnectionToWebProcess::resolveBlobReferences: (parentPID=23277, pageProxyID=4, webPageID=5, frameID=4294967297, resourceID=275)
  13.612 [com.apple.WebKit:Loading:4] 0x119088240 - [webProcessIdentifier=3] NetworkConnectionToWebProcess::scheduleResourceLoad: (parentPID=23277, pageProxyID=4, webPageID=5, frameID=4294967297, resourceID=276, existingLoaderToResume=0)
  13.612 [com.apple.WebKit:Loading:4] 0x119088240 - [webProcessIdentifier=3] NetworkConnectionToWebProcess::resolveBlobReferences: (parentPID=23277, pageProxyID=4, webPageID=5, frameID=4294967297, resourceID=276)
  13.693 [com.apple.WebKit:Loading:4] 0x119088240 - [webProcessIdentifier=3] NetworkConnectionToWebProcess::scheduleResourceLoad: (parentPID=23277, pageProxyID=4, webPageID=5, frameID=4294967297, resourceID=277, existingLoaderToResume=0)
  13.693 [com.apple.WebKit:Loading:4] 0x119088240 - [webProcessIdentifier=3] NetworkConnectionToWebProcess::resolveBlobReferences: (parentPID=23277, pageProxyID=4, webPageID=5, frameID=4294967297, resourceID=277)
  13.893 [com.apple.WebKit:Loading:4] 0x119088240 - [webProcessIdentifier=3] NetworkConnectionToWebProcess::scheduleResourceLoad: (parentPID=23277, pageProxyID=4, webPageID=5, frameID=4294967297, resourceID=288, existingLoaderToResume=0)
  13.893 [com.apple.WebKit:Loading:4] 0x119088240 - [webProcessIdentifier=3] NetworkConnectionToWebProcess::resolveBlobReferences: (parentPID=23277, pageProxyID=4, webPageID=5, frameID=4294967297, resourceID=288)
  13.918 [com.apple.WebKit:Loading:4] 0x119088240 - [webProcessIdentifier=3] NetworkConnectionToWebProcess::scheduleResourceLoad: (parentPID=23277, pageProxyID=4, webPageID=5, frameID=4294967297, resourceID=289, existingLoaderToResume=0)
  13.918 [com.apple.WebKit:Loading:4] 0x119088240 - [webProcessIdentifier=3] NetworkConnectionToWebProcess::resolveBlobReferences: (parentPID=23277, pageProxyID=4, webPageID=5, frameID=4294967297, resourceID=289)
  13.970 [com.apple.WebKit:Loading:4] 0x119088240 - [webProcessIdentifier=3] NetworkConnectionToWebProcess::scheduleResourceLoad: (parentPID=23277, pageProxyID=4, webPageID=5, frameID=4294967297, resourceID=290, existingLoaderToResume=0)
  13.970 [com.apple.WebKit:Loading:4] 0x119088240 - [webProcessIdentifier=3] NetworkConnectionToWebProcess::resolveBlobReferences: (parentPID=23277, pageProxyID=4, webPageID=5, frameID=4294967297, resourceID=290)
  13.976 [com.apple.WebKit:Loading:4] 0x119088240 - [webProcessIdentifier=3] NetworkConnectionToWebProcess::scheduleResourceLoad: (parentPID=23277, pageProxyID=4, webPageID=5, frameID=4294967297, resourceID=291, existingLoaderToResume=0)
  13.976 [com.apple.WebKit:Loading:4] 0x119088240 - [webProcessIdentifier=3] NetworkConnectionToWebProcess::resolveBlobReferences: (parentPID=23277, pageProxyID=4, webPageID=5, frameID=4294967297, resourceID=291)
  13.985 [com.apple.WebKit:Loading:4] 0x119088240 - [webProcessIdentifier=3] NetworkConnectionToWebProcess::scheduleResourceLoad: (parentPID=23277, pageProxyID=4, webPageID=5, frameID=4294967297, resourceID=292, existingLoaderToResume=0)
  13.985 [com.apple.WebKit:Loading:4] 0x119088240 - [webProcessIdentifier=3] NetworkConnectionToWebProcess::resolveBlobReferences: (parentPID=23277, pageProxyID=4, webPageID=5, frameID=4294967297, resourceID=292)
  14.168 [com.apple.WebKit:Loading:4] 0x119088240 - [webProcessIdentifier=3] NetworkConnectionToWebProcess::scheduleResourceLoad: (parentPID=23277, pageProxyID=4, webPageID=5, frameID=4294967297, resourceID=305, existingLoaderToResume=0)
  14.168 [com.apple.WebKit:Loading:4] 0x119088240 - [webProcessIdentifier=3] NetworkConnectionToWebProcess::resolveBlobReferences: (parentPID=23277, pageProxyID=4, webPageID=5, frameID=4294967297, resourceID=305)
  14.172 [com.apple.WebKit:Loading:4] 0x119088240 - [webProcessIdentifier=3] NetworkConnectionToWebProcess::scheduleResourceLoad: (parentPID=23277, pageProxyID=4, webPageID=5, frameID=4294967297, resourceID=306, existingLoaderToResume=0)
  14.172 [com.apple.WebKit:Loading:4] 0x119088240 - [webProcessIdentifier=3] NetworkConnectionToWebProcess::resolveBlobReferences: (parentPID=23277, pageProxyID=4, webPageID=5, frameID=4294967297, resourceID=306)
  14.228 [com.apple.WebKit:Loading:4] [pageID=5, frameID=12884901892] PolicyChecker::checkNavigationPolicy: continuing because this is an initial empty document
  14.270 [com.apple.WebKit:Loading:4] 0x119088240 - [webProcessIdentifier=3] NetworkConnectionToWebProcess::scheduleResourceLoad: (parentPID=23277, pageProxyID=4, webPageID=5, frameID=4294967297, resourceID=316, existingLoaderToResume=0)
  14.270 [com.apple.WebKit:Loading:4] 0x119088240 - [webProcessIdentifier=3] NetworkConnectionToWebProcess::resolveBlobReferences: (parentPID=23277, pageProxyID=4, webPageID=5, frameID=4294967297, resourceID=316)
  14.279 [com.apple.WebKit:Loading:4] 0x119088240 - [webProcessIdentifier=3] NetworkConnectionToWebProcess::scheduleResourceLoad: (parentPID=23277, pageProxyID=4, webPageID=5, frameID=4294967297, resourceID=317, existingLoaderToResume=0)
  14.279 [com.apple.WebKit:Loading:4] 0x119088240 - [webProcessIdentifier=3] NetworkConnectionToWebProcess::resolveBlobReferences: (parentPID=23277, pageProxyID=4, webPageID=5, frameID=4294967297, resourceID=317)
  15.384 [com.apple.WebKit:Loading:4] 0x119088240 - [webProcessIdentifier=3] NetworkConnectionToWebProcess::scheduleResourceLoad: (parentPID=23277, pageProxyID=4, webPageID=5, frameID=4294967297, resourceID=328, existingLoaderToResume=0)
  15.384 [com.apple.WebKit:Loading:4] 0x119088240 - [webProcessIdentifier=3] NetworkConnectionToWebProcess::resolveBlobReferences: (parentPID=23277, pageProxyID=4, webPageID=5, frameID=4294967297, resourceID=328)
  15.464 [com.apple.WebKit:Loading:4] 0x119088240 - [webProcessIdentifier=3] NetworkConnectionToWebProcess::scheduleResourceLoad: (parentPID=23277, pageProxyID=4, webPageID=5, frameID=4294967297, resourceID=330, existingLoaderToResume=0)
  15.464 [com.apple.WebKit:Loading:4] 0x119088240 - [webProcessIdentifier=3] NetworkConnectionToWebProcess::resolveBlobReferences: (parentPID=23277, pageProxyID=4, webPageID=5, frameID=4294967297, resourceID=330)
  15.509 [com.apple.WebKit:Loading:4] 0x119088240 - [webProcessIdentifier=3] NetworkConnectionToWebProcess::scheduleResourceLoad: (parentPID=23277, pageProxyID=4, webPageID=5, frameID=4294967297, resourceID=331, existingLoaderToResume=0)
  15.509 [com.apple.WebKit:Loading:4] 0x119088240 - [webProcessIdentifier=3] NetworkConnectionToWebProcess::resolveBlobReferences: (parentPID=23277, pageProxyID=4, webPageID=5, frameID=4294967297, resourceID=331)
  15.856 [com.apple.WebKit:Loading:4] 0x119088240 - [webProcessIdentifier=3] NetworkConnectionToWebProcess::scheduleResourceLoad: (parentPID=23277, pageProxyID=4, webPageID=5, frameID=4294967297, resourceID=338, existingLoaderToResume=0)
  15.856 [com.apple.WebKit:Loading:4] 0x119088240 - [webProcessIdentifier=3] NetworkConnectionToWebProcess::resolveBlobReferences: (parentPID=23277, pageProxyID=4, webPageID=5, frameID=4294967297, resourceID=338)
  16.026 [com.apple.WebKit:Loading:4] 0x119088240 - [webProcessIdentifier=3] NetworkConnectionToWebProcess::scheduleResourceLoad: (parentPID=23277, pageProxyID=4, webPageID=5, frameID=4294967297, resourceID=339, existingLoaderToResume=0)
  16.026 [com.apple.WebKit:Loading:4] 0x119088240 - [webProcessIdentifier=3] NetworkConnectionToWebProcess::resolveBlobReferences: (parentPID=23277, pageProxyID=4, webPageID=5, frameID=4294967297, resourceID=339)
  16.031 [com.apple.WebKit:Loading:4] 0x119088240 - [webProcessIdentifier=3] NetworkConnectionToWebProcess::scheduleResourceLoad: (parentPID=23277, pageProxyID=4, webPageID=5, frameID=4294967297, resourceID=340, existingLoaderToResume=0)
  16.031 [com.apple.WebKit:Loading:4] 0x119088240 - [webProcessIdentifier=3] NetworkConnectionToWebProcess::resolveBlobReferences: (parentPID=23277, pageProxyID=4, webPageID=5, frameID=4294967297, resourceID=340)
  16.038 [com.apple.WebKit:Loading:4] 0x119088240 - [webProcessIdentifier=3] NetworkConnectionToWebProcess::scheduleResourceLoad: (parentPID=23277, pageProxyID=4, webPageID=5, frameID=4294967297, resourceID=341, existingLoaderToResume=0)
  16.038 [com.apple.WebKit:Loading:4] 0x119088240 - [webProcessIdentifier=3] NetworkConnectionToWebProcess::resolveBlobReferences: (parentPID=23277, pageProxyID=4, webPageID=5, frameID=4294967297, resourceID=341)
  16.959 [com.apple.WebKit:Loading:4] 0x119088240 - [webProcessIdentifier=3] NetworkConnectionToWebProcess::scheduleResourceLoad: (parentPID=23277, pageProxyID=4, webPageID=5, frameID=4294967297, resourceID=352, existingLoaderToResume=0)
  16.959 [com.apple.WebKit:Loading:4] 0x119088240 - [webProcessIdentifier=3] NetworkConnectionToWebProcess::resolveBlobReferences: (parentPID=23277, pageProxyID=4, webPageID=5, frameID=4294967297, resourceID=352)
  16.978 [com.apple.WebKit:Loading:4] 0x119088240 - [webProcessIdentifier=3] NetworkConnectionToWebProcess::scheduleResourceLoad: (parentPID=23277, pageProxyID=4, webPageID=5, frameID=4294967297, resourceID=353, existingLoaderToResume=0)
  16.978 [com.apple.WebKit:Loading:4] 0x119088240 - [webProcessIdentifier=3] NetworkConnectionToWebProcess::resolveBlobReferences: (parentPID=23277, pageProxyID=4, webPageID=5, frameID=4294967297, resourceID=353)
  17.013 [com.apple.WebKit:Loading:4] 0x119088240 - [webProcessIdentifier=3] NetworkConnectionToWebProcess::scheduleResourceLoad: (parentPID=23277, pageProxyID=4, webPageID=5, frameID=4294967297, resourceID=354, existingLoaderToResume=0)
  17.013 [com.apple.WebKit:Loading:4] 0x119088240 - [webProcessIdentifier=3] NetworkConnectionToWebProcess::resolveBlobReferences: (parentPID=23277, pageProxyID=4, webPageID=5, frameID=4294967297, resourceID=354)
  17.016 [com.apple.WebKit:Loading:4] 0x119088240 - [webProcessIdentifier=3] NetworkConnectionToWebProcess::scheduleResourceLoad: (parentPID=23277, pageProxyID=4, webPageID=5, frameID=4294967297, resourceID=355, existingLoaderToResume=0)
  17.016 [com.apple.WebKit:Loading:4] 0x119088240 - [webProcessIdentifier=3] NetworkConnectionToWebProcess::resolveBlobReferences: (parentPID=23277, pageProxyID=4, webPageID=5, frameID=4294967297, resourceID=355)
  18.094 [com.apple.WebKit:Loading:4] 0x119088240 - [webProcessIdentifier=3] NetworkConnectionToWebProcess::scheduleResourceLoad: (parentPID=23277, pageProxyID=4, webPageID=5, frameID=4294967297, resourceID=367, existingLoaderToResume=0)
  18.094 [com.apple.WebKit:Loading:4] 0x119088240 - [webProcessIdentifier=3] NetworkConnectionToWebProcess::resolveBlobReferences: (parentPID=23277, pageProxyID=4, webPageID=5, frameID=4294967297, resourceID=367)
  18.098 [com.apple.WebKit:Loading:4] 0x119088240 - [webProcessIdentifier=3] NetworkConnectionToWebProcess::scheduleResourceLoad: (parentPID=23277, pageProxyID=4, webPageID=5, frameID=4294967297, resourceID=368, existingLoaderToResume=0)
  18.098 [com.apple.WebKit:Loading:4] 0x119088240 - [webProcessIdentifier=3] NetworkConnectionToWebProcess::resolveBlobReferences: (parentPID=23277, pageProxyID=4, webPageID=5, frameID=4294967297, resourceID=368)
  18.160 [com.apple.WebKit:Loading:4] 0x119088240 - [webProcessIdentifier=3] NetworkConnectionToWebProcess::scheduleResourceLoad: (parentPID=23277, pageProxyID=4, webPageID=5, frameID=4294967297, resourceID=369, existingLoaderToResume=0)
  18.161 [com.apple.WebKit:Loading:4] 0x119088240 - [webProcessIdentifier=3] NetworkConnectionToWebProcess::resolveBlobReferences: (parentPID=23277, pageProxyID=4, webPageID=5, frameID=4294967297, resourceID=369)
  18.180 [com.apple.WebKit:Loading:4] 0x119088240 - [webProcessIdentifier=3] NetworkConnectionToWebProcess::scheduleResourceLoad: (parentPID=23277, pageProxyID=4, webPageID=5, frameID=4294967297, resourceID=370, existingLoaderToResume=0)
  18.180 [com.apple.WebKit:Loading:4] 0x119088240 - [webProcessIdentifier=3] NetworkConnectionToWebProcess::resolveBlobReferences: (parentPID=23277, pageProxyID=4, webPageID=5, frameID=4294967297, resourceID=370)
  18.297 [com.apple.WebKit:Loading:4] 0x119088240 - [webProcessIdentifier=3] NetworkConnectionToWebProcess::scheduleResourceLoad: (parentPID=23277, pageProxyID=4, webPageID=5, frameID=4294967297, resourceID=377, existingLoaderToResume=0)
  18.297 [com.apple.WebKit:Loading:4] 0x119088240 - [webProcessIdentifier=3] NetworkConnectionToWebProcess::resolveBlobReferences: (parentPID=23277, pageProxyID=4, webPageID=5, frameID=4294967297, resourceID=377)
  18.299 [com.apple.WebKit:Loading:4] 0x119088240 - [webProcessIdentifier=3] NetworkConnectionToWebProcess::scheduleResourceLoad: (parentPID=23277, pageProxyID=4, webPageID=5, frameID=4294967297, resourceID=379, existingLoaderToResume=0)
  18.299 [com.apple.WebKit:Loading:4] 0x119088240 - [webProcessIdentifier=3] NetworkConnectionToWebProcess::resolveBlobReferences: (parentPID=23277, pageProxyID=4, webPageID=5, frameID=4294967297, resourceID=379)
  18.860 [com.apple.WebKit:Loading:4] 0x119088240 - [webProcessIdentifier=3] NetworkConnectionToWebProcess::scheduleResourceLoad: (parentPID=23277, pageProxyID=4, webPageID=5, frameID=4294967297, resourceID=380, existingLoaderToResume=0)
  18.860 [com.apple.WebKit:Loading:4] 0x119088240 - [webProcessIdentifier=3] NetworkConnectionToWebProcess::resolveBlobReferences: (parentPID=23277, pageProxyID=4, webPageID=5, frameID=4294967297, resourceID=380)
  18.867 [com.apple.WebKit:Loading:4] 0x119088240 - [webProcessIdentifier=3] NetworkConnectionToWebProcess::scheduleResourceLoad: (parentPID=23277, pageProxyID=4, webPageID=5, frameID=4294967297, resourceID=381, existingLoaderToResume=0)
  18.867 [com.apple.WebKit:Loading:4] 0x119088240 - [webProcessIdentifier=3] NetworkConnectionToWebProcess::resolveBlobReferences: (parentPID=23277, pageProxyID=4, webPageID=5, frameID=4294967297, resourceID=381)
  18.867 [com.apple.WebKit:Loading:4] 0x119088240 - [webProcessIdentifier=3] NetworkConnectionToWebProcess::scheduleResourceLoad: (parentPID=23277, pageProxyID=4, webPageID=5, frameID=4294967297, resourceID=382, existingLoaderToResume=0)
  18.867 [com.apple.WebKit:Loading:4] 0x119088240 - [webProcessIdentifier=3] NetworkConnectionToWebProcess::resolveBlobReferences: (parentPID=23277, pageProxyID=4, webPageID=5, frameID=4294967297, resourceID=382)
  18.872 [com.apple.WebKit:Loading:4] 0x119088240 - [webProcessIdentifier=3] NetworkConnectionToWebProcess::scheduleResourceLoad: (parentPID=23277, pageProxyID=4, webPageID=5, frameID=4294967297, resourceID=385, existingLoaderToResume=0)
  18.872 [com.apple.WebKit:Loading:4] 0x119088240 - [webProcessIdentifier=3] NetworkConnectionToWebProcess::resolveBlobReferences: (parentPID=23277, pageProxyID=4, webPageID=5, frameID=4294967297, resourceID=385)
  18.960 [com.apple.WebKit:Loading:4] 0x119088240 - [webProcessIdentifier=3] NetworkConnectionToWebProcess::scheduleResourceLoad: (parentPID=23277, pageProxyID=4, webPageID=5, frameID=4294967297, resourceID=386, existingLoaderToResume=0)
  18.960 [com.apple.WebKit:Loading:4] 0x119088240 - [webProcessIdentifier=3] NetworkConnectionToWebProcess::resolveBlobReferences: (parentPID=23277, pageProxyID=4, webPageID=5, frameID=4294967297, resourceID=386)
  19.006 [com.apple.WebKit:Loading:4] 0x119088240 - [webProcessIdentifier=3] NetworkConnectionToWebProcess::scheduleResourceLoad: (parentPID=23277, pageProxyID=4, webPageID=5, frameID=4294967297, resourceID=388, existingLoaderToResume=0)
  19.006 [com.apple.WebKit:Loading:4] 0x119088240 - [webProcessIdentifier=3] NetworkConnectionToWebProcess::resolveBlobReferences: (parentPID=23277, pageProxyID=4, webPageID=5, frameID=4294967297, resourceID=388)
  19.012 [com.apple.WebKit:Loading:4] 0x119088240 - [webProcessIdentifier=3] NetworkConnectionToWebProcess::scheduleResourceLoad: (parentPID=23277, pageProxyID=4, webPageID=5, frameID=4294967297, resourceID=389, existingLoaderToResume=0)
  19.012 [com.apple.WebKit:Loading:4] 0x119088240 - [webProcessIdentifier=3] NetworkConnectionToWebProcess::resolveBlobReferences: (parentPID=23277, pageProxyID=4, webPageID=5, frameID=4294967297, resourceID=389)
  19.566 [com.apple.WebKit:Loading:4] 0x119088240 - [webProcessIdentifier=3] NetworkConnectionToWebProcess::scheduleResourceLoad: (parentPID=23277, pageProxyID=4, webPageID=5, frameID=4294967297, resourceID=390, existingLoaderToResume=0)
  19.566 [com.apple.WebKit:Loading:4] 0x119088240 - [webProcessIdentifier=3] NetworkConnectionToWebProcess::resolveBlobReferences: (parentPID=23277, pageProxyID=4, webPageID=5, frameID=4294967297, resourceID=390)
  19.631 [com.apple.WebKit:Loading:4] 0x119088240 - [webProcessIdentifier=3] NetworkConnectionToWebProcess::scheduleResourceLoad: (parentPID=23277, pageProxyID=4, webPageID=5, frameID=4294967297, resourceID=391, existingLoaderToResume=0)
  19.631 [com.apple.WebKit:Loading:4] 0x119088240 - [webProcessIdentifier=3] NetworkConnectionToWebProcess::resolveBlobReferences: (parentPID=23277, pageProxyID=4, webPageID=5, frameID=4294967297, resourceID=391)
  19.651 [com.apple.WebKit:Loading:4] 0x119088240 - [webProcessIdentifier=3] NetworkConnectionToWebProcess::scheduleResourceLoad: (parentPID=23277, pageProxyID=4, webPageID=5, frameID=4294967297, resourceID=392, existingLoaderToResume=0)
  19.651 [com.apple.WebKit:Loading:4] 0x119088240 - [webProcessIdentifier=3] NetworkConnectionToWebProcess::resolveBlobReferences: (parentPID=23277, pageProxyID=4, webPageID=5, frameID=4294967297, resourceID=392)
  19.669 [com.apple.WebKit:Loading:4] 0x119088240 - [webProcessIdentifier=3] NetworkConnectionToWebProcess::scheduleResourceLoad: (parentPID=23277, pageProxyID=4, webPageID=5, frameID=4294967297, resourceID=393, existingLoaderToResume=0)
  19.669 [com.apple.WebKit:Loading:4] 0x119088240 - [webProcessIdentifier=3] NetworkConnectionToWebProcess::resolveBlobReferences: (parentPID=23277, pageProxyID=4, webPageID=5, frameID=4294967297, resourceID=393)
  19.911 [com.apple.WebKit:Loading:4] [pageID=5, frameID=12884901893] PolicyChecker::checkNavigationPolicy: continuing because this policyAction from dispatchDecidePolicyForNavigationAction is Use
  19.913 [com.apple.WebKit:Loading:4] 0x119088240 - [webProcessIdentifier=3] NetworkConnectionToWebProcess::scheduleResourceLoad: (parentPID=23277, pageProxyID=4, webPageID=5, frameID=12884901893, resourceID=397, existingLoaderToResume=0)
  19.913 [com.apple.WebKit:Loading:4] 0x119088240 - [webProcessIdentifier=3] NetworkConnectionToWebProcess::resolveBlobReferences: (parentPID=23277, pageProxyID=4, webPageID=5, frameID=12884901893, resourceID=397)
  19.914 WARNING: trying to load platform resource 'missingImage'
  20.268 [com.apple.WebKit:Loading:4] 0x119088240 - [webProcessIdentifier=3] NetworkConnectionToWebProcess::scheduleResourceLoad: (parentPID=23277, pageProxyID=4, webPageID=5, frameID=4294967297, resourceID=398, existingLoaderToResume=0)
  20.268 [com.apple.WebKit:Loading:4] 0x119088240 - [webProcessIdentifier=3] NetworkConnectionToWebProcess::resolveBlobReferences: (parentPID=23277, pageProxyID=4, webPageID=5, frameID=4294967297, resourceID=398)
  20.371 [com.apple.WebKit:Loading:4] 0x119088240 - [webProcessIdentifier=3] NetworkConnectionToWebProcess::scheduleResourceLoad: (parentPID=23277, pageProxyID=4, webPageID=5, frameID=4294967297, resourceID=399, existingLoaderToResume=0)
  20.371 [com.apple.WebKit:Loading:4] 0x119088240 - [webProcessIdentifier=3] NetworkConnectionToWebProcess::resolveBlobReferences: (parentPID=23277, pageProxyID=4, webPageID=5, frameID=4294967297, resourceID=399)
  20.375 [com.apple.WebKit:Loading:4] 0x119088240 - [webProcessIdentifier=3] NetworkConnectionToWebProcess::scheduleResourceLoad: (parentPID=23277, pageProxyID=4, webPageID=5, frameID=4294967297, resourceID=400, existingLoaderToResume=0)
  20.375 [com.apple.WebKit:Loading:4] 0x119088240 - [webProcessIdentifier=3] NetworkConnectionToWebProcess::resolveBlobReferences: (parentPID=23277, pageProxyID=4, webPageID=5, frameID=4294967297, resourceID=400)
  20.447 [com.apple.WebKit:Loading:4] 0x119088240 - [webProcessIdentifier=3] NetworkConnectionToWebProcess::scheduleResourceLoad: (parentPID=23277, pageProxyID=4, webPageID=5, frameID=4294967297, resourceID=402, existingLoaderToResume=0)
  20.447 [com.apple.WebKit:Loading:4] 0x119088240 - [webProcessIdentifier=3] NetworkConnectionToWebProcess::resolveBlobReferences: (parentPID=23277, pageProxyID=4, webPageID=5, frameID=4294967297, resourceID=402)
  20.626 [com.apple.WebKit:Loading:4] 0x119088240 - [webProcessIdentifier=3] NetworkConnectionToWebProcess::scheduleResourceLoad: (parentPID=23277, pageProxyID=4, webPageID=5, frameID=12884901893, resourceID=414, existingLoaderToResume=0)
  20.626 [com.apple.WebKit:Loading:4] 0x119088240 - [webProcessIdentifier=3] NetworkConnectionToWebProcess::resolveBlobReferences: (parentPID=23277, pageProxyID=4, webPageID=5, frameID=12884901893, resourceID=414)
  20.626 [com.apple.WebKit:Loading:4] 0x119088240 - [webProcessIdentifier=3] NetworkConnectionToWebProcess::scheduleResourceLoad: (parentPID=23277, pageProxyID=4, webPageID=5, frameID=12884901893, resourceID=415, existingLoaderToResume=0)
  20.626 [com.apple.WebKit:Loading:4] 0x119088240 - [webProcessIdentifier=3] NetworkConnectionToWebProcess::resolveBlobReferences: (parentPID=23277, pageProxyID=4, webPageID=5, frameID=12884901893, resourceID=415)
  20.966 [com.apple.WebKit:Loading:4] 0x119088240 - [webProcessIdentifier=3] NetworkConnectionToWebProcess::scheduleResourceLoad: (parentPID=23277, pageProxyID=4, webPageID=5, frameID=4294967297, resourceID=418, existingLoaderToResume=0)
  20.966 [com.apple.WebKit:Loading:4] 0x119088240 - [webProcessIdentifier=3] NetworkConnectionToWebProcess::resolveBlobReferences: (parentPID=23277, pageProxyID=4, webPageID=5, frameID=4294967297, resourceID=418)
  20.966 [com.apple.WebKit:Loading:4] 0x119088240 - [webProcessIdentifier=3] NetworkConnectionToWebProcess::scheduleResourceLoad: (parentPID=23277, pageProxyID=4, webPageID=5, frameID=4294967297, resourceID=419, existingLoaderToResume=0)
  20.966 [com.apple.WebKit:Loading:4] 0x119088240 - [webProcessIdentifier=3] NetworkConnectionToWebProcess::resolveBlobReferences: (parentPID=23277, pageProxyID=4, webPageID=5, frameID=4294967297, resourceID=419)
  20.969 [com.apple.WebKit:Loading:4] 0x119088240 - [webProcessIdentifier=3] NetworkConnectionToWebProcess::scheduleResourceLoad: (parentPID=23277, pageProxyID=4, webPageID=5, frameID=4294967297, resourceID=420, existingLoaderToResume=0)
  20.969 [com.apple.WebKit:Loading:4] 0x119088240 - [webProcessIdentifier=3] NetworkConnectionToWebProcess::resolveBlobReferences: (parentPID=23277, pageProxyID=4, webPageID=5, frameID=4294967297, resourceID=420)
  20.975 [com.apple.WebKit:Loading:4] 0x119088240 - [webProcessIdentifier=3] NetworkConnectionToWebProcess::scheduleResourceLoad: (parentPID=23277, pageProxyID=4, webPageID=5, frameID=4294967297, resourceID=421, existingLoaderToResume=0)
  20.975 [com.apple.WebKit:Loading:4] 0x119088240 - [webProcessIdentifier=3] NetworkConnectionToWebProcess::resolveBlobReferences: (parentPID=23277, pageProxyID=4, webPageID=5, frameID=4294967297, resourceID=421)
  21.256 TIGER script: scroll 0,-600
  21.556 TIGER script: wait 3
  21.643 [com.apple.WebKit:Loading:4] 0x119088240 - [webProcessIdentifier=3] NetworkConnectionToWebProcess::scheduleResourceLoad: (parentPID=23277, pageProxyID=4, webPageID=5, frameID=4294967297, resourceID=426, existingLoaderToResume=0)
  21.643 [com.apple.WebKit:Loading:4] 0x119088240 - [webProcessIdentifier=3] NetworkConnectionToWebProcess::resolveBlobReferences: (parentPID=23277, pageProxyID=4, webPageID=5, frameID=4294967297, resourceID=426)
  21.663 [com.apple.WebKit:Loading:4] 0x119088240 - [webProcessIdentifier=3] NetworkConnectionToWebProcess::scheduleResourceLoad: (parentPID=23277, pageProxyID=4, webPageID=5, frameID=4294967297, resourceID=427, existingLoaderToResume=0)
  21.663 [com.apple.WebKit:Loading:4] 0x119088240 - [webProcessIdentifier=3] NetworkConnectionToWebProcess::resolveBlobReferences: (parentPID=23277, pageProxyID=4, webPageID=5, frameID=4294967297, resourceID=427)
  21.673 [com.apple.WebKit:Loading:4] 0x119088240 - [webProcessIdentifier=3] NetworkConnectionToWebProcess::scheduleResourceLoad: (parentPID=23277, pageProxyID=4, webPageID=5, frameID=4294967297, resourceID=428, existingLoaderToResume=0)
  21.673 [com.apple.WebKit:Loading:4] 0x119088240 - [webProcessIdentifier=3] NetworkConnectionToWebProcess::resolveBlobReferences: (parentPID=23277, pageProxyID=4, webPageID=5, frameID=4294967297, resourceID=428)
  21.735 [com.apple.WebKit:Loading:4] 0x119088240 - [webProcessIdentifier=3] NetworkConnectionToWebProcess::scheduleResourceLoad: (parentPID=23277, pageProxyID=4, webPageID=5, frameID=4294967297, resourceID=436, existingLoaderToResume=0)
  21.735 [com.apple.WebKit:Loading:4] 0x119088240 - [webProcessIdentifier=3] NetworkConnectionToWebProcess::resolveBlobReferences: (parentPID=23277, pageProxyID=4, webPageID=5, frameID=4294967297, resourceID=436)
  21.851 [com.apple.WebKit:Process error] 0x803e600 - [pageProxyID=4, webPageID=5, PID=23280] WebPageProxy::Ignoring request to load this main resource because it has a custom protocol and comes from a sandboxed iframe
  21.873 [com.apple.WebKit:Loading:4] 0x119088240 - [webProcessIdentifier=3] NetworkConnectionToWebProcess::scheduleResourceLoad: (parentPID=23277, pageProxyID=4, webPageID=5, frameID=4294967297, resourceID=443, existingLoaderToResume=0)
  21.873 [com.apple.WebKit:Loading:4] 0x119088240 - [webProcessIdentifier=3] NetworkConnectionToWebProcess::resolveBlobReferences: (parentPID=23277, pageProxyID=4, webPageID=5, frameID=4294967297, resourceID=443)
  21.876 [com.apple.WebKit:Loading:4] 0x119088240 - [webProcessIdentifier=3] NetworkConnectionToWebProcess::scheduleResourceLoad: (parentPID=23277, pageProxyID=4, webPageID=5, frameID=4294967297, resourceID=444, existingLoaderToResume=0)
  21.876 [com.apple.WebKit:Loading:4] 0x119088240 - [webProcessIdentifier=3] NetworkConnectionToWebProcess::resolveBlobReferences: (parentPID=23277, pageProxyID=4, webPageID=5, frameID=4294967297, resourceID=444)
  21.882 [com.apple.WebKit:Loading:4] 0x119088240 - [webProcessIdentifier=3] NetworkConnectionToWebProcess::scheduleResourceLoad: (parentPID=23277, pageProxyID=4, webPageID=5, frameID=4294967297, resourceID=445, existingLoaderToResume=0)
  21.882 [com.apple.WebKit:Loading:4] 0x119088240 - [webProcessIdentifier=3] NetworkConnectionToWebProcess::resolveBlobReferences: (parentPID=23277, pageProxyID=4, webPageID=5, frameID=4294967297, resourceID=445)
  21.887 [com.apple.WebKit:Loading:4] 0x119088240 - [webProcessIdentifier=3] NetworkConnectionToWebProcess::scheduleResourceLoad: (parentPID=23277, pageProxyID=4, webPageID=5, frameID=4294967297, resourceID=446, existingLoaderToResume=0)
  21.887 [com.apple.WebKit:Loading:4] 0x119088240 - [webProcessIdentifier=3] NetworkConnectionToWebProcess::resolveBlobReferences: (parentPID=23277, pageProxyID=4, webPageID=5, frameID=4294967297, resourceID=446)
  21.924 [com.apple.WebKit:Process error] 0x803e600 - [pageProxyID=4, webPageID=5, PID=23280] WebPageProxy::Ignoring request to load this main resource because it has a custom protocol and comes from a sandboxed iframe
  21.943 [com.apple.WebKit:Loading:4] 0x119088240 - [webProcessIdentifier=3] NetworkConnectionToWebProcess::scheduleResourceLoad: (parentPID=23277, pageProxyID=4, webPageID=5, frameID=4294967297, resourceID=451, existingLoaderToResume=0)
  21.943 [com.apple.WebKit:Loading:4] 0x119088240 - [webProcessIdentifier=3] NetworkConnectionToWebProcess::resolveBlobReferences: (parentPID=23277, pageProxyID=4, webPageID=5, frameID=4294967297, resourceID=451)
  21.988 [com.apple.WebKit:Loading:4] 0x119088240 - [webProcessIdentifier=3] NetworkConnectionToWebProcess::scheduleResourceLoad: (parentPID=23277, pageProxyID=4, webPageID=5, frameID=4294967297, resourceID=452, existingLoaderToResume=0)
  21.988 [com.apple.WebKit:Loading:4] 0x119088240 - [webProcessIdentifier=3] NetworkConnectionToWebProcess::resolveBlobReferences: (parentPID=23277, pageProxyID=4, webPageID=5, frameID=4294967297, resourceID=452)
  22.003 [com.apple.WebKit:Loading:4] 0x119088240 - [webProcessIdentifier=3] NetworkConnectionToWebProcess::scheduleResourceLoad: (parentPID=23277, pageProxyID=4, webPageID=5, frameID=4294967297, resourceID=453, existingLoaderToResume=0)
  22.003 [com.apple.WebKit:Loading:4] 0x119088240 - [webProcessIdentifier=3] NetworkConnectionToWebProcess::resolveBlobReferences: (parentPID=23277, pageProxyID=4, webPageID=5, frameID=4294967297, resourceID=453)
  22.454 [com.apple.WebKit:Loading:4] [pageID=5, frameID=12884901896] PolicyChecker::checkNavigationPolicy: continuing because this is an initial empty document
  22.832 [com.apple.WebKit:Loading:4] 0x119088240 - [webProcessIdentifier=3] NetworkConnectionToWebProcess::scheduleResourceLoad: (parentPID=23277, pageProxyID=4, webPageID=5, frameID=4294967297, resourceID=463, existingLoaderToResume=0)
  22.833 [com.apple.WebKit:Loading:4] 0x119088240 - [webProcessIdentifier=3] NetworkConnectionToWebProcess::resolveBlobReferences: (parentPID=23277, pageProxyID=4, webPageID=5, frameID=4294967297, resourceID=463)
  23.472 [com.apple.WebKit:Loading:4] 0x119088240 - [webProcessIdentifier=3] NetworkConnectionToWebProcess::scheduleResourceLoad: (parentPID=23277, pageProxyID=4, webPageID=5, frameID=4294967297, resourceID=469, existingLoaderToResume=0)
  23.472 [com.apple.WebKit:Loading:4] 0x119088240 - [webProcessIdentifier=3] NetworkConnectionToWebProcess::resolveBlobReferences: (parentPID=23277, pageProxyID=4, webPageID=5, frameID=4294967297, resourceID=469)
  24.557 TIGER script: scroll 0,-600
  24.608 [com.apple.WebKit:Loading:4] [pageID=5, frameID=12884901897] PolicyChecker::checkNavigationPolicy: continuing because this is an initial empty document
  24.617 [com.apple.WebKit:Loading:4] 0x119088240 - [webProcessIdentifier=3] NetworkConnectionToWebProcess::scheduleResourceLoad: (parentPID=23277, pageProxyID=4, webPageID=5, frameID=4294967297, resourceID=488, existingLoaderToResume=0)
  24.617 [com.apple.WebKit:Loading:4] 0x119088240 - [webProcessIdentifier=3] NetworkConnectionToWebProcess::resolveBlobReferences: (parentPID=23277, pageProxyID=4, webPageID=5, frameID=4294967297, resourceID=488)
  24.787 [com.apple.WebKit:Loading:4] 0x119088240 - [webProcessIdentifier=3] NetworkConnectionToWebProcess::scheduleResourceLoad: (parentPID=23277, pageProxyID=4, webPageID=5, frameID=4294967297, resourceID=490, existingLoaderToResume=0)
  24.787 [com.apple.WebKit:Loading:4] 0x119088240 - [webProcessIdentifier=3] NetworkConnectionToWebProcess::resolveBlobReferences: (parentPID=23277, pageProxyID=4, webPageID=5, frameID=4294967297, resourceID=490)
  24.811 [com.apple.WebKit:Loading:4] 0x16960f360 - [pageID=5, frameID=12884901894] PolicyChecker::checkNavigationPolicy: ignoring because policyAction from dispatchDecidePolicyForNavigationAction is Ignore
  24.816 [com.apple.WebKit:Loading:4] 0x169675140 - [pageID=5, frameID=12884901895] PolicyChecker::checkNavigationPolicy: ignoring because policyAction from dispatchDecidePolicyForNavigationAction is Ignore
  24.857 TIGER script: wait 3
  24.928 [com.apple.WebKit:Loading:4] 0x119088240 - [webProcessIdentifier=3] NetworkConnectionToWebProcess::scheduleResourceLoad: (parentPID=23277, pageProxyID=4, webPageID=5, frameID=4294967297, resourceID=492, existingLoaderToResume=0)
  24.928 [com.apple.WebKit:Loading:4] 0x119088240 - [webProcessIdentifier=3] NetworkConnectionToWebProcess::resolveBlobReferences: (parentPID=23277, pageProxyID=4, webPageID=5, frameID=4294967297, resourceID=492)
  24.933 [com.apple.WebKit:Loading:4] 0x119088240 - [webProcessIdentifier=3] NetworkConnectionToWebProcess::scheduleResourceLoad: (parentPID=23277, pageProxyID=4, webPageID=5, frameID=4294967297, resourceID=493, existingLoaderToResume=0)
  24.933 [com.apple.WebKit:Loading:4] 0x119088240 - [webProcessIdentifier=3] NetworkConnectionToWebProcess::resolveBlobReferences: (parentPID=23277, pageProxyID=4, webPageID=5, frameID=4294967297, resourceID=493)
  24.937 [com.apple.WebKit:Loading:4] 0x119088240 - [webProcessIdentifier=3] NetworkConnectionToWebProcess::scheduleResourceLoad: (parentPID=23277, pageProxyID=4, webPageID=5, frameID=4294967297, resourceID=494, existingLoaderToResume=0)
  24.937 [com.apple.WebKit:Loading:4] 0x119088240 - [webProcessIdentifier=3] NetworkConnectionToWebProcess::resolveBlobReferences: (parentPID=23277, pageProxyID=4, webPageID=5, frameID=4294967297, resourceID=494)
  24.953 [com.apple.WebKit:Loading:4] 0x119088240 - [webProcessIdentifier=3] NetworkConnectionToWebProcess::scheduleResourceLoad: (parentPID=23277, pageProxyID=4, webPageID=5, frameID=4294967297, resourceID=497, existingLoaderToResume=0)
  24.953 [com.apple.WebKit:Loading:4] 0x119088240 - [webProcessIdentifier=3] NetworkConnectionToWebProcess::resolveBlobReferences: (parentPID=23277, pageProxyID=4, webPageID=5, frameID=4294967297, resourceID=497)
  25.413 [com.apple.WebKit:Loading:4] 0x119088240 - [webProcessIdentifier=3] NetworkConnectionToWebProcess::scheduleResourceLoad: (parentPID=23277, pageProxyID=4, webPageID=5, frameID=12884901893, resourceID=520, existingLoaderToResume=0)
  25.413 [com.apple.WebKit:Loading:4] 0x119088240 - [webProcessIdentifier=3] NetworkConnectionToWebProcess::resolveBlobReferences: (parentPID=23277, pageProxyID=4, webPageID=5, frameID=12884901893, resourceID=520)
  25.591 [com.apple.WebKit:Loading:4] 0x119088240 - [webProcessIdentifier=3] NetworkConnectionToWebProcess::scheduleResourceLoad: (parentPID=23277, pageProxyID=4, webPageID=5, frameID=12884901893, resourceID=525, existingLoaderToResume=0)
  25.591 [com.apple.WebKit:Loading:4] 0x119088240 - [webProcessIdentifier=3] NetworkConnectionToWebProcess::resolveBlobReferences: (parentPID=23277, pageProxyID=4, webPageID=5, frameID=12884901893, resourceID=525)
  25.601 [com.apple.WebKit:Loading:4] 0x119088240 - [webProcessIdentifier=3] NetworkConnectionToWebProcess::scheduleResourceLoad: (parentPID=23277, pageProxyID=4, webPageID=5, frameID=12884901893, resourceID=526, existingLoaderToResume=0)
  25.601 [com.apple.WebKit:Loading:4] 0x119088240 - [webProcessIdentifier=3] NetworkConnectionToWebProcess::resolveBlobReferences: (parentPID=23277, pageProxyID=4, webPageID=5, frameID=12884901893, resourceID=526)
  25.721 [com.apple.WebKit:Loading:4] 0x119088240 - [webProcessIdentifier=3] NetworkConnectionToWebProcess::scheduleResourceLoad: (parentPID=23277, pageProxyID=4, webPageID=5, frameID=12884901893, resourceID=535, existingLoaderToResume=0)
  25.721 [com.apple.WebKit:Loading:4] 0x119088240 - [webProcessIdentifier=3] NetworkConnectionToWebProcess::resolveBlobReferences: (parentPID=23277, pageProxyID=4, webPageID=5, frameID=12884901893, resourceID=535)
  25.731 [com.apple.WebKit:Loading:4] 0x119088240 - [webProcessIdentifier=3] NetworkConnectionToWebProcess::scheduleResourceLoad: (parentPID=23277, pageProxyID=4, webPageID=5, frameID=4294967297, resourceID=537, existingLoaderToResume=0)
  25.731 [com.apple.WebKit:Loading:4] 0x119088240 - [webProcessIdentifier=3] NetworkConnectionToWebProcess::resolveBlobReferences: (parentPID=23277, pageProxyID=4, webPageID=5, frameID=4294967297, resourceID=537)
  25.732 [com.apple.WebKit:Loading:4] 0x119088240 - [webProcessIdentifier=3] NetworkConnectionToWebProcess::scheduleResourceLoad: (parentPID=23277, pageProxyID=4, webPageID=5, frameID=4294967297, resourceID=538, existingLoaderToResume=0)
  25.732 [com.apple.WebKit:Loading:4] 0x119088240 - [webProcessIdentifier=3] NetworkConnectionToWebProcess::resolveBlobReferences: (parentPID=23277, pageProxyID=4, webPageID=5, frameID=4294967297, resourceID=538)
  25.763 [com.apple.WebKit:Loading:4] 0x119088240 - [webProcessIdentifier=3] NetworkConnectionToWebProcess::scheduleResourceLoad: (parentPID=23277, pageProxyID=4, webPageID=5, frameID=4294967297, resourceID=541, existingLoaderToResume=0)
  25.764 [com.apple.WebKit:Loading:4] 0x119088240 - [webProcessIdentifier=3] NetworkConnectionToWebProcess::resolveBlobReferences: (parentPID=23277, pageProxyID=4, webPageID=5, frameID=4294967297, resourceID=541)
  25.768 [com.apple.WebKit:Loading:4] 0x119088240 - [webProcessIdentifier=3] NetworkConnectionToWebProcess::scheduleResourceLoad: (parentPID=23277, pageProxyID=4, webPageID=5, frameID=4294967297, resourceID=546, existingLoaderToResume=0)
  25.769 [com.apple.WebKit:Loading:4] 0x119088240 - [webProcessIdentifier=3] NetworkConnectionToWebProcess::resolveBlobReferences: (parentPID=23277, pageProxyID=4, webPageID=5, frameID=4294967297, resourceID=546)
  25.975 [com.apple.WebKit:Loading:4] 0x119088240 - [webProcessIdentifier=3] NetworkConnectionToWebProcess::scheduleResourceLoad: (parentPID=23277, pageProxyID=4, webPageID=5, frameID=4294967297, resourceID=551, existingLoaderToResume=0)
  25.975 [com.apple.WebKit:Loading:4] 0x119088240 - [webProcessIdentifier=3] NetworkConnectionToWebProcess::resolveBlobReferences: (parentPID=23277, pageProxyID=4, webPageID=5, frameID=4294967297, resourceID=551)
  26.204 [com.apple.WebKit:Loading:4] 0x119088240 - [webProcessIdentifier=3] NetworkConnectionToWebProcess::scheduleResourceLoad: (parentPID=23277, pageProxyID=4, webPageID=5, frameID=4294967297, resourceID=555, existingLoaderToResume=0)
  26.205 [com.apple.WebKit:Loading:4] 0x119088240 - [webProcessIdentifier=3] NetworkConnectionToWebProcess::resolveBlobReferences: (parentPID=23277, pageProxyID=4, webPageID=5, frameID=4294967297, resourceID=555)
  26.460 [com.apple.WebKit:Loading:4] 0x119088240 - [webProcessIdentifier=3] NetworkConnectionToWebProcess::scheduleResourceLoad: (parentPID=23277, pageProxyID=4, webPageID=5, frameID=4294967297, resourceID=558, existingLoaderToResume=0)
  26.460 [com.apple.WebKit:Loading:4] 0x119088240 - [webProcessIdentifier=3] NetworkConnectionToWebProcess::resolveBlobReferences: (parentPID=23277, pageProxyID=4, webPageID=5, frameID=4294967297, resourceID=558)
  26.464 [com.apple.WebKit:Loading:4] 0x119088240 - [webProcessIdentifier=3] NetworkConnectionToWebProcess::scheduleResourceLoad: (parentPID=23277, pageProxyID=4, webPageID=5, frameID=4294967297, resourceID=559, existingLoaderToResume=0)
  26.464 [com.apple.WebKit:Loading:4] 0x119088240 - [webProcessIdentifier=3] NetworkConnectionToWebProcess::resolveBlobReferences: (parentPID=23277, pageProxyID=4, webPageID=5, frameID=4294967297, resourceID=559)
  26.564 [com.apple.WebKit:Loading:4] 0x119088240 - [webProcessIdentifier=3] NetworkConnectionToWebProcess::scheduleResourceLoad: (parentPID=23277, pageProxyID=4, webPageID=5, frameID=4294967297, resourceID=562, existingLoaderToResume=0)
  26.564 [com.apple.WebKit:Loading:4] 0x119088240 - [webProcessIdentifier=3] NetworkConnectionToWebProcess::resolveBlobReferences: (parentPID=23277, pageProxyID=4, webPageID=5, frameID=4294967297, resourceID=562)
  26.581 [com.apple.WebKit:Loading:4] [pageID=5, frameID=12884901898] PolicyChecker::checkNavigationPolicy: continuing because this is an initial empty document
  26.596 [com.apple.WebKit:Loading:4] [pageID=5, frameID=12884901899] PolicyChecker::checkNavigationPolicy: continuing because this is an initial empty document
  26.723 [com.apple.WebKit:Loading:4] 0x119088240 - [webProcessIdentifier=3] NetworkConnectionToWebProcess::scheduleResourceLoad: (parentPID=23277, pageProxyID=4, webPageID=5, frameID=12884901893, resourceID=587, existingLoaderToResume=0)
  26.723 [com.apple.WebKit:Loading:4] 0x119088240 - [webProcessIdentifier=3] NetworkConnectionToWebProcess::resolveBlobReferences: (parentPID=23277, pageProxyID=4, webPageID=5, frameID=12884901893, resourceID=587)
  27.752 [com.apple.WebKit:Loading:4] 0x119088240 - [webProcessIdentifier=3] NetworkConnectionToWebProcess::scheduleResourceLoad: (parentPID=23277, pageProxyID=4, webPageID=5, frameID=4294967297, resourceID=608, existingLoaderToResume=0)
  27.752 [com.apple.WebKit:Loading:4] 0x119088240 - [webProcessIdentifier=3] NetworkConnectionToWebProcess::resolveBlobReferences: (parentPID=23277, pageProxyID=4, webPageID=5, frameID=4294967297, resourceID=608)
  27.857 TIGER script: scroll 0,-600
  27.952 [com.apple.WebKit:Loading:4] 0x119088240 - [webProcessIdentifier=3] NetworkConnectionToWebProcess::scheduleResourceLoad: (parentPID=23277, pageProxyID=4, webPageID=5, frameID=4294967297, resourceID=609, existingLoaderToResume=0)
  27.953 [com.apple.WebKit:Loading:4] 0x119088240 - [webProcessIdentifier=3] NetworkConnectionToWebProcess::resolveBlobReferences: (parentPID=23277, pageProxyID=4, webPageID=5, frameID=4294967297, resourceID=609)
  28.021 [com.apple.WebKit:Loading:4] 0x119088240 - [webProcessIdentifier=3] NetworkConnectionToWebProcess::scheduleResourceLoad: (parentPID=23277, pageProxyID=4, webPageID=5, frameID=4294967297, resourceID=610, existingLoaderToResume=0)
  28.021 [com.apple.WebKit:Loading:4] 0x119088240 - [webProcessIdentifier=3] NetworkConnectionToWebProcess::resolveBlobReferences: (parentPID=23277, pageProxyID=4, webPageID=5, frameID=4294967297, resourceID=610)
  28.092 [com.apple.WebKit:Loading:4] 0x119088240 - [webProcessIdentifier=3] NetworkConnectionToWebProcess::scheduleResourceLoad: (parentPID=23277, pageProxyID=4, webPageID=5, frameID=4294967297, resourceID=611, existingLoaderToResume=0)
  28.092 [com.apple.WebKit:Loading:4] 0x119088240 - [webProcessIdentifier=3] NetworkConnectionToWebProcess::resolveBlobReferences: (parentPID=23277, pageProxyID=4, webPageID=5, frameID=4294967297, resourceID=611)
  28.095 [com.apple.WebKit:Loading:4] 0x119088240 - [webProcessIdentifier=3] NetworkConnectionToWebProcess::scheduleResourceLoad: (parentPID=23277, pageProxyID=4, webPageID=5, frameID=4294967297, resourceID=612, existingLoaderToResume=0)
  28.095 [com.apple.WebKit:Loading:4] 0x119088240 - [webProcessIdentifier=3] NetworkConnectionToWebProcess::resolveBlobReferences: (parentPID=23277, pageProxyID=4, webPageID=5, frameID=4294967297, resourceID=612)
  28.111 [com.apple.WebKit:Loading:4] 0x119088240 - [webProcessIdentifier=3] NetworkConnectionToWebProcess::scheduleResourceLoad: (parentPID=23277, pageProxyID=4, webPageID=5, frameID=4294967297, resourceID=613, existingLoaderToResume=0)
  28.111 [com.apple.WebKit:Loading:4] 0x119088240 - [webProcessIdentifier=3] NetworkConnectionToWebProcess::resolveBlobReferences: (parentPID=23277, pageProxyID=4, webPageID=5, frameID=4294967297, resourceID=613)
  28.129 [com.apple.WebKit:Loading:4] 0x119088240 - [webProcessIdentifier=3] NetworkConnectionToWebProcess::scheduleResourceLoad: (parentPID=23277, pageProxyID=4, webPageID=5, frameID=4294967297, resourceID=614, existingLoaderToResume=0)
  28.129 [com.apple.WebKit:Loading:4] 0x119088240 - [webProcessIdentifier=3] NetworkConnectionToWebProcess::resolveBlobReferences: (parentPID=23277, pageProxyID=4, webPageID=5, frameID=4294967297, resourceID=614)
  28.147 [com.apple.WebKit:Loading:4] 0x119088240 - [webProcessIdentifier=3] NetworkConnectionToWebProcess::scheduleResourceLoad: (parentPID=23277, pageProxyID=4, webPageID=5, frameID=4294967297, resourceID=615, existingLoaderToResume=0)
  28.147 [com.apple.WebKit:Loading:4] 0x119088240 - [webProcessIdentifier=3] NetworkConnectionToWebProcess::resolveBlobReferences: (parentPID=23277, pageProxyID=4, webPageID=5, frameID=4294967297, resourceID=615)
  28.158 TIGER script: wait 3
  28.160 [com.apple.WebKit:Loading:4] 0x119088240 - [webProcessIdentifier=3] NetworkConnectionToWebProcess::scheduleResourceLoad: (parentPID=23277, pageProxyID=4, webPageID=5, frameID=4294967297, resourceID=616, existingLoaderToResume=0)
  28.160 [com.apple.WebKit:Loading:4] 0x119088240 - [webProcessIdentifier=3] NetworkConnectionToWebProcess::resolveBlobReferences: (parentPID=23277, pageProxyID=4, webPageID=5, frameID=4294967297, resourceID=616)
  28.207 [com.apple.WebKit:Loading:4] 0x119088240 - [webProcessIdentifier=3] NetworkConnectionToWebProcess::scheduleResourceLoad: (parentPID=23277, pageProxyID=4, webPageID=5, frameID=4294967297, resourceID=617, existingLoaderToResume=0)
  28.207 [com.apple.WebKit:Loading:4] 0x119088240 - [webProcessIdentifier=3] NetworkConnectionToWebProcess::resolveBlobReferences: (parentPID=23277, pageProxyID=4, webPageID=5, frameID=4294967297, resourceID=617)
  28.211 [com.apple.WebKit:Loading:4] 0x119088240 - [webProcessIdentifier=3] NetworkConnectionToWebProcess::scheduleResourceLoad: (parentPID=23277, pageProxyID=4, webPageID=5, frameID=4294967297, resourceID=618, existingLoaderToResume=0)
  28.211 [com.apple.WebKit:Loading:4] 0x119088240 - [webProcessIdentifier=3] NetworkConnectionToWebProcess::resolveBlobReferences: (parentPID=23277, pageProxyID=4, webPageID=5, frameID=4294967297, resourceID=618)
  28.214 [com.apple.WebKit:Loading:4] 0x119088240 - [webProcessIdentifier=3] NetworkConnectionToWebProcess::scheduleResourceLoad: (parentPID=23277, pageProxyID=4, webPageID=5, frameID=4294967297, resourceID=619, existingLoaderToResume=0)
  28.215 [com.apple.WebKit:Loading:4] 0x119088240 - [webProcessIdentifier=3] NetworkConnectionToWebProcess::resolveBlobReferences: (parentPID=23277, pageProxyID=4, webPageID=5, frameID=4294967297, resourceID=619)
  28.218 [com.apple.WebKit:Loading:4] 0x119088240 - [webProcessIdentifier=3] NetworkConnectionToWebProcess::scheduleResourceLoad: (parentPID=23277, pageProxyID=4, webPageID=5, frameID=4294967297, resourceID=620, existingLoaderToResume=0)
  28.218 [com.apple.WebKit:Loading:4] 0x119088240 - [webProcessIdentifier=3] NetworkConnectionToWebProcess::resolveBlobReferences: (parentPID=23277, pageProxyID=4, webPageID=5, frameID=4294967297, resourceID=620)
  28.286 [com.apple.WebKit:Loading:4] 0x119088240 - [webProcessIdentifier=3] NetworkConnectionToWebProcess::scheduleResourceLoad: (parentPID=23277, pageProxyID=4, webPageID=5, frameID=4294967297, resourceID=621, existingLoaderToResume=0)
  28.286 [com.apple.WebKit:Loading:4] 0x119088240 - [webProcessIdentifier=3] NetworkConnectionToWebProcess::resolveBlobReferences: (parentPID=23277, pageProxyID=4, webPageID=5, frameID=4294967297, resourceID=621)
  28.291 [com.apple.WebKit:Loading:4] 0x119088240 - [webProcessIdentifier=3] NetworkConnectionToWebProcess::scheduleResourceLoad: (parentPID=23277, pageProxyID=4, webPageID=5, frameID=4294967297, resourceID=622, existingLoaderToResume=0)
  28.291 [com.apple.WebKit:Loading:4] 0x119088240 - [webProcessIdentifier=3] NetworkConnectionToWebProcess::resolveBlobReferences: (parentPID=23277, pageProxyID=4, webPageID=5, frameID=4294967297, resourceID=622)
  28.294 [com.apple.WebKit:Loading:4] 0x119088240 - [webProcessIdentifier=3] NetworkConnectionToWebProcess::scheduleResourceLoad: (parentPID=23277, pageProxyID=4, webPageID=5, frameID=4294967297, resourceID=623, existingLoaderToResume=0)
  28.294 [com.apple.WebKit:Loading:4] 0x119088240 - [webProcessIdentifier=3] NetworkConnectionToWebProcess::resolveBlobReferences: (parentPID=23277, pageProxyID=4, webPageID=5, frameID=4294967297, resourceID=623)
  28.309 [com.apple.WebKit:Loading:4] 0x119088240 - [webProcessIdentifier=3] NetworkConnectionToWebProcess::scheduleResourceLoad: (parentPID=23277, pageProxyID=4, webPageID=5, frameID=4294967297, resourceID=624, existingLoaderToResume=0)
  28.309 [com.apple.WebKit:Loading:4] 0x119088240 - [webProcessIdentifier=3] NetworkConnectionToWebProcess::resolveBlobReferences: (parentPID=23277, pageProxyID=4, webPageID=5, frameID=4294967297, resourceID=624)
  28.408 [com.apple.WebKit:Loading:4] 0x119088240 - [webProcessIdentifier=3] NetworkConnectionToWebProcess::scheduleResourceLoad: (parentPID=23277, pageProxyID=4, webPageID=5, frameID=4294967297, resourceID=625, existingLoaderToResume=0)
  28.408 [com.apple.WebKit:Loading:4] 0x119088240 - [webProcessIdentifier=3] NetworkConnectionToWebProcess::resolveBlobReferences: (parentPID=23277, pageProxyID=4, webPageID=5, frameID=4294967297, resourceID=625)
  28.448 [com.apple.WebKit:Loading:4] 0x119088240 - [webProcessIdentifier=3] NetworkConnectionToWebProcess::scheduleResourceLoad: (parentPID=23277, pageProxyID=4, webPageID=5, frameID=4294967297, resourceID=626, existingLoaderToResume=0)
  28.448 [com.apple.WebKit:Loading:4] 0x119088240 - [webProcessIdentifier=3] NetworkConnectionToWebProcess::resolveBlobReferences: (parentPID=23277, pageProxyID=4, webPageID=5, frameID=4294967297, resourceID=626)
  28.450 [com.apple.WebKit:Loading:4] 0x119088240 - [webProcessIdentifier=3] NetworkConnectionToWebProcess::scheduleResourceLoad: (parentPID=23277, pageProxyID=4, webPageID=5, frameID=4294967297, resourceID=627, existingLoaderToResume=0)
  28.450 [com.apple.WebKit:Loading:4] 0x119088240 - [webProcessIdentifier=3] NetworkConnectionToWebProcess::resolveBlobReferences: (parentPID=23277, pageProxyID=4, webPageID=5, frameID=4294967297, resourceID=627)
  28.454 [com.apple.WebKit:Loading:4] 0x119088240 - [webProcessIdentifier=3] NetworkConnectionToWebProcess::scheduleResourceLoad: (parentPID=23277, pageProxyID=4, webPageID=5, frameID=4294967297, resourceID=628, existingLoaderToResume=0)
  28.454 [com.apple.WebKit:Loading:4] 0x119088240 - [webProcessIdentifier=3] NetworkConnectionToWebProcess::resolveBlobReferences: (parentPID=23277, pageProxyID=4, webPageID=5, frameID=4294967297, resourceID=628)
  28.457 [com.apple.WebKit:Loading:4] 0x119088240 - [webProcessIdentifier=3] NetworkConnectionToWebProcess::scheduleResourceLoad: (parentPID=23277, pageProxyID=4, webPageID=5, frameID=4294967297, resourceID=629, existingLoaderToResume=0)
  28.457 [com.apple.WebKit:Loading:4] 0x119088240 - [webProcessIdentifier=3] NetworkConnectionToWebProcess::resolveBlobReferences: (parentPID=23277, pageProxyID=4, webPageID=5, frameID=4294967297, resourceID=629)
  28.474 [com.apple.WebKit:Loading:4] 0x119088240 - [webProcessIdentifier=3] NetworkConnectionToWebProcess::scheduleResourceLoad: (parentPID=23277, pageProxyID=4, webPageID=5, frameID=4294967297, resourceID=630, existingLoaderToResume=0)
  28.474 [com.apple.WebKit:Loading:4] 0x119088240 - [webProcessIdentifier=3] NetworkConnectionToWebProcess::resolveBlobReferences: (parentPID=23277, pageProxyID=4, webPageID=5, frameID=4294967297, resourceID=630)
  28.507 [com.apple.WebKit:Loading:4] 0x119088240 - [webProcessIdentifier=3] NetworkConnectionToWebProcess::scheduleResourceLoad: (parentPID=23277, pageProxyID=4, webPageID=5, frameID=4294967297, resourceID=631, existingLoaderToResume=0)
  28.508 [com.apple.WebKit:Loading:4] 0x119088240 - [webProcessIdentifier=3] NetworkConnectionToWebProcess::resolveBlobReferences: (parentPID=23277, pageProxyID=4, webPageID=5, frameID=4294967297, resourceID=631)
  28.549 [com.apple.WebKit:Loading:4] 0x119088240 - [webProcessIdentifier=3] NetworkConnectionToWebProcess::scheduleResourceLoad: (parentPID=23277, pageProxyID=4, webPageID=5, frameID=4294967297, resourceID=632, existingLoaderToResume=0)
  28.550 [com.apple.WebKit:Loading:4] 0x119088240 - [webProcessIdentifier=3] NetworkConnectionToWebProcess::resolveBlobReferences: (parentPID=23277, pageProxyID=4, webPageID=5, frameID=4294967297, resourceID=632)
  28.627 [com.apple.WebKit:Loading:4] 0x119088240 - [webProcessIdentifier=3] NetworkConnectionToWebProcess::scheduleResourceLoad: (parentPID=23277, pageProxyID=4, webPageID=5, frameID=4294967297, resourceID=633, existingLoaderToResume=0)
  28.627 [com.apple.WebKit:Loading:4] 0x119088240 - [webProcessIdentifier=3] NetworkConnectionToWebProcess::resolveBlobReferences: (parentPID=23277, pageProxyID=4, webPageID=5, frameID=4294967297, resourceID=633)
  28.635 [com.apple.WebKit:Loading:4] 0x119088240 - [webProcessIdentifier=3] NetworkConnectionToWebProcess::scheduleResourceLoad: (parentPID=23277, pageProxyID=4, webPageID=5, frameID=4294967297, resourceID=634, existingLoaderToResume=0)
  28.635 [com.apple.WebKit:Loading:4] 0x119088240 - [webProcessIdentifier=3] NetworkConnectionToWebProcess::resolveBlobReferences: (parentPID=23277, pageProxyID=4, webPageID=5, frameID=4294967297, resourceID=634)
  29.128 [com.apple.WebKit:Loading:4] 0x119088240 - [webProcessIdentifier=3] NetworkConnectionToWebProcess::scheduleResourceLoad: (parentPID=23277, pageProxyID=4, webPageID=5, frameID=4294967297, resourceID=638, existingLoaderToResume=0)
  29.128 [com.apple.WebKit:Loading:4] 0x119088240 - [webProcessIdentifier=3] NetworkConnectionToWebProcess::resolveBlobReferences: (parentPID=23277, pageProxyID=4, webPageID=5, frameID=4294967297, resourceID=638)
  29.886 [com.apple.WebKit:Loading:4] 0x119088240 - [webProcessIdentifier=3] NetworkConnectionToWebProcess::scheduleResourceLoad: (parentPID=23277, pageProxyID=4, webPageID=5, frameID=4294967297, resourceID=645, existingLoaderToResume=0)
  29.886 [com.apple.WebKit:Loading:4] 0x119088240 - [webProcessIdentifier=3] NetworkConnectionToWebProcess::resolveBlobReferences: (parentPID=23277, pageProxyID=4, webPageID=5, frameID=4294967297, resourceID=645)
  30.231 [com.apple.WebKit:Loading:4] 0x119088240 - [webProcessIdentifier=3] NetworkConnectionToWebProcess::scheduleResourceLoad: (parentPID=23277, pageProxyID=4, webPageID=5, frameID=4294967297, resourceID=654, existingLoaderToResume=0)
  30.231 [com.apple.WebKit:Loading:4] 0x119088240 - [webProcessIdentifier=3] NetworkConnectionToWebProcess::resolveBlobReferences: (parentPID=23277, pageProxyID=4, webPageID=5, frameID=4294967297, resourceID=654)
  30.541 [com.apple.WebKit:Loading:4] 0x119088240 - [webProcessIdentifier=3] NetworkConnectionToWebProcess::scheduleResourceLoad: (parentPID=23277, pageProxyID=4, webPageID=5, frameID=4294967297, resourceID=658, existingLoaderToResume=0)
  30.541 [com.apple.WebKit:Loading:4] 0x119088240 - [webProcessIdentifier=3] NetworkConnectionToWebProcess::resolveBlobReferences: (parentPID=23277, pageProxyID=4, webPageID=5, frameID=4294967297, resourceID=658)
  30.617 [com.apple.WebKit:Loading:4] 0x119088240 - [webProcessIdentifier=3] NetworkConnectionToWebProcess::scheduleResourceLoad: (parentPID=23277, pageProxyID=4, webPageID=5, frameID=4294967297, resourceID=664, existingLoaderToResume=0)
  30.617 [com.apple.WebKit:Loading:4] 0x119088240 - [webProcessIdentifier=3] NetworkConnectionToWebProcess::resolveBlobReferences: (parentPID=23277, pageProxyID=4, webPageID=5, frameID=4294967297, resourceID=664)
  30.787 [com.apple.WebKit:Loading:4] 0x119088240 - [webProcessIdentifier=3] NetworkConnectionToWebProcess::scheduleResourceLoad: (parentPID=23277, pageProxyID=4, webPageID=5, frameID=4294967297, resourceID=668, existingLoaderToResume=0)
  30.787 [com.apple.WebKit:Loading:4] 0x119088240 - [webProcessIdentifier=3] NetworkConnectionToWebProcess::resolveBlobReferences: (parentPID=23277, pageProxyID=4, webPageID=5, frameID=4294967297, resourceID=668)
  30.814 [com.apple.WebKit:Loading:4] [pageID=5, frameID=12884901901] PolicyChecker::checkNavigationPolicy: continuing because this policyAction from dispatchDecidePolicyForNavigationAction is Use
  30.817 [com.apple.WebKit:Loading:4] 0x119088240 - [webProcessIdentifier=3] NetworkConnectionToWebProcess::scheduleResourceLoad: (parentPID=23277, pageProxyID=4, webPageID=5, frameID=12884901901, resourceID=670, existingLoaderToResume=0)
  30.818 [com.apple.WebKit:Loading:4] 0x119088240 - [webProcessIdentifier=3] NetworkConnectionToWebProcess::resolveBlobReferences: (parentPID=23277, pageProxyID=4, webPageID=5, frameID=12884901901, resourceID=670)
  30.998 [com.apple.WebKit:Loading:4] 0x119088240 - [webProcessIdentifier=3] NetworkConnectionToWebProcess::scheduleResourceLoad: (parentPID=23277, pageProxyID=4, webPageID=5, frameID=4294967297, resourceID=675, existingLoaderToResume=0)
  30.998 [com.apple.WebKit:Loading:4] 0x119088240 - [webProcessIdentifier=3] NetworkConnectionToWebProcess::resolveBlobReferences: (parentPID=23277, pageProxyID=4, webPageID=5, frameID=4294967297, resourceID=675)
  31.129 [com.apple.WebKit:Loading:4] 0x119088240 - [webProcessIdentifier=3] NetworkConnectionToWebProcess::scheduleResourceLoad: (parentPID=23277, pageProxyID=4, webPageID=5, frameID=4294967297, resourceID=680, existingLoaderToResume=0)
  31.130 [com.apple.WebKit:Loading:4] 0x119088240 - [webProcessIdentifier=3] NetworkConnectionToWebProcess::resolveBlobReferences: (parentPID=23277, pageProxyID=4, webPageID=5, frameID=4294967297, resourceID=680)
  31.158 TIGER script: scroll 0,-600
  31.160 [com.apple.WebKit:Loading:4] 0x119088240 - [webProcessIdentifier=3] NetworkConnectionToWebProcess::scheduleResourceLoad: (parentPID=23277, pageProxyID=4, webPageID=5, frameID=4294967297, resourceID=681, existingLoaderToResume=0)
  31.160 [com.apple.WebKit:Loading:4] 0x119088240 - [webProcessIdentifier=3] NetworkConnectionToWebProcess::resolveBlobReferences: (parentPID=23277, pageProxyID=4, webPageID=5, frameID=4294967297, resourceID=681)
  31.218 [com.apple.WebKit:Loading:4] 0x119088240 - [webProcessIdentifier=3] NetworkConnectionToWebProcess::scheduleResourceLoad: (parentPID=23277, pageProxyID=4, webPageID=5, frameID=4294967297, resourceID=683, existingLoaderToResume=0)
  31.218 [com.apple.WebKit:Loading:4] 0x119088240 - [webProcessIdentifier=3] NetworkConnectionToWebProcess::resolveBlobReferences: (parentPID=23277, pageProxyID=4, webPageID=5, frameID=4294967297, resourceID=683)
  31.219 [com.apple.WebKit:Loading:4] 0x119088240 - [webProcessIdentifier=3] NetworkConnectionToWebProcess::scheduleResourceLoad: (parentPID=23277, pageProxyID=4, webPageID=5, frameID=4294967297, resourceID=684, existingLoaderToResume=0)
  31.219 [com.apple.WebKit:Loading:4] 0x119088240 - [webProcessIdentifier=3] NetworkConnectionToWebProcess::resolveBlobReferences: (parentPID=23277, pageProxyID=4, webPageID=5, frameID=4294967297, resourceID=684)
  31.219 [com.apple.WebKit:Loading:4] 0x119088240 - [webProcessIdentifier=3] NetworkConnectionToWebProcess::scheduleResourceLoad: (parentPID=23277, pageProxyID=4, webPageID=5, frameID=4294967297, resourceID=685, existingLoaderToResume=0)
  31.219 [com.apple.WebKit:Loading:4] 0x119088240 - [webProcessIdentifier=3] NetworkConnectionToWebProcess::resolveBlobReferences: (parentPID=23277, pageProxyID=4, webPageID=5, frameID=4294967297, resourceID=685)
  31.310 [com.apple.WebKit:Loading error] 0x803e600 - [pageProxyID=4, webPageID=5, PID=23280] WebPageProxy::didFailLoadForFrame: frameID=12884901901, isMainFrame=0, domain=WebKitErrorDomain, code=302
  31.400 [com.apple.WebKit:Loading:4] 0x119088240 - [webProcessIdentifier=3] NetworkConnectionToWebProcess::scheduleResourceLoad: (parentPID=23277, pageProxyID=4, webPageID=5, frameID=4294967297, resourceID=692, existingLoaderToResume=0)
  31.400 [com.apple.WebKit:Loading:4] 0x119088240 - [webProcessIdentifier=3] NetworkConnectionToWebProcess::resolveBlobReferences: (parentPID=23277, pageProxyID=4, webPageID=5, frameID=4294967297, resourceID=692)
  31.417 [com.apple.WebKit:Loading:4] 0x119088240 - [webProcessIdentifier=3] NetworkConnectionToWebProcess::scheduleResourceLoad: (parentPID=23277, pageProxyID=4, webPageID=5, frameID=4294967297, resourceID=693, existingLoaderToResume=0)
  31.418 [com.apple.WebKit:Loading:4] 0x119088240 - [webProcessIdentifier=3] NetworkConnectionToWebProcess::resolveBlobReferences: (parentPID=23277, pageProxyID=4, webPageID=5, frameID=4294967297, resourceID=693)
  31.458 TIGER script: wait 3
  32.119 [com.apple.WebKit:Loading:4] 0x119088240 - [webProcessIdentifier=3] NetworkConnectionToWebProcess::scheduleResourceLoad: (parentPID=23277, pageProxyID=4, webPageID=5, frameID=4294967297, resourceID=702, existingLoaderToResume=0)
  32.119 [com.apple.WebKit:Loading:4] 0x119088240 - [webProcessIdentifier=3] NetworkConnectionToWebProcess::resolveBlobReferences: (parentPID=23277, pageProxyID=4, webPageID=5, frameID=4294967297, resourceID=702)
  32.123 [com.apple.WebKit:Loading:4] 0x119088240 - [webProcessIdentifier=3] NetworkConnectionToWebProcess::scheduleResourceLoad: (parentPID=23277, pageProxyID=4, webPageID=5, frameID=4294967297, resourceID=704, existingLoaderToResume=0)
  32.123 [com.apple.WebKit:Loading:4] 0x119088240 - [webProcessIdentifier=3] NetworkConnectionToWebProcess::resolveBlobReferences: (parentPID=23277, pageProxyID=4, webPageID=5, frameID=4294967297, resourceID=704)
  32.239 [com.apple.WebKit:Loading:4] 0x119088240 - [webProcessIdentifier=3] NetworkConnectionToWebProcess::scheduleResourceLoad: (parentPID=23277, pageProxyID=4, webPageID=5, frameID=4294967297, resourceID=708, existingLoaderToResume=0)
  32.239 [com.apple.WebKit:Loading:4] 0x119088240 - [webProcessIdentifier=3] NetworkConnectionToWebProcess::resolveBlobReferences: (parentPID=23277, pageProxyID=4, webPageID=5, frameID=4294967297, resourceID=708)
  32.308 [com.apple.WebKit:Loading:4] 0x119088240 - [webProcessIdentifier=3] NetworkConnectionToWebProcess::scheduleResourceLoad: (parentPID=23277, pageProxyID=4, webPageID=5, frameID=4294967297, resourceID=717, existingLoaderToResume=0)
  32.308 [com.apple.WebKit:Loading:4] 0x119088240 - [webProcessIdentifier=3] NetworkConnectionToWebProcess::resolveBlobReferences: (parentPID=23277, pageProxyID=4, webPageID=5, frameID=4294967297, resourceID=717)
  32.795 [com.apple.WebKit:Loading:4] [pageID=5, frameID=12884901902] PolicyChecker::checkNavigationPolicy: continuing because this policyAction from dispatchDecidePolicyForNavigationAction is Use
  32.796 [com.apple.WebKit:Loading:4] 0x119088240 - [webProcessIdentifier=3] NetworkConnectionToWebProcess::scheduleResourceLoad: (parentPID=23277, pageProxyID=4, webPageID=5, frameID=4294967297, resourceID=732, existingLoaderToResume=0)
  32.796 [com.apple.WebKit:Loading:4] 0x119088240 - [webProcessIdentifier=3] NetworkConnectionToWebProcess::resolveBlobReferences: (parentPID=23277, pageProxyID=4, webPageID=5, frameID=4294967297, resourceID=732)
  32.797 [com.apple.WebKit:Loading:4] [pageID=5, frameID=12884901903] PolicyChecker::checkNavigationPolicy: continuing because this policyAction from dispatchDecidePolicyForNavigationAction is Use
  32.798 [com.apple.WebKit:Loading:4] 0x119088240 - [webProcessIdentifier=3] NetworkConnectionToWebProcess::scheduleResourceLoad: (parentPID=23277, pageProxyID=4, webPageID=5, frameID=12884901902, resourceID=734, existingLoaderToResume=0)
  32.798 [com.apple.WebKit:Loading:4] 0x119088240 - [webProcessIdentifier=3] NetworkConnectionToWebProcess::resolveBlobReferences: (parentPID=23277, pageProxyID=4, webPageID=5, frameID=12884901902, resourceID=734)
  32.800 [com.apple.WebKit:Loading:4] 0x119088240 - [webProcessIdentifier=3] NetworkConnectionToWebProcess::scheduleResourceLoad: (parentPID=23277, pageProxyID=4, webPageID=5, frameID=12884901903, resourceID=736, existingLoaderToResume=0)
  32.800 [com.apple.WebKit:Loading:4] 0x119088240 - [webProcessIdentifier=3] NetworkConnectionToWebProcess::resolveBlobReferences: (parentPID=23277, pageProxyID=4, webPageID=5, frameID=12884901903, resourceID=736)
  33.194 [com.apple.WebKit:Loading:4] 0x119088240 - [webProcessIdentifier=3] NetworkConnectionToWebProcess::scheduleResourceLoad: (parentPID=23277, pageProxyID=4, webPageID=5, frameID=4294967297, resourceID=749, existingLoaderToResume=0)
  33.194 [com.apple.WebKit:Loading:4] 0x119088240 - [webProcessIdentifier=3] NetworkConnectionToWebProcess::resolveBlobReferences: (parentPID=23277, pageProxyID=4, webPageID=5, frameID=4294967297, resourceID=749)
  33.412 [com.apple.WebKit:Loading:4] 0x119088240 - [webProcessIdentifier=3] NetworkConnectionToWebProcess::scheduleResourceLoad: (parentPID=23277, pageProxyID=4, webPageID=5, frameID=4294967297, resourceID=764, existingLoaderToResume=0)
  33.412 [com.apple.WebKit:Loading:4] 0x119088240 - [webProcessIdentifier=3] NetworkConnectionToWebProcess::resolveBlobReferences: (parentPID=23277, pageProxyID=4, webPageID=5, frameID=4294967297, resourceID=764)
  33.673 [com.apple.WebKit:Loading:4] 0x119088240 - [webProcessIdentifier=3] NetworkConnectionToWebProcess::scheduleResourceLoad: (parentPID=23277, pageProxyID=4, webPageID=5, frameID=4294967297, resourceID=769, existingLoaderToResume=0)
  33.673 [com.apple.WebKit:Loading:4] 0x119088240 - [webProcessIdentifier=3] NetworkConnectionToWebProcess::resolveBlobReferences: (parentPID=23277, pageProxyID=4, webPageID=5, frameID=4294967297, resourceID=769)
  33.741 [com.apple.WebKit:Loading:4] 0x119088240 - [webProcessIdentifier=3] NetworkConnectionToWebProcess::scheduleResourceLoad: (parentPID=23277, pageProxyID=4, webPageID=5, frameID=4294967297, resourceID=770, existingLoaderToResume=0)
  33.742 [com.apple.WebKit:Loading:4] 0x119088240 - [webProcessIdentifier=3] NetworkConnectionToWebProcess::resolveBlobReferences: (parentPID=23277, pageProxyID=4, webPageID=5, frameID=4294967297, resourceID=770)
  34.072 [com.apple.WebKit:Loading:4] 0x119088240 - [webProcessIdentifier=3] NetworkConnectionToWebProcess::scheduleResourceLoad: (parentPID=23277, pageProxyID=4, webPageID=5, frameID=4294967297, resourceID=771, existingLoaderToResume=0)
  34.072 [com.apple.WebKit:Loading:4] 0x119088240 - [webProcessIdentifier=3] NetworkConnectionToWebProcess::resolveBlobReferences: (parentPID=23277, pageProxyID=4, webPageID=5, frameID=4294967297, resourceID=771)
  34.164 [com.apple.WebKit:Loading:4] 0x119088240 - [webProcessIdentifier=3] NetworkConnectionToWebProcess::scheduleResourceLoad: (parentPID=23277, pageProxyID=4, webPageID=5, frameID=4294967297, resourceID=772, existingLoaderToResume=0)
  34.164 [com.apple.WebKit:Loading:4] 0x119088240 - [webProcessIdentifier=3] NetworkConnectionToWebProcess::resolveBlobReferences: (parentPID=23277, pageProxyID=4, webPageID=5, frameID=4294967297, resourceID=772)
  34.343 [com.apple.WebKit:Loading:4] 0x119088240 - [webProcessIdentifier=3] NetworkConnectionToWebProcess::scheduleResourceLoad: (parentPID=23277, pageProxyID=4, webPageID=5, frameID=4294967297, resourceID=776, existingLoaderToResume=0)
  34.343 [com.apple.WebKit:Loading:4] 0x119088240 - [webProcessIdentifier=3] NetworkConnectionToWebProcess::resolveBlobReferences: (parentPID=23277, pageProxyID=4, webPageID=5, frameID=4294967297, resourceID=776)
  34.458 TIGER script: scroll 0,-600
  34.616 [com.apple.WebKit:Loading:4] 0x119088240 - [webProcessIdentifier=3] NetworkConnectionToWebProcess::scheduleResourceLoad: (parentPID=23277, pageProxyID=4, webPageID=5, frameID=4294967297, resourceID=777, existingLoaderToResume=0)
  34.616 [com.apple.WebKit:Loading:4] 0x119088240 - [webProcessIdentifier=3] NetworkConnectionToWebProcess::resolveBlobReferences: (parentPID=23277, pageProxyID=4, webPageID=5, frameID=4294967297, resourceID=777)
  34.759 TIGER script: wait 3
  34.906 [com.apple.WebKit:Loading:4] 0x119088240 - [webProcessIdentifier=3] NetworkConnectionToWebProcess::scheduleResourceLoad: (parentPID=23277, pageProxyID=4, webPageID=5, frameID=4294967297, resourceID=779, existingLoaderToResume=0)
  34.906 [com.apple.WebKit:Loading:4] 0x119088240 - [webProcessIdentifier=3] NetworkConnectionToWebProcess::resolveBlobReferences: (parentPID=23277, pageProxyID=4, webPageID=5, frameID=4294967297, resourceID=779)
  34.917 [com.apple.WebKit:Loading:4] 0x119088240 - [webProcessIdentifier=3] NetworkConnectionToWebProcess::scheduleResourceLoad: (parentPID=23277, pageProxyID=4, webPageID=5, frameID=4294967297, resourceID=780, existingLoaderToResume=0)
  34.917 [com.apple.WebKit:Loading:4] 0x119088240 - [webProcessIdentifier=3] NetworkConnectionToWebProcess::resolveBlobReferences: (parentPID=23277, pageProxyID=4, webPageID=5, frameID=4294967297, resourceID=780)
  34.960 [com.apple.WebKit:Loading:4] 0x119088240 - [webProcessIdentifier=3] NetworkConnectionToWebProcess::scheduleResourceLoad: (parentPID=23277, pageProxyID=4, webPageID=5, frameID=4294967297, resourceID=785, existingLoaderToResume=0)
  34.960 [com.apple.WebKit:Loading:4] 0x119088240 - [webProcessIdentifier=3] NetworkConnectionToWebProcess::resolveBlobReferences: (parentPID=23277, pageProxyID=4, webPageID=5, frameID=4294967297, resourceID=785)
  34.965 [com.apple.WebKit:Loading:4] 0x119088240 - [webProcessIdentifier=3] NetworkConnectionToWebProcess::scheduleResourceLoad: (parentPID=23277, pageProxyID=4, webPageID=5, frameID=4294967297, resourceID=786, existingLoaderToResume=0)
  34.965 [com.apple.WebKit:Loading:4] 0x119088240 - [webProcessIdentifier=3] NetworkConnectionToWebProcess::resolveBlobReferences: (parentPID=23277, pageProxyID=4, webPageID=5, frameID=4294967297, resourceID=786)
  34.965 [com.apple.WebKit:Loading:4] 0x119088240 - [webProcessIdentifier=3] NetworkConnectionToWebProcess::scheduleResourceLoad: (parentPID=23277, pageProxyID=4, webPageID=5, frameID=4294967297, resourceID=787, existingLoaderToResume=0)
  34.965 [com.apple.WebKit:Loading:4] 0x119088240 - [webProcessIdentifier=3] NetworkConnectionToWebProcess::resolveBlobReferences: (parentPID=23277, pageProxyID=4, webPageID=5, frameID=4294967297, resourceID=787)
  34.965 [com.apple.WebKit:Loading:4] 0x119088240 - [webProcessIdentifier=3] NetworkConnectionToWebProcess::scheduleResourceLoad: (parentPID=23277, pageProxyID=4, webPageID=5, frameID=4294967297, resourceID=788, existingLoaderToResume=0)
  34.965 [com.apple.WebKit:Loading:4] 0x119088240 - [webProcessIdentifier=3] NetworkConnectionToWebProcess::resolveBlobReferences: (parentPID=23277, pageProxyID=4, webPageID=5, frameID=4294967297, resourceID=788)
  35.404 [com.apple.WebKit:Loading:4] 0x119088240 - [webProcessIdentifier=3] NetworkConnectionToWebProcess::scheduleResourceLoad: (parentPID=23277, pageProxyID=4, webPageID=5, frameID=4294967297, resourceID=794, existingLoaderToResume=0)
  35.404 [com.apple.WebKit:Loading:4] 0x119088240 - [webProcessIdentifier=3] NetworkConnectionToWebProcess::resolveBlobReferences: (parentPID=23277, pageProxyID=4, webPageID=5, frameID=4294967297, resourceID=794)
  35.589 [com.apple.WebKit:Loading:4] 0x119088240 - [webProcessIdentifier=3] NetworkConnectionToWebProcess::scheduleResourceLoad: (parentPID=23277, pageProxyID=4, webPageID=5, frameID=4294967297, resourceID=814, existingLoaderToResume=0)
  35.589 [com.apple.WebKit:Loading:4] 0x119088240 - [webProcessIdentifier=3] NetworkConnectionToWebProcess::resolveBlobReferences: (parentPID=23277, pageProxyID=4, webPageID=5, frameID=4294967297, resourceID=814)
  35.594 [com.apple.WebKit:Loading:4] [pageID=5, frameID=12884901904] PolicyChecker::checkNavigationPolicy: continuing because this policyAction from dispatchDecidePolicyForNavigationAction is Use
  35.594 [com.apple.WebKit:Loading:4] [pageID=5, frameID=12884901905] PolicyChecker::checkNavigationPolicy: continuing because this policyAction from dispatchDecidePolicyForNavigationAction is Use
  35.597 [com.apple.WebKit:Loading:4] [pageID=5, frameID=12884901906] PolicyChecker::checkNavigationPolicy: continuing because this policyAction from dispatchDecidePolicyForNavigationAction is Use
  35.597 [com.apple.WebKit:Loading:4] 0x119088240 - [webProcessIdentifier=3] NetworkConnectionToWebProcess::scheduleResourceLoad: (parentPID=23277, pageProxyID=4, webPageID=5, frameID=12884901905, resourceID=819, existingLoaderToResume=0)
  35.597 [com.apple.WebKit:Loading:4] 0x119088240 - [webProcessIdentifier=3] NetworkConnectionToWebProcess::resolveBlobReferences: (parentPID=23277, pageProxyID=4, webPageID=5, frameID=12884901905, resourceID=819)
  35.598 [com.apple.WebKit:Loading:4] 0x119088240 - [webProcessIdentifier=3] NetworkConnectionToWebProcess::scheduleResourceLoad: (parentPID=23277, pageProxyID=4, webPageID=5, frameID=12884901906, resourceID=821, existingLoaderToResume=0)
  35.598 [com.apple.WebKit:Loading:4] 0x119088240 - [webProcessIdentifier=3] NetworkConnectionToWebProcess::resolveBlobReferences: (parentPID=23277, pageProxyID=4, webPageID=5, frameID=12884901906, resourceID=821)
  35.598 [com.apple.WebKit:Loading:4] [pageID=5, frameID=12884901907] PolicyChecker::checkNavigationPolicy: continuing because this policyAction from dispatchDecidePolicyForNavigationAction is Use
  35.609 [com.apple.WebKit:Loading:4] 0x119088240 - [webProcessIdentifier=3] NetworkConnectionToWebProcess::scheduleResourceLoad: (parentPID=23277, pageProxyID=4, webPageID=5, frameID=4294967297, resourceID=825, existingLoaderToResume=0)
  35.609 [com.apple.WebKit:Loading:4] 0x119088240 - [webProcessIdentifier=3] NetworkConnectionToWebProcess::resolveBlobReferences: (parentPID=23277, pageProxyID=4, webPageID=5, frameID=4294967297, resourceID=825)
  35.836 [com.apple.WebKit:Loading:4] 0x119088240 - [webProcessIdentifier=3] NetworkConnectionToWebProcess::scheduleResourceLoad: (parentPID=23277, pageProxyID=4, webPageID=5, frameID=4294967297, resourceID=826, existingLoaderToResume=0)
  35.836 [com.apple.WebKit:Loading:4] 0x119088240 - [webProcessIdentifier=3] NetworkConnectionToWebProcess::resolveBlobReferences: (parentPID=23277, pageProxyID=4, webPageID=5, frameID=4294967297, resourceID=826)
  35.868 [com.apple.WebKit:Loading:4] 0x119088240 - [webProcessIdentifier=3] NetworkConnectionToWebProcess::scheduleResourceLoad: (parentPID=23277, pageProxyID=4, webPageID=5, frameID=12884901907, resourceID=841, existingLoaderToResume=0)
  35.868 [com.apple.WebKit:Loading:4] 0x119088240 - [webProcessIdentifier=3] NetworkConnectionToWebProcess::resolveBlobReferences: (parentPID=23277, pageProxyID=4, webPageID=5, frameID=12884901907, resourceID=841)
  36.233 [com.apple.WebKit:Loading:4] 0x119088240 - [webProcessIdentifier=3] NetworkConnectionToWebProcess::scheduleResourceLoad: (parentPID=23277, pageProxyID=4, webPageID=5, frameID=4294967297, resourceID=865, existingLoaderToResume=0)
  36.233 [com.apple.WebKit:Loading:4] 0x119088240 - [webProcessIdentifier=3] NetworkConnectionToWebProcess::resolveBlobReferences: (parentPID=23277, pageProxyID=4, webPageID=5, frameID=4294967297, resourceID=865)
  36.283 [com.apple.WebKit:Loading:4] 0x119088240 - [webProcessIdentifier=3] NetworkConnectionToWebProcess::scheduleResourceLoad: (parentPID=23277, pageProxyID=4, webPageID=5, frameID=4294967297, resourceID=868, existingLoaderToResume=0)
  36.283 [com.apple.WebKit:Loading:4] 0x119088240 - [webProcessIdentifier=3] NetworkConnectionToWebProcess::resolveBlobReferences: (parentPID=23277, pageProxyID=4, webPageID=5, frameID=4294967297, resourceID=868)
  36.346 [com.apple.WebKit:Loading:4] [pageID=5, frameID=12884901908] PolicyChecker::checkNavigationPolicy: continuing because this policyAction from dispatchDecidePolicyForNavigationAction is Use
  36.349 [com.apple.WebKit:Loading:4] 0x119088240 - [webProcessIdentifier=3] NetworkConnectionToWebProcess::scheduleResourceLoad: (parentPID=23277, pageProxyID=4, webPageID=5, frameID=12884901908, resourceID=871, existingLoaderToResume=0)
  36.349 [com.apple.WebKit:Loading:4] 0x119088240 - [webProcessIdentifier=3] NetworkConnectionToWebProcess::resolveBlobReferences: (parentPID=23277, pageProxyID=4, webPageID=5, frameID=12884901908, resourceID=871)
  36.355 [com.apple.WebKit:Loading:4] 0x119088240 - [webProcessIdentifier=3] NetworkConnectionToWebProcess::scheduleResourceLoad: (parentPID=23277, pageProxyID=4, webPageID=5, frameID=4294967297, resourceID=874, existingLoaderToResume=0)
  36.355 [com.apple.WebKit:Loading:4] 0x119088240 - [webProcessIdentifier=3] NetworkConnectionToWebProcess::resolveBlobReferences: (parentPID=23277, pageProxyID=4, webPageID=5, frameID=4294967297, resourceID=874)
  36.357 [com.apple.WebKit:Loading:4] 0x119088240 - [webProcessIdentifier=3] NetworkConnectionToWebProcess::scheduleResourceLoad: (parentPID=23277, pageProxyID=4, webPageID=5, frameID=4294967297, resourceID=875, existingLoaderToResume=0)
  36.357 [com.apple.WebKit:Loading:4] 0x119088240 - [webProcessIdentifier=3] NetworkConnectionToWebProcess::resolveBlobReferences: (parentPID=23277, pageProxyID=4, webPageID=5, frameID=4294967297, resourceID=875)
  36.782 [com.apple.WebKit:Loading:4] [pageID=5, frameID=12884901908] PolicyChecker::checkNavigationPolicy: continuing because this policyAction from dispatchDecidePolicyForNavigationAction is Use
  36.812 [com.apple.WebKit:Loading:4] 0x119088240 - [webProcessIdentifier=3] NetworkConnectionToWebProcess::scheduleResourceLoad: (parentPID=23277, pageProxyID=4, webPageID=5, frameID=4294967297, resourceID=878, existingLoaderToResume=0)
  36.812 [com.apple.WebKit:Loading:4] 0x119088240 - [webProcessIdentifier=3] NetworkConnectionToWebProcess::resolveBlobReferences: (parentPID=23277, pageProxyID=4, webPageID=5, frameID=4294967297, resourceID=878)
  37.143 [com.apple.WebKit:Loading:4] 0x119088240 - [webProcessIdentifier=3] NetworkConnectionToWebProcess::scheduleResourceLoad: (parentPID=23277, pageProxyID=4, webPageID=5, frameID=12884901904, resourceID=886, existingLoaderToResume=0)
  37.143 [com.apple.WebKit:Loading:4] 0x119088240 - [webProcessIdentifier=3] NetworkConnectionToWebProcess::resolveBlobReferences: (parentPID=23277, pageProxyID=4, webPageID=5, frameID=12884901904, resourceID=886)
  37.444 [com.apple.WebKit:Loading:4] 0x119088240 - [webProcessIdentifier=3] NetworkConnectionToWebProcess::scheduleResourceLoad: (parentPID=23277, pageProxyID=4, webPageID=5, frameID=12884901908, resourceID=890, existingLoaderToResume=0)
  37.444 [com.apple.WebKit:Loading:4] 0x119088240 - [webProcessIdentifier=3] NetworkConnectionToWebProcess::resolveBlobReferences: (parentPID=23277, pageProxyID=4, webPageID=5, frameID=12884901908, resourceID=890)
  37.759 TIGER script: scroll 0,-600
  38.059 TIGER script: wait 3
  38.204 [com.apple.WebKit:Loading:4] 0x119088240 - [webProcessIdentifier=3] NetworkConnectionToWebProcess::scheduleResourceLoad: (parentPID=23277, pageProxyID=4, webPageID=5, frameID=12884901907, resourceID=916, existingLoaderToResume=0)
  38.204 [com.apple.WebKit:Loading:4] 0x119088240 - [webProcessIdentifier=3] NetworkConnectionToWebProcess::resolveBlobReferences: (parentPID=23277, pageProxyID=4, webPageID=5, frameID=12884901907, resourceID=916)
  38.208 [com.apple.WebKit:Loading:4] 0x119088240 - [webProcessIdentifier=3] NetworkConnectionToWebProcess::scheduleResourceLoad: (parentPID=23277, pageProxyID=4, webPageID=5, frameID=12884901907, resourceID=917, existingLoaderToResume=0)
  38.208 [com.apple.WebKit:Loading:4] 0x119088240 - [webProcessIdentifier=3] NetworkConnectionToWebProcess::resolveBlobReferences: (parentPID=23277, pageProxyID=4, webPageID=5, frameID=12884901907, resourceID=917)
  38.212 [com.apple.WebKit:Loading:4] 0x119088240 - [webProcessIdentifier=3] NetworkConnectionToWebProcess::scheduleResourceLoad: (parentPID=23277, pageProxyID=4, webPageID=5, frameID=12884901907, resourceID=918, existingLoaderToResume=0)
  38.212 [com.apple.WebKit:Loading:4] 0x119088240 - [webProcessIdentifier=3] NetworkConnectionToWebProcess::resolveBlobReferences: (parentPID=23277, pageProxyID=4, webPageID=5, frameID=12884901907, resourceID=918)
  38.217 [com.apple.WebKit:Loading:4] 0x119088240 - [webProcessIdentifier=3] NetworkConnectionToWebProcess::scheduleResourceLoad: (parentPID=23277, pageProxyID=4, webPageID=5, frameID=12884901907, resourceID=919, existingLoaderToResume=0)
  38.217 [com.apple.WebKit:Loading:4] 0x119088240 - [webProcessIdentifier=3] NetworkConnectionToWebProcess::resolveBlobReferences: (parentPID=23277, pageProxyID=4, webPageID=5, frameID=12884901907, resourceID=919)
  38.226 [com.apple.WebKit:Loading:4] 0x119088240 - [webProcessIdentifier=3] NetworkConnectionToWebProcess::scheduleResourceLoad: (parentPID=23277, pageProxyID=4, webPageID=5, frameID=12884901907, resourceID=922, existingLoaderToResume=0)
  38.226 [com.apple.WebKit:Loading:4] 0x119088240 - [webProcessIdentifier=3] NetworkConnectionToWebProcess::resolveBlobReferences: (parentPID=23277, pageProxyID=4, webPageID=5, frameID=12884901907, resourceID=922)
  38.238 [com.apple.WebKit:Loading:4] [pageID=5, frameID=12884901909] PolicyChecker::checkNavigationPolicy: continuing because this policyAction from dispatchDecidePolicyForNavigationAction is Use
  38.242 [com.apple.WebKit:Loading:4] 0x119088240 - [webProcessIdentifier=3] NetworkConnectionToWebProcess::scheduleResourceLoad: (parentPID=23277, pageProxyID=4, webPageID=5, frameID=12884901909, resourceID=924, existingLoaderToResume=0)
  38.242 [com.apple.WebKit:Loading:4] 0x119088240 - [webProcessIdentifier=3] NetworkConnectionToWebProcess::resolveBlobReferences: (parentPID=23277, pageProxyID=4, webPageID=5, frameID=12884901909, resourceID=924)
  38.435 [com.apple.WebKit:Loading:4] 0x119088240 - [webProcessIdentifier=3] NetworkConnectionToWebProcess::scheduleResourceLoad: (parentPID=23277, pageProxyID=4, webPageID=5, frameID=4294967297, resourceID=928, existingLoaderToResume=0)
  38.435 [com.apple.WebKit:Loading:4] 0x119088240 - [webProcessIdentifier=3] NetworkConnectionToWebProcess::resolveBlobReferences: (parentPID=23277, pageProxyID=4, webPageID=5, frameID=4294967297, resourceID=928)
  38.450 [com.apple.WebKit:Loading:4] 0x119088240 - [webProcessIdentifier=3] NetworkConnectionToWebProcess::scheduleResourceLoad: (parentPID=23277, pageProxyID=4, webPageID=5, frameID=4294967297, resourceID=930, existingLoaderToResume=0)
  38.450 [com.apple.WebKit:Loading:4] 0x119088240 - [webProcessIdentifier=3] NetworkConnectionToWebProcess::resolveBlobReferences: (parentPID=23277, pageProxyID=4, webPageID=5, frameID=4294967297, resourceID=930)
  38.460 [com.apple.WebKit:Loading:4] 0x119088240 - [webProcessIdentifier=3] NetworkConnectionToWebProcess::scheduleResourceLoad: (parentPID=23277, pageProxyID=4, webPageID=5, frameID=12884901906, resourceID=933, existingLoaderToResume=0)
  38.460 [com.apple.WebKit:Loading:4] 0x119088240 - [webProcessIdentifier=3] NetworkConnectionToWebProcess::resolveBlobReferences: (parentPID=23277, pageProxyID=4, webPageID=5, frameID=12884901906, resourceID=933)
  38.474 [com.apple.WebKit:Loading:4] [pageID=5, frameID=12884901909] PolicyChecker::checkNavigationPolicy: continuing because this policyAction from dispatchDecidePolicyForNavigationAction is Use
  38.631 [com.apple.WebKit:Loading:4] 0x119088240 - [webProcessIdentifier=3] NetworkConnectionToWebProcess::scheduleResourceLoad: (parentPID=23277, pageProxyID=4, webPageID=5, frameID=12884901904, resourceID=938, existingLoaderToResume=0)
  38.631 [com.apple.WebKit:Loading:4] 0x119088240 - [webProcessIdentifier=3] NetworkConnectionToWebProcess::resolveBlobReferences: (parentPID=23277, pageProxyID=4, webPageID=5, frameID=12884901904, resourceID=938)
  39.193 [com.apple.WebKit:Loading:4] 0x119088240 - [webProcessIdentifier=3] NetworkConnectionToWebProcess::scheduleResourceLoad: (parentPID=23277, pageProxyID=4, webPageID=5, frameID=4294967297, resourceID=948, existingLoaderToResume=0)
  39.193 [com.apple.WebKit:Loading:4] 0x119088240 - [webProcessIdentifier=3] NetworkConnectionToWebProcess::resolveBlobReferences: (parentPID=23277, pageProxyID=4, webPageID=5, frameID=4294967297, resourceID=948)
  39.200 [com.apple.WebKit:Loading:4] 0x119088240 - [webProcessIdentifier=3] NetworkConnectionToWebProcess::scheduleResourceLoad: (parentPID=23277, pageProxyID=4, webPageID=5, frameID=4294967297, resourceID=950, existingLoaderToResume=0)
  39.200 [com.apple.WebKit:Loading:4] 0x119088240 - [webProcessIdentifier=3] NetworkConnectionToWebProcess::resolveBlobReferences: (parentPID=23277, pageProxyID=4, webPageID=5, frameID=4294967297, resourceID=950)
  39.218 [com.apple.WebKit:Loading:4] 0x119088240 - [webProcessIdentifier=3] NetworkConnectionToWebProcess::scheduleResourceLoad: (parentPID=23277, pageProxyID=4, webPageID=5, frameID=12884901907, resourceID=951, existingLoaderToResume=0)
  39.218 [com.apple.WebKit:Loading:4] 0x119088240 - [webProcessIdentifier=3] NetworkConnectionToWebProcess::resolveBlobReferences: (parentPID=23277, pageProxyID=4, webPageID=5, frameID=12884901907, resourceID=951)
  39.223 [com.apple.WebKit:Loading:4] 0x119088240 - [webProcessIdentifier=3] NetworkConnectionToWebProcess::scheduleResourceLoad: (parentPID=23277, pageProxyID=4, webPageID=5, frameID=4294967297, resourceID=952, existingLoaderToResume=0)
  39.223 [com.apple.WebKit:Loading:4] 0x119088240 - [webProcessIdentifier=3] NetworkConnectionToWebProcess::resolveBlobReferences: (parentPID=23277, pageProxyID=4, webPageID=5, frameID=4294967297, resourceID=952)
  39.235 [com.apple.WebKit:Loading:4] 0x119088240 - [webProcessIdentifier=3] NetworkConnectionToWebProcess::scheduleResourceLoad: (parentPID=23277, pageProxyID=4, webPageID=5, frameID=4294967297, resourceID=953, existingLoaderToResume=0)
  39.235 [com.apple.WebKit:Loading:4] 0x119088240 - [webProcessIdentifier=3] NetworkConnectionToWebProcess::resolveBlobReferences: (parentPID=23277, pageProxyID=4, webPageID=5, frameID=4294967297, resourceID=953)
  39.667 [com.apple.WebKit:Loading:4] 0x119088240 - [webProcessIdentifier=3] NetworkConnectionToWebProcess::scheduleResourceLoad: (parentPID=23277, pageProxyID=4, webPageID=5, frameID=4294967297, resourceID=962, existingLoaderToResume=0)
  39.667 [com.apple.WebKit:Loading:4] 0x119088240 - [webProcessIdentifier=3] NetworkConnectionToWebProcess::resolveBlobReferences: (parentPID=23277, pageProxyID=4, webPageID=5, frameID=4294967297, resourceID=962)
  39.680 [com.apple.WebKit:Loading:4] 0x119088240 - [webProcessIdentifier=3] NetworkConnectionToWebProcess::scheduleResourceLoad: (parentPID=23277, pageProxyID=4, webPageID=5, frameID=4294967297, resourceID=963, existingLoaderToResume=0)
  39.680 [com.apple.WebKit:Loading:4] 0x119088240 - [webProcessIdentifier=3] NetworkConnectionToWebProcess::resolveBlobReferences: (parentPID=23277, pageProxyID=4, webPageID=5, frameID=4294967297, resourceID=963)
  39.694 [com.apple.WebKit:Loading:4] 0x119088240 - [webProcessIdentifier=3] NetworkConnectionToWebProcess::scheduleResourceLoad: (parentPID=23277, pageProxyID=4, webPageID=5, frameID=4294967297, resourceID=964, existingLoaderToResume=0)
  39.694 [com.apple.WebKit:Loading:4] 0x119088240 - [webProcessIdentifier=3] NetworkConnectionToWebProcess::resolveBlobReferences: (parentPID=23277, pageProxyID=4, webPageID=5, frameID=4294967297, resourceID=964)
  39.701 [com.apple.WebKit:Loading:4] 0x119088240 - [webProcessIdentifier=3] NetworkConnectionToWebProcess::scheduleResourceLoad: (parentPID=23277, pageProxyID=4, webPageID=5, frameID=4294967297, resourceID=965, existingLoaderToResume=0)
  39.701 [com.apple.WebKit:Loading:4] 0x119088240 - [webProcessIdentifier=3] NetworkConnectionToWebProcess::resolveBlobReferences: (parentPID=23277, pageProxyID=4, webPageID=5, frameID=4294967297, resourceID=965)
  39.717 [com.apple.WebKit:Loading:4] 0x119088240 - [webProcessIdentifier=3] NetworkConnectionToWebProcess::scheduleResourceLoad: (parentPID=23277, pageProxyID=4, webPageID=5, frameID=4294967297, resourceID=966, existingLoaderToResume=0)
  39.717 [com.apple.WebKit:Loading:4] 0x119088240 - [webProcessIdentifier=3] NetworkConnectionToWebProcess::resolveBlobReferences: (parentPID=23277, pageProxyID=4, webPageID=5, frameID=4294967297, resourceID=966)
  39.730 [com.apple.WebKit:Loading:4] 0x119088240 - [webProcessIdentifier=3] NetworkConnectionToWebProcess::scheduleResourceLoad: (parentPID=23277, pageProxyID=4, webPageID=5, frameID=4294967297, resourceID=967, existingLoaderToResume=0)
  39.730 [com.apple.WebKit:Loading:4] 0x119088240 - [webProcessIdentifier=3] NetworkConnectionToWebProcess::resolveBlobReferences: (parentPID=23277, pageProxyID=4, webPageID=5, frameID=4294967297, resourceID=967)
  39.739 [com.apple.WebKit:Loading:4] 0x119088240 - [webProcessIdentifier=3] NetworkConnectionToWebProcess::scheduleResourceLoad: (parentPID=23277, pageProxyID=4, webPageID=5, frameID=4294967297, resourceID=968, existingLoaderToResume=0)
  39.739 [com.apple.WebKit:Loading:4] 0x119088240 - [webProcessIdentifier=3] NetworkConnectionToWebProcess::resolveBlobReferences: (parentPID=23277, pageProxyID=4, webPageID=5, frameID=4294967297, resourceID=968)
  39.768 [com.apple.WebKit:Loading:4] 0x119088240 - [webProcessIdentifier=3] NetworkConnectionToWebProcess::scheduleResourceLoad: (parentPID=23277, pageProxyID=4, webPageID=5, frameID=4294967297, resourceID=969, existingLoaderToResume=0)
  39.768 [com.apple.WebKit:Loading:4] 0x119088240 - [webProcessIdentifier=3] NetworkConnectionToWebProcess::resolveBlobReferences: (parentPID=23277, pageProxyID=4, webPageID=5, frameID=4294967297, resourceID=969)
  39.780 [com.apple.WebKit:Loading:4] 0x119088240 - [webProcessIdentifier=3] NetworkConnectionToWebProcess::scheduleResourceLoad: (parentPID=23277, pageProxyID=4, webPageID=5, frameID=4294967297, resourceID=970, existingLoaderToResume=0)
  39.780 [com.apple.WebKit:Loading:4] 0x119088240 - [webProcessIdentifier=3] NetworkConnectionToWebProcess::resolveBlobReferences: (parentPID=23277, pageProxyID=4, webPageID=5, frameID=4294967297, resourceID=970)
  39.801 [com.apple.WebKit:Loading:4] 0x119088240 - [webProcessIdentifier=3] NetworkConnectionToWebProcess::scheduleResourceLoad: (parentPID=23277, pageProxyID=4, webPageID=5, frameID=4294967297, resourceID=971, existingLoaderToResume=0)
  39.801 [com.apple.WebKit:Loading:4] 0x119088240 - [webProcessIdentifier=3] NetworkConnectionToWebProcess::resolveBlobReferences: (parentPID=23277, pageProxyID=4, webPageID=5, frameID=4294967297, resourceID=971)
  39.815 [com.apple.WebKit:Loading:4] 0x119088240 - [webProcessIdentifier=3] NetworkConnectionToWebProcess::scheduleResourceLoad: (parentPID=23277, pageProxyID=4, webPageID=5, frameID=4294967297, resourceID=972, existingLoaderToResume=0)
  39.815 [com.apple.WebKit:Loading:4] 0x119088240 - [webProcessIdentifier=3] NetworkConnectionToWebProcess::resolveBlobReferences: (parentPID=23277, pageProxyID=4, webPageID=5, frameID=4294967297, resourceID=972)
  39.825 [com.apple.WebKit:Loading:4] 0x119088240 - [webProcessIdentifier=3] NetworkConnectionToWebProcess::scheduleResourceLoad: (parentPID=23277, pageProxyID=4, webPageID=5, frameID=4294967297, resourceID=973, existingLoaderToResume=0)
  39.825 [com.apple.WebKit:Loading:4] 0x119088240 - [webProcessIdentifier=3] NetworkConnectionToWebProcess::resolveBlobReferences: (parentPID=23277, pageProxyID=4, webPageID=5, frameID=4294967297, resourceID=973)
  39.836 [com.apple.WebKit:Loading:4] 0x119088240 - [webProcessIdentifier=3] NetworkConnectionToWebProcess::scheduleResourceLoad: (parentPID=23277, pageProxyID=4, webPageID=5, frameID=4294967297, resourceID=974, existingLoaderToResume=0)
  39.836 [com.apple.WebKit:Loading:4] 0x119088240 - [webProcessIdentifier=3] NetworkConnectionToWebProcess::resolveBlobReferences: (parentPID=23277, pageProxyID=4, webPageID=5, frameID=4294967297, resourceID=974)
  39.854 [com.apple.WebKit:Loading:4] 0x119088240 - [webProcessIdentifier=3] NetworkConnectionToWebProcess::scheduleResourceLoad: (parentPID=23277, pageProxyID=4, webPageID=5, frameID=4294967297, resourceID=975, existingLoaderToResume=0)
  39.854 [com.apple.WebKit:Loading:4] 0x119088240 - [webProcessIdentifier=3] NetworkConnectionToWebProcess::resolveBlobReferences: (parentPID=23277, pageProxyID=4, webPageID=5, frameID=4294967297, resourceID=975)
  39.933 [com.apple.WebKit:Loading:4] 0x119088240 - [webProcessIdentifier=3] NetworkConnectionToWebProcess::scheduleResourceLoad: (parentPID=23277, pageProxyID=4, webPageID=5, frameID=4294967297, resourceID=976, existingLoaderToResume=0)
  39.933 [com.apple.WebKit:Loading:4] 0x119088240 - [webProcessIdentifier=3] NetworkConnectionToWebProcess::resolveBlobReferences: (parentPID=23277, pageProxyID=4, webPageID=5, frameID=4294967297, resourceID=976)
  39.949 [com.apple.WebKit:Loading:4] 0x119088240 - [webProcessIdentifier=3] NetworkConnectionToWebProcess::scheduleResourceLoad: (parentPID=23277, pageProxyID=4, webPageID=5, frameID=4294967297, resourceID=977, existingLoaderToResume=0)
  39.949 [com.apple.WebKit:Loading:4] 0x119088240 - [webProcessIdentifier=3] NetworkConnectionToWebProcess::resolveBlobReferences: (parentPID=23277, pageProxyID=4, webPageID=5, frameID=4294967297, resourceID=977)
  39.957 [com.apple.WebKit:Loading:4] 0x119088240 - [webProcessIdentifier=3] NetworkConnectionToWebProcess::scheduleResourceLoad: (parentPID=23277, pageProxyID=4, webPageID=5, frameID=4294967297, resourceID=978, existingLoaderToResume=0)
  39.958 [com.apple.WebKit:Loading:4] 0x119088240 - [webProcessIdentifier=3] NetworkConnectionToWebProcess::resolveBlobReferences: (parentPID=23277, pageProxyID=4, webPageID=5, frameID=4294967297, resourceID=978)
  39.966 [com.apple.WebKit:Loading:4] 0x119088240 - [webProcessIdentifier=3] NetworkConnectionToWebProcess::scheduleResourceLoad: (parentPID=23277, pageProxyID=4, webPageID=5, frameID=4294967297, resourceID=979, existingLoaderToResume=0)
  39.966 [com.apple.WebKit:Loading:4] 0x119088240 - [webProcessIdentifier=3] NetworkConnectionToWebProcess::resolveBlobReferences: (parentPID=23277, pageProxyID=4, webPageID=5, frameID=4294967297, resourceID=979)
  39.974 [com.apple.WebKit:Loading:4] 0x119088240 - [webProcessIdentifier=3] NetworkConnectionToWebProcess::scheduleResourceLoad: (parentPID=23277, pageProxyID=4, webPageID=5, frameID=4294967297, resourceID=980, existingLoaderToResume=0)
  39.974 [com.apple.WebKit:Loading:4] 0x119088240 - [webProcessIdentifier=3] NetworkConnectionToWebProcess::resolveBlobReferences: (parentPID=23277, pageProxyID=4, webPageID=5, frameID=4294967297, resourceID=980)
  39.985 [com.apple.WebKit:Loading:4] 0x119088240 - [webProcessIdentifier=3] NetworkConnectionToWebProcess::scheduleResourceLoad: (parentPID=23277, pageProxyID=4, webPageID=5, frameID=4294967297, resourceID=981, existingLoaderToResume=0)
  39.985 [com.apple.WebKit:Loading:4] 0x119088240 - [webProcessIdentifier=3] NetworkConnectionToWebProcess::resolveBlobReferences: (parentPID=23277, pageProxyID=4, webPageID=5, frameID=4294967297, resourceID=981)
  39.992 [com.apple.WebKit:Loading:4] 0x119088240 - [webProcessIdentifier=3] NetworkConnectionToWebProcess::scheduleResourceLoad: (parentPID=23277, pageProxyID=4, webPageID=5, frameID=4294967297, resourceID=982, existingLoaderToResume=0)
  39.992 [com.apple.WebKit:Loading:4] 0x119088240 - [webProcessIdentifier=3] NetworkConnectionToWebProcess::resolveBlobReferences: (parentPID=23277, pageProxyID=4, webPageID=5, frameID=4294967297, resourceID=982)
  40.011 [com.apple.WebKit:Loading:4] 0x119088240 - [webProcessIdentifier=3] NetworkConnectionToWebProcess::scheduleResourceLoad: (parentPID=23277, pageProxyID=4, webPageID=5, frameID=4294967297, resourceID=983, existingLoaderToResume=0)
  40.011 [com.apple.WebKit:Loading:4] 0x119088240 - [webProcessIdentifier=3] NetworkConnectionToWebProcess::resolveBlobReferences: (parentPID=23277, pageProxyID=4, webPageID=5, frameID=4294967297, resourceID=983)
  40.019 [com.apple.WebKit:Loading:4] 0x119088240 - [webProcessIdentifier=3] NetworkConnectionToWebProcess::scheduleResourceLoad: (parentPID=23277, pageProxyID=4, webPageID=5, frameID=4294967297, resourceID=984, existingLoaderToResume=0)
  40.019 [com.apple.WebKit:Loading:4] 0x119088240 - [webProcessIdentifier=3] NetworkConnectionToWebProcess::resolveBlobReferences: (parentPID=23277, pageProxyID=4, webPageID=5, frameID=4294967297, resourceID=984)
  40.032 [com.apple.WebKit:Loading:4] 0x119088240 - [webProcessIdentifier=3] NetworkConnectionToWebProcess::scheduleResourceLoad: (parentPID=23277, pageProxyID=4, webPageID=5, frameID=4294967297, resourceID=985, existingLoaderToResume=0)
  40.032 [com.apple.WebKit:Loading:4] 0x119088240 - [webProcessIdentifier=3] NetworkConnectionToWebProcess::resolveBlobReferences: (parentPID=23277, pageProxyID=4, webPageID=5, frameID=4294967297, resourceID=985)
  40.041 [com.apple.WebKit:Loading:4] 0x119088240 - [webProcessIdentifier=3] NetworkConnectionToWebProcess::scheduleResourceLoad: (parentPID=23277, pageProxyID=4, webPageID=5, frameID=4294967297, resourceID=986, existingLoaderToResume=0)
  40.041 [com.apple.WebKit:Loading:4] 0x119088240 - [webProcessIdentifier=3] NetworkConnectionToWebProcess::resolveBlobReferences: (parentPID=23277, pageProxyID=4, webPageID=5, frameID=4294967297, resourceID=986)
  40.058 [com.apple.WebKit:Loading:4] 0x119088240 - [webProcessIdentifier=3] NetworkConnectionToWebProcess::scheduleResourceLoad: (parentPID=23277, pageProxyID=4, webPageID=5, frameID=4294967297, resourceID=987, existingLoaderToResume=0)
  40.058 [com.apple.WebKit:Loading:4] 0x119088240 - [webProcessIdentifier=3] NetworkConnectionToWebProcess::resolveBlobReferences: (parentPID=23277, pageProxyID=4, webPageID=5, frameID=4294967297, resourceID=987)
  40.090 [com.apple.WebKit:Loading:4] 0x119088240 - [webProcessIdentifier=3] NetworkConnectionToWebProcess::scheduleResourceLoad: (parentPID=23277, pageProxyID=4, webPageID=5, frameID=4294967297, resourceID=988, existingLoaderToResume=0)
  40.090 [com.apple.WebKit:Loading:4] 0x119088240 - [webProcessIdentifier=3] NetworkConnectionToWebProcess::resolveBlobReferences: (parentPID=23277, pageProxyID=4, webPageID=5, frameID=4294967297, resourceID=988)
  40.111 [com.apple.WebKit:Loading:4] 0x119088240 - [webProcessIdentifier=3] NetworkConnectionToWebProcess::scheduleResourceLoad: (parentPID=23277, pageProxyID=4, webPageID=5, frameID=4294967297, resourceID=989, existingLoaderToResume=0)
  40.111 [com.apple.WebKit:Loading:4] 0x119088240 - [webProcessIdentifier=3] NetworkConnectionToWebProcess::resolveBlobReferences: (parentPID=23277, pageProxyID=4, webPageID=5, frameID=4294967297, resourceID=989)
  40.314 [com.apple.WebKit:Loading:4] [pageID=5, frameID=12884901910] PolicyChecker::checkNavigationPolicy: continuing because this is an initial empty document
  40.346 [com.apple.WebKit:Loading:4] [pageID=5, frameID=12884901911] PolicyChecker::checkNavigationPolicy: continuing because this is an initial empty document
  40.370 [com.apple.WebKit:Loading:4] 0x119088240 - [webProcessIdentifier=3] NetworkConnectionToWebProcess::scheduleResourceLoad: (parentPID=23277, pageProxyID=4, webPageID=5, frameID=12884901911, resourceID=1010, existingLoaderToResume=0)
  40.370 [com.apple.WebKit:Loading:4] 0x119088240 - [webProcessIdentifier=3] NetworkConnectionToWebProcess::resolveBlobReferences: (parentPID=23277, pageProxyID=4, webPageID=5, frameID=12884901911, resourceID=1010)
  40.372 [com.apple.WebKit:Loading:4] 0x119088240 - [webProcessIdentifier=3] NetworkConnectionToWebProcess::scheduleResourceLoad: (parentPID=23277, pageProxyID=4, webPageID=5, frameID=12884901911, resourceID=1012, existingLoaderToResume=0)
  40.372 [com.apple.WebKit:Loading:4] 0x119088240 - [webProcessIdentifier=3] NetworkConnectionToWebProcess::resolveBlobReferences: (parentPID=23277, pageProxyID=4, webPageID=5, frameID=12884901911, resourceID=1012)
  40.373 [com.apple.WebKit:Loading:4] 0x119088240 - [webProcessIdentifier=3] NetworkConnectionToWebProcess::scheduleResourceLoad: (parentPID=23277, pageProxyID=4, webPageID=5, frameID=12884901911, resourceID=1014, existingLoaderToResume=0)
  40.373 [com.apple.WebKit:Loading:4] 0x119088240 - [webProcessIdentifier=3] NetworkConnectionToWebProcess::resolveBlobReferences: (parentPID=23277, pageProxyID=4, webPageID=5, frameID=12884901911, resourceID=1014)
  40.478 [com.apple.WebKit:Loading:4] [pageID=5, frameID=12884901912] PolicyChecker::checkNavigationPolicy: continuing because this is an initial empty document
  40.491 [com.apple.WebKit:Loading:4] 0x119088240 - [webProcessIdentifier=3] NetworkConnectionToWebProcess::scheduleResourceLoad: (parentPID=23277, pageProxyID=4, webPageID=5, frameID=12884901912, resourceID=1028, existingLoaderToResume=0)
  40.491 [com.apple.WebKit:Loading:4] 0x119088240 - [webProcessIdentifier=3] NetworkConnectionToWebProcess::resolveBlobReferences: (parentPID=23277, pageProxyID=4, webPageID=5, frameID=12884901912, resourceID=1028)
  40.526 [com.apple.WebKit:Loading:4] 0x119088240 - [webProcessIdentifier=3] NetworkConnectionToWebProcess::scheduleResourceLoad: (parentPID=23277, pageProxyID=4, webPageID=5, frameID=12884901911, resourceID=1030, existingLoaderToResume=0)
  40.526 [com.apple.WebKit:Loading:4] 0x119088240 - [webProcessIdentifier=3] NetworkConnectionToWebProcess::resolveBlobReferences: (parentPID=23277, pageProxyID=4, webPageID=5, frameID=12884901911, resourceID=1030)
  40.743 [com.apple.WebKit:Loading:4] [pageID=5, frameID=12884901913] PolicyChecker::checkNavigationPolicy: continuing because this is an initial empty document
  40.770 [com.apple.WebKit:Loading:4] 0x119088240 - [webProcessIdentifier=3] NetworkConnectionToWebProcess::scheduleResourceLoad: (parentPID=23277, pageProxyID=4, webPageID=5, frameID=12884901913, resourceID=1049, existingLoaderToResume=0)
  40.770 [com.apple.WebKit:Loading:4] 0x119088240 - [webProcessIdentifier=3] NetworkConnectionToWebProcess::resolveBlobReferences: (parentPID=23277, pageProxyID=4, webPageID=5, frameID=12884901913, resourceID=1049)
  40.781 [com.apple.WebKit:Loading:4] 0x119088240 - [webProcessIdentifier=3] NetworkConnectionToWebProcess::scheduleResourceLoad: (parentPID=23277, pageProxyID=4, webPageID=5, frameID=12884901913, resourceID=1051, existingLoaderToResume=0)
  40.781 [com.apple.WebKit:Loading:4] 0x119088240 - [webProcessIdentifier=3] NetworkConnectionToWebProcess::resolveBlobReferences: (parentPID=23277, pageProxyID=4, webPageID=5, frameID=12884901913, resourceID=1051)
  40.783 [com.apple.WebKit:Loading:4] 0x119088240 - [webProcessIdentifier=3] NetworkConnectionToWebProcess::scheduleResourceLoad: (parentPID=23277, pageProxyID=4, webPageID=5, frameID=12884901913, resourceID=1054, existingLoaderToResume=0)
  40.783 [com.apple.WebKit:Loading:4] 0x119088240 - [webProcessIdentifier=3] NetworkConnectionToWebProcess::resolveBlobReferences: (parentPID=23277, pageProxyID=4, webPageID=5, frameID=12884901913, resourceID=1054)
  40.784 [com.apple.WebKit:Loading:4] 0x119088240 - [webProcessIdentifier=3] NetworkConnectionToWebProcess::scheduleResourceLoad: (parentPID=23277, pageProxyID=4, webPageID=5, frameID=12884901913, resourceID=1056, existingLoaderToResume=0)
  40.784 [com.apple.WebKit:Loading:4] 0x119088240 - [webProcessIdentifier=3] NetworkConnectionToWebProcess::resolveBlobReferences: (parentPID=23277, pageProxyID=4, webPageID=5, frameID=12884901913, resourceID=1056)
  40.904 [com.apple.WebKit:Loading:4] [pageID=5, frameID=12884901914] PolicyChecker::checkNavigationPolicy: continuing because this is an initial empty document
  41.054 [com.apple.WebKit:Loading:4] 0x119088240 - [webProcessIdentifier=3] NetworkConnectionToWebProcess::scheduleResourceLoad: (parentPID=23277, pageProxyID=4, webPageID=5, frameID=12884901913, resourceID=1071, existingLoaderToResume=0)
  41.054 [com.apple.WebKit:Loading:4] 0x119088240 - [webProcessIdentifier=3] NetworkConnectionToWebProcess::resolveBlobReferences: (parentPID=23277, pageProxyID=4, webPageID=5, frameID=12884901913, resourceID=1071)
  41.059 TIGER script: scroll 0,-600
  41.085 [com.apple.WebKit:Loading:4] [pageID=5, frameID=12884901915] PolicyChecker::checkNavigationPolicy: continuing because this is an initial empty document
  41.115 [com.apple.WebKit:Loading:4] [pageID=5, frameID=12884901916] PolicyChecker::checkNavigationPolicy: continuing because this is an initial empty document
  41.153 [com.apple.WebKit:Loading:4] 0x119088240 - [webProcessIdentifier=3] NetworkConnectionToWebProcess::scheduleResourceLoad: (parentPID=23277, pageProxyID=4, webPageID=5, frameID=12884901916, resourceID=1093, existingLoaderToResume=0)
  41.153 [com.apple.WebKit:Loading:4] 0x119088240 - [webProcessIdentifier=3] NetworkConnectionToWebProcess::resolveBlobReferences: (parentPID=23277, pageProxyID=4, webPageID=5, frameID=12884901916, resourceID=1093)
  41.359 TIGER script: wait 3
  41.475 [com.apple.WebKit:Loading:4] 0x119088240 - [webProcessIdentifier=3] NetworkConnectionToWebProcess::scheduleResourceLoad: (parentPID=23277, pageProxyID=4, webPageID=5, frameID=4294967297, resourceID=1097, existingLoaderToResume=0)
  41.476 [com.apple.WebKit:Loading:4] 0x119088240 - [webProcessIdentifier=3] NetworkConnectionToWebProcess::resolveBlobReferences: (parentPID=23277, pageProxyID=4, webPageID=5, frameID=4294967297, resourceID=1097)
  41.478 [com.apple.WebKit:Loading:4] 0x119088240 - [webProcessIdentifier=3] NetworkConnectionToWebProcess::scheduleResourceLoad: (parentPID=23277, pageProxyID=4, webPageID=5, frameID=4294967297, resourceID=1098, existingLoaderToResume=0)
  41.478 [com.apple.WebKit:Loading:4] 0x119088240 - [webProcessIdentifier=3] NetworkConnectionToWebProcess::resolveBlobReferences: (parentPID=23277, pageProxyID=4, webPageID=5, frameID=4294967297, resourceID=1098)
  41.478 [com.apple.WebKit:Loading:4] 0x119088240 - [webProcessIdentifier=3] NetworkConnectionToWebProcess::scheduleResourceLoad: (parentPID=23277, pageProxyID=4, webPageID=5, frameID=4294967297, resourceID=1099, existingLoaderToResume=0)
  41.478 [com.apple.WebKit:Loading:4] 0x119088240 - [webProcessIdentifier=3] NetworkConnectionToWebProcess::resolveBlobReferences: (parentPID=23277, pageProxyID=4, webPageID=5, frameID=4294967297, resourceID=1099)
  41.594 [com.apple.WebKit:Loading:4] [pageID=5, frameID=12884901917] PolicyChecker::checkNavigationPolicy: continuing because this is an initial empty document
  41.971 [com.apple.WebKit:Loading:4] [pageID=5, frameID=12884901918] PolicyChecker::checkNavigationPolicy: continuing because this is an initial empty document
  41.997 [com.apple.WebKit:Loading:4] 0x119088240 - [webProcessIdentifier=3] NetworkConnectionToWebProcess::scheduleResourceLoad: (parentPID=23277, pageProxyID=4, webPageID=5, frameID=12884901918, resourceID=1121, existingLoaderToResume=0)
  41.997 [com.apple.WebKit:Loading:4] 0x119088240 - [webProcessIdentifier=3] NetworkConnectionToWebProcess::resolveBlobReferences: (parentPID=23277, pageProxyID=4, webPageID=5, frameID=12884901918, resourceID=1121)
  42.086 [com.apple.WebKit:Loading:4] 0x119088240 - [webProcessIdentifier=3] NetworkConnectionToWebProcess::scheduleResourceLoad: (parentPID=23277, pageProxyID=4, webPageID=5, frameID=12884901918, resourceID=1123, existingLoaderToResume=0)
  42.086 [com.apple.WebKit:Loading:4] 0x119088240 - [webProcessIdentifier=3] NetworkConnectionToWebProcess::resolveBlobReferences: (parentPID=23277, pageProxyID=4, webPageID=5, frameID=12884901918, resourceID=1123)
  42.091 [com.apple.WebKit:Loading:4] 0x119088240 - [webProcessIdentifier=3] NetworkConnectionToWebProcess::scheduleResourceLoad: (parentPID=23277, pageProxyID=4, webPageID=5, frameID=12884901918, resourceID=1126, existingLoaderToResume=0)
  42.091 [com.apple.WebKit:Loading:4] 0x119088240 - [webProcessIdentifier=3] NetworkConnectionToWebProcess::resolveBlobReferences: (parentPID=23277, pageProxyID=4, webPageID=5, frameID=12884901918, resourceID=1126)
  42.160 [com.apple.WebKit:Loading:4] [pageID=5, frameID=12884901919] PolicyChecker::checkNavigationPolicy: continuing because this is an initial empty document
  42.220 [com.apple.WebKit:Loading:4] [pageID=5, frameID=12884901920] PolicyChecker::checkNavigationPolicy: continuing because this is an initial empty document
  42.271 [com.apple.WebKit:Loading:4] [pageID=5, frameID=12884901921] PolicyChecker::checkNavigationPolicy: continuing because this is an initial empty document
  42.295 [com.apple.WebKit:Loading:4] 0x119088240 - [webProcessIdentifier=3] NetworkConnectionToWebProcess::scheduleResourceLoad: (parentPID=23277, pageProxyID=4, webPageID=5, frameID=4294967297, resourceID=1166, existingLoaderToResume=0)
  42.295 [com.apple.WebKit:Loading:4] 0x119088240 - [webProcessIdentifier=3] NetworkConnectionToWebProcess::resolveBlobReferences: (parentPID=23277, pageProxyID=4, webPageID=5, frameID=4294967297, resourceID=1166)
  42.303 [com.apple.WebKit:Loading:4] 0x119088240 - [webProcessIdentifier=3] NetworkConnectionToWebProcess::scheduleResourceLoad: (parentPID=23277, pageProxyID=4, webPageID=5, frameID=12884901913, resourceID=1167, existingLoaderToResume=0)
  42.303 [com.apple.WebKit:Loading:4] 0x119088240 - [webProcessIdentifier=3] NetworkConnectionToWebProcess::resolveBlobReferences: (parentPID=23277, pageProxyID=4, webPageID=5, frameID=12884901913, resourceID=1167)
  43.286 [com.apple.WebKit:Loading:4] 0x119088240 - [webProcessIdentifier=3] NetworkConnectionToWebProcess::scheduleResourceLoad: (parentPID=23277, pageProxyID=4, webPageID=5, frameID=12884901913, resourceID=1179, existingLoaderToResume=0)
  43.286 [com.apple.WebKit:Loading:4] 0x119088240 - [webProcessIdentifier=3] NetworkConnectionToWebProcess::resolveBlobReferences: (parentPID=23277, pageProxyID=4, webPageID=5, frameID=12884901913, resourceID=1179)
  43.311 [com.apple.WebKit:Loading:4] 0x119088240 - [webProcessIdentifier=3] NetworkConnectionToWebProcess::scheduleResourceLoad: (parentPID=23277, pageProxyID=4, webPageID=5, frameID=12884901911, resourceID=1182, existingLoaderToResume=0)
  43.311 [com.apple.WebKit:Loading:4] 0x119088240 - [webProcessIdentifier=3] NetworkConnectionToWebProcess::resolveBlobReferences: (parentPID=23277, pageProxyID=4, webPageID=5, frameID=12884901911, resourceID=1182)
  43.311 [com.apple.WebKit:Loading:4] 0x119088240 - [webProcessIdentifier=3] NetworkConnectionToWebProcess::scheduleResourceLoad: (parentPID=23277, pageProxyID=4, webPageID=5, frameID=12884901911, resourceID=1184, existingLoaderToResume=0)
  43.311 [com.apple.WebKit:Loading:4] 0x119088240 - [webProcessIdentifier=3] NetworkConnectionToWebProcess::resolveBlobReferences: (parentPID=23277, pageProxyID=4, webPageID=5, frameID=12884901911, resourceID=1184)
  43.419 [com.apple.WebKit:Loading:4] 0x119088240 - [webProcessIdentifier=3] NetworkConnectionToWebProcess::scheduleResourceLoad: (parentPID=23277, pageProxyID=4, webPageID=5, frameID=12884901911, resourceID=1186, existingLoaderToResume=0)
  43.419 [com.apple.WebKit:Loading:4] 0x119088240 - [webProcessIdentifier=3] NetworkConnectionToWebProcess::resolveBlobReferences: (parentPID=23277, pageProxyID=4, webPageID=5, frameID=12884901911, resourceID=1186)
  44.178 [com.apple.WebKit:Loading:4] 0x119088240 - [webProcessIdentifier=3] NetworkConnectionToWebProcess::scheduleResourceLoad: (parentPID=23277, pageProxyID=4, webPageID=5, frameID=12884901913, resourceID=1206, existingLoaderToResume=0)
  44.178 [com.apple.WebKit:Loading:4] 0x119088240 - [webProcessIdentifier=3] NetworkConnectionToWebProcess::resolveBlobReferences: (parentPID=23277, pageProxyID=4, webPageID=5, frameID=12884901913, resourceID=1206)
  44.188 [com.apple.WebKit:Loading:4] [pageID=5, frameID=12884901922] PolicyChecker::checkNavigationPolicy: continuing because this is an initial empty document
  44.263 [com.apple.WebKit:Loading:4] 0x119088240 - [webProcessIdentifier=3] NetworkConnectionToWebProcess::scheduleResourceLoad: (parentPID=23277, pageProxyID=4, webPageID=5, frameID=12884901922, resourceID=1218, existingLoaderToResume=0)
  44.264 [com.apple.WebKit:Loading:4] 0x119088240 - [webProcessIdentifier=3] NetworkConnectionToWebProcess::resolveBlobReferences: (parentPID=23277, pageProxyID=4, webPageID=5, frameID=12884901922, resourceID=1218)
  44.269 [com.apple.WebKit:Loading:4] 0x119088240 - [webProcessIdentifier=3] NetworkConnectionToWebProcess::scheduleResourceLoad: (parentPID=23277, pageProxyID=4, webPageID=5, frameID=12884901913, resourceID=1220, existingLoaderToResume=0)
  44.269 [com.apple.WebKit:Loading:4] 0x119088240 - [webProcessIdentifier=3] NetworkConnectionToWebProcess::resolveBlobReferences: (parentPID=23277, pageProxyID=4, webPageID=5, frameID=12884901913, resourceID=1220)
  44.359 TIGER script: scroll 0,-600
  44.605 [com.apple.WebKit:Loading:4] 0x119088240 - [webProcessIdentifier=3] NetworkConnectionToWebProcess::scheduleResourceLoad: (parentPID=23277, pageProxyID=4, webPageID=5, frameID=12884901916, resourceID=1228, existingLoaderToResume=0)
  44.605 [com.apple.WebKit:Loading:4] 0x119088240 - [webProcessIdentifier=3] NetworkConnectionToWebProcess::resolveBlobReferences: (parentPID=23277, pageProxyID=4, webPageID=5, frameID=12884901916, resourceID=1228)
  44.660 TIGER script: wait 3
  44.766 [com.apple.WebKit:Loading:4] 0x119088240 - [webProcessIdentifier=3] NetworkConnectionToWebProcess::scheduleResourceLoad: (parentPID=23277, pageProxyID=4, webPageID=5, frameID=4294967297, resourceID=1238, existingLoaderToResume=0)
  44.766 [com.apple.WebKit:Loading:4] 0x119088240 - [webProcessIdentifier=3] NetworkConnectionToWebProcess::resolveBlobReferences: (parentPID=23277, pageProxyID=4, webPageID=5, frameID=4294967297, resourceID=1238)
  45.464 [com.apple.WebKit:Loading:4] 0x119088240 - [webProcessIdentifier=3] NetworkConnectionToWebProcess::scheduleResourceLoad: (parentPID=23277, pageProxyID=4, webPageID=5, frameID=4294967297, resourceID=1242, existingLoaderToResume=0)
  45.464 [com.apple.WebKit:Loading:4] 0x119088240 - [webProcessIdentifier=3] NetworkConnectionToWebProcess::resolveBlobReferences: (parentPID=23277, pageProxyID=4, webPageID=5, frameID=4294967297, resourceID=1242)
  46.470 [com.apple.WebKit:Loading:4] 0x119088240 - [webProcessIdentifier=3] NetworkConnectionToWebProcess::scheduleResourceLoad: (parentPID=23277, pageProxyID=4, webPageID=5, frameID=4294967297, resourceID=1245, existingLoaderToResume=0)
  46.470 [com.apple.WebKit:Loading:4] 0x119088240 - [webProcessIdentifier=3] NetworkConnectionToWebProcess::resolveBlobReferences: (parentPID=23277, pageProxyID=4, webPageID=5, frameID=4294967297, resourceID=1245)
  46.505 [com.apple.WebKit:Loading:4] [pageID=5, frameID=12884901923] PolicyChecker::checkNavigationPolicy: continuing because this is an initial empty document
  46.523 [com.apple.WebKit:Loading:4] [pageID=5, frameID=12884901924] PolicyChecker::checkNavigationPolicy: continuing because this is an initial empty document
  46.595 [com.apple.WebKit:Loading:4] 0x119088240 - [webProcessIdentifier=3] NetworkConnectionToWebProcess::scheduleResourceLoad: (parentPID=23277, pageProxyID=4, webPageID=5, frameID=12884901918, resourceID=1295, existingLoaderToResume=0)
  46.595 [com.apple.WebKit:Loading:4] 0x119088240 - [webProcessIdentifier=3] NetworkConnectionToWebProcess::resolveBlobReferences: (parentPID=23277, pageProxyID=4, webPageID=5, frameID=12884901918, resourceID=1295)
  47.214 [com.apple.WebKit:Loading:4] 0x119088240 - [webProcessIdentifier=3] NetworkConnectionToWebProcess::scheduleResourceLoad: (parentPID=23277, pageProxyID=4, webPageID=5, frameID=12884901918, resourceID=1316, existingLoaderToResume=0)
  47.214 [com.apple.WebKit:Loading:4] 0x119088240 - [webProcessIdentifier=3] NetworkConnectionToWebProcess::resolveBlobReferences: (parentPID=23277, pageProxyID=4, webPageID=5, frameID=12884901918, resourceID=1316)
  47.219 [com.apple.WebKit:Loading:4] [pageID=5, frameID=12884901925] PolicyChecker::checkNavigationPolicy: continuing because this is an initial empty document
  47.231 [com.apple.WebKit:Loading:4] 0x119088240 - [webProcessIdentifier=3] NetworkConnectionToWebProcess::scheduleResourceLoad: (parentPID=23277, pageProxyID=4, webPageID=5, frameID=12884901918, resourceID=1330, existingLoaderToResume=0)
  47.231 [com.apple.WebKit:Loading:4] 0x119088240 - [webProcessIdentifier=3] NetworkConnectionToWebProcess::resolveBlobReferences: (parentPID=23277, pageProxyID=4, webPageID=5, frameID=12884901918, resourceID=1330)
  47.278 [com.apple.WebKit:Loading:4] 0x119088240 - [webProcessIdentifier=3] NetworkConnectionToWebProcess::scheduleResourceLoad: (parentPID=23277, pageProxyID=4, webPageID=5, frameID=12884901918, resourceID=1334, existingLoaderToResume=0)
  47.279 [com.apple.WebKit:Loading:4] 0x119088240 - [webProcessIdentifier=3] NetworkConnectionToWebProcess::resolveBlobReferences: (parentPID=23277, pageProxyID=4, webPageID=5, frameID=12884901918, resourceID=1334)
  47.394 [com.apple.WebKit:Loading:4] 0x119088240 - [webProcessIdentifier=3] NetworkConnectionToWebProcess::scheduleResourceLoad: (parentPID=23277, pageProxyID=4, webPageID=5, frameID=12884901921, resourceID=1340, existingLoaderToResume=0)
  47.394 [com.apple.WebKit:Loading:4] 0x119088240 - [webProcessIdentifier=3] NetworkConnectionToWebProcess::resolveBlobReferences: (parentPID=23277, pageProxyID=4, webPageID=5, frameID=12884901921, resourceID=1340)
  47.560 [com.apple.WebKit:Loading:4] 0x119088240 - [webProcessIdentifier=3] NetworkConnectionToWebProcess::scheduleResourceLoad: (parentPID=23277, pageProxyID=4, webPageID=5, frameID=12884901913, resourceID=1351, existingLoaderToResume=0)
  47.560 [com.apple.WebKit:Loading:4] 0x119088240 - [webProcessIdentifier=3] NetworkConnectionToWebProcess::resolveBlobReferences: (parentPID=23277, pageProxyID=4, webPageID=5, frameID=12884901913, resourceID=1351)
  47.577 [com.apple.WebKit:Loading:4] 0x119088240 - [webProcessIdentifier=3] NetworkConnectionToWebProcess::scheduleResourceLoad: (parentPID=23277, pageProxyID=4, webPageID=5, frameID=12884901913, resourceID=1357, existingLoaderToResume=0)
  47.577 [com.apple.WebKit:Loading:4] 0x119088240 - [webProcessIdentifier=3] NetworkConnectionToWebProcess::resolveBlobReferences: (parentPID=23277, pageProxyID=4, webPageID=5, frameID=12884901913, resourceID=1357)
  47.588 [com.apple.WebKit:Loading:4] [pageID=5, frameID=12884901926] PolicyChecker::checkNavigationPolicy: continuing because this policyAction from dispatchDecidePolicyForNavigationAction is Use
  47.589 [com.apple.WebKit:Loading:4] 0x119088240 - [webProcessIdentifier=3] NetworkConnectionToWebProcess::scheduleResourceLoad: (parentPID=23277, pageProxyID=4, webPageID=5, frameID=12884901926, resourceID=1362, existingLoaderToResume=0)
  47.589 [com.apple.WebKit:Loading:4] 0x119088240 - [webProcessIdentifier=3] NetworkConnectionToWebProcess::resolveBlobReferences: (parentPID=23277, pageProxyID=4, webPageID=5, frameID=12884901926, resourceID=1362)
  47.660 TIGER script: scroll 0,-600
  47.723 [com.apple.WebKit:Loading:4] 0x119088240 - [webProcessIdentifier=3] NetworkConnectionToWebProcess::scheduleResourceLoad: (parentPID=23277, pageProxyID=4, webPageID=5, frameID=4294967297, resourceID=1363, existingLoaderToResume=0)
  47.723 [com.apple.WebKit:Loading:4] 0x119088240 - [webProcessIdentifier=3] NetworkConnectionToWebProcess::resolveBlobReferences: (parentPID=23277, pageProxyID=4, webPageID=5, frameID=4294967297, resourceID=1363)
  47.779 [com.apple.WebKit:Loading:4] 0x119088240 - [webProcessIdentifier=3] NetworkConnectionToWebProcess::scheduleResourceLoad: (parentPID=23277, pageProxyID=4, webPageID=5, frameID=4294967297, resourceID=1364, existingLoaderToResume=0)
  47.779 [com.apple.WebKit:Loading:4] 0x119088240 - [webProcessIdentifier=3] NetworkConnectionToWebProcess::resolveBlobReferences: (parentPID=23277, pageProxyID=4, webPageID=5, frameID=4294967297, resourceID=1364)
  47.813 [com.apple.WebKit:Loading:4] 0x119088240 - [webProcessIdentifier=3] NetworkConnectionToWebProcess::scheduleResourceLoad: (parentPID=23277, pageProxyID=4, webPageID=5, frameID=4294967297, resourceID=1365, existingLoaderToResume=0)
  47.813 [com.apple.WebKit:Loading:4] 0x119088240 - [webProcessIdentifier=3] NetworkConnectionToWebProcess::resolveBlobReferences: (parentPID=23277, pageProxyID=4, webPageID=5, frameID=4294967297, resourceID=1365)
  47.813 [com.apple.WebKit:Loading:4] 0x119088240 - [webProcessIdentifier=3] NetworkConnectionToWebProcess::scheduleResourceLoad: (parentPID=23277, pageProxyID=4, webPageID=5, frameID=4294967297, resourceID=1366, existingLoaderToResume=0)
  47.813 [com.apple.WebKit:Loading:4] 0x119088240 - [webProcessIdentifier=3] NetworkConnectionToWebProcess::resolveBlobReferences: (parentPID=23277, pageProxyID=4, webPageID=5, frameID=4294967297, resourceID=1366)
  47.813 [com.apple.WebKit:Loading:4] 0x119088240 - [webProcessIdentifier=3] NetworkConnectionToWebProcess::scheduleResourceLoad: (parentPID=23277, pageProxyID=4, webPageID=5, frameID=4294967297, resourceID=1367, existingLoaderToResume=0)
  47.813 [com.apple.WebKit:Loading:4] 0x119088240 - [webProcessIdentifier=3] NetworkConnectionToWebProcess::resolveBlobReferences: (parentPID=23277, pageProxyID=4, webPageID=5, frameID=4294967297, resourceID=1367)
  47.960 TIGER script: wait 3
  48.104 [com.apple.WebKit:Loading:4] 0x119088240 - [webProcessIdentifier=3] NetworkConnectionToWebProcess::scheduleResourceLoad: (parentPID=23277, pageProxyID=4, webPageID=5, frameID=12884901926, resourceID=1410, existingLoaderToResume=0)
  48.104 [com.apple.WebKit:Loading:4] 0x119088240 - [webProcessIdentifier=3] NetworkConnectionToWebProcess::resolveBlobReferences: (parentPID=23277, pageProxyID=4, webPageID=5, frameID=12884901926, resourceID=1410)
  48.291 [com.apple.WebKit:Loading:4] 0x119088240 - [webProcessIdentifier=3] NetworkConnectionToWebProcess::scheduleResourceLoad: (parentPID=23277, pageProxyID=4, webPageID=5, frameID=12884901913, resourceID=1412, existingLoaderToResume=0)
  48.291 [com.apple.WebKit:Loading:4] 0x119088240 - [webProcessIdentifier=3] NetworkConnectionToWebProcess::resolveBlobReferences: (parentPID=23277, pageProxyID=4, webPageID=5, frameID=12884901913, resourceID=1412)
  48.610 [com.apple.WebKit:Loading:4] 0x119088240 - [webProcessIdentifier=3] NetworkConnectionToWebProcess::scheduleResourceLoad: (parentPID=23277, pageProxyID=4, webPageID=5, frameID=12884901913, resourceID=1415, existingLoaderToResume=0)
  48.610 [com.apple.WebKit:Loading:4] 0x119088240 - [webProcessIdentifier=3] NetworkConnectionToWebProcess::resolveBlobReferences: (parentPID=23277, pageProxyID=4, webPageID=5, frameID=12884901913, resourceID=1415)
  49.385 [com.apple.WebKit:Loading:4] 0x119088240 - [webProcessIdentifier=3] NetworkConnectionToWebProcess::scheduleResourceLoad: (parentPID=23277, pageProxyID=4, webPageID=5, frameID=4294967297, resourceID=1433, existingLoaderToResume=0)
  49.385 [com.apple.WebKit:Loading:4] 0x119088240 - [webProcessIdentifier=3] NetworkConnectionToWebProcess::resolveBlobReferences: (parentPID=23277, pageProxyID=4, webPageID=5, frameID=4294967297, resourceID=1433)
  49.498 [com.apple.WebKit:Loading:4] 0x119088240 - [webProcessIdentifier=3] NetworkConnectionToWebProcess::scheduleResourceLoad: (parentPID=23277, pageProxyID=4, webPageID=5, frameID=12884901924, resourceID=1439, existingLoaderToResume=0)
  49.498 [com.apple.WebKit:Loading:4] 0x119088240 - [webProcessIdentifier=3] NetworkConnectionToWebProcess::resolveBlobReferences: (parentPID=23277, pageProxyID=4, webPageID=5, frameID=12884901924, resourceID=1439)
  50.104 [com.apple.WebKit:Loading:4] 0x119088240 - [webProcessIdentifier=3] NetworkConnectionToWebProcess::scheduleResourceLoad: (parentPID=23277, pageProxyID=4, webPageID=5, frameID=12884901918, resourceID=1463, existingLoaderToResume=0)
  50.104 [com.apple.WebKit:Loading:4] 0x119088240 - [webProcessIdentifier=3] NetworkConnectionToWebProcess::resolveBlobReferences: (parentPID=23277, pageProxyID=4, webPageID=5, frameID=12884901918, resourceID=1463)
  50.330 [com.apple.WebKit:Loading:4] 0x119088240 - [webProcessIdentifier=3] NetworkConnectionToWebProcess::scheduleResourceLoad: (parentPID=23277, pageProxyID=4, webPageID=5, frameID=12884901918, resourceID=1464, existingLoaderToResume=0)
  50.330 [com.apple.WebKit:Loading:4] 0x119088240 - [webProcessIdentifier=3] NetworkConnectionToWebProcess::resolveBlobReferences: (parentPID=23277, pageProxyID=4, webPageID=5, frameID=12884901918, resourceID=1464)
  50.344 [com.apple.WebKit:Loading:4] 0x119088240 - [webProcessIdentifier=3] NetworkConnectionToWebProcess::scheduleResourceLoad: (parentPID=23277, pageProxyID=4, webPageID=5, frameID=12884901918, resourceID=1466, existingLoaderToResume=0)
  50.344 [com.apple.WebKit:Loading:4] 0x119088240 - [webProcessIdentifier=3] NetworkConnectionToWebProcess::resolveBlobReferences: (parentPID=23277, pageProxyID=4, webPageID=5, frameID=12884901918, resourceID=1466)
  50.356 [com.apple.WebKit:Loading:4] 0x119088240 - [webProcessIdentifier=3] NetworkConnectionToWebProcess::scheduleResourceLoad: (parentPID=23277, pageProxyID=4, webPageID=5, frameID=12884901918, resourceID=1472, existingLoaderToResume=0)
  50.356 [com.apple.WebKit:Loading:4] 0x119088240 - [webProcessIdentifier=3] NetworkConnectionToWebProcess::resolveBlobReferences: (parentPID=23277, pageProxyID=4, webPageID=5, frameID=12884901918, resourceID=1472)
  50.368 [com.apple.WebKit:Loading:4] [pageID=5, frameID=12884901927] PolicyChecker::checkNavigationPolicy: continuing because this policyAction from dispatchDecidePolicyForNavigationAction is Use
  50.373 [com.apple.WebKit:Loading:4] 0x119088240 - [webProcessIdentifier=3] NetworkConnectionToWebProcess::scheduleResourceLoad: (parentPID=23277, pageProxyID=4, webPageID=5, frameID=12884901927, resourceID=1477, existingLoaderToResume=0)
  50.373 [com.apple.WebKit:Loading:4] 0x119088240 - [webProcessIdentifier=3] NetworkConnectionToWebProcess::resolveBlobReferences: (parentPID=23277, pageProxyID=4, webPageID=5, frameID=12884901927, resourceID=1477)
  50.654 [com.apple.WebKit:Loading:4] 0x119088240 - [webProcessIdentifier=3] NetworkConnectionToWebProcess::scheduleResourceLoad: (parentPID=23277, pageProxyID=4, webPageID=5, frameID=4294967297, resourceID=1487, existingLoaderToResume=0)
  50.654 [com.apple.WebKit:Loading:4] 0x119088240 - [webProcessIdentifier=3] NetworkConnectionToWebProcess::resolveBlobReferences: (parentPID=23277, pageProxyID=4, webPageID=5, frameID=4294967297, resourceID=1487)
  50.840 [com.apple.WebKit:Loading:4] 0x119088240 - [webProcessIdentifier=3] NetworkConnectionToWebProcess::scheduleResourceLoad: (parentPID=23277, pageProxyID=4, webPageID=5, frameID=4294967297, resourceID=1491, existingLoaderToResume=0)
  50.840 [com.apple.WebKit:Loading:4] 0x119088240 - [webProcessIdentifier=3] NetworkConnectionToWebProcess::resolveBlobReferences: (parentPID=23277, pageProxyID=4, webPageID=5, frameID=4294967297, resourceID=1491)
  50.855 [com.apple.WebKit:Loading:4] 0x119088240 - [webProcessIdentifier=3] NetworkConnectionToWebProcess::scheduleResourceLoad: (parentPID=23277, pageProxyID=4, webPageID=5, frameID=4294967297, resourceID=1492, existingLoaderToResume=0)
  50.855 [com.apple.WebKit:Loading:4] 0x119088240 - [webProcessIdentifier=3] NetworkConnectionToWebProcess::resolveBlobReferences: (parentPID=23277, pageProxyID=4, webPageID=5, frameID=4294967297, resourceID=1492)
  50.881 [com.apple.WebKit:Loading:4] 0x119088240 - [webProcessIdentifier=3] NetworkConnectionToWebProcess::scheduleResourceLoad: (parentPID=23277, pageProxyID=4, webPageID=5, frameID=4294967297, resourceID=1493, existingLoaderToResume=0)
  50.881 [com.apple.WebKit:Loading:4] 0x119088240 - [webProcessIdentifier=3] NetworkConnectionToWebProcess::resolveBlobReferences: (parentPID=23277, pageProxyID=4, webPageID=5, frameID=4294967297, resourceID=1493)
  50.960 TIGER script: scroll 0,-600
  51.029 [com.apple.WebKit:Loading:4] 0x119088240 - [webProcessIdentifier=3] NetworkConnectionToWebProcess::scheduleResourceLoad: (parentPID=23277, pageProxyID=4, webPageID=5, frameID=12884901926, resourceID=1527, existingLoaderToResume=0)
  51.029 [com.apple.WebKit:Loading:4] 0x119088240 - [webProcessIdentifier=3] NetworkConnectionToWebProcess::resolveBlobReferences: (parentPID=23277, pageProxyID=4, webPageID=5, frameID=12884901926, resourceID=1527)
  51.195 [com.apple.WebKit:Loading:4] 0x119088240 - [webProcessIdentifier=3] NetworkConnectionToWebProcess::scheduleResourceLoad: (parentPID=23277, pageProxyID=4, webPageID=5, frameID=12884901911, resourceID=1529, existingLoaderToResume=0)
  51.195 [com.apple.WebKit:Loading:4] 0x119088240 - [webProcessIdentifier=3] NetworkConnectionToWebProcess::resolveBlobReferences: (parentPID=23277, pageProxyID=4, webPageID=5, frameID=12884901911, resourceID=1529)
  51.260 TIGER script: wait 3
  51.276 [com.apple.WebKit:Loading:4] [pageID=5, frameID=12884901928] PolicyChecker::checkNavigationPolicy: continuing because this is an initial empty document
  51.303 [com.apple.WebKit:Loading:4] 0x119088240 - [webProcessIdentifier=3] NetworkConnectionToWebProcess::scheduleResourceLoad: (parentPID=23277, pageProxyID=4, webPageID=5, frameID=12884901928, resourceID=1550, existingLoaderToResume=0)
  51.303 [com.apple.WebKit:Loading:4] 0x119088240 - [webProcessIdentifier=3] NetworkConnectionToWebProcess::resolveBlobReferences: (parentPID=23277, pageProxyID=4, webPageID=5, frameID=12884901928, resourceID=1550)
  51.311 [com.apple.WebKit:Loading:4] 0x119088240 - [webProcessIdentifier=3] NetworkConnectionToWebProcess::scheduleResourceLoad: (parentPID=23277, pageProxyID=4, webPageID=5, frameID=12884901928, resourceID=1554, existingLoaderToResume=0)
  51.311 [com.apple.WebKit:Loading:4] 0x119088240 - [webProcessIdentifier=3] NetworkConnectionToWebProcess::resolveBlobReferences: (parentPID=23277, pageProxyID=4, webPageID=5, frameID=12884901928, resourceID=1554)
  51.314 [com.apple.WebKit:Loading:4] 0x119088240 - [webProcessIdentifier=3] NetworkConnectionToWebProcess::scheduleResourceLoad: (parentPID=23277, pageProxyID=4, webPageID=5, frameID=12884901928, resourceID=1556, existingLoaderToResume=0)
  51.314 [com.apple.WebKit:Loading:4] 0x119088240 - [webProcessIdentifier=3] NetworkConnectionToWebProcess::resolveBlobReferences: (parentPID=23277, pageProxyID=4, webPageID=5, frameID=12884901928, resourceID=1556)
  51.314 [com.apple.WebKit:Loading:4] 0x119088240 - [webProcessIdentifier=3] NetworkConnectionToWebProcess::scheduleResourceLoad: (parentPID=23277, pageProxyID=4, webPageID=5, frameID=12884901928, resourceID=1558, existingLoaderToResume=0)
  51.314 [com.apple.WebKit:Loading:4] 0x119088240 - [webProcessIdentifier=3] NetworkConnectionToWebProcess::resolveBlobReferences: (parentPID=23277, pageProxyID=4, webPageID=5, frameID=12884901928, resourceID=1558)
  51.354 [com.apple.WebKit:Loading:4] [pageID=5, frameID=12884901929] PolicyChecker::checkNavigationPolicy: continuing because this is an initial empty document
  51.418 [com.apple.WebKit:Loading:4] 0x119088240 - [webProcessIdentifier=3] NetworkConnectionToWebProcess::scheduleResourceLoad: (parentPID=23277, pageProxyID=4, webPageID=5, frameID=12884901928, resourceID=1578, existingLoaderToResume=0)
  51.418 [com.apple.WebKit:Loading:4] 0x119088240 - [webProcessIdentifier=3] NetworkConnectionToWebProcess::resolveBlobReferences: (parentPID=23277, pageProxyID=4, webPageID=5, frameID=12884901928, resourceID=1578)
  51.598 [com.apple.WebKit:Loading:4] 0x119088240 - [webProcessIdentifier=3] NetworkConnectionToWebProcess::scheduleResourceLoad: (parentPID=23277, pageProxyID=4, webPageID=5, frameID=4294967297, resourceID=1579, existingLoaderToResume=0)
  51.598 [com.apple.WebKit:Loading:4] 0x119088240 - [webProcessIdentifier=3] NetworkConnectionToWebProcess::resolveBlobReferences: (parentPID=23277, pageProxyID=4, webPageID=5, frameID=4294967297, resourceID=1579)
  51.606 [com.apple.WebKit:Loading:4] 0x119088240 - [webProcessIdentifier=3] NetworkConnectionToWebProcess::scheduleResourceLoad: (parentPID=23277, pageProxyID=4, webPageID=5, frameID=12884901903, resourceID=1581, existingLoaderToResume=0)
  51.606 [com.apple.WebKit:Loading:4] 0x119088240 - [webProcessIdentifier=3] NetworkConnectionToWebProcess::resolveBlobReferences: (parentPID=23277, pageProxyID=4, webPageID=5, frameID=12884901903, resourceID=1581)
  51.790 [com.apple.WebKit:Loading:4] 0x119088240 - [webProcessIdentifier=3] NetworkConnectionToWebProcess::scheduleResourceLoad: (parentPID=23277, pageProxyID=4, webPageID=5, frameID=12884901927, resourceID=1635, existingLoaderToResume=0)
  51.790 [com.apple.WebKit:Loading:4] 0x119088240 - [webProcessIdentifier=3] NetworkConnectionToWebProcess::resolveBlobReferences: (parentPID=23277, pageProxyID=4, webPageID=5, frameID=12884901927, resourceID=1635)
  51.813 [com.apple.WebKit:Loading:4] 0x119088240 - [webProcessIdentifier=3] NetworkConnectionToWebProcess::scheduleResourceLoad: (parentPID=23277, pageProxyID=4, webPageID=5, frameID=4294967297, resourceID=1636, existingLoaderToResume=0)
  51.814 [com.apple.WebKit:Loading:4] 0x119088240 - [webProcessIdentifier=3] NetworkConnectionToWebProcess::resolveBlobReferences: (parentPID=23277, pageProxyID=4, webPageID=5, frameID=4294967297, resourceID=1636)
  51.814 [com.apple.WebKit:Loading:4] 0x119088240 - [webProcessIdentifier=3] NetworkConnectionToWebProcess::scheduleResourceLoad: (parentPID=23277, pageProxyID=4, webPageID=5, frameID=4294967297, resourceID=1637, existingLoaderToResume=0)
  51.814 [com.apple.WebKit:Loading:4] 0x119088240 - [webProcessIdentifier=3] NetworkConnectionToWebProcess::resolveBlobReferences: (parentPID=23277, pageProxyID=4, webPageID=5, frameID=4294967297, resourceID=1637)
  52.025 [com.apple.WebKit:Loading:4] [pageID=5, frameID=12884901930] PolicyChecker::checkNavigationPolicy: continuing because this is an initial empty document
  52.039 [com.apple.WebKit:Loading:4] [pageID=5, frameID=12884901931] PolicyChecker::checkNavigationPolicy: continuing because this is an initial empty document
  52.093 [com.apple.WebKit:Loading:4] 0x119088240 - [webProcessIdentifier=3] NetworkConnectionToWebProcess::scheduleResourceLoad: (parentPID=23277, pageProxyID=4, webPageID=5, frameID=4294967297, resourceID=1682, existingLoaderToResume=0)
  52.093 [com.apple.WebKit:Loading:4] 0x119088240 - [webProcessIdentifier=3] NetworkConnectionToWebProcess::resolveBlobReferences: (parentPID=23277, pageProxyID=4, webPageID=5, frameID=4294967297, resourceID=1682)
  52.095 [com.apple.WebKit:Loading:4] 0x119088240 - [webProcessIdentifier=3] NetworkConnectionToWebProcess::scheduleResourceLoad: (parentPID=23277, pageProxyID=4, webPageID=5, frameID=4294967297, resourceID=1683, existingLoaderToResume=0)
  52.095 [com.apple.WebKit:Loading:4] 0x119088240 - [webProcessIdentifier=3] NetworkConnectionToWebProcess::resolveBlobReferences: (parentPID=23277, pageProxyID=4, webPageID=5, frameID=4294967297, resourceID=1683)
  52.154 [com.apple.WebKit:Loading:4] 0x119088240 - [webProcessIdentifier=3] NetworkConnectionToWebProcess::scheduleResourceLoad: (parentPID=23277, pageProxyID=4, webPageID=5, frameID=12884901928, resourceID=1686, existingLoaderToResume=0)
  52.154 [com.apple.WebKit:Loading:4] 0x119088240 - [webProcessIdentifier=3] NetworkConnectionToWebProcess::resolveBlobReferences: (parentPID=23277, pageProxyID=4, webPageID=5, frameID=12884901928, resourceID=1686)
  52.997 [com.apple.WebKit:Loading:4] 0x119088240 - [webProcessIdentifier=3] NetworkConnectionToWebProcess::scheduleResourceLoad: (parentPID=23277, pageProxyID=4, webPageID=5, frameID=12884901928, resourceID=1724, existingLoaderToResume=0)
  52.997 [com.apple.WebKit:Loading:4] 0x119088240 - [webProcessIdentifier=3] NetworkConnectionToWebProcess::resolveBlobReferences: (parentPID=23277, pageProxyID=4, webPageID=5, frameID=12884901928, resourceID=1724)
  53.005 [com.apple.WebKit:Loading:4] [pageID=5, frameID=12884901932] PolicyChecker::checkNavigationPolicy: continuing because this is an initial empty document
  53.023 [com.apple.WebKit:Loading:4] 0x119088240 - [webProcessIdentifier=3] NetworkConnectionToWebProcess::scheduleResourceLoad: (parentPID=23277, pageProxyID=4, webPageID=5, frameID=12884901928, resourceID=1738, existingLoaderToResume=0)
  53.023 [com.apple.WebKit:Loading:4] 0x119088240 - [webProcessIdentifier=3] NetworkConnectionToWebProcess::resolveBlobReferences: (parentPID=23277, pageProxyID=4, webPageID=5, frameID=12884901928, resourceID=1738)
  53.200 [com.apple.WebKit:Loading:4] 0x119088240 - [webProcessIdentifier=3] NetworkConnectionToWebProcess::scheduleResourceLoad: (parentPID=23277, pageProxyID=4, webPageID=5, frameID=12884901928, resourceID=1743, existingLoaderToResume=0)
  53.200 [com.apple.WebKit:Loading:4] 0x119088240 - [webProcessIdentifier=3] NetworkConnectionToWebProcess::resolveBlobReferences: (parentPID=23277, pageProxyID=4, webPageID=5, frameID=12884901928, resourceID=1743)
  53.427 [com.apple.WebKit:Loading:4] 0x119088240 - [webProcessIdentifier=3] NetworkConnectionToWebProcess::scheduleResourceLoad: (parentPID=23277, pageProxyID=4, webPageID=5, frameID=12884901928, resourceID=1746, existingLoaderToResume=0)
  53.427 [com.apple.WebKit:Loading:4] 0x119088240 - [webProcessIdentifier=3] NetworkConnectionToWebProcess::resolveBlobReferences: (parentPID=23277, pageProxyID=4, webPageID=5, frameID=12884901928, resourceID=1746)
  53.600 [com.apple.WebKit:Loading:4] 0x119088240 - [webProcessIdentifier=3] NetworkConnectionToWebProcess::scheduleResourceLoad: (parentPID=23277, pageProxyID=4, webPageID=5, frameID=12884901928, resourceID=1752, existingLoaderToResume=0)
  53.600 [com.apple.WebKit:Loading:4] 0x119088240 - [webProcessIdentifier=3] NetworkConnectionToWebProcess::resolveBlobReferences: (parentPID=23277, pageProxyID=4, webPageID=5, frameID=12884901928, resourceID=1752)
  53.630 [com.apple.WebKit:Loading:4] 0x119088240 - [webProcessIdentifier=3] NetworkConnectionToWebProcess::scheduleResourceLoad: (parentPID=23277, pageProxyID=4, webPageID=5, frameID=12884901928, resourceID=1754, existingLoaderToResume=0)
  53.630 [com.apple.WebKit:Loading:4] 0x119088240 - [webProcessIdentifier=3] NetworkConnectionToWebProcess::resolveBlobReferences: (parentPID=23277, pageProxyID=4, webPageID=5, frameID=12884901928, resourceID=1754)
  53.709 [com.apple.WebKit:Loading:4] 0x119088240 - [webProcessIdentifier=3] NetworkConnectionToWebProcess::scheduleResourceLoad: (parentPID=23277, pageProxyID=4, webPageID=5, frameID=4294967297, resourceID=1765, existingLoaderToResume=0)
  53.710 [com.apple.WebKit:Loading:4] 0x119088240 - [webProcessIdentifier=3] NetworkConnectionToWebProcess::resolveBlobReferences: (parentPID=23277, pageProxyID=4, webPageID=5, frameID=4294967297, resourceID=1765)
  53.903 [com.apple.WebKit:Process error] 0x803e600 - [pageProxyID=4, webPageID=5, PID=23280] WebPageProxy::Ignoring request to load this main resource because it has a custom protocol and comes from a sandboxed iframe
  53.918 [com.apple.WebKit:Loading:4] 0x17d80fe70 - [pageID=5, frameID=12884901934] PolicyChecker::checkNavigationPolicy: ignoring because policyAction from dispatchDecidePolicyForNavigationAction is Ignore
  54.077 [com.apple.WebKit:Loading:4] 0x119088240 - [webProcessIdentifier=3] NetworkConnectionToWebProcess::scheduleResourceLoad: (parentPID=23277, pageProxyID=4, webPageID=5, frameID=12884901902, resourceID=1811, existingLoaderToResume=0)
  54.077 [com.apple.WebKit:Loading:4] 0x119088240 - [webProcessIdentifier=3] NetworkConnectionToWebProcess::resolveBlobReferences: (parentPID=23277, pageProxyID=4, webPageID=5, frameID=12884901902, resourceID=1811)
  54.087 [com.apple.WebKit:Loading:4] 0x119088240 - [webProcessIdentifier=3] NetworkConnectionToWebProcess::scheduleResourceLoad: (parentPID=23277, pageProxyID=4, webPageID=5, frameID=12884901916, resourceID=1813, existingLoaderToResume=0)
  54.087 [com.apple.WebKit:Loading:4] 0x119088240 - [webProcessIdentifier=3] NetworkConnectionToWebProcess::resolveBlobReferences: (parentPID=23277, pageProxyID=4, webPageID=5, frameID=12884901916, resourceID=1813)
  54.260 TIGER script: scroll 0,-600
  54.346 [com.apple.WebKit:Loading:4] 0x119088240 - [webProcessIdentifier=3] NetworkConnectionToWebProcess::scheduleResourceLoad: (parentPID=23277, pageProxyID=4, webPageID=5, frameID=12884901931, resourceID=1820, existingLoaderToResume=0)
  54.346 [com.apple.WebKit:Loading:4] 0x119088240 - [webProcessIdentifier=3] NetworkConnectionToWebProcess::resolveBlobReferences: (parentPID=23277, pageProxyID=4, webPageID=5, frameID=12884901931, resourceID=1820)
  54.561 TIGER script: wait 3
  55.230 [com.apple.WebKit:Loading:4] 0x119088240 - [webProcessIdentifier=3] NetworkConnectionToWebProcess::scheduleResourceLoad: (parentPID=23277, pageProxyID=4, webPageID=5, frameID=4294967297, resourceID=1875, existingLoaderToResume=0)
  55.230 [com.apple.WebKit:Loading:4] 0x119088240 - [webProcessIdentifier=3] NetworkConnectionToWebProcess::resolveBlobReferences: (parentPID=23277, pageProxyID=4, webPageID=5, frameID=4294967297, resourceID=1875)
  55.243 [com.apple.WebKit:Loading:4] 0x119088240 - [webProcessIdentifier=3] NetworkConnectionToWebProcess::scheduleResourceLoad: (parentPID=23277, pageProxyID=4, webPageID=5, frameID=12884901921, resourceID=1877, existingLoaderToResume=0)
  55.243 [com.apple.WebKit:Loading:4] 0x119088240 - [webProcessIdentifier=3] NetworkConnectionToWebProcess::resolveBlobReferences: (parentPID=23277, pageProxyID=4, webPageID=5, frameID=12884901921, resourceID=1877)
  55.572 [com.apple.WebKit:Loading:4] 0x119088240 - [webProcessIdentifier=3] NetworkConnectionToWebProcess::scheduleResourceLoad: (parentPID=23277, pageProxyID=4, webPageID=5, frameID=4294967297, resourceID=1955, existingLoaderToResume=0)
  55.573 [com.apple.WebKit:Loading:4] 0x119088240 - [webProcessIdentifier=3] NetworkConnectionToWebProcess::resolveBlobReferences: (parentPID=23277, pageProxyID=4, webPageID=5, frameID=4294967297, resourceID=1955)
  55.771 [com.apple.WebKit:Loading:4] 0x119088240 - [webProcessIdentifier=3] NetworkConnectionToWebProcess::scheduleResourceLoad: (parentPID=23277, pageProxyID=4, webPageID=5, frameID=4294967297, resourceID=1972, existingLoaderToResume=0)
  55.771 [com.apple.WebKit:Loading:4] 0x119088240 - [webProcessIdentifier=3] NetworkConnectionToWebProcess::resolveBlobReferences: (parentPID=23277, pageProxyID=4, webPageID=5, frameID=4294967297, resourceID=1972)
  55.776 [com.apple.WebKit:Loading:4] 0x119088240 - [webProcessIdentifier=3] NetworkConnectionToWebProcess::scheduleResourceLoad: (parentPID=23277, pageProxyID=4, webPageID=5, frameID=4294967297, resourceID=1973, existingLoaderToResume=0)
  55.776 [com.apple.WebKit:Loading:4] 0x119088240 - [webProcessIdentifier=3] NetworkConnectionToWebProcess::resolveBlobReferences: (parentPID=23277, pageProxyID=4, webPageID=5, frameID=4294967297, resourceID=1973)
  55.824 [com.apple.WebKit:Loading:4] 0x119088240 - [webProcessIdentifier=3] NetworkConnectionToWebProcess::scheduleResourceLoad: (parentPID=23277, pageProxyID=4, webPageID=5, frameID=4294967297, resourceID=1976, existingLoaderToResume=0)
  55.824 [com.apple.WebKit:Loading:4] 0x119088240 - [webProcessIdentifier=3] NetworkConnectionToWebProcess::resolveBlobReferences: (parentPID=23277, pageProxyID=4, webPageID=5, frameID=4294967297, resourceID=1976)
  55.830 [com.apple.WebKit:Loading:4] 0x119088240 - [webProcessIdentifier=3] NetworkConnectionToWebProcess::scheduleResourceLoad: (parentPID=23277, pageProxyID=4, webPageID=5, frameID=4294967297, resourceID=1977, existingLoaderToResume=0)
  55.830 [com.apple.WebKit:Loading:4] 0x119088240 - [webProcessIdentifier=3] NetworkConnectionToWebProcess::resolveBlobReferences: (parentPID=23277, pageProxyID=4, webPageID=5, frameID=4294967297, resourceID=1977)
  55.831 [com.apple.WebKit:Loading:4] 0x119088240 - [webProcessIdentifier=3] NetworkConnectionToWebProcess::scheduleResourceLoad: (parentPID=23277, pageProxyID=4, webPageID=5, frameID=4294967297, resourceID=1978, existingLoaderToResume=0)
  55.831 [com.apple.WebKit:Loading:4] 0x119088240 - [webProcessIdentifier=3] NetworkConnectionToWebProcess::resolveBlobReferences: (parentPID=23277, pageProxyID=4, webPageID=5, frameID=4294967297, resourceID=1978)
  55.904 [com.apple.WebKit:Loading:4] 0x119088240 - [webProcessIdentifier=3] NetworkConnectionToWebProcess::scheduleResourceLoad: (parentPID=23277, pageProxyID=4, webPageID=5, frameID=12884901924, resourceID=1987, existingLoaderToResume=0)
  55.904 [com.apple.WebKit:Loading:4] 0x119088240 - [webProcessIdentifier=3] NetworkConnectionToWebProcess::resolveBlobReferences: (parentPID=23277, pageProxyID=4, webPageID=5, frameID=12884901924, resourceID=1987)
  56.074 [com.apple.WebKit:Loading:4] 0x119088240 - [webProcessIdentifier=3] NetworkConnectionToWebProcess::scheduleResourceLoad: (parentPID=23277, pageProxyID=4, webPageID=5, frameID=4294967297, resourceID=2004, existingLoaderToResume=0)
  56.074 [com.apple.WebKit:Loading:4] 0x119088240 - [webProcessIdentifier=3] NetworkConnectionToWebProcess::resolveBlobReferences: (parentPID=23277, pageProxyID=4, webPageID=5, frameID=4294967297, resourceID=2004)
  56.412 [com.apple.WebKit:Loading:4] 0x119088240 - [webProcessIdentifier=3] NetworkConnectionToWebProcess::scheduleResourceLoad: (parentPID=23277, pageProxyID=4, webPageID=5, frameID=4294967297, resourceID=2036, existingLoaderToResume=0)
  56.412 [com.apple.WebKit:Loading:4] 0x119088240 - [webProcessIdentifier=3] NetworkConnectionToWebProcess::resolveBlobReferences: (parentPID=23277, pageProxyID=4, webPageID=5, frameID=4294967297, resourceID=2036)
  56.898 [com.apple.WebKit:Loading:4] [pageID=5, frameID=12884901935] PolicyChecker::checkNavigationPolicy: continuing because this is an initial empty document
  56.926 [com.apple.WebKit:Loading:4] 0x119088240 - [webProcessIdentifier=3] NetworkConnectionToWebProcess::scheduleResourceLoad: (parentPID=23277, pageProxyID=4, webPageID=5, frameID=12884901935, resourceID=2101, existingLoaderToResume=0)
  56.927 [com.apple.WebKit:Loading:4] 0x119088240 - [webProcessIdentifier=3] NetworkConnectionToWebProcess::resolveBlobReferences: (parentPID=23277, pageProxyID=4, webPageID=5, frameID=12884901935, resourceID=2101)
  56.934 [com.apple.WebKit:Loading:4] 0x119088240 - [webProcessIdentifier=3] NetworkConnectionToWebProcess::scheduleResourceLoad: (parentPID=23277, pageProxyID=4, webPageID=5, frameID=12884901935, resourceID=2105, existingLoaderToResume=0)
  56.934 [com.apple.WebKit:Loading:4] 0x119088240 - [webProcessIdentifier=3] NetworkConnectionToWebProcess::resolveBlobReferences: (parentPID=23277, pageProxyID=4, webPageID=5, frameID=12884901935, resourceID=2105)
  56.937 [com.apple.WebKit:Loading:4] 0x119088240 - [webProcessIdentifier=3] NetworkConnectionToWebProcess::scheduleResourceLoad: (parentPID=23277, pageProxyID=4, webPageID=5, frameID=12884901935, resourceID=2109, existingLoaderToResume=0)
  56.937 [com.apple.WebKit:Loading:4] 0x119088240 - [webProcessIdentifier=3] NetworkConnectionToWebProcess::resolveBlobReferences: (parentPID=23277, pageProxyID=4, webPageID=5, frameID=12884901935, resourceID=2109)
  57.021 [com.apple.WebKit:Loading:4] [pageID=5, frameID=12884901936] PolicyChecker::checkNavigationPolicy: continuing because this is an initial empty document
  57.047 [com.apple.WebKit:Loading:4] 0x119088240 - [webProcessIdentifier=3] NetworkConnectionToWebProcess::scheduleResourceLoad: (parentPID=23277, pageProxyID=4, webPageID=5, frameID=12884901935, resourceID=2129, existingLoaderToResume=0)
  57.047 [com.apple.WebKit:Loading:4] 0x119088240 - [webProcessIdentifier=3] NetworkConnectionToWebProcess::resolveBlobReferences: (parentPID=23277, pageProxyID=4, webPageID=5, frameID=12884901935, resourceID=2129)
  57.404 [com.apple.WebKit:Loading:4] [pageID=5, frameID=12884901937] PolicyChecker::checkNavigationPolicy: continuing because this is an initial empty document
  57.484 [com.apple.WebKit:Loading:4] [pageID=5, frameID=12884901938] PolicyChecker::checkNavigationPolicy: continuing because this is an initial empty document
  57.499 [com.apple.WebKit:Loading:4] [pageID=5, frameID=12884901939] PolicyChecker::checkNavigationPolicy: continuing because this is an initial empty document
  57.561 TIGER script: scroll 0,-600
  57.699 [com.apple.WebKit:Loading:4] 0x119088240 - [webProcessIdentifier=3] NetworkConnectionToWebProcess::scheduleResourceLoad: (parentPID=23277, pageProxyID=4, webPageID=5, frameID=12884901935, resourceID=2226, existingLoaderToResume=0)
  57.700 [com.apple.WebKit:Loading:4] 0x119088240 - [webProcessIdentifier=3] NetworkConnectionToWebProcess::resolveBlobReferences: (parentPID=23277, pageProxyID=4, webPageID=5, frameID=12884901935, resourceID=2226)
  57.715 [com.apple.WebKit:Loading:4] 0x119088240 - [webProcessIdentifier=3] NetworkConnectionToWebProcess::scheduleResourceLoad: (parentPID=23277, pageProxyID=4, webPageID=5, frameID=4294967297, resourceID=2228, existingLoaderToResume=0)
  57.715 [com.apple.WebKit:Loading:4] 0x119088240 - [webProcessIdentifier=3] NetworkConnectionToWebProcess::resolveBlobReferences: (parentPID=23277, pageProxyID=4, webPageID=5, frameID=4294967297, resourceID=2228)
  57.833 [com.apple.WebKit:Loading:4] 0x119088240 - [webProcessIdentifier=3] NetworkConnectionToWebProcess::scheduleResourceLoad: (parentPID=23277, pageProxyID=4, webPageID=5, frameID=12884901935, resourceID=2244, existingLoaderToResume=0)
  57.833 [com.apple.WebKit:Loading:4] 0x119088240 - [webProcessIdentifier=3] NetworkConnectionToWebProcess::resolveBlobReferences: (parentPID=23277, pageProxyID=4, webPageID=5, frameID=12884901935, resourceID=2244)
  57.861 TIGER script: wait 3
  58.099 [com.apple.WebKit:Loading:4] 0x119088240 - [webProcessIdentifier=3] NetworkConnectionToWebProcess::scheduleResourceLoad: (parentPID=23277, pageProxyID=4, webPageID=5, frameID=12884901935, resourceID=2335, existingLoaderToResume=0)
  58.099 [com.apple.WebKit:Loading:4] 0x119088240 - [webProcessIdentifier=3] NetworkConnectionToWebProcess::resolveBlobReferences: (parentPID=23277, pageProxyID=4, webPageID=5, frameID=12884901935, resourceID=2335)
  58.106 [com.apple.WebKit:Loading:4] [pageID=5, frameID=12884901940] PolicyChecker::checkNavigationPolicy: continuing because this is an initial empty document
  58.120 [com.apple.WebKit:Loading:4] 0x119088240 - [webProcessIdentifier=3] NetworkConnectionToWebProcess::scheduleResourceLoad: (parentPID=23277, pageProxyID=4, webPageID=5, frameID=12884901935, resourceID=2349, existingLoaderToResume=0)
  58.120 [com.apple.WebKit:Loading:4] 0x119088240 - [webProcessIdentifier=3] NetworkConnectionToWebProcess::resolveBlobReferences: (parentPID=23277, pageProxyID=4, webPageID=5, frameID=12884901935, resourceID=2349)
  58.192 [com.apple.WebKit:Loading:4] 0x119088240 - [webProcessIdentifier=3] NetworkConnectionToWebProcess::scheduleResourceLoad: (parentPID=23277, pageProxyID=4, webPageID=5, frameID=12884901935, resourceID=2354, existingLoaderToResume=0)
  58.192 [com.apple.WebKit:Loading:4] 0x119088240 - [webProcessIdentifier=3] NetworkConnectionToWebProcess::resolveBlobReferences: (parentPID=23277, pageProxyID=4, webPageID=5, frameID=12884901935, resourceID=2354)
  58.394 [com.apple.WebKit:Loading:4] 0x119088240 - [webProcessIdentifier=3] NetworkConnectionToWebProcess::scheduleResourceLoad: (parentPID=23277, pageProxyID=4, webPageID=5, frameID=12884901935, resourceID=2357, existingLoaderToResume=0)
  58.394 [com.apple.WebKit:Loading:4] 0x119088240 - [webProcessIdentifier=3] NetworkConnectionToWebProcess::resolveBlobReferences: (parentPID=23277, pageProxyID=4, webPageID=5, frameID=12884901935, resourceID=2357)
  58.558 [com.apple.WebKit:Loading:4] 0x119088240 - [webProcessIdentifier=3] NetworkConnectionToWebProcess::scheduleResourceLoad: (parentPID=23277, pageProxyID=4, webPageID=5, frameID=4294967297, resourceID=2391, existingLoaderToResume=0)
  58.558 [com.apple.WebKit:Loading:4] 0x119088240 - [webProcessIdentifier=3] NetworkConnectionToWebProcess::resolveBlobReferences: (parentPID=23277, pageProxyID=4, webPageID=5, frameID=4294967297, resourceID=2391)
  58.563 [com.apple.WebKit:Loading:4] 0x119088240 - [webProcessIdentifier=3] NetworkConnectionToWebProcess::scheduleResourceLoad: (parentPID=23277, pageProxyID=4, webPageID=5, frameID=4294967297, resourceID=2392, existingLoaderToResume=0)
  58.563 [com.apple.WebKit:Loading:4] 0x119088240 - [webProcessIdentifier=3] NetworkConnectionToWebProcess::resolveBlobReferences: (parentPID=23277, pageProxyID=4, webPageID=5, frameID=4294967297, resourceID=2392)
  58.568 [com.apple.WebKit:Loading:4] 0x119088240 - [webProcessIdentifier=3] NetworkConnectionToWebProcess::scheduleResourceLoad: (parentPID=23277, pageProxyID=4, webPageID=5, frameID=4294967297, resourceID=2393, existingLoaderToResume=0)
  58.568 [com.apple.WebKit:Loading:4] 0x119088240 - [webProcessIdentifier=3] NetworkConnectionToWebProcess::resolveBlobReferences: (parentPID=23277, pageProxyID=4, webPageID=5, frameID=4294967297, resourceID=2393)
  58.572 [com.apple.WebKit:Loading:4] 0x119088240 - [webProcessIdentifier=3] NetworkConnectionToWebProcess::scheduleResourceLoad: (parentPID=23277, pageProxyID=4, webPageID=5, frameID=4294967297, resourceID=2394, existingLoaderToResume=0)
  58.572 [com.apple.WebKit:Loading:4] 0x119088240 - [webProcessIdentifier=3] NetworkConnectionToWebProcess::resolveBlobReferences: (parentPID=23277, pageProxyID=4, webPageID=5, frameID=4294967297, resourceID=2394)
  58.672 [com.apple.WebKit:Loading:4] 0x119088240 - [webProcessIdentifier=3] NetworkConnectionToWebProcess::scheduleResourceLoad: (parentPID=23277, pageProxyID=4, webPageID=5, frameID=4294967297, resourceID=2396, existingLoaderToResume=0)
  58.672 [com.apple.WebKit:Loading:4] 0x119088240 - [webProcessIdentifier=3] NetworkConnectionToWebProcess::resolveBlobReferences: (parentPID=23277, pageProxyID=4, webPageID=5, frameID=4294967297, resourceID=2396)
  58.817 [com.apple.WebKit:Loading:4] 0x119088240 - [webProcessIdentifier=3] NetworkConnectionToWebProcess::scheduleResourceLoad: (parentPID=23277, pageProxyID=4, webPageID=5, frameID=12884901939, resourceID=2415, existingLoaderToResume=0)
  58.817 [com.apple.WebKit:Loading:4] 0x119088240 - [webProcessIdentifier=3] NetworkConnectionToWebProcess::resolveBlobReferences: (parentPID=23277, pageProxyID=4, webPageID=5, frameID=12884901939, resourceID=2415)
  59.514 [com.apple.WebKit:Loading:4] 0x119088240 - [webProcessIdentifier=3] NetworkConnectionToWebProcess::scheduleResourceLoad: (parentPID=23277, pageProxyID=4, webPageID=5, frameID=12884901939, resourceID=2507, existingLoaderToResume=0)
  59.514 [com.apple.WebKit:Loading:4] 0x119088240 - [webProcessIdentifier=3] NetworkConnectionToWebProcess::resolveBlobReferences: (parentPID=23277, pageProxyID=4, webPageID=5, frameID=12884901939, resourceID=2507)
  59.554 [com.apple.WebKit:Loading:4] 0x119088240 - [webProcessIdentifier=3] NetworkConnectionToWebProcess::scheduleResourceLoad: (parentPID=23277, pageProxyID=4, webPageID=5, frameID=12884901931, resourceID=2509, existingLoaderToResume=0)
  59.554 [com.apple.WebKit:Loading:4] 0x119088240 - [webProcessIdentifier=3] NetworkConnectionToWebProcess::resolveBlobReferences: (parentPID=23277, pageProxyID=4, webPageID=5, frameID=12884901931, resourceID=2509)
  59.594 [com.apple.WebKit:Loading:4] 0x119088240 - [webProcessIdentifier=3] NetworkConnectionToWebProcess::scheduleResourceLoad: (parentPID=23277, pageProxyID=4, webPageID=5, frameID=4294967297, resourceID=2526, existingLoaderToResume=0)
  59.594 [com.apple.WebKit:Loading:4] 0x119088240 - [webProcessIdentifier=3] NetworkConnectionToWebProcess::resolveBlobReferences: (parentPID=23277, pageProxyID=4, webPageID=5, frameID=4294967297, resourceID=2526)
  59.846 [com.apple.WebKit:Loading:4] 0x119088240 - [webProcessIdentifier=3] NetworkConnectionToWebProcess::scheduleResourceLoad: (parentPID=23277, pageProxyID=4, webPageID=5, frameID=4294967297, resourceID=2533, existingLoaderToResume=0)
  59.846 [com.apple.WebKit:Loading:4] 0x119088240 - [webProcessIdentifier=3] NetworkConnectionToWebProcess::resolveBlobReferences: (parentPID=23277, pageProxyID=4, webPageID=5, frameID=4294967297, resourceID=2533)
  59.922 [com.apple.WebKit:Loading:4] 0x119088240 - [webProcessIdentifier=3] NetworkConnectionToWebProcess::scheduleResourceLoad: (parentPID=23277, pageProxyID=4, webPageID=5, frameID=12884901907, resourceID=2543, existingLoaderToResume=0)
  59.922 [com.apple.WebKit:Loading:4] 0x119088240 - [webProcessIdentifier=3] NetworkConnectionToWebProcess::resolveBlobReferences: (parentPID=23277, pageProxyID=4, webPageID=5, frameID=12884901907, resourceID=2543)
  60.861 TIGER script: scroll 0,-600
  61.161 TIGER script: wait 3
  64.162 TIGER script: scroll 0,-600
  64.378 [com.apple.WebKit:Loading:4] 0x119088240 - [webProcessIdentifier=3] NetworkConnectionToWebProcess::scheduleResourceLoad: (parentPID=23277, pageProxyID=4, webPageID=5, frameID=4294967297, resourceID=2660, existingLoaderToResume=0)
  64.378 [com.apple.WebKit:Loading:4] 0x119088240 - [webProcessIdentifier=3] NetworkConnectionToWebProcess::resolveBlobReferences: (parentPID=23277, pageProxyID=4, webPageID=5, frameID=4294967297, resourceID=2660)
  64.391 [com.apple.WebKit:Loading:4] 0x119088240 - [webProcessIdentifier=3] NetworkConnectionToWebProcess::scheduleResourceLoad: (parentPID=23277, pageProxyID=4, webPageID=5, frameID=4294967297, resourceID=2661, existingLoaderToResume=0)
  64.392 [com.apple.WebKit:Loading:4] 0x119088240 - [webProcessIdentifier=3] NetworkConnectionToWebProcess::resolveBlobReferences: (parentPID=23277, pageProxyID=4, webPageID=5, frameID=4294967297, resourceID=2661)
  64.408 [com.apple.WebKit:Loading:4] 0x119088240 - [webProcessIdentifier=3] NetworkConnectionToWebProcess::scheduleResourceLoad: (parentPID=23277, pageProxyID=4, webPageID=5, frameID=4294967297, resourceID=2662, existingLoaderToResume=0)
  64.408 [com.apple.WebKit:Loading:4] 0x119088240 - [webProcessIdentifier=3] NetworkConnectionToWebProcess::resolveBlobReferences: (parentPID=23277, pageProxyID=4, webPageID=5, frameID=4294967297, resourceID=2662)
  64.419 [com.apple.WebKit:Loading:4] 0x119088240 - [webProcessIdentifier=3] NetworkConnectionToWebProcess::scheduleResourceLoad: (parentPID=23277, pageProxyID=4, webPageID=5, frameID=4294967297, resourceID=2663, existingLoaderToResume=0)
  64.419 [com.apple.WebKit:Loading:4] 0x119088240 - [webProcessIdentifier=3] NetworkConnectionToWebProcess::resolveBlobReferences: (parentPID=23277, pageProxyID=4, webPageID=5, frameID=4294967297, resourceID=2663)
  64.437 [com.apple.WebKit:Loading:4] 0x119088240 - [webProcessIdentifier=3] NetworkConnectionToWebProcess::scheduleResourceLoad: (parentPID=23277, pageProxyID=4, webPageID=5, frameID=4294967297, resourceID=2664, existingLoaderToResume=0)
  64.437 [com.apple.WebKit:Loading:4] 0x119088240 - [webProcessIdentifier=3] NetworkConnectionToWebProcess::resolveBlobReferences: (parentPID=23277, pageProxyID=4, webPageID=5, frameID=4294967297, resourceID=2664)
  64.462 TIGER script: wait 3
  64.478 [com.apple.WebKit:Loading:4] 0x119088240 - [webProcessIdentifier=3] NetworkConnectionToWebProcess::scheduleResourceLoad: (parentPID=23277, pageProxyID=4, webPageID=5, frameID=4294967297, resourceID=2665, existingLoaderToResume=0)
  64.478 [com.apple.WebKit:Loading:4] 0x119088240 - [webProcessIdentifier=3] NetworkConnectionToWebProcess::resolveBlobReferences: (parentPID=23277, pageProxyID=4, webPageID=5, frameID=4294967297, resourceID=2665)
  64.513 [com.apple.WebKit:Loading:4] 0x119088240 - [webProcessIdentifier=3] NetworkConnectionToWebProcess::scheduleResourceLoad: (parentPID=23277, pageProxyID=4, webPageID=5, frameID=4294967297, resourceID=2666, existingLoaderToResume=0)
  64.513 [com.apple.WebKit:Loading:4] 0x119088240 - [webProcessIdentifier=3] NetworkConnectionToWebProcess::resolveBlobReferences: (parentPID=23277, pageProxyID=4, webPageID=5, frameID=4294967297, resourceID=2666)
  64.536 [com.apple.WebKit:Loading:4] 0x119088240 - [webProcessIdentifier=3] NetworkConnectionToWebProcess::scheduleResourceLoad: (parentPID=23277, pageProxyID=4, webPageID=5, frameID=4294967297, resourceID=2667, existingLoaderToResume=0)
  64.536 [com.apple.WebKit:Loading:4] 0x119088240 - [webProcessIdentifier=3] NetworkConnectionToWebProcess::resolveBlobReferences: (parentPID=23277, pageProxyID=4, webPageID=5, frameID=4294967297, resourceID=2667)
  64.554 [com.apple.WebKit:Loading:4] 0x119088240 - [webProcessIdentifier=3] NetworkConnectionToWebProcess::scheduleResourceLoad: (parentPID=23277, pageProxyID=4, webPageID=5, frameID=4294967297, resourceID=2668, existingLoaderToResume=0)
  64.554 [com.apple.WebKit:Loading:4] 0x119088240 - [webProcessIdentifier=3] NetworkConnectionToWebProcess::resolveBlobReferences: (parentPID=23277, pageProxyID=4, webPageID=5, frameID=4294967297, resourceID=2668)
  64.567 [com.apple.WebKit:Loading:4] 0x119088240 - [webProcessIdentifier=3] NetworkConnectionToWebProcess::scheduleResourceLoad: (parentPID=23277, pageProxyID=4, webPageID=5, frameID=4294967297, resourceID=2669, existingLoaderToResume=0)
  64.567 [com.apple.WebKit:Loading:4] 0x119088240 - [webProcessIdentifier=3] NetworkConnectionToWebProcess::resolveBlobReferences: (parentPID=23277, pageProxyID=4, webPageID=5, frameID=4294967297, resourceID=2669)
  64.575 [com.apple.WebKit:Loading:4] 0x119088240 - [webProcessIdentifier=3] NetworkConnectionToWebProcess::scheduleResourceLoad: (parentPID=23277, pageProxyID=4, webPageID=5, frameID=4294967297, resourceID=2670, existingLoaderToResume=0)
  64.575 [com.apple.WebKit:Loading:4] 0x119088240 - [webProcessIdentifier=3] NetworkConnectionToWebProcess::resolveBlobReferences: (parentPID=23277, pageProxyID=4, webPageID=5, frameID=4294967297, resourceID=2670)
  64.596 [com.apple.WebKit:Loading:4] 0x119088240 - [webProcessIdentifier=3] NetworkConnectionToWebProcess::scheduleResourceLoad: (parentPID=23277, pageProxyID=4, webPageID=5, frameID=4294967297, resourceID=2671, existingLoaderToResume=0)
  64.596 [com.apple.WebKit:Loading:4] 0x119088240 - [webProcessIdentifier=3] NetworkConnectionToWebProcess::resolveBlobReferences: (parentPID=23277, pageProxyID=4, webPageID=5, frameID=4294967297, resourceID=2671)
  64.608 [com.apple.WebKit:Loading:4] 0x119088240 - [webProcessIdentifier=3] NetworkConnectionToWebProcess::scheduleResourceLoad: (parentPID=23277, pageProxyID=4, webPageID=5, frameID=4294967297, resourceID=2672, existingLoaderToResume=0)
  64.608 [com.apple.WebKit:Loading:4] 0x119088240 - [webProcessIdentifier=3] NetworkConnectionToWebProcess::resolveBlobReferences: (parentPID=23277, pageProxyID=4, webPageID=5, frameID=4294967297, resourceID=2672)
  64.681 [com.apple.WebKit:Loading:4] 0x119088240 - [webProcessIdentifier=3] NetworkConnectionToWebProcess::scheduleResourceLoad: (parentPID=23277, pageProxyID=4, webPageID=5, frameID=4294967297, resourceID=2673, existingLoaderToResume=0)
  64.681 [com.apple.WebKit:Loading:4] 0x119088240 - [webProcessIdentifier=3] NetworkConnectionToWebProcess::resolveBlobReferences: (parentPID=23277, pageProxyID=4, webPageID=5, frameID=4294967297, resourceID=2673)
  64.709 [com.apple.WebKit:Loading:4] 0x119088240 - [webProcessIdentifier=3] NetworkConnectionToWebProcess::scheduleResourceLoad: (parentPID=23277, pageProxyID=4, webPageID=5, frameID=4294967297, resourceID=2677, existingLoaderToResume=0)
  64.709 [com.apple.WebKit:Loading:4] 0x119088240 - [webProcessIdentifier=3] NetworkConnectionToWebProcess::resolveBlobReferences: (parentPID=23277, pageProxyID=4, webPageID=5, frameID=4294967297, resourceID=2677)
  64.746 [com.apple.WebKit:Loading:4] 0x119088240 - [webProcessIdentifier=3] NetworkConnectionToWebProcess::scheduleResourceLoad: (parentPID=23277, pageProxyID=4, webPageID=5, frameID=4294967297, resourceID=2678, existingLoaderToResume=0)
  64.746 [com.apple.WebKit:Loading:4] 0x119088240 - [webProcessIdentifier=3] NetworkConnectionToWebProcess::resolveBlobReferences: (parentPID=23277, pageProxyID=4, webPageID=5, frameID=4294967297, resourceID=2678)
  64.746 [com.apple.WebKit:Loading:4] 0x119088240 - [webProcessIdentifier=3] NetworkConnectionToWebProcess::scheduleResourceLoad: (parentPID=23277, pageProxyID=4, webPageID=5, frameID=4294967297, resourceID=2679, existingLoaderToResume=0)
  64.746 [com.apple.WebKit:Loading:4] 0x119088240 - [webProcessIdentifier=3] NetworkConnectionToWebProcess::resolveBlobReferences: (parentPID=23277, pageProxyID=4, webPageID=5, frameID=4294967297, resourceID=2679)
  64.746 [com.apple.WebKit:Loading:4] 0x119088240 - [webProcessIdentifier=3] NetworkConnectionToWebProcess::scheduleResourceLoad: (parentPID=23277, pageProxyID=4, webPageID=5, frameID=4294967297, resourceID=2680, existingLoaderToResume=0)
  64.746 [com.apple.WebKit:Loading:4] 0x119088240 - [webProcessIdentifier=3] NetworkConnectionToWebProcess::resolveBlobReferences: (parentPID=23277, pageProxyID=4, webPageID=5, frameID=4294967297, resourceID=2680)
  64.747 [com.apple.WebKit:Loading:4] 0x119088240 - [webProcessIdentifier=3] NetworkConnectionToWebProcess::scheduleResourceLoad: (parentPID=23277, pageProxyID=4, webPageID=5, frameID=4294967297, resourceID=2681, existingLoaderToResume=0)
  64.747 [com.apple.WebKit:Loading:4] 0x119088240 - [webProcessIdentifier=3] NetworkConnectionToWebProcess::resolveBlobReferences: (parentPID=23277, pageProxyID=4, webPageID=5, frameID=4294967297, resourceID=2681)
  64.747 [com.apple.WebKit:Loading:4] 0x119088240 - [webProcessIdentifier=3] NetworkConnectionToWebProcess::scheduleResourceLoad: (parentPID=23277, pageProxyID=4, webPageID=5, frameID=4294967297, resourceID=2682, existingLoaderToResume=0)
  64.747 [com.apple.WebKit:Loading:4] 0x119088240 - [webProcessIdentifier=3] NetworkConnectionToWebProcess::resolveBlobReferences: (parentPID=23277, pageProxyID=4, webPageID=5, frameID=4294967297, resourceID=2682)
  64.747 [com.apple.WebKit:Loading:4] 0x119088240 - [webProcessIdentifier=3] NetworkConnectionToWebProcess::scheduleResourceLoad: (parentPID=23277, pageProxyID=4, webPageID=5, frameID=4294967297, resourceID=2683, existingLoaderToResume=0)
  64.747 [com.apple.WebKit:Loading:4] 0x119088240 - [webProcessIdentifier=3] NetworkConnectionToWebProcess::resolveBlobReferences: (parentPID=23277, pageProxyID=4, webPageID=5, frameID=4294967297, resourceID=2683)
  64.748 [com.apple.WebKit:Loading:4] 0x119088240 - [webProcessIdentifier=3] NetworkConnectionToWebProcess::scheduleResourceLoad: (parentPID=23277, pageProxyID=4, webPageID=5, frameID=4294967297, resourceID=2684, existingLoaderToResume=0)
  64.748 [com.apple.WebKit:Loading:4] 0x119088240 - [webProcessIdentifier=3] NetworkConnectionToWebProcess::resolveBlobReferences: (parentPID=23277, pageProxyID=4, webPageID=5, frameID=4294967297, resourceID=2684)
  64.748 [com.apple.WebKit:Loading:4] 0x119088240 - [webProcessIdentifier=3] NetworkConnectionToWebProcess::scheduleResourceLoad: (parentPID=23277, pageProxyID=4, webPageID=5, frameID=4294967297, resourceID=2685, existingLoaderToResume=0)
  64.748 [com.apple.WebKit:Loading:4] 0x119088240 - [webProcessIdentifier=3] NetworkConnectionToWebProcess::resolveBlobReferences: (parentPID=23277, pageProxyID=4, webPageID=5, frameID=4294967297, resourceID=2685)
  65.107 [com.apple.WebKit:Loading:4] 0x119088240 - [webProcessIdentifier=3] NetworkConnectionToWebProcess::scheduleResourceLoad: (parentPID=23277, pageProxyID=4, webPageID=5, frameID=12884901939, resourceID=2833, existingLoaderToResume=0)
  65.107 [com.apple.WebKit:Loading:4] 0x119088240 - [webProcessIdentifier=3] NetworkConnectionToWebProcess::resolveBlobReferences: (parentPID=23277, pageProxyID=4, webPageID=5, frameID=12884901939, resourceID=2833)
  65.140 [com.apple.WebKit:Loading:4] 0x119088240 - [webProcessIdentifier=3] NetworkConnectionToWebProcess::scheduleResourceLoad: (parentPID=23277, pageProxyID=4, webPageID=5, frameID=4294967297, resourceID=2834, existingLoaderToResume=0)
  65.140 [com.apple.WebKit:Loading:4] 0x119088240 - [webProcessIdentifier=3] NetworkConnectionToWebProcess::resolveBlobReferences: (parentPID=23277, pageProxyID=4, webPageID=5, frameID=4294967297, resourceID=2834)
  65.147 [com.apple.WebKit:Loading:4] 0x119088240 - [webProcessIdentifier=3] NetworkConnectionToWebProcess::scheduleResourceLoad: (parentPID=23277, pageProxyID=4, webPageID=5, frameID=4294967297, resourceID=2835, existingLoaderToResume=0)
  65.147 [com.apple.WebKit:Loading:4] 0x119088240 - [webProcessIdentifier=3] NetworkConnectionToWebProcess::resolveBlobReferences: (parentPID=23277, pageProxyID=4, webPageID=5, frameID=4294967297, resourceID=2835)
  65.175 [com.apple.WebKit:Loading:4] 0x119088240 - [webProcessIdentifier=3] NetworkConnectionToWebProcess::scheduleResourceLoad: (parentPID=23277, pageProxyID=4, webPageID=5, frameID=4294967297, resourceID=2836, existingLoaderToResume=0)
  65.175 [com.apple.WebKit:Loading:4] 0x119088240 - [webProcessIdentifier=3] NetworkConnectionToWebProcess::resolveBlobReferences: (parentPID=23277, pageProxyID=4, webPageID=5, frameID=4294967297, resourceID=2836)
  65.184 [com.apple.WebKit:Loading:4] 0x119088240 - [webProcessIdentifier=3] NetworkConnectionToWebProcess::scheduleResourceLoad: (parentPID=23277, pageProxyID=4, webPageID=5, frameID=4294967297, resourceID=2837, existingLoaderToResume=0)
  65.184 [com.apple.WebKit:Loading:4] 0x119088240 - [webProcessIdentifier=3] NetworkConnectionToWebProcess::resolveBlobReferences: (parentPID=23277, pageProxyID=4, webPageID=5, frameID=4294967297, resourceID=2837)
  65.198 [com.apple.WebKit:Loading:4] 0x119088240 - [webProcessIdentifier=3] NetworkConnectionToWebProcess::scheduleResourceLoad: (parentPID=23277, pageProxyID=4, webPageID=5, frameID=4294967297, resourceID=2838, existingLoaderToResume=0)
  65.198 [com.apple.WebKit:Loading:4] 0x119088240 - [webProcessIdentifier=3] NetworkConnectionToWebProcess::resolveBlobReferences: (parentPID=23277, pageProxyID=4, webPageID=5, frameID=4294967297, resourceID=2838)
  65.206 [com.apple.WebKit:Loading:4] 0x119088240 - [webProcessIdentifier=3] NetworkConnectionToWebProcess::scheduleResourceLoad: (parentPID=23277, pageProxyID=4, webPageID=5, frameID=4294967297, resourceID=2839, existingLoaderToResume=0)
  65.206 [com.apple.WebKit:Loading:4] 0x119088240 - [webProcessIdentifier=3] NetworkConnectionToWebProcess::resolveBlobReferences: (parentPID=23277, pageProxyID=4, webPageID=5, frameID=4294967297, resourceID=2839)
  65.216 [com.apple.WebKit:Loading:4] 0x119088240 - [webProcessIdentifier=3] NetworkConnectionToWebProcess::scheduleResourceLoad: (parentPID=23277, pageProxyID=4, webPageID=5, frameID=4294967297, resourceID=2840, existingLoaderToResume=0)
  65.216 [com.apple.WebKit:Loading:4] 0x119088240 - [webProcessIdentifier=3] NetworkConnectionToWebProcess::resolveBlobReferences: (parentPID=23277, pageProxyID=4, webPageID=5, frameID=4294967297, resourceID=2840)
  65.220 [com.apple.WebKit:Loading:4] 0x119088240 - [webProcessIdentifier=3] NetworkConnectionToWebProcess::scheduleResourceLoad: (parentPID=23277, pageProxyID=4, webPageID=5, frameID=4294967297, resourceID=2841, existingLoaderToResume=0)
  65.220 [com.apple.WebKit:Loading:4] 0x119088240 - [webProcessIdentifier=3] NetworkConnectionToWebProcess::resolveBlobReferences: (parentPID=23277, pageProxyID=4, webPageID=5, frameID=4294967297, resourceID=2841)
  65.231 [com.apple.WebKit:Loading:4] 0x119088240 - [webProcessIdentifier=3] NetworkConnectionToWebProcess::scheduleResourceLoad: (parentPID=23277, pageProxyID=4, webPageID=5, frameID=4294967297, resourceID=2842, existingLoaderToResume=0)
  65.231 [com.apple.WebKit:Loading:4] 0x119088240 - [webProcessIdentifier=3] NetworkConnectionToWebProcess::resolveBlobReferences: (parentPID=23277, pageProxyID=4, webPageID=5, frameID=4294967297, resourceID=2842)
  65.237 [com.apple.WebKit:Loading:4] 0x119088240 - [webProcessIdentifier=3] NetworkConnectionToWebProcess::scheduleResourceLoad: (parentPID=23277, pageProxyID=4, webPageID=5, frameID=4294967297, resourceID=2843, existingLoaderToResume=0)
  65.238 [com.apple.WebKit:Loading:4] 0x119088240 - [webProcessIdentifier=3] NetworkConnectionToWebProcess::resolveBlobReferences: (parentPID=23277, pageProxyID=4, webPageID=5, frameID=4294967297, resourceID=2843)
  65.274 [com.apple.WebKit:Loading:4] 0x119088240 - [webProcessIdentifier=3] NetworkConnectionToWebProcess::scheduleResourceLoad: (parentPID=23277, pageProxyID=4, webPageID=5, frameID=4294967297, resourceID=2844, existingLoaderToResume=0)
  65.274 [com.apple.WebKit:Loading:4] 0x119088240 - [webProcessIdentifier=3] NetworkConnectionToWebProcess::resolveBlobReferences: (parentPID=23277, pageProxyID=4, webPageID=5, frameID=4294967297, resourceID=2844)
  65.285 [com.apple.WebKit:Loading:4] 0x119088240 - [webProcessIdentifier=3] NetworkConnectionToWebProcess::scheduleResourceLoad: (parentPID=23277, pageProxyID=4, webPageID=5, frameID=4294967297, resourceID=2845, existingLoaderToResume=0)
  65.285 [com.apple.WebKit:Loading:4] 0x119088240 - [webProcessIdentifier=3] NetworkConnectionToWebProcess::resolveBlobReferences: (parentPID=23277, pageProxyID=4, webPageID=5, frameID=4294967297, resourceID=2845)
  65.321 [com.apple.WebKit:Loading:4] 0x119088240 - [webProcessIdentifier=3] NetworkConnectionToWebProcess::scheduleResourceLoad: (parentPID=23277, pageProxyID=4, webPageID=5, frameID=4294967297, resourceID=2846, existingLoaderToResume=0)
  65.321 [com.apple.WebKit:Loading:4] 0x119088240 - [webProcessIdentifier=3] NetworkConnectionToWebProcess::resolveBlobReferences: (parentPID=23277, pageProxyID=4, webPageID=5, frameID=4294967297, resourceID=2846)
  65.353 [com.apple.WebKit:Loading:4] 0x119088240 - [webProcessIdentifier=3] NetworkConnectionToWebProcess::scheduleResourceLoad: (parentPID=23277, pageProxyID=4, webPageID=5, frameID=4294967297, resourceID=2847, existingLoaderToResume=0)
  65.353 [com.apple.WebKit:Loading:4] 0x119088240 - [webProcessIdentifier=3] NetworkConnectionToWebProcess::resolveBlobReferences: (parentPID=23277, pageProxyID=4, webPageID=5, frameID=4294967297, resourceID=2847)
  65.693 [com.apple.WebKit:Loading:4] 0x119088240 - [webProcessIdentifier=3] NetworkConnectionToWebProcess::scheduleResourceLoad: (parentPID=23277, pageProxyID=4, webPageID=5, frameID=4294967297, resourceID=2849, existingLoaderToResume=0)
  65.693 [com.apple.WebKit:Loading:4] 0x119088240 - [webProcessIdentifier=3] NetworkConnectionToWebProcess::resolveBlobReferences: (parentPID=23277, pageProxyID=4, webPageID=5, frameID=4294967297, resourceID=2849)
  65.722 [com.apple.WebKit:Loading:4] 0x119088240 - [webProcessIdentifier=3] NetworkConnectionToWebProcess::scheduleResourceLoad: (parentPID=23277, pageProxyID=4, webPageID=5, frameID=4294967297, resourceID=2850, existingLoaderToResume=0)
  65.722 [com.apple.WebKit:Loading:4] 0x119088240 - [webProcessIdentifier=3] NetworkConnectionToWebProcess::resolveBlobReferences: (parentPID=23277, pageProxyID=4, webPageID=5, frameID=4294967297, resourceID=2850)
  67.462 TIGER script: scroll 0,-600
  67.762 TIGER script: wait 3
  68.613 [com.apple.WebKit:Loading:4] 0x119088240 - [webProcessIdentifier=3] NetworkConnectionToWebProcess::scheduleResourceLoad: (parentPID=23277, pageProxyID=4, webPageID=5, frameID=4294967297, resourceID=3072, existingLoaderToResume=0)
  68.613 [com.apple.WebKit:Loading:4] 0x119088240 - [webProcessIdentifier=3] NetworkConnectionToWebProcess::resolveBlobReferences: (parentPID=23277, pageProxyID=4, webPageID=5, frameID=4294967297, resourceID=3072)
  68.615 [com.apple.WebKit:Loading:4] 0x119088240 - [webProcessIdentifier=3] NetworkConnectionToWebProcess::scheduleResourceLoad: (parentPID=23277, pageProxyID=4, webPageID=5, frameID=4294967297, resourceID=3073, existingLoaderToResume=0)
  68.615 [com.apple.WebKit:Loading:4] 0x119088240 - [webProcessIdentifier=3] NetworkConnectionToWebProcess::resolveBlobReferences: (parentPID=23277, pageProxyID=4, webPageID=5, frameID=4294967297, resourceID=3073)
  68.615 [com.apple.WebKit:Loading:4] 0x119088240 - [webProcessIdentifier=3] NetworkConnectionToWebProcess::scheduleResourceLoad: (parentPID=23277, pageProxyID=4, webPageID=5, frameID=4294967297, resourceID=3074, existingLoaderToResume=0)
  68.615 [com.apple.WebKit:Loading:4] 0x119088240 - [webProcessIdentifier=3] NetworkConnectionToWebProcess::resolveBlobReferences: (parentPID=23277, pageProxyID=4, webPageID=5, frameID=4294967297, resourceID=3074)
  68.619 [com.apple.WebKit:Loading:4] 0x119088240 - [webProcessIdentifier=3] NetworkConnectionToWebProcess::scheduleResourceLoad: (parentPID=23277, pageProxyID=4, webPageID=5, frameID=4294967297, resourceID=3075, existingLoaderToResume=0)
  68.619 [com.apple.WebKit:Loading:4] 0x119088240 - [webProcessIdentifier=3] NetworkConnectionToWebProcess::resolveBlobReferences: (parentPID=23277, pageProxyID=4, webPageID=5, frameID=4294967297, resourceID=3075)
  69.351 [com.apple.WebKit:Loading:4] 0x119088240 - [webProcessIdentifier=3] NetworkConnectionToWebProcess::scheduleResourceLoad: (parentPID=23277, pageProxyID=4, webPageID=5, frameID=4294967297, resourceID=3216, existingLoaderToResume=0)
  69.351 [com.apple.WebKit:Loading:4] 0x119088240 - [webProcessIdentifier=3] NetworkConnectionToWebProcess::resolveBlobReferences: (parentPID=23277, pageProxyID=4, webPageID=5, frameID=4294967297, resourceID=3216)
  69.408 [com.apple.WebKit:Loading:4] 0x119088240 - [webProcessIdentifier=3] NetworkConnectionToWebProcess::scheduleResourceLoad: (parentPID=23277, pageProxyID=4, webPageID=5, frameID=4294967297, resourceID=3217, existingLoaderToResume=0)
  69.408 [com.apple.WebKit:Loading:4] 0x119088240 - [webProcessIdentifier=3] NetworkConnectionToWebProcess::resolveBlobReferences: (parentPID=23277, pageProxyID=4, webPageID=5, frameID=4294967297, resourceID=3217)
  69.496 [com.apple.WebKit:Loading:4] 0x119088240 - [webProcessIdentifier=3] NetworkConnectionToWebProcess::scheduleResourceLoad: (parentPID=23277, pageProxyID=4, webPageID=5, frameID=4294967297, resourceID=3226, existingLoaderToResume=0)
  69.496 [com.apple.WebKit:Loading:4] 0x119088240 - [webProcessIdentifier=3] NetworkConnectionToWebProcess::resolveBlobReferences: (parentPID=23277, pageProxyID=4, webPageID=5, frameID=4294967297, resourceID=3226)
  70.558 [com.apple.WebKit:Loading:4] 0x119088240 - [webProcessIdentifier=3] NetworkConnectionToWebProcess::scheduleResourceLoad: (parentPID=23277, pageProxyID=4, webPageID=5, frameID=4294967297, resourceID=3399, existingLoaderToResume=0)
  70.558 [com.apple.WebKit:Loading:4] 0x119088240 - [webProcessIdentifier=3] NetworkConnectionToWebProcess::resolveBlobReferences: (parentPID=23277, pageProxyID=4, webPageID=5, frameID=4294967297, resourceID=3399)
  70.763 TIGER script: scroll 0,-600
  71.063 TIGER script: wait 3
  71.262 [com.apple.WebKit:Loading:4] 0x119088240 - [webProcessIdentifier=3] NetworkConnectionToWebProcess::scheduleResourceLoad: (parentPID=23277, pageProxyID=4, webPageID=5, frameID=4294967297, resourceID=3484, existingLoaderToResume=0)
  71.262 [com.apple.WebKit:Loading:4] 0x119088240 - [webProcessIdentifier=3] NetworkConnectionToWebProcess::resolveBlobReferences: (parentPID=23277, pageProxyID=4, webPageID=5, frameID=4294967297, resourceID=3484)
  71.800 [com.apple.WebKit:Loading:4] 0x119088240 - [webProcessIdentifier=3] NetworkConnectionToWebProcess::scheduleResourceLoad: (parentPID=23277, pageProxyID=4, webPageID=5, frameID=4294967297, resourceID=3493, existingLoaderToResume=0)
  71.800 [com.apple.WebKit:Loading:4] 0x119088240 - [webProcessIdentifier=3] NetworkConnectionToWebProcess::resolveBlobReferences: (parentPID=23277, pageProxyID=4, webPageID=5, frameID=4294967297, resourceID=3493)
  71.800 [com.apple.WebKit:Loading:4] 0x119088240 - [webProcessIdentifier=3] NetworkConnectionToWebProcess::scheduleResourceLoad: (parentPID=23277, pageProxyID=4, webPageID=5, frameID=4294967297, resourceID=3494, existingLoaderToResume=0)
  71.800 [com.apple.WebKit:Loading:4] 0x119088240 - [webProcessIdentifier=3] NetworkConnectionToWebProcess::resolveBlobReferences: (parentPID=23277, pageProxyID=4, webPageID=5, frameID=4294967297, resourceID=3494)
  71.804 [com.apple.WebKit:Loading:4] 0x119088240 - [webProcessIdentifier=3] NetworkConnectionToWebProcess::scheduleResourceLoad: (parentPID=23277, pageProxyID=4, webPageID=5, frameID=4294967297, resourceID=3495, existingLoaderToResume=0)
  71.804 [com.apple.WebKit:Loading:4] 0x119088240 - [webProcessIdentifier=3] NetworkConnectionToWebProcess::resolveBlobReferences: (parentPID=23277, pageProxyID=4, webPageID=5, frameID=4294967297, resourceID=3495)
  72.592 [com.apple.WebKit:Loading:4] [pageID=5, frameID=12884901941] PolicyChecker::checkNavigationPolicy: continuing because this is an initial empty document
  72.613 [com.apple.WebKit:Loading:4] 0x119088240 - [webProcessIdentifier=3] NetworkConnectionToWebProcess::scheduleResourceLoad: (parentPID=23277, pageProxyID=4, webPageID=5, frameID=12884901941, resourceID=3678, existingLoaderToResume=0)
  72.613 [com.apple.WebKit:Loading:4] 0x119088240 - [webProcessIdentifier=3] NetworkConnectionToWebProcess::resolveBlobReferences: (parentPID=23277, pageProxyID=4, webPageID=5, frameID=12884901941, resourceID=3678)
  72.618 [com.apple.WebKit:Loading:4] 0x119088240 - [webProcessIdentifier=3] NetworkConnectionToWebProcess::scheduleResourceLoad: (parentPID=23277, pageProxyID=4, webPageID=5, frameID=12884901941, resourceID=3682, existingLoaderToResume=0)
  72.618 [com.apple.WebKit:Loading:4] 0x119088240 - [webProcessIdentifier=3] NetworkConnectionToWebProcess::resolveBlobReferences: (parentPID=23277, pageProxyID=4, webPageID=5, frameID=12884901941, resourceID=3682)
  72.618 [com.apple.WebKit:Loading:4] 0x119088240 - [webProcessIdentifier=3] NetworkConnectionToWebProcess::scheduleResourceLoad: (parentPID=23277, pageProxyID=4, webPageID=5, frameID=12884901941, resourceID=3686, existingLoaderToResume=0)
  72.618 [com.apple.WebKit:Loading:4] 0x119088240 - [webProcessIdentifier=3] NetworkConnectionToWebProcess::resolveBlobReferences: (parentPID=23277, pageProxyID=4, webPageID=5, frameID=12884901941, resourceID=3686)
  72.753 [com.apple.WebKit:Loading:4] [pageID=5, frameID=12884901942] PolicyChecker::checkNavigationPolicy: continuing because this is an initial empty document
  72.822 [com.apple.WebKit:Loading:4] 0x119088240 - [webProcessIdentifier=3] NetworkConnectionToWebProcess::scheduleResourceLoad: (parentPID=23277, pageProxyID=4, webPageID=5, frameID=12884901941, resourceID=3712, existingLoaderToResume=0)
  72.822 [com.apple.WebKit:Loading:4] 0x119088240 - [webProcessIdentifier=3] NetworkConnectionToWebProcess::resolveBlobReferences: (parentPID=23277, pageProxyID=4, webPageID=5, frameID=12884901941, resourceID=3712)
  74.063 TIGER script: scroll 0,-600
  74.363 TIGER script: wait 3
  75.143 [com.apple.WebKit:Loading:4] [pageID=5, frameID=12884901943] PolicyChecker::checkNavigationPolicy: continuing because this is an initial empty document
  75.156 [com.apple.WebKit:Loading:4] [pageID=5, frameID=12884901944] PolicyChecker::checkNavigationPolicy: continuing because this is an initial empty document
  75.198 [com.apple.WebKit:Loading:4] 0x119088240 - [webProcessIdentifier=3] NetworkConnectionToWebProcess::scheduleResourceLoad: (parentPID=23277, pageProxyID=4, webPageID=5, frameID=12884901941, resourceID=3947, existingLoaderToResume=0)
  75.198 [com.apple.WebKit:Loading:4] 0x119088240 - [webProcessIdentifier=3] NetworkConnectionToWebProcess::resolveBlobReferences: (parentPID=23277, pageProxyID=4, webPageID=5, frameID=12884901941, resourceID=3947)
  75.326 [com.apple.WebKit:Loading:4] 0x119088240 - [webProcessIdentifier=3] NetworkConnectionToWebProcess::scheduleResourceLoad: (parentPID=23277, pageProxyID=4, webPageID=5, frameID=12884901941, resourceID=3952, existingLoaderToResume=0)
  75.326 [com.apple.WebKit:Loading:4] 0x119088240 - [webProcessIdentifier=3] NetworkConnectionToWebProcess::resolveBlobReferences: (parentPID=23277, pageProxyID=4, webPageID=5, frameID=12884901941, resourceID=3952)
  75.583 [com.apple.WebKit:Loading:4] 0x119088240 - [webProcessIdentifier=3] NetworkConnectionToWebProcess::scheduleResourceLoad: (parentPID=23277, pageProxyID=4, webPageID=5, frameID=12884901941, resourceID=4043, existingLoaderToResume=0)
  75.584 [com.apple.WebKit:Loading:4] 0x119088240 - [webProcessIdentifier=3] NetworkConnectionToWebProcess::resolveBlobReferences: (parentPID=23277, pageProxyID=4, webPageID=5, frameID=12884901941, resourceID=4043)
  75.589 [com.apple.WebKit:Loading:4] [pageID=5, frameID=12884901945] PolicyChecker::checkNavigationPolicy: continuing because this is an initial empty document
  75.602 [com.apple.WebKit:Loading:4] 0x119088240 - [webProcessIdentifier=3] NetworkConnectionToWebProcess::scheduleResourceLoad: (parentPID=23277, pageProxyID=4, webPageID=5, frameID=12884901941, resourceID=4057, existingLoaderToResume=0)
  75.602 [com.apple.WebKit:Loading:4] 0x119088240 - [webProcessIdentifier=3] NetworkConnectionToWebProcess::resolveBlobReferences: (parentPID=23277, pageProxyID=4, webPageID=5, frameID=12884901941, resourceID=4057)
  75.703 [com.apple.WebKit:Loading:4] 0x119088240 - [webProcessIdentifier=3] NetworkConnectionToWebProcess::scheduleResourceLoad: (parentPID=23277, pageProxyID=4, webPageID=5, frameID=12884901941, resourceID=4062, existingLoaderToResume=0)
  75.703 [com.apple.WebKit:Loading:4] 0x119088240 - [webProcessIdentifier=3] NetworkConnectionToWebProcess::resolveBlobReferences: (parentPID=23277, pageProxyID=4, webPageID=5, frameID=12884901941, resourceID=4062)
  75.917 [com.apple.WebKit:Loading:4] 0x119088240 - [webProcessIdentifier=3] NetworkConnectionToWebProcess::scheduleResourceLoad: (parentPID=23277, pageProxyID=4, webPageID=5, frameID=12884901941, resourceID=4065, existingLoaderToResume=0)
  75.917 [com.apple.WebKit:Loading:4] 0x119088240 - [webProcessIdentifier=3] NetworkConnectionToWebProcess::resolveBlobReferences: (parentPID=23277, pageProxyID=4, webPageID=5, frameID=12884901941, resourceID=4065)
  75.969 [com.apple.WebKit:Loading:4] 0x119088240 - [webProcessIdentifier=3] NetworkConnectionToWebProcess::scheduleResourceLoad: (parentPID=23277, pageProxyID=4, webPageID=5, frameID=4294967297, resourceID=4066, existingLoaderToResume=0)
  75.969 [com.apple.WebKit:Loading:4] 0x119088240 - [webProcessIdentifier=3] NetworkConnectionToWebProcess::resolveBlobReferences: (parentPID=23277, pageProxyID=4, webPageID=5, frameID=4294967297, resourceID=4066)
  76.012 [com.apple.WebKit:Loading:4] 0x119088240 - [webProcessIdentifier=3] NetworkConnectionToWebProcess::scheduleResourceLoad: (parentPID=23277, pageProxyID=4, webPageID=5, frameID=4294967297, resourceID=4068, existingLoaderToResume=0)
  76.012 [com.apple.WebKit:Loading:4] 0x119088240 - [webProcessIdentifier=3] NetworkConnectionToWebProcess::resolveBlobReferences: (parentPID=23277, pageProxyID=4, webPageID=5, frameID=4294967297, resourceID=4068)
  76.220 [com.apple.WebKit:Loading:4] 0x119088240 - [webProcessIdentifier=3] NetworkConnectionToWebProcess::scheduleResourceLoad: (parentPID=23277, pageProxyID=4, webPageID=5, frameID=4294967297, resourceID=4081, existingLoaderToResume=0)
  76.220 [com.apple.WebKit:Loading:4] 0x119088240 - [webProcessIdentifier=3] NetworkConnectionToWebProcess::resolveBlobReferences: (parentPID=23277, pageProxyID=4, webPageID=5, frameID=4294967297, resourceID=4081)
  76.268 [com.apple.WebKit:Loading:4] 0x119088240 - [webProcessIdentifier=3] NetworkConnectionToWebProcess::scheduleResourceLoad: (parentPID=23277, pageProxyID=4, webPageID=5, frameID=4294967297, resourceID=4083, existingLoaderToResume=0)
  76.269 [com.apple.WebKit:Loading:4] 0x119088240 - [webProcessIdentifier=3] NetworkConnectionToWebProcess::resolveBlobReferences: (parentPID=23277, pageProxyID=4, webPageID=5, frameID=4294967297, resourceID=4083)
  76.269 [com.apple.WebKit:Loading:4] 0x119088240 - [webProcessIdentifier=3] NetworkConnectionToWebProcess::scheduleResourceLoad: (parentPID=23277, pageProxyID=4, webPageID=5, frameID=4294967297, resourceID=4084, existingLoaderToResume=0)
  76.269 [com.apple.WebKit:Loading:4] 0x119088240 - [webProcessIdentifier=3] NetworkConnectionToWebProcess::resolveBlobReferences: (parentPID=23277, pageProxyID=4, webPageID=5, frameID=4294967297, resourceID=4084)
  76.271 [com.apple.WebKit:Loading:4] 0x119088240 - [webProcessIdentifier=3] NetworkConnectionToWebProcess::scheduleResourceLoad: (parentPID=23277, pageProxyID=4, webPageID=5, frameID=4294967297, resourceID=4085, existingLoaderToResume=0)
  76.271 [com.apple.WebKit:Loading:4] 0x119088240 - [webProcessIdentifier=3] NetworkConnectionToWebProcess::resolveBlobReferences: (parentPID=23277, pageProxyID=4, webPageID=5, frameID=4294967297, resourceID=4085)
  76.272 [com.apple.WebKit:Loading:4] 0x119088240 - [webProcessIdentifier=3] NetworkConnectionToWebProcess::scheduleResourceLoad: (parentPID=23277, pageProxyID=4, webPageID=5, frameID=4294967297, resourceID=4086, existingLoaderToResume=0)
  76.272 [com.apple.WebKit:Loading:4] 0x119088240 - [webProcessIdentifier=3] NetworkConnectionToWebProcess::resolveBlobReferences: (parentPID=23277, pageProxyID=4, webPageID=5, frameID=4294967297, resourceID=4086)
  76.599 [com.apple.WebKit:Loading:4] 0x119088240 - [webProcessIdentifier=3] NetworkConnectionToWebProcess::scheduleResourceLoad: (parentPID=23277, pageProxyID=4, webPageID=5, frameID=4294967297, resourceID=4219, existingLoaderToResume=0)
  76.599 [com.apple.WebKit:Loading:4] 0x119088240 - [webProcessIdentifier=3] NetworkConnectionToWebProcess::resolveBlobReferences: (parentPID=23277, pageProxyID=4, webPageID=5, frameID=4294967297, resourceID=4219)
  76.604 [com.apple.WebKit:Loading:4] 0x119088240 - [webProcessIdentifier=3] NetworkConnectionToWebProcess::scheduleResourceLoad: (parentPID=23277, pageProxyID=4, webPageID=5, frameID=4294967297, resourceID=4220, existingLoaderToResume=0)
  76.604 [com.apple.WebKit:Loading:4] 0x119088240 - [webProcessIdentifier=3] NetworkConnectionToWebProcess::resolveBlobReferences: (parentPID=23277, pageProxyID=4, webPageID=5, frameID=4294967297, resourceID=4220)
  76.922 [com.apple.WebKit:Loading:4] 0x119088240 - [webProcessIdentifier=3] NetworkConnectionToWebProcess::scheduleResourceLoad: (parentPID=23277, pageProxyID=4, webPageID=5, frameID=12884901944, resourceID=4283, existingLoaderToResume=0)
  76.922 [com.apple.WebKit:Loading:4] 0x119088240 - [webProcessIdentifier=3] NetworkConnectionToWebProcess::resolveBlobReferences: (parentPID=23277, pageProxyID=4, webPageID=5, frameID=12884901944, resourceID=4283)
  77.363 TIGER script: scroll 0,-600
  77.664 TIGER script: wait 3
  77.711 [com.apple.WebKit:Loading:4] 0x119088240 - [webProcessIdentifier=3] NetworkConnectionToWebProcess::scheduleResourceLoad: (parentPID=23277, pageProxyID=4, webPageID=5, frameID=4294967297, resourceID=4354, existingLoaderToResume=0)
  77.711 [com.apple.WebKit:Loading:4] 0x119088240 - [webProcessIdentifier=3] NetworkConnectionToWebProcess::resolveBlobReferences: (parentPID=23277, pageProxyID=4, webPageID=5, frameID=4294967297, resourceID=4354)
  77.959 [com.apple.WebKit:Loading:4] 0x119088240 - [webProcessIdentifier=3] NetworkConnectionToWebProcess::scheduleResourceLoad: (parentPID=23277, pageProxyID=4, webPageID=5, frameID=4294967297, resourceID=4364, existingLoaderToResume=0)
  77.959 [com.apple.WebKit:Loading:4] 0x119088240 - [webProcessIdentifier=3] NetworkConnectionToWebProcess::resolveBlobReferences: (parentPID=23277, pageProxyID=4, webPageID=5, frameID=4294967297, resourceID=4364)
  77.959 [com.apple.WebKit:Loading:4] 0x119088240 - [webProcessIdentifier=3] NetworkConnectionToWebProcess::scheduleResourceLoad: (parentPID=23277, pageProxyID=4, webPageID=5, frameID=4294967297, resourceID=4365, existingLoaderToResume=0)
  77.959 [com.apple.WebKit:Loading:4] 0x119088240 - [webProcessIdentifier=3] NetworkConnectionToWebProcess::resolveBlobReferences: (parentPID=23277, pageProxyID=4, webPageID=5, frameID=4294967297, resourceID=4365)
  77.959 [com.apple.WebKit:Loading:4] 0x119088240 - [webProcessIdentifier=3] NetworkConnectionToWebProcess::scheduleResourceLoad: (parentPID=23277, pageProxyID=4, webPageID=5, frameID=4294967297, resourceID=4366, existingLoaderToResume=0)
  77.959 [com.apple.WebKit:Loading:4] 0x119088240 - [webProcessIdentifier=3] NetworkConnectionToWebProcess::resolveBlobReferences: (parentPID=23277, pageProxyID=4, webPageID=5, frameID=4294967297, resourceID=4366)
  77.959 [com.apple.WebKit:Loading:4] 0x119088240 - [webProcessIdentifier=3] NetworkConnectionToWebProcess::scheduleResourceLoad: (parentPID=23277, pageProxyID=4, webPageID=5, frameID=4294967297, resourceID=4367, existingLoaderToResume=0)
  77.959 [com.apple.WebKit:Loading:4] 0x119088240 - [webProcessIdentifier=3] NetworkConnectionToWebProcess::resolveBlobReferences: (parentPID=23277, pageProxyID=4, webPageID=5, frameID=4294967297, resourceID=4367)
  78.107 [com.apple.WebKit:Loading:4] 0x119088240 - [webProcessIdentifier=3] NetworkConnectionToWebProcess::scheduleResourceLoad: (parentPID=23277, pageProxyID=4, webPageID=5, frameID=4294967297, resourceID=4435, existingLoaderToResume=0)
  78.107 [com.apple.WebKit:Loading:4] 0x119088240 - [webProcessIdentifier=3] NetworkConnectionToWebProcess::resolveBlobReferences: (parentPID=23277, pageProxyID=4, webPageID=5, frameID=4294967297, resourceID=4435)
  78.117 [com.apple.WebKit:Loading:4] 0x119088240 - [webProcessIdentifier=3] NetworkConnectionToWebProcess::scheduleResourceLoad: (parentPID=23277, pageProxyID=4, webPageID=5, frameID=4294967297, resourceID=4436, existingLoaderToResume=0)
  78.117 [com.apple.WebKit:Loading:4] 0x119088240 - [webProcessIdentifier=3] NetworkConnectionToWebProcess::resolveBlobReferences: (parentPID=23277, pageProxyID=4, webPageID=5, frameID=4294967297, resourceID=4436)
  78.351 [com.apple.WebKit:Loading:4] 0x119088240 - [webProcessIdentifier=3] NetworkConnectionToWebProcess::scheduleResourceLoad: (parentPID=23277, pageProxyID=4, webPageID=5, frameID=4294967297, resourceID=4477, existingLoaderToResume=0)
  78.351 [com.apple.WebKit:Loading:4] 0x119088240 - [webProcessIdentifier=3] NetworkConnectionToWebProcess::resolveBlobReferences: (parentPID=23277, pageProxyID=4, webPageID=5, frameID=4294967297, resourceID=4477)
  79.523 [com.apple.WebKit:Loading:4] 0x119088240 - [webProcessIdentifier=3] NetworkConnectionToWebProcess::scheduleResourceLoad: (parentPID=23277, pageProxyID=4, webPageID=5, frameID=12884901926, resourceID=4755, existingLoaderToResume=0)
  79.523 [com.apple.WebKit:Loading:4] 0x119088240 - [webProcessIdentifier=3] NetworkConnectionToWebProcess::resolveBlobReferences: (parentPID=23277, pageProxyID=4, webPageID=5, frameID=12884901926, resourceID=4755)
  79.686 [com.apple.WebKit:Loading:4] 0x119088240 - [webProcessIdentifier=3] NetworkConnectionToWebProcess::scheduleResourceLoad: (parentPID=23277, pageProxyID=4, webPageID=5, frameID=12884901926, resourceID=4765, existingLoaderToResume=0)
  79.686 [com.apple.WebKit:Loading:4] 0x119088240 - [webProcessIdentifier=3] NetworkConnectionToWebProcess::resolveBlobReferences: (parentPID=23277, pageProxyID=4, webPageID=5, frameID=12884901926, resourceID=4765)
  79.695 [com.apple.WebKit:Loading:4] [pageID=5, frameID=12884901946] PolicyChecker::checkNavigationPolicy: continuing because this is an initial empty document
  79.947 [com.apple.WebKit:Loading:4] 0x119088240 - [webProcessIdentifier=3] NetworkConnectionToWebProcess::scheduleResourceLoad: (parentPID=23277, pageProxyID=4, webPageID=5, frameID=12884901946, resourceID=4825, existingLoaderToResume=0)
  79.948 [com.apple.WebKit:Loading:4] 0x119088240 - [webProcessIdentifier=3] NetworkConnectionToWebProcess::resolveBlobReferences: (parentPID=23277, pageProxyID=4, webPageID=5, frameID=12884901946, resourceID=4825)
  79.948 [com.apple.WebKit:Loading:4] 0x119088240 - [webProcessIdentifier=3] NetworkConnectionToWebProcess::scheduleResourceLoad: (parentPID=23277, pageProxyID=4, webPageID=5, frameID=12884901946, resourceID=4826, existingLoaderToResume=0)
  79.948 [com.apple.WebKit:Loading:4] 0x119088240 - [webProcessIdentifier=3] NetworkConnectionToWebProcess::resolveBlobReferences: (parentPID=23277, pageProxyID=4, webPageID=5, frameID=12884901946, resourceID=4826)
  79.955 [com.apple.WebKit:Loading:4] 0x119088240 - [webProcessIdentifier=3] NetworkConnectionToWebProcess::scheduleResourceLoad: (parentPID=23277, pageProxyID=4, webPageID=5, frameID=12884901946, resourceID=4827, existingLoaderToResume=0)
  79.955 [com.apple.WebKit:Loading:4] 0x119088240 - [webProcessIdentifier=3] NetworkConnectionToWebProcess::resolveBlobReferences: (parentPID=23277, pageProxyID=4, webPageID=5, frameID=12884901946, resourceID=4827)
  79.955 [com.apple.WebKit:Loading:4] 0x119088240 - [webProcessIdentifier=3] NetworkConnectionToWebProcess::scheduleResourceLoad: (parentPID=23277, pageProxyID=4, webPageID=5, frameID=12884901946, resourceID=4828, existingLoaderToResume=0)
  79.955 [com.apple.WebKit:Loading:4] 0x119088240 - [webProcessIdentifier=3] NetworkConnectionToWebProcess::resolveBlobReferences: (parentPID=23277, pageProxyID=4, webPageID=5, frameID=12884901946, resourceID=4828)
  79.955 [com.apple.WebKit:Loading:4] 0x119088240 - [webProcessIdentifier=3] NetworkConnectionToWebProcess::scheduleResourceLoad: (parentPID=23277, pageProxyID=4, webPageID=5, frameID=12884901946, resourceID=4829, existingLoaderToResume=0)
  79.955 [com.apple.WebKit:Loading:4] 0x119088240 - [webProcessIdentifier=3] NetworkConnectionToWebProcess::resolveBlobReferences: (parentPID=23277, pageProxyID=4, webPageID=5, frameID=12884901946, resourceID=4829)
  79.973 [com.apple.WebKit:Media:-] HTMLMediaElement::updateShouldPlay(A2F78BBCEA09865B) autoplay blocked with reason: PageConsentRequired: Not enough data
  79.973 [com.apple.WebKit:Media:-] MediaElementSession::clientWillBeginAutoplaying(A2F78BBCEA09865B) state = Idle
  79.973 [com.apple.WebKit:Media:-] MediaElementSession::setState(A2F78BBCEA09865B) Autoplaying, canProduceAudio=false
  79.974 [com.apple.WebKit:Media:-] MediaElementSession::clientWillBeginAutoplaying(A2F78BBCEA09865B) state = Autoplaying
  79.995 [com.apple.WebKit:Media:-] MediaElementSession::clientWillBeginAutoplaying(A2F78BBCEA09865B) state = Idle
  79.995 [com.apple.WebKit:Media:-] MediaElementSession::setState(A2F78BBCEA09865B) Autoplaying, canProduceAudio=false
  80.028 [com.apple.WebKit:Loading:4] 0x119088240 - [webProcessIdentifier=3] NetworkConnectionToWebProcess::scheduleResourceLoad: (parentPID=23277, pageProxyID=4, webPageID=5, frameID=4294967297, resourceID=4831, existingLoaderToResume=0)
  80.028 [com.apple.WebKit:Loading:4] 0x119088240 - [webProcessIdentifier=3] NetworkConnectionToWebProcess::resolveBlobReferences: (parentPID=23277, pageProxyID=4, webPageID=5, frameID=4294967297, resourceID=4831)
  80.128 [com.apple.WebKit:Loading:4] 0x119088240 - [webProcessIdentifier=3] NetworkConnectionToWebProcess::scheduleResourceLoad: (parentPID=23277, pageProxyID=4, webPageID=5, frameID=12884901927, resourceID=4856, existingLoaderToResume=0)
  80.128 [com.apple.WebKit:Loading:4] 0x119088240 - [webProcessIdentifier=3] NetworkConnectionToWebProcess::resolveBlobReferences: (parentPID=23277, pageProxyID=4, webPageID=5, frameID=12884901927, resourceID=4856)
  80.187 [com.apple.WebKit:Media:-] MediaElementSession::clientWillBeginAutoplaying(A2F78BBCEA09865B) state = Autoplaying
  80.188 [com.apple.WebKit:Media:-] MediaElementSession::clientWillBeginPlayback(A2F78BBCEA09865B) state = Autoplaying
  80.188 [com.apple.WebKit:Media:-] MediaSessionManagerInterface::startSessionAdmission(0) 11743008196888462939
  80.188 [com.apple.WebKit:Media:-] MediaSessionManagerInterface::setCurrentSession(0) 11743008196888462939, size = 1
  80.188 [com.apple.WebKit:Media:-] MediaElementSession::setState(A2F78BBCEA09865B) Playing, canProduceAudio=false
  80.188 [com.apple.WebKit:Media:-] MediaSessionManagerInterface::startSessionAdmission(0) 11743008196888462939 returning true
  80.190 [com.apple.WebKit:Loading:4] 0x119088240 - [webProcessIdentifier=3] NetworkConnectionToWebProcess::scheduleResourceLoad: (parentPID=23277, pageProxyID=4, webPageID=5, frameID=12884901926, resourceID=4881, existingLoaderToResume=0)
  80.190 [com.apple.WebKit:Loading:4] 0x119088240 - [webProcessIdentifier=3] NetworkConnectionToWebProcess::resolveBlobReferences: (parentPID=23277, pageProxyID=4, webPageID=5, frameID=12884901926, resourceID=4881)
  80.247 [com.apple.WebKit:Loading:4] 0x119088240 - [webProcessIdentifier=3] NetworkConnectionToWebProcess::scheduleResourceLoad: (parentPID=23277, pageProxyID=4, webPageID=5, frameID=12884901927, resourceID=4891, existingLoaderToResume=0)
  80.247 [com.apple.WebKit:Loading:4] 0x119088240 - [webProcessIdentifier=3] NetworkConnectionToWebProcess::resolveBlobReferences: (parentPID=23277, pageProxyID=4, webPageID=5, frameID=12884901927, resourceID=4891)
  80.249 [com.apple.WebKit:Loading:4] [pageID=5, frameID=12884901947] PolicyChecker::checkNavigationPolicy: continuing because this is an initial empty document
  80.323 [com.apple.WebKit:Loading:4] 0x119088240 - [webProcessIdentifier=3] NetworkConnectionToWebProcess::scheduleResourceLoad: (parentPID=23277, pageProxyID=4, webPageID=5, frameID=4294967297, resourceID=4902, existingLoaderToResume=0)
  80.323 [com.apple.WebKit:Loading:4] 0x119088240 - [webProcessIdentifier=3] NetworkConnectionToWebProcess::resolveBlobReferences: (parentPID=23277, pageProxyID=4, webPageID=5, frameID=4294967297, resourceID=4902)
  80.582 [com.apple.WebKit:Loading:4] 0x119088240 - [webProcessIdentifier=3] NetworkConnectionToWebProcess::scheduleResourceLoad: (parentPID=23277, pageProxyID=4, webPageID=5, frameID=4294967297, resourceID=4915, existingLoaderToResume=0)
  80.582 [com.apple.WebKit:Loading:4] 0x119088240 - [webProcessIdentifier=3] NetworkConnectionToWebProcess::resolveBlobReferences: (parentPID=23277, pageProxyID=4, webPageID=5, frameID=4294967297, resourceID=4915)
  80.645 [com.apple.WebKit:Loading:4] 0x119088240 - [webProcessIdentifier=3] NetworkConnectionToWebProcess::scheduleResourceLoad: (parentPID=23277, pageProxyID=4, webPageID=5, frameID=12884901946, resourceID=4917, existingLoaderToResume=0)
  80.645 [com.apple.WebKit:Loading:4] 0x119088240 - [webProcessIdentifier=3] NetworkConnectionToWebProcess::resolveBlobReferences: (parentPID=23277, pageProxyID=4, webPageID=5, frameID=12884901946, resourceID=4917)
  80.664 TIGER script: scroll 0,-600
  80.689 [com.apple.WebKit:Loading:4] 0x119088240 - [webProcessIdentifier=3] NetworkConnectionToWebProcess::scheduleResourceLoad: (parentPID=23277, pageProxyID=4, webPageID=5, frameID=12884901947, resourceID=4918, existingLoaderToResume=0)
  80.689 [com.apple.WebKit:Loading:4] 0x119088240 - [webProcessIdentifier=3] NetworkConnectionToWebProcess::resolveBlobReferences: (parentPID=23277, pageProxyID=4, webPageID=5, frameID=12884901947, resourceID=4918)
  80.689 [com.apple.WebKit:Loading:4] 0x119088240 - [webProcessIdentifier=3] NetworkConnectionToWebProcess::scheduleResourceLoad: (parentPID=23277, pageProxyID=4, webPageID=5, frameID=12884901947, resourceID=4919, existingLoaderToResume=0)
  80.689 [com.apple.WebKit:Loading:4] 0x119088240 - [webProcessIdentifier=3] NetworkConnectionToWebProcess::resolveBlobReferences: (parentPID=23277, pageProxyID=4, webPageID=5, frameID=12884901947, resourceID=4919)
  80.709 [com.apple.WebKit:Loading:4] 0x119088240 - [webProcessIdentifier=3] NetworkConnectionToWebProcess::scheduleResourceLoad: (parentPID=23277, pageProxyID=4, webPageID=5, frameID=12884901947, resourceID=4922, existingLoaderToResume=0)
  80.709 [com.apple.WebKit:Loading:4] 0x119088240 - [webProcessIdentifier=3] NetworkConnectionToWebProcess::resolveBlobReferences: (parentPID=23277, pageProxyID=4, webPageID=5, frameID=12884901947, resourceID=4922)
  80.726 [com.apple.WebKit:Media:-] HTMLMediaElement::updateShouldPlay(8325EF433E45BCE2) autoplay blocked with reason: PageConsentRequired: Not enough data
  80.726 [com.apple.WebKit:Media:-] MediaElementSession::clientWillBeginAutoplaying(8325EF433E45BCE2) state = Idle
  80.726 [com.apple.WebKit:Media:-] MediaElementSession::setState(8325EF433E45BCE2) Autoplaying, canProduceAudio=false
  80.727 [com.apple.WebKit:Media:-] MediaElementSession::clientWillBeginAutoplaying(8325EF433E45BCE2) state = Autoplaying
  80.732 [com.apple.WebKit:Media:-] MediaElementSession::clientWillBeginAutoplaying(8325EF433E45BCE2) state = Idle
  80.732 [com.apple.WebKit:Media:-] MediaElementSession::setState(8325EF433E45BCE2) Autoplaying, canProduceAudio=false
  80.838 [com.apple.WebKit:Media:-] HTMLMediaElement::setReadyState(A2F78BBCEA09865B) Autoplay blocked with reason: PageConsentRequired: !paused
  80.838 [com.apple.WebKit:Media:-] MediaElementSession::clientWillBeginPlayback(A2F78BBCEA09865B) state = Playing
  80.964 TIGER script: wait 3
  80.982 [com.apple.WebKit:Loading:4] 0x119088240 - [webProcessIdentifier=3] NetworkConnectionToWebProcess::scheduleResourceLoad: (parentPID=23277, pageProxyID=4, webPageID=5, frameID=4294967297, resourceID=5013, existingLoaderToResume=0)
  80.982 [com.apple.WebKit:Loading:4] 0x119088240 - [webProcessIdentifier=3] NetworkConnectionToWebProcess::resolveBlobReferences: (parentPID=23277, pageProxyID=4, webPageID=5, frameID=4294967297, resourceID=5013)
  81.455 [com.apple.WebKit:Loading:4] 0x119088240 - [webProcessIdentifier=3] NetworkConnectionToWebProcess::scheduleResourceLoad: (parentPID=23277, pageProxyID=4, webPageID=5, frameID=4294967297, resourceID=5146, existingLoaderToResume=0)
  81.455 [com.apple.WebKit:Loading:4] 0x119088240 - [webProcessIdentifier=3] NetworkConnectionToWebProcess::resolveBlobReferences: (parentPID=23277, pageProxyID=4, webPageID=5, frameID=4294967297, resourceID=5146)
  81.462 [com.apple.WebKit:Media:-] MediaElementSession::clientWillBeginAutoplaying(8325EF433E45BCE2) state = Autoplaying
  81.463 [com.apple.WebKit:Media:-] MediaElementSession::clientWillBeginPlayback(8325EF433E45BCE2) state = Autoplaying
  81.463 [com.apple.WebKit:Media:-] MediaSessionManagerInterface::startSessionAdmission(0) 9450222465193458914
  81.463 [com.apple.WebKit:Media:-] MediaSessionManagerInterface::setCurrentSession(0) 9450222465193458914, size = 2
  81.463 [com.apple.WebKit:Media:-] MediaElementSession::setState(8325EF433E45BCE2) Playing, canProduceAudio=false
  81.463 [com.apple.WebKit:Media:-] MediaSessionManagerInterface::startSessionAdmission(0) 9450222465193458914 returning true
  81.787 [com.apple.WebKit:Loading:4] 0x119088240 - [webProcessIdentifier=3] NetworkConnectionToWebProcess::scheduleResourceLoad: (parentPID=23277, pageProxyID=4, webPageID=5, frameID=4294967297, resourceID=5197, existingLoaderToResume=0)
  81.787 [com.apple.WebKit:Loading:4] 0x119088240 - [webProcessIdentifier=3] NetworkConnectionToWebProcess::resolveBlobReferences: (parentPID=23277, pageProxyID=4, webPageID=5, frameID=4294967297, resourceID=5197)
  81.803 [com.apple.WebKit:Loading:4] 0x119088240 - [webProcessIdentifier=3] NetworkConnectionToWebProcess::scheduleResourceLoad: (parentPID=23277, pageProxyID=4, webPageID=5, frameID=12884901944, resourceID=5199, existingLoaderToResume=0)
  81.803 [com.apple.WebKit:Loading:4] 0x119088240 - [webProcessIdentifier=3] NetworkConnectionToWebProcess::resolveBlobReferences: (parentPID=23277, pageProxyID=4, webPageID=5, frameID=12884901944, resourceID=5199)
  82.837 TIGER-MEDIA fps=24.4 shown=49 dropped=0 lag=-2ms pts=2.00
  83.410 [com.apple.WebKit:Loading:4] 0x119088240 - [webProcessIdentifier=3] NetworkConnectionToWebProcess::scheduleResourceLoad: (parentPID=23277, pageProxyID=4, webPageID=5, frameID=12884901947, resourceID=5208, existingLoaderToResume=0)
  83.410 [com.apple.WebKit:Loading:4] 0x119088240 - [webProcessIdentifier=3] NetworkConnectionToWebProcess::resolveBlobReferences: (parentPID=23277, pageProxyID=4, webPageID=5, frameID=12884901947, resourceID=5208)
  83.455 [com.apple.WebKit:Loading:4] [pageID=5, frameID=12884901948] PolicyChecker::checkNavigationPolicy: continuing because this is an initial empty document
  83.475 [com.apple.WebKit:Loading:4] 0x119088240 - [webProcessIdentifier=3] NetworkConnectionToWebProcess::scheduleResourceLoad: (parentPID=23277, pageProxyID=4, webPageID=5, frameID=12884901948, resourceID=5219, existingLoaderToResume=0)
  83.475 [com.apple.WebKit:Loading:4] 0x119088240 - [webProcessIdentifier=3] NetworkConnectionToWebProcess::resolveBlobReferences: (parentPID=23277, pageProxyID=4, webPageID=5, frameID=12884901948, resourceID=5219)
  83.479 [com.apple.WebKit:Loading:4] 0x119088240 - [webProcessIdentifier=3] NetworkConnectionToWebProcess::scheduleResourceLoad: (parentPID=23277, pageProxyID=4, webPageID=5, frameID=12884901948, resourceID=5223, existingLoaderToResume=0)
  83.479 [com.apple.WebKit:Loading:4] 0x119088240 - [webProcessIdentifier=3] NetworkConnectionToWebProcess::resolveBlobReferences: (parentPID=23277, pageProxyID=4, webPageID=5, frameID=12884901948, resourceID=5223)
  83.484 [com.apple.WebKit:Loading:4] 0x119088240 - [webProcessIdentifier=3] NetworkConnectionToWebProcess::scheduleResourceLoad: (parentPID=23277, pageProxyID=4, webPageID=5, frameID=12884901948, resourceID=5227, existingLoaderToResume=0)
  83.484 [com.apple.WebKit:Loading:4] 0x119088240 - [webProcessIdentifier=3] NetworkConnectionToWebProcess::resolveBlobReferences: (parentPID=23277, pageProxyID=4, webPageID=5, frameID=12884901948, resourceID=5227)
  83.583 [com.apple.WebKit:Loading:4] [pageID=5, frameID=12884901949] PolicyChecker::checkNavigationPolicy: continuing because this is an initial empty document
  83.663 [com.apple.WebKit:Loading:4] 0x119088240 - [webProcessIdentifier=3] NetworkConnectionToWebProcess::scheduleResourceLoad: (parentPID=23277, pageProxyID=4, webPageID=5, frameID=12884901948, resourceID=5247, existingLoaderToResume=0)
  83.663 [com.apple.WebKit:Loading:4] 0x119088240 - [webProcessIdentifier=3] NetworkConnectionToWebProcess::resolveBlobReferences: (parentPID=23277, pageProxyID=4, webPageID=5, frameID=12884901948, resourceID=5247)
  83.715 [com.apple.WebKit:Loading:4] [pageID=5, frameID=12884901950] PolicyChecker::checkNavigationPolicy: continuing because this is an initial empty document
  83.733 [com.apple.WebKit:Media:-] HTMLMediaElement::setReadyState(8325EF433E45BCE2) Autoplay blocked with reason: PageConsentRequired: !paused
  83.734 [com.apple.WebKit:Media:-] MediaElementSession::clientWillBeginPlayback(8325EF433E45BCE2) state = Playing
  83.964 TIGER script: scroll 0,-600
  84.178 [com.apple.WebKit:Loading:4] 0x119088240 - [webProcessIdentifier=3] NetworkConnectionToWebProcess::scheduleResourceLoad: (parentPID=23277, pageProxyID=4, webPageID=5, frameID=4294967297, resourceID=5438, existingLoaderToResume=0)
  84.178 [com.apple.WebKit:Loading:4] 0x119088240 - [webProcessIdentifier=3] NetworkConnectionToWebProcess::resolveBlobReferences: (parentPID=23277, pageProxyID=4, webPageID=5, frameID=4294967297, resourceID=5438)
  84.232 [com.apple.WebKit:Loading:4] 0x119088240 - [webProcessIdentifier=3] NetworkConnectionToWebProcess::scheduleResourceLoad: (parentPID=23277, pageProxyID=4, webPageID=5, frameID=4294967297, resourceID=5439, existingLoaderToResume=0)
  84.232 [com.apple.WebKit:Loading:4] 0x119088240 - [webProcessIdentifier=3] NetworkConnectionToWebProcess::resolveBlobReferences: (parentPID=23277, pageProxyID=4, webPageID=5, frameID=4294967297, resourceID=5439)
  84.237 [com.apple.WebKit:Loading:4] 0x119088240 - [webProcessIdentifier=3] NetworkConnectionToWebProcess::scheduleResourceLoad: (parentPID=23277, pageProxyID=4, webPageID=5, frameID=4294967297, resourceID=5440, existingLoaderToResume=0)
  84.237 [com.apple.WebKit:Loading:4] 0x119088240 - [webProcessIdentifier=3] NetworkConnectionToWebProcess::resolveBlobReferences: (parentPID=23277, pageProxyID=4, webPageID=5, frameID=4294967297, resourceID=5440)
  84.264 TIGER script: wait 3
  84.362 [com.apple.WebKit:Loading:4] 0x119088240 - [webProcessIdentifier=3] NetworkConnectionToWebProcess::scheduleResourceLoad: (parentPID=23277, pageProxyID=4, webPageID=5, frameID=12884901907, resourceID=5489, existingLoaderToResume=0)
  84.362 [com.apple.WebKit:Loading:4] 0x119088240 - [webProcessIdentifier=3] NetworkConnectionToWebProcess::resolveBlobReferences: (parentPID=23277, pageProxyID=4, webPageID=5, frameID=12884901907, resourceID=5489)
  84.406 [com.apple.WebKit:Loading:4] [pageID=5, frameID=12884901951] PolicyChecker::checkNavigationPolicy: continuing because this is an initial empty document
  84.429 [com.apple.WebKit:Loading:4] [pageID=5, frameID=12884901952] PolicyChecker::checkNavigationPolicy: continuing because this is an initial empty document
  84.501 [com.apple.WebKit:Loading:4] 0x119088240 - [webProcessIdentifier=3] NetworkConnectionToWebProcess::scheduleResourceLoad: (parentPID=23277, pageProxyID=4, webPageID=5, frameID=12884901948, resourceID=5513, existingLoaderToResume=0)
  84.501 [com.apple.WebKit:Loading:4] 0x119088240 - [webProcessIdentifier=3] NetworkConnectionToWebProcess::resolveBlobReferences: (parentPID=23277, pageProxyID=4, webPageID=5, frameID=12884901948, resourceID=5513)
  84.546 [com.apple.WebKit:Loading:4] 0x119088240 - [webProcessIdentifier=3] NetworkConnectionToWebProcess::scheduleResourceLoad: (parentPID=23277, pageProxyID=4, webPageID=5, frameID=4294967297, resourceID=5515, existingLoaderToResume=0)
  84.546 [com.apple.WebKit:Loading:4] 0x119088240 - [webProcessIdentifier=3] NetworkConnectionToWebProcess::resolveBlobReferences: (parentPID=23277, pageProxyID=4, webPageID=5, frameID=4294967297, resourceID=5515)
  84.656 [com.apple.WebKit:Loading:4] 0x119088240 - [webProcessIdentifier=3] NetworkConnectionToWebProcess::scheduleResourceLoad: (parentPID=23277, pageProxyID=4, webPageID=5, frameID=12884901948, resourceID=5519, existingLoaderToResume=0)
  84.656 [com.apple.WebKit:Loading:4] 0x119088240 - [webProcessIdentifier=3] NetworkConnectionToWebProcess::resolveBlobReferences: (parentPID=23277, pageProxyID=4, webPageID=5, frameID=12884901948, resourceID=5519)
  84.838 TIGER-MEDIA fps=24.0 shown=48 dropped=0 lag=0ms pts=4.00
  84.983 [com.apple.WebKit:Loading:4] 0x119088240 - [webProcessIdentifier=3] NetworkConnectionToWebProcess::scheduleResourceLoad: (parentPID=23277, pageProxyID=4, webPageID=5, frameID=12884901948, resourceID=5610, existingLoaderToResume=0)
  84.983 [com.apple.WebKit:Loading:4] 0x119088240 - [webProcessIdentifier=3] NetworkConnectionToWebProcess::resolveBlobReferences: (parentPID=23277, pageProxyID=4, webPageID=5, frameID=12884901948, resourceID=5610)
  85.000 [com.apple.WebKit:Loading:4] [pageID=5, frameID=12884901953] PolicyChecker::checkNavigationPolicy: continuing because this is an initial empty document
  85.020 [com.apple.WebKit:Loading:4] 0x119088240 - [webProcessIdentifier=3] NetworkConnectionToWebProcess::scheduleResourceLoad: (parentPID=23277, pageProxyID=4, webPageID=5, frameID=12884901948, resourceID=5624, existingLoaderToResume=0)
  85.020 [com.apple.WebKit:Loading:4] 0x119088240 - [webProcessIdentifier=3] NetworkConnectionToWebProcess::resolveBlobReferences: (parentPID=23277, pageProxyID=4, webPageID=5, frameID=12884901948, resourceID=5624)
  85.172 [com.apple.WebKit:Loading:4] 0x119088240 - [webProcessIdentifier=3] NetworkConnectionToWebProcess::scheduleResourceLoad: (parentPID=23277, pageProxyID=4, webPageID=5, frameID=12884901948, resourceID=5629, existingLoaderToResume=0)
  85.172 [com.apple.WebKit:Loading:4] 0x119088240 - [webProcessIdentifier=3] NetworkConnectionToWebProcess::resolveBlobReferences: (parentPID=23277, pageProxyID=4, webPageID=5, frameID=12884901948, resourceID=5629)
  85.605 [com.apple.WebKit:Loading:4] 0x119088240 - [webProcessIdentifier=3] NetworkConnectionToWebProcess::scheduleResourceLoad: (parentPID=23277, pageProxyID=4, webPageID=5, frameID=12884901948, resourceID=5632, existingLoaderToResume=0)
  85.605 [com.apple.WebKit:Loading:4] 0x119088240 - [webProcessIdentifier=3] NetworkConnectionToWebProcess::resolveBlobReferences: (parentPID=23277, pageProxyID=4, webPageID=5, frameID=12884901948, resourceID=5632)
  85.734 TIGER-MEDIA fps=24.1 shown=49 dropped=0 lag=0ms pts=2.00
  86.193 [com.apple.WebKit:Loading:4] 0x119088240 - [webProcessIdentifier=3] NetworkConnectionToWebProcess::scheduleResourceLoad: (parentPID=23277, pageProxyID=4, webPageID=5, frameID=4294967297, resourceID=5728, existingLoaderToResume=0)
  86.193 [com.apple.WebKit:Loading:4] 0x119088240 - [webProcessIdentifier=3] NetworkConnectionToWebProcess::resolveBlobReferences: (parentPID=23277, pageProxyID=4, webPageID=5, frameID=4294967297, resourceID=5728)
  86.614 [com.apple.WebKit:Loading:4] 0x119088240 - [webProcessIdentifier=3] NetworkConnectionToWebProcess::scheduleResourceLoad: (parentPID=23277, pageProxyID=4, webPageID=5, frameID=12884901952, resourceID=5762, existingLoaderToResume=0)
  86.614 [com.apple.WebKit:Loading:4] 0x119088240 - [webProcessIdentifier=3] NetworkConnectionToWebProcess::resolveBlobReferences: (parentPID=23277, pageProxyID=4, webPageID=5, frameID=12884901952, resourceID=5762)
  86.797 [com.apple.WebKit:Media:-] MediaSessionManagerInterface::dumpSessionStates(0)  Sessions:
  86.797 (8325EF433E45BCE2): Video, Playing, 
  86.797 (A2F78BBCEA09865B): Video, Playing, 
  86.797 
  86.839 TIGER-MEDIA fps=24.0 shown=48 dropped=0 lag=1ms pts=6.00
  87.736 TIGER-MEDIA fps=24.0 shown=48 dropped=0 lag=0ms pts=4.00
  88.648 [com.apple.WebKit:Media:-] HTMLMediaElement::handlePlaybackPositionChanged(A2F78BBCEA09865B) current time ({"value":7.458333}) is greater then duration ({"value":7.458333}) or <= 0, pausing
  88.648 [com.apple.WebKit:Media:-] MediaElementSession::clientWillPausePlayback(A2F78BBCEA09865B) 
  88.648 [com.apple.WebKit:Media:-] MediaElementSession::processClientWillPausePlayback(A2F78BBCEA09865B) state = Playing
  88.648 [com.apple.WebKit:Media:-] MediaElementSession::setState(A2F78BBCEA09865B) Paused, canProduceAudio=false
  88.684 [com.apple.WebKit:Loading:4] 0x119088240 - [webProcessIdentifier=3] NetworkConnectionToWebProcess::scheduleResourceLoad: (parentPID=23277, pageProxyID=4, webPageID=5, frameID=4294967297, resourceID=5882, existingLoaderToResume=0)
  88.684 [com.apple.WebKit:Loading:4] 0x119088240 - [webProcessIdentifier=3] NetworkConnectionToWebProcess::resolveBlobReferences: (parentPID=23277, pageProxyID=4, webPageID=5, frameID=4294967297, resourceID=5882)
  88.686 [com.apple.WebKit:Loading:4] 0x119088240 - [webProcessIdentifier=3] NetworkConnectionToWebProcess::scheduleResourceLoad: (parentPID=23277, pageProxyID=4, webPageID=5, frameID=4294967297, resourceID=5883, existingLoaderToResume=0)
  88.686 [com.apple.WebKit:Loading:4] 0x119088240 - [webProcessIdentifier=3] NetworkConnectionToWebProcess::resolveBlobReferences: (parentPID=23277, pageProxyID=4, webPageID=5, frameID=4294967297, resourceID=5883)
  88.694 [com.apple.WebKit:Loading:4] 0x119088240 - [webProcessIdentifier=3] NetworkConnectionToWebProcess::scheduleResourceLoad: (parentPID=23277, pageProxyID=4, webPageID=5, frameID=4294967297, resourceID=5884, existingLoaderToResume=0)
  88.694 [com.apple.WebKit:Loading:4] 0x119088240 - [webProcessIdentifier=3] NetworkConnectionToWebProcess::resolveBlobReferences: (parentPID=23277, pageProxyID=4, webPageID=5, frameID=4294967297, resourceID=5884)
  88.706 [com.apple.WebKit:Loading:4] 0x119088240 - [webProcessIdentifier=3] NetworkConnectionToWebProcess::scheduleResourceLoad: (parentPID=23277, pageProxyID=4, webPageID=5, frameID=4294967297, resourceID=5885, existingLoaderToResume=0)
  88.706 [com.apple.WebKit:Loading:4] 0x119088240 - [webProcessIdentifier=3] NetworkConnectionToWebProcess::resolveBlobReferences: (parentPID=23277, pageProxyID=4, webPageID=5, frameID=4294967297, resourceID=5885)
  88.724 [com.apple.WebKit:Loading:4] 0x119088240 - [webProcessIdentifier=3] NetworkConnectionToWebProcess::scheduleResourceLoad: (parentPID=23277, pageProxyID=4, webPageID=5, frameID=4294967297, resourceID=5886, existingLoaderToResume=0)
  88.724 [com.apple.WebKit:Loading:4] 0x119088240 - [webProcessIdentifier=3] NetworkConnectionToWebProcess::resolveBlobReferences: (parentPID=23277, pageProxyID=4, webPageID=5, frameID=4294967297, resourceID=5886)
  88.748 [com.apple.WebKit:Loading:4] 0x119088240 - [webProcessIdentifier=3] NetworkConnectionToWebProcess::scheduleResourceLoad: (parentPID=23277, pageProxyID=4, webPageID=5, frameID=4294967297, resourceID=5887, existingLoaderToResume=0)
  88.748 [com.apple.WebKit:Loading:4] 0x119088240 - [webProcessIdentifier=3] NetworkConnectionToWebProcess::resolveBlobReferences: (parentPID=23277, pageProxyID=4, webPageID=5, frameID=4294967297, resourceID=5887)
  88.759 [com.apple.WebKit:Loading:4] 0x119088240 - [webProcessIdentifier=3] NetworkConnectionToWebProcess::scheduleResourceLoad: (parentPID=23277, pageProxyID=4, webPageID=5, frameID=4294967297, resourceID=5888, existingLoaderToResume=0)
  88.759 [com.apple.WebKit:Loading:4] 0x119088240 - [webProcessIdentifier=3] NetworkConnectionToWebProcess::resolveBlobReferences: (parentPID=23277, pageProxyID=4, webPageID=5, frameID=4294967297, resourceID=5888)
  88.992 [com.apple.WebKit:Loading:4] 0x119088240 - [webProcessIdentifier=3] NetworkConnectionToWebProcess::scheduleResourceLoad: (parentPID=23277, pageProxyID=4, webPageID=5, frameID=4294967297, resourceID=5889, existingLoaderToResume=0)
  88.994 [com.apple.WebKit:Loading:4] 0x119088240 - [webProcessIdentifier=3] NetworkConnectionToWebProcess::resolveBlobReferences: (parentPID=23277, pageProxyID=4, webPageID=5, frameID=4294967297, resourceID=5889)
  89.237 [com.apple.WebKit:Loading:4] 0x119088240 - [webProcessIdentifier=3] NetworkConnectionToWebProcess::scheduleResourceLoad: (parentPID=23277, pageProxyID=4, webPageID=5, frameID=4294967297, resourceID=5890, existingLoaderToResume=0)
  89.237 [com.apple.WebKit:Loading:4] 0x119088240 - [webProcessIdentifier=3] NetworkConnectionToWebProcess::resolveBlobReferences: (parentPID=23277, pageProxyID=4, webPageID=5, frameID=4294967297, resourceID=5890)
  89.241 [com.apple.WebKit:Loading:4] 0x119088240 - [webProcessIdentifier=3] NetworkConnectionToWebProcess::scheduleResourceLoad: (parentPID=23277, pageProxyID=4, webPageID=5, frameID=4294967297, resourceID=5891, existingLoaderToResume=0)
  89.241 [com.apple.WebKit:Loading:4] 0x119088240 - [webProcessIdentifier=3] NetworkConnectionToWebProcess::resolveBlobReferences: (parentPID=23277, pageProxyID=4, webPageID=5, frameID=4294967297, resourceID=5891)
  89.260 [com.apple.WebKit:Loading:4] 0x119088240 - [webProcessIdentifier=3] NetworkConnectionToWebProcess::scheduleResourceLoad: (parentPID=23277, pageProxyID=4, webPageID=5, frameID=4294967297, resourceID=5892, existingLoaderToResume=0)
  89.260 [com.apple.WebKit:Loading:4] 0x119088240 - [webProcessIdentifier=3] NetworkConnectionToWebProcess::resolveBlobReferences: (parentPID=23277, pageProxyID=4, webPageID=5, frameID=4294967297, resourceID=5892)
  89.272 [com.apple.WebKit:Loading:4] 0x119088240 - [webProcessIdentifier=3] NetworkConnectionToWebProcess::scheduleResourceLoad: (parentPID=23277, pageProxyID=4, webPageID=5, frameID=4294967297, resourceID=5893, existingLoaderToResume=0)
  89.272 [com.apple.WebKit:Loading:4] 0x119088240 - [webProcessIdentifier=3] NetworkConnectionToWebProcess::resolveBlobReferences: (parentPID=23277, pageProxyID=4, webPageID=5, frameID=4294967297, resourceID=5893)
  89.289 [com.apple.WebKit:Loading:4] 0x119088240 - [webProcessIdentifier=3] NetworkConnectionToWebProcess::scheduleResourceLoad: (parentPID=23277, pageProxyID=4, webPageID=5, frameID=4294967297, resourceID=5902, existingLoaderToResume=0)
  89.289 [com.apple.WebKit:Loading:4] 0x119088240 - [webProcessIdentifier=3] NetworkConnectionToWebProcess::resolveBlobReferences: (parentPID=23277, pageProxyID=4, webPageID=5, frameID=4294967297, resourceID=5902)
  89.307 [com.apple.WebKit:Loading:4] 0x119088240 - [webProcessIdentifier=3] NetworkConnectionToWebProcess::scheduleResourceLoad: (parentPID=23277, pageProxyID=4, webPageID=5, frameID=4294967297, resourceID=5911, existingLoaderToResume=0)
  89.309 [com.apple.WebKit:Loading:4] 0x119088240 - [webProcessIdentifier=3] NetworkConnectionToWebProcess::resolveBlobReferences: (parentPID=23277, pageProxyID=4, webPageID=5, frameID=4294967297, resourceID=5911)
  89.312 [com.apple.WebKit:Loading:4] 0x119088240 - [webProcessIdentifier=3] NetworkConnectionToWebProcess::scheduleResourceLoad: (parentPID=23277, pageProxyID=4, webPageID=5, frameID=4294967297, resourceID=5912, existingLoaderToResume=0)
  89.312 [com.apple.WebKit:Loading:4] 0x119088240 - [webProcessIdentifier=3] NetworkConnectionToWebProcess::resolveBlobReferences: (parentPID=23277, pageProxyID=4, webPageID=5, frameID=4294967297, resourceID=5912)
  89.444 [com.apple.WebKit:Loading:4] 0x119088240 - [webProcessIdentifier=3] NetworkConnectionToWebProcess::scheduleResourceLoad: (parentPID=23277, pageProxyID=4, webPageID=5, frameID=4294967297, resourceID=5913, existingLoaderToResume=0)
  89.444 [com.apple.WebKit:Loading:4] 0x119088240 - [webProcessIdentifier=3] NetworkConnectionToWebProcess::resolveBlobReferences: (parentPID=23277, pageProxyID=4, webPageID=5, frameID=4294967297, resourceID=5913)
  89.775 TIGER-MEDIA fps=24.0 shown=49 dropped=0 lag=-1ms pts=6.04
  90.838 TIGER-EXIT pid 0x5aed
  90.838  thread 0x117 state-kr 0x0 pc 0x90009817 leaf mach_msg_trap+0x7 frames: 0x90009817 0x9004626a 0x2dd615
  91.011 TIGER-EXIT pid 0x5af1
  91.011  thread 0xd03 state-kr 0x0 pc 0x10b6dfe4e leaf mach_msg_trap+0xa frames: 0x10b6dfe4e 0x10b69511d 0x1003286fd 0x10b684c75 0x10b684a0c 0x100001893 0x1000017a1 0x3
