   0.381 TigerWK2App: loading https://react.dev/
   0.464 TIGER-SAMPLE pid 0xa2d n 0x0 main 0x117 thread 0x117 state-kr 0x0 pc 0x90009817 leaf mach_msg_trap+0x7 frames: 0x90009817 0x90c87648 0x90c81061 0x9328fad0 0x9328fa14 0x9328f922 0x9328f860 0x9328f35d 0x9328ef28 0x927f9881 0x927f96ab 0x915237c9 0x915236fa 0x915235c6 0x92e09084 0x9328d11d 0x9328cb37 0x932868c4 0x8af6 0x82f2 0x8219 0x5
   0.464 TIGER-SAMPLE pid 0xa2d n 0x0 thread 0x1203 thread 0x1203 state-kr 0x0 pc 0x90009817 leaf mach_msg_trap+0x7 frames: 0x90009817 0x2ca6d8 0x90023d67
   0.464 TIGER-SAMPLE pid 0xa2d n 0x0 thread 0x3207 thread 0x3207 state-kr 0x0 pc 0x90024407 leaf semaphore_wait_signal_trap+0x7 frames: 0x90024407 0x364de 0x90023d67
   0.464 TIGER-SAMPLE pid 0xa2d n 0x0 thread 0x3403 thread 0x3403 state-kr 0x0 pc 0x90024407 leaf semaphore_wait_signal_trap+0x7 frames: 0x90024407 0x364de 0x90023d67
   0.542 Unknown logging channel: Loading
   0.542 Unknown logging channel: Layout
   0.548 [com.apple.WebKit:Process:4] 0x109a011a0 - NetworkProcess::initializeNetworkProcess: Presenting processPID=2609
   0.553 Unknown logging channel: Loading
   0.553 Unknown logging channel: Layout
   0.555 [com.apple.WebKit:Process:4] getNetworkProcessConnection: Request connection for core identifier 3
   0.566 [com.apple.WebKit:Process:4] 0x109a011a0 - NetworkProcess::createNetworkConnectionToWebProcess: Create connection for web process core identifier 3
   0.566 [com.apple.WebKit:Process:4] 0x109a12080 - NetworkConnectionToWebProcess::NetworkConnectionToWebProcess: Create connection for web process core identifier 3
   0.567 [com.apple.WebKit:Process:4] 0x109a12080 - NetworkConnectionToWebProcess::NetworkConnectionToWebProcess: Connection for web process core identifier 3 established service worker server connection
   0.567 [com.apple.WebKit:Process:4] 0x109a12080 - NetworkConnectionToWebProcess::NetworkConnectionToWebProcess: Connection for web process core identifier 3 established shared worker connection
   0.567 [com.apple.WebKit:Process:4] 0x109a011a0 - NetworkProcess::createNetworkConnectionToWebProcess: Finished creating connection for web process core identifier 3, notifying the UI process
   0.572 [com.apple.WebKit:Process:4] 0x109a011a0 - NetworkProcess::createNetworkConnectionToWebProcess: Handed off connect for web process core identifier 3 to the UI process
   0.628 [com.apple.WebKit:Process:4] 0x109c011a0 - [sessionID=1] WebProcess::initializeWebProcess: Presenting processPID=2605
   0.629 [com.apple.WebKit:Loading:4] 0x10c024c00 - [webPageID=5] WebPage::constructor:
   0.634 [com.apple.WebKit:Loading:4] WebPreferencesStore: non-default preferences: AcceleratedCompositingEnabled=false, UseGPUProcessForDOMRenderingEnabled=false
   0.661 [com.apple.WebKit:Layout:4] [webFrameID=4294967297, webPageID=5] WebLocalFrameLoaderClient::completePageTransitionIfNeeded: dispatching didCompletePageTransition
   0.663 [com.apple.WebKit:Loading:4] [webPageID=5] WebPage::loadRequest: navigationID=11, shouldTreatAsContinuingLoad=0, lastNavigationWasAppInitiated=1, existingNetworkResourceLoadIdentifierToResume=0
   0.674 [com.apple.WebKit:Process:4] GPUProcessConnection::create(12)
   0.675 [com.apple.WebKit:Loading:4] [pageID=5, frameID=4294967297] PolicyChecker::checkNavigationPolicy: continuing because this policyAction from dispatchDecidePolicyForNavigationAction is Use
   0.684 [com.apple.WebKit:Loading:4] 0x109a12080 - [webProcessIdentifier=3] NetworkConnectionToWebProcess::scheduleResourceLoad: (parentPID=2605, pageProxyID=4, webPageID=5, frameID=4294967297, resourceID=13, existingLoaderToResume=0)
   0.685 [com.apple.WebKit:Loading:4] 0x109a12080 - [webProcessIdentifier=3] NetworkConnectionToWebProcess::scheduleResourceLoad: Deferring resource load until service worker registrations for origin are imported
   0.685 [com.apple.WebKit:Loading:4] 0x109a12080 - [webProcessIdentifier=3] NetworkConnectionToWebProcess::scheduleResourceLoad: (parentPID=2605, pageProxyID=4, webPageID=5, frameID=4294967297, resourceID=13, existingLoaderToResume=0)
   0.685 [com.apple.WebKit:Loading:4] 0x109a12080 - [webProcessIdentifier=3] NetworkConnectionToWebProcess::resolveBlobReferences: (parentPID=2605, pageProxyID=4, webPageID=5, frameID=4294967297, resourceID=13)
   0.709 TIGER-SAMPLE pid 0xa2d n 0x1 main 0x117 thread 0x117 state-kr 0x0 pc 0x90374fba leaf decode_data+0x539 frames: 0x90374fba 0x9037c6e2 0x9037c503 0x9037b196 0x90339b44 0x9033840d 0x948ca1dc 0x948c7f42 0x90336ac1 0x246197a 0x44367 0x43c51 0x43a7b 0x162cfa 0x1627d8 0x2ba886 0x4c7ab 0x144288 0x18ec60 0x18f86b 0x2b4424 0x2b4821 0x2b5068 0x2b9404 0x3126812 0x319401e 0x9082cf06 0x9082ca42 0x92e06878 0x92e05f82 0x92e05dd9 0x9328cf45 0x9328cb37 0x932868c4 0x8af6 0x82f2 0x8219 0x5
   0.709 TIGER-SAMPLE pid 0xa2d n 0x1 thread 0x1203 thread 0x1203 state-kr 0x0 pc 0x90009817 leaf mach_msg_trap+0x7 frames: 0x90009817 0x2ca6d8 0x90023d67
   0.709 TIGER-SAMPLE pid 0xa2d n 0x1 thread 0x3207 thread 0x3207 state-kr 0x0 pc 0x90024407 leaf semaphore_wait_signal_trap+0x7 frames: 0x90024407 0x364de 0x90023d67
   0.709 TIGER-SAMPLE pid 0xa2d n 0x1 thread 0x3403 thread 0x3403 state-kr 0x0 pc 0x90024407 leaf semaphore_wait_signal_trap+0x7 frames: 0x90024407 0x364de 0x90023d67
   0.709 TIGER-SAMPLE pid 0xa2d n 0x1 thread 0x5103 thread 0x5103 state-kr 0x0 pc 0x900bc3fc leaf poll+0xc frames: 0x900bc3fc 0x2cd134 0x313210b 0x319b321 0x90023d67
   0.709 TIGER-SAMPLE pid 0xa2d n 0x1 thread 0x5203 thread 0x5203 state-kr 0x0 pc 0x90024407 leaf semaphore_wait_signal_trap+0x7 frames: 0x90024407 0x364de 0x90023d67
   0.709 TIGER-SAMPLE pid 0xa2d n 0x1 thread 0x5503 thread 0x5503 state-kr 0x0 pc 0x900bc3fc leaf poll+0xc frames: 0x900bc3fc 0x2cd134 0x313210b 0x319b321 0x90023d67
   0.709 TIGER-SAMPLE pid 0xa2d n 0x1 thread 0x5603 thread 0x5603 state-kr 0x0 pc 0x90024407 leaf semaphore_wait_signal_trap+0x7 frames: 0x90024407 0x364de 0x90023d67
   0.709 TIGER-SAMPLE pid 0xa2d n 0x1 thread 0x5c07 thread 0x5c07 state-kr 0x0 pc 0x900bc3fc leaf poll+0xc frames: 0x900bc3fc 0x2cd134 0x313210b 0x319b321 0x90023d67
   0.790 TIGER-SAMPLE pid 0xa31 n 0x0 main 0xd03 thread 0xd03 state-kr 0x0 pc 0x109895e22 leaf __semwait_signal+0xa frames: 0x109895e22 0x10409ca17 0x103fcd562 0x10409fb49 0x10409ec36 0x10409e819 0x10004a16b 0x10000154c 0x100001461 0x3
   0.790 TIGER-SAMPLE pid 0xa31 n 0x0 thread 0xf03 thread 0xf03 state-kr 0x0 pc 0x1098dfe4e leaf mach_msg_trap+0xa frames: 0x1098dfe4e 0x100327902 0x109891e9e
   0.790 TIGER-SAMPLE pid 0xa31 n 0x0 thread 0x1103 thread 0x1103 state-kr 0x0 pc 0x109895e22 leaf __semwait_signal+0xa frames: 0x109895e22 0x10409c9d5 0x103fcd562 0x10409fb49 0x10409ec36 0x10409e819 0x104033bfe 0x10409c3f9 0x109891e9e
   0.790 TIGER-SAMPLE pid 0xa31 n 0x0 thread 0x2303 thread 0x2303 state-kr 0x0 pc 0x1098467e6 leaf poll+0xa frames: 0x1098467e6 0x104033bfe 0x10409c3f9 0x109891e9e
   0.790 TIGER-SAMPLE pid 0xa31 n 0x0 thread 0x2407 thread 0x2407 state-kr 0x0 pc 0x109895e22 leaf __semwait_signal+0xa frames: 0x109895e22 0x10409c9d5 0x103fcd562 0x10409fb49 0x10409ec36 0x10409e819 0x104033bfe 0x10409c3f9 0x109891e9e
   0.790 TIGER-SAMPLE pid 0xa31 n 0x0 thread 0x2503 thread 0x2503 state-kr 0x0 pc 0x109895e22 leaf __semwait_signal+0xa frames: 0x109895e22 0x10409c9d5 0x103fcd562 0x10409fb49 0x10409ec36 0x10409e819 0x104033bfe 0x10409c3f9 0x109891e9e
   0.790 TIGER-SAMPLE pid 0xa31 n 0x0 thread 0x2603 thread 0x2603 state-kr 0x0 pc 0x109895e22 leaf __semwait_signal+0xa frames: 0x109895e22 0x10409c9d5 0x103fcd562 0x10409fb49 0x10409ec36 0x10409e819 0x104033bfe 0x10409c3f9 0x109891e9e
   0.790 TIGER-SAMPLE pid 0xa31 n 0x0 thread 0x2703 thread 0x2703 state-kr 0x0 pc 0x109895e22 leaf __semwait_signal+0xa frames: 0x109895e22 0x10409c9d5 0x103fcd562 0x10409fb49 0x10409ec36 0x10409e819 0x104033bfe 0x10409c3f9 0x109891e9e
   0.790 TIGER-SAMPLE pid 0xa31 n 0x0 thread 0x2903 thread 0x2903 state-kr 0x0 pc 0x109895e22 leaf __semwait_signal+0xa frames: 0x109895e22 0x10409c9d5 0x103fcd562 0x10409fb49 0x10409ec36 0x10409e819 0x104033bfe 0x10409c3f9 0x109891e9e
   0.790 TIGER-SAMPLE pid 0xa31 n 0x0 thread 0x2a03 thread 0x2a03 state-kr 0x0 pc 0x1098467e6 leaf poll+0xa frames: 0x1098467e6 0x104033bfe 0x10409c3f9 0x109891e9e
   0.793 TIGER-SAMPLE pid 0xa31 n 0x0 thread 0x2b03 thread 0x2b03 state-kr 0x0 pc 0x100346bcb leaf X509_NAME_dup+0x31b frames: 0x100346bcb 0x1003465ae 0x100341ae6 0x100342537 0x100341f5f 0x100342537 0x100341f5f 0x1003417cc 0x10039b2b0 0x1003b65cd 0x1003b6738 0x1003c1af9 0x1043b43a6 0x1043b4942 0x1043b85b3 0x1043bb6a0 0x104351506 0x104348467 0x10434cc6f 0x104389126 0x104388ae3 0x101f3e9b2 0x104033bfe 0x10409c3f9 0x109891e9e
   0.808 TIGER-SAMPLE pid 0xa30 n 0x0 main 0xd03 thread 0xd03 state-kr 0x0 pc 0x109a95e22 leaf __semwait_signal+0xa frames: 0x109a95e22 0x1042a1327 0x1041d56a2 0x1042a4329 0x1042a34a6 0x1042a3089 0x100046488 0x100001d0c 0x100001c21 0x3
   0.808 TIGER-SAMPLE pid 0xa30 n 0x0 thread 0xf03 thread 0xf03 state-kr 0x0 pc 0x109adfe4e leaf mach_msg_trap+0xa frames: 0x109adfe4e 0x10045c512 0x109a91e9e
   0.808 TIGER-SAMPLE pid 0xa30 n 0x0 thread 0x1103 thread 0x1103 state-kr 0x0 pc 0x109a95e22 leaf __semwait_signal+0xa frames: 0x109a95e22 0x1042a12e5 0x1041d56a2 0x1042a4329 0x1042a34a6 0x1042a3089 0x10423ab3e 0x1042a0d09 0x109a91e9e
   0.808 TIGER-SAMPLE pid 0xa30 n 0x0 thread 0x2303 thread 0x2303 state-kr 0x0 pc 0x109a95e22 leaf __semwait_signal+0xa frames: 0x109a95e22 0x1042a12e5 0x1041d56a2 0x1042a4329 0x1042a34a6 0x1042a3089 0x10423ab3e 0x1042a0d09 0x109a91e9e
   0.808 TIGER-SAMPLE pid 0xa30 n 0x0 thread 0x2403 thread 0x2403 state-kr 0x0 pc 0x109a95e22 leaf __semwait_signal+0xa frames: 0x109a95e22 0x1042a12e5 0x1041d56a2 0x1042a4329 0x1042a34a6 0x1042a3089 0x10423ab3e 0x1042a0d09 0x109a91e9e
   0.808 TIGER-SAMPLE pid 0xa30 n 0x0 thread 0x2503 thread 0x2503 state-kr 0x0 pc 0x109a467e6 leaf poll+0xa frames: 0x109a467e6 0x10423ab3e 0x1042a0d09 0x109a91e9e
   0.808 TIGER-SAMPLE pid 0xa30 n 0x0 thread 0x2603 thread 0x2603 state-kr 0x0 pc 0x109a95e22 leaf __semwait_signal+0xa frames: 0x109a95e22 0x1042a12e5 0x1041d56a2 0x1042a4329 0x1042a34a6 0x1042a3089 0x10423ab3e 0x1042a0d09 0x109a91e9e
   0.808 TIGER-SAMPLE pid 0xa30 n 0x0 thread 0x2703 thread 0x2703 state-kr 0x0 pc 0x109a467e6 leaf poll+0xa frames: 0x109a467e6 0x10423ab3e 0x1042a0d09 0x109a91e9e
   0.808 TIGER-SAMPLE pid 0xa30 n 0x0 thread 0x2807 thread 0x2807 state-kr 0x0 pc 0x109a95e22 leaf __semwait_signal+0xa frames: 0x109a95e22 0x1042a12e5 0x1041d56a2 0x1042a4329 0x1042a34a6 0x1042a3089 0x10423ab3e 0x1042a0d09 0x109a91e9e
   0.808 TIGER-SAMPLE pid 0xa30 n 0x0 thread 0x2903 thread 0x2903 state-kr 0x0 pc 0x109a95e22 leaf __semwait_signal+0xa frames: 0x109a95e22 0x1042a12e5 0x1041d56a2 0x1042a4329 0x1042a34a6 0x1042a3089 0x10423ab3e 0x1042a0d09 0x109a91e9e
   0.808 TIGER-SAMPLE pid 0xa30 n 0x0 thread 0x2a03 thread 0x2a03 state-kr 0x0 pc 0x109a95e22 leaf __semwait_signal+0xa frames: 0x109a95e22 0x1042a12e5 0x1041d56a2 0x1042a4329 0x1042a34a6 0x1042a3089 0x10423ab3e 0x1042a0d09 0x109a91e9e
   0.808 TIGER-SAMPLE pid 0xa30 n 0x0 thread 0x2b03 thread 0x2b03 state-kr 0x0 pc 0x109a467e6 leaf poll+0xa frames: 0x109a467e6 0x10423ab3e 0x1042a0d09 0x109a91e9e
   0.808 TIGER-SAMPLE pid 0xa30 n 0x0 thread 0x2c03 thread 0x2c03 state-kr 0x0 pc 0x109a95e22 leaf __semwait_signal+0xa frames: 0x109a95e22 0x1042a12e5 0x1041d56a2 0x1042a4329 0x1042a34a6 0x1042a3089 0x10423ab3e 0x1042a0d09 0x109a91e9e
   0.808 TIGER-SAMPLE pid 0xa30 n 0x0 thread 0x2d03 thread 0x2d03 state-kr 0x0 pc 0x109a467e6 leaf poll+0xa frames: 0x109a467e6 0x10423ab3e 0x1042a0d09 0x109a91e9e
   0.895 [com.apple.WebKit:Loading:4] 0x109a12080 - [webProcessIdentifier=3] NetworkConnectionToWebProcess::scheduleResourceLoad: (parentPID=2605, pageProxyID=4, webPageID=5, frameID=4294967297, resourceID=18, existingLoaderToResume=0)
   0.895 [com.apple.WebKit:Loading:4] 0x109a12080 - [webProcessIdentifier=3] NetworkConnectionToWebProcess::resolveBlobReferences: (parentPID=2605, pageProxyID=4, webPageID=5, frameID=4294967297, resourceID=18)
   0.910 [com.apple.WebKit:Loading:4] 0x109a12080 - [webProcessIdentifier=3] NetworkConnectionToWebProcess::scheduleResourceLoad: (parentPID=2605, pageProxyID=4, webPageID=5, frameID=4294967297, resourceID=19, existingLoaderToResume=0)
   0.910 [com.apple.WebKit:Loading:4] 0x109a12080 - [webProcessIdentifier=3] NetworkConnectionToWebProcess::resolveBlobReferences: (parentPID=2605, pageProxyID=4, webPageID=5, frameID=4294967297, resourceID=19)
   0.910 [com.apple.WebKit:Loading:4] 0x109a12080 - [webProcessIdentifier=3] NetworkConnectionToWebProcess::scheduleResourceLoad: (parentPID=2605, pageProxyID=4, webPageID=5, frameID=4294967297, resourceID=20, existingLoaderToResume=0)
   0.910 [com.apple.WebKit:Loading:4] 0x109a12080 - [webProcessIdentifier=3] NetworkConnectionToWebProcess::resolveBlobReferences: (parentPID=2605, pageProxyID=4, webPageID=5, frameID=4294967297, resourceID=20)
   0.910 [com.apple.WebKit:Loading:4] 0x109a12080 - [webProcessIdentifier=3] NetworkConnectionToWebProcess::scheduleResourceLoad: (parentPID=2605, pageProxyID=4, webPageID=5, frameID=4294967297, resourceID=21, existingLoaderToResume=0)
   0.910 [com.apple.WebKit:Loading:4] 0x109a12080 - [webProcessIdentifier=3] NetworkConnectionToWebProcess::resolveBlobReferences: (parentPID=2605, pageProxyID=4, webPageID=5, frameID=4294967297, resourceID=21)
   0.910 [com.apple.WebKit:Loading:4] 0x109a12080 - [webProcessIdentifier=3] NetworkConnectionToWebProcess::scheduleResourceLoad: (parentPID=2605, pageProxyID=4, webPageID=5, frameID=4294967297, resourceID=22, existingLoaderToResume=0)
   0.910 [com.apple.WebKit:Loading:4] 0x109a12080 - [webProcessIdentifier=3] NetworkConnectionToWebProcess::resolveBlobReferences: (parentPID=2605, pageProxyID=4, webPageID=5, frameID=4294967297, resourceID=22)
   0.911 [com.apple.WebKit:Loading:4] 0x109a12080 - [webProcessIdentifier=3] NetworkConnectionToWebProcess::scheduleResourceLoad: (parentPID=2605, pageProxyID=4, webPageID=5, frameID=4294967297, resourceID=23, existingLoaderToResume=0)
   0.911 [com.apple.WebKit:Loading:4] 0x109a12080 - [webProcessIdentifier=3] NetworkConnectionToWebProcess::resolveBlobReferences: (parentPID=2605, pageProxyID=4, webPageID=5, frameID=4294967297, resourceID=23)
   0.911 [com.apple.WebKit:Loading:4] 0x109a12080 - [webProcessIdentifier=3] NetworkConnectionToWebProcess::scheduleResourceLoad: (parentPID=2605, pageProxyID=4, webPageID=5, frameID=4294967297, resourceID=24, existingLoaderToResume=0)
   0.911 [com.apple.WebKit:Loading:4] 0x109a12080 - [webProcessIdentifier=3] NetworkConnectionToWebProcess::resolveBlobReferences: (parentPID=2605, pageProxyID=4, webPageID=5, frameID=4294967297, resourceID=24)
   0.911 [com.apple.WebKit:Loading:4] 0x109a12080 - [webProcessIdentifier=3] NetworkConnectionToWebProcess::scheduleResourceLoad: (parentPID=2605, pageProxyID=4, webPageID=5, frameID=4294967297, resourceID=25, existingLoaderToResume=0)
   0.911 [com.apple.WebKit:Loading:4] 0x109a12080 - [webProcessIdentifier=3] NetworkConnectionToWebProcess::resolveBlobReferences: (parentPID=2605, pageProxyID=4, webPageID=5, frameID=4294967297, resourceID=25)
   0.911 [com.apple.WebKit:Loading:4] 0x109a12080 - [webProcessIdentifier=3] NetworkConnectionToWebProcess::scheduleResourceLoad: (parentPID=2605, pageProxyID=4, webPageID=5, frameID=4294967297, resourceID=26, existingLoaderToResume=0)
   0.911 [com.apple.WebKit:Loading:4] 0x109a12080 - [webProcessIdentifier=3] NetworkConnectionToWebProcess::resolveBlobReferences: (parentPID=2605, pageProxyID=4, webPageID=5, frameID=4294967297, resourceID=26)
   0.911 [com.apple.WebKit:Loading:4] 0x109a12080 - [webProcessIdentifier=3] NetworkConnectionToWebProcess::scheduleResourceLoad: (parentPID=2605, pageProxyID=4, webPageID=5, frameID=4294967297, resourceID=27, existingLoaderToResume=0)
   0.911 [com.apple.WebKit:Loading:4] 0x109a12080 - [webProcessIdentifier=3] NetworkConnectionToWebProcess::resolveBlobReferences: (parentPID=2605, pageProxyID=4, webPageID=5, frameID=4294967297, resourceID=27)
   0.912 [com.apple.WebKit:Loading:4] 0x109a12080 - [webProcessIdentifier=3] NetworkConnectionToWebProcess::scheduleResourceLoad: (parentPID=2605, pageProxyID=4, webPageID=5, frameID=4294967297, resourceID=28, existingLoaderToResume=0)
   0.912 [com.apple.WebKit:Loading:4] 0x109a12080 - [webProcessIdentifier=3] NetworkConnectionToWebProcess::resolveBlobReferences: (parentPID=2605, pageProxyID=4, webPageID=5, frameID=4294967297, resourceID=28)
   0.914 [com.apple.WebKit:Loading:4] 0x109a12080 - [webProcessIdentifier=3] NetworkConnectionToWebProcess::scheduleResourceLoad: (parentPID=2605, pageProxyID=4, webPageID=5, frameID=4294967297, resourceID=29, existingLoaderToResume=0)
   0.914 [com.apple.WebKit:Loading:4] 0x109a12080 - [webProcessIdentifier=3] NetworkConnectionToWebProcess::resolveBlobReferences: (parentPID=2605, pageProxyID=4, webPageID=5, frameID=4294967297, resourceID=29)
   0.914 [com.apple.WebKit:Loading:4] 0x109a12080 - [webProcessIdentifier=3] NetworkConnectionToWebProcess::scheduleResourceLoad: (parentPID=2605, pageProxyID=4, webPageID=5, frameID=4294967297, resourceID=30, existingLoaderToResume=0)
   0.914 [com.apple.WebKit:Loading:4] 0x109a12080 - [webProcessIdentifier=3] NetworkConnectionToWebProcess::resolveBlobReferences: (parentPID=2605, pageProxyID=4, webPageID=5, frameID=4294967297, resourceID=30)
   0.914 [com.apple.WebKit:Loading:4] 0x109a12080 - [webProcessIdentifier=3] NetworkConnectionToWebProcess::scheduleResourceLoad: (parentPID=2605, pageProxyID=4, webPageID=5, frameID=4294967297, resourceID=31, existingLoaderToResume=0)
   0.914 [com.apple.WebKit:Loading:4] 0x109a12080 - [webProcessIdentifier=3] NetworkConnectionToWebProcess::resolveBlobReferences: (parentPID=2605, pageProxyID=4, webPageID=5, frameID=4294967297, resourceID=31)
   0.915 [com.apple.WebKit:Loading:4] 0x109a12080 - [webProcessIdentifier=3] NetworkConnectionToWebProcess::scheduleResourceLoad: (parentPID=2605, pageProxyID=4, webPageID=5, frameID=4294967297, resourceID=32, existingLoaderToResume=0)
   0.915 [com.apple.WebKit:Loading:4] 0x109a12080 - [webProcessIdentifier=3] NetworkConnectionToWebProcess::resolveBlobReferences: (parentPID=2605, pageProxyID=4, webPageID=5, frameID=4294967297, resourceID=32)
   0.915 [com.apple.WebKit:Loading:4] 0x109a12080 - [webProcessIdentifier=3] NetworkConnectionToWebProcess::scheduleResourceLoad: (parentPID=2605, pageProxyID=4, webPageID=5, frameID=4294967297, resourceID=33, existingLoaderToResume=0)
   0.916 [com.apple.WebKit:Loading:4] 0x109a12080 - [webProcessIdentifier=3] NetworkConnectionToWebProcess::resolveBlobReferences: (parentPID=2605, pageProxyID=4, webPageID=5, frameID=4294967297, resourceID=33)
   0.916 [com.apple.WebKit:Loading:4] 0x109a12080 - [webProcessIdentifier=3] NetworkConnectionToWebProcess::scheduleResourceLoad: (parentPID=2605, pageProxyID=4, webPageID=5, frameID=4294967297, resourceID=34, existingLoaderToResume=0)
   0.916 [com.apple.WebKit:Loading:4] 0x109a12080 - [webProcessIdentifier=3] NetworkConnectionToWebProcess::resolveBlobReferences: (parentPID=2605, pageProxyID=4, webPageID=5, frameID=4294967297, resourceID=34)
   0.916 [com.apple.WebKit:Loading:4] 0x109a12080 - [webProcessIdentifier=3] NetworkConnectionToWebProcess::scheduleResourceLoad: (parentPID=2605, pageProxyID=4, webPageID=5, frameID=4294967297, resourceID=35, existingLoaderToResume=0)
   0.916 [com.apple.WebKit:Loading:4] 0x109a12080 - [webProcessIdentifier=3] NetworkConnectionToWebProcess::resolveBlobReferences: (parentPID=2605, pageProxyID=4, webPageID=5, frameID=4294967297, resourceID=35)
   0.916 [com.apple.WebKit:Loading:4] 0x109a12080 - [webProcessIdentifier=3] NetworkConnectionToWebProcess::scheduleResourceLoad: (parentPID=2605, pageProxyID=4, webPageID=5, frameID=4294967297, resourceID=36, existingLoaderToResume=0)
   0.916 [com.apple.WebKit:Loading:4] 0x109a12080 - [webProcessIdentifier=3] NetworkConnectionToWebProcess::resolveBlobReferences: (parentPID=2605, pageProxyID=4, webPageID=5, frameID=4294967297, resourceID=36)
   0.918 [com.apple.WebKit:Loading:4] 0x109a12080 - [webProcessIdentifier=3] NetworkConnectionToWebProcess::scheduleResourceLoad: (parentPID=2605, pageProxyID=4, webPageID=5, frameID=4294967297, resourceID=37, existingLoaderToResume=0)
   0.918 [com.apple.WebKit:Loading:4] 0x109a12080 - [webProcessIdentifier=3] NetworkConnectionToWebProcess::resolveBlobReferences: (parentPID=2605, pageProxyID=4, webPageID=5, frameID=4294967297, resourceID=37)
   0.918 [com.apple.WebKit:Loading:4] 0x109a12080 - [webProcessIdentifier=3] NetworkConnectionToWebProcess::scheduleResourceLoad: (parentPID=2605, pageProxyID=4, webPageID=5, frameID=4294967297, resourceID=38, existingLoaderToResume=0)
   0.918 [com.apple.WebKit:Loading:4] 0x109a12080 - [webProcessIdentifier=3] NetworkConnectionToWebProcess::resolveBlobReferences: (parentPID=2605, pageProxyID=4, webPageID=5, frameID=4294967297, resourceID=38)
   0.947 [com.apple.WebKit:Loading:4] 0x109a12080 - [webProcessIdentifier=3] NetworkConnectionToWebProcess::scheduleResourceLoad: (parentPID=2605, pageProxyID=4, webPageID=5, frameID=4294967297, resourceID=39, existingLoaderToResume=0)
   0.947 [com.apple.WebKit:Loading:4] 0x109a12080 - [webProcessIdentifier=3] NetworkConnectionToWebProcess::resolveBlobReferences: (parentPID=2605, pageProxyID=4, webPageID=5, frameID=4294967297, resourceID=39)
   0.947 [com.apple.WebKit:Loading:4] 0x109a12080 - [webProcessIdentifier=3] NetworkConnectionToWebProcess::scheduleResourceLoad: (parentPID=2605, pageProxyID=4, webPageID=5, frameID=4294967297, resourceID=40, existingLoaderToResume=0)
   0.947 [com.apple.WebKit:Loading:4] 0x109a12080 - [webProcessIdentifier=3] NetworkConnectionToWebProcess::resolveBlobReferences: (parentPID=2605, pageProxyID=4, webPageID=5, frameID=4294967297, resourceID=40)
   0.947 [com.apple.WebKit:Loading:4] 0x109a12080 - [webProcessIdentifier=3] NetworkConnectionToWebProcess::scheduleResourceLoad: (parentPID=2605, pageProxyID=4, webPageID=5, frameID=4294967297, resourceID=41, existingLoaderToResume=0)
   0.947 [com.apple.WebKit:Loading:4] 0x109a12080 - [webProcessIdentifier=3] NetworkConnectionToWebProcess::resolveBlobReferences: (parentPID=2605, pageProxyID=4, webPageID=5, frameID=4294967297, resourceID=41)
   0.947 [com.apple.WebKit:Loading:4] 0x109a12080 - [webProcessIdentifier=3] NetworkConnectionToWebProcess::scheduleResourceLoad: (parentPID=2605, pageProxyID=4, webPageID=5, frameID=4294967297, resourceID=42, existingLoaderToResume=0)
   0.947 [com.apple.WebKit:Loading:4] 0x109a12080 - [webProcessIdentifier=3] NetworkConnectionToWebProcess::resolveBlobReferences: (parentPID=2605, pageProxyID=4, webPageID=5, frameID=4294967297, resourceID=42)
   0.947 [com.apple.WebKit:Loading:4] 0x109a12080 - [webProcessIdentifier=3] NetworkConnectionToWebProcess::scheduleResourceLoad: (parentPID=2605, pageProxyID=4, webPageID=5, frameID=4294967297, resourceID=43, existingLoaderToResume=0)
   0.947 [com.apple.WebKit:Loading:4] 0x109a12080 - [webProcessIdentifier=3] NetworkConnectionToWebProcess::resolveBlobReferences: (parentPID=2605, pageProxyID=4, webPageID=5, frameID=4294967297, resourceID=43)
   0.948 [com.apple.WebKit:Loading:4] 0x109a12080 - [webProcessIdentifier=3] NetworkConnectionToWebProcess::scheduleResourceLoad: (parentPID=2605, pageProxyID=4, webPageID=5, frameID=4294967297, resourceID=44, existingLoaderToResume=0)
   0.948 [com.apple.WebKit:Loading:4] 0x109a12080 - [webProcessIdentifier=3] NetworkConnectionToWebProcess::resolveBlobReferences: (parentPID=2605, pageProxyID=4, webPageID=5, frameID=4294967297, resourceID=44)
   0.950 [com.apple.WebKit:Loading:4] 0x109a12080 - [webProcessIdentifier=3] NetworkConnectionToWebProcess::scheduleResourceLoad: (parentPID=2605, pageProxyID=4, webPageID=5, frameID=4294967297, resourceID=45, existingLoaderToResume=0)
   0.950 [com.apple.WebKit:Loading:4] 0x109a12080 - [webProcessIdentifier=3] NetworkConnectionToWebProcess::resolveBlobReferences: (parentPID=2605, pageProxyID=4, webPageID=5, frameID=4294967297, resourceID=45)
   0.950 [com.apple.WebKit:Loading:4] 0x109a12080 - [webProcessIdentifier=3] NetworkConnectionToWebProcess::scheduleResourceLoad: (parentPID=2605, pageProxyID=4, webPageID=5, frameID=4294967297, resourceID=46, existingLoaderToResume=0)
   0.950 [com.apple.WebKit:Loading:4] 0x109a12080 - [webProcessIdentifier=3] NetworkConnectionToWebProcess::resolveBlobReferences: (parentPID=2605, pageProxyID=4, webPageID=5, frameID=4294967297, resourceID=46)
   0.950 [com.apple.WebKit:Loading:4] 0x109a12080 - [webProcessIdentifier=3] NetworkConnectionToWebProcess::scheduleResourceLoad: (parentPID=2605, pageProxyID=4, webPageID=5, frameID=4294967297, resourceID=47, existingLoaderToResume=0)
   0.950 [com.apple.WebKit:Loading:4] 0x109a12080 - [webProcessIdentifier=3] NetworkConnectionToWebProcess::resolveBlobReferences: (parentPID=2605, pageProxyID=4, webPageID=5, frameID=4294967297, resourceID=47)
   0.953 [com.apple.WebKit:Loading:4] 0x109a12080 - [webProcessIdentifier=3] NetworkConnectionToWebProcess::scheduleResourceLoad: (parentPID=2605, pageProxyID=4, webPageID=5, frameID=4294967297, resourceID=48, existingLoaderToResume=0)
   0.953 [com.apple.WebKit:Loading:4] 0x109a12080 - [webProcessIdentifier=3] NetworkConnectionToWebProcess::resolveBlobReferences: (parentPID=2605, pageProxyID=4, webPageID=5, frameID=4294967297, resourceID=48)
   0.953 [com.apple.WebKit:Loading:4] 0x109a12080 - [webProcessIdentifier=3] NetworkConnectionToWebProcess::scheduleResourceLoad: (parentPID=2605, pageProxyID=4, webPageID=5, frameID=4294967297, resourceID=49, existingLoaderToResume=0)
   0.953 [com.apple.WebKit:Loading:4] 0x109a12080 - [webProcessIdentifier=3] NetworkConnectionToWebProcess::resolveBlobReferences: (parentPID=2605, pageProxyID=4, webPageID=5, frameID=4294967297, resourceID=49)
   0.953 [com.apple.WebKit:Loading:4] 0x109a12080 - [webProcessIdentifier=3] NetworkConnectionToWebProcess::scheduleResourceLoad: (parentPID=2605, pageProxyID=4, webPageID=5, frameID=4294967297, resourceID=50, existingLoaderToResume=0)
   0.953 [com.apple.WebKit:Loading:4] 0x109a12080 - [webProcessIdentifier=3] NetworkConnectionToWebProcess::resolveBlobReferences: (parentPID=2605, pageProxyID=4, webPageID=5, frameID=4294967297, resourceID=50)
   0.953 [com.apple.WebKit:Loading:4] 0x109a12080 - [webProcessIdentifier=3] NetworkConnectionToWebProcess::scheduleResourceLoad: (parentPID=2605, pageProxyID=4, webPageID=5, frameID=4294967297, resourceID=51, existingLoaderToResume=0)
   0.953 [com.apple.WebKit:Loading:4] 0x109a12080 - [webProcessIdentifier=3] NetworkConnectionToWebProcess::resolveBlobReferences: (parentPID=2605, pageProxyID=4, webPageID=5, frameID=4294967297, resourceID=51)
   0.953 [com.apple.WebKit:Loading:4] 0x109a12080 - [webProcessIdentifier=3] NetworkConnectionToWebProcess::scheduleResourceLoad: (parentPID=2605, pageProxyID=4, webPageID=5, frameID=4294967297, resourceID=52, existingLoaderToResume=0)
   0.953 [com.apple.WebKit:Loading:4] 0x109a12080 - [webProcessIdentifier=3] NetworkConnectionToWebProcess::resolveBlobReferences: (parentPID=2605, pageProxyID=4, webPageID=5, frameID=4294967297, resourceID=52)
   0.953 [com.apple.WebKit:Loading:4] 0x109a12080 - [webProcessIdentifier=3] NetworkConnectionToWebProcess::scheduleResourceLoad: (parentPID=2605, pageProxyID=4, webPageID=5, frameID=4294967297, resourceID=53, existingLoaderToResume=0)
   0.953 [com.apple.WebKit:Loading:4] 0x109a12080 - [webProcessIdentifier=3] NetworkConnectionToWebProcess::resolveBlobReferences: (parentPID=2605, pageProxyID=4, webPageID=5, frameID=4294967297, resourceID=53)
   0.957 TIGER-SAMPLE pid 0xa2d n 0x2 main 0x117 thread 0x117 state-kr 0x0 pc 0x90009817 leaf mach_msg_trap+0x7 frames: 0x90009817 0x9082d227 0x9082ca42 0x92e06878 0x92e05f82 0x92e05dd9 0x9328cf45 0x9328cb37 0x932868c4 0x8af6 0x82f2 0x8219 0x5
   0.957 TIGER-SAMPLE pid 0xa2d n 0x2 thread 0x1203 thread 0x1203 state-kr 0x0 pc 0x90009817 leaf mach_msg_trap+0x7 frames: 0x90009817 0x2ca6d8 0x90023d67
   0.957 TIGER-SAMPLE pid 0xa2d n 0x2 thread 0x3207 thread 0x3207 state-kr 0x0 pc 0x90024407 leaf semaphore_wait_signal_trap+0x7 frames: 0x90024407 0x364de 0x90023d67
   0.958 TIGER-SAMPLE pid 0xa2d n 0x2 thread 0x3403 thread 0x3403 state-kr 0x0 pc 0x90024407 leaf semaphore_wait_signal_trap+0x7 frames: 0x90024407 0x364de 0x90023d67
   0.958 TIGER-SAMPLE pid 0xa2d n 0x2 thread 0x5103 thread 0x5103 state-kr 0x0 pc 0x900bc3fc leaf poll+0xc frames: 0x900bc3fc 0x2cd134 0x313210b 0x319b321 0x90023d67
   0.958 TIGER-SAMPLE pid 0xa2d n 0x2 thread 0x5203 thread 0x5203 state-kr 0x0 pc 0x90024407 leaf semaphore_wait_signal_trap+0x7 frames: 0x90024407 0x364de 0x90023d67
   0.958 TIGER-SAMPLE pid 0xa2d n 0x2 thread 0x5503 thread 0x5503 state-kr 0x0 pc 0x900bc3fc leaf poll+0xc frames: 0x900bc3fc 0x2cd134 0x313210b 0x319b321 0x90023d67
   0.959 TIGER-SAMPLE pid 0xa2d n 0x2 thread 0x5603 thread 0x5603 state-kr 0x0 pc 0x90024407 leaf semaphore_wait_signal_trap+0x7 frames: 0x90024407 0x364de 0x90023d67
   0.959 TIGER-SAMPLE pid 0xa2d n 0x2 thread 0x5c07 thread 0x5c07 state-kr 0x0 pc 0x900bc3fc leaf poll+0xc frames: 0x900bc3fc 0x2cd134 0x313210b 0x319b321 0x90023d67
   0.959 TIGER-SAMPLE pid 0xa2d n 0x2 thread 0x5e07 thread 0x5e07 state-kr 0x0 pc 0x90024407 leaf semaphore_wait_signal_trap+0x7 frames: 0x90024407 0x915a96ab 0x915c3ddc 0x90023d67
   0.959 [com.apple.WebKit:Loading:4] 0x109a12080 - [webProcessIdentifier=3] NetworkConnectionToWebProcess::scheduleResourceLoad: (parentPID=2605, pageProxyID=4, webPageID=5, frameID=4294967297, resourceID=54, existingLoaderToResume=0)
   0.959 [com.apple.WebKit:Loading:4] 0x109a12080 - [webProcessIdentifier=3] NetworkConnectionToWebProcess::resolveBlobReferences: (parentPID=2605, pageProxyID=4, webPageID=5, frameID=4294967297, resourceID=54)
   0.959 [com.apple.WebKit:Loading:4] 0x109a12080 - [webProcessIdentifier=3] NetworkConnectionToWebProcess::scheduleResourceLoad: (parentPID=2605, pageProxyID=4, webPageID=5, frameID=4294967297, resourceID=55, existingLoaderToResume=0)
   0.959 [com.apple.WebKit:Loading:4] 0x109a12080 - [webProcessIdentifier=3] NetworkConnectionToWebProcess::resolveBlobReferences: (parentPID=2605, pageProxyID=4, webPageID=5, frameID=4294967297, resourceID=55)
   0.959 [com.apple.WebKit:Loading:4] 0x109a12080 - [webProcessIdentifier=3] NetworkConnectionToWebProcess::scheduleResourceLoad: (parentPID=2605, pageProxyID=4, webPageID=5, frameID=4294967297, resourceID=56, existingLoaderToResume=0)
   0.959 [com.apple.WebKit:Loading:4] 0x109a12080 - [webProcessIdentifier=3] NetworkConnectionToWebProcess::resolveBlobReferences: (parentPID=2605, pageProxyID=4, webPageID=5, frameID=4294967297, resourceID=56)
   0.959 [com.apple.WebKit:Loading:4] 0x109a12080 - [webProcessIdentifier=3] NetworkConnectionToWebProcess::scheduleResourceLoad: (parentPID=2605, pageProxyID=4, webPageID=5, frameID=4294967297, resourceID=57, existingLoaderToResume=0)
   0.959 [com.apple.WebKit:Loading:4] 0x109a12080 - [webProcessIdentifier=3] NetworkConnectionToWebProcess::resolveBlobReferences: (parentPID=2605, pageProxyID=4, webPageID=5, frameID=4294967297, resourceID=57)
   0.960 [com.apple.WebKit:Loading:4] 0x109a12080 - [webProcessIdentifier=3] NetworkConnectionToWebProcess::scheduleResourceLoad: (parentPID=2605, pageProxyID=4, webPageID=5, frameID=4294967297, resourceID=58, existingLoaderToResume=0)
   0.960 [com.apple.WebKit:Loading:4] 0x109a12080 - [webProcessIdentifier=3] NetworkConnectionToWebProcess::resolveBlobReferences: (parentPID=2605, pageProxyID=4, webPageID=5, frameID=4294967297, resourceID=58)
   0.960 [com.apple.WebKit:Loading:4] 0x109a12080 - [webProcessIdentifier=3] NetworkConnectionToWebProcess::scheduleResourceLoad: (parentPID=2605, pageProxyID=4, webPageID=5, frameID=4294967297, resourceID=59, existingLoaderToResume=0)
   0.960 [com.apple.WebKit:Loading:4] 0x109a12080 - [webProcessIdentifier=3] NetworkConnectionToWebProcess::resolveBlobReferences: (parentPID=2605, pageProxyID=4, webPageID=5, frameID=4294967297, resourceID=59)
   0.962 [com.apple.WebKit:Loading:4] 0x109a12080 - [webProcessIdentifier=3] NetworkConnectionToWebProcess::scheduleResourceLoad: (parentPID=2605, pageProxyID=4, webPageID=5, frameID=4294967297, resourceID=60, existingLoaderToResume=0)
   0.963 [com.apple.WebKit:Loading:4] 0x109a12080 - [webProcessIdentifier=3] NetworkConnectionToWebProcess::resolveBlobReferences: (parentPID=2605, pageProxyID=4, webPageID=5, frameID=4294967297, resourceID=60)
   0.963 [com.apple.WebKit:Loading:4] 0x109a12080 - [webProcessIdentifier=3] NetworkConnectionToWebProcess::scheduleResourceLoad: (parentPID=2605, pageProxyID=4, webPageID=5, frameID=4294967297, resourceID=61, existingLoaderToResume=0)
   0.963 [com.apple.WebKit:Loading:4] 0x109a12080 - [webProcessIdentifier=3] NetworkConnectionToWebProcess::resolveBlobReferences: (parentPID=2605, pageProxyID=4, webPageID=5, frameID=4294967297, resourceID=61)
   0.963 [com.apple.WebKit:Loading:4] 0x109a12080 - [webProcessIdentifier=3] NetworkConnectionToWebProcess::scheduleResourceLoad: (parentPID=2605, pageProxyID=4, webPageID=5, frameID=4294967297, resourceID=62, existingLoaderToResume=0)
   0.963 [com.apple.WebKit:Loading:4] 0x109a12080 - [webProcessIdentifier=3] NetworkConnectionToWebProcess::resolveBlobReferences: (parentPID=2605, pageProxyID=4, webPageID=5, frameID=4294967297, resourceID=62)
   0.963 [com.apple.WebKit:Loading:4] 0x109a12080 - [webProcessIdentifier=3] NetworkConnectionToWebProcess::scheduleResourceLoad: (parentPID=2605, pageProxyID=4, webPageID=5, frameID=4294967297, resourceID=63, existingLoaderToResume=0)
   0.963 [com.apple.WebKit:Loading:4] 0x109a12080 - [webProcessIdentifier=3] NetworkConnectionToWebProcess::resolveBlobReferences: (parentPID=2605, pageProxyID=4, webPageID=5, frameID=4294967297, resourceID=63)
   0.966 [com.apple.WebKit:Loading:4] 0x109a12080 - [webProcessIdentifier=3] NetworkConnectionToWebProcess::scheduleResourceLoad: (parentPID=2605, pageProxyID=4, webPageID=5, frameID=4294967297, resourceID=64, existingLoaderToResume=0)
   0.966 [com.apple.WebKit:Loading:4] 0x109a12080 - [webProcessIdentifier=3] NetworkConnectionToWebProcess::resolveBlobReferences: (parentPID=2605, pageProxyID=4, webPageID=5, frameID=4294967297, resourceID=64)
   0.966 [com.apple.WebKit:Loading:4] 0x109a12080 - [webProcessIdentifier=3] NetworkConnectionToWebProcess::scheduleResourceLoad: (parentPID=2605, pageProxyID=4, webPageID=5, frameID=4294967297, resourceID=65, existingLoaderToResume=0)
   0.966 [com.apple.WebKit:Loading:4] 0x109a12080 - [webProcessIdentifier=3] NetworkConnectionToWebProcess::resolveBlobReferences: (parentPID=2605, pageProxyID=4, webPageID=5, frameID=4294967297, resourceID=65)
   1.043 TIGER-SAMPLE pid 0xa31 n 0x1 main 0xd03 thread 0xd03 state-kr 0x0 pc 0x1098dfef6 leaf syscall_thread_switch+0xa frames: 0x1098dfef6 0x10409fba5 0x10409ec36 0x10409e819 0x10004a16b 0x10000154c 0x100001461 0x3
   1.044 TIGER-SAMPLE pid 0xa31 n 0x1 thread 0xf03 thread 0xf03 state-kr 0x0 pc 0x1098dfe4e leaf mach_msg_trap+0xa frames: 0x1098dfe4e 0x100327902 0x109891e9e
   1.044 TIGER-SAMPLE pid 0xa31 n 0x1 thread 0x1103 thread 0x1103 state-kr 0x0 pc 0x109895e22 leaf __semwait_signal+0xa frames: 0x109895e22 0x10409c9d5 0x103fcd562 0x10409fb49 0x10409ec36 0x10409e819 0x104033bfe 0x10409c3f9 0x109891e9e
   1.044 TIGER-SAMPLE pid 0xa31 n 0x1 thread 0x2303 thread 0x2303 state-kr 0x0 pc 0x1098467e6 leaf poll+0xa frames: 0x1098467e6 0x104033bfe 0x10409c3f9 0x109891e9e
   1.044 TIGER-SAMPLE pid 0xa31 n 0x1 thread 0x2407 thread 0x2407 state-kr 0x0 pc 0x109895e22 leaf __semwait_signal+0xa frames: 0x109895e22 0x10409c9d5 0x103fcd562 0x10409fb49 0x10409ec36 0x10409e819 0x104033bfe 0x10409c3f9 0x109891e9e
   1.047 TIGER-SAMPLE pid 0xa31 n 0x1 thread 0x2503 thread 0x2503 state-kr 0x0 pc 0x10409ab50 leaf _ZN3WTF7Unicode5equalENSt3__14spanIKhLm18446744073709551615EEENS2_IKDuLm18446744073709551615EEE+0x80 frames: 0x10409ab50 0x10408ac8c 0x10408b198 0x10409711d 0x10409d438 0x103fb7757 0x1001f1014 0x103fd4688 0x10409e806 0x104033bfe 0x10409c3f9 0x109891e9e
   1.047 TIGER-SAMPLE pid 0xa31 n 0x1 thread 0x2603 thread 0x2603 state-kr 0x0 pc 0x109895e22 leaf __semwait_signal+0xa frames: 0x109895e22 0x10409c9d5 0x103fcd562 0x10409fb49 0x10409ec36 0x10409e819 0x104033bfe 0x10409c3f9 0x109891e9e
   1.047 TIGER-SAMPLE pid 0xa31 n 0x1 thread 0x2703 thread 0x2703 state-kr 0x0 pc 0x1098dfef6 leaf syscall_thread_switch+0xa frames: 0x1098dfef6 0x10409fba5 0x10409ec36 0x10409e819 0x104033bfe 0x10409c3f9 0x109891e9e
   1.058 TIGER-SAMPLE pid TIGER-SAMPLE pid 0xa31 n 0x10xa30 n  thread 0x29030x1 main thread  0x2903 state-kr 0xd030x0 pc 0x1098465be thread 0xd03 state-kr 0x0 pc  leaf sendmsg+0xa0x7fffffe00656 frames: 0x1098465be frames:  0x100329c250x7fffffe00656  0x1003099400x100dded63  0x103fd46880x100de7d0e  0x10409e8060x100ddffd3  0x104033bfe0x100de0311  0x10409c3f90x100d99dbe  0x109891e9e0x1019628dd
   1.059  0x101bd5da8 0x101bd5ae7 0x101bc1b0a 0x1001a0aa9 0x1001b416a 0x100194a3b 0x1001b3422TIGER-SAMPLE pid 0xa31 n 0x1 thread 0x2a03 thread 0x2a03 state-kr 0x0 pc 0x1098467e6 0x100434593 0x1004348cf 0x100434d07 leaf poll+0xa frames: 0x1098467e6 0x104033bfe 0x10409c3f9 0x109891e9e
   1.059  0x1041dc7a8 0x1042a3076 0x100046488 0x100001d0cTIGER-SAMPLE pid  0xa31 n 0x10x100001c21 thread  0x30x2b03
   1.059  thread 0x2b03 state-kr 0x0 pc 0x7fffffe007d6TIGER-SAMPLE pid 0xa30 frames: n  0x10x7fffffe007d6 thread  0x1043bf7080xf03 0x104377da7 0x1043ca275 thread  0xf030x104378cf8 state-kr  0x00x104376063 pc  0x109adfe4e0x104374f8a 0x10434dda2 0x1043a3f7f 0x104389759 0x104388ae3 0x101f3e9b2 0x104033bfe 0x10409c3f9 0x109891e9e
   1.059  leaf mach_msg_trap+0xa frames: 0x109adfe4e 0x10045c512 0x109a91e9e
   1.059 TIGER-SAMPLE pid 0xa30 n 0x1 thread 0x1103 thread 0x1103 state-kr 0x0 pc 0x109a95e22 leaf __semwait_signal+0xa frames: 0x109a95e22 0x1042a12e5 0x1041d56a2 0x1042a4329 0x1042a34a6 0x1042a3089 0x10423ab3e 0x1042a0d09 0x109a91e9e
   1.059 TIGER-SAMPLE pid 0xa30 n 0x1 thread 0x2303 thread 0x2303 state-kr 0x0 pc 0x109a95e22 leaf __semwait_signal+0xa frames: 0x109a95e22 0x1042a12e5 0x1041d56a2 0x1042a4329 0x1042a34a6 0x1042a3089 0x10423ab3e 0x1042a0d09 0x109a91e9e
   1.060 TIGER-SAMPLE pid 0xa30 n 0x1 thread 0x2403 thread 0x2403 state-kr 0x0 pc 0x109a95e22 leaf __semwait_signal+0xa frames: 0x109a95e22 0x1042a12e5 0x1041d56a2 0x1042a4329 0x1042a34a6 0x1042a3089 0x10423ab3e 0x1042a0d09 0x109a91e9e
   1.060 TIGER-SAMPLE pid 0xa30 n 0x1 thread 0x2503 thread 0x2503 state-kr 0x0 pc 0x109a467e6 leaf poll+0xa frames: 0x109a467e6 0x10423ab3e 0x1042a0d09 0x109a91e9e
   1.060 TIGER-SAMPLE pid 0xa30 n 0x1 thread 0x2603 thread 0x2603 state-kr 0x0 pc 0x109a95e22 leaf __semwait_signal+0xa frames: 0x109a95e22 0x1042a12e5 0x1041d56a2 0x1042a4329 0x1042a34a6 0x1042a3089 0x10423ab3e 0x1042a0d09 0x109a91e9e
   1.060 TIGER-SAMPLE pid 0xa30 n 0x1 thread 0x2703 thread 0x2703 state-kr 0x0 pc 0x109a467e6 leaf poll+0xa frames: 0x109a467e6 0x10423ab3e 0x1042a0d09 0x109a91e9e
   1.061 TIGER-SAMPLE pid 0xa30 n 0x1 thread 0x2807 thread 0x2807 state-kr 0x0 pc 0x109a95e22 leaf __semwait_signal+0xa frames: 0x109a95e22 0x1042a12e5 0x1041d56a2 0x1042a4329 0x1042a34a6 0x1042a3089 0x10423ab3e 0x1042a0d09 0x109a91e9e
   1.061 TIGER-SAMPLE pid 0xa30 n 0x1 thread 0x2903 thread 0x2903 state-kr 0x0 pc 0x109a95e22 leaf __semwait_signal+0xa frames: 0x109a95e22 0x1042a12e5 0x1041d56a2 0x1042a4329 0x1042a34a6 0x1042a3089 0x10423ab3e 0x1042a0d09 0x109a91e9e
   1.061 TIGER-SAMPLE pid 0xa30 n 0x1 thread 0x2a03 thread 0x2a03 state-kr 0x0 pc 0x109a95e22 leaf __semwait_signal+0xa frames: 0x109a95e22 0x1042a12e5 0x1041d56a2 0x1042a4329 0x1042a34a6 0x1042a3089 0x10423ab3e 0x1042a0d09 0x109a91e9e
   1.061 TIGER-SAMPLE pid 0xa30 n 0x1 thread 0x2b03 thread 0x2b03 state-kr 0x0 pc 0x109a467e6 leaf poll+0xa frames: 0x109a467e6 0x10423ab3e 0x1042a0d09 0x109a91e9e
   1.061 TIGER-SAMPLE pid 0xa30 n 0x1 thread 0x2c03 thread 0x2c03 state-kr 0x0 pc 0x109a95e22 leaf __semwait_signal+0xa frames: 0x109a95e22 0x1042a12e5 0x1041d56a2 0x1042a4329 0x1042a34a6 0x1042a3089 0x10423ab3e 0x1042a0d09 0x109a91e9e
   1.062 TIGER-SAMPLE pid 0xa30 n 0x1 thread 0x2d03 thread 0x2d03 state-kr 0x0 pc 0x109a467e6 leaf poll+0xa frames: 0x109a467e6 0x10423ab3e 0x1042a0d09 0x109a91e9e
   1.195 [com.apple.WebKit:Process:4] GPUProcessConnection::didInitialize(12)
   1.211 TIGER-SAMPLE pid 0xa2d n 0x3 main 0x117 thread 0x117 state-kr 0x0 pc 0x90009817 leaf mach_msg_trap+0x7 frames: 0x90009817 0x9082d227 0x9082ca42 0x92e06878 0x92e05f82 0x92e05dd9 0x9328cf45 0x9328cb37 0x932868c4 0x8af6 0x82f2 0x8219 0x5
   1.211 TIGER-SAMPLE pid 0xa2d n 0x3 thread 0x1203 thread 0x1203 state-kr 0x0 pc 0x90009817 leaf mach_msg_trap+0x7 frames: 0x90009817 0x2ca6d8 0x90023d67
   1.211 TIGER-SAMPLE pid 0xa2d n 0x3 thread 0x3207 thread 0x3207 state-kr 0x0 pc 0x90024407 leaf semaphore_wait_signal_trap+0x7 frames: 0x90024407 0x364de 0x90023d67
   1.211 TIGER-SAMPLE pid 0xa2d n 0x3 thread 0x3403 thread 0x3403 state-kr 0x0 pc 0x90024407 leaf semaphore_wait_signal_trap+0x7 frames: 0x90024407 0x364de 0x90023d67
   1.211 TIGER-SAMPLE pid 0xa2d n 0x3 thread 0x5103 thread 0x5103 state-kr 0x0 pc 0x900bc3fc leaf poll+0xc frames: 0x900bc3fc 0x2cd134 0x313210b 0x319b321 0x90023d67
   1.211 TIGER-SAMPLE pid 0xa2d n 0x3 thread 0x5203 thread 0x5203 state-kr 0x0 pc 0x90024407 leaf semaphore_wait_signal_trap+0x7 frames: 0x90024407 0x364de 0x90023d67
   1.211 TIGER-SAMPLE pid 0xa2d n 0x3 thread 0x5503 thread 0x5503 state-kr 0x0 pc 0x900bc3fc leaf poll+0xc frames: 0x900bc3fc 0x2cd134 0x313210b 0x319b321 0x90023d67
   1.211 TIGER-SAMPLE pid 0xa2d n 0x3 thread 0x5603 thread 0x5603 state-kr 0x0 pc 0x90024407 leaf semaphore_wait_signal_trap+0x7 frames: 0x90024407 0x364de 0x90023d67
   1.211 TIGER-SAMPLE pid 0xa2d n 0x3 thread 0x5c07 thread 0x5c07 state-kr 0x0 pc 0x900bc3fc leaf poll+0xc frames: 0x900bc3fc 0x2cd134 0x313210b 0x319b321 0x90023d67
   1.211 TIGER-SAMPLE pid 0xa2d n 0x3 thread 0x5e07 thread 0x5e07 state-kr 0x0 pc 0x90024407 leaf semaphore_wait_signal_trap+0x7 frames: 0x90024407 0x915a96ab 0x915c3ddc 0x90023d67
   1.309 TIGER-SAMPLE pid 0xa31 n 0x2 main 0xd03 thread 0xd03 state-kr 0x0 pc 0x109895e22 leaf __semwait_signal+0xa frames: 0x109895e22 0x10409ca17 0x103fcd562 0x10409fb49 0x10409ec36 0x10409e819 0x10004a16b 0x10000154c 0x100001461 0x3
   1.309 TIGER-SAMPLE pid 0xa31 n 0x2 thread 0xf03 thread 0xf03 state-kr 0x0 pc 0x1098dfe4e leaf mach_msg_trap+0xa frames: 0x1098dfe4e 0x100327902 0x109891e9e
   1.310 TIGER-SAMPLE pid 0xa31 n 0x2 thread 0x1103 thread 0x1103 state-kr 0x0 pc 0x109895e22 leaf __semwait_signal+0xa frames: 0x109895e22 0x10409c9d5 0x103fcd562 0x10409fb49 0x10409ec36 0x10409e819 0x104033bfe 0x10409c3f9 0x109891e9e
   1.310 TIGER-SAMPLE pid 0xa31 n 0x2 thread 0x2303 thread 0x2303 state-kr 0x0 pc 0x1098467e6 leaf poll+0xa frames: 0x1098467e6 0x104033bfe 0x10409c3f9 0x109891e9e
   1.310 TIGER-SAMPLE pid 0xa31 n 0x2 thread 0x2407 thread 0x2407 state-kr 0x0 pc 0x109895e22 leaf __semwait_signal+0xa frames: 0x109895e22 0x10409c9d5 0x103fcd562 0x10409fb49 0x10409ec36 0x10409e819 0x104033bfe 0x10409c3f9 0x109891e9e
   1.310 TIGER-SAMPLE pid 0xa31 n 0x2 thread 0x2503 thread 0x2503 state-kr 0x0 pc 0x109895e22 leaf __semwait_signal+0xa frames: 0x109895e22 0x10409c9d5 0x103fcd562 0x10409fb49 0x10409ec36 0x10409e819 0x104033bfe 0x10409c3f9 0x109891e9e
   1.310 TIGER-SAMPLE pid 0xa31 n 0x2 thread 0x2603 thread 0x2603 state-kr 0x0 pc 0x109895e22 leaf __semwait_signal+0xa frames: 0x109895e22 0x10409c9d5 0x103fcd562 0x10409fb49 0x10409ec36 0x10409e819 0x104033bfe 0x10409c3f9 0x109891e9e
   1.311 TIGER-SAMPLE pid 0xa31 n 0x2 thread 0x2703 thread 0x2703 state-kr 0x0 pc 0x109895e22 leaf __semwait_signal+0xa frames: 0x109895e22 0x10409c9d5 0x103fcd562 0x10409fb49 0x10409ec36 0x10409e819 0x104033bfe 0x10409c3f9 0x109891e9e
   1.311 TIGER-SAMPLE pid 0xa31 n 0x2 thread 0x2903 thread 0x2903 state-kr 0x0 pc 0x109895e22 leaf __semwait_signal+0xa frames: 0x109895e22 0x10409c9d5 0x103fcd562 0x10409fb49 0x10409ec36 0x10409e819 0x104033bfe 0x10409c3f9 0x109891e9e
   1.311 TIGER-SAMPLE pid 0xa31 n 0x2 thread 0x2a03 thread 0x2a03 state-kr 0x0 pc 0x1098467e6 leaf poll+0xa frames: 0x1098467e6 0x104033bfe 0x10409c3f9 0x109891e9e
   1.311 TIGER-SAMPLE pid 0xa31 n 0x2 thread 0x2b03 thread 0x2b03 state-kr 0x0 pc 0x1098467e6 leaf poll+0xa frames: 0x1098467e6 0x104388627 0x1043887ea 0x101f32ba7 0x101f3e971 0x104033bfe 0x10409c3f9 0x109891e9e
   1.312 TIGER-SAMPLE pid 0xa30 n 0x2 main 0xd03 thread 0xd03 state-kr 0x0 pc 0x7fffffe0026d frames: 0x7fffffe0026d 0x109ada7db 0x1041bebc9 0x10427fe36 0x10429132a 0x104292d50 0x1041dab88 0x10367919d 0x103682394 0x103705779 0x103712807 0x10370f1a8 0x103713033 0x10370f1a8 0x103713f3e 0x10371d997 0x10371a62c 0x103718c34 0x1037183e0 0x103722db1 0x10371b8c7 0x103724063 0x10371b9b8 0x103718903 0x1037183e0 0x10371815d 0x1037153f2 0x103732abb 0x1037318a3 0x10370f7f2 0x10371c203 0x103719fc2 0x103718e09 0x103718464 0x10370ccc4 0x103708d36 0x10373b76c 0x10373a8a8 0x1036fc310 0x103736f43 0x103700e5d
   1.312 TIGER-SAMPLE pid 0xa30 n 0x2 thread 0xf03 thread 0xf03 state-kr 0x0 pc 0x109adfe4e leaf mach_msg_trap+0xa frames: 0x109adfe4e 0x10045c512 0x109a91e9e
   1.312 TIGER-SAMPLE pid 0xa30 n 0x2 thread 0x1103 thread 0x1103 state-kr 0x0 pc 0x109a95e22 leaf __semwait_signal+0xa frames: 0x109a95e22 0x1042a12e5 0x1041d56a2 0x1042a4329 0x1042a34a6 0x1042a3089 0x10423ab3e 0x1042a0d09 0x109a91e9e
   1.313 TIGER-SAMPLE pid 0xa30 n 0x2 thread 0x2303 thread 0x2303 state-kr 0x0 pc 0x109a95e22 leaf __semwait_signal+0xa frames: 0x109a95e22 0x1042a12e5 0x1041d56a2 0x1042a4329 0x1042a34a6 0x1042a3089 0x10423ab3e 0x1042a0d09 0x109a91e9e
   1.313 TIGER-SAMPLE pid 0xa30 n 0x2 thread 0x2403 thread 0x2403 state-kr 0x0 pc 0x109a95e22 leaf __semwait_signal+0xa frames: 0x109a95e22 0x1042a12e5 0x1041d56a2 0x1042a4329 0x1042a34a6 0x1042a3089 0x10423ab3e 0x1042a0d09 0x109a91e9e
   1.313 TIGER-SAMPLE pid 0xa30 n 0x2 thread 0x2503 thread 0x2503 state-kr 0x0 pc 0x109a467e6 leaf poll+0xa frames: 0x109a467e6 0x10423ab3e 0x1042a0d09 0x109a91e9e
   1.313 TIGER-SAMPLE pid 0xa30 n 0x2 thread 0x2603 thread 0x2603 state-kr 0x0 pc 0x109a95e22 leaf __semwait_signal+0xa frames: 0x109a95e22 0x1042a12e5 0x1041d56a2 0x1042a4329 0x1042a34a6 0x1042a3089 0x10423ab3e 0x1042a0d09 0x109a91e9e
   1.313 TIGER-SAMPLE pid 0xa30 n 0x2 thread 0x2703 thread 0x2703 state-kr 0x0 pc 0x109a467e6 leaf poll+0xa frames: 0x109a467e6 0x10423ab3e 0x1042a0d09 0x109a91e9e
   1.313 TIGER-SAMPLE pid 0xa30 n 0x2 thread 0x2807 thread 0x2807 state-kr 0x0 pc 0x109a95e22 leaf __semwait_signal+0xa frames: 0x109a95e22 0x1042a12e5 0x1041d56a2 0x1042a4329 0x1042a34a6 0x1042a3089 0x10423ab3e 0x1042a0d09 0x109a91e9e
   1.314 TIGER-SAMPLE pid 0xa30 n 0x2 thread 0x2903 thread 0x2903 state-kr 0x0 pc 0x109a95e22 leaf __semwait_signal+0xa frames: 0x109a95e22 0x1042a12e5 0x1041d56a2 0x1042a4329 0x1042a34a6 0x1042a3089 0x10423ab3e 0x1042a0d09 0x109a91e9e
   1.314 TIGER-SAMPLE pid 0xa30 n 0x2 thread 0x2a03 thread 0x2a03 state-kr 0x0 pc 0x109a95e22 leaf __semwait_signal+0xa frames: 0x109a95e22 0x1042a12e5 0x1041d56a2 0x1042a4329 0x1042a34a6 0x1042a3089 0x10423ab3e 0x1042a0d09 0x109a91e9e
   1.314 TIGER-SAMPLE pid 0xa30 n 0x2 thread 0x2b03 thread 0x2b03 state-kr 0x0 pc 0x109a467e6 leaf poll+0xa frames: 0x109a467e6 0x10423ab3e 0x1042a0d09 0x109a91e9e
   1.315 TIGER-SAMPLE pid 0xa30 n 0x2 thread 0x2c03 thread 0x2c03 state-kr 0x0 pc 0x109a95e22 leaf __semwait_signal+0xa frames: 0x109a95e22 0x1042a12e5 0x1041d56a2 0x1042a4329 0x1042a34a6 0x1042a3089 0x10423ab3e 0x1042a0d09 0x109a91e9e
   1.315 TIGER-SAMPLE pid 0xa30 n 0x2 thread 0x2d03 thread 0x2d03 state-kr 0x0 pc 0x109a467e6 leaf poll+0xa frames: 0x109a467e6 0x10423ab3e 0x1042a0d09 0x109a91e9e
   1.331 Optimized #Bhz2Pf:[0x10be09520->0x10bbdec80, LLIntFunctionCall, 74 (StrictMode)] using Baseline with Baseline into 1344 bytes in 1.847779 ms.
   1.356 TIGER-SAMPLE pid 0xa32 n 0x0 main 0xd03 thread 0xd03 state-kr 0x0 pc 0x90009817 leaf mach_msg_trap+0x7 frames: 0x90009817 0x9082d227 0x9083e100 0x300dd27 0x45d1f 0x8d14 0x8ce2 0x8c09 0x3
   1.357 TIGER-SAMPLE pid 0xa32 n 0x0 thread 0x1103 thread 0x1103 state-kr 0x0 pc 0x90009817 leaf mach_msg_trap+0x7 frames: 0x90009817 0x149388 0x90023d67
   1.357 TIGER-SAMPLE pid 0xa32 n 0x0 thread 0x1303 thread 0x1303 state-kr 0x0 pc 0x900bc3fc leaf poll+0xc frames: 0x900bc3fc 0x14c054 0x2fac96b 0x3014931 0x90023d67
   1.357 TIGER-SAMPLE pid 0xa32 n 0x0 thread 0x2507 thread 0x2507 state-kr 0x0 pc 0x90024407 leaf semaphore_wait_signal_trap+0x7 frames: 0x90024407 0x3577e 0x90023d67
   1.357 TIGER-SAMPLE pid 0xa32 n 0x0 thread 0x2703 thread 0x2703 state-kr 0x0 pc 0x900bc3fc leaf poll+0xc frames: 0x900bc3fc 0x14c054 0x2fac96b 0x3014931 0x90023d67
   1.358 TIGER-SAMPLE pid 0xa32 n 0x0 thread 0x2903 thread 0x2903 state-kr 0x0 pc 0x90024407 leaf semaphore_wait_signal_trap+0x7 frames: 0x90024407 0x3577e 0x90023d67
   1.358 TIGER-SAMPLE pid 0xa32 n 0x0 thread 0x2b03 thread 0x2b03 state-kr 0x0 pc 0x90024407 leaf semaphore_wait_signal_trap+0x7 frames: 0x90024407 0x3577e 0x90023d67
   1.358 TIGER-SAMPLE pid 0xa32 n 0x0 thread 0x2d03 thread 0x2d03 state-kr 0x0 pc 0x90024407 leaf semaphore_wait_signal_trap+0x7 frames: 0x90024407 0x3577e 0x90023d67
   1.359 TIGER-SAMPLE pid 0xa32 n 0x0 thread 0x2f03 thread 0x2f03 state-kr 0x0 pc 0x900bc3fc leaf poll+0xc frames: 0x900bc3fc 0x14c525 0x13f788 0x2fac96b 0x3014931 0x90023d67
   1.359 TIGER-SAMPLE pid 0xa32 n 0x0 thread 0x3103 thread 0x3103 state-kr 0x0 pc 0x900bc3fc leaf poll+0xc frames: 0x900bc3fc 0x14c054 0x2fac96b 0x3014931 0x90023d67
   1.363 Optimized e0#EkIqfe:[0x10be0bc80->0x10bea7880, LLIntFunctionCall, 84 (StrictMode)] using Baseline with Baseline into 1504 bytes in 0.492436 ms.
   1.364 Optimized eJ#AUgEbl:[0x10be0bba0->0x10bea7800, LLIntFunctionCall, 60 (StrictMode)] using Baseline with Baseline into 672 bytes in 0.119790 ms.
   1.364 Optimized nG#CN5I13:[0x10be0bac0->0x10bee5480, LLIntFunctionCall, 69 (StrictMode)] using Baseline with Baseline into 768 bytes in 0.126842 ms.
   1.370 Optimized r#Bz2McF:[0x10be09d00->0x10bbde780, LLIntFunctionCall, 267 (StrictMode)] using Baseline with Baseline into 3744 bytes in 1.416717 ms.
   1.463 TIGER-SAMPLE pid 0xa2d n 0x4 main 0x117 thread 0x117 state-kr 0x0 pc 0x90009817 leaf mach_msg_trap+0x7 frames: 0x90009817 0x9082d227 0x9082ca42 0x92e06878 0x92e05f82 0x92e05dd9 0x9328cf45 0x9328cb37 0x932868c4 0x8af6 0x82f2 0x8219 0x5
   1.463 TIGER-SAMPLE pid 0xa2d n 0x4 thread 0x1203 thread 0x1203 state-kr 0x0 pc 0x90009817 leaf mach_msg_trap+0x7 frames: 0x90009817 0x2ca6d8 0x90023d67
   1.464 TIGER-SAMPLE pid 0xa2d n 0x4 thread 0x3207 thread 0x3207 state-kr 0x0 pc 0x90024407 leaf semaphore_wait_signal_trap+0x7 frames: 0x90024407 0x364de 0x90023d67
   1.464 TIGER-SAMPLE pid 0xa2d n 0x4 thread 0x3403 thread 0x3403 state-kr 0x0 pc 0x90024407 leaf semaphore_wait_signal_trap+0x7 frames: 0x90024407 0x364de 0x90023d67
   1.464 TIGER-SAMPLE pid 0xa2d n 0x4 thread 0x5103 thread 0x5103 state-kr 0x0 pc 0x900bc3fc leaf poll+0xc frames: 0x900bc3fc 0x2cd134 0x313210b 0x319b321 0x90023d67
   1.464 TIGER-SAMPLE pid 0xa2d n 0x4 thread 0x5203 thread 0x5203 state-kr 0x0 pc 0x90024407 leaf semaphore_wait_signal_trap+0x7 frames: 0x90024407 0x364de 0x90023d67
   1.464 TIGER-SAMPLE pid 0xa2d n 0x4 thread 0x5503 thread 0x5503 state-kr 0x0 pc 0x900bc3fc leaf poll+0xc frames: 0x900bc3fc 0x2cd134 0x313210b 0x319b321 0x90023d67
   1.464 TIGER-SAMPLE pid 0xa2d n 0x4 thread 0x5603 thread 0x5603 state-kr 0x0 pc 0x90024407 leaf semaphore_wait_signal_trap+0x7 frames: 0x90024407 0x364de 0x90023d67
   1.464 TIGER-SAMPLE pid 0xa2d n 0x4 thread 0x5c07 thread 0x5c07 state-kr 0x0 pc 0x900bc3fc leaf poll+0xc frames: 0x900bc3fc 0x2cd134 0x313210b 0x319b321 0x90023d67
   1.464 TIGER-SAMPLE pid 0xa2d n 0x4 thread 0x5e07 thread 0x5e07 state-kr 0x0 pc 0x90024407 leaf semaphore_wait_signal_trap+0x7 frames: 0x90024407 0x915a96ab 0x915c3ddc 0x90023d67
   1.465 Optimized #Bhz2Pf:[0x14d0c8720->0x10be09520->0x10bbdec80, NoneFunctionCall, 74 (StrictMode)] using DFG with DFG into 512 bytes in 3.613820 ms.
   1.475 Optimized #ETHjWj:[0x14d0c9fa0->0x14d198180, LLIntFunctionCall, 54 (StrictMode)] using Baseline with Baseline into 768 bytes in 0.160371 ms.
   1.481 Optimized #CsLDWS:[0x10be0a320->0x10bbdea00, LLIntFunctionCall, 200 (StrictMode)] using Baseline with Baseline into 2848 bytes in 1.278842 ms.
   1.492 Optimized #Bhz2Pf:[0x14d1ac800->0x10be09520->0x10bbdec80, NoneFunctionCall, 74 (DidTryToEnterInLoop) (StrictMode)] using DFG with DFG into 512 bytes in 0.918632 ms.
   1.495 Optimized #Eqe8h0:[0x14d0c9b40->0x10bea5a80, LLIntFunctionCall, 35 (StrictMode)] using Baseline with Baseline into 832 bytes in 0.082988 ms.
   1.497 Optimized #Do6caU:[0x10be0be40->0x10bea5900, LLIntFunctionCall, 109 (StrictMode)] using Baseline with Baseline into 2464 bytes in 0.113378 ms.
   1.502 [com.apple.WebKit:Loading:4] 0x109a12080 - [webProcessIdentifier=3] NetworkConnectionToWebProcess::scheduleResourceLoad: (parentPID=2605, pageProxyID=4, webPageID=5, frameID=4294967297, resourceID=74, existingLoaderToResume=0)
   1.502 [com.apple.WebKit:Loading:4] 0x109a12080 - [webProcessIdentifier=3] NetworkConnectionToWebProcess::resolveBlobReferences: (parentPID=2605, pageProxyID=4, webPageID=5, frameID=4294967297, resourceID=74)
   1.504 [com.apple.WebKit:Loading:4] 0x109a12080 - [webProcessIdentifier=3] NetworkConnectionToWebProcess::scheduleResourceLoad: (parentPID=2605, pageProxyID=4, webPageID=5, frameID=4294967297, resourceID=75, existingLoaderToResume=0)
   1.504 [com.apple.WebKit:Loading:4] 0x109a12080 - [webProcessIdentifier=3] NetworkConnectionToWebProcess::resolveBlobReferences: (parentPID=2605, pageProxyID=4, webPageID=5, frameID=4294967297, resourceID=75)
   1.509 [com.apple.WebKit:Loading:4] 0x109a12080 - [webProcessIdentifier=3] NetworkConnectionToWebProcess::scheduleResourceLoad: (parentPID=2605, pageProxyID=4, webPageID=5, frameID=4294967297, resourceID=76, existingLoaderToResume=0)
   1.509 [com.apple.WebKit:Loading:4] 0x109a12080 - [webProcessIdentifier=3] NetworkConnectionToWebProcess::resolveBlobReferences: (parentPID=2605, pageProxyID=4, webPageID=5, frameID=4294967297, resourceID=76)
   1.531 Optimized #BXRVzF:[0x14d0c9440->0x10bea5b80, LLIntFunctionCall, 53 (StrictMode)] using Baseline with Baseline into 1056 bytes in 0.113348 ms.
   1.546 Optimized uH#Cj6jlN:[0x14d486e80->0x10bf01600, LLIntFunctionCall, 48 (StrictMode)] using Baseline with Baseline into 672 bytes in 0.142221 ms.
   1.547 Optimized uB#Axoseq:[0x14d486f60->0x10bf01700, LLIntFunctionCall, 285 (StrictMode)] using Baseline with Baseline into 3904 bytes in 0.225995 ms.
   1.547 Optimized sX#AuNEMe:[0x14d487040->0x10bf03100, LLIntFunctionCall, 147 (StrictMode)] using Baseline with Baseline into 1568 bytes in 0.158701 ms.
   1.548 Optimized #ERcPeP:[0x14d486da0->0x14d1f6800, LLIntFunctionCall, 128 (StrictMode)] using Baseline with Baseline into 1184 bytes in 0.081745 ms.
   1.562 TIGER-SAMPLE pid 0xa31 n 0x3 main 0xd03 thread 0xd03 state-kr 0x0 pc 0x109895e22 leaf __semwait_signal+0xa frames: 0x109895e22 0x10409ca17 0x103fcd562 0x10409fb49 0x10409ec36 0x10409e819 0x10004a16b 0x10000154c 0x100001461 0x3
   1.562 TIGER-SAMPLE pid 0xa31 n 0x3 thread 0xf03 thread 0xf03 state-kr 0x0 pc 0x1098dfe4e leaf mach_msg_trap+0xa frames: 0x1098dfe4e 0x100327902 0x109891e9e
   1.562 TIGER-SAMPLE pid 0xa31 n 0x3 thread 0x1103 thread 0x1103 state-kr 0x0 pc 0x109895e22 leaf __semwait_signal+0xa frames: 0x109895e22 0x10409c9d5 0x103fcd562 0x10409fb49 0x10409ec36 0x10409e819 0x104033bfe 0x10409c3f9 0x109891e9e
   1.562 TIGER-SAMPLE pid 0xa31 n 0x3 thread 0x2303 thread 0x2303 state-kr 0x0 pc 0x1098467e6 leaf poll+0xa frames: 0x1098467e6 0x104033bfe 0x10409c3f9 0x109891e9e
   1.563 TIGER-SAMPLE pid 0xa31 n 0x3 thread 0x2407 thread 0x2407 state-kr 0x0 pc 0x109895e22 leaf __semwait_signal+0xa frames: 0x109895e22 0x10409c9d5 0x103fcd562 0x10409fb49 0x10409ec36 0x10409e819 0x104033bfe 0x10409c3f9 0x109891e9e
   1.563 TIGER-SAMPLE pid 0xa31 n 0x3 thread 0x2503 thread 0x2503 state-kr 0x0 pc 0x109895e22 leaf __semwait_signal+0xa frames: 0x109895e22 0x10409c9d5 0x103fcd562 0x10409fb49 0x10409ec36 0x10409e819 0x104033bfe 0x10409c3f9 0x109891e9e
   1.563 TIGER-SAMPLE pid 0xa31 n 0x3 thread 0x2603 thread 0x2603 state-kr 0x0 pc 0x109895e22 leaf __semwait_signal+0xa frames: 0x109895e22 0x10409c9d5 0x103fcd562 0x10409fb49 0x10409ec36 0x10409e819 0x104033bfe 0x10409c3f9 0x109891e9e
   1.563 TIGER-SAMPLE pid 0xa31 n 0x3 thread 0x2703 thread 0x2703 state-kr 0x0 pc 0x109895e22 leaf __semwait_signal+0xa frames: 0x109895e22 0x10409c9d5 0x103fcd562 0x10409fb49 0x10409ec36 0x10409e819 0x104033bfe 0x10409c3f9 0x109891e9e
   1.564 TIGER-SAMPLE pid 0xa31 n 0x3 thread 0x2903 thread 0x2903 state-kr 0x0 pc 0x109895e22 leaf __semwait_signal+0xa frames: 0x109895e22 0x10409c9d5 0x103fcd562 0x10409fb49 0x10409ec36 0x10409e819 0x104033bfe 0x10409c3f9 0x109891e9e
   1.564 TIGER-SAMPLE pid 0xa31 n 0x3 thread 0x2a03 thread 0x2a03 state-kr 0x0 pc 0x1098467e6 leaf poll+0xa frames: 0x1098467e6 0x104033bfe 0x10409c3f9 0x109891e9e
   1.564 TIGER-SAMPLE pid 0xa31 n 0x3 thread 0x2b03 thread 0x2b03 state-kr 0x0 pc 0x1098467e6 leaf poll+0xa frames: 0x1098467e6 0x104388627 0x1043887ea 0x101f32ba7 0x101f3e971 0x104033bfe 0x10409c3f9 0x109891e9e
   1.565 TIGER-SAMPLE pid 0xa30 n 0x3 main 0xd03 thread 0xd03 state-kr 0x0 pc 0x7fffffe0138f frames: 0x7fffffe0138f 0x7fffffe00882 0x10458e9cc 0x104591799 0x10458a356 0x104589d5f 0x10289d0ad 0x10289bdb6 0x102881a19 0x102171d6c 0x102171f1f 0x10218ce31 0x10218c256 0x102700f5d 0x1027015c5 0x100cfb587 0x10270ea87 0x10270e449 0x1027101b5 0x102708b9e 0x101456b95 0x1014eb8cb 0x101406399 0x1014095cc 0x10142cf9f 0x10142ca14 0x10142a8ae 0x101430869 0x101432477 0x101669dff 0x10166ab1e 0x101686c82 0x101a962da 0x101a9b63e 0x101a9d6a1 0x101a9da96 0x10177f2b5 0x1017978b4 0x10261d22f 0x1042a3247 0x100046488
   1.565 TIGER-SAMPLE pid 0xa30 n 0x3 thread 0xf03 thread 0xf03 state-kr 0x0 pc 0x109adfe4e leaf mach_msg_trap+0xa frames: 0x109adfe4e 0x10045c512 0x109a91e9e
   1.566 TIGER-SAMPLE pid 0xa30 n 0x3 thread 0x1103 thread 0x1103 state-kr 0x0 pc 0x109a95e22 leaf __semwait_signal+0xa frames: 0x109a95e22 0x1042a12e5 0x1041d56a2 0x1042a4329 0x1042a34a6 0x1042a3089 0x10423ab3e 0x1042a0d09 0x109a91e9e
   1.566 TIGER-SAMPLE pid 0xa30 n 0x3 thread 0x2303 thread 0x2303 state-kr 0x0 pc 0x109a95e22 leaf __semwait_signal+0xa frames: 0x109a95e22 0x1042a12e5 0x1041d56a2 0x1042a4329 0x1042a34a6 0x1042a3089 0x10423ab3e 0x1042a0d09 0x109a91e9e
   1.566 TIGER-SAMPLE pid 0xa30 n 0x3 thread 0x2403 thread 0x2403 state-kr 0x0 pc 0x109a95e22 leaf __semwait_signal+0xa frames: 0x109a95e22 0x1042a12e5 0x1041d56a2 0x1042a4329 0x1042a34a6 0x1042a3089 0x10423ab3e 0x1042a0d09 0x109a91e9e
   1.566 TIGER-SAMPLE pid 0xa30 n 0x3 thread 0x2503 thread 0x2503 state-kr 0x0 pc 0x109a467e6 leaf poll+0xa frames: 0x109a467e6 0x10423ab3e 0x1042a0d09 0x109a91e9e
   1.566 TIGER-SAMPLE pid 0xa30 n 0x3 thread 0x2603 thread 0x2603 state-kr 0x0 pc 0x109a95e22 leaf __semwait_signal+0xa frames: 0x109a95e22 0x1042a12e5 0x1041d56a2 0x1042a4329 0x1042a34a6 0x1042a3089 0x10423ab3e 0x1042a0d09 0x109a91e9e
   1.567 TIGER-SAMPLE pid 0xa30 n 0x3 thread 0x2703 thread 0x2703 state-kr 0x0 pc 0x109a467e6 leaf poll+0xa frames: 0x109a467e6 0x10423ab3e 0x1042a0d09 0x109a91e9e
   1.567 TIGER-SAMPLE pid 0xa30 n 0x3 thread 0x2807 thread 0x2807 state-kr 0x0 pc 0x109a95e22 leaf __semwait_signal+0xa frames: 0x109a95e22 0x1042a12e5 0x1041d56a2 0x1042a4329 0x1042a34a6 0x1042a3089 0x10423ab3e 0x1042a0d09 0x109a91e9e
   1.567 TIGER-SAMPLE pid 0xa30 n 0x3 thread 0x2903 thread 0x2903 state-kr 0x0 pc 0x109a95e22 leaf __semwait_signal+0xa frames: 0x109a95e22 0x1042a12e5 0x1041d56a2 0x1042a4329 0x1042a34a6 0x1042a3089 0x10423ab3e 0x1042a0d09 0x109a91e9e
   1.568 TIGER-SAMPLE pid 0xa30 n 0x3 thread 0x2a03 thread 0x2a03 state-kr 0x0 pc 0x109a95e22 leaf __semwait_signal+0xa frames: 0x109a95e22 0x1042a12e5 0x1041d56a2 0x1042a4329 0x1042a34a6 0x1042a3089 0x10423ab3e 0x1042a0d09 0x109a91e9e
   1.568 TIGER-SAMPLE pid 0xa30 n 0x3 thread 0x2b03 thread 0x2b03 state-kr 0x0 pc 0x109a467e6 leaf poll+0xa frames: 0x109a467e6 0x10423ab3e 0x1042a0d09 0x109a91e9e
   1.568 TIGER-SAMPLE pid 0xa30 n 0x3 thread 0x2c03 thread 0x2c03 state-kr 0x0 pc 0x109a95e22 leaf __semwait_signal+0xa frames: 0x109a95e22 0x1042a12e5 0x1041d56a2 0x1042a4329 0x1042a34a6 0x1042a3089 0x10423ab3e 0x1042a0d09 0x109a91e9e
   1.568 TIGER-SAMPLE pid 0xa30 n 0x3 thread 0x2d03 thread 0x2d03 state-kr 0x0 pc 0x109a467e6 leaf poll+0xa frames: 0x109a467e6 0x10423ab3e 0x1042a0d09 0x109a91e9e
   1.568 TIGER-SAMPLE pid 0xa30 n 0x3 thread 0x4103 thread 0x4103 state-kr 0x0 pc 0x109a95e22 leaf __semwait_signal+0xa frames: 0x109a95e22 0x1042a1327 0x1041d56a2 0x1041b2277 0x10423ab3e 0x1042a0d09 0x109a91e9e
   1.569 TIGER-SAMPLE pid 0xa30 n 0x3 thread 0x4203 thread 0x4203 state-kr 0x0 pc 0x109a95e22 leaf __semwait_signal+0xa frames: 0x109a95e22 0x1042a1327 0x1041d56a2 0x1041b2277 0x10423ab3e 0x1042a0d09 0x109a91e9e
   1.609 TIGER-SAMPLE pid 0xa32 n 0x1 main 0xd03 thread 0xd03 state-kr 0x0 pc 0x90009817 leaf mach_msg_trap+0x7 frames: 0x90009817 0x9082d227 0x9083e100 0x300dd27 0x45d1f 0x8d14 0x8ce2 0x8c09 0x3
   1.610 TIGER-SAMPLE pid 0xa32 n 0x1 thread 0x1103 thread 0x1103 state-kr 0x0 pc 0x90009817 leaf mach_msg_trap+0x7 frames: 0x90009817 0x149388 0x90023d67
   1.610 TIGER-SAMPLE pid 0xa32 n 0x1 thread 0x1303 thread 0x1303 state-kr 0x0 pc 0x900bc3fc leaf poll+0xc frames: 0x900bc3fc 0x14c054 0x2fac96b 0x3014931 0x90023d67
   1.610 TIGER-SAMPLE pid 0xa32 n 0x1 thread 0x2507 thread 0x2507 state-kr 0x0 pc 0x90024407 leaf semaphore_wait_signal_trap+0x7 frames: 0x90024407 0x3577e 0x90023d67
   1.610 TIGER-SAMPLE pid 0xa32 n 0x1 thread 0x2703 thread 0x2703 state-kr 0x0 pc 0x900bc3fc leaf poll+0xc frames: 0x900bc3fc 0x14c054 0x2fac96b 0x3014931 0x90023d67
   1.611 TIGER-SAMPLE pid 0xa32 n 0x1 thread 0x2903 thread 0x2903 state-kr 0x0 pc 0x90024407 leaf semaphore_wait_signal_trap+0x7 frames: 0x90024407 0x3577e 0x90023d67
   1.611 TIGER-SAMPLE pid 0xa32 n 0x1 thread 0x2b03 thread 0x2b03 state-kr 0x0 pc 0x90024407 leaf semaphore_wait_signal_trap+0x7 frames: 0x90024407 0x3577e 0x90023d67
   1.611 TIGER-SAMPLE pid 0xa32 n 0x1 thread 0x2d03 thread 0x2d03 state-kr 0x0 pc 0x90024407 leaf semaphore_wait_signal_trap+0x7 frames: 0x90024407 0x3577e 0x90023d67
   1.611 TIGER-SAMPLE pid 0xa32 n 0x1 thread 0x2f03 thread 0x2f03 state-kr 0x0 pc 0xffff02aa frames: 0xffff02aa 0x13bcdd 0x13f790 0x2fac96b 0x3014931 0x90023d67
   1.612 TIGER-SAMPLE pid 0xa32 n 0x1 thread 0x3103 thread 0x3103 state-kr 0x0 pc 0x900bc3fc leaf poll+0xc frames: 0x900bc3fc 0x14c054 0x2fac96b 0x3014931 0x90023d67
   1.714 TIGER-SAMPLE pid 0xa2d n 0x5 main 0x117 thread 0x117 state-kr 0x0 pc 0x90009817 leaf mach_msg_trap+0x7 frames: 0x90009817 0x9082d227 0x9082ca42 0x92e06878 0x92e05f82 0x92e05dd9 0x9328cf45 0x9328cb37 0x932868c4 0x8af6 0x82f2 0x8219 0x5
   1.714 TIGER-SAMPLE pid 0xa2d n 0x5 thread 0x1203 thread 0x1203 state-kr 0x0 pc 0x90009817 leaf mach_msg_trap+0x7 frames: 0x90009817 0x2ca6d8 0x90023d67
   1.714 TIGER-SAMPLE pid 0xa2d n 0x5 thread 0x3207 thread 0x3207 state-kr 0x0 pc 0x90024407 leaf semaphore_wait_signal_trap+0x7 frames: 0x90024407 0x364de 0x90023d67
   1.715 TIGER-SAMPLE pid 0xa2d n 0x5 thread 0x3403 thread 0x3403 state-kr 0x0 pc 0x90024407 leaf semaphore_wait_signal_trap+0x7 frames: 0x90024407 0x364de 0x90023d67
   1.715 TIGER-SAMPLE pid 0xa2d n 0x5 thread 0x5103 thread 0x5103 state-kr 0x0 pc 0x900bc3fc leaf poll+0xc frames: 0x900bc3fc 0x2cd134 0x313210b 0x319b321 0x90023d67
   1.715 TIGER-SAMPLE pid 0xa2d n 0x5 thread 0x5203 thread 0x5203 state-kr 0x0 pc 0x90024407 leaf semaphore_wait_signal_trap+0x7 frames: 0x90024407 0x364de 0x90023d67
   1.716 TIGER-SAMPLE pid 0xa2d n 0x5 thread 0x5503 thread 0x5503 state-kr 0x0 pc 0x900bc3fc leaf poll+0xc frames: 0x900bc3fc 0x2cd134 0x313210b 0x319b321 0x90023d67
   1.716 TIGER-SAMPLE pid 0xa2d n 0x5 thread 0x5603 thread 0x5603 state-kr 0x0 pc 0x90024407 leaf semaphore_wait_signal_trap+0x7 frames: 0x90024407 0x364de 0x90023d67
   1.716 TIGER-SAMPLE pid 0xa2d n 0x5 thread 0x5c07 thread 0x5c07 state-kr 0x0 pc 0x900bc3fc leaf poll+0xc frames: 0x900bc3fc 0x2cd134 0x313210b 0x319b321 0x90023d67
   1.716 TIGER-SAMPLE pid 0xa2d n 0x5 thread 0x5e07 thread 0x5e07 state-kr 0x0 pc 0x90024407 leaf semaphore_wait_signal_trap+0x7 frames: 0x90024407 0x915a96ab 0x915c3ddc 0x90023d67
   1.814 TIGER-SAMPLE pid 0xa31 n 0x4 main 0xd03 thread 0xd03 state-kr 0x0 pc 0x109895e22 leaf __semwait_signal+0xa frames: 0x109895e22 0x10409ca17 0x103fcd562 0x10409fb49 0x10409ec36 0x10409e819 0x10004a16b 0x10000154c 0x100001461 0x3
   1.814 TIGER-SAMPLE pid 0xa31 n 0x4 thread 0xf03 thread 0xf03 state-kr 0x0 pc 0x1098dfe4e leaf mach_msg_trap+0xa frames: 0x1098dfe4e 0x100327902 0x109891e9e
   1.815 TIGER-SAMPLE pid 0xa31 n 0x4 thread 0x1103 thread 0x1103 state-kr 0x0 pc 0x109895e22 leaf __semwait_signal+0xa frames: 0x109895e22 0x10409c9d5 0x103fcd562 0x10409fb49 0x10409ec36 0x10409e819 0x104033bfe 0x10409c3f9 0x109891e9e
   1.815 TIGER-SAMPLE pid 0xa31 n 0x4 thread 0x2303 thread 0x2303 state-kr 0x0 pc 0x1098467e6 leaf poll+0xa frames: 0x1098467e6 0x104033bfe 0x10409c3f9 0x109891e9e
   1.815 TIGER-SAMPLE pid 0xa31 n 0x4 thread 0x2407 thread 0x2407 state-kr 0x0 pc 0x109895e22 leaf __semwait_signal+0xa frames: 0x109895e22 0x10409c9d5 0x103fcd562 0x10409fb49 0x10409ec36 0x10409e819 0x104033bfe 0x10409c3f9 0x109891e9e
   1.815 TIGER-SAMPLE pid 0xa31 n 0x4 thread 0x2503 thread 0x2503 state-kr 0x0 pc 0x109895e22 leaf __semwait_signal+0xa frames: 0x109895e22 0x10409c9d5 0x103fcd562 0x10409fb49 0x10409ec36 0x10409e819 0x104033bfe 0x10409c3f9 0x109891e9e
   1.815 TIGER-SAMPLE pid 0xa31 n 0x4 thread 0x2603 thread 0x2603 state-kr 0x0 pc 0x109895e22 leaf __semwait_signal+0xa frames: 0x109895e22 0x10409c9d5 0x103fcd562 0x10409fb49 0x10409ec36 0x10409e819 0x104033bfe 0x10409c3f9 0x109891e9e
   1.816 TIGER-SAMPLE pid 0xa31 n 0x4 thread 0x2703 thread 0x2703 state-kr 0x0 pc 0x109895e22 leaf __semwait_signal+0xa frames: 0x109895e22 0x10409c9d5 0x103fcd562 0x10409fb49 0x10409ec36 0x10409e819 0x104033bfe 0x10409c3f9 0x109891e9e
   1.816 TIGER-SAMPLE pid 0xa31 n 0x4 thread 0x2903 thread 0x2903 state-kr 0x0 pc 0x109895e22 leaf __semwait_signal+0xa frames: 0x109895e22 0x10409c9d5 0x103fcd562 0x10409fb49 0x10409ec36 0x10409e819 0x104033bfe 0x10409c3f9 0x109891e9e
   1.816 TIGER-SAMPLE pid 0xa31 n 0x4 thread 0x2a03 thread 0x2a03 state-kr 0x0 pc 0x1098467e6 leaf poll+0xa frames: 0x1098467e6 0x104033bfe 0x10409c3f9 0x109891e9e
   1.816 TIGER-SAMPLE pid 0xa31 n 0x4 thread 0x2b03 thread 0x2b03 state-kr 0x0 pc 0x1098467e6 leaf poll+0xa frames: 0x1098467e6 0x104388627 0x1043887ea 0x101f32ba7 0x101f3e971 0x104033bfe 0x10409c3f9 0x109891e9e
   1.819 TIGER-SAMPLE pid 0xa30 n 0x4 main 0xd03 thread 0xd03 state-kr 0x0 pc 0x109aa70a5 leaf malloc_jumpstart+0x3fa frames: 0x109aa70a5 0x109adb2e0 0x10386c9be 0x10156be66 0x1013dc2ae 0x1013db65c 0x1014063a5 0x101405e4f 0x1014281a1 0x10142a37c 0x101430869 0x101432477 0x101669dff 0x10166ab1e 0x101686c82 0x101a962da 0x101a9b63e 0x101a9d6a1 0x101a9da96 0x10177f2b5 0x1017978b4 0x10261d22f 0x1042a3247 0x100046488 0x100001d0c 0x100001c21 0x3
   1.819 TIGER-SAMPLE pid 0xa30 n 0x4 thread 0xf03 thread 0xf03 state-kr 0x0 pc 0x109adfe4e leaf mach_msg_trap+0xa frames: 0x109adfe4e 0x10045c512 0x109a91e9e
   1.820 TIGER-SAMPLE pid 0xa30 n 0x4 thread 0x1103 thread 0x1103 state-kr 0x0 pc 0x109a95e22 leaf __semwait_signal+0xa frames: 0x109a95e22 0x1042a12e5 0x1041d56a2 0x1042a4329 0x1042a34a6 0x1042a3089 0x10423ab3e 0x1042a0d09 0x109a91e9e
   1.820 TIGER-SAMPLE pid 0xa30 n 0x4 thread 0x2303 thread 0x2303 state-kr 0x0 pc 0x109a95e22 leaf __semwait_signal+0xa frames: 0x109a95e22 0x1042a12e5 0x1041d56a2 0x1042a4329 0x1042a34a6 0x1042a3089 0x10423ab3e 0x1042a0d09 0x109a91e9e
   1.820 TIGER-SAMPLE pid 0xa30 n 0x4 thread 0x2403 thread 0x2403 state-kr 0x0 pc 0x109a95e22 leaf __semwait_signal+0xa frames: 0x109a95e22 0x1042a12e5 0x1041d56a2 0x1042a4329 0x1042a34a6 0x1042a3089 0x10423ab3e 0x1042a0d09 0x109a91e9e
   1.820 TIGER-SAMPLE pid 0xa30 n 0x4 thread 0x2503 thread 0x2503 state-kr 0x0 pc 0x109a467e6 leaf poll+0xa frames: 0x109a467e6 0x10423ab3e 0x1042a0d09 0x109a91e9e
   1.821 TIGER-SAMPLE pid 0xa30 n 0x4 thread 0x2603 thread 0x2603 state-kr 0x0 pc 0x109a95e22 leaf __semwait_signal+0xa frames: 0x109a95e22 0x1042a12e5 0x1041d56a2 0x1042a4329 0x1042a34a6 0x1042a3089 0x10423ab3e 0x1042a0d09 0x109a91e9e
   1.821 TIGER-SAMPLE pid 0xa30 n 0x4 thread 0x2703 thread 0x2703 state-kr 0x0 pc 0x109a467e6 leaf poll+0xa frames: 0x109a467e6 0x10423ab3e 0x1042a0d09 0x109a91e9e
   1.821 TIGER-SAMPLE pid 0xa30 n 0x4 thread 0x2807 thread 0x2807 state-kr 0x0 pc 0x109a95e22 leaf __semwait_signal+0xa frames: 0x109a95e22 0x1042a12e5 0x1041d56a2 0x1042a4329 0x1042a34a6 0x1042a3089 0x10423ab3e 0x1042a0d09 0x109a91e9e
   1.821 TIGER-SAMPLE pid 0xa30 n 0x4 thread 0x2903 thread 0x2903 state-kr 0x0 pc 0x109a95e22 leaf __semwait_signal+0xa frames: 0x109a95e22 0x1042a12e5 0x1041d56a2 0x1042a4329 0x1042a34a6 0x1042a3089 0x10423ab3e 0x1042a0d09 0x109a91e9e
   1.822 TIGER-SAMPLE pid 0xa30 n 0x4 thread 0x2a03 thread 0x2a03 state-kr 0x0 pc 0x109a95e22 leaf __semwait_signal+0xa frames: 0x109a95e22 0x1042a12e5 0x1041d56a2 0x1042a4329 0x1042a34a6 0x1042a3089 0x10423ab3e 0x1042a0d09 0x109a91e9e
   1.822 TIGER-SAMPLE pid 0xa30 n 0x4 thread 0x2b03 thread 0x2b03 state-kr 0x0 pc 0x109a467e6 leaf poll+0xa frames: 0x109a467e6 0x10423ab3e 0x1042a0d09 0x109a91e9e
   1.822 TIGER-SAMPLE pid 0xa30 n 0x4 thread 0x2c03 thread 0x2c03 state-kr 0x0 pc 0x109a95e22 leaf __semwait_signal+0xa frames: 0x109a95e22 0x1042a12e5 0x1041d56a2 0x1042a4329 0x1042a34a6 0x1042a3089 0x10423ab3e 0x1042a0d09 0x109a91e9e
   1.822 TIGER-SAMPLE pid 0xa30 n 0x4 thread 0x2d03 thread 0x2d03 state-kr 0x0 pc 0x109a467e6 leaf poll+0xa frames: 0x109a467e6 0x10423ab3e 0x1042a0d09 0x109a91e9e
   1.823 TIGER-SAMPLE pid 0xa30 n 0x4 thread 0x4103 thread 0x4103 state-kr 0x0 pc 0x109a95e22 leaf __semwait_signal+0xa frames: 0x109a95e22 0x1042a1327 0x1041d56a2 0x1041b2277 0x10423ab3e 0x1042a0d09 0x109a91e9e
   1.823 TIGER-SAMPLE pid 0xa30 n 0x4 thread 0x4203 thread 0x4203 state-kr 0x0 pc 0x109a95e22 leaf __semwait_signal+0xa frames: 0x109a95e22 0x1042a1327 0x1041d56a2 0x1041b2277 0x10423ab3e 0x1042a0d09 0x109a91e9e
   1.862 TIGER-SAMPLE pid 0xa32 n 0x2 main 0xd03 thread 0xd03 state-kr 0x0 pc 0x90009817 leaf mach_msg_trap+0x7 frames: 0x90009817 0x9082d227 0x9083e100 0x300dd27 0x45d1f 0x8d14 0x8ce2 0x8c09 0x3
   1.864 TIGER-SAMPLE pid 0xa32 n 0x2 thread 0x1103 thread 0x1103 state-kr 0x0 pc 0x90009817 leaf mach_msg_trap+0x7 frames: 0x90009817 0x149388 0x90023d67
   1.864 TIGER-SAMPLE pid 0xa32 n 0x2 thread 0x1303 thread 0x1303 state-kr 0x0 pc 0x900bc3fc leaf poll+0xc frames: 0x900bc3fc 0x14c054 0x2fac96b 0x3014931 0x90023d67
   1.864 TIGER-SAMPLE pid 0xa32 n 0x2 thread 0x2507 thread 0x2507 state-kr 0x0 pc 0x90024407 leaf semaphore_wait_signal_trap+0x7 frames: 0x90024407 0x3577e 0x90023d67
   1.864 TIGER-SAMPLE pid 0xa32 n 0x2 thread 0x2703 thread 0x2703 state-kr 0x0 pc 0x900bc3fc leaf poll+0xc frames: 0x900bc3fc 0x14c054 0x2fac96b 0x3014931 0x90023d67
   1.864 TIGER-SAMPLE pid 0xa32 n 0x2 thread 0x2903 thread 0x2903 state-kr 0x0 pc 0x90024407 leaf semaphore_wait_signal_trap+0x7 frames: 0x90024407 0x3577e 0x90023d67
   1.864 TIGER-SAMPLE pid 0xa32 n 0x2 thread 0x2b03 thread 0x2b03 state-kr 0x0 pc 0x90024407 leaf semaphore_wait_signal_trap+0x7 frames: 0x90024407 0x3577e 0x90023d67
   1.864 TIGER-SAMPLE pid 0xa32 n 0x2 thread 0x2d03 thread 0x2d03 state-kr 0x0 pc 0x90024407 leaf semaphore_wait_signal_trap+0x7 frames: 0x90024407 0x3577e 0x90023d67
   1.864 TIGER-SAMPLE pid 0xa32 n 0x2 thread 0x2f03 thread 0x2f03 state-kr 0x0 pc 0x90a594db leaf objc_msgSend+0x2b frames: 0x90a594db 0x300e66d 0x13bb3c 0x13f790 0x2fac96b 0x3014931 0x90023d67
   1.864 TIGER-SAMPLE pid 0xa32 n 0x2 thread 0x3103 thread 0x3103 state-kr 0x0 pc 0x900bc3fc leaf poll+0xc frames: 0x900bc3fc 0x14c054 0x2fac96b 0x3014931 0x90023d67
   1.934 [com.apple.WebKit:Loading:4] 0x109a12080 - [webProcessIdentifier=3] NetworkConnectionToWebProcess::scheduleResourceLoad: (parentPID=2605, pageProxyID=4, webPageID=5, frameID=4294967297, resourceID=77, existingLoaderToResume=0)
   1.934 [com.apple.WebKit:Loading:4] 0x109a12080 - [webProcessIdentifier=3] NetworkConnectionToWebProcess::resolveBlobReferences: (parentPID=2605, pageProxyID=4, webPageID=5, frameID=4294967297, resourceID=77)
   1.948 [com.apple.WebKit:Loading:4] 0x109a12080 - [webProcessIdentifier=3] NetworkConnectionToWebProcess::scheduleResourceLoad: (parentPID=2605, pageProxyID=4, webPageID=5, frameID=4294967297, resourceID=78, existingLoaderToResume=0)
   1.948 [com.apple.WebKit:Loading:4] 0x109a12080 - [webProcessIdentifier=3] NetworkConnectionToWebProcess::resolveBlobReferences: (parentPID=2605, pageProxyID=4, webPageID=5, frameID=4294967297, resourceID=78)
   1.949 [com.apple.WebKit:Loading:4] 0x109a12080 - [webProcessIdentifier=3] NetworkConnectionToWebProcess::scheduleResourceLoad: (parentPID=2605, pageProxyID=4, webPageID=5, frameID=4294967297, resourceID=79, existingLoaderToResume=0)
   1.949 [com.apple.WebKit:Loading:4] 0x109a12080 - [webProcessIdentifier=3] NetworkConnectionToWebProcess::resolveBlobReferences: (parentPID=2605, pageProxyID=4, webPageID=5, frameID=4294967297, resourceID=79)
   1.949 [com.apple.WebKit:Loading:4] 0x109a12080 - [webProcessIdentifier=3] NetworkConnectionToWebProcess::scheduleResourceLoad: (parentPID=2605, pageProxyID=4, webPageID=5, frameID=4294967297, resourceID=80, existingLoaderToResume=0)
   1.949 [com.apple.WebKit:Loading:4] 0x109a12080 - [webProcessIdentifier=3] NetworkConnectionToWebProcess::resolveBlobReferences: (parentPID=2605, pageProxyID=4, webPageID=5, frameID=4294967297, resourceID=80)
   1.954 [com.apple.WebKit:Loading:4] 0x109a12080 - [webProcessIdentifier=3] NetworkConnectionToWebProcess::scheduleResourceLoad: (parentPID=2605, pageProxyID=4, webPageID=5, frameID=4294967297, resourceID=81, existingLoaderToResume=0)
   1.954 [com.apple.WebKit:Loading:4] 0x109a12080 - [webProcessIdentifier=3] NetworkConnectionToWebProcess::resolveBlobReferences: (parentPID=2605, pageProxyID=4, webPageID=5, frameID=4294967297, resourceID=81)
   1.969 TIGER-SAMPLE pid 0xa2d n 0x6 main 0x117 thread 0x117 state-kr 0x0 pc 0x90009817 leaf mach_msg_trap+0x7 frames: 0x90009817 0x9082d227 0x9082ca42 0x92e06878 0x92e05f82 0x92e05dd9 0x9328cf45 0x9328cb37 0x932868c4 0x8af6 0x82f2 0x8219 0x5
   1.969 TIGER-SAMPLE pid 0xa2d n 0x6 thread 0x1203 thread 0x1203 state-kr 0x0 pc 0x90009817 leaf mach_msg_trap+0x7 frames: 0x90009817 0x2ca6d8 0x90023d67
   1.969 TIGER-SAMPLE pid 0xa2d n 0x6 thread 0x3207 thread 0x3207 state-kr 0x0 pc 0x90024407 leaf semaphore_wait_signal_trap+0x7 frames: 0x90024407 0x364de 0x90023d67
   1.969 TIGER-SAMPLE pid 0xa2d n 0x6 thread 0x3403 thread 0x3403 state-kr 0x0 pc 0x90024407 leaf semaphore_wait_signal_trap+0x7 frames: 0x90024407 0x364de 0x90023d67
   1.969 TIGER-SAMPLE pid 0xa2d n 0x6 thread 0x5103 thread 0x5103 state-kr 0x0 pc 0x900bc3fc leaf poll+0xc frames: 0x900bc3fc 0x2cd134 0x313210b 0x319b321 0x90023d67
   1.969 TIGER-SAMPLE pid 0xa2d n 0x6 thread 0x5203 thread 0x5203 state-kr 0x0 pc 0x90024407 leaf semaphore_wait_signal_trap+0x7 frames: 0x90024407 0x364de 0x90023d67
   1.969 TIGER-SAMPLE pid 0xa2d n 0x6 thread 0x5503 thread 0x5503 state-kr 0x0 pc 0x900bc3fc leaf poll+0xc frames: 0x900bc3fc 0x2cd134 0x313210b 0x319b321 0x90023d67
   1.969 TIGER-SAMPLE pid 0xa2d n 0x6 thread 0x5603 thread 0x5603 state-kr 0x0 pc 0x90024407 leaf semaphore_wait_signal_trap+0x7 frames: 0x90024407 0x364de 0x90023d67
   1.969 TIGER-SAMPLE pid 0xa2d n 0x6 thread 0x5c07 thread 0x5c07 state-kr 0x0 pc 0x900bc3fc leaf poll+0xc frames: 0x900bc3fc 0x2cd134 0x313210b 0x319b321 0x90023d67
   1.969 TIGER-SAMPLE pid 0xa2d n 0x6 thread 0x5e07 thread 0x5e07 state-kr 0x0 pc 0x90024407 leaf semaphore_wait_signal_trap+0x7 frames: 0x90024407 0x915a96ab 0x915c3ddc 0x90023d67
   1.986 [com.apple.WebKit:Loading:4] 0x109a12080 - [webProcessIdentifier=3] NetworkConnectionToWebProcess::scheduleResourceLoad: (parentPID=2605, pageProxyID=4, webPageID=5, frameID=4294967297, resourceID=82, existingLoaderToResume=0)
   1.986 [com.apple.WebKit:Loading:4] 0x109a12080 - [webProcessIdentifier=3] NetworkConnectionToWebProcess::resolveBlobReferences: (parentPID=2605, pageProxyID=4, webPageID=5, frameID=4294967297, resourceID=82)
   2.020 [com.apple.WebKit:Layout:4] [pageID=5, frameID=4294967297, isMainFrame=1] LocalFrameView::fireLayoutRelatedMilestonesIfNeeded: Firing first visually non-empty layout milestone on the main frame
   2.020 [com.apple.WebKit:Layout:4] [webFrameID=4294967297, webPageID=5] WebLocalFrameLoaderClient::dispatchDidReachLayoutMilestone: dispatching DidReachLayoutMilestone (milestones=DidFirstVisuallyNonEmptyLayout)
   2.020 [com.apple.WebKit:Layout:4] [webFrameID=4294967297, webPageID=5] WebLocalFrameLoaderClient::dispatchDidReachLayoutMilestone: dispatching DidFirstVisuallyNonEmptyLayoutForFrame
   2.020 [com.apple.WebKit:Layout:4] [webFrameID=4294967297, webPageID=5] WebLocalFrameLoaderClient::completePageTransitionIfNeeded: dispatching didCompletePageTransition
   2.067 TIGER-SAMPLE pid 0xa31 n 0x5 main 0xd03 thread 0xd03 state-kr 0x0 pc 0x109895e22 leaf __semwait_signal+0xa frames: 0x109895e22 0x10409ca17 0x103fcd562 0x10409fb49 0x10409ec36 0x10409e819 0x10004a16b 0x10000154c 0x100001461 0x3
   2.067 TIGER-SAMPLE pid 0xa31 n 0x5 thread 0xf03 thread 0xf03 state-kr 0x0 pc 0x1098dfe4e leaf mach_msg_trap+0xa frames: 0x1098dfe4e 0x100327902 0x109891e9e
   2.067 TIGER-SAMPLE pid 0xa31 n 0x5 thread 0x1103 thread 0x1103 state-kr 0x0 pc 0x109895e22 leaf __semwait_signal+0xa frames: 0x109895e22 0x10409c9d5 0x103fcd562 0x10409fb49 0x10409ec36 0x10409e819 0x104033bfe 0x10409c3f9 0x109891e9e
   2.067 TIGER-SAMPLE pid 0xa31 n 0x5 thread 0x2303 thread 0x2303 state-kr 0x0 pc 0x1098467e6 leaf poll+0xa frames: 0x1098467e6 0x104033bfe 0x10409c3f9 0x109891e9e
   2.068 TIGER-SAMPLE pid 0xa31 n 0x5 thread 0x2407 thread 0x2407 state-kr 0x0 pc 0x109895e22 leaf __semwait_signal+0xa frames: 0x109895e22 0x10409c9d5 0x103fcd562 0x10409fb49 0x10409ec36 0x10409e819 0x104033bfe 0x10409c3f9 0x109891e9e
   2.068 TIGER-SAMPLE pid 0xa31 n 0x5 thread 0x2503 thread 0x2503 state-kr 0x0 pc 0x109895e22 leaf __semwait_signal+0xa frames: 0x109895e22 0x10409c9d5 0x103fcd562 0x10409fb49 0x10409ec36 0x10409e819 0x104033bfe 0x10409c3f9 0x109891e9e
   2.068 TIGER-SAMPLE pid 0xa31 n 0x5 thread 0x2603 thread 0x2603 state-kr 0x0 pc 0x109895e22 leaf __semwait_signal+0xa frames: 0x109895e22 0x10409c9d5 0x103fcd562 0x10409fb49 0x10409ec36 0x10409e819 0x104033bfe 0x10409c3f9 0x109891e9e
   2.068 TIGER-SAMPLE pid 0xa31 n 0x5 thread 0x2703 thread 0x2703 state-kr 0x0 pc 0x109895e22 leaf __semwait_signal+0xa frames: 0x109895e22 0x10409c9d5 0x103fcd562 0x10409fb49 0x10409ec36 0x10409e819 0x104033bfe 0x10409c3f9 0x109891e9e
   2.068 TIGER-SAMPLE pid 0xa31 n 0x5 thread 0x2903 thread 0x2903 state-kr 0x0 pc 0x109895e22 leaf __semwait_signal+0xa frames: 0x109895e22 0x10409c9d5 0x103fcd562 0x10409fb49 0x10409ec36 0x10409e819 0x104033bfe 0x10409c3f9 0x109891e9e
   2.068 TIGER-SAMPLE pid 0xa31 n 0x5 thread 0x2a03 thread 0x2a03 state-kr 0x0 pc 0x1098467e6 leaf poll+0xa frames: 0x1098467e6 0x104033bfe 0x10409c3f9 0x109891e9e
   2.069 TIGER-SAMPLE pid 0xa31 n 0x5 thread 0x2b03 thread 0x2b03 state-kr 0x0 pc 0x1098467e6 leaf poll+0xa frames: 0x1098467e6 0x104388627 0x1043887ea 0x101f32ba7 0x101f3e971 0x104033bfe 0x10409c3f9 0x109891e9e
   2.076 TIGER-SAMPLE pid 0xa30 n 0x5 main 0xd03 thread 0xd03 state-kr 0x0 pc 0x10110f9e8 leaf _ZNK7WebCore9RenderBox27availableLogicalHeightUsingERKNS_5Style13PreferredSizeENS_26AvailableLogicalHeightTypeE+0xa8 frames: 0x10110f9e8 0x10110f926 0x1011100ad 0x10110f926 0x1011100ad 0x10110f926 0x1011100ad 0x10110f926 0x1011100ad 0x10110f926 0x1011100ad 0x10110f926 0x1011100ad 0x10110f926 0x1011100ad 0x10110f926 0x1011100ad 0x10110f926 0x1011100ad 0x10110f926 0x1011100ad 0x10110f926 0x1011100ad 0x10110f926 0x1011100ad 0x10110f926 0x10100e598 0x10100f7a9 0x10114b43f 0x1010c3d6a 0x1010db6dc 0x1010dac74 0x1010d9868 0x1010d8467 0x1010c3d6a 0x1010db6dc 0x1010dac74 0x1010d9868 0x1010d8467 0x1010c3d6a 0x101144ef4
   2.076 TIGER-SAMPLE pid 0xa30 n 0x5 thread 0xf03 thread 0xf03 state-kr 0x0 pc 0x109adfe4e leaf mach_msg_trap+0xa frames: 0x109adfe4e 0x10045c512 0x109a91e9e
   2.076 TIGER-SAMPLE pid 0xa30 n 0x5 thread 0x1103 thread 0x1103 state-kr 0x0 pc 0x109a95e22 leaf __semwait_signal+0xa frames: 0x109a95e22 0x1042a12e5 0x1041d56a2 0x1042a4329 0x1042a34a6 0x1042a3089 0x10423ab3e 0x1042a0d09 0x109a91e9e
   2.078 TIGER-SAMPLE pid 0xa30 n 0x5 thread 0x2303 thread 0x2303 state-kr 0x0 pc 0x109a95e22 leaf __semwait_signal+0xa frames: 0x109a95e22 0x1042a12e5 0x1041d56a2 0x1042a4329 0x1042a34a6 0x1042a3089 0x10423ab3e 0x1042a0d09 0x109a91e9e
   2.078 TIGER-SAMPLE pid 0xa30 n 0x5 thread 0x2403 thread 0x2403 state-kr 0x0 pc 0x109a95e22 leaf __semwait_signal+0xa frames: 0x109a95e22 0x1042a12e5 0x1041d56a2 0x1042a4329 0x1042a34a6 0x1042a3089 0x10423ab3e 0x1042a0d09 0x109a91e9e
   2.078 TIGER-SAMPLE pid 0xa30 n 0x5 thread 0x2503 thread 0x2503 state-kr 0x0 pc 0x109a467e6 leaf poll+0xa frames: 0x109a467e6 0x10423ab3e 0x1042a0d09 0x109a91e9e
   2.078 TIGER-SAMPLE pid 0xa30 n 0x5 thread 0x2603 thread 0x2603 state-kr 0x0 pc 0x109a95e22 leaf __semwait_signal+0xa frames: 0x109a95e22 0x1042a12e5 0x1041d56a2 0x1042a4329 0x1042a34a6 0x1042a3089 0x10423ab3e 0x1042a0d09 0x109a91e9e
   2.078 TIGER-SAMPLE pid 0xa30 n 0x5 thread 0x2703 thread 0x2703 state-kr 0x0 pc 0x109a467e6 leaf poll+0xa frames: 0x109a467e6 0x10423ab3e 0x1042a0d09 0x109a91e9e
   2.078 TIGER-SAMPLE pid 0xa30 n 0x5 thread 0x2807 thread 0x2807 state-kr 0x0 pc 0x109a95e22 leaf __semwait_signal+0xa frames: 0x109a95e22 0x1042a12e5 0x1041d56a2 0x1042a4329 0x1042a34a6 0x1042a3089 0x10423ab3e 0x1042a0d09 0x109a91e9e
   2.078 TIGER-SAMPLE pid 0xa30 n 0x5 thread 0x2903 thread 0x2903 state-kr 0x0 pc 0x109a95e22 leaf __semwait_signal+0xa frames: 0x109a95e22 0x1042a12e5 0x1041d56a2 0x1042a4329 0x1042a34a6 0x1042a3089 0x10423ab3e 0x1042a0d09 0x109a91e9e
   2.078 TIGER-SAMPLE pid 0xa30 n 0x5 thread 0x2a03 thread 0x2a03 state-kr 0x0 pc 0x109a95e22 leaf __semwait_signal+0xa frames: 0x109a95e22 0x1042a12e5 0x1041d56a2 0x1042a4329 0x1042a34a6 0x1042a3089 0x10423ab3e 0x1042a0d09 0x109a91e9e
   2.078 TIGER-SAMPLE pid 0xa30 n 0x5 thread 0x2b03 thread 0x2b03 state-kr 0x0 pc 0x109a467e6 leaf poll+0xa frames: 0x109a467e6 0x10423ab3e 0x1042a0d09 0x109a91e9e
   2.078 TIGER-SAMPLE pid 0xa30 n 0x5 thread 0x2c03 thread 0x2c03 state-kr 0x0 pc 0x109a95e22 leaf __semwait_signal+0xa frames: 0x109a95e22 0x1042a12e5 0x1041d56a2 0x1042a4329 0x1042a34a6 0x1042a3089 0x10423ab3e 0x1042a0d09 0x109a91e9e
   2.078 TIGER-SAMPLE pid 0xa30 n 0x5 thread 0x2d03 thread 0x2d03 state-kr 0x0 pc 0x109a467e6 leaf poll+0xa frames: 0x109a467e6 0x10423ab3e 0x1042a0d09 0x109a91e9e
   2.078 TIGER-SAMPLE pid 0xa30 n 0x5 thread 0x4103 thread 0x4103 state-kr 0x0 pc 0x109a95e22 leaf __semwait_signal+0xa frames: 0x109a95e22 0x1042a1327 0x1041d56a2 0x1041b2277 0x10423ab3e 0x1042a0d09 0x109a91e9e
   2.078 TIGER-SAMPLE pid 0xa30 n 0x5 thread 0x4203 thread 0x4203 state-kr 0x0 pc 0x109a95e22 leaf __semwait_signal+0xa frames: 0x109a95e22 0x1042a1327 0x1041d56a2 0x1041b2277 0x10423ab3e 0x1042a0d09 0x109a91e9e
   2.092 [com.apple.WebKit:Layout:4] [webFrameID=4294967297, webPageID=5] WebLocalFrameLoaderClient::dispatchDidReachLayoutMilestone: dispatching DidFirstLayoutForFrame
   2.092 [com.apple.WebKit:Layout:4] [webFrameID=4294967297, webPageID=5] WebLocalFrameLoaderClient::dispatchDidReachLayoutMilestone: dispatching DidReachLayoutMilestone (milestones=DidFirstLayout)
   2.114 [com.apple.WebKit:Layout:4] [webFrameID=4294967297, webPageID=5] WebLocalFrameLoaderClient::dispatchDidReachLayoutMilestone: dispatching DidReachLayoutMilestone (milestones=DidFirstMeaningfulPaint)
   2.115 TIGER-SAMPLE pid 0xa32 n 0x3 main 0xd03 thread 0xd03 state-kr 0x0 pc 0x90009817 leaf mach_msg_trap+0x7 frames: 0x90009817 0x9082d227 0x9083e100 0x300dd27 0x45d1f 0x8d14 0x8ce2 0x8c09 0x3
   2.115 TIGER-SAMPLE pid 0xa32 n 0x3 thread 0x1103 thread 0x1103 state-kr 0x0 pc 0x90009817 leaf mach_msg_trap+0x7 frames: 0x90009817 0x149388 0x90023d67
   2.115 TIGER-SAMPLE pid 0xa32 n 0x3 thread 0x1303 thread 0x1303 state-kr 0x0 pc 0x900bc3fc leaf poll+0xc frames: 0x900bc3fc 0x14c054 0x2fac96b 0x3014931 0x90023d67
   2.115 TIGER-SAMPLE pid 0xa32 n 0x3 thread 0x2507 thread 0x2507 state-kr 0x0 pc 0x90024407 leaf semaphore_wait_signal_trap+0x7 frames: 0x90024407 0x3577e 0x90023d67
   2.116 TIGER-SAMPLE pid 0xa32 n 0x3 thread 0x2703 thread 0x2703 state-kr 0x0 pc 0x900bc3fc leaf poll+0xc frames: 0x900bc3fc 0x14c054 0x2fac96b 0x3014931 0x90023d67
   2.116 TIGER-SAMPLE pid 0xa32 n 0x3 thread 0x2903 thread 0x2903 state-kr 0x0 pc 0x90024407 leaf semaphore_wait_signal_trap+0x7 frames: 0x90024407 0x3577e 0x90023d67
   2.116 TIGER-SAMPLE pid 0xa32 n 0x3 thread 0x2b03 thread 0x2b03 state-kr 0x0 pc 0x90024407 leaf semaphore_wait_signal_trap+0x7 frames: 0x90024407 0x3577e 0x90023d67
   2.117 TIGER-SAMPLE pid 0xa32 n 0x3 thread 0x2d03 thread 0x2d03 state-kr 0x0 pc 0x90024407 leaf semaphore_wait_signal_trap+0x7 frames: 0x90024407 0x3577e 0x90023d67
   2.117 TIGER-SAMPLE pid 0xa32 n 0x3 thread 0x2f03 thread 0x2f03 state-kr 0x0 pc 0x900bc3fc leaf poll+0xc frames: 0x900bc3fc 0x14c525 0x13f788 0x2fac96b 0x3014931 0x90023d67
   2.117 TIGER-SAMPLE pid 0xa32 n 0x3 thread 0x3103 thread 0x3103 state-kr 0x0 pc 0x900bc3fc leaf poll+0xc frames: 0x900bc3fc 0x14c054 0x2fac96b 0x3014931 0x90023d67
   2.219 TIGER-SAMPLE pid 0xa2d n 0x7 main 0x117 thread 0x117 state-kr 0x0 pc 0x90009817 leaf mach_msg_trap+0x7 frames: 0x90009817 0x9082d227 0x9082ca42 0x92e06878 0x92e05f82 0x92e05dd9 0x9328cf45 0x9328cb37 0x932868c4 0x8af6 0x82f2 0x8219 0x5
   2.219 TIGER-SAMPLE pid 0xa2d n 0x7 thread 0x1203 thread 0x1203 state-kr 0x0 pc 0x90009817 leaf mach_msg_trap+0x7 frames: 0x90009817 0x2ca6d8 0x90023d67
   2.220 TIGER-SAMPLE pid 0xa2d n 0x7 thread 0x3207 thread 0x3207 state-kr 0x0 pc 0x90024407 leaf semaphore_wait_signal_trap+0x7 frames: 0x90024407 0x364de 0x90023d67
   2.220 TIGER-SAMPLE pid 0xa2d n 0x7 thread 0x3403 thread 0x3403 state-kr 0x0 pc 0x90024407 leaf semaphore_wait_signal_trap+0x7 frames: 0x90024407 0x364de 0x90023d67
   2.222 TIGER-SAMPLE pid 0xa2d n 0x7 thread 0x5103 thread 0x5103 state-kr 0x0 pc 0x900bc3fc leaf poll+0xc frames: 0x900bc3fc 0x2cd134 0x313210b 0x319b321 0x90023d67
   2.222 TIGER-SAMPLE pid 0xa2d n 0x7 thread 0x5203 thread 0x5203 state-kr 0x0 pc 0x90024407 leaf semaphore_wait_signal_trap+0x7 frames: 0x90024407 0x364de 0x90023d67
   2.222 TIGER-SAMPLE pid 0xa2d n 0x7 thread 0x5503 thread 0x5503 state-kr 0x0 pc 0x900bc3fc leaf poll+0xc frames: 0x900bc3fc 0x2cd134 0x313210b 0x319b321 0x90023d67
   2.222 TIGER-SAMPLE pid 0xa2d n 0x7 thread 0x5603 thread 0x5603 state-kr 0x0 pc 0x90024407 leaf semaphore_wait_signal_trap+0x7 frames: 0x90024407 0x364de 0x90023d67
   2.222 TIGER-SAMPLE pid 0xa2d n 0x7 thread 0x5c07 thread 0x5c07 state-kr 0x0 pc 0x900bc3fc leaf poll+0xc frames: 0x900bc3fc 0x2cd134 0x313210b 0x319b321 0x90023d67
   2.222 TIGER-SAMPLE pid 0xa2d n 0x7 thread 0x5e07 thread 0x5e07 state-kr 0x0 pc 0x90024407 leaf semaphore_wait_signal_trap+0x7 frames: 0x90024407 0x915a96ab 0x915c3ddc 0x90023d67
   2.319 TIGER-SAMPLE pid 0xa31 n 0x6 main 0xd03 thread 0xd03 state-kr 0x0 pc 0x109895e22 leaf __semwait_signal+0xa frames: 0x109895e22 0x10409ca17 0x103fcd562 0x10409fb49 0x10409ec36 0x10409e819 0x10004a16b 0x10000154c 0x100001461 0x3
   2.319 TIGER-SAMPLE pid 0xa31 n 0x6 thread 0xf03 thread 0xf03 state-kr 0x0 pc 0x1098dfe4e leaf mach_msg_trap+0xa frames: 0x1098dfe4e 0x100327902 0x109891e9e
   2.319 TIGER-SAMPLE pid 0xa31 n 0x6 thread 0x1103 thread 0x1103 state-kr 0x0 pc 0x109895e22 leaf __semwait_signal+0xa frames: 0x109895e22 0x10409c9d5 0x103fcd562 0x10409fb49 0x10409ec36 0x10409e819 0x104033bfe 0x10409c3f9 0x109891e9e
   2.320 TIGER-SAMPLE pid 0xa31 n 0x6 thread 0x2303 thread 0x2303 state-kr 0x0 pc 0x1098467e6 leaf poll+0xa frames: 0x1098467e6 0x104033bfe 0x10409c3f9 0x109891e9e
   2.320 TIGER-SAMPLE pid 0xa31 n 0x6 thread 0x2407 thread 0x2407 state-kr 0x0 pc 0x109895e22 leaf __semwait_signal+0xa frames: 0x109895e22 0x10409c9d5 0x103fcd562 0x10409fb49 0x10409ec36 0x10409e819 0x104033bfe 0x10409c3f9 0x109891e9e
   2.320 TIGER-SAMPLE pid 0xa31 n 0x6 thread 0x2503 thread 0x2503 state-kr 0x0 pc 0x109895e22 leaf __semwait_signal+0xa frames: 0x109895e22 0x10409c9d5 0x103fcd562 0x10409fb49 0x10409ec36 0x10409e819 0x104033bfe 0x10409c3f9 0x109891e9e
   2.321 TIGER-SAMPLE pid 0xa31 n 0x6 thread 0x2603 thread 0x2603 state-kr 0x0 pc 0x109895e22 leaf __semwait_signal+0xa frames: 0x109895e22 0x10409c9d5 0x103fcd562 0x10409fb49 0x10409ec36 0x10409e819 0x104033bfe 0x10409c3f9 0x109891e9e
   2.321 TIGER-SAMPLE pid 0xa31 n 0x6 thread 0x2703 thread 0x2703 state-kr 0x0 pc 0x109895e22 leaf __semwait_signal+0xa frames: 0x109895e22 0x10409c9d5 0x103fcd562 0x10409fb49 0x10409ec36 0x10409e819 0x104033bfe 0x10409c3f9 0x109891e9e
   2.321 TIGER-SAMPLE pid 0xa31 n 0x6 thread 0x2903 thread 0x2903 state-kr 0x0 pc 0x109895e22 leaf __semwait_signal+0xa frames: 0x109895e22 0x10409c9d5 0x103fcd562 0x10409fb49 0x10409ec36 0x10409e819 0x104033bfe 0x10409c3f9 0x109891e9e
   2.321 TIGER-SAMPLE pid 0xa31 n 0x6 thread 0x2a03 thread 0x2a03 state-kr 0x0 pc 0x1098467e6 leaf poll+0xa frames: 0x1098467e6 0x104033bfe 0x10409c3f9 0x109891e9e
   2.321 TIGER-SAMPLE pid 0xa31 n 0x6 thread 0x2b03 thread 0x2b03 state-kr 0x0 pc 0x1098467e6 leaf poll+0xa frames: 0x1098467e6 0x104388627 0x1043887ea 0x101f32ba7 0x101f3e971 0x104033bfe 0x10409c3f9 0x109891e9e
   2.331 TIGER-SAMPLE pid 0xa30 n 0x6 main 0xd03 thread 0xd03 state-kr 0x0 pc 0x102865332 leaf cairo_matrix_invert+0x33b2 frames: 0x102865332 0x102865111 0x102865134 0x102865134 0x102865111 0x102865134 0x102864a70 0x102864566 0x102864566 0x1028645e5 0x102864566 0x1028645e5 0x102864566 0x1028645e5 0x102864566 0x102864566 0x1028635c5 0x10285e2e0 0x10285ef03 0x10288588d 0x102884c6c 0x10284e774 0x10288c206 0x1028557fc 0x1028506ed 0x102899d89 0x1027c8743 0x102725dd2 0x102735b90 0x101042db3 0x101040dc6 0x1010401f5 0x1010fec3a 0x1010c74a1 0x1010c6914 0x1011859ea 0x10118284c 0x1011a9a16 0x1011a93da 0x1011aa025 0x1027308a0
   2.331 TIGER-SAMPLE pid 0xa30 n 0x6 thread 0xf03 thread 0xf03 state-kr 0x0 pc 0x109adfe4e leaf mach_msg_trap+0xa frames: 0x109adfe4e 0x10045c512 0x109a91e9e
   2.332 TIGER-SAMPLE pid 0xa30 n 0x6 thread 0x1103 thread 0x1103 state-kr 0x0 pc 0x109a95e22 leaf __semwait_signal+0xa frames: 0x109a95e22 0x1042a12e5 0x1041d56a2 0x1042a4329 0x1042a34a6 0x1042a3089 0x10423ab3e 0x1042a0d09 0x109a91e9e
   2.332 TIGER-SAMPLE pid 0xa30 n 0x6 thread 0x2303 thread 0x2303 state-kr 0x0 pc 0x109a95e22 leaf __semwait_signal+0xa frames: 0x109a95e22 0x1042a12e5 0x1041d56a2 0x1042a4329 0x1042a34a6 0x1042a3089 0x10423ab3e 0x1042a0d09 0x109a91e9e
   2.332 TIGER-SAMPLE pid 0xa30 n 0x6 thread 0x2403 thread 0x2403 state-kr 0x0 pc 0x109a95e22 leaf __semwait_signal+0xa frames: 0x109a95e22 0x1042a12e5 0x1041d56a2 0x1042a4329 0x1042a34a6 0x1042a3089 0x10423ab3e 0x1042a0d09 0x109a91e9e
   2.332 TIGER-SAMPLE pid 0xa30 n 0x6 thread 0x2503 thread 0x2503 state-kr 0x0 pc 0x109a467e6 leaf poll+0xa frames: 0x109a467e6 0x10423ab3e 0x1042a0d09 0x109a91e9e
   2.333 TIGER-SAMPLE pid 0xa30 n 0x6 thread 0x2603 thread 0x2603 state-kr 0x0 pc 0x109a95e22 leaf __semwait_signal+0xa frames: 0x109a95e22 0x1042a12e5 0x1041d56a2 0x1042a4329 0x1042a34a6 0x1042a3089 0x10423ab3e 0x1042a0d09 0x109a91e9e
   2.333 TIGER-SAMPLE pid 0xa30 n 0x6 thread 0x2703 thread 0x2703 state-kr 0x0 pc 0x109a467e6 leaf poll+0xa frames: 0x109a467e6 0x10423ab3e 0x1042a0d09 0x109a91e9e
   2.333 TIGER-SAMPLE pid 0xa30 n 0x6 thread 0x2807 thread 0x2807 state-kr 0x0 pc 0x109a95e22 leaf __semwait_signal+0xa frames: 0x109a95e22 0x1042a12e5 0x1041d56a2 0x1042a4329 0x1042a34a6 0x1042a3089 0x10423ab3e 0x1042a0d09 0x109a91e9e
   2.333 TIGER-SAMPLE pid 0xa30 n 0x6 thread 0x2903 thread 0x2903 state-kr 0x0 pc 0x109a95e22 leaf __semwait_signal+0xa frames: 0x109a95e22 0x1042a12e5 0x1041d56a2 0x1042a4329 0x1042a34a6 0x1042a3089 0x10423ab3e 0x1042a0d09 0x109a91e9e
   2.334 TIGER-SAMPLE pid 0xa30 n 0x6 thread 0x2a03 thread 0x2a03 state-kr 0x0 pc 0x109a95e22 leaf __semwait_signal+0xa frames: 0x109a95e22 0x1042a12e5 0x1041d56a2 0x1042a4329 0x1042a34a6 0x1042a3089 0x10423ab3e 0x1042a0d09 0x109a91e9e
   2.334 TIGER-SAMPLE pid 0xa30 n 0x6 thread 0x2b03 thread 0x2b03 state-kr 0x0 pc 0x109a467e6 leaf poll+0xa frames: 0x109a467e6 0x10423ab3e 0x1042a0d09 0x109a91e9e
   2.334 TIGER-SAMPLE pid 0xa30 n 0x6 thread 0x2c03 thread 0x2c03 state-kr 0x0 pc 0x109a95e22 leaf __semwait_signal+0xa frames: 0x109a95e22 0x1042a12e5 0x1041d56a2 0x1042a4329 0x1042a34a6 0x1042a3089 0x10423ab3e 0x1042a0d09 0x109a91e9e
   2.334 TIGER-SAMPLE pid 0xa30 n 0x6 thread 0x2d03 thread 0x2d03 state-kr 0x0 pc 0x109a467e6 leaf poll+0xa frames: 0x109a467e6 0x10423ab3e 0x1042a0d09 0x109a91e9e
   2.335 TIGER-SAMPLE pid 0xa30 n 0x6 thread 0x4103 thread 0x4103 state-kr 0x0 pc 0x109a95e22 leaf __semwait_signal+0xa frames: 0x109a95e22 0x1042a1327 0x1041d56a2 0x1041b2277 0x10423ab3e 0x1042a0d09 0x109a91e9e
   2.335 TIGER-SAMPLE pid 0xa30 n 0x6 thread 0x4203 thread 0x4203 state-kr 0x0 pc 0x109a95e22 leaf __semwait_signal+0xa frames: 0x109a95e22 0x1042a1327 0x1041d56a2 0x1041b2277 0x10423ab3e 0x1042a0d09 0x109a91e9e
   2.368 TIGER-SAMPLE pid 0xa32 n 0x4 main 0xd03 thread 0xd03 state-kr 0x0 pc 0x90009817 leaf mach_msg_trap+0x7 frames: 0x90009817 0x9082d227 0x9083e100 0x300dd27 0x45d1f 0x8d14 0x8ce2 0x8c09 0x3
   2.368 TIGER-SAMPLE pid 0xa32 n 0x4 thread 0x1103 thread 0x1103 state-kr 0x0 pc 0x90009817 leaf mach_msg_trap+0x7 frames: 0x90009817 0x149388 0x90023d67
   2.368 TIGER-SAMPLE pid 0xa32 n 0x4 thread 0x1303 thread 0x1303 state-kr 0x0 pc 0x900bc3fc leaf poll+0xc frames: 0x900bc3fc 0x14c054 0x2fac96b 0x3014931 0x90023d67
   2.368 TIGER-SAMPLE pid 0xa32 n 0x4 thread 0x2507 thread 0x2507 state-kr 0x0 pc 0x90024407 leaf semaphore_wait_signal_trap+0x7 frames: 0x90024407 0x3577e 0x90023d67
   2.369 TIGER-SAMPLE pid 0xa32 n 0x4 thread 0x2703 thread 0x2703 state-kr 0x0 pc 0x900bc3fc leaf poll+0xc frames: 0x900bc3fc 0x14c054 0x2fac96b 0x3014931 0x90023d67
   2.369 TIGER-SAMPLE pid 0xa32 n 0x4 thread 0x2903 thread 0x2903 state-kr 0x0 pc 0x90024407 leaf semaphore_wait_signal_trap+0x7 frames: 0x90024407 0x3577e 0x90023d67
   2.369 TIGER-SAMPLE pid 0xa32 n 0x4 thread 0x2b03 thread 0x2b03 state-kr 0x0 pc 0x90024407 leaf semaphore_wait_signal_trap+0x7 frames: 0x90024407 0x3577e 0x90023d67
   2.370 TIGER-SAMPLE pid 0xa32 n 0x4 thread 0x2d03 thread 0x2d03 state-kr 0x0 pc 0x90024407 leaf semaphore_wait_signal_trap+0x7 frames: 0x90024407 0x3577e 0x90023d67
   2.370 TIGER-SAMPLE pid 0xa32 n 0x4 thread 0x2f03 thread 0x2f03 state-kr 0x0 pc 0x900011f4 leaf _setjmp+0x4 frames: 0x900011f4 0x3dd1d 0x300e693 0x13bb2b 0x13f790 0x2fac96b 0x3014931 0x90023d67
   2.370 TIGER-SAMPLE pid 0xa32 n 0x4 thread 0x3103 thread 0x3103 state-kr 0x0 pc 0x900bc3fc leaf poll+0xc frames: 0x900bc3fc 0x14c054 0x2fac96b 0x3014931 0x90023d67
   2.472 TIGER-SAMPLE pid 0xa2d n 0x8 main 0x117 thread 0x117 state-kr 0x0 pc 0x90009817 leaf mach_msg_trap+0x7 frames: 0x90009817 0x9082d227 0x9082ca42 0x92e06878 0x92e05f82 0x92e05dd9 0x9328cf45 0x9328cb37 0x932868c4 0x8af6 0x82f2 0x8219 0x5
   2.472 TIGER-SAMPLE pid 0xa2d n 0x8 thread 0x1203 thread 0x1203 state-kr 0x0 pc 0x90009817 leaf mach_msg_trap+0x7 frames: 0x90009817 0x2ca6d8 0x90023d67
   2.472 TIGER-SAMPLE pid 0xa2d n 0x8 thread 0x3207 thread 0x3207 state-kr 0x0 pc 0x90024407 leaf semaphore_wait_signal_trap+0x7 frames: 0x90024407 0x364de 0x90023d67
   2.473 TIGER-SAMPLE pid 0xa2d n 0x8 thread 0x3403 thread 0x3403 state-kr 0x0 pc 0x90024407 leaf semaphore_wait_signal_trap+0x7 frames: 0x90024407 0x364de 0x90023d67
   2.473 TIGER-SAMPLE pid 0xa2d n 0x8 thread 0x5103 thread 0x5103 state-kr 0x0 pc 0x900bc3fc leaf poll+0xc frames: 0x900bc3fc 0x2cd134 0x313210b 0x319b321 0x90023d67
   2.473 TIGER-SAMPLE pid 0xa2d n 0x8 thread 0x5203 thread 0x5203 state-kr 0x0 pc 0x90024407 leaf semaphore_wait_signal_trap+0x7 frames: 0x90024407 0x364de 0x90023d67
   2.474 TIGER-SAMPLE pid 0xa2d n 0x8 thread 0x5503 thread 0x5503 state-kr 0x0 pc 0x900bc3fc leaf poll+0xc frames: 0x900bc3fc 0x2cd134 0x313210b 0x319b321 0x90023d67
   2.474 TIGER-SAMPLE pid 0xa2d n 0x8 thread 0x5603 thread 0x5603 state-kr 0x0 pc 0x90024407 leaf semaphore_wait_signal_trap+0x7 frames: 0x90024407 0x364de 0x90023d67
   2.474 TIGER-SAMPLE pid 0xa2d n 0x8 thread 0x5c07 thread 0x5c07 state-kr 0x0 pc 0x900bc3fc leaf poll+0xc frames: 0x900bc3fc 0x2cd134 0x313210b 0x319b321 0x90023d67
   2.475 TIGER-SAMPLE pid 0xa2d n 0x8 thread 0x5e07 thread 0x5e07 state-kr 0x0 pc 0x90024407 leaf semaphore_wait_signal_trap+0x7 frames: 0x90024407 0x915a96ab 0x915c3ddc 0x90023d67
   2.572 TIGER-SAMPLE pid 0xa31 n 0x7 main 0xd03 thread 0xd03 state-kr 0x0 pc 0x109895e22 leaf __semwait_signal+0xa frames: 0x109895e22 0x10409ca17 0x103fcd562 0x10409fb49 0x10409ec36 0x10409e819 0x10004a16b 0x10000154c 0x100001461 0x3
   2.572 TIGER-SAMPLE pid 0xa31 n 0x7 thread 0xf03 thread 0xf03 state-kr 0x0 pc 0x1098dfe4e leaf mach_msg_trap+0xa frames: 0x1098dfe4e 0x100327902 0x109891e9e
   2.572 TIGER-SAMPLE pid 0xa31 n 0x7 thread 0x1103 thread 0x1103 state-kr 0x0 pc 0x109895e22 leaf __semwait_signal+0xa frames: 0x109895e22 0x10409c9d5 0x103fcd562 0x10409fb49 0x10409ec36 0x10409e819 0x104033bfe 0x10409c3f9 0x109891e9e
   2.573 TIGER-SAMPLE pid 0xa31 n 0x7 thread 0x2303 thread 0x2303 state-kr 0x0 pc 0x1098467e6 leaf poll+0xa frames: 0x1098467e6 0x104033bfe 0x10409c3f9 0x109891e9e
   2.573 TIGER-SAMPLE pid 0xa31 n 0x7 thread 0x2407 thread 0x2407 state-kr 0x0 pc 0x109895e22 leaf __semwait_signal+0xa frames: 0x109895e22 0x10409c9d5 0x103fcd562 0x10409fb49 0x10409ec36 0x10409e819 0x104033bfe 0x10409c3f9 0x109891e9e
   2.573 TIGER-SAMPLE pid 0xa31 n 0x7 thread 0x2503 thread 0x2503 state-kr 0x0 pc 0x109895e22 leaf __semwait_signal+0xa frames: 0x109895e22 0x10409c9d5 0x103fcd562 0x10409fb49 0x10409ec36 0x10409e819 0x104033bfe 0x10409c3f9 0x109891e9e
   2.573 TIGER-SAMPLE pid 0xa31 n 0x7 thread 0x2603 thread 0x2603 state-kr 0x0 pc 0x109895e22 leaf __semwait_signal+0xa frames: 0x109895e22 0x10409c9d5 0x103fcd562 0x10409fb49 0x10409ec36 0x10409e819 0x104033bfe 0x10409c3f9 0x109891e9e
   2.573 TIGER-SAMPLE pid 0xa31 n 0x7 thread 0x2703 thread 0x2703 state-kr 0x0 pc 0x109895e22 leaf __semwait_signal+0xa frames: 0x109895e22 0x10409c9d5 0x103fcd562 0x10409fb49 0x10409ec36 0x10409e819 0x104033bfe 0x10409c3f9 0x109891e9e
   2.574 TIGER-SAMPLE pid 0xa31 n 0x7 thread 0x2903 thread 0x2903 state-kr 0x0 pc 0x109895e22 leaf __semwait_signal+0xa frames: 0x109895e22 0x10409c9d5 0x103fcd562 0x10409fb49 0x10409ec36 0x10409e819 0x104033bfe 0x10409c3f9 0x109891e9e
   2.574 TIGER-SAMPLE pid 0xa31 n 0x7 thread 0x2a03 thread 0x2a03 state-kr 0x0 pc 0x1098467e6 leaf poll+0xa frames: 0x1098467e6 0x104033bfe 0x10409c3f9 0x109891e9e
   2.574 TIGER-SAMPLE pid 0xa31 n 0x7 thread 0x2b03 thread 0x2b03 state-kr 0x0 pc 0x1098467e6 leaf poll+0xa frames: 0x1098467e6 0x104388627 0x1043887ea 0x101f32ba7 0x101f3e971 0x104033bfe 0x10409c3f9 0x109891e9e
   2.588 Optimized eQ#BSGjeW:[0x14d4a0640->0x10bea7580, LLIntFunctionCall, 230 (StrictMode)] using Baseline with Baseline into 2688 bytes in 0.214125 ms.
   2.588 TIGER-SAMPLE pid 0xa30 n 0x7 main 0xd03 thread 0xd03 state-kr 0x0 pc 0x10358acc4 leaf _ZN3JSC9WeakBlockC1ERNS_4HeapENS_13CellContainerE+0x4 frames: 0x10358acc4 0x10358ac8d 0x10358ef08 0x100bed9c9 0x10085dbef 0x100c073a1 0x100924481 0x10323c650 0x10323be3e 0x1049d32af 0x1049e9ca8 0x1049e9ca8 0x1049c87c4 0x103647232 0x1037cee04 0x100be8d40 0x101702c86 0x1016f9017 0x1016f8d07 0x1016fa973 0x1016fa031 0x1019519a1 0x101b81b68 0x101b81a8c 0x101b82113 0x10261d22f 0x1042a3247 0x100046488 0x100001d0c 0x100001c21 0x3
   2.588 TIGER-SAMPLE pid 0xa30 n 0x7 thread 0xf03 thread 0xf03 state-kr 0x0 pc 0x109adfe4e leaf mach_msg_trap+0xa frames: 0x109adfe4e 0x10045c512 0x109a91e9e
   2.588 TIGER-SAMPLE pid 0xa30 n 0x7 thread 0x1103 thread 0x1103 state-kr 0x0 pc 0x109a95e22 leaf __semwait_signal+0xa frames: 0x109a95e22 0x1042a12e5 0x1041d56a2 0x1042a4329 0x1042a34a6 0x1042a3089 0x10423ab3e 0x1042a0d09 0x109a91e9e
   2.588 TIGER-SAMPLE pid 0xa30 n 0x7 thread 0x2303 thread 0x2303 state-kr 0x0 pc 0x109a95e22 leaf __semwait_signal+0xa frames: 0x109a95e22 0x1042a12e5 0x1041d56a2 0x1042a4329 0x1042a34a6 0x1042a3089 0x10423ab3e 0x1042a0d09 0x109a91e9e
   2.588 TIGER-SAMPLE pid 0xa30 n 0x7 thread 0x2403 thread 0x2403 state-kr 0x0 pc 0x109a95e22 leaf __semwait_signal+0xa frames: 0x109a95e22 0x1042a12e5 0x1041d56a2 0x1042a4329 0x1042a34a6 0x1042a3089 0x10423ab3e 0x1042a0d09 0x109a91e9e
   2.589 TIGER-SAMPLE pid 0xa30 n 0x7 thread 0x2503 thread 0x2503 state-kr 0x0 pc 0x109a467e6 leaf poll+0xa frames: 0x109a467e6 0x10423ab3e 0x1042a0d09 0x109a91e9e
   2.589 TIGER-SAMPLE pid 0xa30 n 0x7 thread 0x2603 thread 0x2603 state-kr 0x0 pc 0x109a95e22 leaf __semwait_signal+0xa frames: 0x109a95e22 0x1042a12e5 0x1041d56a2 0x1042a4329 0x1042a34a6 0x1042a3089 0x10423ab3e 0x1042a0d09 0x109a91e9e
   2.589 TIGER-SAMPLE pid 0xa30 n 0x7 thread 0x2703 thread 0x2703 state-kr 0x0 pc 0x109a467e6 leaf poll+0xa frames: 0x109a467e6 0x10423ab3e 0x1042a0d09 0x109a91e9e
   2.589 TIGER-SAMPLE pid 0xa30 n 0x7 thread 0x2807 thread 0x2807 state-kr 0x0 pc 0x109a95e22 leaf __semwait_signal+0xa frames: 0x109a95e22 0x1042a12e5 0x1041d56a2 0x1042a4329 0x1042a34a6 0x1042a3089 0x10423ab3e 0x1042a0d09 0x109a91e9e
   2.590 TIGER-SAMPLE pid 0xa30 n 0x7 thread 0x2903 thread 0x2903 state-kr 0x0 pc 0x109a95e22 leaf __semwait_signal+0xa frames: 0x109a95e22 0x1042a12e5 0x1041d56a2 0x1042a4329 0x1042a34a6 0x1042a3089 0x10423ab3e 0x1042a0d09 0x109a91e9e
   2.590 TIGER-SAMPLE pid 0xa30 n 0x7 thread 0x2a03 thread 0x2a03 state-kr 0x0 pc 0x109a95e22 leaf __semwait_signal+0xa frames: 0x109a95e22 0x1042a12e5 0x1041d56a2 0x1042a4329 0x1042a34a6 0x1042a3089 0x10423ab3e 0x1042a0d09 0x109a91e9e
   2.590 TIGER-SAMPLE pid 0xa30 n 0x7 thread 0x2b03 thread 0x2b03 state-kr 0x0 pc 0x109a467e6 leaf poll+0xa frames: 0x109a467e6 0x10423ab3e 0x1042a0d09 0x109a91e9e
   2.590 TIGER-SAMPLE pid 0xa30 n 0x7 thread 0x2c03 thread 0x2c03 state-kr 0x0 pc 0x109a95e22 leaf __semwait_signal+0xa frames: 0x109a95e22 0x1042a12e5 0x1041d56a2 0x1042a4329 0x1042a34a6 0x1042a3089 0x10423ab3e 0x1042a0d09 0x109a91e9e
   2.590 TIGER-SAMPLE pid 0xa30 n 0x7 thread 0x2d03 thread 0x2d03 state-kr 0x0 pc 0x109a467e6 leaf poll+0xa frames: 0x109a467e6 0x10423ab3e 0x1042a0d09 0x109a91e9e
   2.591 TIGER-SAMPLE pid 0xa30 n 0x7 thread 0x4103 thread 0x4103 state-kr 0x0 pc 0x109a95e22 leaf __semwait_signal+0xa frames: 0x109a95e22 0x1042a1327 0x1041d56a2 0x1041b2277 0x10423ab3e 0x1042a0d09 0x109a91e9e
   2.591 TIGER-SAMPLE pid 0xa30 n 0x7 thread 0x4203 thread 0x4203 state-kr 0x0 pc 0x109a95e22 leaf __semwait_signal+0xa frames: 0x109a95e22 0x1042a1327 0x1041d56a2 0x1041b2277 0x10423ab3e 0x1042a0d09 0x109a91e9e
   2.591 Optimized tk#CCzuKb:[0x14d4a0480->0x10bee4480, LLIntFunctionCall, 76 (StrictMode)] using Baseline with Baseline into 1536 bytes in 0.205729 ms.
   2.621 TIGER-SAMPLE pid 0xa32 n 0x5 main 0xd03 thread 0xd03 state-kr 0x0 pc 0x90009817 leaf mach_msg_trap+0x7 frames: 0x90009817 0x9082d227 0x9083e100 0x300dd27 0x45d1f 0x8d14 0x8ce2 0x8c09 0x3
   2.621 TIGER-SAMPLE pid 0xa32 n 0x5 thread 0x1103 thread 0x1103 state-kr 0x0 pc 0x90009817 leaf mach_msg_trap+0x7 frames: 0x90009817 0x149388 0x90023d67
   2.621 TIGER-SAMPLE pid 0xa32 n 0x5 thread 0x1303 thread 0x1303 state-kr 0x0 pc 0x900bc3fc leaf poll+0xc frames: 0x900bc3fc 0x14c054 0x2fac96b 0x3014931 0x90023d67
   2.621 TIGER-SAMPLE pid 0xa32 n 0x5 thread 0x2507 thread 0x2507 state-kr 0x0 pc 0x90024407 leaf semaphore_wait_signal_trap+0x7 frames: 0x90024407 0x3577e 0x90023d67
   2.622 TIGER-SAMPLE pid 0xa32 n 0x5 thread 0x2703 thread 0x2703 state-kr 0x0 pc 0x900bc3fc leaf poll+0xc frames: 0x900bc3fc 0x14c054 0x2fac96b 0x3014931 0x90023d67
   2.622 TIGER-SAMPLE pid 0xa32 n 0x5 thread 0x2903 thread 0x2903 state-kr 0x0 pc 0x90024407 leaf semaphore_wait_signal_trap+0x7 frames: 0x90024407 0x3577e 0x90023d67
   2.622 TIGER-SAMPLE pid 0xa32 n 0x5 thread 0x2b03 thread 0x2b03 state-kr 0x0 pc 0x90024407 leaf semaphore_wait_signal_trap+0x7 frames: 0x90024407 0x3577e 0x90023d67
   2.622 TIGER-SAMPLE pid 0xa32 n 0x5 thread 0x2d03 thread 0x2d03 state-kr 0x0 pc 0x90024407 leaf semaphore_wait_signal_trap+0x7 frames: 0x90024407 0x3577e 0x90023d67
   2.623 TIGER-SAMPLE pid 0xa32 n 0x5 thread 0x2f03 thread 0x2f03 state-kr 0x0 pc 0x900bc3fc leaf poll+0xc frames: 0x900bc3fc 0x14c525 0x13f788 0x2fac96b 0x3014931 0x90023d67
   2.623 TIGER-SAMPLE pid 0xa32 n 0x5 thread 0x3103 thread 0x3103 state-kr 0x0 pc 0x900bc3fc leaf poll+0xc frames: 0x900bc3fc 0x14c054 0x2fac96b 0x3014931 0x90023d67
   2.723 Optimized ul#ABBUip:[0x14d4a3740->0x14ddd5000, LLIntFunctionCall, 39] using Baseline with Baseline into 704 bytes in 0.121438 ms.
   2.724 Optimized yl#CCQ82y:[0x14d4a3660->0x14ddd5100, LLIntFunctionCall, 46] using Baseline with Baseline into 768 bytes in 0.104195 ms.
   2.725 TIGER-SAMPLE pid 0xa2d n 0x9 main 0x117 thread 0x117 state-kr 0x0 pc 0x90009817 leaf mach_msg_trap+0x7 frames: 0x90009817 0x9082d227 0x9082ca42 0x92e06878 0x92e05f82 0x92e05dd9 0x9328cf45 0x9328cb37 0x932868c4 0x8af6 0x82f2 0x8219 0x5
   2.725 TIGER-SAMPLE pid 0xa2d n 0x9 thread 0x1203 thread 0x1203 state-kr 0x0 pc 0x90009817 leaf mach_msg_trap+0x7 frames: 0x90009817 0x2ca6d8 0x90023d67
   2.726 TIGER-SAMPLE pid 0xa2d n 0x9 thread 0x3207 thread 0x3207 state-kr 0x0 pc 0x90024407 leaf semaphore_wait_signal_trap+0x7 frames: 0x90024407 0x364de 0x90023d67
   2.726 TIGER-SAMPLE pid 0xa2d n 0x9 thread 0x3403 thread 0x3403 state-kr 0x0 pc 0x90024407 leaf semaphore_wait_signal_trap+0x7 frames: 0x90024407 0x364de 0x90023d67
   2.726 TIGER-SAMPLE pid 0xa2d n 0x9 thread 0x5103 thread 0x5103 state-kr 0x0 pc 0x900bc3fc leaf poll+0xc frames: 0x900bc3fc 0x2cd134 0x313210b 0x319b321 0x90023d67
   2.727 TIGER-SAMPLE pid 0xa2d n 0x9 thread 0x5203 thread 0x5203 state-kr 0x0 pc 0x90024407 leaf semaphore_wait_signal_trap+0x7 frames: 0x90024407 0x364de 0x90023d67
   2.727 TIGER-SAMPLE pid 0xa2d n 0x9 thread 0x5503 thread 0x5503 state-kr 0x0 pc 0x900bc3fc leaf poll+0xc frames: 0x900bc3fc 0x2cd134 0x313210b 0x319b321 0x90023d67
   2.727 TIGER-SAMPLE pid 0xa2d n 0x9 thread 0x5603 thread 0x5603 state-kr 0x0 pc 0x90024407 leaf semaphore_wait_signal_trap+0x7 frames: 0x90024407 0x364de 0x90023d67
   2.728 TIGER-SAMPLE pid 0xa2d n 0x9 thread 0x5c07 thread 0x5c07 state-kr 0x0 pc 0x900bc3fc leaf poll+0xc frames: 0x900bc3fc 0x2cd134 0x313210b 0x319b321 0x90023d67
   2.728 TIGER-SAMPLE pid 0xa2d n 0x9 thread 0x5e07 thread 0x5e07 state-kr 0x0 pc 0x90024407 leaf semaphore_wait_signal_trap+0x7 frames: 0x90024407 0x915a96ab 0x915c3ddc 0x90023d67
   2.753 Optimized next#AYbUto:[0x14d0a2320->0x10bbbcb80, LLIntFunctionCall, 114 (StrictMode)] using Baseline with Baseline into 2048 bytes in 0.235359 ms.
   2.753 Optimized ma#CvmMuG:[0x14d4a1280->0x14e5bbd80, LLIntFunctionCall, 65] using Baseline with Baseline into 960 bytes in 0.087985 ms.
   2.754 Optimized arrayIteratorNextHelper#Cp8Z2u:[0x14d0a2400->0x14d0a5100, LLIntFunctionCall, 130 (StrictMode)] using Baseline with Baseline into 2496 bytes in 1.230040 ms.
   2.758 Optimized get#B1amzl:[0x14e70bba0->0x14e5fec80, LLIntFunctionCall, 19] using Baseline with Baseline into 256 bytes in 0.049329 ms.
   2.758 Optimized #AAuAGY:[0x14e70b120->0x14e5fd300, LLIntFunctionCall, 128] using Baseline with Baseline into 1664 bytes in 0.144877 ms.
   2.758 Optimized Ki#CXtwII:[0x14e734720->0x14e5c5300, LLIntFunctionCall, 52] using Baseline with Baseline into 1216 bytes in 0.146155 ms.
   2.758 Optimized Fb#DoTawI:[0x14e7341e0->0x14d1f7380, LLIntFunctionCall, 38] using Baseline with Baseline into 768 bytes in 0.058742 ms.
   2.758 Optimized Vc#EFxcI7:[0x14e7091a0->0x14ddcca00, LLIntFunctionCall, 55] using Baseline with Baseline into 672 bytes in 0.074742 ms.
   2.759 Optimized sk#CFlk4l:[0x14e70b040->0x14ddd4600, LLIntFunctionCall, 280] using Baseline with Baseline into 4576 bytes in 0.188762 ms.
   2.759 Optimized Zp#EPXlPt:[0x14e70b9e0->0x14e5c9800, LLIntFunctionCall, 58] using Baseline with Baseline into 800 bytes in 0.074847 ms.
   2.759 Optimized vk#CqY4w6:[0x14e70bac0->0x14ddd4780, LLIntFunctionCall, 90] using Baseline with Baseline into 1344 bytes in 0.069032 ms.
   2.759 Optimized map#CPBdlN:[0x14d0c8c60->0x10bbbc200, LLIntFunctionCall, 108 (StrictMode)] using Baseline with Baseline into 1888 bytes in 1.230111 ms.
   2.761 Optimized n#CzNOYx:[0x14e7083a0->0x14e5bc180, LLIntFunctionCall, 234] using Baseline with Baseline into 3552 bytes in 0.365404 ms.
   2.762 Optimized Yp#EOGslZ:[0x14e70bc80->0x14e5c9780, LLIntFunctionCall, 723] using Baseline with Baseline into 11264 bytes in 0.542797 ms.
   2.762 Optimized Li#ASaJZo:[0x14e734640->0x14e5c5100, LLIntFunctionCall, 114] using Baseline with Baseline into 1760 bytes in 1.141319 ms.
   2.762 Optimized Oi#EaU1vo:[0x14e734480->0x14e5c5280, LLIntFunctionCall, 274] using Baseline with Baseline into 5088 bytes in 0.193473 ms.
   2.763 Optimized aq#DvJW9X:[0x14e734560->0x14e5c9900, LLIntFunctionCall, 114] using Baseline with Baseline into 1408 bytes in 0.088230 ms.
   2.764 Optimized next#AYbUto:[0x14e734b80->0x14d0a2320->0x10bbbcb80, NoneFunctionCall, 114 (StrictMode)] using DFG with DFG into 832 bytes in 1.781459 ms.
   2.766 Optimized arrayIteratorNextHelper#Cp8Z2u:[0x14e734c60->0x14d0a2400->0x14d0a5100, NoneFunctionCall, 130 (StrictMode)] using DFG with DFG into 1216 bytes in 2.275940 ms.
   2.771 Optimized Od#CdJOTD:[0x14e7365c0->0x14e5c1a00, LLIntFunctionConstruct, 71] using Baseline with Baseline into 992 bytes in 0.090812 ms.
   2.771 Optimized Ld#CO2pdH:[0x14e7366a0->0x14e5c1180, LLIntFunctionCall, 61] using Baseline with Baseline into 1184 bytes in 0.069373 ms.
   2.771 Optimized Ta#A84ryD:[0x14e736780->0x14e5bd580, LLIntFunctionConstruct, 34] using Baseline with Baseline into 1152 bytes in 0.070231 ms.
   2.772 Optimized #A7l1Fo:[0x14e736860->0x14e5c1880, LLIntFunctionCall, 14] using Baseline with Baseline into 448 bytes in 0.043384 ms.
   2.772 Optimized #EoQy0d:[0x14e736940->0x14e5be280, LLIntFunctionCall, 149] using Baseline with Baseline into 2816 bytes in 0.099032 ms.
   2.772 Optimized b#DKPZtn:[0x14e7364e0->0x14e5ffb80, LLIntFunctionCall, 153] using Baseline with Baseline into 1824 bytes in 1.157854 ms.
   2.777 Optimized Db#AdKVly:[0x14e7374a0->0x14d1f7280, LLIntFunctionCall, 6] using Baseline with Baseline into 352 bytes in 0.067884 ms.
   2.777 Optimized lh#DavGKc:[0x14e737580->0x14ddd1c80, LLIntFunctionCall, 66] using Baseline with Baseline into 960 bytes in 0.085424 ms.
   2.778 Optimized Nd#CdJOTD:[0x14e737660->0x14e5c1980, LLIntFunctionConstruct, 71] using Baseline with Baseline into 992 bytes in 0.083178 ms.
   2.778 Optimized jU#EpMZ7X:[0x14e737040->0x14e5baf80, LLIntFunctionCall, 105] using Baseline with Baseline into 1120 bytes in 0.085208 ms.
   2.778 Optimized #EijQxB:[0x14e7372e0->0x14e5c4d00, LLIntFunctionCall, 249] using Baseline with Baseline into 2976 bytes in 0.167699 ms.
   2.778 Optimized #DKaaKJ:[0x14e7373c0->0x14e5c4c80, LLIntFunctionCall, 30] using Baseline with Baseline into 672 bytes in 0.053584 ms.
   2.778 Optimized b#Ccsgbp:[0x14e736f60->0x14e5ffd80, LLIntFunctionCall, 33] using Baseline with Baseline into 544 bytes in 0.048602 ms.
   2.780 Optimized a#CNe5MA:[0x14e760800->0x14e5ffd00, LLIntFunctionCall, 33] using Baseline with Baseline into 544 bytes in 0.068867 ms.
   2.780 Optimized kU#EpS71E:[0x14e7608e0->0x14e5bb000, LLIntFunctionCall, 318] using Baseline with Baseline into 3456 bytes in 0.238265 ms.
   2.781 Optimized Ld#CO2pdH:[0x14e760560->0x14e7366a0->0x14e5c1180, NoneFunctionCall, 61] using DFG with DFG into 1408 bytes in 2.845795 ms.
   2.781 Optimized #A7l1Fo:[0x14e760640->0x14e736860->0x14e5c1880, NoneFunctionCall, 14] using DFG with DFG into 288 bytes in 0.369594 ms.
   2.782 Optimized Db#AdKVly:[0x14e7609c0->0x14e7374a0->0x14d1f7280, NoneFunctionCall, 6] using DFG with DFG into 384 bytes in 0.390341 ms.
   2.785 Optimized lh#DavGKc:[0x14e760aa0->0x14e737580->0x14ddd1c80, NoneFunctionCall, 66] using DFG with DFG into 2112 bytes in 2.912557 ms.
   2.787 Optimized Oa#EdRFd0:[0x14e7611a0->0x14e5bd380, LLIntFunctionCall, 92] using Baseline with Baseline into 1728 bytes in 0.220722 ms.
   2.787 Optimized Nd#CdJOTD:[0x14e760b80->0x14e737660->0x14e5c1980, NoneFunctionConstruct, 71] using DFG with DFG into 1504 bytes in 1.749188 ms.
   2.787 Optimized #ED5OCs:[0x14e761360->0x14e5c1400, LLIntFunctionCall, 116] using Baseline with Baseline into 1344 bytes in 0.117279 ms.
   2.787 Optimized fb#A6jjtP:[0x14e761280->0x14d1f6e00, LLIntFunctionCall, 358] using Baseline with Baseline into 5376 bytes in 0.252431 ms.
   2.787 Optimized #AuxLrL:[0x14e7616e0->0x14e5c1b00, LLIntFunctionCall, 83] using Baseline with Baseline into 1184 bytes in 0.066442 ms.
   2.788 Optimized #DKaaKJ:[0x14e760c60->0x14e7373c0->0x14e5c4c80, NoneFunctionCall, 30] using DFG with DFG into 544 bytes in 0.567083 ms.
   2.788 Optimized xa#DyDPKA:[0x14e6e0480->0x14e5bc280, LLIntFunctionCall, 84] using Baseline with Baseline into 1312 bytes in 0.156782 ms.
   2.789 Optimized Md#D62hfp:[0x14e761440->0x14e5c1a80, LLIntFunctionConstruct, 20] using Baseline with Baseline into 832 bytes in 0.058391 ms.
   2.792 Optimized $a#DAWWdL:[0x14e761c20->0x14e5be200, LLIntFunctionCall, 83] using Baseline with Baseline into 1760 bytes in 0.104467 ms.
   2.792 Optimized #DkkH6I:[0x14e762b00->0x14e5be180, LLIntFunctionCall, 41] using Baseline with Baseline into 512 bytes in 0.076987 ms.
   2.792 Optimized ge#AcOKc0:[0x14e761de0->0x14ddce180, LLIntFunctionCall, 121] using Baseline with Baseline into 2304 bytes in 0.182942 ms.
   2.793 Optimized #AuxLrL:[0x14e762be0->0x14e7616e0->0x14e5c1b00, NoneFunctionCall, 83] using DFG with DFG into 640 bytes in 1.069734 ms.
   2.794 Optimized Md#D62hfp:[0x14e762cc0->0x14e761440->0x14e5c1a80, NoneFunctionConstruct, 20] using DFG with DFG into 512 bytes in 0.449018 ms.
   2.796 Optimized #BXkObh:[0x14e737ba0->0x14e5bf680, LLIntFunctionCall, 40] using Baseline with Baseline into 896 bytes in 0.090406 ms.
   2.796 Optimized #A4UdJt:[0x14e762320->0x14e5be300, LLIntFunctionCall, 93] using Baseline with Baseline into 1696 bytes in 0.076567 ms.
   2.796 Optimized ye#A8MzE3:[0x14e762e80->0x14ddcea80, LLIntFunctionCall, 127] using Baseline with Baseline into 1856 bytes in 0.104872 ms.
   2.797 Optimized #ECAvhT:[0x14e737c80->0x14e5bd680, LLIntFunctionCall, 51] using Baseline with Baseline into 1120 bytes in 0.106827 ms.
   2.799 Optimized Jd#AqSGdr:[0x14e761600->0x14e5c0900, LLIntFunctionConstruct, 319] using Baseline with Baseline into 4064 bytes in 0.214862 ms.
   2.799 Optimized #CwT4jk:[0x14e761b40->0x14e5be100, LLIntFunctionCall, 41] using Baseline with Baseline into 512 bytes in 0.066005 ms.
   2.801 Optimized #BXkObh:[0x14e762f60->0x14e737ba0->0x14e5bf680, NoneFunctionCall, 40] using DFG with DFG into 1376 bytes in 1.757589 ms.
   2.801 Optimized xe#CUDvOs:[0x14e761980->0x14ddcea00, LLIntFunctionCall, 258] using Baseline with Baseline into 3456 bytes in 0.180687 ms.
   2.801 Optimized #AgANuB:[0x14e761a60->0x14e75c400, LLIntFunctionCall, 7] using Baseline with Baseline into 256 bytes in 0.044572 ms.
   2.803 Optimized #BnKIql:[0x14e7626a0->0x14e5be800, LLIntFunctionCall, 14] using Baseline with Baseline into 352 bytes in 0.094376 ms.
   2.803 Optimized #DwYxA1:[0x14e7625c0->0x14e5be780, LLIntFunctionCall, 14] using Baseline with Baseline into 512 bytes in 0.086938 ms.
   2.803 Optimized eb#CwOD5w:[0x14e762940->0x14d1f6d80, LLIntFunctionCall, 276] using Baseline with Baseline into 4608 bytes in 0.211163 ms.
   2.803 Optimized je#A7LC7o:[0x14e761520->0x14ddce300, LLIntFunctionCall, 260] using Baseline with Baseline into 3744 bytes in 0.169655 ms.
   2.804 Optimized Oa#EdRFd0:[0x14e763040->0x14e7611a0->0x14e5bd380, NoneFunctionCall, 92] using DFG with DFG into 1536 bytes in 2.537966 ms.
   2.805 Optimized $a#DAWWdL:[0x14e7632e0->0x14e761c20->0x14e5be200, NoneFunctionCall, 83] using DFG with DFG into 1184 bytes in 1.399584 ms.
   2.805 Optimized Te#Cyejqz:[0x14e7617c0->0x14ddcf480, LLIntFunctionCall, 65] using Baseline with Baseline into 896 bytes in 0.078100 ms.
   2.806 Optimized #EhwnEH:[0x14e7618a0->0x14e5c0e00, LLIntFunctionCall, 232] using Baseline with Baseline into 3040 bytes in 0.127339 ms.
   2.807 Optimized ge#AcOKc0:[0x14e7633c0->0x14e761de0->0x14ddce180, NoneFunctionCall, 121] using DFG with DFG into 1248 bytes in 1.837434 ms.
   2.809 Optimized #ED5OCs:[0x14e7634a0->0x14e761360->0x14e5c1400, NoneFunctionCall, 116] using DFG with DFG into 864 bytes in 1.244417 ms.
   2.809 Optimized #DkkH6I:[0x14e763580->0x14e762b00->0x14e5be180, NoneFunctionCall, 41] using DFG with DFG into 480 bytes in 0.524476 ms.
   2.809 Optimized #AaEssd:[0x14e762860->0x14e5c0b00, LLIntFunctionCall, 19] using Baseline with Baseline into 480 bytes in 0.069719 ms.
   2.810 Optimized #AUJKDz:[0x14e7610c0->0x14e5bec00, LLIntFunctionCall, 257] using Baseline with Baseline into 4032 bytes in 0.166887 ms.
   2.811 Optimized #EjBZm6:[0x14e762780->0x14e5c0a80, LLIntFunctionCall, 120] using Baseline with Baseline into 1824 bytes in 0.103820 ms.
   2.811 Optimized #ECAvhT:[0x14e763660->0x14e737c80->0x14e5bd680, NoneFunctionCall, 51] using DFG with DFG into 1280 bytes in 0.836266 ms.
   2.813 Optimized #A4UdJt:[0x14e7bc8e0->0x14e762320->0x14e5be300, NoneFunctionCall, 93] using DFG with DFG into 1344 bytes in 1.109243 ms.
   2.815 Optimized Je#Eerpfg:[0x14e762da0->0x14ddcef80, LLIntFunctionCall, 173] using Baseline with Baseline into 2784 bytes in 0.174371 ms.
   2.815 Optimized #DGWK7H:[0x14e760fe0->0x14e5c3380, LLIntFunctionCall, 53] using Baseline with Baseline into 864 bytes in 0.200511 ms.
   2.815 Optimized Xa#BOj1Kr:[0x14d4a1600->0x14d1f6d00, LLIntFunctionCall, 84] using Baseline with Baseline into 1152 bytes in 0.078416 ms.
   2.816 Optimized fb#A6jjtP:[0x14e7bc9c0->0x14e761280->0x14d1f6e00, NoneFunctionCall, 358] using DFG with DFG into 2432 bytes in 3.036782 ms.
   2.816 Optimized #CwT4jk:[0x14e7bcaa0->0x14e761b40->0x14e5be100, NoneFunctionCall, 41] using DFG with DFG into 480 bytes in 0.527474 ms.
   2.816 Optimized Sa#DeSkv2:[0x14d4a1b40->0x14e5bd500, LLIntFunctionConstruct, 20] using Baseline with Baseline into 832 bytes in 0.064140 ms.
   2.817 Optimized qf#A0imA3:[0x14e761d00->0x14ddcfe00, LLIntFunctionCall, 194] using Baseline with Baseline into 3936 bytes in 0.171494 ms.
   2.817 Optimized Za#Aoog7r:[0x14e736320->0x14e5be080, LLIntFunctionConstruct, 179] using Baseline with Baseline into 3072 bytes in 0.244066 ms.
   2.818 Optimized #CxQPQt:[0x14e736cc0->0x14e5be600, LLIntFunctionCall, 14] using Baseline with Baseline into 512 bytes in 1.090517 ms.
   2.818 Optimized Ue#D92Ew2:[0x14e762a20->0x14ddcf500, LLIntFunctionCall, 56] using Baseline with Baseline into 736 bytes in 0.062060 ms.
   2.819 Optimized #DkPX9G:[0x14e762400->0x14e75c480, LLIntFunctionCall, 510] using Baseline with Baseline into 7392 bytes in 0.291218 ms.
   2.819 Optimized #Diq5wu:[0x14e7624e0->0x14e5be400, LLIntFunctionCall, 112] using Baseline with Baseline into 1760 bytes in 0.099910 ms.
   2.825 TIGER-SAMPLE pid 0xa31 n 0x8 main 0xd03 thread 0xd03 state-kr 0x0 pc 0x109895e22 leaf __semwait_signal+0xa frames: 0x109895e22 0x10409ca17 0x103fcd562 0x10409fb49 0x10409ec36 0x10409e819 0x10004a16b 0x10000154c 0x100001461 0x3
   2.825 TIGER-SAMPLE pid 0xa31 n 0x8 thread 0xf03 thread 0xf03 state-kr 0x0 pc 0x1098dfe4e leaf mach_msg_trap+0xa frames: 0x1098dfe4e 0x100327902 0x109891e9e
   2.825 TIGER-SAMPLE pid 0xa31 n 0x8 thread 0x1103 thread 0x1103 state-kr 0x0 pc 0x109895e22 leaf __semwait_signal+0xa frames: 0x109895e22 0x10409c9d5 0x103fcd562 0x10409fb49 0x10409ec36 0x10409e819 0x104033bfe 0x10409c3f9 0x109891e9e
   2.825 TIGER-SAMPLE pid 0xa31 n 0x8 thread 0x2303 thread 0x2303 state-kr 0x0 pc 0x1098467e6 leaf poll+0xa frames: 0x1098467e6 0x104033bfe 0x10409c3f9 0x109891e9e
   2.826 TIGER-SAMPLE pid 0xa31 n 0x8 thread 0x2407 thread 0x2407 state-kr 0x0 pc 0x109895e22 leaf __semwait_signal+0xa frames: 0x109895e22 0x10409c9d5 0x103fcd562 0x10409fb49 0x10409ec36 0x10409e819 0x104033bfe 0x10409c3f9 0x109891e9e
   2.826 TIGER-SAMPLE pid 0xa31 n 0x8 thread 0x2503 thread 0x2503 state-kr 0x0 pc 0x109895e22 leaf __semwait_signal+0xa frames: 0x109895e22 0x10409c9d5 0x103fcd562 0x10409fb49 0x10409ec36 0x10409e819 0x104033bfe 0x10409c3f9 0x109891e9e
   2.826 TIGER-SAMPLE pid 0xa31 n 0x8 thread 0x2603 thread 0x2603 state-kr 0x0 pc 0x109895e22 leaf __semwait_signal+0xa frames: 0x109895e22 0x10409c9d5 0x103fcd562 0x10409fb49 0x10409ec36 0x10409e819 0x104033bfe 0x10409c3f9 0x109891e9e
   2.826 TIGER-SAMPLE pid 0xa31 n 0x8 thread 0x2703 thread 0x2703 state-kr 0x0 pc 0x109895e22 leaf __semwait_signal+0xa frames: 0x109895e22 0x10409c9d5 0x103fcd562 0x10409fb49 0x10409ec36 0x10409e819 0x104033bfe 0x10409c3f9 0x109891e9e
   2.826 TIGER-SAMPLE pid 0xa31 n 0x8 thread 0x2903 thread 0x2903 state-kr 0x0 pc 0x109895e22Optimized E#A0TeeB:[0x14d4a1de0->0x14ddd0580, LLIntFunctionCall, 126] using Baseline with Baseline into 1568 bytes in 1.185589 ms.
   2.826  leaf __semwait_signal+0xa frames: 0x109895e22 0x10409c9d5 0x103fcd562 0x10409fb49 0x10409ec36 0x10409e819 0x104033bfe 0x10409c3f9 0x109891e9e
   2.827 TIGER-SAMPLE pid 0xa31 n 0x8 thread 0x2a03 thread 0x2a03 state-kr 0x0 pc 0x1098467e6 leaf poll+0xa frames: 0x1098467e6 0x104033bfe 0x10409c3f9 0x109891e9e
   2.827 TIGER-SAMPLE pid 0xa31 n 0x8 thread 0x2b03 thread 0x2b03 state-kr 0x0 pc 0x1098467e6 leaf poll+0xa frames: 0x1098467e6 0x104388627 0x1043887ea 0x101f32ba7 0x101f3e971 0x104033bfe 0x10409c3f9 0x109891e9e
   2.829 Optimized b#AzP3HK:[0x14e7beda0->0x14e75cf00, LLIntFunctionCall, 237] using Baseline with Baseline into 2720 bytes in 0.198266 ms.
   2.831 Optimized Lf#BZstXX:[0x14d4a1fa0->0x14ddd0800, LLIntFunctionCall, 47] using Baseline with Baseline into 704 bytes in 0.072561 ms.
   2.844 TIGER-SAMPLE pid 0xa30 n 0x8 main 0xd03 thread 0xd03 state-kr 0x0 pc 0x103722fc4 leaf _ZN3JSC6ParserINS_5LexerIDsEEE19parseBlockStatementINS_13SyntaxCheckerEEENT_9StatementERS6_NS3_9BlockTypeE+0x4a4 frames: 0x103722fc4 0x10372881d 0x10371b978 0x103724063 0x10371b9b8 0x103718903 0x103718464 0x103722db1 0x10371b8c7 0x103724063 0x10371b9b8 0x103718903 0x1037183e0 0x103722db1 0x10371b8c7 0x103724063 0x10371b9b8 0x103718903 0x1037183e0 0x10371815d 0x1037153f2 0x10371f8e5 0x10371a9ec 0x103718931 0x103718464 0x10370ccc4 0x103708d36 0x10373b76c 0x10373a8a8 0x1036fc310 0x103736f43 0x1037005f1 0x1036fa717 0x1037007a2 0x1036fa717 0x10370265d 0x1036fa717 0x103705a5b 0x10374597f 0x10374542b 0x10373eb6e
   2.844 TIGER-SAMPLE pid 0xa30 n 0x8 thread 0xf03 thread 0xf03 state-kr 0x0 pc 0x109adfe4e leaf mach_msg_trap+0xa frames: 0x109adfe4e 0x10045c512 0x109a91e9e
   2.844 TIGER-SAMPLE pid 0xa30 n 0x8 thread 0x1103 thread 0x1103 state-kr 0x0 pc 0x109a95e22 leaf __semwait_signal+0xa frames: 0x109a95e22 0x1042a12e5 0x1041d56a2 0x1042a4329 0x1042a34a6 0x1042a3089 0x10423ab3e 0x1042a0d09 0x109a91e9e
   2.845 TIGER-SAMPLE pid 0xa30 n 0x8 thread 0x2303 thread 0x2303 state-kr 0x0 pc 0x109a95e22 leaf __semwait_signal+0xa frames: 0x109a95e22 0x1042a12e5 0x1041d56a2 0x1042a4329 0x1042a34a6 0x1042a3089 0x10423ab3e 0x1042a0d09 0x109a91e9e
   2.845 TIGER-SAMPLE pid 0xa30 n 0x8 thread 0x2403 thread 0x2403 state-kr 0x0 pc 0x109a95e22 leaf __semwait_signal+0xa frames: 0x109a95e22 0x1042a12e5 0x1041d56a2 0x1042a4329 0x1042a34a6 0x1042a3089 0x10423ab3e 0x1042a0d09 0x109a91e9e
   2.845 TIGER-SAMPLE pid 0xa30 n 0x8 thread 0x2503 thread 0x2503 state-kr 0x0 pc 0x109a467e6 leaf poll+0xa frames: 0x109a467e6 0x10423ab3e 0x1042a0d09 0x109a91e9e
   2.845 TIGER-SAMPLE pid 0xa30 n 0x8 thread 0x2603 thread 0x2603 state-kr 0x0 pc 0x109a95e22 leaf __semwait_signal+0xa frames: 0x109a95e22 0x1042a12e5 0x1041d56a2 0x1042a4329 0x1042a34a6 0x1042a3089 0x10423ab3e 0x1042a0d09 0x109a91e9e
   2.845 TIGER-SAMPLE pid 0xa30 n 0x8 thread 0x2703 thread 0x2703 state-kr 0x0 pc 0x109a467e6 leaf poll+0xa frames: 0x109a467e6 0x10423ab3e 0x1042a0d09 0x109a91e9e
   2.846 TIGER-SAMPLE pid 0xa30 n 0x8 thread 0x2807 thread 0x2807 state-kr 0x0 pc 0x109a95e22 leaf __semwait_signal+0xa frames: 0x109a95e22 0x1042a12e5 0x1041d56a2 0x1042a4329 0x1042a34a6 0x1042a3089 0x10423ab3e 0x1042a0d09 0x109a91e9e
   2.846 TIGER-SAMPLE pid 0xa30 n 0x8 thread 0x2903 thread 0x2903 state-kr 0x0 pc 0x109a95e22 leaf __semwait_signal+0xa frames: 0x109a95e22 0x1042a12e5 0x1041d56a2 0x1042a4329 0x1042a34a6 0x1042a3089 0x10423ab3e 0x1042a0d09 0x109a91e9e
   2.846 TIGER-SAMPLE pid 0xa30 n 0x8 thread 0x2a03 thread 0x2a03 state-kr 0x0 pc 0x109a95e22 leaf __semwait_signal+0xa frames: 0x109a95e22 0x1042a12e5 0x1041d56a2 0x1042a4329 0x1042a34a6 0x1042a3089 0x10423ab3e 0x1042a0d09 0x109a91e9e
   2.846 TIGER-SAMPLE pid 0xa30 n 0x8 thread 0x2b03 thread 0x2b03 state-kr 0x0 pc 0x109a467e6 leaf poll+0xa frames: 0x109a467e6 0x10423ab3e 0x1042a0d09 0x109a91e9e
   2.846 TIGER-SAMPLE pid 0xa30 n 0x8 thread 0x2c03 thread 0x2c03 state-kr 0x0 pc 0x109a95e22 leaf __semwait_signal+0xa frames: 0x109a95e22 0x1042a12e5 0x1041d56a2 0x1042a4329 0x1042a34a6 0x1042a3089 0x10423ab3e 0x1042a0d09 0x109a91e9e
   2.847 TIGER-SAMPLE pid 0xa30 n 0x8 thread 0x2d03 thread 0x2d03 state-kr 0x0 pc 0x109a467e6 leaf poll+0xa frames: 0x109a467e6 0x10423ab3e 0x1042a0d09 0x109a91e9e
   2.847 TIGER-SAMPLE pid 0xa30 n 0x8 thread 0x4103 thread 0x4103 state-kr 0x0 pc 0x109a95e22 leaf __semwait_signal+0xa frames: 0x109a95e22 0x1042a1327 0x1041d56a2 0x1041b2277 0x10423ab3e 0x1042a0d09 0x109a91e9e
   2.847 TIGER-SAMPLE pid 0xa30 n 0x8 thread 0x4203 thread 0x4203 state-kr 0x0 pc 0x109a95e22 leaf __semwait_signal+0xa frames: 0x109a95e22 0x1042a1327 0x1041d56a2 0x1041b2277 0x10423ab3e 0x1042a0d09 0x109a91e9e
   2.874 TIGER-SAMPLE pid 0xa32 n 0x6 main 0xd03 thread 0xd03 state-kr 0x0 pc 0x90009817 leaf mach_msg_trap+0x7 frames: 0x90009817 0x9082d227 0x9083e100 0x300dd27 0x45d1f 0x8d14 0x8ce2 0x8c09 0x3
   2.874 TIGER-SAMPLE pid 0xa32 n 0x6 thread 0x1103 thread 0x1103 state-kr 0x0 pc 0x90009817 leaf mach_msg_trap+0x7 frames: 0x90009817 0x149388 0x90023d67
   2.874 TIGER-SAMPLE pid 0xa32 n 0x6 thread 0x1303 thread 0x1303 state-kr 0x0 pc 0x900bc3fc leaf poll+0xc frames: 0x900bc3fc 0x14c054 0x2fac96b 0x3014931 0x90023d67
   2.874 TIGER-SAMPLE pid 0xa32 n 0x6 thread 0x2507 thread 0x2507 state-kr 0x0 pc 0x90024407 leaf semaphore_wait_signal_trap+0x7 frames: 0x90024407 0x3577e 0x90023d67
   2.875 TIGER-SAMPLE pid 0xa32 n 0x6 thread 0x2703 thread 0x2703 state-kr 0x0 pc 0x900bc3fc leaf poll+0xc frames: 0x900bc3fc 0x14c054 0x2fac96b 0x3014931 0x90023d67
   2.875 TIGER-SAMPLE pid 0xa32 n 0x6 thread 0x2903 thread 0x2903 state-kr 0x0 pc 0x90024407 leaf semaphore_wait_signal_trap+0x7 frames: 0x90024407 0x3577e 0x90023d67
   2.875 TIGER-SAMPLE pid 0xa32 n 0x6 thread 0x2b03 thread 0x2b03 state-kr 0x0 pc 0x90024407 leaf semaphore_wait_signal_trap+0x7 frames: 0x90024407 0x3577e 0x90023d67
   2.875 TIGER-SAMPLE pid 0xa32 n 0x6 thread 0x2d03 thread 0x2d03 state-kr 0x0 pc 0x90024407 leaf semaphore_wait_signal_trap+0x7 frames: 0x90024407 0x3577e 0x90023d67
   2.879 TIGER-SAMPLE pid 0xa32 n 0x6 thread 0x2f03 thread 0x2f03 state-kr 0x0 pc 0x2fa19f1 leaf _ZN3WTF5DequeINS_8FunctionIFvvEEELm0EE10destroyAllEv+0x1 frames: 0x2fa19f1 0x13f790 0x2fac96b 0x3014931 0x90023d67
   2.879 TIGER-SAMPLE pid 0xa32 n 0x6 thread 0x3103 thread 0x3103 state-kr 0x0 pc 0x900bc3fc leaf poll+0xc frames: 0x900bc3fc 0x14c054 0x2fac96b 0x3014931 0x90023d67
   2.919 Optimized #CIqoVh:[0x14e7f2940->0x14eb6f380, LLIntFunctionCall, 39 (StrictMode)] using Baseline with Baseline into 832 bytes in 1.160371 ms.
   2.922 Optimized 6585#EfhUCI:[0x14e7f26a0->0x14e75de00, LLIntFunctionCall, 5943 (StrictMode)] using Baseline with Baseline into 72736 bytes in 4.218301 ms.
   2.940 Optimized tI#ByrKvi:[0x14ebe4480->0x14eb76700, LLIntFunctionCall, 67 (StrictMode)] using Baseline with Baseline into 1440 bytes in 0.197424 ms.
   2.945 Optimized map#CPBdlN:[0x14ebe4f00->0x14d0c8c60->0x10bbbc200, NoneFunctionCall, 108 (StrictMode)] using DFG with DFG into 1792 bytes in 1.814802 ms.
   2.947 Optimized e#DRJ0mf:[0x14ebe4d40->0x14ebdb300, LLIntFunctionCall, 679 (StrictMode)] using Baseline with Baseline into 9248 bytes in 0.403003 ms.
   2.947 Optimized n#CCmPWl:[0x14ebe4c60->0x14ebdb280, LLIntFunctionCall, 54 (StrictMode)] using Baseline with Baseline into 1120 bytes in 0.087203 ms.
   2.947 Optimized finish#AqxPLb:[0x14ebe51a0->0x14ebdb200, LLIntFunctionCall, 81 (StrictMode)] using Baseline with Baseline into 1248 bytes in 0.108436 ms.
   2.948 Optimized #AFtALB:[0x14ebe4e20->0x14ebdb480, LLIntFunctionCall, 25 (StrictMode)] using Baseline with Baseline into 576 bytes in 0.086712 ms.
   2.953 Optimized C#DMWKGg:[0x14e7f2be0->0x14eb71600, LLIntFunctionConstruct, 143 (StrictMode)] using Baseline with Baseline into 2720 bytes in 0.132472 ms.
   2.954 Optimized define#EdYBko:[0x14e7f2b00->0x14eb71680, LLIntFunctionCall, 133 (StrictMode)] using Baseline with Baseline into 1984 bytes in 1.174998 ms.
   2.954 Optimized #DghrKw:[0x14ebe5280->0x14ebdb580, LLIntFunctionCall, 129 (StrictMode)] using Baseline with Baseline into 1248 bytes in 0.113735 ms.
   2.959 Optimized define#BELo5y:[0x14ebe6e80->0x14ec14280, LLIntFunctionCall, 255 (StrictMode)] using Baseline with Baseline into 4864 bytes in 0.369062 ms.
   2.959 Optimized s#AN1pfZ:[0x14ebe6f60->0x14ec14200, LLIntFunctionConstruct, 71 (StrictMode)] using Baseline with Baseline into 1568 bytes in 0.107479 ms.
   2.964 Optimized get#BfB8lN:[0x14ebe72e0->0x14ec14400, LLIntFunctionCall, 643 (StrictMode)] using Baseline with Baseline into 11904 bytes in 0.405414 ms.
   2.966 Optimized sj#AlpKXV:[0x14e7f3d60->0x14eb6da80, LLIntFunctionCall, 21 (StrictMode)] using Baseline with Baseline into 256 bytes in 0.057043 ms.
   2.972 Optimized #Db3iY3:[0x14ebe7580->0x14ec14a00, LLIntFunctionCall, 145 (StrictMode)] using Baseline with Baseline into 1984 bytes in 0.183764 ms.
   2.972 Optimized _A#AaZmwJ:[0x14ec30b80->0x14ebdbf00, LLIntFunctionCall, 21 (StrictMode)] using Baseline with Baseline into 256 bytes in 0.051488 ms.
   2.972 Optimized find#BuWK8k:[0x14d1afd60->0x10bbbc280, LLIntFunctionCall, 96 (StrictMode)] using Baseline with Baseline into 1696 bytes in 0.136421 ms.
   2.978 TIGER-SAMPLE pid 0xa2d n 0xa main 0x117 thread 0x117 state-kr 0x0 pc 0x90009817 leaf mach_msg_trap+0x7 frames: 0x90009817 0x9082d227 0x9082ca42 0x92e06878 0x92e05f82 0x92e05dd9 0x9328cf45 0x9328cb37 0x932868c4 0x8af6 0x82f2 0x8219 0x5
   2.979 TIGER-SAMPLE pid 0xa2d n 0xa thread 0x1203 thread 0x1203 state-kr 0x0 pc 0x90009817 leaf mach_msg_trap+0x7 frames: 0x90009817 0x2ca6d8 0x90023d67
   2.979 TIGER-SAMPLE pid 0xa2d n 0xa thread 0x3207 thread 0x3207 state-kr 0x0 pc 0x90024407 leaf semaphore_wait_signal_trap+0x7 frames: 0x90024407 0x364de 0x90023d67
   2.979 TIGER-SAMPLE pid 0xa2d n 0xa thread 0x3403 thread 0x3403 state-kr 0x0 pc 0x90024407 leaf semaphore_wait_signal_trap+0x7 frames: 0x90024407 0x364de 0x90023d67
   2.979 TIGER-SAMPLE pid 0xa2d n 0xa thread 0x5103 thread 0x5103 state-kr 0x0 pc 0x900bc3fc leaf poll+0xc frames: 0x900bc3fc 0x2cd134 0x313210b 0x319b321 0x90023d67
   2.980 TIGER-SAMPLE pid 0xa2d n 0xa thread 0x5203 thread 0x5203 state-kr 0x0 pc 0x90024407 leaf semaphore_wait_signal_trap+0x7 frames: 0x90024407 0x364de 0x90023d67
   2.980 TIGER-SAMPLE pid 0xa2d n 0xa thread 0x5503 thread 0x5503 state-kr 0x0 pc 0x900bc3fc leaf poll+0xc frames: 0x900bc3fc 0x2cd134 0x313210b 0x319b321 0x90023d67
   2.981 TIGER-SAMPLE pid 0xa2d n 0xa thread 0x5603 thread 0x5603 state-kr 0x0 pc 0x90024407 leaf semaphore_wait_signal_trap+0x7 frames: 0x90024407 0x364de 0x90023d67
   2.981 TIGER-SAMPLE pid 0xa2d n 0xa thread 0x5c07 thread 0x5c07 state-kr 0x0 pc 0x900bc3fc leaf poll+0xc frames: 0x900bc3fc 0x2cd134 0x313210b 0x319b321 0x90023d67
   2.981 TIGER-SAMPLE pid 0xa2d n 0xa thread 0x5e07 thread 0x5e07 state-kr 0x0 pc 0x90024407 leaf semaphore_wait_signal_trap+0x7 frames: 0x90024407 0x915a96ab 0x915c3ddc 0x90023d67
   3.001 Optimized every#C0Wx6p:[0x10be098a0->0x10bc384d8, LLIntFunctionCall, 101 (StrictMode)] using Baseline with Baseline into 1856 bytes in 0.181804 ms.
   3.001 Optimized #CvCYgZ:[0x14ebe7660->0x14ec14b80, LLIntFunctionCall, 31 (StrictMode)] using Baseline with Baseline into 512 bytes in 0.070992 ms.
   3.001 Optimized #DmeAzr:[0x14ebe74a0->0x14ec14b00, LLIntFunctionCall, 19 (StrictMode)] using Baseline with Baseline into 608 bytes in 0.060045 ms.
   3.001 Optimized h#AM906M:[0x14ebe6da0->0x14ec14480, LLIntFunctionConstruct, 32 (StrictMode)] using Baseline with Baseline into 1216 bytes in 0.059293 ms.
   3.001 Optimized sort#AFFHtT:[0x14ec31360->0x14ec14600, LLIntFunctionCall, 72 (StrictMode)] using Baseline with Baseline into 1504 bytes in 0.268621 ms.
   3.001 Optimized O#BwtKFz:[0x14ec31280->0x14ebdbd00, LLIntFunctionCall, 822 (StrictMode)] using Baseline with Baseline into 12800 bytes in 0.493559 ms.
   3.001 Optimized match#Bsxm1L:[0x14ec31520->0x10bf53680, LLIntFunctionCall, 279 (StrictMode)] using Baseline with Baseline into 4960 bytes in 0.188677 ms.
   3.001 Optimized r#EVUK1m:[0x14ec32e80->0x14ec49800, LLIntFunctionCall, 95 (StrictMode)] using Baseline with Baseline into 1376 bytes in 0.074005 ms.
   3.001 Optimized deserialize#ARRBlP:[0x14ec32f60->0x10bf53180, LLIntFunctionCall, 21 (StrictMode)] using Baseline with Baseline into 640 bytes in 0.069053 ms.
   3.001 Optimized define#AD07U3:[0x14ec31600->0x10bf53300, LLIntFunctionCall, 476 (StrictMode)] using Baseline with Baseline into 7872 bytes in 0.257694 ms.
   3.001 Optimized Z6#ECVWtJ:[0x14ec30fe0->0x10bf52c00, LLIntFunctionCall, 21 (StrictMode)] using Baseline with Baseline into 288 bytes in 0.039909 ms.
   3.001 Optimized h#CaZr94:[0x14e7f2400->0x10bf53280, LLIntFunctionConstruct, 76 (StrictMode)] using Baseline with Baseline into 1344 bytes in 0.073283 ms.
   3.001 Optimized #AeNRiE:[0x14ec332e0->0x14ec49900, LLIntFunctionCall, 251 (StrictMode)] using Baseline with Baseline into 3872 bytes in 0.195774 ms.
   3.001 Optimized #BbtHM6:[0x14ec317c0->0x14ec14f80, LLIntFunctionCall, 139 (StrictMode)] using Baseline with Baseline into 2208 bytes in 0.120376 ms.
   3.001 Optimized #AJofmy:[0x14ec316e0->0x14ec14f00, LLIntFunctionCall, 69 (StrictMode)] using Baseline with Baseline into 576 bytes in 0.048787 ms.
   3.001 Optimized prop#Bj5gOz:[0x14ec318a0->0x10bf53380, LLIntFunctionCall, 26 (StrictMode)] using Baseline with Baseline into 608 bytes in 0.048065 ms.
   3.001 Optimized extend#B5xlTN:[0x14ec334a0->0x10bf53780, LLIntFunctionCall, 453 (StrictMode)] using Baseline with Baseline into 8576 bytes in 0.262802 ms.
   3.001 Optimized #Db3iY3:[0x14ec32400->0x14ebe7580->0x14ec14a00, NoneFunctionCall, 145 (StrictMode)] using DFG with DFG into 1440 bytes in 1.396260 ms.
   3.001 Optimized _A#AaZmwJ:[0x14ec324e0->0x14ec30b80->0x14ebdbf00, NoneFunctionCall, 21 (StrictMode)] using DFG with DFG into 192 bytes in 0.318130 ms.
   3.001 Optimized find#BuWK8k:[0x14ec325c0->0x14d1afd60->0x10bbbc280, NoneFunctionCall, 96 (StrictMode)] using DFG with DFG into 1344 bytes in 1.284426 ms.
   3.016 Optimized c#BpRUdj:[0x14ec333c0->0x10bf53700, LLIntFunctionConstruct, 84 (StrictMode)] using Baseline with Baseline into 1984 bytes in 0.162968 ms.
   3.016 Optimized u#DYSQz8:[0x14ec32a20->0x14ec15f80, LLIntFunctionCall, 247 (StrictMode)] using Baseline with Baseline into 3680 bytes in 0.243865 ms.
   3.016 Optimized prop#Bj5gOz:[0x14ec33580->0x14ec318a0->0x10bf53380, NoneFunctionCall, 26 (StrictMode)] using DFG with DFG into 608 bytes in 0.824567 ms.
   3.016 Optimized #AJofmy:[0x14ec33660->0x14ec316e0->0x14ec14f00, NoneFunctionCall, 69 (StrictMode)] using DFG with DFG into 864 bytes in 0.715469 ms.
   3.016 Optimized u#DYSQz8:[0x14ec33820->0x14ec32a20->0x14ec15f80, NoneFunctionCall, 247 (StrictMode)] using DFG with DFG into 1472 bytes in 2.907845 ms.
   3.026 Optimized reduce#DGIXeK:[0x14d1ac8e0->0x10bc43bc8, LLIntFunctionCall, 182 (StrictMode)] using Baseline with Baseline into 3488 bytes in 0.274497 ms.
   3.038 Optimized #CGvdUt:[0x14ecd1de0->0x14eccd980, LLIntFunctionCall, 33 (StrictMode)] using Baseline with Baseline into 544 bytes in 0.093795 ms.
   3.038 Optimized isTop#CmM091:[0x14ecd1ec0->0x10bf53400, LLIntFunctionCall, 24 (StrictMode)] using Baseline with Baseline into 544 bytes in 0.093258 ms.
   3.038 Optimized #Dqb1yk:[0x14ecd25c0->0x14ec15d80, LLIntFunctionCall, 44 (StrictMode)] using Baseline with Baseline into 640 bytes in 0.071028 ms.
   3.038 Optimized A#AYuQMl:[0x14ebe5440->0x14eb71900, LLIntFunctionConstruct, 79 (StrictMode)] using Baseline with Baseline into 1792 bytes in 0.121478 ms.
   3.052 Optimized #BbtHM6:[0x14ecd1a60->0x14ec317c0->0x14ec14f80, NoneFunctionCall, 139 (StrictMode)] using DFG with DFG into 1696 bytes in 2.444672 ms.
   3.052 Optimized #AJofmy:[0x14ecd1fa0->0x14ec316e0->0x14ec14f00, NoneFunctionCall, 69 (StrictMode)] using DFG with DFG into 1280 bytes in 1.155299 ms.
   3.052 Optimized h#CaZr94:[0x14ecd26a0->0x14e7f2400->0x10bf53280, NoneFunctionConstruct, 76 (StrictMode)] using DFG with DFG into 736 bytes in 0.903875 ms.
   3.052 Optimized #Dqb1yk:[0x14ecd2780->0x14ec15e00, LLIntFunctionCall, 44 (StrictMode)] using Baseline with Baseline into 640 bytes in 11.041279 ms.
   3.052 Optimized _#EfuAAC:[0x14ec32be0->0x14ec48f80, LLIntFunctionConstruct, 1767 (StrictMode)] using Baseline with Baseline into 27200 bytes in 0.946306 ms.
   3.052 Optimized #CWivzM:[0x14ebe73c0->0x14ec14a80, LLIntFunctionCall, 129 (StrictMode)] using Baseline with Baseline into 2752 bytes in 0.140707 ms.
   3.052 Optimized h#AM906M:[0x14ecd2be0->0x14ebe6da0->0x14ec14480, NoneFunctionConstruct, 32 (StrictMode)] using DFG with DFG into 608 bytes in 0.720772 ms.
   3.052 Optimized #DpjeL4:[0x14ec339e0->0x14ec49980, LLIntFunctionCall, 66 (StrictMode)] using Baseline with Baseline into 672 bytes in 0.085484 ms.
   3.052 Optimized sort#AFFHtT:[0x14ecd2cc0->0x14ec31360->0x14ec14600, NoneFunctionCall, 72 (StrictMode)] using DFG with DFG into 1696 bytes in 1.647409 ms.
   3.052 Optimized #C1XHSX:[0x14ecd3040->0x14eccf400, LLIntFunctionCall, 19 (StrictMode)] using Baseline with Baseline into 832 bytes in 0.070792 ms.
   3.052 Optimized #AMdBvL:[0x14ecd3120->0x14eccf480, LLIntFunctionCall, 19 (StrictMode)] using Baseline with Baseline into 832 bytes in 0.080751 ms.
   3.062 Optimized #AxyiEW:[0x14ecd3200->0x14eccf500, LLIntFunctionCall, 19 (StrictMode)] using Baseline with Baseline into 832 bytes in 0.067764 ms.
   3.062 Optimized #D4vy4A:[0x14ecd32e0->0x14eccf580, LLIntFunctionCall, 19 (StrictMode)] using Baseline with Baseline into 832 bytes in 0.054727 ms.
   3.062 Optimized Z6#ECVWtJ:[0x14ecd2da0->0x14ec30fe0->0x10bf52c00, NoneFunctionCall, 21 (StrictMode)] using DFG with DFG into 192 bytes in 0.364045 ms.
   3.062 Optimized #AeNRiE:[0x14ecd2e80->0x14ec332e0->0x14ec49900, NoneFunctionCall, 251 (StrictMode)] using DFG with DFG into 2176 bytes in 2.389504 ms.
   3.062 Optimized define#AD07U3:[0x14ecd2f60->0x14ec31600->0x10bf53300, NoneFunctionCall, 476 (StrictMode)] using DFG with DFG into 2528 bytes in 6.675955 ms.
   3.072 Optimized #CGvdUt:[0x14ecd33c0->0x14ecd1de0->0x14eccd980, NoneFunctionCall, 33 (StrictMode)] using DFG with DFG into 416 bytes in 0.976431 ms.
   3.072 Optimized isTop#CmM091:[0x14ecd34a0->0x14ecd1ec0->0x10bf53400, NoneFunctionCall, 24 (StrictMode)] using DFG with DFG into 288 bytes in 0.458977 ms.
   3.083 Optimized #AJofmy:[0x14ecd3d60->0x14ec316e0->0x14ec14f00, NoneFunctionCall, 69 (StrictMode)] using DFG with DFG into 800 bytes in 0.742526 ms.
   3.086 Optimized e#Br5qSU:[0x14ed6caa0->0x14ed81480, LLIntFunctionCall, 175 (StrictMode)] using Baseline with Baseline into 2880 bytes in 0.210646 ms.
   3.086 Optimized #CuvzMR:[0x14ed6cb80->0x14ed81580, LLIntFunctionCall, 146 (StrictMode)] using Baseline with Baseline into 3136 bytes in 0.133850 ms.
   3.086 Optimized fromEntries#BO00EG:[0x14ed6cc60->0x10bea4c80, LLIntFunctionCall, 147 (StrictMode)] using Baseline with Baseline into 3616 bytes in 0.157073 ms.
   3.086 Optimized #Duhy2p:[0x14ed6cd40->0x14ed81500, LLIntFunctionCall, 28 (StrictMode)] using Baseline with Baseline into 544 bytes in 0.062176 ms.
   3.086 Optimized #DLWBxA:[0x14ed6d600->0x14ed81600, LLIntFunctionCall, 25 (StrictMode)] using Baseline with Baseline into 800 bytes in 0.051413 ms.
   3.086 Optimized #D3kTRE:[0x14ed6d6e0->0x14ed81680, LLIntFunctionCall, 24 (StrictMode)] using Baseline with Baseline into 768 bytes in 0.065423 ms.
   3.086 Optimized of#ClNzdg:[0x14ebe5360->0x14eb71700, LLIntFunctionCall, 51 (StrictMode)] using Baseline with Baseline into 608 bytes in 0.060797 ms.
   3.086 TIGER-SAMPLE pid 0xa31 n 0x9 main 0xd03 thread 0xd03 state-kr 0x0 pc 0x109895e22 leaf __semwait_signal+0xa frames: 0x109895e22 0x10409ca17 0x103fcd562 0x10409fb49 0x10409ec36 0x10409e819 0x10004a16b 0x10000154c 0x100001461 0x3
   3.086 TIGER-SAMPLE pid 0xa31 n 0x9 thread 0xf03 thread 0xf03 state-kr 0x0 pc 0x1098dfe4e leaf mach_msg_trap+0xa frames: 0x1098dfe4e 0x100327902 0x109891e9e
   3.086 TIGER-SAMPLE pid 0xa31 n 0x9 thread 0x1103 thread 0x1103 state-kr 0x0 pc 0x109895e22 leaf __semwait_signal+0xa frames: 0x109895e22 0x10409c9d5 0x103fcd562 0x10409fb49 0x10409ec36 0x10409e819 0x104033bfe 0x10409c3f9 0x109891e9e
   3.086 TIGER-SAMPLE pid 0xa31 n 0x9 thread 0x2303 thread 0x2303 state-kr 0x0 pc 0x1098467e6 leaf poll+0xa frames: 0x1098467e6 0x104033bfe 0x10409c3f9 0x109891e9e
   3.086 TIGER-SAMPLE pid 0xa31 n 0x9 thread 0x2407 thread 0x2407 state-kr 0x0 pc 0x109895e22 leaf __semwait_signal+0xa frames: 0x109895e22 0x10409c9d5 0x103fcd562 0x10409fb49 0x10409ec36 0x10409e819 0x104033bfe 0x10409c3f9 0x109891e9e
   3.086 TIGER-SAMPLE pid 0xa31 n 0x9 thread 0x2503 thread 0x2503 state-kr 0x0 pc 0x109895e22 leaf __semwait_signal+0xa frames: 0x109895e22 0x10409c9d5 0x103fcd562 0x10409fb49 0x10409ec36 0x10409e819 0x104033bfe 0x10409c3f9 0x109891e9e
   3.086 TIGER-SAMPLE pid 0xa31 n 0x9 thread 0x2603 thread 0x2603 state-kr 0x0 pc 0x109895e22 leaf __semwait_signal+0xa frames: 0x109895e22 0x10409c9d5 0x103fcd562 0x10409fb49 0x10409ec36 0x10409e819 0x104033bfe 0x10409c3f9 0x109891e9e
   3.086 TIGER-SAMPLE pid 0xa31 n 0x9 thread 0x2703 thread 0x2703 state-kr 0x0 pc 0x109895e22 leaf __semwait_signal+0xa frames: 0x109895e22 0x10409c9d5 0x103fcd562 0x10409fb49 0x10409ec36 0x10409e819 0x104033bfe 0x10409c3f9 0x109891e9e
   3.086 TIGER-SAMPLE pid 0xa31 n 0x9 thread 0x2903 thread 0x2903 state-kr 0x0 pc 0x109895e22 leaf __semwait_signal+0xa frames: 0x109895e22 0x10409c9d5 0x103fcd562 0x10409fb49 0x10409ec36 0x10409e819 0x104033bfe 0x10409c3f9 0x109891e9e
   3.086 TIGER-SAMPLE pid 0xa31 n 0x9 thread 0x2a03 thread 0x2a03 state-kr 0x0 pc 0x1098467e6 leaf poll+0xa frames: 0x1098467e6 0x104033bfe 0x10409c3f9 0x109891e9e
   3.086 TIGER-SAMPLE pid 0xa31 n 0x9 thread 0x2b03 thread 0x2b03 state-kr 0x0 pc 0x1098467e6 leaf poll+0xa frames: 0x1098467e6 0x104388627 0x1043887ea 0x101f32ba7 0x101f3e971 0x104033bfe 0x10409c3f9 0x109891e9e
   3.104 
   3.108 TIGER-CRASH pid 0xa32 msgid 0x961 size 0x4c descriptors 0x2 exception 0x6 code 0x2 0x0 thread 0xd03 state-kr 0x0 pc 0x208c8ddTIGER-SAMPLE pid 0xa30 n 0x9 main 0xd03 thread 0xd03 state-kr 0x0 pc 0x102a38491 leaf _Z16WTFCrashWithInfoiPKcS0_+0xd frames: 0x208c8dd 0x4499c 0x43f9e 0x43ed2 0x49721 0x53e15 0x54a2b 0x134b04 0x134f01 0x13008c 0x130742 0x1353e7 0x138064 0x2fa0c52 0x300dace 0x9082cf06 0x9083e100 0x300dd27 0x45d1f 0x8d14 0x8ce2 0x8c09 0x3
   3.110  leaf _ZN3JSC26UnlinkedCodeBlockGeneratorC1ERNS_2VMEPNS_17UnlinkedCodeBlockE+0x51 frames: 0x102a38491 0x102a43892 0x102a3de66 0x102a3b9bd 0x103d53f56 0x103d54c4d 0x10319af2a 0x10d009017 0x1049eae28 0x1049e9ca8 0x1049eae28 0x1049eae28 0x1049e9ca8 0x1049eae28 0x10d00a87e 0x1049e9ca8 0x1049c87c4 0x103647679 0x1037cee04 0x100be8d40 0x101702c86 0x1016f9017 0x1017028b6 0x101726436 0x1016fd7be 0x1017c4ec4 0x1017ca904 0x10261d22f 0x1042a3247 0x100046488 0x100001d0c 0x100001c21 0x3
   3.110 TIGER-SAMPLE pid 0xa30 n 0x9 thread 0xf03 thread 0xf03 state-kr 0x0 pc 0x109adfe4e leaf mach_msg_trap+0xa frames: 0x109adfe4e 0x10045c512 0x109a91e9e
   3.110 TIGER-SAMPLE pid 0xa30 n 0x9 thread 0x1103 thread 0x1103 state-kr 0x0 pc 0x109a95e22 leaf __semwait_signal+0xa frames: 0x109a95e22 0x1042a12e5 0x1041d56a2 0x1042a4329 0x1042a34a6 0x1042a3089 0x10423ab3e 0x1042a0d09 0x109a91e9e
   3.110 TIGER-SAMPLE pid 0xa30 n 0x9 thread 0x2303 thread 0x2303 state-kr 0x0 pc 0x109a95e22 leaf __semwait_signal+0xa frames: 0x109a95e22 0x1042a12e5 0x1041d56a2 0x1042a4329 0x1042a34a6 0x1042a3089 0x10423ab3e 0x1042a0d09 0x109a91e9e
   3.110 TIGER-SAMPLE pid 0xa30 n 0x9 thread 0x2403 thread 0x2403 state-kr 0x0 pc 0x109a95e22 leaf __semwait_signal+0xa frames: 0x109a95e22 0x1042a12e5 0x1041d56a2 0x1042a4329 0x1042a34a6 0x1042a3089 0x10423ab3e 0x1042a0d09 0x109a91e9e
   3.110 TIGER-SAMPLE pid 0xa30 n 0x9 thread 0x2503 thread 0x2503 state-kr 0x0 pc 0x109a467e6 leaf poll+0xa frames: 0x109a467e6 0x10423ab3e 0x1042a0d09 0x109a91e9e
   3.110 TIGER-SAMPLE pid 0xa30 n 0x9 thread 0x2603 thread 0x2603 state-kr 0x0 pc 0x109a95e22 leaf __semwait_signal+0xa frames: 0x109a95e22 0x1042a12e5 0x1041d56a2 0x1042a4329 0x1042a34a6 0x1042a3089 0x10423ab3e 0x1042a0d09 0x109a91e9e
   3.110 TIGER-SAMPLE pid 0xa30 n 0x9 thread 0x2703 thread 0x2703 state-kr 0x0 pc 0x109a467e6 leaf poll+0xa frames: 0x109a467e6 0x10423ab3e 0x1042a0d09 0x109a91e9e
   3.110 TIGER-SAMPLE pid 0xa30 n 0x9 thread 0x2807 thread 0x2807 state-kr 0x0 pc 0x109a95e22 leaf __semwait_signal+0xa frames: 0x109a95e22 0x1042a12e5 0x1041d56a2 0x1042a4329 0x1042a34a6 0x1042a3089 0x10423ab3e 0x1042a0d09 0x109a91e9e
   3.110 TIGER-SAMPLE pid 0xa30 n 0x9 thread 0x2903 thread 0x2903 state-kr 0x0 pc 0x109a95e22 leaf __semwait_signal+0xa frames: 0x109a95e22 0x1042a12e5 0x1041d56a2 0x1042a4329 0x1042a34a6 0x1042a3089 0x10423ab3e 0x1042a0d09 0x109a91e9e
   3.110 TIGER-SAMPLE pid 0xa30 n 0x9 thread 0x2a03 thread 0x2a03 state-kr 0x0 pc 0x109a95e22 leaf __semwait_signal+0xa frames: 0x109a95e22 0x1042a12e5 0x1041d56a2 0x1042a4329 0x1042a34a6 0x1042a3089 0x10423ab3e 0x1042a0d09 0x109a91e9e
   3.110 TIGER-SAMPLE pid 0xa30 n 0x9 thread 0x2b03 thread 0x2b03 state-kr 0x0 pc 0x109a467e6 leaf poll+0xa frames: 0x109a467e6 0x10423ab3e 0x1042a0d09 0x109a91e9e
   3.111 TIGER-SAMPLE pid 0xa30 n 0x9 thread 0x2c03 thread 0x2c03 state-kr 0x0 pc 0x109a95e22 leaf __semwait_signal+0xa frames: 0x109a95e22 0x1042a12e5 0x1041d56a2 0x1042a4329 0x1042a34a6 0x1042a3089 0x10423ab3e 0x1042a0d09 0x109a91e9e
   3.111 TIGER-SAMPLE pid 0xa30 n 0x9 thread 0x2d03 thread 0x2d03 state-kr 0x0 pc 0x109a467e6 leaf poll+0xa frames: 0x109a467e6 0x10423ab3e 0x1042a0d09 0x109a91e9e
   3.111 TIGER-SAMPLE pid 0xa30 n 0x9 thread 0x4103 thread 0x4103 state-kr 0x0 pc 0x109a95e22 leaf __semwait_signal+0xa frames: 0x109a95e22 0x1042a1327 0x1041d56a2 0x1041b2277 0x10423ab3e 0x1042a0d09 0x109a91e9e
   3.111 TIGER-SAMPLE pid 0xa30 n 0x9 thread 0x4203 thread 0x4203 state-kr 0x0 pc 0x109a95e22 leaf __semwait_signal+0xa frames: 0x109a95e22 0x1042a1327 0x1041d56a2 0x1041b2277 0x10423ab3e 0x1042a0d09 0x109a91e9e
   3.132 Optimized l#DRlu3k:[0x14d1adc20->0x10bea4800, LLIntFunctionCall, 237 (StrictMode)] using Baseline with Baseline into 3520 bytes in 0.287007 ms.
   3.165 Optimized io#EMPJMu:[0x14d486160->0x10beff880, LLIntFunctionCall, 41 (StrictMode)] using Baseline with Baseline into 480 bytes in 0.087855 ms.
   3.166 Optimized ia#CCArSt:[0x14d486240->0x10beff800, LLIntFunctionConstruct, 194 (StrictMode)] using Baseline with Baseline into 4608 bytes in 0.168496 ms.
   3.167 Optimized ic#AfYmNm:[0x14ed6f9e0->0x10beffa80, LLIntFunctionCall, 832 (StrictMode)] using Baseline with Baseline into 8512 bytes in 0.346301 ms.
   3.167 Optimized rD#Cw2yPg:[0x14ed6fba0->0x10bee6000, LLIntFunctionCall, 36 (StrictMode)] using Baseline with Baseline into 736 bytes in 0.060090 ms.
   3.167 Optimized ua#B2PDPS:[0x14ed6ecc0->0x10bf00900, LLIntFunctionCall, 114 (StrictMode)] using Baseline with Baseline into 1280 bytes in 0.077564 ms.
   3.169 Optimized ot#ADQJnr:[0x14ed6eda0->0x10befde00, LLIntFunctionCall, 4511 (StrictMode)] using Baseline with Baseline into 48128 bytes in 1.451203 ms.
   3.201 Optimized #CA7NkG:[0x14ed6f820->0x10bf07700, LLIntFunctionCall, 195 (StrictMode)] using Baseline with Baseline into 2880 bytes in 0.206997 ms.
   3.202 Optimized i#AOJfW4:[0x14ed6f900->0x14ed81d00, LLIntFunctionCall, 1723 (StrictMode)] using Baseline with Baseline into 20576 bytes in 0.673469 ms.
   3.202 Optimized a$#Cg2REJ:[0x14d45c9c0->0x10befd300, LLIntFunctionCall, 91 (StrictMode)] using Baseline with Baseline into 992 bytes in 0.072606 ms.
   3.233 TIGER-SAMPLE pid 0xa2d n 0xb main 0x117 thread 0x117 state-kr 0x0 pc 0x90009817 leaf mach_msg_trap+0x7 frames: 0x90009817 0x9082d227 0x9082ca42 0x92e06878 0x92e05f82 0x92e05dd9 0x9328cf45 0x9328cb37 0x932868c4 0x8af6 0x82f2 0x8219 0x5
   3.233 TIGER-SAMPLE pid 0xa2d n 0xb thread 0x1203 thread 0x1203 state-kr 0x0 pc 0x90009817 leaf mach_msg_trap+0x7 frames: 0x90009817 0x2ca6d8 0x90023d67
   3.233 TIGER-SAMPLE pid 0xa2d n 0xb thread 0x3207 thread 0x3207 state-kr 0x0 pc 0x90024407 leaf semaphore_wait_signal_trap+0x7 frames: 0x90024407 0x364de 0x90023d67
   3.233 TIGER-SAMPLE pid 0xa2d n 0xb thread 0x3403 thread 0x3403 state-kr 0x0 pc 0x90024407 leaf semaphore_wait_signal_trap+0x7 frames: 0x90024407 0x364de 0x90023d67
   3.233 TIGER-SAMPLE pid 0xa2d n 0xb thread 0x5103 thread 0x5103 state-kr 0x0 pc 0x900bc3fc leaf poll+0xc frames: 0x900bc3fc 0x2cd134 0x313210b 0x319b321 0x90023d67
   3.233 TIGER-SAMPLE pid 0xa2d n 0xb thread 0x5203 thread 0x5203 state-kr 0x0 pc 0x90024407 leaf semaphore_wait_signal_trap+0x7 frames: 0x90024407 0x364de 0x90023d67
   3.233 TIGER-SAMPLE pid 0xa2d n 0xb thread 0x5503 thread 0x5503 state-kr 0x0 pc 0x900bc3fc leaf poll+0xc frames: 0x900bc3fc 0x2cd134 0x313210b 0x319b321 0x90023d67
   3.233 TIGER-SAMPLE pid 0xa2d n 0xb thread 0x5603 thread 0x5603 state-kr 0x0 pc 0x90024407 leaf semaphore_wait_signal_trap+0x7 frames: 0x90024407 0x364de 0x90023d67
   3.234 TIGER-SAMPLE pid 0xa2d n 0xb thread 0x5c07 thread 0x5c07 state-kr 0x0 pc 0x2cb4fbOptimized l_#DdW4cO:[0x14d45c560->0x10bee6d80, LLIntFunctionCall, 158 (StrictMode)] using Baseline with Baseline into 2208 bytes in 0.140781 ms.
   3.236  leaf _ZN3IPC10Connection14processMessageEv+0x1b frames: 0x2cb4fb 0x2cc158 0x2cc6bb 0x2cd134 0x313210b 0x319b321 0x90023d67
   3.236 TIGER-SAMPLE pid 0xa2d n 0xb thread 0x5e07 thread 0x5e07 state-kr 0x0 pc 0x90024407 leaf semaphore_wait_signal_trap+0x7 frames: 0x90024407 0x915a96ab 0x915c3ddc 0x90023d67
   3.268 Optimized o#CDadLi:[0x14ed6fc80->0x10bf07300, LLIntFunctionCall, 50 (StrictMode)] using Baseline with Baseline into 864 bytes in 0.099388 ms.
   3.273 Optimized #ElhUWf:[0x14d8c9360->0x14d8cc680, LLIntFunctionCall, 9 (StrictMode)] using Baseline with Baseline into 384 bytes in 0.071739 ms.
   3.276 Optimized of#AILPhl:[0x14ed6fe40->0x10befe180, LLIntFunctionCall, 52 (StrictMode)] using Baseline with Baseline into 1088 bytes in 0.121233 ms.
   3.277 Optimized lb#EKndvV:[0x14ed6ff20->0x10bee6a00, LLIntFunctionCall, 245 (StrictMode)] using Baseline with Baseline into 2624 bytes in 0.124507 ms.
   3.279 Optimized lx#BJ8IUv:[0x14d45c8e0->0x10bee6c00, LLIntFunctionCall, 38 (StrictMode)] using Baseline with Baseline into 576 bytes in 0.093503 ms.
   3.279 Optimized l4#DhcRPu:[0x14d45c480->0x10bee7d00, LLIntFunctionCall, 123 (StrictMode)] using Baseline with Baseline into 1664 bytes in 0.113043 ms.
   3.279 Optimized l1#CFT1ip:[0x14d45c640->0x10bee7c00, LLIntFunctionCall, 174 (StrictMode)] using Baseline with Baseline into 3296 bytes in 0.134522 ms.
   3.280 Optimized lk#AJYMtE:[0x14d45c800->0x10bee6a80, LLIntFunctionCall, 332 (StrictMode)] using Baseline with Baseline into 3712 bytes in 0.179479 ms.
   3.280 Optimized a#AFebjo:[0x14d45cc60->0x10bf07280, LLIntFunctionCall, 123 (StrictMode)] using Baseline with Baseline into 2112 bytes in 0.127734 ms.
   3.281 Optimized su#BhBJ7z:[0x14ed6f740->0x10bf02080, LLIntFunctionCall, 73 (StrictMode)] using Baseline with Baseline into 2400 bytes in 0.116867 ms.
   3.281 Optimized h#Dl9mOr:[0x14d45cb80->0x10bf07580, LLIntFunctionCall, 621 (StrictMode)] using Baseline with Baseline into 7104 bytes in 0.285223 ms.
   3.282 Optimized rf#DtqQ2f:[0x14d45d280->0x10bee5a00, LLIntFunctionCall, 605 (StrictMode)] using Baseline with Baseline into 5056 bytes in 0.208271 ms.
   3.282 Optimized ik#COlYR1:[0x14d45d360->0x10befff00, LLIntFunctionCall, 276 (StrictMode)] using Baseline with Baseline into 4224 bytes in 0.193038 ms.
   3.283 Optimized u7#BzaWd7:[0x14d5f5a60->0x10bf01e80, LLIntFunctionCall, 95 (StrictMode)] using Baseline with Baseline into 2208 bytes in 0.143809 ms.
   3.283 Optimized #AYrM1n:[0x14d45d520->0x10bea6280, LLIntFunctionCall, 43 (StrictMode)] using Baseline with Baseline into 768 bytes in 0.113995 ms.
   3.283 Optimized useMemo#DfFHtT:[0x14d45d600->0x10bf04380, LLIntFunctionCall, 162 (StrictMode)] using Baseline with Baseline into 1888 bytes in 0.119624 ms.
   3.284 Optimized ii#ETfP73:[0x14ed6fac0->0x10beff900, LLIntFunctionCall, 27 (StrictMode)] using Baseline with Baseline into 736 bytes in 0.085198 ms.
   3.284 Optimized aY#AeoXvj:[0x14ed6fd60->0x10befd680, LLIntFunctionCall, 280 (StrictMode)] using Baseline with Baseline into 2496 bytes in 0.165814 ms.
   3.284 Optimized #CwYy7V:[0x14d1aff20->0x14d1f5f00, LLIntFunctionCall, 34 (StrictMode)] using Baseline with Baseline into 640 bytes in 0.079839 ms.
   3.285 Optimized rs#DounXw:[0x14d45ce20->0x10bee5900, LLIntFunctionCall, 586 (StrictMode)] using Baseline with Baseline into 5632 bytes in 0.352627 ms.
   3.287 Optimized #ABwxBP:[0x14d5f4800->0x14ed81e80, LLIntFunctionCall, 239 (StrictMode)] using Baseline with Baseline into 5280 bytes in 0.261574 ms.
   3.288 Optimized #BtZlm9:[0x14d5f58a0->0x14ed81c00, LLIntFunctionCall, 656 (StrictMode)] using Baseline with Baseline into 11712 bytes in 0.379028 ms.
   3.288 Optimized rk#EQLEaB:[0x14d5f5d00->0x10bee5b80, LLIntFunctionCall, 160 (StrictMode)] using Baseline with Baseline into 1952 bytes in 0.248251 ms.
   3.289 Optimized u9#DE7di9:[0x14ed6f200->0x10bf01e00, LLIntFunctionCall, 39 (StrictMode)] using Baseline with Baseline into 1120 bytes in 0.074687 ms.
   3.289 Optimized aK#C5VFWs:[0x14d45ee80->0x10befd600, LLIntFunctionCall, 142 (StrictMode)] using Baseline with Baseline into 2336 bytes in 0.121589 ms.
   3.289 Optimized #Cbyd5A:[0x14d45d1a0->0x14ed82080, LLIntFunctionCall, 5853 (StrictMode)] using Baseline with Baseline into 64096 bytes in 5.163118 ms.
   3.290 Optimized rw#BNMFiN:[0x14d5f5c20->0x10bee5c00, LLIntFunctionCall, 565 (StrictMode)] using Baseline with Baseline into 8192 bytes in 0.286295 ms.
   3.291 Optimized et#Cjd87S:[0x14d5f5980->0x10bea6e00, LLIntFunctionCall, 191 (StrictMode)] using Baseline with Baseline into 1600 bytes in 0.102731 ms.
   3.291 Optimized #Cbib9Z:[0x14d45f120->0x10bea6400, LLIntFunctionCall, 40 (StrictMode)] using Baseline with Baseline into 768 bytes in 0.098015 ms.
   3.291 Optimized useRef#DGCGlv:[0x14d45f200->0x10bf04480, LLIntFunctionCall, 48 (StrictMode)] using Baseline with Baseline into 992 bytes in 0.067574 ms.
   3.292 Optimized lT#Ccn7bh:[0x14d45f740->0x10bee6f80, LLIntFunctionCall, 356 (StrictMode)] using Baseline with Baseline into 5792 bytes in 0.277289 ms.
   3.292 Optimized en#Dqpoi1:[0x14d5f5b40->0x10bea6e80, LLIntFunctionCall, 204 (StrictMode)] using Baseline with Baseline into 1664 bytes in 0.096677 ms.
   3.292 Optimized rb#BP8eWF:[0x14d5f5de0->0x10bee5b00, LLIntFunctionCall, 917 (StrictMode)] using Baseline with Baseline into 9440 bytes in 0.373268 ms.
   3.293 Optimized #D9ohoq:[0x14d45fba0->0x10bea6000, LLIntFunctionCall, 43 (StrictMode)] using Baseline with Baseline into 768 bytes in 0.089925 ms.
   3.293 Optimized l6#A7F7RQ:[0x14d45fc80->0x10bee7e00, LLIntFunctionCall, 36 (StrictMode)] using Baseline with Baseline into 480 bytes in 0.097910 ms.
   3.294 Optimized uu#CpzNVb:[0x14d45d0c0->0x10bf00a80, LLIntFunctionCall, 222 (StrictMode)] using Baseline with Baseline into 2656 bytes in 0.300045 ms.
   3.294 Optimized l#EH7VHu:[0x14d45c720->0x10bf03f80, LLIntFunctionCall, 31 (StrictMode)] using Baseline with Baseline into 1120 bytes in 0.068100 ms.
   3.295 Optimized ua#B2PDPS:[0x14d8cada0->0x14ed6ecc0->0x10bf00900, NoneFunctionCall, 114 (StrictMode)] using DFG with DFG into 928 bytes in 1.291092 ms.
   3.296 Optimized io#EMPJMu:[0x14d8cae80->0x14d486160->0x10beff880, NoneFunctionCall, 41 (StrictMode)] using DFG with DFG into 448 bytes in 0.634967 ms.
   3.297 Optimized rD#Cw2yPg:[0x14d8cb040->0x14ed6fba0->0x10bee6000, NoneFunctionCall, 36 (StrictMode)] using DFG with DFG into 928 bytes in 0.765158 ms.
   3.300 Optimized l_#DdW4cO:[0x14d8cb200->0x14d45c560->0x10bee6d80, NoneFunctionCall, 158 (StrictMode)] using DFG with DFG into 1056 bytes in 2.214055 ms.
   3.300 Optimized useCallback#A3Mkvd:[0x14d5f73c0->0x10bf04180, LLIntFunctionCall, 53 (StrictMode)] using Baseline with Baseline into 736 bytes in 0.069509 ms.
   3.300 Optimized n#BsJMHm:[0x14d45cfe0->0x10bf07100, LLIntFunctionCall, 67 (StrictMode)] using Baseline with Baseline into 896 bytes in 0.077113 ms.
   3.301 Optimized #Cu40DP:[0x14d5f72e0->0x10bea5e00, LLIntFunctionCall, 43 (StrictMode)] using Baseline with Baseline into 768 bytes in 0.101474 ms.
   3.302 Optimized su#BhBJ7z:[0x14d8cb2e0->0x14ed6f740->0x10bf02080, NoneFunctionCall, 73 (StrictMode)] using DFG with DFG into 1312 bytes in 1.478607 ms.
   3.303 Optimized K#D53X5y:[0x14ed6f040->0x10bea6c80, LLIntFunctionCall, 67 (StrictMode)] using Baseline with Baseline into 992 bytes in 0.094486 ms.
   3.304 Optimized q#DpkaUq:[0x14ed6f2e0->0x10bea6c00, LLIntFunctionCall, 135 (StrictMode)] using Baseline with Baseline into 1216 bytes in 0.099193 ms.
   3.305 Optimized ia#CCArSt:[0x14d8cb3c0->0x14d486240->0x10beff800, NoneFunctionConstruct, 194 (StrictMode)] using DFG with DFG into 992 bytes in 1.903504 ms.
   3.344 TIGER-SAMPLE pid 0xa31 n 0xa main 0xd03 thread 0xd03 state-kr 0x0 pc 0x109895e22 leaf __semwait_signal+0xa frames: 0x109895e22 0x10409ca17 0x103fcd562 0x10409fb49 0x10409ec36 0x10409e819 0x10004a16b 0x10000154c 0x100001461 0x3
   3.344 TIGER-SAMPLE pid 0xa31 n 0xa thread 0xf03 thread 0xf03 state-kr 0x0 pc 0x1098dfe4e leaf mach_msg_trap+0xa frames: 0x1098dfe4e 0x100327902 0x109891e9e
   3.344 TIGER-SAMPLE pid 0xa31 n 0xa thread 0x1103 thread 0x1103 state-kr 0x0 pc 0x109895e22 leaf __semwait_signal+0xa frames: 0x109895e22 0x10409c9d5 0x103fcd562 0x10409fb49 0x10409ec36 0x10409e819 0x104033bfe 0x10409c3f9 0x109891e9e
   3.345 TIGER-SAMPLE pid 0xa31 n 0xa thread 0x2303 thread 0x2303 state-kr 0x0 pc 0x1098467e6 leaf poll+0xa frames: 0x1098467e6 0x104033bfe 0x10409c3f9 0x109891e9e
   3.345 TIGER-SAMPLE pid 0xa31 n 0xa thread 0x2407 thread 0x2407 state-kr 0x0 pc 0x109895e22 leaf __semwait_signal+0xa frames: 0x109895e22 0x10409c9d5 0x103fcd562 0x10409fb49 0x10409ec36 0x10409e819 0x104033bfe 0x10409c3f9 0x109891e9e
   3.345 TIGER-SAMPLE pid 0xa31 n 0xa thread 0x2503 thread 0x2503 state-kr 0x0 pc 0x109895e22 leaf __semwait_signal+0xa frames: 0x109895e22 0x10409c9d5 0x103fcd562 0x10409fb49 0x10409ec36 0x10409e819 0x104033bfe 0x10409c3f9 0x109891e9e
   3.345 TIGER-SAMPLE pid 0xa31 n 0xa thread 0x2603 thread 0x2603 state-kr 0x0 pc 0x109895e22 leaf __semwait_signal+0xa frames: 0x109895e22 0x10409c9d5 0x103fcd562 0x10409fb49 0x10409ec36 0x10409e819 0x104033bfe 0x10409c3f9 0x109891e9e
   3.345 TIGER-SAMPLE pid 0xa31 n 0xa thread 0x2703 thread 0x2703 state-kr 0x0 pc 0x109895e22 leaf __semwait_signal+0xa frames: 0x109895e22 0x10409c9d5 0x103fcd562 0x10409fb49 0x10409ec36 0x10409e819 0x104033bfe 0x10409c3f9 0x109891e9e
   3.346 TIGER-SAMPLE pid 0xa31 n 0xa thread 0x2903 thread 0x2903 state-kr 0x0 pc 0x109895e22 leaf __semwait_signal+0xa frames: 0x109895e22 0x10409c9d5 0x103fcd562 0x10409fb49 0x10409ec36 0x10409e819 0x104033bfe 0x10409c3f9 0x109891e9e
   3.346 TIGER-SAMPLE pid 0xa31 n 0xa thread 0x2a03 thread 0x2a03 state-kr 0x0 pc 0x1098467e6 leaf poll+0xa frames: 0x1098467e6 0x104033bfe 0x10409c3f9 0x109891e9e
   3.346 TIGER-SAMPLE pid 0xa31 n 0xa thread 0x2b03 thread 0x2b03 state-kr 0x0 pc 0x1098467e6 leaf poll+0xa frames: 0x1098467e6 0x104388627 0x1043887ea 0x101f32ba7 0x101f3e971 0x104033bfe 0x10409c3f9 0x109891e9e
   3.360 Optimized oX#EPugfC:[0x14d950640->0x10beff080, LLIntFunctionCall, 385 (StrictMode)] using Baseline with Baseline into 5472 bytes in 0.287108 ms.
   3.362 Optimized oJ#ASLfV7:[0x14d950480->0x10beff100, LLIntFunctionCall, 4890 (StrictMode)] using Baseline with Baseline into 63168 bytes in 1.637789 ms.
   3.362 TIGER-SAMPLE pid 0xa30 n 0xa main 0xd03 thread 0xd03 state-kr 0x0 pc 0x10d00901b frames: 0x10d00901b 0x1049eae28 0x1049eae28 0x1049eae28 0x1049eae28 0x1049eae28 0x1049eae28 0x1049eae28 0x10d00a87e 0x1049e9ca8 0x1049c87c4 0x103647679 0x1037cee04 0x100be8d40 0x101702c86 0x1016f9017 0x1017028b6 0x101726436 0x1016fd7be 0x1017c4ec4 0x1017ca904 0x10261d22f 0x1042a3247 0x100046488 0x100001d0c 0x100001c21 0x3
   3.362 TIGER-SAMPLE pid 0xa30 n 0xa thread 0xf03 thread 0xf03 state-kr 0x0 pc 0x109adfe4e leaf mach_msg_trap+0xa frames: 0x109adfe4e 0x10045c512 0x109a91e9e
   3.362 TIGER-SAMPLE pid 0xa30 n 0xa thread 0x1103 thread 0x1103 state-kr 0x0 pc 0x109a95e22 leaf __semwait_signal+0xa frames: 0x109a95e22 0x1042a12e5 0x1041d56a2 0x1042a4329 0x1042a34a6 0x1042a3089 0x10423ab3e 0x1042a0d09 0x109a91e9e
   3.363 TIGER-SAMPLE pid 0xa30 n 0xa thread 0x2303 thread 0x2303 state-kr 0x0 pc 0x109a95e22 leaf __semwait_signal+0xa frames: 0x109a95e22 0x1042a12e5 0x1041d56a2 0x1042a4329 0x1042a34a6 0x1042a3089 0x10423ab3e 0x1042a0d09 0x109a91e9e
   3.363 TIGER-SAMPLE pid 0xa30 n 0xa thread 0x2403 thread 0x2403 state-kr 0x0 pc 0x109a95e22Optimized o0#BgvJUQ:[0x14d950720->0x10beff180, LLIntFunctionCall, 533 (StrictMode)] using  leaf __semwait_signal+0xa frames: 0x109a95e22 0x1042a12e5 0x1041d56a2 0x1042a4329 0x1042a34a6 0x1042a3089 0x10423ab3e 0x1042a0d09 0x109a91e9e
   3.363 TIGER-SAMPLE pid 0xa30 n 0xa thread 0x2503 thread 0x2503 state-kr 0x0 pc 0x109a467e6Baseline with Baseline leaf poll+0xa frames: 0x109a467e6 0x10423ab3e 0x1042a0d09 0x109a91e9e
   3.363 TIGER-SAMPLE pid 0xa30 n 0xa thread 0x2603 thread 0x2603 state-kr 0x0 pc 0x109a95e22 into 6560 bytes in 1.272236 ms.
   3.363  leaf __semwait_signal+0xa frames: 0x109a95e22 0x1042a12e5 0x1041d56a2 0x1042a4329 0x1042a34a6 0x1042a3089 0x10423ab3e 0x1042a0d09 0x109a91e9e
   3.363 TIGER-SAMPLE pid 0xa30 n 0xa thread 0x2703 thread 0x2703 state-kr 0x0 pc 0x109a467e6 leaf poll+0xa frames: 0x109a467e6 0x10423ab3e 0x1042a0d09 0x109a91e9e
   3.364 TIGER-SAMPLE pid 0xa30 n 0xa thread 0x2807 thread 0x2807 state-kr 0x0 pc 0x109a95e22 leaf __semwait_signal+0xa frames: 0x109a95e22 0x1042a12e5 0x1041d56a2 0x1042a4329 0x1042a34a6 0x1042a3089 0x10423ab3e 0x1042a0d09 0x109a91e9e
   3.364 TIGER-SAMPLE pid 0xa30 n 0xa thread 0x2903 thread 0x2903 state-kr 0x0 pc 0x109a95e22 leaf __semwait_signal+0xa frames: 0x109a95e22 0x1042a12e5 0x1041d56a2 0x1042a4329 0x1042a34a6 0x1042a3089 0x10423ab3e 0x1042a0d09 0x109a91e9e
   3.364 TIGER-SAMPLE pid 0xa30 n 0xa thread 0x2a03 thread 0x2a03 state-kr 0x0 pc 0x109a95e22 leaf __semwait_signal+0xa frames: 0x109a95e22 0x1042a12e5 0x1041d56a2 0x1042a4329 0x1042a34a6 0x1042a3089 0x10423ab3e 0x1042a0d09 0x109a91e9e
   3.364 TIGER-SAMPLE pid 0xa30 n 0xa thread 0x2b03 thread 0x2b03 state-kr 0x0 pc 0x109aa87c4 leaf malloc_jumpstart+0x1b19 frames: 0x109aa87c4 0x10045df8e 0x10045e43e 0x10423ab3e 0x1042a0d09 0x109a91e9e
   3.364 TIGER-SAMPLE pid 0xa30 n 0xa thread 0x2c03 thread 0x2c03 state-kr 0x0 pc 0x109a95e22 leaf __semwait_signal+0xa frames: 0x109a95e22 0x1042a12e5 0x1041d56a2 0x1042a4329 0x1042a34a6 0x1042a3089 0x10423ab3e 0x1042a0d09 0x109a91e9e
   3.365 TIGER-SAMPLE pid 0xa30 n 0xa thread 0x2d03 thread 0x2d03 state-kr 0x0 pc 0x109adb29f leaf free+0x0 frames: 0x109adb29f 0x10045e43e 0x10423ab3e 0x1042a0d09 0x109a91e9e
   3.365 TIGER-SAMPLE pid 0xa30 n 0xa thread 0x4103 thread 0x4103 state-kr 0x0 pc 0x7fffffe00296 frames: 0x7fffffe00296 0x1031ce368 0x103213738 0x1041b2344 0x10423ab3e 0x1042a0d09 0x109a91e9e
   3.365 TIGER-SAMPLE pid 0xa30 n 0xa thread 0x4203 thread 0x4203 state-kr 0x0 pc 0x109a95e22 leaf __semwait_signal+0xa frames: 0x109a95e22 0x1042a1327 0x1041d56a2 0x1041b2277 0x10423ab3e 0x1042a0d09 0x109a91e9e
   3.369 Optimized o1#CmKlxN:[0x14d950d40->0x10beff200, LLIntFunctionCall, 73 (StrictMode)] using Baseline with Baseline into 1216 bytes in 0.105799 ms.
   3.370 Optimized oB#Cn8bF0:[0x14d950c60->0x10befee00, LLIntFunctionCall, 1131 (StrictMode)] using Baseline with Baseline into 12064 bytes in 0.376657 ms.
   3.415 Optimized ir#BszdKz:[0x14d984480->0x10beff700, LLIntFunctionCall, 228 (StrictMode)] using Baseline with Baseline into 3072 bytes in 0.185860 ms.
   3.415 Optimized oz#ATmLxP:[0x14d950800->0x10befe900, LLIntFunctionCall, 186 (StrictMode)] using Baseline with Baseline into 2976 bytes in 0.143849 ms.
   3.416 Optimized it#DfeXJE:[0x14d984560->0x10beff680, LLIntFunctionCall, 187 (StrictMode)] using Baseline with Baseline into 2848 bytes in 1.229033 ms.
   3.418 Optimized _#A6S8mg:[0x14d5f7660->0x10bea4e80, LLIntFunctionCall, 74 (StrictMode)] using Baseline with Baseline into 1696 bytes in 0.104016 ms.
   3.418 Optimized N#CK49Mt:[0x14d984c60->0x10bea4f80, LLIntFunctionCall, 115 (StrictMode)] using Baseline with Baseline into 2368 bytes in 0.150156 ms.
   3.418 Optimized #DRwScX:[0x14d984d40->0x14d8cee00, LLIntFunctionCall, 162 (StrictMode)] using Baseline with Baseline into 1792 bytes in 0.118270 ms.
   3.419 Optimized #AIWCWj:[0x14d984e20->0x14d8ced00, LLIntFunctionCall, 3 (StrictMode)] using Baseline with Baseline into 288 bytes in 0.041218 ms.
   3.419 Optimized P#D54bIp:[0x14d8ca860->0x10bea4f00, LLIntFunctionCall, 42 (StrictMode)] using Baseline with Baseline into 768 bytes in 0.071654 ms.
   3.419 Optimized e#DfhAGB:[0x14d984b80->0x14d8ced80, LLIntFunctionCall, 1155 (StrictMode)] using Baseline with Baseline into 14816 bytes in 0.555193 ms.
   3.423 Optimized p#AtbvrD:[0x14d9850c0->0x14d198880, LLIntFunctionCall, 174 (StrictMode)] using Baseline with Baseline into 2912 bytes in 0.192742 ms.
   3.424 Optimized #DybsBZ:[0x14d985360->0x14d8cf180, LLIntFunctionCall, 639 (StrictMode)] using Baseline with Baseline into 8256 bytes in 0.343098 ms.
   3.424 Optimized #CaquPN:[0x14d985440->0x14d8cf080, LLIntFunctionCall, 339 (StrictMode)] using Baseline with Baseline into 5120 bytes in 0.298602 ms.
   3.425 Optimized #DrpIVx:[0x14d9856e0->0x14d8cf280, LLIntFunctionCall, 214 (StrictMode)] using Baseline with Baseline into 3328 bytes in 0.154882 ms.
   3.425 Optimized forEach#ANy7Ar:[0x10be090c0->0x10bc03d88, LLIntFunctionCall, 94 (StrictMode)] using Baseline with Baseline into 1728 bytes in 0.126306 ms.
   3.425 Optimized #EnlE5k:[0x14d985520->0x10bea5880, LLIntFunctionCall, 485 (StrictMode)] using Baseline with Baseline into 7072 bytes in 0.411955 ms.
   3.441 Optimized o#AosBAR:[0x14d985b40->0x10bfba380, LLIntFunctionCall, 562 (StrictMode)] using Baseline with Baseline into 10176 bytes in 0.435028 ms.
   3.441 Optimized get#Bs9VKW:[0x14d985a60->0x10bfba400, LLIntFunctionCall, 19 (StrictMode)] using Baseline with Baseline into 256 bytes in 0.072105 ms.
   3.442 Optimized o#EU5E5W:[0x14d985c20->0x10bfba000, LLIntFunctionCall, 203 (StrictMode)] using Baseline with Baseline into 4064 bytes in 0.205885 ms.
   3.442 Optimized #Eh3Mco:[0x14d985980->0x14d8cf380, LLIntFunctionCall, 262 (StrictMode)] using Baseline with Baseline into 3616 bytes in 0.195453 ms.
   3.444 Optimized o3#CYPP2x:[0x14d984720->0x10beff380, LLIntFunctionCall, 73 (StrictMode)] using Baseline with Baseline into 1152 bytes in 0.093789 ms.
   3.445 Optimized o6#CkkzJX:[0x14d984640->0x10beff400, LLIntFunctionCall, 768 (StrictMode)] using Baseline with Baseline into 8416 bytes in 0.328466 ms.
   3.446 Optimized oP#BAXOuk:[0x14d9508e0->0x10befe880, LLIntFunctionCall, 140 (StrictMode)] using Baseline with Baseline into 2528 bytes in 0.116672 ms.
   3.451 Optimized oe#ARrzvh:[0x14ed6ee80->0x10befdd80, LLIntFunctionCall, 70 (StrictMode)] using Baseline with Baseline into 1216 bytes in 0.134527 ms.
   3.452 Optimized iu#EgkqBA:[0x14ed6e940->0x10beff980, LLIntFunctionCall, 384 (StrictMode)] using Baseline with Baseline into 7584 bytes in 1.295248 ms.
   3.464 Optimized #BR8J1M:[0x14d987660->0x14ed81b00, LLIntFunctionCall, 811 (StrictMode)] using Baseline with Baseline into 9248 bytes in 0.559439 ms.
   3.465 Optimized a7#A6Vrgf:[0x14d987820->0x10befdd00, LLIntFunctionCall, 348 (StrictMode)] using Baseline with Baseline into 4960 bytes in 1.232025 ms.
   3.469 Optimized rf#DtqQ2f:[0x14dc40aa0->0x14d45d280->0x10bee5a00, NoneFunctionCall, 605 (StrictMode)] using DFG with DFG into 1856 bytes in 2.325308 ms.
   3.475 Optimized uH#Cj6jlN:[0x14dc41600->0x14d486e80->0x10bf01600, NoneFunctionCall, 48 (StrictMode)] using DFG with DFG into 512 bytes in 0.895383 ms.
   3.479 Optimized uB#Axoseq:[0x14dc416e0->0x14d486f60->0x10bf01700, NoneFunctionCall, 285 (StrictMode)] using DFG with DFG into 2528 bytes in 3.021870 ms.
   3.484 Optimized o3#CYPP2x:[0x14dc41a60->0x14d984720->0x10beff380, NoneFunctionCall, 73 (StrictMode)] using DFG with DFG into 768 bytes in 0.963975 ms.
   3.487 TIGER-SAMPLE pid 0xa2d n 0xc main 0x117 thread 0x117 state-kr 0x0 pc 0x90009817 leaf mach_msg_trap+0x7 frames: 0x90009817 0x9082d227 0x9082ca42 0x92e06878 0x92e05f82 0x92e05dd9 0x9328cf45 0x9328cb37 0x932868c4 0x8af6 0x82f2 0x8219 0x5
   3.487 TIGER-SAMPLE pid 0xa2d n 0xc thread 0x1203 thread 0x1203 state-kr 0x0 pc 0x90009817 leaf mach_msg_trap+0x7 frames: 0x90009817 0x2ca6d8 0x90023d67
   3.487 TIGER-SAMPLE pid 0xa2d n 0xc thread 0x3207 thread 0x3207 state-kr 0x0 pc 0x90024407 leaf semaphore_wait_signal_trap+0x7 frames: 0x90024407 0x364de 0x90023d67
   3.487 TIGER-SAMPLE pid 0xa2d n 0xc thread 0x3403 thread 0x3403 state-kr 0x0 pc 0x90024407 leaf semaphore_wait_signal_trap+0x7 frames: 0x90024407 0x364de 0x90023d67
   3.488 TIGER-SAMPLE pid 0xa2d n 0xc thread 0x5103 thread 0x5103 state-kr 0x0 pc 0x900bc3fc leaf poll+0xc frames: 0x900bc3fc 0x2cd134 0x313210b 0x319b321 0x90023d67
   3.488 TIGER-SAMPLE pid 0xa2d n 0xc thread 0x5203 thread 0x5203 state-kr 0x0 pc 0x90024407 leaf semaphore_wait_signal_trap+0x7 frames: 0x90024407 0x364de 0x90023d67
   3.488 TIGER-SAMPLE pid 0xa2d n 0xc thread 0x5503 thread 0x5503 state-kr 0x0 pc 0x900bc3fc leaf poll+0xc frames: 0x900bc3fc 0x2cd134 0x313210b 0x319b321 0x90023d67
   3.488 TIGER-SAMPLE pid 0xa2d n 0xc thread 0x5603 thread 0x5603 state-kr 0x0 pc 0x90024407 leaf semaphore_wait_signal_trap+0x7 frames: 0x90024407 0x364de 0x90023d67
   3.489 TIGER-SAMPLE pid 0xa2d n 0xc thread 0x5c07 thread 0x5c07 state-kr 0x0 pc 0x900265fc leaf recvmsg+0xc frames: 0x900265fc 0x2cc6bb 0x2cd134 0x313210b 0x319b321 0x90023d67
   3.489 TIGER-SAMPLE pid 0xa2d n 0xc thread 0x5e07 thread 0x5e07 state-kr 0x0 pc 0x90024407 leaf semaphore_wait_signal_trap+0x7 frames: 0x90024407 0x915a96ab 0x915c3ddc 0x90023d67
   3.491 Optimized #CwYy7V:[0x14dc41ec0->0x14d1aff20->0x14d1f5f00, NoneFunctionCall, 34 (StrictMode)] using DFG with DFG into 384 bytes in 0.607414 ms.
   3.502 Optimized get#EFEzLz:[0x14d1af820->0x10bfbad00, LLIntFunctionCall, 19 (StrictMode)] using Baseline with Baseline into 256 bytes in 0.062978 ms.
   3.502 Optimized r#CIPv5x:[0x14d1af900->0x10bfbac80, LLIntFunctionCall, 31 (StrictMode)] using Baseline with Baseline into 704 bytes in 0.104306 ms.
   3.503 Optimized #CB4CsB:[0x14d1afe40->0x14d1f5e80, LLIntFunctionCall, 56 (StrictMode)] using Baseline with Baseline into 960 bytes in 1.134466 ms.
   3.574 Optimized yb#EN1cEk:[0x14e737e40->0x14e5bfa80, LLIntFunctionCall, 203] using Baseline with Baseline into 2944 bytes in 0.171865 ms.
   3.574 Optimized #EZoMyo:[0x14e763120->0x14e75c380, LLIntFunctionCall, 266] using Baseline with Baseline into 3968 bytes in 0.168772 ms.
   3.578 Optimized Lb#CBCeL7:[0x14e735360->0x14d1f7600, LLIntFunctionCall, 162] using Baseline with Baseline into 2176 bytes in 0.121845 ms.
   3.578 Optimized #BOF9wW:[0x14e7bc1e0->0x14e5bd600, LLIntFunctionCall, 26] using Baseline with Baseline into 576 bytes in 0.081749 ms.
   3.579 Optimized #A9Y3xF:[0x14e763f20->0x14e5bf600, LLIntFunctionCall, 30] using Baseline with Baseline into 672 bytes in 0.067062 ms.
   3.583 Optimized kb#DkjtWR:[0x14e737ac0->0x14e5bf580, LLIntFunctionConstruct, 49] using Baseline with Baseline into 896 bytes in 0.091784 ms.
   3.584 Optimized #BnKIql:[0x14dcf33c0->0x14e7626a0->0x14e5be800, NoneFunctionCall, 14] using DFG with DFG into 256 bytes in 0.535203 ms.
   3.588 Optimized Zb#DwbHw0:[0x14e7f1980->0x14d1f7c00, LLIntFunctionCall, 48] using Baseline with Baseline into 1248 bytes in 0.145950 ms.
   3.588 Optimized #DcIdJb:[0x14dcf0aa0->0x14e5c1d80, LLIntFunctionCall, 30] using Baseline with Baseline into 672 bytes in 0.060015 ms.
   3.589 Optimized Ae#CNlIpT:[0x14e763e40->0x14ddceb00, LLIntFunctionCall, 346] using Baseline with Baseline into 5376 bytes in 0.249679 ms.
   3.589 Optimized Ab#BGDOWY:[0x14e737d60->0x14e5bfb80, LLIntFunctionCall, 221] using Baseline with Baseline into 2976 bytes in 0.174145 ms.
   3.591 Optimized mo#BDLxyw:[0x14e709980->0x14ddd7200, LLIntFunctionCall, 63] using Baseline with Baseline into 672 bytes in 0.087554 ms.
   3.593 Optimized Rd#DHV5zl:[0x14dcf0800->0x14ddcdc80, LLIntFunctionCall, 114] using Baseline with Baseline into 1152 bytes in 0.110762 ms.
   3.593 Optimized #DMDghq:[0x14dcf0e20->0x14e5be500, LLIntFunctionCall, 14] using Baseline with Baseline into 512 bytes in 0.058456 ms.
   3.594 Optimized Pd#BOmjU7:[0x14dcf08e0->0x14e5c1c80, LLIntFunctionConstruct, 43] using Baseline with Baseline into 864 bytes in 0.095735 ms.
   3.594 Optimized Hf#DvdjyE:[0x14d4a32e0->0x14ddd0500, LLIntFunctionCall, 109] using Baseline with Baseline into 1376 bytes in 0.088135 ms.
   3.595 Optimized Id#DCq8Od:[0x14e7bc640->0x14ddcdb80, LLIntFunctionCall, 112] using Baseline with Baseline into 2304 bytes in 0.131409 ms.
   3.595 Optimized Fo#AJFZ5m:[0x14dcdb820->0x14ddd7400, LLIntFunctionCall, 960] using Baseline with Baseline into 13824 bytes in 0.537333 ms.
   3.596 Optimized f#B79NKx:[0x14dcf09c0->0x14dcd5d00, LLIntFunctionCall, 788] using Baseline with Baseline into 7296 bytes in 0.266246 ms.
   3.596 Optimized Mb#CqK1fB:[0x14dcd9600->0x14d1f7680, LLIntFunctionCall, 159] using Baseline with Baseline into 2432 bytes in 0.115113 ms.
   3.597 TIGER-SAMPLE pid 0xa31 n 0xb main 0xd03 thread 0xd03 state-kr 0x0 pc 0x109895e22 leaf __semwait_signal+0xa frames: 0x109895e22 0x10409ca17 0x103fcd562 0x10409fb49 0x10409ec36 0x10409e819 0x10004a16b 0x10000154c 0x100001461 0x3
   3.597 TIGER-SAMPLE pid 0xa31 n 0xb thread 0xf03 thread 0xf03 state-kr 0x0 pc 0x1098dfe4e leaf mach_msg_trap+0xa frames: 0x1098dfe4e 0x100327902 0x109891e9e
   3.597 TIGER-SAMPLE pid 0xa31 n 0xb thread 0x1103 thread 0x1103 state-kr 0x0 pc 0x109895e22 leaf __semwait_signal+0xa frames: 0x109895e22 0x10409c9d5 0x103fcd562 0x10409fb49 0x10409ec36 0x10409e819 0x104033bfe 0x10409c3f9 0x109891e9e
   3.597 TIGER-SAMPLE pid 0xa31 n 0xb thread 0x2303 thread 0x2303 state-kr 0x0 pc 0x1098467e6 leaf poll+0xa frames: 0x1098467e6 0x104033bfe 0x10409c3f9 0x109891e9e
   3.598 TIGER-SAMPLE pid 0xa31 n 0xb thread 0x2407 thread 0x2407 state-kr 0x0 pc 0x109895e22 leaf __semwait_signal+0xa frames: 0x109895e22 0x10409c9d5 0x103fcd562 0x10409fb49 0x10409ec36 0x10409e819 0x104033bfe 0x10409c3f9 0x109891e9e
   3.598 TIGER-SAMPLE pid 0xa31 n 0xb thread 0x2503 thread 0x2503 state-kr 0x0 pc 0x109895e22Optimized Vd#DYirON:[0x14dcf0720->0x14ddcdd80, LLIntFunctionCall, 104] using Baseline with Baseline into 1600 bytes in 0.415665 ms.
   3.598  leaf __semwait_signal+0xa frames: 0x109895e22 0x10409c9d5 0x103fcd562 0x10409fb49 0x10409ec36 0x10409e819 0x104033bfe 0x10409c3f9 0x109891e9e
   3.598 Optimized TIGER-SAMPLE pid 0xa31 n aj#CAJmXO:[0x14e7bcd40->0x14ddd3700, LLIntFunctionCall, 225]0xb thread 0x2603 thread 0x2603 state-kr 0x0 pc 0x109895e22 leaf __semwait_signal+0xa frames: 0x109895e22 0x10409c9d5 0x103fcd562 0x10409fb49 0x10409ec36 0x10409e819 0x104033bfe 0x10409c3f9 0x109891e9e
   3.598 TIGER-SAMPLE pid 0xa31 n 0xb thread 0x2703 thread 0x2703 state-kr 0x0 pc 0x109895e22 using Baseline leaf __semwait_signal with +0xa frames: 0x109895e22 0x10409c9d5 0x103fcd562 0x10409fb49 0x10409ec36 0x10409e819 0x104033bfe 0x10409c3f9 0x109891e9e
   3.599 TIGER-SAMPLE pid 0xa31 n 0xb thread 0x2903 thread 0x2903 state-kr 0x0 pc 0x109895e22Baseline into  leaf __semwait_signal+0xa frames: 0x109895e22 0x10409c9d5 0x103fcd562 0x10409fb49 0x10409ec36 0x10409e819 0x104033bfe 0x10409c3f9 0x109891e9e
   3.599 TIGER-SAMPLE pid 0xa31 n 0xb thread 0x2a03 thread 0x2a03 state-kr 0x0 pc 0x1098467e63040 bytes in  leaf 0.123158poll+0xa frames: 0x1098467e6 0x104033bfe 0x10409c3f9 0x109891e9e
   3.599 TIGER-SAMPLE pid 0xa31 n 0xb thread 0x2b03 thread 0x2b03 state-kr 0x0 pc 0x1098467e6 ms.
   3.599  leaf poll+0xa frames: 0x1098467e6 0x104388627 0x1043887ea 0x101f32ba7 0x101f3e971 0x104033bfe 0x10409c3f9 0x109891e9e
   3.599 Optimized Ie#CRR3RB:[0x14e762240->0x14ddcef00, LLIntFunctionCall, 104] using Baseline with Baseline into 1760 bytes in 2.506061 ms.
   3.600 Optimized lo#Dm5wo9:[0x14e7098a0->0x14ddd6e80, LLIntFunctionCall, 80] using Baseline with Baseline into 1152 bytes in 0.076571 ms.
   3.600 Optimized #AtyIpQ:[0x14dcf0640->0x14dcd5880, LLIntFunctionCall, 113] using Baseline with Baseline into 1024 bytes in 0.074993 ms.
   3.600 Optimized #D4k0XJ:[0x14dcda860->0x14e5bfd80, LLIntFunctionCall, 32] using Baseline with Baseline into 672 bytes in 0.075894 ms.
   3.601 Optimized #DwYxA1:[0x14dd00c60->0x14e7625c0->0x14e5be780, NoneFunctionCall, 14] using DFG with DFG into 448 bytes in 0.553855 ms.
   3.602 Optimized #AuxLrL:[0x14dd00d40->0x14e7616e0->0x14e5c1b00, NoneFunctionCall, 83 (DidTryToEnterInLoop)] using DFG with DFG into 640 bytes in 0.998917 ms.
   3.602 Optimized sh#AQ4lrA:[0x14dcf0560->0x14ddd1f80, LLIntFunctionCall, 38] using Baseline with Baseline into 640 bytes in 0.076882 ms.
   3.605 Optimized #CVbSv2:[0x14dcf0c60->0x14e5c3600, LLIntFunctionCall, 28] using Baseline with Baseline into 672 bytes in 0.084446 ms.
   3.605 Optimized #CVbSv2:[0x14dcf0d40->0x14e5bea80, LLIntFunctionCall, 28] using Baseline with Baseline into 672 bytes in 0.080516 ms.
   3.606 Optimized fb#A6jjtP:[0x14dd00fe0->0x14e761280->0x14d1f6e00, NoneFunctionCall, 358 (DidTryToEnterInLoop)] using DFG with DFG into 2272 bytes in 3.080441 ms.
   3.607 Optimized Ta#A84ryD:[0x14dd010c0->0x14e736780->0x14e5bd580, NoneFunctionConstruct, 34] using DFG with DFG into 1024 bytes in 0.531248 ms.
   3.608 Optimized Zb#DwbHw0:[0x14dd01600->0x14e7f1980->0x14d1f7c00, NoneFunctionCall, 48] using DFG with DFG into 1120 bytes in 0.806160 ms.
   3.609 Optimized #EjBZm6:[0x14dd016e0->0x14e762780->0x14e5c0a80, NoneFunctionCall, 120] using DFG with DFG into 992 bytes in 1.292541 ms.
   3.637 TIGER-SAMPLE pid 0xa30 n 0xb main 0xd03 thread 0xd03 state-kr 0x0 pc 0x102a889df leaf _ZN3JSC12BinaryOpNode12emitBytecodeERNS_17BytecodeGeneratorEPNS_10RegisterIDE+0x9af frames: 0x102a889df 0x102a87d00 0x102acfe2b 0x102a92da1 0x102aa627c 0x102a91e52 0x102aa627c 0x102a98ac1 0x102a40720 0x102a3de79 0x102a3b9bd 0x103d53f56 0x103d54c4d 0x10319af2a 0x10d009017 0x1049eae28 0x10d040d0d 0x10d035b49 0x10d03d992 0x1049e9ca8 0x10d040d0d 0x10d035b49 0x10d03d992 0x10d049362 0x10d040d0d 0x1049e9ca8 0x10d040d0d 0x10d035b49 0x10d113101 0x1049e9ca8 0x10d040d0d 0x10d035b49 0x10d03d51d 0x1049e9ca8 0x10d040d0d 0x10d035b49 0x10d03d51d 0x1049e9ca8 0x10d040d0d 0x10d035b49 0x10d03d992
   3.637 TIGER-SAMPLE pid 0xa30 n 0xb thread 0xf03 thread 0xf03 state-kr 0x0 pc 0x109adfe4e leaf mach_msg_trap+0xa frames: 0x109adfe4e 0x10045c512 0x109a91e9e
   3.638 TIGER-SAMPLE pid 0xa30 n 0xb thread 0x1103 thread 0x1103 state-kr 0x0 pc 0x109a95e22 leaf __semwait_signal+0xa frames: 0x109a95e22 0x1042a12e5 0x1041d56a2 0x1042a4329 0x1042a34a6 0x1042a3089 0x10423ab3e 0x1042a0d09 0x109a91e9e
   3.638 TIGER-SAMPLE pid 0xa30 n 0xb thread 0x2303 thread 0x2303 state-kr 0x0 pc 0x109a95e22 leaf __semwait_signal+0xa frames: 0x109a95e22 0x1042a12e5 0x1041d56a2 0x1042a4329 0x1042a34a6 0x1042a3089 0x10423ab3e 0x1042a0d09 0x109a91e9e
   3.638 TIGER-SAMPLE pid 0xa30 n 0xb thread 0x2403 thread 0x2403 state-kr 0x0 pc 0x109a95e22 leaf __semwait_signal+0xa frames: 0x109a95e22 0x1042a12e5 0x1041d56a2 0x1042a4329 0x1042a34a6 0x1042a3089 0x10423ab3e 0x1042a0d09 0x109a91e9e
   3.638 TIGER-SAMPLE pid 0xa30 n 0xb thread 0x2503 thread 0x2503 state-kr 0x0 pc 0x109a467e6 leaf poll+0xa frames: 0x109a467e6 0x10423ab3e 0x1042a0d09 0x109a91e9e
   3.639 TIGER-SAMPLE pid 0xa30 n 0xb thread 0x2603 thread 0x2603 state-kr 0x0 pc 0x109a95e22 leaf __semwait_signal+0xa frames: 0x109a95e22 0x1042a12e5 0x1041d56a2 0x1042a4329 0x1042a34a6 0x1042a3089 0x10423ab3e 0x1042a0d09 0x109a91e9e
   3.639 TIGER-SAMPLE pid 0xa30 n 0xb thread 0x2703 thread 0x2703 state-kr 0x0 pc 0x109a467e6 leaf poll+0xa frames: 0x109a467e6 0x10423ab3e 0x1042a0d09 0x109a91e9e
   3.639 TIGER-SAMPLE pid 0xa30 n 0xb thread 0x2807 thread 0x2807 state-kr 0x0 pc 0x109a95e22 leaf __semwait_signal+0xa frames: 0x109a95e22 0x1042a12e5 0x1041d56a2 0x1042a4329 0x1042a34a6 0x1042a3089 0x10423ab3e 0x1042a0d09 0x109a91e9e
   3.639 TIGER-SAMPLE pid 0xa30 n 0xb thread 0x2903 thread 0x2903 state-kr 0x0 pc 0x109a95e22 leaf __semwait_signal+0xa frames: 0x109a95e22 0x1042a12e5 0x1041d56a2 0x1042a4329 0x1042a34a6 0x1042a3089 0x10423ab3e 0x1042a0d09 0x109a91e9e
   3.639 TIGER-SAMPLE pid 0xa30 n 0xb thread 0x2a03 thread 0x2a03 state-kr 0x0 pc 0x109a95e22 leaf __semwait_signal+0xa frames: 0x109a95e22 0x1042a12e5 0x1041d56a2 0x1042a4329 0x1042a34a6 0x1042a3089 0x10423ab3e 0x1042a0d09 0x109a91e9e
   3.640 TIGER-SAMPLE pid 0xa30 n 0xb thread 0x2b03 thread 0x2b03 state-kr 0x0 pc 0x109a46708 leaf recvmsg+0x0 frames: 0x109a46708 0x10045e43e 0x10423ab3e 0x1042a0d09 0x109a91e9e
   3.640 TIGER-SAMPLE pid 0xa30 n 0xb thread 0x2c03 thread 0x2c03 state-kr 0x0 pc 0x109a95e22 leaf __semwait_signal+0xa frames: 0x109a95e22 0x1042a12e5 0x1041d56a2 0x1042a4329 0x1042a34a6 0x1042a3089 0x10423ab3e 0x1042a0d09 0x109a91e9e
   3.642 Optimized #DnxxDn:[0x14e762160->0x14e5be380, LLIntFunctionCall, 79] using Baseline with Baseline into 1568 bytes in 0.154466 ms.
   3.643 Optimized $e#DqV7HU:[0x14e761fa0->0x14ddcf800, LLIntFunctionCall, 81] using Baseline with Baseline into 1664 bytes in 1.162105 ms.
   3.643 Optimized ce#BqEznY:[0x14e762080->0x14ddcdf80, LLIntFunctionCall, 160] using Baseline with Baseline into 2432 bytes in 0.118325 ms.
   3.646 Optimized f#ALuQ9b:[0x14dcf1520->0x14dcd6000, LLIntFunctionCall, 739] using Baseline with Baseline into 8896 bytes in 0.367459 ms.
   3.647 Optimized #DcIdJb:[0x14dd02da0->0x14dcf0aa0->0x14e5c1d80, NoneFunctionCall, 30] using DFG with DFG into 1056 bytes in 0.778992 ms.
   3.649 Optimized arrayIteratorNextHelper#Cp8Z2u:[0x14dd02f60->0x14d0a2400->0x14d0a5100, NoneFunctionCall, 130 (StrictMode)] using DFG with DFG into 1504 bytes in 1.672296 ms.
   3.651 Optimized #CxgtTz:[0x14e763740->0x14e5ffe00, LLIntFunctionCall, 244] using Baseline with Baseline into 3488 bytes in 0.192712 ms.
   3.655 Optimized #Diq5wu:[0x14dd03120->0x14e7624e0->0x14e5be400, NoneFunctionCall, 112] using DFG with DFG into 768 bytes in 1.533534 ms.
   3.655 Optimized #CxQPQt:[0x14dd03200->0x14e736cc0->0x14e5be600, NoneFunctionCall, 14] using DFG with DFG into 448 bytes in 0.381965 ms.
   3.657 Optimized bB#AkoXqK:[0x14dcf10c0->0x14e5b0d00, LLIntFunctionCall, 67] using Baseline with Baseline into 960 bytes in 0.071433 ms.
   3.658 Optimized #DjoyQc:[0x14dcf2080->0x14e5c1d00, LLIntFunctionCall, 31] using Baseline with Baseline into 704 bytes in 0.280867 ms.
   3.659 Optimized Pd#BOmjU7:[0x14dd03660->0x14dcf08e0->0x14e5c1c80, NoneFunctionConstruct, 43] using DFG with DFG into 704 bytes in 0.663789 ms.
   3.660 Optimized om#BT4XvG:[0x14e70b4a0->0x14ddd5e00, LLIntFunctionCall, 64] using Baseline with Baseline into 704 bytes in 0.071695 ms.
   3.660 Optimized $z#DE7I1Z:[0x14dcf02c0->0x14e523f80, LLIntFunctionCall, 493] using Baseline with Baseline into 6560 bytes in 0.276396 ms.
   3.662 Optimized yb#EN1cEk:[0x14dd03740->0x14e737e40->0x14e5bfa80, NoneFunctionCall, 203] using DFG with DFG into 1056 bytes in 1.818396 ms.
   3.663 Optimized Id#DCq8Od:[0x14dd03820->0x14e7bc640->0x14ddcdb80, NoneFunctionCall, 112] using DFG with DFG into 1152 bytes in 1.179233 ms.
   3.668 TIGER-SAMPLE pid 0xa30 n 0xb thread 0x2d03 thread 0x2d03 state-kr 0x0 pc 0x109a46712 leaf recvmsg+0xa frames: 0x109a46712 0x10045e43e 0x10423ab3e 0x1042a0d09 0x109a91e9e
   3.669 TIGER-SAMPLE pid 0xa30 n 0xb thread 0x4103 thread 0x4103 state-kr 0x0 pc 0x109a95e22 leaf __semwait_signal+0xa frames: 0x109a95e22 0x1042a1327 0x1041d56a2 0x1041b2277 0x10423ab3e 0x1042a0d09 0x109a91e9e
   3.669 TIGER-SAMPLE pid 0xa30 n 0xb thread 0x4203 thread 0x4203 state-kr 0x0 pc 0x109a95e22 leaf __semwait_signal+0xa frames: 0x109a95e22 0x1042a1327 0x1041d56a2 0x1041b2277 0x10423ab3e 0x1042a0d09 0x109a91e9e
   3.669 TIGER-SAMPLE pid 0xa30 n 0xb thread 0x4503 thread 0x4503 state-kr 0x0 pc 0x109a95e22 leaf __semwait_signal+0xa frames: 0x109a95e22 0x1042a12e5 0x1041d56a2 0x1042a4329 0x1042a34a6 0x1042a3089 0x10423ab3e 0x1042a0d09 0x109a91e9e
   3.674 Optimized zb#DGLAyX:[0x14e7bfba0->0x14e5bfb00, LLIntFunctionCall, 122] using Baseline with Baseline into 1792 bytes in 0.107062 ms.
   3.674 Optimized Ab#BGDOWY:[0x14dd03900->0x14e737d60->0x14e5bfb80, NoneFunctionCall, 221] using DFG with DFG into 2304 bytes in 2.529099 ms.
   3.676 Optimized Oa#EdRFd0:[0x14dd039e0->0x14e7611a0->0x14e5bd380, NoneFunctionCall, 92] using DFG with DFG into 1536 bytes in 1.093248 ms.
   3.676 Optimized #BOF9wW:[0x14dd03ac0->0x14e7bc1e0->0x14e5bd600, NoneFunctionCall, 26] using DFG with DFG into 544 bytes in 0.546822 ms.
   3.677 Optimized #A9Y3xF:[0x14dd03ba0->0x14e763f20->0x14e5bf600, NoneFunctionCall, 30] using DFG with DFG into 608 bytes in 0.709755 ms.
   3.681 Optimized eb#CwOD5w:[0x14dd03d60->0x14e762940->0x14d1f6d80, NoneFunctionCall, 276] using DFG with DFG into 1824 bytes in 4.095043 ms.
   3.683 Optimized #AaEssd:[0x14dd03e40->0x14e762860->0x14e5c0b00, NoneFunctionCall, 19] using DFG with DFG into 384 bytes in 0.511484 ms.
   3.684 Optimized Fe#AxT5ku:[0x14dcf24e0->0x14ddced80, LLIntFunctionCall, 149] using Baseline with Baseline into 2272 bytes in 0.150872 ms.
   3.685 Optimized B#D7GCiu:[0x14dcf1440->0x14ddcdd00, LLIntFunctionCall, 104] using Baseline with Baseline into 1600 bytes in 0.126822 ms.
   3.688 Optimized Vd#DYirON:[0x14dd689c0->0x14dcf0720->0x14ddcdd80, NoneFunctionCall, 104] using DFG with DFG into 1504 bytes in 0.801759 ms.
   3.688 Optimized Tb#BKgGlm:[0x14dcf1a60->0x14dcd5980, LLIntFunctionCall, 19] using Baseline with Baseline into 256 bytes in 0.993534 ms.
   3.688 Optimized #DMDghq:[0x14dd68aa0->0x14dcf0e20->0x14e5be500, NoneFunctionCall, 14] using DFG with DFG into 448 bytes in 0.381018 ms.
   3.690 Optimized O#CmQ1Tx:[0x14d4a3200->0x14e5c5500, LLIntFunctionCall, 41] using Baseline with Baseline into 672 bytes in 0.097298 ms.
   3.691 Optimized #AtyIpQ:[0x14dd68b80->0x14dcf0640->0x14dcd5880, NoneFunctionCall, 113] using DFG with DFG into 1824 bytes in 1.972206 ms.
   3.693 Optimized yB#BRcEO4:[0x14e7f1600->0x14e5cee80, LLIntFunctionCall, 105] using Baseline with Baseline into 2656 bytes in 0.120556 ms.
   3.693 Optimized no#CS6UYv:[0x14e70acc0->0x14ddd6f00, LLIntFunctionCall, 52] using Baseline with Baseline into 640 bytes in 0.079458 ms.
   3.693 Optimized tB#BGSILG:[0x14e7f1280->0x14e5b1280, LLIntFunctionCall, 33] using Baseline with Baseline into 416 bytes in 0.402702 ms.
   3.693 Optimized #AQxTi3:[0x14dcda160->0x14e5cef80, LLIntFunctionCall, 333] using Baseline with Baseline into 4544 bytes in 0.167438 ms.
   3.694 Optimized me#EKNiM4:[0x14e761ec0->0x14ddce480, LLIntFunctionCall, 61] using Baseline with Baseline into 1376 bytes in 0.099224 ms.
   3.695 Optimized #BTGqC2:[0x14dcdb9e0->0x14dcd5400, LLIntFunctionCall, 487] using Baseline with Baseline into 7200 bytes in 0.230060 ms.
   3.696 Optimized Mb#CqK1fB:[0x14dd69520->0x14dcd9600->0x14d1f7680, NoneFunctionCall, 159] using DFG with DFG into 1024 bytes in 1.529454 ms.
   3.697 Optimized mo#BDLxyw:[0x14dd69600->0x14e709980->0x14ddd7200, NoneFunctionCall, 63] using DFG with DFG into 512 bytes in 0.551774 ms.
   3.698 Optimized #D2I4eQ:[0x14dcf1360->0x14e5bec80, LLIntFunctionCall, 295] using Baseline with Baseline into 4672 bytes in 0.191339 ms.
   3.699 Optimized #BJhKAC:[0x14dcdbac0->0x14dcd5480, LLIntFunctionCall, 476] using Baseline with Baseline into 4480 bytes in 0.179945 ms.
   3.700 Optimized uB#CPYHdJ:[0x14dcdbd60->0x14e5b1100, LLIntFunctionCall, 68] using Baseline with Baseline into 800 bytes in 0.070696 ms.
   3.701 Optimized gI#Ak8QmK:[0x14dcdbf20->0x14e5b4c80, LLIntFunctionCall, 80] using Baseline with Baseline into 1024 bytes in 0.090807 ms.
   3.701 Optimized #DDDspl:[0x14dcf01e0->0x14dcd5800, LLIntFunctionCall, 3] using Baseline with Baseline into 224 bytes in 0.038561 ms.
   3.701 Optimized #D2J5Qh:[0x14dcdbe40->0x14e75d780, LLIntFunctionCall, 89] using Baseline with Baseline into 1376 bytes in 0.080200 ms.
   3.702 Optimized ZF#BXuTBE:[0x14dcf0480->0x14e5b3980, LLIntFunctionCall, 135] using Baseline with Baseline into 1920 bytes in 0.096316 ms.
   3.702 Optimized Pf#EaqIA3:[0x14dcf0b80->0x14ddd0900, LLIntFunctionCall, 7] using Baseline with Baseline into 256 bytes in 0.050486 ms.
   3.702 Optimized Hy#C5HmxF:[0x14dcf0f00->0x14e523480, LLIntFunctionCall, 106] using Baseline with Baseline into 1184 bytes in 0.088777 ms.
   3.703 Optimized #CCpc5i:[0x14dcf03a0->0x14e5ffc80, LLIntFunctionCall, 886] using Baseline with Baseline into 12224 bytes in 0.451273 ms.
   3.703 Optimized dg#APKoCb:[0x14dcf0fe0->0x14e5c3b80, LLIntFunctionCall, 38] using Baseline with Baseline into 640 bytes in 0.077173 ms.
   3.703 Optimized VF#CGuMQ2:[0x14dcf11a0->0x14e5b3800, LLIntFunctionCall, 3] using Baseline with Baseline into 224 bytes in 0.144306 ms.
   3.704 Optimized rf#Axmxt7:[0x14dcf1280->0x14e5c3400, LLIntFunctionCall, 51] using Baseline with Baseline into 832 bytes in 0.061363 ms.
   3.713 Optimized f#B79NKx:[0x14dd696e0->0x14dcf09c0->0x14dcd5d00, NoneFunctionCall, 788] using DFG with DFG into 8992 bytes in 9.677605 ms.
   3.713 Optimized dh#Adholp:[0x14e763900->0x14ddd1800, LLIntFunctionCall, 7] using Baseline with Baseline into 320 bytes in 0.063408 ms.
   3.719 Optimized Bb#DFgvUn:[0x14dcd9b40->0x14e5bfc00, LLIntFunctionCall, 671] using Baseline with Baseline into 6080 bytes in 0.247323 ms.
   3.723 Optimized get#B1amzl:[0x14dd6b4a0->0x14e70bba0->0x14e5fec80, NoneFunctionCall, 19] using DFG with DFG into 224 bytes in 0.396050 ms.
   3.726 Optimized #AAuAGY:[0x14dd6b9e0->0x14e70b120->0x14e5fd300, NoneFunctionCall, 128] using DFG with DFG into 1984 bytes in 1.675269 ms.
   3.739 Optimized Eb#Adholp:[0x14e737f20->0x14d1f7300, LLIntFunctionCall, 7] using Baseline with Baseline into 320 bytes in 0.064170 ms.
   3.739 TIGER-SAMPLE pid 0xa2d n 0xd main 0x117 thread 0x117 state-kr 0x0 pc 0x90009817 leaf mach_msg_trap+0x7 frames: 0x90009817 0x9082d227 0x9082ca42 0x92e06878 0x92e05f82 0x92e05dd9 0x9328cf45 0x9328cb37 0x932868c4 0x8af6 0x82f2 0x8219 0x5
   3.740 TIGER-SAMPLE pid 0xa2d n 0xd thread 0x1203 thread 0x1203 state-kr 0x0 pc 0x90009817 leaf mach_msg_trap+0x7 frames: 0x90009817 0x2ca6d8 0x90023d67
   3.740 TIGER-SAMPLE pid 0xa2d n 0xd thread 0x3207 thread 0x3207 state-kr 0x0 pc 0x90024407 leaf semaphore_wait_signal_trap+0x7 frames: 0x90024407 0x364de 0x90023d67
   3.740 TIGER-SAMPLE pid 0xa2d n 0xd thread 0x3403 thread 0x3403 state-kr 0x0 pc 0x90024407 leaf semaphore_wait_signal_trap+0x7 frames: 0x90024407 0x364de 0x90023d67
   3.740 TIGER-SAMPLE pid 0xa2d n 0xd thread 0x5103 thread 0x5103 state-kr 0x0 pc 0x900bc3fc leaf poll+0xc frames: 0x900bc3fc 0x2cd134 0x313210b 0x319b321 0x90023d67
   3.741 TIGER-SAMPLE pid 0xa2d n 0xd thread 0x5203 thread 0x5203 state-kr 0x0 pc 0x90024407 leaf semaphore_wait_signal_trap+0x7 frames: 0x90024407 0x364de 0x90023d67
   3.741 TIGER-SAMPLE pid 0xa2d n 0xd thread 0x5503 thread 0x5503 state-kr 0x0 pc 0x900bc3fc leaf poll+0xc frames: 0x900bc3fc 0x2cd134 0x313210b 0x319b321 0x90023d67
   3.741 TIGER-SAMPLE pid 0xa2d n 0xd thread 0x5603 thread 0x5603 state-kr 0x0 pc 0x90024407 leaf semaphore_wait_signal_trap+0x7 frames: 0x90024407 0x364de 0x90023d67
   3.742 TIGER-SAMPLE pid 0xa2d n 0xd thread 0x5c07 thread 0x5c07 state-kr 0x0 pc 0x900265fc leaf recvmsg+0xc frames: 0x900265fc 0x2cc6bb 0x2cd134 0x313210b 0x319b321 0x90023d67
   3.742 TIGER-SAMPLE pid 0xa2d n 0xd thread 0x5e07 thread 0x5e07 state-kr 0x0 pc 0x90024407 leaf semaphore_wait_signal_trap+0x7 frames: 0x90024407 0x915a96ab 0x915c3ddc 0x90023d67
   3.793 Optimized Vc#EFxcI7:[0x14e039a60->0x14e7091a0->0x14ddcca00, NoneFunctionCall, 55] using DFG with DFG into 736 bytes in 1.055088 ms.
   3.806 Optimized Q#CGVlSe:[0x14e0125c0->0x14e5cfb80, LLIntFunctionCall, 233] using Baseline with Baseline into 3840 bytes in 0.824256 ms.
   3.807 Optimized arrayIteratorNextHelper#Cp8Z2u:[0x14e0502c0->0x14d0a2400->0x14d0a5100, NoneFunctionCall, 130 (StrictMode)] using DFG with DFG into 1504 bytes in 1.767750 ms.
   3.809 Optimized OC#Dsa3zX:[0x14e0126a0->0x14e5cfb00, LLIntFunctionCall, 298] using Baseline with Baseline into 5216 bytes in 0.193233 ms.
   3.829 Optimized RJ#BrYNI3:[0x14e012160->0x14e5d5500, LLIntFunctionCall, 145] using Baseline with Baseline into 1856 bytes in 0.112697 ms.
   3.830 Optimized OJ#EowFUV:[0x14e012240->0x14e5d5280, LLIntFunctionConstruct, 32] using Baseline with Baseline into 1216 bytes in 0.079609 ms.
   3.830 Optimized some#A7MZAZ:[0x10be09360->0x10bc1f898, LLIntFunctionCall, 101 (StrictMode)] using Baseline with Baseline into 1856 bytes in 0.925153 ms.
   3.833 Optimized T#BhYNsx:[0x14e012400->0x14e5d5a00, LLIntFunctionCall, 279] using Baseline with Baseline into 3360 bytes in 0.171879 ms.
   3.840 Optimized e#BaGmGS:[0x14dd002c0->0x14dcd5c80, LLIntFunctionCall, 165] using Baseline with Baseline into 1984 bytes in 0.149484 ms.
   3.848 Optimized Te#Cyejqz:[0x14e0648e0->0x14e7617c0->0x14ddcf480, NoneFunctionCall, 65] using DFG with DFG into 480 bytes in 0.833639 ms.
   3.849 TIGER-SAMPLE pid 0xa31 n 0xc main 0xd03 thread 0xd03 state-kr 0x0 pc 0x109895e22 leaf __semwait_signal+0xa frames: 0x109895e22 0x10409ca17 0x103fcd562 0x10409fb49 0x10409ec36 0x10409e819 0x10004a16b 0x10000154c 0x100001461 0x3
   3.850 TIGER-SAMPLE pid 0xa31 n 0xc thread 0xf03 thread 0xf03 state-kr 0x0 pc 0x1098dfe4e leaf mach_msg_trap+0xa frames: 0x1098dfe4e 0x100327902 0x109891e9e
   3.850 TIGER-SAMPLE pid 0xa31 n 0xc thread 0x1103 thread 0x1103 state-kr 0x0 pc 0x109895e22 leaf __semwait_signal+0xa frames: 0x109895e22 0x10409c9d5 0x103fcd562 0x10409fb49 0x10409ec36 0x10409e819 0x104033bfe 0x10409c3f9 0x109891e9e
   3.850 TIGER-SAMPLE pid 0xa31 n 0xc thread 0x2303 thread 0x2303 state-kr 0x0 pc 0x1098467e6 leaf poll+0xa frames: 0x1098467e6 0x104033bfe 0x10409c3f9 0x109891e9e
   3.850 TIGER-SAMPLE pid 0xa31 n 0xc thread 0x2407 thread 0x2407 state-kr 0x0 pc 0x109895e22 leaf __semwait_signal+0xa frames: 0x109895e22 0x10409c9d5 0x103fcd562 0x10409fb49 0x10409ec36 0x10409e819 0x104033bfe 0x10409c3f9 0x109891e9e
   3.851 TIGER-SAMPLE pid 0xa31 n 0xc thread 0x2503 thread 0x2503 state-kr 0x0 pc 0x109895e22Optimized Ua#AagYMF:[0x14dcf2400->0x14e5bd800, LLIntFunctionCall, 239] leaf __semwait_signal using Baseline+ with 0xa frames: 0x109895e22 0x10409c9d5 0x103fcd562 0x10409fb49 0x10409ec36 0x10409e819 0x104033bfe 0x10409c3f9 0x109891e9e
   3.851 TIGER-SAMPLE pid 0xa31 n 0xc thread 0x2603 thread 0x2603 state-kr 0x0 pc 0x109895e22Baseline into 3360 leaf __semwait_signal+0xa frames: 0x109895e22 0x10409c9d5 0x103fcd562 0x10409fb49 0x10409ec36 0x10409e819 0x104033bfe 0x10409c3f9 0x109891e9e
   3.851 TIGER-SAMPLE pid 0xa31 n 0xc thread 0x2703 thread 0x2703 state-kr 0x0 pc 0x109895e22 leaf __semwait_signal+0xa frames: 0x109895e22 0x10409c9d5 0x103fcd562 0x10409fb49 0x10409ec36 0x10409e819 0x104033bfe 0x10409c3f9 0x109891e9e
   3.851 TIGER-SAMPLE pid 0xa31 n 0xc thread 0x2903 thread 0x2903 state-kr 0x0 pc 0x109895e22 bytes in  leaf __semwait_signal+0xa frames: 0x109895e22 0x10409c9d5 0x103fcd562 0x10409fb49 0x10409ec36 0x10409e819 0x104033bfe 0x10409c3f9 0x109891e9e
   3.851 TIGER-SAMPLE pid 0xa31 n 0xc thread 0x2a03 thread 0x2a03 state-kr 0x0 pc 0x1098467e6 leaf poll+0xa frames: 0x1098467e6 0x104033bfe 0x10409c3f9 0x109891e9e
   3.852 TIGER-SAMPLE pid 0xa31 n 0xc thread 0x2b03 thread 0x2b03 state-kr 0x0 pc 0x1098467e60.863178 ms leaf poll+0xa frames: 0x1098467e6 0x104388627 0x1043887ea 0x101f32ba7 0x101f3e971 0x104033bfe 0x10409c3f9 0x109891e9e
   3.852 .
   3.852 Optimized #Ahgp5x:[0x14dcf2320->0x14e5bd880, LLIntFunctionCall, 37] using Baseline with Baseline into 448 bytes in 1.364130 ms.
   3.855 Optimized de#BC6927:[0x14dcf1980->0x14ddce000, LLIntFunctionCall, 147] using Baseline with Baseline into 2048 bytes in 0.116175 ms.
   3.855 Optimized e#BKbHcc:[0x14dd01440->0x14dcd5f80, LLIntFunctionCall, 105] using Baseline with Baseline into 2016 bytes in 0.133454 ms.
   3.856 Optimized be#AbFj0f:[0x14e763d60->0x14ddcdf00, LLIntFunctionCall, 1678] using Baseline with Baseline into 23392 bytes in 1.713724 ms.
   3.858 Optimized Ab#BGDOWY:[0x14e065600->0x14e737d60->0x14e5bfb80, NoneFunctionCall, 221] using DFG with DFG into 3648 bytes in 2.841198 ms.
   3.877 Optimized #BNhRAM:[0x14dd01520->0x14e5c1700, LLIntFunctionCall, 27] using Baseline with Baseline into 608 bytes in 0.074477 ms.
   3.878 Optimized V#CaI4MX:[0x14e011fa0->0x14e5d5a80, LLIntFunctionCall, 167] using Baseline with Baseline into 1344 bytes in 0.090537 ms.
   3.878 Optimized Kd#BQxEba:[0x14e7bc480->0x14ddcdc00, LLIntFunctionCall, 108] using Baseline with Baseline into 2112 bytes in 0.127389 ms.
   3.881 Optimized #DjoyQc:[0x14e065b40->0x14dcf2080->0x14e5c1d00, NoneFunctionCall, 31] using DFG with DFG into 512 bytes in 0.641158 ms.
   3.889 Optimized #CkAKmU:[0x14e7bc3a0->0x14e5bd700, LLIntFunctionCall, 33] using Baseline with Baseline into 736 bytes in 0.103503 ms.
   3.891 Optimized f#ALuQ9b:[0x14e065c20->0x14dcf1520->0x14dcd6000, NoneFunctionCall, 739] using DFG with DFG into 7168 bytes in 10.336467 ms.
   3.892 Optimized #Ahgp5x:[0x14e065d00->0x14dcf2320->0x14e5bd880, NoneFunctionCall, 37] using DFG with DFG into 384 bytes in 0.518116 ms.
   3.894 Optimized e#BKbHcc:[0x14e065de0->0x14dd01440->0x14dcd5f80, NoneFunctionCall, 105] using DFG with DFG into 1856 bytes in 1.892422 ms.
   3.920 TIGER-SAMPLE pid 0xa30 n 0xc main 0xd03 thread 0xd03 state-kr 0x0 pc 0x1036a18c3Optimized #AEsNoy:[0x14dcdb900->0x14e5ce080, LLIntFunctionCall, 873] using Baseline with Baseline into 13184 bytes in 0.467795 ms.
   3.922  leaf _ZN3JSC6ParserINS_5LexerIhEEE21parseMemberExpressionINS_10ASTBuilderEEENT_10ExpressionERS6_+0x44f3 frames: 0x1036a18c3 0x103699127 0x1036a47eb 0x1036ec0f3 0x1036eb391 0x1036e47b4 0x1036774ea 0x1036d8572 0x1036eb913 0x1036e444e 0x1036774ea 0x1036721e4 0x102a3e012 0x102a3db94 0x102a3b7c9 0x103d53f56 0x103d54c4d 0x10319af2a 0x10d009017 0x1049eae28 0x1049eae28 0x1049eae28 0x1049eae28 0x1049e9ca8 0x1049e9ca8 0x1049eae28 0x1049c87c4 0x103647679 0x1037cee04 0x100c1470c 0x100c14245 0x101c1cf5a 0x101c24da3 0x101707699 0x10261d22f 0x1042a3247 0x100046488 0x100001d0c 0x100001c21 0x3
   3.922 TIGER-SAMPLE pid 0xa30 n 0xc thread 0xf03 thread 0xf03 state-kr 0x0 pc 0x109adfe4e leaf mach_msg_trap+0xa frames: 0x109adfe4e 0x10045c512 0x109a91e9e
   3.922 TIGER-SAMPLE pid 0xa30 n 0xc thread 0x1103 thread 0x1103 state-kr 0x0 pc 0x109a95e22 leaf __semwait_signal+0xa frames: 0x109a95e22 0x1042a12e5 0x1041d56a2 0x1042a4329 0x1042a34a6 0x1042a3089 0x10423ab3e 0x1042a0d09 0x109a91e9e
   3.923 TIGER-SAMPLE pid 0xa30 n 0xc thread 0x2303 thread 0x2303 state-kr 0x0 pc 0x109a95e22 leaf __semwait_signal+0xa frames: 0x109a95e22 0x1042a12e5 0x1041d56a2 0x1042a4329 0x1042a34a6 0x1042a3089 0x10423ab3e 0x1042a0d09 0x109a91e9e
   3.923 TIGER-SAMPLE pid 0xa30 n 0xc thread 0x2403 thread 0x2403 state-kr 0x0 pc 0x109a95e22 leaf __semwait_signal+0xa frames: 0x109a95e22 0x1042a12e5 0x1041d56a2 0x1042a4329 0x1042a34a6 0x1042a3089 0x10423ab3e 0x1042a0d09 0x109a91e9e
   3.923 TIGER-SAMPLE pid 0xa30 n 0xc thread 0x2503 thread 0x2503 state-kr 0x0 pc 0x109a467e6 leaf poll+0xa frames: 0x109a467e6 0x10423ab3e 0x1042a0d09 0x109a91e9e
   3.923 TIGER-SAMPLE pid 0xa30 n 0xc thread 0x2603 thread 0x2603 state-kr 0x0 pc 0x109a95e22 leaf __semwait_signal+0xa frames: 0x109a95e22 0x1042a12e5 0x1041d56a2 0x1042a4329 0x1042a34a6 0x1042a3089 0x10423ab3e 0x1042a0d09 0x109a91e9e
   3.923 TIGER-SAMPLE pid 0xa30 n 0xc thread 0x2703 thread 0x2703 state-kr 0x0 pc 0x109a467e6 leaf poll+0xa frames: 0x109a467e6 0x10423ab3e 0x1042a0d09 0x109a91e9e
   3.924 TIGER-SAMPLE pid 0xa30 n 0xc thread 0x2807 thread 0x2807 state-kr 0x0 pc 0x109a95e22 leaf __semwait_signal+0xa frames: 0x109a95e22 0x1042a12e5 0x1041d56a2 0x1042a4329 0x1042a34a6 0x1042a3089 0x10423ab3e 0x1042a0d09 0x109a91e9e
   3.924 TIGER-SAMPLE pid 0xa30 n 0xc thread 0x2903 thread 0x2903 state-kr 0x0 pc 0x109a95e22 leaf __semwait_signal+0xa frames: 0x109a95e22 0x1042a12e5 0x1041d56a2 0x1042a4329 0x1042a34a6 0x1042a3089 0x10423ab3e 0x1042a0d09 0x109a91e9e
   3.924 TIGER-SAMPLE pid 0xa30 n 0xc thread 0x2a03 thread 0x2a03 state-kr 0x0 pc 0x109a95e22 leaf __semwait_signal+0xa frames: 0x109a95e22 0x1042a12e5 0x1041d56a2 0x1042a4329 0x1042a34a6 0x1042a3089 0x10423ab3e 0x1042a0d09 0x109a91e9e
   3.926 TIGER-SAMPLE pid 0xa30 n 0xc thread 0x2b03 thread 0x2b03 state-kr 0x0 pc 0x10045df68Optimized I#Bul6GO:[0x14d4a0720->0x10bea6a00, LLIntFunctionCall, 105 (StrictMode)] using Baseline with Baseline into 2240 bytes in  leaf _ZN3IPC10Connection16readyReadHandlerEv+0x3a8 frames: 0x10045df68 0x10045e43e 0x10423ab3e 0x1042a0d09 0x109a91e9e
   3.927 TIGER-SAMPLE pid 0xa30 n 0xc thread 0x2c03 thread 0x2c03 state-kr 0x0 pc 0x109a95e220.168767 ms leaf __semwait_signal+.
   3.927 0xa frames: 0x109a95e22 0x1042a12e5 0x1041d56a2 0x1042a4329 0x1042a34a6 0x1042a3089 0x10423ab3e 0x1042a0d09 0x109a91e9e
   3.928 Optimized sK#ASzXSz:[0x14d4a03a0->0x10bf03000, LLIntFunctionCall, 54 (StrictMode)] using Baseline with Baseline into 704 bytes in 0.090441 ms.
   3.929 Optimized sG#AwoRmq:[0x14d4a0560->0x10bf03080, LLIntFunctionCall, 223 (StrictMode)] using Baseline with Baseline into 3264 bytes in 0.157168 ms.
   3.929 Optimized #BSmjCq:[0x14d4a0800->0x14d1f6980, LLIntFunctionCall, 447 (StrictMode)] using Baseline with Baseline into 3968 bytes in 0.156175 ms.
   3.929 Optimized s8#CZxAev:[0x14d4a08e0->0x10bf03180, LLIntFunctionCall, 125 (StrictMode)] using Baseline with Baseline into 1984 bytes in 0.109639 ms.
   3.930 Optimized uW#DGlVZr:[0x14d4a09c0->0x10bf01780, LLIntFunctionCall, 343 (StrictMode)] using Baseline with Baseline into 6880 bytes in 0.327404 ms.
   3.930 Optimized tC#CRIIHV:[0x14d4a0aa0->0x10bee4580, LLIntFunctionCall, 345 (StrictMode)] using Baseline with Baseline into 4064 bytes in 0.185389 ms.
   3.932 Optimized #ESFHhN:[0x14d4a0b80->0x14d1f6a00, LLIntFunctionCall, 4131 (StrictMode)] using Baseline with Baseline into 48192 bytes in 1.334626 ms.
   3.933 Optimized uU#EKfgE9:[0x14d4a0c60->0x10bf01500, LLIntFunctionCall, 343 (StrictMode)] using Baseline with Baseline into 6624 bytes in 0.285068 ms.
   3.933 Optimized sq#ED6rrn:[0x14d4a02c0->0x10bf02f80, LLIntFunctionCall, 875 (StrictMode)] using Baseline with Baseline into 9024 bytes in 5.361539 ms.
   3.937 Optimized U#Drx1px:[0x14e090d40->0x10bea6a80, LLIntFunctionCall, 54 (StrictMode)] using Baseline with Baseline into 1248 bytes in 0.094190 ms.
   3.941 Optimized ss#CL69Zt:[0x14e090c60->0x10bf02100, LLIntFunctionCall, 72 (StrictMode)] using Baseline with Baseline into 2112 bytes in 3.934928 ms.
   3.941 Optimized t_#DPmKMZ:[0x14e090e20->0x10bee4600, LLIntFunctionCall, 189 (StrictMode)] using Baseline with Baseline into 3424 bytes in 0.278552 ms.
   3.942 TIGER-SAMPLE pid 0xa30 n 0xc thread 0x2d03 thread 0x2d03 state-kr 0x0 pc 0x109a46712 leaf recvmsg+0xa frames: 0x109a46712 0x10045e43e 0x10423ab3e 0x1042a0d09 0x109a91e9e
   3.942 TIGER-SAMPLE pid 0xa30 n 0xc thread 0x4103 thread 0x4103 state-kr 0x0 pc 0x109a95e22 leaf __semwait_signal+0xa frames: 0x109a95e22 0x1042a1327 0x1041d56a2 0x1041b2277 0x10423ab3e 0x1042a0d09 0x109a91e9e
   3.942 TIGER-SAMPLE pid 0xa30 n 0xc thread 0x4203 thread 0x4203 state-kr 0x0 pc 0x109adfef6 leaf syscall_thread_switch+0xa frames: 0x109adfef6 0x1041ca8f8 0x1032076ed 0x1031cea6f 0x1031ce65d 0x103213738 0x1041b2344 0x10423ab3e 0x1042a0d09 0x109a91e9e
   3.942 Optimized eQ#BSGjeW:[0x14e090f00->0x14d4a0640->0x10bea7580, NoneFunctionCall, 230 (StrictMode)] using DFG with DFG into 3008 bytes in 4.210763 ms.
   3.944 Optimized sK#ASzXSz:[0x14e090fe0->0x14d4a03a0->0x10bf03000, NoneFunctionCall, 54 (StrictMode)] using DFG with DFG into 864 bytes in 1.776251 ms.
   3.992 TIGER-SAMPLE pid 0xa2d n 0xe main 0x117 thread 0x117 state-kr 0x0 pc 0x90009817 leaf mach_msg_trap+0x7 frames: 0x90009817 0x9082d227 0x9082ca42 0x92e06878 0x92e05f82 0x92e05dd9 0x9328cf45 0x9328cb37 0x932868c4 0x8af6 0x82f2 0x8219 0x5
   3.993 TIGER-SAMPLE pid 0xa2d n 0xe thread 0x1203 thread 0x1203 state-kr 0x0 pc 0x90009817 leaf mach_msg_trap+0x7 frames: 0x90009817 0x2ca6d8 0x90023d67
   3.993 TIGER-SAMPLE pid 0xa2d n 0xe thread 0x3207 thread 0x3207 state-kr 0x0 pc 0x90024407Optimized Sb#CrAGX8:[0x14e7f17c0->0x14d1f7980, LLIntFunctionCall, 39] leaf semaphore_wait_signal_trap+0x7 frames: 0x90024407 0x364de 0x90023d67
   3.993 TIGER-SAMPLE pid 0xa2d n 0xe thread 0x3403 thread  using Baseline0x3403 state-kr 0x0 with Baseline pc  into 5760x90024407 bytes in 0.293208 ms.
   3.993  leaf semaphore_wait_signal_trap+0x7 frames: 0x90024407 0x364de 0x90023d67
   3.993 TIGER-SAMPLE pid 0xa2d n 0xe thread 0x5103 thread 0x5103 state-kr 0x0 pc 0x900bc3fcOptimized Rb#CezSDa:[0x14e7f18a0->0x14d1f7900, LLIntFunctionCall, 58] leaf poll+0xc frames: 0x900bc3fc 0x2cd134 0x313210b 0x319b321 0x90023d67
   3.994 TIGER-SAMPLE pid 0xa2d n 0xe thread 0x5203 thread 0x5203 state-kr 0x0 pc  using Baseline with 0x90024407Baseline into 928 bytes in 0.263438 ms.
   3.994  leaf semaphore_wait_signal_trap+0x7 frames: 0x90024407 0x364de 0x90023d67
   3.994 TIGER-SAMPLE pid 0xa2d n 0xe thread 0x5503 thread 0x5503 state-kr 0x0 pc 0x900bc3fc leaf poll+0xc frames: 0x900bc3fc 0x2cd134 0x313210b 0x319b321 0x90023d67
   3.994 TIGER-SAMPLE pid 0xa2d n 0xe thread 0x5603 thread 0x5603 state-kr 0x0 pc 0x90024407 leaf semaphore_wait_signal_trap+0x7 frames: 0x90024407 0x364de 0x90023d67
   3.995 TIGER-SAMPLE pid 0xa2d n 0xe thread 0x5c07 thread 0x5c07 state-kr 0x0 pc 0x900265fc leaf recvmsg+0xc frames: 0x900265fc 0x2cc6bb 0x2cd134 0x313210b 0x319b321 0x90023d67
   3.995 TIGER-SAMPLE pid 0xa2d n 0xe thread 0x5e07 thread 0x5e07 state-kr 0x0 pc 0x90024407 leaf semaphore_wait_signal_trap+0x7 frames: 0x90024407 0x915a96ab 0x915c3ddc 0x90023d67
   4.000 Optimized Jb#D6YAm5:[0x14dcdbc80->0x14d1f7580, LLIntFunctionCall, 131] using Baseline with Baseline into 2656 bytes in 0.196982 ms.
   4.000 Optimized Kb#BdEeiQ:[0x14e6e0fe0->0x14e5bfc80, LLIntFunctionConstruct, 27] using Baseline with Baseline into 960 bytes in 0.069107 ms.
   4.001 Optimized #DUpwRc:[0x14dcdb740->0x14e5ce200, LLIntFunctionCall, 359] using Baseline with Baseline into 5920 bytes in 0.230432 ms.
   4.001 Optimized #EO72cp:[0x14e763200->0x14e5c4c00, LLIntFunctionCall, 47] using Baseline with Baseline into 896 bytes in 0.269574 ms.
   4.002 Optimized Hf#DvdjyE:[0x14e091de0->0x14d4a32e0->0x14ddd0500, NoneFunctionCall, 109] using DFG with DFG into 736 bytes in 1.395188 ms.
   4.003 Optimized sh#AQ4lrA:[0x14e091ec0->0x14dcf0560->0x14ddd1f80, NoneFunctionCall, 38] using DFG with DFG into 1056 bytes in 1.045228 ms.
   4.005 Optimized oa#Cwf27B:[0x14ed6f580->0x10befde80, LLIntFunctionCall, 52 (StrictMode)] using Baseline with Baseline into 768 bytes in 0.122136 ms.
   4.006 Optimized oo#ATFfFL:[0x14d8ca940->0x10befdf00, LLIntFunctionCall, 71 (StrictMode)] using Baseline with Baseline into 800 bytes in 0.070196 ms.
   4.007 Optimized os#BIMSoZ:[0x14d987900->0x10befe080, LLIntFunctionCall, 475 (StrictMode)] using Baseline with Baseline into 6208 bytes in 0.249499 ms.
   4.009 Optimized #BMW37y:[0x14d4873c0->0x10bf05e00, LLIntFunctionCall, 31 (StrictMode)] using Baseline with Baseline into 544 bytes in 0.132717 ms.
   4.009 Optimized #BX9AfT:[0x14d45f900->0x10bea5e80, LLIntFunctionCall, 40 (StrictMode)] using Baseline with Baseline into 736 bytes in 0.077404 ms.
   4.009 Optimized od#CSBVJi:[0x14d45f9e0->0x10befe200, LLIntFunctionCall, 44 (StrictMode)] using Baseline with Baseline into 576 bytes in 0.076787 ms.
   4.010 Optimized om#D31bXe:[0x14d45fac0->0x10befe300, LLIntFunctionCall, 209 (StrictMode)] using Baseline with Baseline into 3360 bytes in 0.146897 ms.
   4.010 Optimized #BGAXKM:[0x14d45caa0->0x14ed81d80, LLIntFunctionCall, 880 (StrictMode)] using Baseline with Baseline into 9376 bytes in 1.418722 ms.
   4.012 Optimized o#CDadLi:[0x14e0926a0->0x14ed6fc80->0x10bf07300, NoneFunctionCall, 50 (StrictMode)] using DFG with DFG into 448 bytes in 0.742281 ms.
   4.013 Optimized a$#Cg2REJ:[0x14e092780->0x14d45c9c0->0x10befd300, NoneFunctionCall, 91 (StrictMode)] using DFG with DFG into 896 bytes in 1.060918 ms.
   4.014 Optimized lP#AHtp3C:[0x14d987c80->0x10bee6e00, LLIntFunctionCall, 560 (StrictMode)] using Baseline with Baseline into 5376 bytes in 0.225112 ms.
   4.015 Optimized P#CvXrQI:[0x14ed6e080->0x10bf05c00, LLIntFunctionCall, 77 (StrictMode)] using Baseline with Baseline into 832 bytes in 0.128602 ms.
   4.015 Optimized l#CtlmLW:[0x14d987e40->0x10bf07200, LLIntFunctionCall, 44 (StrictMode)] using Baseline with Baseline into 832 bytes in 0.067303 ms.
   4.016 Optimized lv#Dsb98p:[0x14dc401e0->0x10bee6980, LLIntFunctionCall, 93 (StrictMode)] using Baseline with Baseline into 1984 bytes in 0.138291 ms.
   4.016 Optimized get#EFEzLz:[0x14d0a1de0->0x10bfbab00, LLIntFunctionCall, 19 (StrictMode)] using Baseline with Baseline into 256 bytes in 0.054757 ms.
   4.017 Optimized r#Ao0Xt4:[0x14d0a1ec0->0x10bfbaa80, LLIntFunctionCall, 221 (StrictMode)] using Baseline with Baseline into 4416 bytes in 0.194406 ms.
   4.017 Optimized get#Bs9VKW:[0x14d4849c0->0x10bfbab80, LLIntFunctionCall, 21 (StrictMode)] using Baseline with Baseline into 288 bytes in 0.056336 ms.
   4.017 Optimized o#BZHdGt:[0x14d484c60->0x10bfbac00, LLIntFunctionCall, 162 (StrictMode)] using Baseline with Baseline into 1920 bytes in 0.127363 ms.
   4.017 Optimized #Cz3vvF:[0x14d5f5360->0x10bea6480, LLIntFunctionCall, 40 (StrictMode)] using Baseline with Baseline into 736 bytes in 0.078040 ms.
   4.018 Optimized l2#EMQLen:[0x14dc40480->0x10bee7c80, LLIntFunctionCall, 32 (StrictMode)] using Baseline with Baseline into 480 bytes in 0.053373 ms.
   4.019 Optimized oc#BIsEab:[0x14d9879e0->0x10befe100, LLIntFunctionCall, 71 (StrictMode)] using Baseline with Baseline into 1280 bytes in 0.104492 ms.
   4.020 Optimized oe#ARrzvh:[0x14e092940->0x14ed6ee80->0x10befdd80, NoneFunctionCall, 70 (StrictMode)] using DFG with DFG into 864 bytes in 1.855494 ms.
   4.021 Optimized u9#DE7di9:[0x14e092a20->0x14ed6f200->0x10bf01e00, NoneFunctionCall, 39 (StrictMode)] using DFG with DFG into 896 bytes in 0.807830 ms.
   4.023 Optimized ik#COlYR1:[0x14e092b00->0x14d45d360->0x10befff00, NoneFunctionCall, 276 (StrictMode)] using DFG with DFG into 1600 bytes in 2.051343 ms.
   4.026 Optimized iu#EgkqBA:[0x14e092cc0->0x14ed6e940->0x10beff980, NoneFunctionCall, 384 (StrictMode)] using DFG with DFG into 2688 bytes in 2.767284 ms.
   4.027 Optimized #BMW37y:[0x14e092da0->0x14d4873c0->0x10bf05e00, NoneFunctionCall, 31 (StrictMode)] using DFG with DFG into 352 bytes in 0.473378 ms.
   4.029 Optimized isAbsoluteUrl#Bs9VKW:[0x14d8c8b80->0x10bfb9900, LLIntFunctionCall, 21 (StrictMode)] using Baseline with Baseline into 288 bytes in 0.080802 ms.
   4.030 Optimized l3#EWXRH4:[0x14dc40720->0x10bee7d80, LLIntFunctionCall, 255 (StrictMode)] using Baseline with Baseline into 2528 bytes in 0.150676 ms.
   4.030 Optimized o#BZYn5E:[0x14d8c8c60->0x10bfb9b80, LLIntFunctionCall, 39 (StrictMode)] using Baseline with Baseline into 672 bytes in 0.096686 ms.
   4.031 Optimized #Cbib9Z:[0x14e092e80->0x14d45f120->0x10bea6400, NoneFunctionCall, 40 (StrictMode)] using DFG with DFG into 512 bytes in 0.685178 ms.
   4.032 Optimized ou#AnF1YR:[0x14dc402c0->0x10befe000, LLIntFunctionCall, 455 (StrictMode)] using Baseline with Baseline into 7584 bytes in 1.579017 ms.
   4.035 Optimized K#D53X5y:[0x14e093580->0x14ed6f040->0x10bea6c80, NoneFunctionCall, 67 (StrictMode)] using DFG with DFG into 768 bytes in 0.716271 ms.
   4.036 Optimized P#CvXrQI:[0x14e093660->0x14ed6e080->0x10bf05c00, NoneFunctionCall, 77 (StrictMode)] using DFG with DFG into 448 bytes in 0.873263 ms.
   4.052 Optimized r#A5UZy5:[0x14ed6dfa0->0x10bf05980, LLIntFunctionCall, 23 (StrictMode)] using Baseline with Baseline into 640 bytes in 0.123935 ms.
   4.053 Optimized get#Cav8pp:[0x14d45e080->0x10bf07900, LLIntFunctionCall, 21 (StrictMode)] using Baseline with Baseline into 256 bytes in 0.059524 ms.
   4.053 Optimized #AaLKON:[0x14d8c9b40->0x14d8ccc80, LLIntFunctionCall, 25 (StrictMode)] using Baseline with Baseline into 512 bytes in 0.065339 ms.
   4.054 Optimized aV#DWnNgS:[0x14d5f7ba0->0x10befd380, LLIntFunctionCall, 420 (StrictMode)] using Baseline with Baseline into 4320 bytes in 0.264201 ms.
   4.055 Optimized of#AILPhl:[0x14e093e40->0x14ed6fe40->0x10befe180, NoneFunctionCall, 52 (StrictMode)] using DFG with DFG into 544 bytes in 0.785108 ms.
   4.056 Optimized #BctAue:[0x14d45f660->0x14d0a6400, LLIntFunctionCall, 40 (StrictMode)] using Baseline with Baseline into 768 bytes in 0.226446 ms.
   4.056 Optimized ru#Bigvf6:[0x14d45cd40->0x10bee5880, LLIntFunctionCall, 183 (StrictMode)] using Baseline with Baseline into 1760 bytes in 0.114121 ms.
   4.057 Optimized #ElhUWf:[0x14e093f20->0x14d8c9360->0x14d8cc680, NoneFunctionCall, 9 (StrictMode)] using DFG with DFG into 320 bytes in 0.406722 ms.
   4.057 Optimized lx#BJ8IUv:[0x14e1402c0->0x14d45c8e0->0x10bee6c00, NoneFunctionCall, 38 (StrictMode)] using DFG with DFG into 256 bytes in 0.488050 ms.
   4.061 Optimized et#Cjd87S:[0x14e1403a0->0x14d5f5980->0x10bea6e00, NoneFunctionCall, 191 (StrictMode)] using DFG with DFG into 1920 bytes in 3.545534 ms.
   4.085 Optimized eC#CmqJAO:[0x14d487740->0x10bea6f80, LLIntFunctionCall, 71 (StrictMode)] using Baseline with Baseline into 1664 bytes in 0.165329 ms.
   4.085 Optimized e_#DPchG2:[0x14d487660->0x10bea7000, LLIntFunctionCall, 419 (StrictMode)] using Baseline with Baseline into 5376 bytes in 0.749955 ms.
   4.091 Optimized rk#EQLEaB:[0x14e141360->0x14d5f5d00->0x10bee5b80, NoneFunctionCall, 160 (StrictMode)] using DFG with DFG into 1184 bytes in 1.315239 ms.
   4.093 Optimized uu#CpzNVb:[0x14e141440->0x14d45d0c0->0x10bf00a80, NoneFunctionCall, 222 (StrictMode)] using DFG with DFG into 1504 bytes in 1.654933 ms.
   4.094 Optimized o#DNfjJi:[0x14d5f4720->0x14d183100, LLIntFunctionCall, 453 (StrictMode)] using Baseline with Baseline into 7072 bytes in 0.323464 ms.
   4.094 Optimized #D8jnqe:[0x14ed6cfe0->0x14d183000, LLIntFunctionCall, 19 (StrictMode)] using Baseline with Baseline into 256 bytes in 0.048266 ms.
   4.095 Optimized l#EH7VHu:[0x14e1417c0->0x14d45c720->0x10bf03f80, NoneFunctionCall, 31 (StrictMode)] using DFG with DFG into 448 bytes in 0.517539 ms.
   4.097 Optimized lH#EH6eqd:[0x14d5f5520->0x10bee7500, LLIntFunctionCall, 218 (StrictMode)] using Baseline with Baseline into 3424 bytes in 0.134190 ms.
   4.098 Optimized su#BhBJ7z:[0x14e1418a0->0x14ed6f740->0x10bf02080, NoneFunctionCall, 73 (StrictMode)] using DFG with DFG into 1376 bytes in 1.041559 ms.
   4.099 Optimized useState#B5c7ap:[0x14d5f5440->0x10bf04500, LLIntFunctionCall, 107 (StrictMode)] using Baseline with Baseline into 1280 bytes in 2.353539 ms.
   4.102 TIGER-SAMPLE pid 0xa31 n 0xd main 0xd03 thread 0xd03 state-kr 0x0 pc 0x109895e22 leaf __semwait_signal+0xa frames: 0x109895e22 0x10409ca17 0x103fcd562 0x10409fb49 0x10409ec36 0x10409e819 0x10004a16b 0x10000154c 0x100001461 0x3
   4.102 TIGER-SAMPLE pid 0xa31 n 0xd thread 0xf03 thread 0xf03 state-kr 0x0 pc 0x1098dfe4e leaf mach_msg_trap+0xa frames: 0x1098dfe4e 0x100327902 0x109891e9e
   4.102 TIGER-SAMPLE pid 0xa31 n 0xd thread 0x1103 thread 0x1103 state-kr 0x0 pc 0x109895e22 leaf __semwait_signal+0xa frames: 0x109895e22 0x10409c9d5 0x103fcd562 0x10409fb49 0x10409ec36 0x10409e819 0x104033bfe 0x10409c3f9 0x109891e9e
   4.103 TIGER-SAMPLE pid 0xa31 n 0xd thread 0x2303 thread 0x2303 state-kr 0x0 pc 0x1098467e6 leaf poll+0xa frames: 0x1098467e6 0x104033bfe 0x10409c3f9 0x109891e9e
   4.103 TIGER-SAMPLE pid 0xa31 n 0xd thread 0x2407 thread 0x2407 state-kr 0x0 pc 0x109895e22 leaf __semwait_signal+0xa frames: 0x109895e22 0x10409c9d5 0x103fcd562 0x10409fb49 0x10409ec36 0x10409e819 0x104033bfe 0x10409c3f9 0x109891e9e
   4.103 TIGER-SAMPLE pid 0xa31 n 0xd thread 0x2503 thread 0x2503 state-kr 0x0 pc 0x109895e22 leaf __semwait_signal+0xa frames: 0x109895e22 0x10409c9d5 0x103fcd562 0x10409fb49 0x10409ec36 0x10409e819 0x104033bfe 0x10409c3f9 0x109891e9e
   4.103 TIGER-SAMPLE pid 0xa31 n 0xd thread 0x2603 thread 0x2603 state-kr 0x0 pc 0x109895e22 leaf __semwait_signal+0xa frames: 0x109895e22 0x10409c9d5 0x103fcd562 0x10409fb49 0x10409ec36 0x10409e819 0x104033bfe 0x10409c3f9 0x109891e9e
   4.104 TIGER-SAMPLE pid 0xa31 n 0xd thread 0x2703 thread 0x2703 state-kr 0x0 pc 0x109895e22 leaf __semwait_signal+0xa frames: 0x109895e22 0x10409c9d5 0x103fcd562 0x10409fb49 0x10409ec36 0x10409e819 0x104033bfe 0x10409c3f9 0x109891e9e
   4.104 TIGER-SAMPLE pid 0xa31 n 0xd thread 0x2903 thread 0x2903 state-kr 0x0 pc 0x109895e22 leaf __semwait_signal+0xa frames: 0x109895e22 0x10409c9d5 0x103fcd562 0x10409fb49 0x10409ec36 0x10409e819 0x104033bfe 0x10409c3f9 0x109891e9e
   4.104 TIGER-SAMPLE pid 0xa31 n 0xd thread 0x2a03 thread 0x2a03 state-kr 0x0 pc 0x1098467e6 leaf poll+0xa frames: 0x1098467e6 0x104033bfe 0x10409c3f9 0x109891e9e
   4.104 TIGER-SAMPLE pid 0xa31 n 0xd thread 0x2b03 thread 0x2b03 state-kr 0x0 pc 0x1098467e6 leaf poll+0xa frames: 0x1098467e6 0x104388627 0x1043887ea 0x101f32ba7 0x101f3e971 0x104033bfe 0x10409c3f9 0x109891e9e
   4.108 Optimized rw#BNMFiN:[0x14e141980->0x14d5f5c20->0x10bee5c00, NoneFunctionCall, 565 (StrictMode)] using DFG with DFG into 6720 bytes in 9.699104 ms.
   4.109 Optimized ii#ETfP73:[0x14e141a60->0x14ed6fac0->0x10beff900, NoneFunctionCall, 27 (StrictMode)] using DFG with DFG into 544 bytes in 0.545033 ms.
   4.111 Optimized lb#EKndvV:[0x14e141b40->0x14ed6ff20->0x10bee6a00, NoneFunctionCall, 245 (StrictMode)] using DFG with DFG into 1216 bytes in 1.523453 ms.
   4.123 Optimized #CkeHCg:[0x14e092160->0x14e01e600, LLIntFunctionCall, 134 (StrictMode)] using Baseline with Baseline into 1184 bytes in 0.101584 ms.
   4.125 Optimized filter#DeKsZT:[0x14e763ac0->0x10bc70bd8, LLIntFunctionCall, 120 (StrictMode)] using Baseline with Baseline into 2080 bytes in 0.159343 ms.
   4.128 Optimized rs#DounXw:[0x14e141de0->0x14d45ce20->0x10bee5900, NoneFunctionCall, 586 (StrictMode)] using DFG with DFG into 2528 bytes in 2.707028 ms.
   4.131 Optimized uN#B2Pca8:[0x14d4874a0->0x10bf01200, LLIntFunctionCall, 653 (StrictMode)] using Baseline with Baseline into 8032 bytes in 0.389815 ms.
   4.134 Optimized #BlaOI8:[0x14d487580->0x14d1f6880, LLIntFunctionCall, 24 (StrictMode)] using Baseline with Baseline into 960 bytes in 0.108466 ms.
   4.135 Optimized u7#BzaWd7:[0x14e142940->0x14d5f5a60->0x10bf01e80, NoneFunctionCall, 95 (StrictMode)] using DFG with DFG into 2240 bytes in 1.104536 ms.
   4.136 Optimized #BctAue:[0x14e142a20->0x14d45f660->0x14d0a6400, NoneFunctionCall, 40 (StrictMode)] using DFG with DFG into 544 bytes in 0.575844 ms.
   4.140 Optimized lT#Ccn7bh:[0x14e142b00->0x14d45f740->0x10bee6f80, NoneFunctionCall, 356 (StrictMode)] using DFG with DFG into 3776 bytes in 3.476447 ms.
   4.141 Optimized q#DpkaUq:[0x14e142be0->0x14ed6f2e0->0x10bea6c00, NoneFunctionCall, 135 (StrictMode)] using DFG with DFG into 640 bytes in 0.867499 ms.
   4.146 Optimized l#DRlu3k:[0x14e142cc0->0x14d1adc20->0x10bea4800, NoneFunctionCall, 237 (StrictMode)] using DFG with DFG into 2592 bytes in 1.986291 ms.
   4.147 Optimized w#B8mhdH:[0x14ed6dec0->0x10bf05b00, LLIntFunctionCall, 250 (StrictMode)] using Baseline with Baseline into 2144 bytes in 0.145238 ms.
   4.148 Optimized o#CWpmHK:[0x14d1afac0->0x10bf07a80, LLIntFunctionCall, 122 (StrictMode)] using Baseline with Baseline into 1504 bytes in 0.183123 ms.
   4.148 Optimized isInterceptionRouteAppPath#Bs9VKW:[0x14d1afba0->0x10bf07e00, LLIntFunctionCall, 19 (StrictMode)] using Baseline with Baseline into 256 bytes in 0.047659 ms.
   4.149 Optimized o#B2PpWj:[0x14d1afc80->0x10bf07b80, LLIntFunctionCall, 43 (StrictMode)] using Baseline with Baseline into 832 bytes in 0.073439 ms.
   4.150 Optimized get#Bs9VKW:[0x14d1af9e0->0x10bf07b00, LLIntFunctionCall, 19 (StrictMode)] using Baseline with Baseline into 256 bytes in 0.052687 ms.
   4.155 Optimized aY#AeoXvj:[0x14e143120->0x14ed6fd60->0x10befd680, NoneFunctionCall, 280 (StrictMode)] using DFG with DFG into 2016 bytes in 3.335013 ms.
   4.192 TIGER-SAMPLE pid 0xa30 n 0xd main 0xd03 thread 0xd03 state-kr 0x0 pc 0x109ae0652 leaf syscall+0xa frames: 0x109ae0652 0x10002c1e3 0x1041bed8f 0x103571cc4 0x103524e6c 0x10356f507 0x103933dc7 0x1031a0e02 0x10d095976 0x10d0cc414 0x10d17fd38 0x1049eae28 0x1049e9ca8 0x1049eae28 0x10d00a87e 0x1049e9ca8 0x1049c87c4 0x103647679 0x1037cee04 0x100be8d40 0x101702c86 0x1016f9017 0x1017028b6 0x101726436 0x1016fd7be 0x1017c4ec4 0x1017ca904 0x10261d22f 0x1042a3247 0x100046488 0x100001d0c 0x100001c21 0x3
   4.192 TIGER-SAMPLE pid 0xa30 n 0xd thread 0xf03 thread 0xf03 state-kr 0x0 pc 0x109adfe4e leaf mach_msg_trap+0xa frames: 0x109adfe4e 0x10045c512 0x109a91e9e
   4.193 TIGER-SAMPLE pid 0xa30 n 0xd thread 0x1103 thread 0x1103 state-kr 0x0 pc 0x109a95e22 leaf __semwait_signal+0xa frames: 0x109a95e22 0x1042a12e5 0x1041d56a2 0x1042a4329 0x1042a34a6 0x1042a3089 0x10423ab3e 0x1042a0d09 0x109a91e9e
   4.193 TIGER-SAMPLE pid 0xa30 n 0xd thread 0x2303 thread 0x2303 state-kr 0x0 pc 0x109a95e22 leaf __semwait_signal+0xa frames: 0x109a95e22 0x1042a12e5 0x1041d56a2 0x1042a4329 0x1042a34a6 0x1042a3089 0x10423ab3e 0x1042a0d09 0x109a91e9e
   4.193 TIGER-SAMPLE pid 0xa30 n 0xd thread 0x2403 thread 0x2403 state-kr 0x0 pc 0x109a95e22 leaf __semwait_signal+0xa frames: 0x109a95e22 0x1042a12e5 0x1041d56a2 0x1042a4329 0x1042a34a6 0x1042a3089 0x10423ab3e 0x1042a0d09 0x109a91e9e
   4.193 TIGER-SAMPLE pid 0xa30 n 0xd thread 0x2503 thread 0x2503 state-kr 0x0 pc 0x109a467e6 leaf poll+0xa frames: 0x109a467e6 0x10423ab3e 0x1042a0d09 0x109a91e9e
   4.194 TIGER-SAMPLE pid 0xa30 n 0xd thread 0x2603 thread 0x2603 state-kr 0x0 pc 0x109a95e22 leaf __semwait_signal+0xa frames: 0x109a95e22 0x1042a12e5 0x1041d56a2 0x1042a4329 0x1042a34a6 0x1042a3089 0x10423ab3e 0x1042a0d09 0x109a91e9e
   4.194 TIGER-SAMPLE pid 0xa30 n 0xd thread 0x2703 thread 0x2703 state-kr 0x0 pc 0x109a467e6 leaf poll+0xa frames: 0x109a467e6 0x10423ab3e 0x1042a0d09 0x109a91e9e
   4.194 TIGER-SAMPLE pid 0xa30 n 0xd thread 0x2807 thread 0x2807 state-kr 0x0 pc 0x109a95e22 leaf __semwait_signal+0xa frames: 0x109a95e22 0x1042a12e5 0x1041d56a2 0x1042a4329 0x1042a34a6 0x1042a3089 0x10423ab3e 0x1042a0d09 0x109a91e9e
   4.194 TIGER-SAMPLE pid 0xa30 n 0xd thread 0x2903 thread 0x2903 state-kr 0x0 pc 0x109a95e22 leaf __semwait_signal+0xa frames: 0x109a95e22 0x1042a12e5 0x1041d56a2 0x1042a4329 0x1042a34a6 0x1042a3089 0x10423ab3e 0x1042a0d09 0x109a91e9e
   4.194 TIGER-SAMPLE pid 0xa30 n 0xd thread 0x2a03 thread 0x2a03 state-kr 0x0 pc 0x109a95e22 leaf __semwait_signal+0xa frames: 0x109a95e22 0x1042a12e5 0x1041d56a2 0x1042a4329 0x1042a34a6 0x1042a3089 0x10423ab3e 0x1042a0d09 0x109a91e9e
   4.217 Optimized #Cbyd5A:[0x14e143660->0x14d45d1a0->0x14ed82080, NoneFunctionCall, 5853 (StrictMode)] using DFG with DFG into 12032 bytes in 31.243016 ms.
   4.219 Optimized #CA7NkG:[0x14e143740->0x14ed6f820->0x10bf07700, NoneFunctionCall, 195 (StrictMode)] using DFG with DFG into 736 bytes in 1.631153 ms.
   4.221 Optimized ru#Bigvf6:[0x14e143820->0x14d45cd40->0x10bee5880, NoneFunctionCall, 183 (StrictMode)] using DFG with DFG into 960 bytes in 0.901524 ms.
   4.221 TIGER-SAMPLE pid 0xa30 n 0xd thread 0x2b03 thread 0x2b03 state-kr 0x0 pc 0x109a46712 leaf recvmsg+0xa frames: 0x109a46712 0x10045e43e 0x10423ab3e 0x1042a0d09 0x109a91e9e
   4.221 TIGER-SAMPLE pid 0xa30 n 0xd thread 0x2c03 thread 0x2c03 state-kr 0x0 pc 0x109a95e22 leaf __semwait_signal+0xa frames: 0x109a95e22 0x1042a12e5 0x1041d56a2 0x1042a4329 0x1042a34a6 0x1042a3089 0x10423ab3e 0x1042a0d09 0x109a91e9e
   4.230 TIGER-SAMPLE pid 0xa30 n 0xd thread 0x2d03 thread 0x2d03 state-kr 0x0 pc 0x109adb29f leaf free+0x0 frames: 0x109adb29f 0x10045e43e 0x10423ab3e 0x1042a0d09 0x109a91e9e
   4.230 TIGER-SAMPLE pid 0xa30 n 0xd thread 0x4103 thread 0x4103 state-kr 0x0 pc 0x109a95e22 leaf __semwait_signal+0xa frames: 0x109a95e22 0x1042a1327 0x1041d56a2 0x1041b2277 0x10423ab3e 0x1042a0d09 0x109a91e9e
   4.230 TIGER-SAMPLE pid 0xa30 n 0xd thread 0x4203 thread 0x4203 state-kr 0x0 pc 0x109a95e22 leaf __semwait_signal+0xa frames: 0x109a95e22 0x1042a1327 0x1041d56a2 0x1041b2277 0x10423ab3e 0x1042a0d09 0x109a91e9e
   4.243 Optimized im#CTK6Jz:[0x14d8caa20->0x10beffc00, LLIntFunctionCall, 44 (StrictMode)] using Baseline with Baseline into 672 bytes in 0.098767 ms.
   4.244 Optimized u_#DnY6iT:[0x14d486b00->0x10bf01080, LLIntFunctionCall, 234 (StrictMode)] using Baseline with Baseline into 2432 bytes in 0.134597 ms.
   4.245 Optimized #A3c227:[0x14d8cab00->0x14ed81c80, LLIntFunctionCall, 102 (StrictMode)] using Baseline with Baseline into 2464 bytes in 0.124306 ms.
   4.246 TIGER-SAMPLE pid 0xa2d n 0xf main 0x117 thread 0x117 state-kr 0x0 pc 0x90009817 leaf mach_msg_trap+0x7 frames: 0x90009817 0x9082d227 0x9082ca42 0x92e06878 0x92e05f82 0x92e05dd9 0x9328cf45 0x9328cb37 0x932868c4 0x8af6 0x82f2 0x8219 0x5
   4.246 TIGER-SAMPLE pid 0xa2d n 0xf thread 0x1203 thread 0x1203 state-kr 0x0 pc 0x90009817 leaf mach_msg_trap+0x7 frames: 0x90009817 0x2ca6d8 0x90023d67
   4.246 TIGER-SAMPLE pid 0xa2d n 0xf thread 0x3207 thread 0x3207 state-kr 0x0 pc 0x90024407 leaf semaphore_wait_signal_trap+0x7 frames: 0x90024407 0x364de 0x90023d67
   4.246 TIGER-SAMPLE pid 0xa2d n 0xf thread 0x3403 thread 0x3403 state-kr 0x0 pc 0x90024407 leaf semaphore_wait_signal_trap+0x7 frames: 0x90024407 0x364de 0x90023d67
   4.247 TIGER-SAMPLE pid 0xa2d n 0xf thread 0x5103 thread 0x5103 state-kr 0x0 pc 0x900bc3fc leaf poll+0xc frames: 0x900bc3fc 0x2cd134 0x313210b 0x319b321 0x90023d67
   4.247 TIGER-SAMPLE pid 0xa2d n 0xf thread 0x5203 thread 0x5203 state-kr 0x0 pc 0x90024407 leaf semaphore_wait_signal_trap+0x7 frames: 0x90024407 0x364de 0x90023d67
   4.247 TIGER-SAMPLE pid 0xa2d n 0xf thread 0x5503 thread 0x5503 state-kr 0x0 pc 0x900bc3fc leaf poll+0xc frames: 0x900bc3fc 0x2cd134 0x313210b 0x319b321 0x90023d67
   4.248 TIGER-SAMPLE pid 0xa2d n 0xf thread 0x5603 thread 0x5603 state-kr 0x0 pc 0x90024407 leaf semaphore_wait_signal_trap+0x7 frames: 0x90024407 0x364de 0x90023d67
   4.248 TIGER-SAMPLE pid 0xa2d n 0xf thread 0x5c07 thread 0x5c07 state-kr 0x0 pc 0x900265fc leaf recvmsg+0xc frames: 0x900265fc 0x2cc6bb 0x2cd134 0x313210b 0x319b321 0x90023d67
   4.248 TIGER-SAMPLE pid 0xa2d n 0xf thread 0x5e07 thread 0x5e07 state-kr 0x0 pc 0x90024407 leaf semaphore_wait_signal_trap+0x7 frames: 0x90024407 0x915a96ab 0x915c3ddc 0x90023d67
   4.251 Optimized ud#DDmdKl:[0x14ed6e240->0x10bf00c80, LLIntFunctionCall, 768 (StrictMode)] using Baseline with Baseline into 7040 bytes in 0.501705 ms.
   4.265 Optimized useRef#DGCGlv:[0x14e143c80->0x14d45f200->0x10bf04480, NoneFunctionCall, 48 (StrictMode)] using DFG with DFG into 736 bytes in 0.723935 ms.
   4.266 Optimized #D9ohoq:[0x14e143d60->0x14d45fba0->0x10bea6000, NoneFunctionCall, 43 (StrictMode)] using DFG with DFG into 544 bytes in 0.600797 ms.
   4.267 Optimized eP#BNNM4H:[0x14ed6e400->0x10bea7080, LLIntFunctionCall, 51 (StrictMode)] using Baseline with Baseline into 928 bytes in 0.095614 ms.
   4.270 Optimized #D8jnqe:[0x14f0142c0->0x14ed6cfe0->0x14d183000, NoneFunctionCall, 19 (StrictMode)] using DFG with DFG into 224 bytes in 0.376863 ms.
   4.271 Optimized uj#COTuf7:[0x14d8c9fa0->0x10bf01580, LLIntFunctionCall, 161 (StrictMode)] using Baseline with Baseline into 1792 bytes in 0.158195 ms.
   4.272 Optimized uP#CfWlMB:[0x14d487c80->0x10bf01100, LLIntFunctionCall, 450 (StrictMode)] using Baseline with Baseline into 4864 bytes in 0.246516 ms.
   4.273 Optimized aK#C5VFWs:[0x14f0143a0->0x14d45ee80->0x10befd600, NoneFunctionCall, 142 (StrictMode)] using DFG with DFG into 1056 bytes in 1.639564 ms.
   4.275 Optimized en#Dqpoi1:[0x14f014480->0x14d5f5b40->0x10bea6e80, NoneFunctionCall, 204 (StrictMode)] using DFG with DFG into 864 bytes in 1.031945 ms.
   4.277 Optimized n#Bcnp6x:[0x14d484800->0x10bfcd500, LLIntFunctionCall, 109 (StrictMode)] using Baseline with Baseline into 2080 bytes in 0.162356 ms.
   4.278 Optimized o#Elo5F7:[0x14d4848e0->0x10bfba880, LLIntFunctionCall, 76 (StrictMode)] using Baseline with Baseline into 1024 bytes in 0.094386 ms.
   4.278 Optimized get#D2wQTJ:[0x14d484aa0->0x10bfbaa00, LLIntFunctionCall, 19 (StrictMode)] using Baseline with Baseline into 256 bytes in 0.042522 ms.
   4.279 Optimized a#A3kHy2:[0x14d484b80->0x10bfba980, LLIntFunctionCall, 137 (StrictMode)] using Baseline with Baseline into 1760 bytes in 0.115604 ms.
   4.279 Optimized get#Bs9VKW:[0x14d484640->0x10bfba900, LLIntFunctionCall, 19 (StrictMode)] using Baseline with Baseline into 256 bytes in 1.670847 ms.
   4.284 Optimized i4#Bb4uO3:[0x14ed6e320->0x10bf00300, LLIntFunctionCall, 1562 (StrictMode)] using Baseline with Baseline into 14240 bytes in 0.549945 ms.
   4.286 Optimized #ABwxBP:[0x14f0148e0->0x14d5f4800->0x14ed81e80, NoneFunctionCall, 239 (StrictMode)] using DFG with DFG into 1216 bytes in 1.877795 ms.
   4.287 Optimized a#AFebjo:[0x14f0149c0->0x14d45cc60->0x10bf07280, NoneFunctionCall, 123 (StrictMode)] using DFG with DFG into 704 bytes in 1.163203 ms.
   4.288 Optimized n#BsJMHm:[0x14f014aa0->0x14d45cfe0->0x10bf07100, NoneFunctionCall, 67 (StrictMode)] using DFG with DFG into 608 bytes in 0.583755 ms.
   4.292 Optimized #BtZlm9:[0x14f014b80->0x14d5f58a0->0x14ed81c00, NoneFunctionCall, 656 (StrictMode)] using DFG with DFG into 2528 bytes in 3.614632 ms.
   4.308 Optimized o#CiiLzU:[0x14d8c8aa0->0x14d091880, LLIntFunctionCall, 182 (StrictMode)] using Baseline with Baseline into 2336 bytes in 0.145689 ms.
   4.308 Optimized get#Bs9VKW:[0x14d8c8f00->0x14d183a00, LLIntFunctionCall, 19 (StrictMode)] using Baseline with Baseline into 256 bytes in 0.046141 ms.
   4.309 Optimized o#BYsMDI:[0x14d8c8fe0->0x14d183900, LLIntFunctionCall, 188 (StrictMode)] using Baseline with Baseline into 2336 bytes in 0.146396 ms.
   4.309 Optimized get#B1amzl:[0x14d8c8800->0x14d091700, LLIntFunctionCall, 19 (StrictMode)] using Baseline with Baseline into 256 bytes in 0.045744 ms.
   4.310 Optimized f#BgDQs9:[0x14d8c88e0->0x14d091680, LLIntFunctionCall, 939 (StrictMode)] using Baseline with Baseline into 12576 bytes in 0.412050 ms.
   4.310 Optimized get#Bs9VKW:[0x14d8c89c0->0x14d091900, LLIntFunctionCall, 19 (StrictMode)] using Baseline with Baseline into 256 bytes in 0.992081 ms.
   4.311 Optimized #Cu40DP:[0x14f014d40->0x14d5f72e0->0x10bea5e00, NoneFunctionCall, 43 (StrictMode)] using DFG with DFG into 544 bytes in 0.721269 ms.
   4.311 Optimized isDynamicRoute#EoXaU3:[0x14d45f3c0->0x10bfeb100, LLIntFunctionCall, 27 (StrictMode)] using Baseline with Baseline into 384 bytes in 0.062777 ms.
   4.311 Optimized get#Cav8pp:[0x14d484720->0x10bfcd480, LLIntFunctionCall, 21 (StrictMode)] using Baseline with Baseline into 288 bytes in 0.050010 ms.
   4.312 Optimized ut#BydSno:[0x14ed6e5c0->0x10bf00700, LLIntFunctionCall, 88 (StrictMode)] using Baseline with Baseline into 704 bytes in 0.074406 ms.
   4.312 Optimized un#D7HPcY:[0x14ed6e6a0->0x10bf00780, LLIntFunctionCall, 63 (StrictMode)] using Baseline with Baseline into 608 bytes in 0.061845 ms.
   4.313 Optimized uz#EiDuhV:[0x14d4872e0->0x10bf01180, LLIntFunctionCall, 408 (StrictMode)] using Baseline with Baseline into 4800 bytes in 0.211800 ms.
   4.313 Optimized #CqGH67:[0x14d8c8720->0x14ed83d00, LLIntFunctionCall, 455 (StrictMode)] using Baseline with Baseline into 5856 bytes in 0.203900 ms.
   4.314 Optimized #B5ebJy:[0x14d8c8640->0x14d183680, LLIntFunctionCall, 1906 (StrictMode)] using Baseline with Baseline into 25600 bytes in 0.701353 ms.
   4.315 Optimized #CB4CsB:[0x14f014e20->0x14d1afe40->0x14d1f5e80, NoneFunctionCall, 56 (StrictMode)] using DFG with DFG into 928 bytes in 0.697619 ms.
   4.316 Optimized get#CguBIp:[0x14d8c8d40->0x14d183780, LLIntFunctionCall, 19 (StrictMode)] using Baseline with Baseline into 256 bytes in 0.055729 ms.
   4.316 Optimized #AYrM1n:[0x14f014f00->0x14d45d520->0x10bea6280, NoneFunctionCall, 43 (StrictMode)] using DFG with DFG into 544 bytes in 0.627980 ms.
   4.317 Optimized r#A5UZy5:[0x14f014fe0->0x14ed6dfa0->0x10bf05980, NoneFunctionCall, 23 (StrictMode)] using DFG with DFG into 384 bytes in 0.522166 ms.
   4.318 Optimized u#DXCdkv:[0x14d8c8e20->0x14d183700, LLIntFunctionCall, 497 (StrictMode)] using Baseline with Baseline into 6848 bytes in 0.258666 ms.
   4.325 Optimized z#EliKVC:[0x14ed6dde0->0x10bf05c80, LLIntFunctionCall, 1130 (StrictMode)] using Baseline with Baseline into 10720 bytes in 0.431178 ms.
   4.325 Optimized uT#CGnOc4:[0x14ed6e160->0x10bf01280, LLIntFunctionCall, 264 (StrictMode)] using Baseline with Baseline into 2944 bytes in 0.163448 ms.
   4.326 Optimized #CW143m:[0x14e092080->0x14ed81980, LLIntFunctionCall, 1473 (StrictMode)] using Baseline with Baseline into 14240 bytes in 0.394712 ms.
   4.326 Optimized #AMfpbr:[0x14d5f4640->0x14d182f80, LLIntFunctionCall, 25 (StrictMode)] using Baseline with Baseline into 352 bytes in 0.059619 ms.
   4.327 Optimized #DOm4RU:[0x14d8c90c0->0x14d8cc400, LLIntFunctionCall, 82 (StrictMode)] using Baseline with Baseline into 704 bytes in 0.062577 ms.
   4.327 Optimized ic#AfYmNm:[0x14f0150c0->0x14ed6f9e0->0x10beffa80, NoneFunctionCall, 832 (StrictMode)] using DFG with DFG into 3680 bytes in 7.435420 ms.
   4.329 Optimized l1#CFT1ip:[0x14f0151a0->0x14d45c640->0x10bee7c00, NoneFunctionCall, 174 (StrictMode)] using DFG with DFG into 992 bytes in 1.720105 ms.
   4.330 Optimized #CuAjKP:[0x14d487200->0x14d1f6780, LLIntFunctionCall, 104 (StrictMode)] using Baseline with Baseline into 768 bytes in 0.082521 ms.
   4.331 Optimized eC#CmqJAO:[0x14f015280->0x14d487740->0x10bea6f80, NoneFunctionCall, 71 (StrictMode)] using DFG with DFG into 2432 bytes in 1.188612 ms.
   4.332 Optimized useCallback#A3Mkvd:[0x14f015360->0x14d5f73c0->0x10bf04180, NoneFunctionCall, 53 (StrictMode)] using DFG with DFG into 928 bytes in 0.776993 ms.
   4.332 Optimized l6#A7F7RQ:[0x14f015440->0x14d45fc80->0x10bee7e00, NoneFunctionCall, 36 (StrictMode)] using DFG with DFG into 448 bytes in 0.505689 ms.
   4.333 Optimized oL#B6GwaC:[0x14d9511a0->0x10befea80, LLIntFunctionCall, 116 (StrictMode)] using Baseline with Baseline into 1856 bytes in 0.153193 ms.
   4.333 Optimized #AvVI2O:[0x14d951440->0x14ed83d80, LLIntFunctionCall, 234 (StrictMode)] using Baseline with Baseline into 2048 bytes in 0.124251 ms.
   4.334 Optimized e#A6EUNG:[0x14f015ec0->0x14d8cec00, LLIntFunctionCall, 389 (StrictMode)] using Baseline with Baseline into 4576 bytes in 0.179715 ms.
   4.335 Optimized #ECiulD:[0x14d951520->0x14d8cc180, LLIntFunctionCall, 25 (StrictMode)] using Baseline with Baseline into 480 bytes in 0.073183 ms.
   4.335 Optimized #Cz3vvF:[0x14f015520->0x14d5f5360->0x10bea6480, NoneFunctionCall, 40 (StrictMode)] using DFG with DFG into 512 bytes in 0.623594 ms.
   4.336 Optimized get#EFEzLz:[0x14f015600->0x14d1af820->0x10bfbad00, NoneFunctionCall, 19 (StrictMode)] using DFG with DFG into 192 bytes in 0.362472 ms.
   4.337 Optimized r#CIPv5x:[0x14f0156e0->0x14d1af900->0x10bfbac80, NoneFunctionCall, 31 (StrictMode)] using DFG with DFG into 640 bytes in 0.616461 ms.
   4.338 Optimized o1#CmKlxN:[0x14f015d00->0x14d950d40->0x10beff200, NoneFunctionCall, 73 (StrictMode)] using DFG with DFG into 768 bytes in 0.890271 ms.
   4.340 Optimized oP#BAXOuk:[0x14f016240->0x14d9508e0->0x10befe880, NoneFunctionCall, 140 (StrictMode)] using DFG with DFG into 1024 bytes in 1.719594 ms.
   4.341 Optimized #CgqFQF:[0x14d986400->0x14d8cf500, LLIntFunctionCall, 171 (StrictMode)] using Baseline with Baseline into 2400 bytes in 0.165449 ms.
   4.341 Optimized #ARNL9Q:[0x14d9864e0->0x14d8cf700, LLIntFunctionCall, 346 (StrictMode)] using Baseline with Baseline into 4704 bytes in 0.185835 ms.
   4.342 Optimized #Ba9DK6:[0x14d9865c0->0x14ed83e00, LLIntFunctionCall, 169 (StrictMode)] using Baseline with Baseline into 1408 bytes in 0.079249 ms.
   4.342 Optimized #CiGNsa:[0x14d9866a0->0x14d8cf800, LLIntFunctionCall, 74 (StrictMode)] using Baseline with Baseline into 1152 bytes in 0.068045 ms.
   4.342 Optimized o#ASeutU:[0x14d487ba0->0x10bf05f80, LLIntFunctionCall, 33 (StrictMode)] using Baseline with Baseline into 480 bytes in 0.052952 ms.
   4.343 Optimized #Dr4eDM:[0x14d986320->0x14d8cc200, LLIntFunctionCall, 291 (StrictMode)] using Baseline with Baseline into 3168 bytes in 0.215919 ms.
   4.346 Optimized e#A6EUNG:[0x14f016400->0x14f015ec0->0x14d8cec00, NoneFunctionCall, 389 (StrictMode)] using DFG with DFG into 1504 bytes in 3.038236 ms.
   4.356 TIGER-SAMPLE pid 0xa31 n 0xe main 0xd03 thread 0xd03 state-kr 0x0 pc 0x109895e22 leaf __semwait_signal+0xa frames: 0x109895e22 0x10409ca17 0x103fcd562 0x10409fb49 0x10409ec36 0x10409e819 0x10004a16b 0x10000154c 0x100001461 0x3
   4.356 TIGER-SAMPLE pid 0xa31 n 0xe thread 0xf03 thread 0xf03 state-kr 0x0 pc 0x1098dfe4e leaf mach_msg_trap+0xa frames: 0x1098dfe4e 0x100327902 0x109891e9e
   4.356 TIGER-SAMPLE pid 0xa31 n 0xe thread 0x1103 thread 0x1103 state-kr 0x0 pc 0x109895e22 leaf __semwait_signal+0xa frames: 0x109895e22 0x10409c9d5 0x103fcd562 0x10409fb49 0x10409ec36 0x10409e819 0x104033bfe 0x10409c3f9 0x109891e9e
   4.356 TIGER-SAMPLE pid 0xa31 n 0xe thread 0x2303 thread 0x2303 state-kr 0x0 pc 0x1098467e6 leaf poll+0xa frames: 0x1098467e6 0x104033bfe 0x10409c3f9 0x109891e9e
   4.356 TIGER-SAMPLE pid 0xa31 n 0xe thread 0x2407 thread 0x2407 state-kr 0x0 pc 0x109895e22 leaf __semwait_signal+0xa frames: 0x109895e22 0x10409c9d5 0x103fcd562 0x10409fb49 0x10409ec36 0x10409e819 0x104033bfe 0x10409c3f9 0x109891e9e
   4.356 TIGER-SAMPLE pid 0xa31 n 0xe thread 0x2503 thread 0x2503 state-kr 0x0 pc 0x109895e22 leaf __semwait_signal+0xa frames: 0x109895e22 0x10409c9d5 0x103fcd562 0x10409fb49 0x10409ec36 0x10409e819 0x104033bfe 0x10409c3f9 0x109891e9e
   4.356 TIGER-SAMPLE pid 0xa31 n 0xe thread 0x2603 thread 0x2603 state-kr 0x0 pc 0x109895e22 leaf __semwait_signal+0xa frames: 0x109895e22 0x10409c9d5 0x103fcd562 0x10409fb49 0x10409ec36 0x10409e819 0x104033bfe 0x10409c3f9 0x109891e9e
   4.356 TIGER-SAMPLE pid 0xa31 n 0xe thread 0x2703 thread 0x2703 state-kr 0x0 pc 0x109895e22 leaf __semwait_signal+0xa frames: 0x109895e22 0x10409c9d5 0x103fcd562 0x10409fb49 0x10409ec36 0x10409e819 0x104033bfe 0x10409c3f9 0x109891e9e
   4.356 TIGER-SAMPLE pid 0xa31 n 0xe thread 0x2903 thread 0x2903 state-kr 0x0 pc 0x109895e22 leaf __semwait_signal+0xa frames: 0x109895e22 0x10409c9d5 0x103fcd562 0x10409fb49 0x10409ec36 0x10409e819 0x104033bfe 0x10409c3f9 0x109891e9e
   4.356 TIGER-SAMPLE pid 0xa31 n 0xe thread 0x2a03 thread 0x2a03 state-kr 0x0 pc 0x1098467e6 leaf poll+0xa frames: 0x1098467e6 0x104033bfe 0x10409c3f9 0x109891e9e
   4.356 TIGER-SAMPLE pid 0xa31 n 0xe thread 0x2b03 thread 0x2b03 state-kr 0x0 pc 0x1098467e6 leaf poll+0xa frames: 0x1098467e6 0x104388627 0x1043887ea 0x101f32ba7 0x101f3e971 0x104033bfe 0x10409c3f9 0x109891e9e
   4.375 Optimized l8#CeVnpR:[0x14dc40640->0x10bee7e80, LLIntFunctionCall, 36 (StrictMode)] using Baseline with Baseline into 480 bytes in 0.084646 ms.
   4.376 Optimized an#Cx8IMf:[0x14dc40560->0x10befc300, LLIntFunctionCall, 112 (StrictMode)] using Baseline with Baseline into 1344 bytes in 0.099760 ms.
   4.378 Optimized a7#A6Vrgf:[0x14f016780->0x14d987820->0x10befdd00, NoneFunctionCall, 348 (StrictMode)] using DFG with DFG into 2400 bytes in 3.021424 ms.
   4.380 Optimized find#BuWK8k:[0x14f016860->0x14d1afd60->0x10bbbc280, NoneFunctionCall, 96 (StrictMode)] using DFG with DFG into 1408 bytes in 1.206110 ms.
   4.381 Optimized lv#Dsb98p:[0x14f016940->0x14dc401e0->0x10bee6980, NoneFunctionCall, 93 (StrictMode)] using DFG with DFG into 864 bytes in 1.215494 ms.
   4.384 Optimized ar#BYPYfS:[0x14d987f20->0x10befc380, LLIntFunctionCall, 215 (StrictMode)] using Baseline with Baseline into 2464 bytes in 0.119630 ms.
   4.390 Optimized g#C2RcOy:[0x14e092240->0x10bf07600, LLIntFunctionCall, 620 (StrictMode)] using Baseline with Baseline into 6912 bytes in 6.474818 ms.
   4.397 Optimized i#AOJfW4:[0x14f016a20->0x14ed6f900->0x14ed81d00, NoneFunctionCall, 1723 (StrictMode)] using DFG with DFG into 7968 bytes in 11.974553 ms.
   4.397 Optimized get#EFEzLz:[0x14f016b00->0x14d0a1de0->0x10bfbab00, NoneFunctionCall, 19 (StrictMode)] using DFG with DFG into 192 bytes in 0.351133 ms.
   4.398 Optimized get#Bs9VKW:[0x14f016be0->0x14d4849c0->0x10bfbab80, NoneFunctionCall, 21 (StrictMode)] using DFG with DFG into 192 bytes in 0.311133 ms.
   4.400 Optimized isAbsoluteUrl#Bs9VKW:[0x14f016cc0->0x14d8c8b80->0x10bfb9900, NoneFunctionCall, 21 (StrictMode)] using DFG with DFG into 192 bytes in 0.380566 ms.
   4.402 Optimized lR#AKjINS:[0x14d987d60->0x10bee7100, LLIntFunctionCall, 991 (StrictMode)] using Baseline with Baseline into 15712 bytes in 0.479313 ms.
   4.403 Optimized oi#AixluE:[0x14dc403a0->0x10befdf80, LLIntFunctionCall, 134 (StrictMode)] using Baseline with Baseline into 2816 bytes in 0.135759 ms.
   4.403 Optimized #ElhUWf:[0x14d8c9440->0x14d8cc700, LLIntFunctionCall, 9 (StrictMode)] using Baseline with Baseline into 384 bytes in 0.056651 ms.
   4.403 Optimized lO#DURc2c:[0x14d987ba0->0x10bee7080, LLIntFunctionCall, 67 (StrictMode)] using Baseline with Baseline into 768 bytes in 0.078917 ms.
   4.404 Optimized useState#BrhN0e:[0x14d987ac0->0x10bf04880, LLIntFunctionCall, 41 (StrictMode)] using Baseline with Baseline into 480 bytes in 0.065073 ms.
   4.405 Optimized o#BZYn5E:[0x14f016e80->0x14d8c8c60->0x10bfb9b80, NoneFunctionCall, 39 (StrictMode)] using DFG with DFG into 864 bytes in 0.847228 ms.
   4.406 Optimized l2#EMQLen:[0x14f016f60->0x14dc40480->0x10bee7c80, NoneFunctionCall, 32 (StrictMode)] using DFG with DFG into 384 bytes in 0.459203 ms.
   4.410 Optimized ou#AnF1YR:[0x14f017040->0x14dc402c0->0x10befe000, NoneFunctionCall, 455 (StrictMode)] using DFG with DFG into 2752 bytes in 4.450351 ms.
   4.413 Optimized #BX9AfT:[0x14f017200->0x14d45f900->0x10bea5e80, NoneFunctionCall, 40 (StrictMode)] using DFG with DFG into 672 bytes in 0.981148 ms.
   4.413 Optimized iw#D3jLts:[0x14e0932e0->0x10befff80, LLIntFunctionCall, 364 (StrictMode)] using Baseline with Baseline into 2592 bytes in 0.135148 ms.
   4.414 Optimized od#CSBVJi:[0x14f0172e0->0x14d45f9e0->0x10befe200, NoneFunctionCall, 44 (StrictMode)] using DFG with DFG into 512 bytes in 0.606657 ms.
   4.419 Optimized #CwYy7V:[0x14d952be0->0x14d8ce400, LLIntFunctionCall, 36 (StrictMode)] using Baseline with Baseline into 672 bytes in 0.114962 ms.
   4.419 Optimized A#CXtFNT:[0x14d5f4aa0->0x14d180900, LLIntFunctionCall, 24 (StrictMode)] using Baseline with Baseline into 576 bytes in 0.069017 ms.
   4.420 Optimized u#CvIowy:[0x14e092320->0x10bf07400, LLIntFunctionCall, 316 (StrictMode)] using Baseline with Baseline into 3968 bytes in 0.191609 ms.
   4.420 Optimized l#CtlmLW:[0x14f017f20->0x14d987e40->0x10bf07200, NoneFunctionCall, 44 (StrictMode)] using DFG with DFG into 480 bytes in 0.826697 ms.
   4.425 Optimized #CkeHCg:[0x14dc603a0->0x14e092160->0x14e01e600, NoneFunctionCall, 134 (StrictMode)] using DFG with DFG into 1088 bytes in 2.346151 ms.
   4.456 Optimized readNext#D6koIo:[0x14dc60d40->0x14ec17d00, LLIntFunctionCall, 109 (StrictMode)] using Baseline with Baseline into 2176 bytes in 0.179649 ms.
   4.457 Optimized advance#DukM4I:[0x14dc61d00->0x14ec17d80, LLIntFunctionCall, 321 (StrictMode)] using Baseline with Baseline into 6048 bytes in 0.290893 ms.
   4.457 Optimized getGoto#CtQSc3:[0x14dc62cc0->0x14ec49080, LLIntFunctionCall, 194 (StrictMode)] using Baseline with Baseline into 2848 bytes in 0.173644 ms.
   4.458 Optimized reset#Dk41Y2:[0x14dc61980->0x14ec17e80, LLIntFunctionCall, 359 (StrictMode)] using Baseline with Baseline into 7392 bytes in 0.266732 ms.
   4.459 Optimized stateSlot#Bmed8J:[0x14dc61600->0x14ec49180, LLIntFunctionCall, 32 (StrictMode)] using Baseline with Baseline into 704 bytes in 0.086416 ms.
   4.459 Optimized addActions#CIA5EW:[0x14dc62160->0x14ec48800, LLIntFunctionCall, 356 (StrictMode)] using Baseline with Baseline into 4672 bytes in 0.212832 ms.
   4.459 Optimized allows#DkLjNN:[0x14dc61de0->0x14ec48e00, LLIntFunctionCall, 36 (StrictMode)] using Baseline with Baseline into 864 bytes in 0.081288 ms.
   4.460 Optimized acceptToken#DUSPKy:[0x14dc61ec0->0x14ec17c00, LLIntFunctionCall, 141 (StrictMode)] using Baseline with Baseline into 2304 bytes in 0.112671 ms.
   4.460 Optimized S#DE8ozF:[0x14dc61c20->0x14ec16000, LLIntFunctionCall, 521 (StrictMode)] using Baseline with Baseline into 8320 bytes in 0.346983 ms.
   4.463 Optimized T#B4b5A1:[0x14dc62240->0x14ec16200, LLIntFunctionCall, 32 (StrictMode)] using Baseline with Baseline into 608 bytes in 0.081223 ms.
   4.463 Optimized updateCachedToken#BNhE9L:[0x14dc617c0->0x14ec48700, LLIntFunctionCall, 366 (StrictMode)] using Baseline with Baseline into 6720 bytes in 0.251675 ms.
   4.464 Optimized getActions#Ai6qGe:[0x14dc616e0->0x14ec48600, LLIntFunctionCall, 678 (StrictMode)] using Baseline with Baseline into 11904 bytes in 0.372997 ms.
   4.465 Optimized advanceStack#AtlhbA:[0x14dc61520->0x14ec48b00, LLIntFunctionCall, 1389 (StrictMode)] using Baseline with Baseline into 21664 bytes in 0.651394 ms.
   4.465 Optimized updateContext#D8KB4Q:[0x14dc62940->0x14ec17180, LLIntFunctionCall, 112 (StrictMode)] using Baseline with Baseline into 1856 bytes in 0.115944 ms.
   4.466 Optimized putAction#EAR1Ac:[0x14dc62320->0x14ec48780, LLIntFunctionCall, 120 (StrictMode)] using Baseline with Baseline into 2336 bytes in 0.148842 ms.
   4.466 Optimized apply#Ees3Yf:[0x14dc62400->0x14ec16900, LLIntFunctionCall, 59 (StrictMode)] using Baseline with Baseline into 992 bytes in 0.082411 ms.
   4.467 Optimized advance#DPQVWe:[0x14dc61440->0x14ec48a00, LLIntFunctionCall, 1448 (StrictMode)] using Baseline with Baseline into 26592 bytes in 0.860091 ms.
   4.468 Optimized token#BWmDKo:[0x14dc61b40->0x14ec48180, LLIntFunctionCall, 84 (StrictMode)] using Baseline with Baseline into 1280 bytes in 0.095654 ms.
   4.468 Optimized shift#ETlvDV:[0x14dc624e0->0x14ec16880, LLIntFunctionCall, 305 (StrictMode)] using Baseline with Baseline into 5184 bytes in 0.198381 ms.
   4.469 Optimized shiftContext#CfzlKJ:[0x14dc62780->0x14ec16f80, LLIntFunctionCall, 102 (StrictMode)] using Baseline with Baseline into 1984 bytes in 0.096065 ms.
   4.469 Optimized shift#ArlKs6:[0x14dc62860->0x14ec15480, LLIntFunctionCall, 24 (StrictMode)] using Baseline with Baseline into 672 bytes in 0.055599 ms.
   4.469 Optimized stateFlag#CdqDao:[0x14dc625c0->0x14ec49200, LLIntFunctionCall, 40 (StrictMode)] using Baseline with Baseline into 768 bytes in 0.081789 ms.
   4.470 Optimized reduce#AraCjC:[0x14dc62a20->0x14ec16780, LLIntFunctionCall, 827 (StrictMode)] using Baseline with Baseline into 14720 bytes in 0.482261 ms.
   4.471 Optimized dynamicPrecedence#DU8lfg:[0x14dc62b00->0x14ec49600, LLIntFunctionCall, 37 (StrictMode)] using Baseline with Baseline into 736 bytes in 0.176341 ms.
   4.471 Optimized reduceContext#ApLXFL:[0x14dc62da0->0x14ec17000, LLIntFunctionCall, 102 (StrictMode)] using Baseline with Baseline into 1984 bytes in 0.100045 ms.
   4.471 Optimized Z#DkFrJe:[0x14dc62e80->0x14ec48e80, LLIntFunctionCall, 3 (StrictMode)] using Baseline with Baseline into 288 bytes in 0.042085 ms.
   4.472 Optimized pushState#DNs093:[0x14dc626a0->0x14ec16700, LLIntFunctionCall, 63 (StrictMode)] using Baseline with Baseline into 1376 bytes in 0.087173 ms.
   4.473 Optimized readNext#D6koIo:[0x14dc634a0->0x14dc60d40->0x14ec17d00, NoneFunctionCall, 109 (StrictMode)] using DFG with DFG into 864 bytes in 1.260411 ms.
   4.474 Optimized stateSlot#Bmed8J:[0x14dc63580->0x14dc61600->0x14ec49180, NoneFunctionCall, 32 (StrictMode)] using DFG with DFG into 480 bytes in 0.560366 ms.
   4.475 Optimized allows#DkLjNN:[0x14dc63660->0x14dc61de0->0x14ec48e00, NoneFunctionCall, 36 (StrictMode)] using DFG with DFG into 512 bytes in 0.615659 ms.
   4.475 Optimized clipPos#AcUfPz:[0x14dc618a0->0x14ec17b00, LLIntFunctionCall, 230 (StrictMode)] using Baseline with Baseline into 5120 bytes in 2.451464 ms.
   4.479 Optimized getGoto#CtQSc3:[0x14dc63740->0x14dc62cc0->0x14ec49080, NoneFunctionCall, 194 (StrictMode)] using DFG with DFG into 1344 bytes in 2.370922 ms.
   4.480 Optimized storeNode#EDD9bl:[0x14dc62be0->0x14ec16800, LLIntFunctionCall, 667 (StrictMode)] using Baseline with Baseline into 11328 bytes in 0.699895 ms.
   4.489 Optimized addActions#CIA5EW:[0x14dc63820->0x14dc62160->0x14ec48800, NoneFunctionCall, 356 (StrictMode)] using DFG with DFG into 1664 bytes in 8.890357 ms.
   4.491 Optimized updateContext#D8KB4Q:[0x14dc63900->0x14dc62940->0x14ec17180, NoneFunctionCall, 112 (StrictMode)] using DFG with DFG into 1248 bytes in 1.789890 ms.
   4.497 Optimized S#DE8ozF:[0x14dc63ba0->0x14dc61c20->0x14ec16000, NoneFunctionCall, 521 (StrictMode)] using DFG with DFG into 2912 bytes in 5.478963 ms.
   4.497 Optimized T#B4b5A1:[0x14dc63c80->0x14dc62240->0x14ec16200, NoneFunctionCall, 32 (StrictMode)] using DFG with DFG into 416 bytes in 0.490050 ms.
   4.498 Optimized apply#Ees3Yf:[0x14dc63d60->0x14dc62400->0x14ec16900, NoneFunctionCall, 59 (StrictMode)] using DFG with DFG into 640 bytes in 0.741519 ms.
   4.502 TIGER-SAMPLE pid 0xa30 n 0xe main 0xd03 thread 0xd03 state-kr 0x0 pc 0x10323d7a1TIGER-SAMPLE pid 0xa2d n 0x10 main 0x117 thread 0x117 state-kr 0x0 pc 0x90009817 leaf mach_msg_trap+0x7 frames: 0x90009817 0x9082d227 0x9082ca42 0x92e06878 0x92e05f82 0x92e05dd9 0x9328cf45 0x9328cb37 0x932868c4 0x8af6 0x82f2 0x8219 0x5
   4.502 TIGER-SAMPLE pid 0xa2d n 0x10 thread 0x1203 thread 0x1203 state-kr 0x0 pc 0x90009817 leaf mach_msg_trap+0x7 frames: 0x90009817 0x2ca6d8 0x90023d67
   4.502 TIGER-SAMPLE pid 0xa2d n 0x10 thread 0x3207 thread 0x3207 state-kr 0x0 pc 0x90024407 leaf semaphore_wait_signal_trap+0x7 frames: 0x90024407 0x364de 0x90023d67
   4.502 TIGER-SAMPLE pid 0xa2d n 0x10 thread 0x3403 thread 0x3403 state-kr 0x0 pc 0x90024407 leaf semaphore_wait_signal_trap+0x7 frames: 0x90024407 0x364de 0x90023d67
   4.502 TIGER-SAMPLE pid 0xa2d n 0x10 thread 0x5103 thread 0x5103 state-kr 0x0 pc 0x900bc3fc leaf poll+0xc frames: 0x900bc3fc 0x2cd134 0x313210b 0x319b321 0x90023d67
   4.502 TIGER-SAMPLE pid 0xa2d n 0x10 thread 0x5203 thread 0x5203 state-kr 0x0 pc 0x90024407 leaf semaphore_wait_signal_trap+0x7 frames: 0x90024407 0x364de 0x90023d67
   4.502 TIGER-SAMPLE pid 0xa2d n 0x10 thread 0x5503 thread 0x5503 state-kr 0x0 pc 0x900bc3fc leaf poll+0xc leaf _ZN3JSC19InlineWatchpointSet10invalidateERNS_2VMERKNS_10FireDetailE+0x1ef1 frames: 0x10323d7a1 0x1049d3994 0x10d1d3ca5 0x10d1d589c 0x10d1da9f4 0x10d1dfcf3 0x1049e9ca8 0x1049e9ca8 0x10d17f7e0 0x10d18766c 0x10d0911cb 0x10d0cc414 0x10d17fd38 0x10d1ae45d 0x10d192cfa 0x10d1ab357 0x10d00a87e 0x10d1a93b6 0x1049c87c4 0x103647679 0x1037cee04 0x100be8d40 0x101702c86 0x1016f9017 0x1017028b6 0x101726436 0x1016fd7be 0x1017c4ec4 0x1017ca904 0x10261d22f 0x1042a3247 0x100046488 0x100001d0c 0x100001c21 0x3
   4.502 TIGER-SAMPLE pid 0xa30 n 0xe thread 0xf03 thread 0xf03 state-kr 0x0 pc 0x109adfe4e leaf mach_msg_trap+0xa frames: 0x109adfe4e 0x10045c512 0x109a91e9e
   4.502 TIGER-SAMPLE pid 0xa30 n 0xe thread 0x1103 thread 0x1103 state-kr 0x0 pc 0x109a95e22 leaf __semwait_signal+0xa frames: 0x109a95e22 0x1042a12e5 0x1041d56a2 0x1042a4329 0x1042a34a6 0x1042a3089 0x10423ab3e 0x1042a0d09 0x109a91e9e
   4.502 TIGER-SAMPLE pid 0xa30 n 0xe thread 0x2303 thread 0x2303 state-kr 0x0 pc 0x109a95e22 frames: 0x900bc3fc 0x2cd134 0x313210b 0x319b321 0x90023d67
   4.502  leaf __semwait_signal+TIGER-SAMPLE pid 0xa frames:0xa2d 0x109a95e22 0x1042a12e5  n 0x100x1041d56a2 thread  0x1042a43290x5603 0x1042a34a6 0x1042a3089 0x10423ab3e thread  0x1042a0d09 0x109a91e9e0x5603 state-kr 
   4.502 0x0 pc 0x90024407TIGER-SAMPLE pid 0xa30 n 0xe thread 0x2403 thread 0x2403 state-kr 0x0 pc 0x109a95e22 leaf semaphore_wait_signal_trap+0x7 frames: leaf __semwait_signal+0xa 0x90024407 frames:  0x364de0x109a95e22  0x1042a12e5 0x1041d56a20x90023d67
   4.502  0x1042a4329 0x1042a34a6 0x1042a3089 0x10423ab3e 0x1042a0d09 0x109a91e9e
   4.502 TIGER-SAMPLE pid 0xa30 n 0xe thread 0x2503 thread 0x2503 state-kr 0x0 pc 0x109a467e6 leaf poll+0xa frames: 0x109a467e6 0x10423ab3e 0x1042a0d09 0x109a91e9e
   4.502 TIGER-SAMPLE pid 0xa30 n 0xe thread 0x2603 thread 0x2603 state-kr 0x0 pc 0x109a95e22 leaf __semwait_signal+0xa frames: 0x109a95e22 0x1042a12e5 0x1041d56a2 0x1042a4329 0x1042a34a6 0x1042a3089 0x10423ab3e 0x1042a0d09 0x109a91e9e
   4.502 TIGER-SAMPLE pid 0xa30 n 0xe thread TIGER-SAMPLE pid 0x27030xa2d n 0x10 thread 0x5c07 thread 0x5c07 state-kr 0x0 pc 0x900265fc thread 0x2703 state-kr 0x0 pc 0x109a467e6 leaf recvmsg+ leaf poll+0xa0xc frames: frames:  0x900265fc 0x109a467e60x2cc6bb  0x10423ab3e 0x1042a0d09 0x2cd134 0x109a91e9e0x313210b
   4.503  0x319b321 0x90023d67
   4.503 TIGER-SAMPLE pid 0xa30 n 0xe thread 0x2807 thread 0x2807 state-kr TIGER-SAMPLE pid 0x0 pc 0xa2d0x109a95e22 n 0x10 thread 0x5e07 thread 0x5e07 state-kr 0x0 pc 0x90024407 leaf __semwait_signal+0xa frames: 0x109a95e22 0x1042a12e5 0x1041d56a2 0x1042a4329 0x1042a34a6 0x1042a3089 0x10423ab3e 0x1042a0d09 0x109a91e9e
   4.503 TIGER-SAMPLE pid 0xa30 n 0xe thread 0x2903 leaf  thread 0x2903semaphore_wait_signal_trap state-kr 0x0 pc 0x109a95e22+0x7 frames: 0x90024407 0x915a96ab 0x915c3ddc 0x90023d67
   4.503  leaf __semwait_signal+0xa frames: 0x109a95e22 0x1042a12e5 0x1041d56a2 0x1042a4329 0x1042a34a6 0x1042a3089 0x10423ab3e 0x1042a0d09 0x109a91e9e
   4.503 TIGER-SAMPLE pid 0xa30 n 0xe thread 0x2a03 thread 0x2a03 state-kr 0x0 pc 0x109a95e22 leaf __semwait_signal+0xa frames: 0x109a95e22 0x1042a12e5 0x1041d56a2 0x1042a4329 0x1042a34a6 0x1042a3089 0x10423ab3e 0x1042a0d09 0x109a91e9e
   4.506 Optimized stateFlag#CdqDao:[0x14dc63e40->0x14dc625c0->0x14ec49200, NoneFunctionCall, 40 (StrictMode)] using DFG with DFG into 480 bytes in 0.983975 ms.
   4.506 Optimized Z#DkFrJe:[0x14dc63f20->0x14dc62e80->0x14ec48e80, NoneFunctionCall, 3 (StrictMode)] using DFG with DFG into 288 bytes in 0.273274 ms.
   4.507 Optimized dynamicPrecedence#DU8lfg:[0x14dc801e0->0x14dc62b00->0x14ec49600, NoneFunctionCall, 37 (StrictMode)] using DFG with DFG into 672 bytes in 0.678391 ms.
   4.509 Optimized reduceContext#ApLXFL:[0x14dc802c0->0x14dc62da0->0x14ec17000, NoneFunctionCall, 102 (StrictMode)] using DFG with DFG into 896 bytes in 1.116681 ms.
   4.509 Optimized #AfiPVb:[0x14dc61a60->0x14ec15600, LLIntFunctionCall, 135 (StrictMode)] using Baseline with Baseline into 2240 bytes in 4.677183 ms.
   4.513 Optimized id#AM7rNo:[0x14dc80e20->0x14ec17680, LLIntFunctionCall, 32 (StrictMode)] using Baseline with Baseline into 640 bytes in 0.085323 ms.
   4.514 Optimized size#DZfgur:[0x14dc810c0->0x14ec17800, LLIntFunctionCall, 32 (StrictMode)] using Baseline with Baseline into 640 bytes in 0.065494 ms.
   4.514 Optimized next#BETOLh:[0x14dc81360->0x14ec17880, LLIntFunctionCall, 68 (StrictMode)] using Baseline with Baseline into 1472 bytes in 0.091383 ms.
   4.514 Optimized start#DkVZ6x:[0x14dc80f00->0x14ec17700, LLIntFunctionCall, 32 (StrictMode)] using Baseline with Baseline into 640 bytes in 0.093123 ms.
   4.515 Optimized e#A8pA8Y:[0x14dc81520->0x14dc70800, LLIntFunctionCall, 443 (StrictMode)] using Baseline with Baseline into 5472 bytes in 0.254767 ms.
   4.515 Optimized end#D4Gxlw:[0x14dc80fe0->0x14ec17780, LLIntFunctionCall, 32 (StrictMode)] using Baseline with Baseline into 640 bytes in 0.066676 ms.
   4.516 Optimized size#DZfgur:[0x14dc81600->0x14dc810c0->0x14ec17800, NoneFunctionCall, 32 (StrictMode)] using DFG with DFG into 352 bytes in 0.592195 ms.
   4.517 Optimized next#BETOLh:[0x14dc816e0->0x14dc81360->0x14ec17880, NoneFunctionCall, 68 (StrictMode)] using DFG with DFG into 800 bytes in 1.345975 ms.
   4.518 Optimized id#AM7rNo:[0x14dc817c0->0x14dc80e20->0x14ec17680, NoneFunctionCall, 32 (StrictMode)] using DFG with DFG into 352 bytes in 0.586898 ms.
   4.519 Optimized start#DkVZ6x:[0x14dc818a0->0x14dc80f00->0x14ec17700, NoneFunctionCall, 32 (StrictMode)] using DFG with DFG into 352 bytes in 0.742897 ms.
   4.529 TIGER-SAMPLE pid 0xa30 n 0xe thread 0x2b03 thread 0x2b03 state-kr 0x0 pc 0x109a46712 leaf recvmsg+0xa frames: 0x109a46712 0x10045e43e 0x10423ab3e 0x1042a0d09 0x109a91e9e
   4.529 TIGER-SAMPLE pid 0xa30 n 0xe thread 0x2c03 thread 0x2c03 state-kr 0x0 pc 0x109a95e22 leaf __semwait_signal+0xa frames: 0x109a95e22 0x1042a12e5 0x1041d56a2 0x1042a4329 0x1042a34a6 0x1042a3089 0x10423ab3e 0x1042a0d09 0x109a91e9e
   4.530 TIGER-SAMPLE pid 0xa30 n 0xe thread 0x2d03 thread 0x2d03 state-kr 0x0 pc 0x109a46712 leaf recvmsg+0xa frames: 0x109a46712 0x10045e43e 0x10423ab3e 0x1042a0d09 0x109a91e9e
   4.530 TIGER-SAMPLE pid 0xa30 n 0xe thread 0x4103 thread 0x4103 state-kr 0x0 pc 0x109a95e22 leaf __semwait_signal+0xa frames: 0x109a95e22 0x1042a1327 0x1041d56a2 0x1041b2277 0x10423ab3e 0x1042a0d09 0x109a91e9e
   4.530 TIGER-SAMPLE pid 0xa30 n 0xe thread 0x4203 thread 0x4203 state-kr 0x0 pc 0x109a95e22 leaf __semwait_signal+0xa frames: 0x109a95e22 0x1042a1327 0x1041d56a2 0x1041b2277 0x10423ab3e 0x1042a0d09 0x109a91e9e
   4.545 Optimized startSpan#CVhqDe:[0x14dc82e80->0x14ec14780, LLIntFunctionCall, 57 (StrictMode)] using Baseline with Baseline into 1376 bytes in 0.119354 ms.
   4.546 Optimized yieldBuf#BakIwZ:[0x14dc83900->0x14e7fa200, LLIntFunctionCall, 167 (StrictMode)] using Baseline with Baseline into 2912 bytes in 0.147529 ms.
   4.546 Optimized style#BgZqrP:[0x14dc82da0->0x14ec14c00, LLIntFunctionCall, 349 (StrictMode)] using Baseline with Baseline into 6912 bytes in 0.253750 ms.
   4.547 Optimized tree#BYwRvR:[0x14dc83040->0x14e7fab80, LLIntFunctionCall, 34 (StrictMode)] using Baseline with Baseline into 704 bytes in 0.076341 ms.
   4.547 Optimized #C6XZib:[0x14dc82be0->0x14dc70b80, LLIntFunctionCall, 137 (StrictMode)] using Baseline with Baseline into 2592 bytes in 0.105815 ms.
   4.547 Optimized opaque#C3TkNl:[0x14dc82f60->0x14ec14500, LLIntFunctionCall, 18 (StrictMode)] using Baseline with Baseline into 448 bytes in 0.054321 ms.
   4.548 Optimized firstChild#A9B4gu:[0x14dc83200->0x14e7fa400, LLIntFunctionCall, 32 (StrictMode)] using Baseline with Baseline into 672 bytes in 0.080967 ms.
   4.548 Optimized enterChild#BYgGwM:[0x14dc832e0->0x14e7fa380, LLIntFunctionCall, 261 (StrictMode)] using Baseline with Baseline into 4736 bytes in 0.233759 ms.
   4.549 Optimized findChild#EjJAEH:[0x14dc83580->0x14e7f8600, LLIntFunctionCall, 200 (StrictMode)] using Baseline with Baseline into 2784 bytes in 0.144060 ms.
   4.549 Optimized flush#EggYqh:[0x14dc839e0->0x14ec14800, LLIntFunctionCall, 56 (StrictMode)] using Baseline with Baseline into 1248 bytes in 0.086671 ms.
   4.550 Optimized highlightRange#ETtTA8:[0x14dc82a20->0x14ec14880, LLIntFunctionCall, 1286 (StrictMode)] using Baseline with Baseline into 19968 bytes in 0.577474 ms.
   4.550 Optimized nextSibling#ENuD7o:[0x14dc83ba0->0x14e7fa780, LLIntFunctionCall, 26 (StrictMode)] using Baseline with Baseline into 608 bytes in 0.074872 ms.
   4.551 Optimized sibling#BqUhfE:[0x14dc83c80->0x14e7fa700, LLIntFunctionCall, 458 (StrictMode)] using Baseline with Baseline into 8096 bytes in 0.330782 ms.
   4.551 Optimized #CuSPDu:[0x14dc83ac0->0x14e01fd00, LLIntFunctionCall, 69 (StrictMode)] using Baseline with Baseline into 832 bytes in 0.063589 ms.
   4.552 Optimized #Axy0cf:[0x14dc82cc0->0x14dc70c00, LLIntFunctionCall, 171 (StrictMode)] using Baseline with Baseline into 3552 bytes in 0.170321 ms.
   4.554 Optimized m#DlYd9Z:[0x14dc834a0->0x10bf52400, LLIntFunctionCall, 59 (StrictMode)] using Baseline with Baseline into 2016 bytes in 0.100306 ms.
   4.554 Optimized matchContext#BKP8Ti:[0x14dc83d60->0x14e7fac80, LLIntFunctionCall, 257 (StrictMode)] using Baseline with Baseline into 4320 bytes in 0.252787 ms.
   4.555 Optimized parent#A2kT8k:[0x14dc83f20->0x14e7fa680, LLIntFunctionCall, 250 (StrictMode)] using Baseline with Baseline into 4352 bytes in 0.208026 ms.
   4.556 Optimized isAnonymous#Cen5pN:[0x14dc83e40->0x10bf53580, LLIntFunctionCall, 24 (StrictMode)] using Baseline with Baseline into 544 bytes in 0.064696 ms.
   4.558 Optimized startSpan#CVhqDe:[0x14dc901e0->0x14dc82e80->0x14ec14780, NoneFunctionCall, 57 (StrictMode)] using DFG with DFG into 1408 bytes in 2.470842 ms.
   4.566 Optimized h#Dl9mOr:[0x14dc90480->0x14d45cb80->0x10bf07580, NoneFunctionCall, 621 (StrictMode)] using DFG with DFG into 3616 bytes in 5.590737 ms.
   4.569 Optimized #EFXYKx:[0x14d45c2c0->0x10bea6200, LLIntFunctionCall, 43 (StrictMode)] using Baseline with Baseline into 768 bytes in 0.120561 ms.
   4.570 Optimized oa#Cwf27B:[0x14dc90560->0x14ed6f580->0x10befde80, NoneFunctionCall, 52 (StrictMode)] using DFG with DFG into 1120 bytes in 1.238125 ms.
   4.571 Optimized #Elg6aF:[0x14d5f4c60->0x14ed82a00, LLIntFunctionCall, 136 (StrictMode)] using Baseline with Baseline into 1984 bytes in 1.744045 ms.
   4.574 Optimized get#Cav8pp:[0x14dc90640->0x14d45e080->0x10bf07900, NoneFunctionCall, 21 (StrictMode)] using DFG with DFG into 192 bytes in 0.405123 ms.
   4.578 Optimized iu#EgkqBA:[0x14dc90720->0x14ed6e940->0x10beff980, NoneFunctionCall, 384 (StrictMode)] using DFG with DFG into 2304 bytes in 2.813950 ms.
   4.580 Optimized an#Cx8IMf:[0x14dc90800->0x14dc40560->0x10befc300, NoneFunctionCall, 112 (StrictMode)] using DFG with DFG into 1248 bytes in 1.241970 ms.
   4.581 Optimized l8#CeVnpR:[0x14dc908e0->0x14dc40640->0x10bee7e80, NoneFunctionCall, 36 (StrictMode)] using DFG with DFG into 448 bytes in 0.431935 ms.
   4.583 Optimized f#CyzY9v:[0x14ec31c20->0x14ec17980, LLIntFunctionConstruct, 50 (StrictMode)] using Baseline with Baseline into 1632 bytes in 0.243804 ms.
   4.583 Optimized #B73Q9H:[0x14dc610c0->0x14dc70300, LLIntFunctionCall, 31 (StrictMode)] using Baseline with Baseline into 448 bytes in 0.081969 ms.
   4.594 Optimized read#BZt3Bv:[0x14dc61fa0->0x14ec17f00, LLIntFunctionCall, 507 (StrictMode)] using Baseline with Baseline into 10240 bytes in 0.509349 ms.
   4.596 Optimized #AS4k8g:[0x14ebe7200->0x14ec14900, LLIntFunctionCall, 144 (StrictMode)] using Baseline with Baseline into 2112 bytes in 0.183879 ms.
   4.602 Optimized f#AqFxEb:[0x14dc60560->0x14e75e480, LLIntFunctionCall, 4201 (StrictMode)] using Baseline with Baseline into 62688 bytes in 1.822150 ms.
   4.606 TIGER-SAMPLE pid 0xa31 n 0xf main 0xd03 thread 0xd03 state-kr 0x0 pc 0x109895e22 leaf __semwait_signal+0xa frames: 0x109895e22 0x10409ca17 0x103fcd562 0x10409fb49 0x10409ec36 0x10409e819 0x10004a16b 0x10000154c 0x100001461 0x3
   4.606 TIGER-SAMPLE pid 0xa31 n 0xf thread 0xf03 thread 0xf03 state-kr 0x0 pc 0x1098dfe4e leaf mach_msg_trap+0xa frames: 0x1098dfe4e 0x100327902 0x109891e9e
   4.607 TIGER-SAMPLE pid 0xa31 n 0xf thread 0x1103 thread 0x1103 state-kr 0x0 pc 0x109895e22 leaf __semwait_signal+0xa frames: 0x109895e22 0x10409c9d5 0x103fcd562 0x10409fb49 0x10409ec36 0x10409e819 0x104033bfe 0x10409c3f9 0x109891e9e
   4.607 TIGER-SAMPLE pid 0xa31 n 0xf thread 0x2303 thread 0x2303 state-kr 0x0 pc 0x1098467e6 leaf poll+0xa frames: 0x1098467e6 0x104033bfe 0x10409c3f9 0x109891e9e
   4.607 TIGER-SAMPLE pid 0xa31 n 0xf thread 0x2407 thread 0x2407 state-kr 0x0 pc 0x109895e22 leaf __semwait_signal+0xa frames: 0x109895e22 0x10409c9d5 0x103fcd562 0x10409fb49 0x10409ec36 0x10409e819 0x104033bfe 0x10409c3f9 0x109891e9e
   4.607 TIGER-SAMPLE pid 0xa31 n 0xf thread 0x2503 thread 0x2503 state-kr 0x0 pc 0x109895e22 leaf __semwait_signal+0xa frames: 0x109895e22 0x10409c9d5 0x103fcd562 0x10409fb49 0x10409ec36 0x10409e819 0x104033bfe 0x10409c3f9 0x109891e9e
   4.607 TIGER-SAMPLE pid 0xa31 n 0xf thread 0x2603 thread 0x2603 state-kr 0x0 pc 0x109895e22 leaf __semwait_signal+0xa frames: 0x109895e22 0x10409c9d5 0x103fcd562 0x10409fb49 0x10409ec36 0x10409e819 0x104033bfe 0x10409c3f9 0x109891e9e
   4.608 TIGER-SAMPLE pid 0xa31 n 0xf thread 0x2703 thread 0x2703 state-kr 0x0 pc 0x109895e22 leaf __semwait_signal+0xa frames: 0x109895e22 0x10409c9d5 0x103fcd562 0x10409fb49 0x10409ec36 0x10409e819 0x104033bfe 0x10409c3f9 0x109891e9e
   4.608 TIGER-SAMPLE pid 0xa31 n 0xf thread 0x2903 thread 0x2903 state-kr 0x0 pc 0x109895e22 leaf __semwait_signal+0xa frames: 0x109895e22 0x10409c9d5 0x103fcd562 0x10409fb49 0x10409ec36 0x10409e819 0x104033bfe 0x10409c3f9 0x109891e9e
   4.608 TIGER-SAMPLE pid 0xa31 n 0xf thread 0x2a03 thread 0x2a03 state-kr 0x0 pc 0x1098467e6 leaf poll+0xa frames: 0x1098467e6 0x104033bfe 0x10409c3f9 0x109891e9e
   4.609 TIGER-SAMPLE pid 0xa31 n 0xf thread 0x2b03 thread 0x2b03 state-kr 0x0 pc 0x1098467e6 leaf poll+0xa frames: 0x1098467e6 0x104388627 0x1043887ea 0x101f32ba7 0x101f3e971 0x104033bfe 0x10409c3f9 0x109891e9e
   4.619 Optimized #DCYJ1q:[0x14d8cbf20->0x14d8cd480, LLIntFunctionCall, 1299 (StrictMode)] using Baseline with Baseline into 21504 bytes in 13.291199 ms.
   4.620 Optimized query#BpeigK:[0x14d45e400->0x10bfea200, LLIntFunctionCall, 20 (StrictMode)] using Baseline with Baseline into 480 bytes in 0.080707 ms.
   4.620 Optimized #DxnjOS:[0x14d45e860->0x14ed82580, LLIntFunctionCall, 54 (StrictMode)] using Baseline with Baseline into 768 bytes in 0.069880 ms.
   4.620 Optimized pathname#BVxnAg:[0x14d45e240->0x10bfea180, LLIntFunctionCall, 20 (StrictMode)] using Baseline with Baseline into 480 bytes in 0.053454 ms.
   4.637 Optimized get#DsNSyR:[0x14dc62080->0x14ec15680, LLIntFunctionCall, 33 (StrictMode)] using Baseline with Baseline into 512 bytes in 0.107809 ms.
   4.641 Optimized $#D1svfh:[0x14dc63ac0->0x14ec16080, LLIntFunctionCall, 58 (StrictMode)] using Baseline with Baseline into 1056 bytes in 0.121920 ms.
   4.641 Optimized #ELzIxR:[0x14dc81fa0->0x14dc70a80, LLIntFunctionCall, 103 (StrictMode)] using Baseline with Baseline into 2304 bytes in 0.128722 ms.
   4.648 Optimized rX#BvejzY:[0x14d8cb740->0x10bee6500, LLIntFunctionCall, 112 (StrictMode)] using Baseline with Baseline into 1024 bytes in 0.106261 ms.
   4.648 Optimized l9#BXCCkB:[0x14dc408e0->0x10bee7f80, LLIntFunctionCall, 37 (StrictMode)] using Baseline with Baseline into 608 bytes in 0.080581 ms.
   4.648 Optimized asPath#ESu6Co:[0x14d45e4e0->0x10bfea280, LLIntFunctionCall, 20 (StrictMode)] using Baseline with Baseline into 480 bytes in 0.057669 ms.
   4.649 Optimized h#EjIBRD:[0x14d45f820->0x10bfe8780, LLIntFunctionCall, 98 (StrictMode)] using Baseline with Baseline into 1216 bytes in 0.101950 ms.
   4.661 Optimized ot#ADQJnr:[0x14dc909c0->0x14ed6eda0->0x10befde00, NoneFunctionCall, 4511 (StrictMode)] using DFG with DFG into 19520 bytes in 79.174266 ms.
   4.662 Optimized #BlaOI8:[0x14dc90aa0->0x14d487580->0x14d1f6880, NoneFunctionCall, 24 (StrictMode)] using DFG with DFG into 960 bytes in 0.646105 ms.
   4.666 Optimized updateCachedToken#BNhE9L:[0x14dc90b80->0x14dc617c0->0x14ec48700, NoneFunctionCall, 366 (StrictMode)] using DFG with DFG into 2656 bytes in 3.999098 ms.
   4.667 Optimized token#BWmDKo:[0x14dc90c60->0x14dc61b40->0x14ec48180, NoneFunctionCall, 84 (StrictMode)] using DFG with DFG into 608 bytes in 0.883674 ms.
   4.669 Optimized shiftContext#CfzlKJ:[0x14dc90d40->0x14dc62780->0x14ec16f80, NoneFunctionCall, 102 (StrictMode)] using DFG with DFG into 992 bytes in 1.440266 ms.
   4.680 Optimized shift#ArlKs6:[0x14dc90e20->0x14dc62860->0x14ec15480, NoneFunctionCall, 24 (StrictMode)] using DFG with DFG into 352 bytes in 0.661253 ms.
   4.681 Optimized n#CEXUzG:[0x14d8c9d00->0x14d19a780, LLIntFunctionCall, 198 (StrictMode)] using Baseline with Baseline into 2720 bytes in 0.189679 ms.
   4.681 Optimized parse#AdhuoB:[0x14dc60640->0x14e7fb400, LLIntFunctionCall, 64 (StrictMode)] using Baseline with Baseline into 1152 bytes in 0.085028 ms.
   4.682 Optimized #A5qSPp:[0x14dc811a0->0x14dc70780, LLIntFunctionCall, 485 (StrictMode)] using Baseline with Baseline into 8576 bytes in 0.454557 ms.
   4.682 Optimized b#DzZDaO:[0x14dc81c20->0x14e75e380, LLIntFunctionCall, 21 (StrictMode)] using Baseline with Baseline into 640 bytes in 0.083599 ms.
   4.683 Optimized l#BWHfTM:[0x14d8c97c0->0x14d19a200, LLIntFunctionCall, 151 (StrictMode)] using Baseline with Baseline into 2176 bytes in 0.192887 ms.
   4.683 Optimized pushState#DNs093:[0x14dc90f00->0x14dc626a0->0x14ec16700, NoneFunctionCall, 63 (StrictMode)] using DFG with DFG into 768 bytes in 0.948672 ms.
   4.704 Optimized getActions#Ai6qGe:[0x14dc90fe0->0x14dc616e0->0x14ec48600, NoneFunctionCall, 678 (StrictMode)] using DFG with DFG into 3776 bytes in 7.874718 ms.
   4.705 Optimized #AcrJvV:[0x14e092860->0x14ed82780, LLIntFunctionCall, 18 (StrictMode)] using Baseline with Baseline into 608 bytes in 0.098576 ms.
   4.705 Optimized i9#DNQoET:[0x14ed6e860->0x10bf00580, LLIntFunctionCall, 244 (StrictMode)] using Baseline with Baseline into 2368 bytes in 0.176115 ms.
   4.709 Optimized shift#ETlvDV:[0x14dc910c0->0x14dc624e0->0x14ec16880, NoneFunctionCall, 305 (StrictMode)] using DFG with DFG into 2336 bytes in 4.359941 ms.
   4.712 Optimized reset#Dk41Y2:[0x14dc911a0->0x14dc61980->0x14ec17e80, NoneFunctionCall, 359 (StrictMode)] using DFG with DFG into 2336 bytes in 2.367093 ms.
   4.714 Optimized advance#DukM4I:[0x14dc91280->0x14dc61d00->0x14ec17d80, NoneFunctionCall, 321 (StrictMode)] using DFG with DFG into 1632 bytes in 1.924787 ms.
   4.715 Optimized end#D4Gxlw:[0x14dc91360->0x14dc80fe0->0x14ec17780, NoneFunctionCall, 32 (StrictMode)] using DFG with DFG into 352 bytes in 0.484060 ms.
   4.721 Optimized e#A8pA8Y:[0x14dc91440->0x14dc81520->0x14dc70800, NoneFunctionCall, 443 (StrictMode)] using DFG with DFG into 2336 bytes in 5.393865 ms.
   4.722 Optimized flush#EggYqh:[0x14dc91520->0x14dc839e0->0x14ec14800, NoneFunctionCall, 56 (StrictMode)] using DFG with DFG into 896 bytes in 1.259840 ms.
   4.729 Optimized yieldBuf#BakIwZ:[0x14dc91600->0x14dc83900->0x14e7fa200, NoneFunctionCall, 167 (StrictMode)] using DFG with DFG into 1376 bytes in 5.876322 ms.
   4.729 Optimized nextSibling#ENuD7o:[0x14dc916e0->0x14dc83ba0->0x14e7fa780, NoneFunctionCall, 26 (StrictMode)] using DFG with DFG into 416 bytes in 0.518366 ms.
   4.730 Optimized tree#BYwRvR:[0x14dc917c0->0x14dc83040->0x14e7fab80, NoneFunctionCall, 34 (StrictMode)] using DFG with DFG into 384 bytes in 0.548596 ms.
   4.731 Optimized opaque#C3TkNl:[0x14dc918a0->0x14dc82f60->0x14ec14500, NoneFunctionCall, 18 (StrictMode)] using DFG with DFG into 288 bytes in 0.397975 ms.
   4.753 Optimized TIGER-SAMPLE pid 0xa2d n 0x11 main 0x117 thread 0x117 state-kr 0x0 pc 0x90009817 leaf mach_msg_trap+0x7 frames: 0x90009817 0x9082d227 0x9082ca42 0x92e06878 0x92e05f82 0x92e05dd9 0x9328cf45 0x9328cb37 0x932868c4 0x8af6 0x82f2 0x8219 0x5
   4.753 TIGER-SAMPLE pid 0xa2d n 0x11 thread 0x1203 thread 0x1203 state-kr 0x0 pc 0x90009817 leaf mach_msg_trap+0x7 frames: 0x90009817 0x2ca6d8 0x90023d67
   4.753 TIGER-SAMPLE pid 0xa2d n 0x11 thread 0x3207 thread 0x3207 state-kr 0x0 pc 0x90024407 leaf semaphore_wait_signal_trap+0x7 frames: 0x90024407 0x364de 0x90023d67
   4.754 TIGER-SAMPLE pid 0xa2d n 0x11 thread 0x3403 thread 0x3403 state-kr 0x0 pc 0x90024407 leaf semaphore_wait_signal_trap+0x7 frames: 0x90024407 0x364de 0x90023d67
   4.754 TIGER-SAMPLE pid 0xa2d n 0x11 thread 0x5103 thread 0x5103 state-kr 0x0 pc 0x900bc3fc leaf poll+0xc frames: 0x900bc3fc 0x2cd134 0x313210b 0x319b321 0x90023d67
   4.754 TIGER-SAMPLE pid 0xa2d n 0x11 thread 0x5203 thread 0x5203 state-kr 0x0 pc 0x90024407 leaf semaphore_wait_signal_trap+0x7 frames: 0x90024407 0x364de 0x90023d67
   4.754 TIGER-SAMPLE pid 0xa2d n 0x11 thread 0x5503 thread 0x5503 state-kr 0x0 pc 0x900bc3fc leaf poll+0xc frames: 0x900bc3fc 0x2cd134 0x313210b 0x319b321 0x90023d67
   4.755 TIGER-SAMPLE pid 0xa2d n 0x11 thread 0x5603 thread 0x5603 state-kr 0x0 pc 0x90024407 leaf semaphore_wait_signal_trap+0x7 frames: 0x90024407 0x364de 0x90023d67
   4.755 TIGER-SAMPLE pid 0xa2d n 0x11 thread 0x5c07 thread 0x5c07 state-kr 0x0 pc 0x90004df1firstChild#A9B4gu:[0x14dc91980->0x14dc83200->0x14e7fa400, NoneFunctionCall, 32 (StrictMode)] leaf free+0x1 frames: 0x90004df1 0x2cc6bb 0x2cd134 0x313210b 0x319b321 0x90023d67
   4.755 TIGER-SAMPLE pid 0xa2d n 0x11 thread 0x5e07 thread 0x5e07 state-kr 0x0 pc 0x90024407 leaf semaphore_wait_signal_trap+0x7 frames: 0x90024407 0x915a96ab 0x915c3ddc 0x90023d67
   4.765  using DFG with DFG into 480 bytes in 0.575775 ms.
   4.766 Optimized n3#BdoyGM:[0x14ed6eb00->0x10bee5700, LLIntFunctionCall, 296 (StrictMode)] using Baseline with Baseline into 5120 bytes in 0.255323 ms.
   4.766 Optimized n6#D33eon:[0x14d486940->0x10bee5780, LLIntFunctionCall, 150 (StrictMode)] using Baseline with Baseline into 2176 bytes in 0.154140 ms.
   4.766 Optimized isFallback#DhJP4p:[0x14d45e5c0->0x10bfea380, LLIntFunctionCall, 20 (StrictMode)] using Baseline with Baseline into 480 bytes in 0.062612 ms.
   4.768 Optimized #C6XZib:[0x14dc91a60->0x14dc82be0->0x14dc70b80, NoneFunctionCall, 137 (StrictMode)] using DFG with DFG into 1472 bytes in 1.720707 ms.
   4.769 Optimized #CuSPDu:[0x14dc91b40->0x14dc83ac0->0x14e01fd00, NoneFunctionCall, 69 (StrictMode)] using DFG with DFG into 640 bytes in 0.642416 ms.
   4.772 Optimized enterChild#BYgGwM:[0x14dc91c20->0x14dc832e0->0x14e7fa380, NoneFunctionCall, 261 (StrictMode)] using DFG with DFG into 1952 bytes in 2.509198 ms.
   4.774 Optimized startSpan#CVhqDe:[0x14dc91d00->0x14dc82e80->0x14ec14780, NoneFunctionCall, 57 (StrictMode)] using DFG with DFG into 1536 bytes in 1.826913 ms.
   4.775 Optimized #AaLKON:[0x14dc91de0->0x14d8c9b40->0x14d8ccc80, NoneFunctionCall, 25 (StrictMode)] using DFG with DFG into 320 bytes in 0.335594 ms.
   4.776 Optimized n0#AfOH66:[0x14ed6ea20->0x10bee5500, LLIntFunctionCall, 387 (StrictMode)] using Baseline with Baseline into 4192 bytes in 0.172948 ms.
   4.777 Optimized l3#EWXRH4:[0x14dc91ec0->0x14dc40720->0x10bee7d80, NoneFunctionCall, 255 (StrictMode)] using DFG with DFG into 1568 bytes in 1.713795 ms.
   4.779 Optimized o#BZHdGt:[0x14dc91fa0->0x14d484c60->0x10bfbac00, NoneFunctionCall, 162 (StrictMode)] using DFG with DFG into 1952 bytes in 2.353313 ms.
   4.782 Optimized r#Ao0Xt4:[0x14dc92080->0x14d0a1ec0->0x10bfbaa80, NoneFunctionCall, 221 (StrictMode)] using DFG with DFG into 2048 bytes in 2.325173 ms.
   4.785 TIGER-SAMPLE pid 0xa30 n 0xf main 0xd03 thread 0xd03 state-kr 0x0 pc 0x102a39335Optimized ia#CCArSt:[0x14dc92160->0x14d486240->0x10beff800, NoneFunctionConstruct, 194 (StrictMode)] using DFG with DFG into 960 bytes in 2.243138 ms.
   4.785  leaf _ZN3JSC21UnlinkedMetadataTable8finalizeEv+0x245 frames: 0x102a39335 0x102a385ca 0x102a41020 0x102a3de79 0x102a3b9bd 0x103d53f56 0x103d54c4d 0x10319af2a 0x10d009017 0x10d0cdaba 0x10d18af38 0x1049eae28 0x1049e9ca8 0x10d0cc414 0x10d1c8d94 0x10d1ae45d 0x10d192cfa 0x10d1ab357 0x10d00a87e 0x10d1a93b6 0x1049c87c4 0x103647679 0x1037cee04 0x100be8d40 0x101702c86 0x1016f9017 0x1017028b6 0x101726436 0x1016fd7be 0x1017c4ec4 0x1017ca904 0x10261d22f 0x1042a3247 0x100046488 0x100001d0c 0x100001c21 0x3
   4.785 TIGER-SAMPLE pid 0xa30 n 0xf thread 0xf03 thread 0xf03 state-kr 0x0 pc 0x109adfe4e leaf mach_msg_trap+0xa frames: 0x109adfe4e 0x10045c512 0x109a91e9e
   4.786 TIGER-SAMPLE pid 0xa30 n 0xf thread 0x1103 thread 0x1103 state-kr 0x0 pc 0x109a95e22 leaf __semwait_signal+0xa frames: 0x109a95e22 0x1042a12e5 0x1041d56a2 0x1042a4329 0x1042a34a6 0x1042a3089 0x10423ab3e 0x1042a0d09 0x109a91e9e
   4.786 TIGER-SAMPLE pid 0xa30 n 0xf thread 0x2303 thread 0x2303 state-kr 0x0 pc 0x109a95e22 leaf __semwait_signal+0xa frames: 0x109a95e22 0x1042a12e5 0x1041d56a2 0x1042a4329 0x1042a34a6 0x1042a3089 0x10423ab3e 0x1042a0d09 0x109a91e9e
   4.786 TIGER-SAMPLE pid 0xa30 n 0xf thread 0x2403 thread 0x2403 state-kr 0x0 pc 0x109a95e22 leaf __semwait_signal+0xa frames: 0x109a95e22 0x1042a12e5 0x1041d56a2 0x1042a4329 0x1042a34a6 0x1042a3089 0x10423ab3e 0x1042a0d09 0x109a91e9e
   4.786 TIGER-SAMPLE pid 0xa30 n 0xf thread 0x2503 thread 0x2503 state-kr 0x0 pc 0x109a467e6 leaf poll+0xa frames: 0x109a467e6 0x10423ab3e 0x1042a0d09 0x109a91e9e
   4.786 TIGER-SAMPLE pid 0xa30 n 0xf thread 0x2603 thread 0x2603 state-kr 0x0 pc 0x109a95e22 leaf __semwait_signal+0xa frames: 0x109a95e22 0x1042a12e5 0x1041d56a2 0x1042a4329 0x1042a34a6 0x1042a3089 0x10423ab3e 0x1042a0d09 0x109a91e9e
   4.787 TIGER-SAMPLE pid 0xa30 n 0xf thread 0x2703 thread 0x2703 state-kr 0x0 pc 0x109a467e6 leaf poll+0xa frames: 0x109a467e6 0x10423ab3e 0x1042a0d09 0x109a91e9e
   4.787 TIGER-SAMPLE pid 0xa30 n 0xf thread 0x2807 thread 0x2807 state-kr 0x0 pc 0x109a95e22 leaf __semwait_signal+0xa frames: 0x109a95e22 0x1042a12e5 0x1041d56a2 0x1042a4329 0x1042a34a6 0x1042a3089 0x10423ab3e 0x1042a0d09 0x109a91e9e
   4.787 TIGER-SAMPLE pid 0xa30 n 0xf thread 0x2903 thread 0x2903 state-kr 0x0 pc 0x109a95e22 leaf __semwait_signal+0xa frames: 0x109a95e22 0x1042a12e5 0x1041d56a2 0x1042a4329 0x1042a34a6 0x1042a3089 0x10423ab3e 0x1042a0d09 0x109a91e9e
   4.787 TIGER-SAMPLE pid 0xa30 n 0xf thread 0x2a03 thread 0x2a03 state-kr 0x0 pc 0x109a95e22 leaf __semwait_signal+0xa frames: 0x109a95e22 0x1042a12e5 0x1041d56a2 0x1042a4329 0x1042a34a6 0x1042a3089 0x10423ab3e 0x1042a0d09 0x109a91e9e
   4.789 Optimized acceptToken#DUSPKy:[0x14dc92240->0x14dc61ec0->0x14ec17c00, NoneFunctionCall, 141 (StrictMode)] using DFG with DFG into 1056 bytes in 3.686392 ms.
   4.791 Optimized clipPos#AcUfPz:[0x14dc92320->0x14dc618a0->0x14ec17b00, NoneFunctionCall, 230 (StrictMode)] using DFG with DFG into 1440 bytes in 2.398712 ms.
   4.792 Optimized isAnonymous#Cen5pN:[0x14dc925c0->0x14dc83e40->0x10bf53580, NoneFunctionCall, 24 (StrictMode)] using DFG with DFG into 288 bytes in 0.434130 ms.
   4.794 Optimized m#DlYd9Z:[0x14dc926a0->0x14dc834a0->0x10bf52400, NoneFunctionCall, 59 (StrictMode)] using DFG with DFG into 1120 bytes in 1.144441 ms.
   4.795 Optimized im#CTK6Jz:[0x14dc92780->0x14d8caa20->0x10beffc00, NoneFunctionCall, 44 (StrictMode)] using DFG with DFG into 640 bytes in 0.772972 ms.
   4.798 TIGER-SAMPLE pid 0xa30 n 0xf thread 0x2b03 thread 0x2b03 state-kr 0x0 pc 0x109a46712 leaf recvmsg+0xa frames: 0x109a46712 0x10045e43e 0x10423ab3e 0x1042a0d09 0x109a91e9e
   4.798 TIGER-SAMPLE pid 0xa30 n 0xf thread 0x2c03 thread 0x2c03 state-kr 0x0 pc 0x109a95e22 leaf __semwait_signal+0xa frames: 0x109a95e22 0x1042a12e5 0x1041d56a2 0x1042a4329 0x1042a34a6 0x1042a3089 0x10423ab3e 0x1042a0d09 0x109a91e9e
   4.800 Optimized rb#BP8eWF:[0x14dc92860->0x14d5f5de0->0x10bee5b00, NoneFunctionCall, 917 (StrictMode)] using DFG with DFG into 7072 bytes in 5.073580 ms.
   4.813 Optimized i#AOJfW4:[0x14dc92940->0x14ed6f900->0x14ed81d00, NoneFunctionCall, 1723 (StrictMode)] using DFG with DFG into 8352 bytes in 12.453014 ms.
   4.814 Optimized y#BnW3cI:[0x14dc93200->0x10bf07680, LLIntFunctionCall, 714 (StrictMode)] using Baseline with Baseline into 8224 bytes in 1.349905 ms.
   4.815 Optimized oc#BIsEab:[0x14dc92a20->0x14d9879e0->0x10befe100, NoneFunctionCall, 71 (StrictMode)] using DFG with DFG into 800 bytes in 1.403584 ms.
   4.817 Optimized l#DRlu3k:[0x14dc92b00->0x14d1adc20->0x10bea4800, NoneFunctionCall, 237 (DidTryToEnterInLoop) (StrictMode)] using DFG with DFG into 2784 bytes in 1.883835 ms.
   4.819 Optimized lv#Dsb98p:[0x14dc92be0->0x14dc401e0->0x10bee6980, NoneFunctionCall, 93 (StrictMode)] using DFG with DFG into 928 bytes in 1.246852 ms.
   4.822 Optimized lP#AHtp3C:[0x14dc92cc0->0x14d987c80->0x10bee6e00, NoneFunctionCall, 560 (StrictMode)] using DFG with DFG into 1952 bytes in 2.670758 ms.
   4.822 Optimized get#Bs9VKW:[0x14dc92da0->0x14d1af9e0->0x10bf07b00, NoneFunctionCall, 19 (StrictMode)] using DFG with DFG into 192 bytes in 0.306928 ms.
   4.823 Optimized isInterceptionRouteAppPath#Bs9VKW:[0x14dc92e80->0x14d1afba0->0x10bf07e00, NoneFunctionCall, 19 (StrictMode)] using DFG with DFG into 192 bytes in 0.294902 ms.
   4.824 Optimized o#B2PpWj:[0x14dc92f60->0x14d1afc80->0x10bf07b80, NoneFunctionCall, 43 (StrictMode)] using DFG with DFG into 768 bytes in 0.663133 ms.
   4.824 Optimized get#Bs9VKW:[0x14dc93040->0x14d8c8f00->0x14d183a00, NoneFunctionCall, 19 (StrictMode)] using DFG with DFG into 192 bytes in 0.334010 ms.
   4.826 Optimized putAction#EAR1Ac:[0x14dc93580->0x14dc62320->0x14ec48780, NoneFunctionCall, 120 (StrictMode)] using DFG with DFG into 992 bytes in 1.343504 ms.
   4.836 Optimized advanceStack#AtlhbA:[0x14dc93660->0x14dc61520->0x14ec48b00, NoneFunctionCall, 1389 (StrictMode)] using DFG with DFG into 2976 bytes in 9.375996 ms.
   4.837 TIGER-SAMPLE pid 0xa30 n 0xf thread 0x2d03 thread 0x2d03 state-kr 0x0 pc 0x109a46712 leaf recvmsg+0xa frames: 0x109a46712 0x10045e43e 0x10423ab3e 0x1042a0d09 0x109a91e9e
   4.849 TIGER-SAMPLE pid 0xa30 n 0xf thread 0x4103 thread 0x4103 state-kr 0x0 pc 0x102c24283 leaf _ZN3JSC3DFG10FixupPhase27fixupGetAndSetLocalsInBlockEPNS0_10BasicBlockE+0xd3 frames: 0x102c24283 0x102c24190 0x102c23e45 0x102be5cd5 0x102d6ca81 0x1031ce314 0x103213738 0x1041b2344 0x10423ab3e 0x1042a0d09 0x109a91e9e
   4.849 TIGER-SAMPLE pid 0xa30 n 0xf thread 0x4203 thread 0x4203 state-kr 0x0 pc 0x109a95e22 leaf __semwait_signal+0xa frames: 0x109a95e22 0x1042a1327 0x1041d56a2 0x1041b2277 0x10423ab3e 0x1042a0d09 0x109a91e9e
   4.857 Optimized every#C0Wx6p:[0x14dc93740->0x10be098a0->0x10bc384d8, NoneFunctionCall, 101 (StrictMode)] using DFG with DFG into 1664 bytes in 21.551036 ms.
   4.859 TIGER-SAMPLE pid 0xa31 n 0x10 main 0xd03 thread 0xd03 state-kr 0x0 pc 0x109895e22 leaf __semwait_signal+0xa frames: 0x109895e22 0x10409ca17 0x103fcd562 0x10409fb49 0x10409ec36 0x10409e819 0x10004a16b 0x10000154c 0x100001461 0x3
   4.859 TIGER-SAMPLE pid 0xa31 n 0x10 thread 0xf03 thread 0xf03 state-kr 0x0 pc 0x1098dfe4e leaf mach_msg_trap+0xa frames: 0x1098dfe4e 0x100327902 0x109891e9e
   4.859 TIGER-SAMPLE pid 0xa31 n 0x10 thread 0x1103 thread 0x1103 state-kr 0x0 pc 0x109895e22 leaf __semwait_signal+0xa frames: 0x109895e22 0x10409c9d5 0x103fcd562 0x10409fb49 0x10409ec36 0x10409e819 0x104033bfe 0x10409c3f9 0x109891e9e
   4.860 TIGER-SAMPLE pid 0xa31 n 0x10 thread 0x2303 thread 0x2303 state-kr 0x0 pc 0x1098467e6 leaf poll+0xa frames: 0x1098467e6 0x104033bfe 0x10409c3f9 0x109891e9e
   4.860 TIGER-SAMPLE pid 0xa31 n 0x10 thread 0x2407 thread 0x2407 state-kr 0x0 pc 0x109895e22 leaf __semwait_signal+0xa frames: 0x109895e22 0x10409c9d5 0x103fcd562 0x10409fb49 0x10409ec36 0x10409e819 0x104033bfe 0x10409c3f9 0x109891e9e
   4.860 TIGER-SAMPLE pid 0xa31 n 0x10 thread 0x2503 thread 0x2503 state-kr 0x0 pc 0x109895e22 leaf __semwait_signal+0xa frames: 0x109895e22 0x10409c9d5 0x103fcd562 0x10409fb49 0x10409ec36 0x10409e819 0x104033bfe 0x10409c3f9 0x109891e9e
   4.860 TIGER-SAMPLE pid 0xa31 n 0x10 thread 0x2603 thread 0x2603 state-kr 0x0 pc 0x109895e22 leaf __semwait_signal+0xa frames: 0x109895e22 0x10409c9d5 0x103fcd562 0x10409fb49 0x10409ec36 0x10409e819 0x104033bfe 0x10409c3f9 0x109891e9e
   4.861 TIGER-SAMPLE pid 0xa31 n 0x10 thread 0x2703 thread 0x2703 state-kr 0x0 pc 0x109895e22 leaf __semwait_signal+0xa frames: 0x109895e22 0x10409c9d5 0x103fcd562 0x10409fb49 0x10409ec36 0x10409e819 0x104033bfe 0x10409c3f9 0x109891e9e
   4.861 TIGER-SAMPLE pid 0xa31 n 0x10 thread 0x2903 thread 0x2903 state-kr 0x0 pc 0x109895e22 leaf __semwait_signal+0xa frames: 0x109895e22 0x10409c9d5 0x103fcd562 0x10409fb49 0x10409ec36 0x10409e819 0x104033bfe 0x10409c3f9 0x109891e9e
   4.861 TIGER-SAMPLE pid 0xa31 n 0x10 thread 0x2a03 thread 0x2a03 state-kr 0x0 pc 0x1098467e6 leaf poll+0xa frames: 0x1098467e6 0x104033bfe 0x10409c3f9 0x109891e9e
   4.861 TIGER-SAMPLE pid 0xa31 n 0x10 thread 0x2b03 thread 0x2b03 state-kr 0x0 pc 0x1098467e6 leaf poll+0xa frames: 0x1098467e6 0x104388627 0x1043887ea 0x101f32ba7 0x101f3e971 0x104033bfe 0x10409c3f9 0x109891e9e
   4.862 Optimized map#CPBdlN:[0x14dc93820->0x14d0c8c60->0x10bbbc200, NoneFunctionCall, 108 (DidTryToEnterInLoop) (StrictMode)] using DFG with DFG into 1920 bytes in 4.049429 ms.
   4.865 Optimized matchContext#BKP8Ti:[0x14dc93900->0x14dc83d60->0x14e7fac80, NoneFunctionCall, 257 (StrictMode)] using DFG with DFG into 1792 bytes in 2.889779 ms.
   4.896 Optimized rw#BNMFiN:[0x14dc939e0->0x14d5f5c20->0x10bee5c00, NoneFunctionCall, 565 (StrictMode)] using DFG with DFG into 9632 bytes in 30.653037 ms.
   4.897 Optimized useState#BrhN0e:[0x14dc93ac0->0x14d987ac0->0x10bf04880, NoneFunctionCall, 41 (StrictMode)] using DFG with DFG into 640 bytes in 0.826642 ms.
   4.898 Optimized lO#DURc2c:[0x14dc93ba0->0x14d987ba0->0x10bee7080, NoneFunctionCall, 67 (StrictMode)] using DFG with DFG into 672 bytes in 0.541143 ms.
   4.899 Optimized n#Bcnp6x:[0x14dc93c80->0x14d484800->0x10bfcd500, NoneFunctionCall, 109 (StrictMode)] using DFG with DFG into 1568 bytes in 1.264992 ms.
   4.902 Optimized ar#BYPYfS:[0x14dc93d60->0x14d987f20->0x10befc380, NoneFunctionCall, 215 (StrictMode)] using DFG with DFG into 2048 bytes in 1.812205 ms.
   4.903 Optimized isDynamicRoute#EoXaU3:[0x14dc93e40->0x14d45f3c0->0x10bfeb100, NoneFunctionCall, 27 (StrictMode)] using DFG with DFG into 224 bytes in 0.545319 ms.
   4.903 Optimized get#B1amzl:[0x14dc93f20->0x14d8c8800->0x14d091700, NoneFunctionCall, 19 (StrictMode)] using DFG with DFG into 192 bytes in 0.292355 ms.
   4.904 Optimized get#Bs9VKW:[0x14f4981e0->0x14d8c89c0->0x14d091900, NoneFunctionCall, 19 (StrictMode)] using DFG with DFG into 192 bytes in 0.290436 ms.
   4.905 Optimized get#Bs9VKW:[0x14f4982c0->0x14d484640->0x10bfba900, NoneFunctionCall, 19 (StrictMode)] using DFG with DFG into 192 bytes in 0.309644 ms.
   4.906 Optimized o#Elo5F7:[0x14f4983a0->0x14d4848e0->0x10bfba880, NoneFunctionCall, 76 (StrictMode)] using DFG with DFG into 608 bytes in 1.136095 ms.
   4.907 Optimized get#D2wQTJ:[0x14f498480->0x14d484aa0->0x10bfbaa00, NoneFunctionCall, 19 (StrictMode)] using DFG with DFG into 192 bytes in 0.294191 ms.
   4.908 Optimized oo#ATFfFL:[0x14f498560->0x14d8ca940->0x10befdf00, NoneFunctionCall, 71 (StrictMode)] using DFG with DFG into 672 bytes in 0.551378 ms.
   4.908 Optimized get#CguBIp:[0x14f498aa0->0x14d8c8d40->0x14d183780, NoneFunctionCall, 19 (StrictMode)] using DFG with DFG into 192 bytes in 0.299012 ms.
   4.909 Optimized #ElhUWf:[0x14f498b80->0x14d8c9440->0x14d8cc700, NoneFunctionCall, 9 (StrictMode)] using DFG with DFG into 320 bytes in 0.307920 ms.
   4.909 Optimized get#Cav8pp:[0x14f498c60->0x14d484720->0x10bfcd480, NoneFunctionCall, 21 (StrictMode)] using DFG with DFG into 192 bytes in 0.315343 ms.
   4.914 Optimized aV#DWnNgS:[0x14f498d40->0x14d5f7ba0->0x10befd380, NoneFunctionCall, 420 (StrictMode)] using DFG with DFG into 3872 bytes in 3.997544 ms.
   4.929 Optimized #BR8J1M:[0x14f498e20->0x14d987660->0x14ed81b00, NoneFunctionCall, 811 (StrictMode)] using DFG with DFG into 3456 bytes in 15.237727 ms.
   4.936 Optimized os#BIMSoZ:[0x14f498f00->0x14d987900->0x10befe080, NoneFunctionCall, 475 (StrictMode)] using DFG with DFG into 1856 bytes in 6.330737 ms.
   4.938 Optimized o#BYsMDI:[0x14f4997c0->0x14d8c8fe0->0x14d183900, NoneFunctionCall, 188 (StrictMode)] using DFG with DFG into 2656 bytes in 2.178055 ms.
   5.007 TIGER-SAMPLE pid 0xa2d n 0x12 main 0x117 thread 0x117 state-kr 0x0 pc 0x90009817 leaf mach_msg_trap+0x7 frames: 0x90009817 0x9082d227 0x9082ca42 0x92e06878 0x92e05f82 0x92e05dd9 0x9328cf45 0x9328cb37 0x932868c4 0x8af6 0x82f2 0x8219 0x5
   5.007 TIGER-SAMPLE pid 0xa2d n 0x12 thread 0x1203 thread 0x1203 state-kr 0x0 pc 0x90009817 leaf mach_msg_trap+0x7 frames: 0x90009817 0x2ca6d8 0x90023d67
   5.007 TIGER-SAMPLE pid 0xa2d n 0x12 thread 0x3207 thread 0x3207 state-kr 0x0 pc 0x90024407 leaf semaphore_wait_signal_trap+0x7 frames: 0x90024407 0x364de 0x90023d67
   5.007 TIGER-SAMPLE pid 0xa2d n 0x12 thread 0x3403 thread 0x3403 state-kr 0x0 pc 0x90024407 leaf semaphore_wait_signal_trap+0x7 frames: 0x90024407 0x364de 0x90023d67
   5.007 TIGER-SAMPLE pid 0xa2d n 0x12 thread 0x5103 thread 0x5103 state-kr 0x0 pc 0x900bc3fc leaf poll+0xc frames: 0x900bc3fc 0x2cd134 0x313210b 0x319b321 0x90023d67
   5.007 TIGER-SAMPLE pid 0xa2d n 0x12 thread 0x5203 thread 0x5203 state-kr 0x0 pc 0x90024407 leaf semaphore_wait_signal_trap+0x7 frames: 0x90024407 0x364de 0x90023d67
   5.007 TIGER-SAMPLE pid 0xa2d n 0x12 thread 0x5503 thread 0x5503 state-kr 0x0 pc 0x900bc3fc leaf poll+0xc frames: 0x900bc3fc 0x2cd134 0x313210b 0x319b321 0x90023d67
   5.007 TIGER-SAMPLE pid 0xa2d n 0x12 thread 0x5603 thread 0x5603 state-kr 0x0 pc 0x90024407 leaf semaphore_wait_signal_trap+0x7 frames: 0x90024407 0x364de 0x90023d67
   5.008 TIGER-SAMPLE pid 0xa2d n 0x12 thread 0x5c07 thread 0x5c07 state-kr 0x0 pc 0x2cbfd0Optimized #CRYrmH:[0x14d8c9a60->0x14d8ccc00, LLIntFunctionCall, 113 (StrictMode)] using Baseline with Baseline into 1344 bytes in 0.177283 ms.
   5.008 Optimized #CvAyWZ:[0x14d8c9c20->0x14d8ccb00, LLIntFunctionCall, 182 (StrictMode)] using Baseline with Baseline into 2080 bytes in 0.125323 ms.
   5.011  leaf _ZN3IPC10Connection16readyReadHandlerEv+0x190 frames: 0x2cbfd0 0x2cc6bb 0x2cd134 0x313210b 0x319b321 0x90023d67
   5.011 TIGER-SAMPLE pid 0xa2d n 0x12 thread 0x5e07 thread 0x5e07 state-kr 0x0 pc 0x90024407 leaf semaphore_wait_signal_trap+0x7 frames: 0x90024407 0x915a96ab 0x915c3ddc 0x90023d67
   5.011 Optimized rG#BhgnCH:[0x14d8cb660->0x10bee6480, LLIntFunctionCall, 121 (StrictMode)] using Baseline with Baseline into 864 bytes in 0.102041 ms.
   5.011 Optimized rK#DEzYK7:[0x14e092f60->0x10bee6380, LLIntFunctionCall, 215 (StrictMode)] using Baseline with Baseline into 1824 bytes in 0.124431 ms.
   5.014 Optimized get#Cav8pp:[0x14d45e940->0x10bf07780, LLIntFunctionCall, 21 (StrictMode)] using Baseline with Baseline into 256 bytes in 0.073213 ms.
   5.024 Optimized #BGAXKM:[0x14f49a160->0x14d45caa0->0x14ed81d80, NoneFunctionCall, 880 (StrictMode)] using DFG with DFG into 6080 bytes in 9.160668 ms.
   5.026 Optimized rD#Cw2yPg:[0x14f49a240->0x14ed6fba0->0x10bee6000, NoneFunctionCall, 36 (DidTryToEnterInLoop) (StrictMode)] using DFG with DFG into 992 bytes in 0.785038 ms.
   5.032 Optimized u1#Am2XHQ:[0x14dc410c0->0x10bf01b80, LLIntFunctionCall, 2144 (StrictMode)] using Baseline with Baseline into 24032 bytes in 0.791409 ms.
   5.033 Optimized u4#CtxTpy:[0x14dc40fe0->0x10bf01c80, LLIntFunctionCall, 2544 (StrictMode)] using Baseline with Baseline into 25024 bytes in 0.680386 ms.
   5.033 Optimized u8#AGhKPn:[0x14dc40f00->0x10bf01d00, LLIntFunctionCall, 24 (StrictMode)] using Baseline with Baseline into 672 bytes in 0.061198 ms.
   5.042 Optimized u#DXCdkv:[0x14f49a400->0x14d8c8e20->0x14d183700, NoneFunctionCall, 497 (StrictMode)] using DFG with DFG into 5152 bytes in 5.956647 ms.
   5.045 Optimized l1#CFT1ip:[0x14f49a4e0->0x14d45c640->0x10bee7c00, NoneFunctionCall, 174 (StrictMode)] using DFG with DFG into 1952 bytes in 1.809810 ms.
   5.047 Optimized ig#AkBzUF:[0x14d8cb9e0->0x10beffd00, LLIntFunctionCall, 21 (StrictMode)] using Baseline with Baseline into 608 bytes in 0.087298 ms.
   5.058 Optimized #AhLLZD:[0x14f016da0->0x14e01f380, LLIntFunctionCall, 120 (StrictMode)] using Baseline with Baseline into 1504 bytes in 0.141193 ms.
   5.100 TIGER-SAMPLE pid 0xa30 n 0x10 main 0xd03 thread 0xd03 state-kr 0x0 pc 0x109a95e22 leaf __semwait_signal+0xa frames: 0x109a95e22 0x1042a1327 0x1041d56a2 0x1042a4329 0x1042a34a6 0x1042a3089 0x100046488 0x100001d0c 0x100001c21 0x3
   5.100 TIGER-SAMPLE pid 0xa30 n 0x10 thread 0xf03 thread 0xf03 state-kr 0x0 pc 0x109adfe4e leaf mach_msg_trap+0xa frames: 0x109adfe4e 0x10045c512 0x109a91e9e
   5.100 TIGER-SAMPLE pid 0xa30 n 0x10 thread 0x1103 thread 0x1103 state-kr 0x0 pc 0x109a95e22 leaf __semwait_signal+0xa frames: 0x109a95e22 0x1042a12e5 0x1041d56a2 0x1042a4329 0x1042a34a6 0x1042a3089 0x10423ab3e 0x1042a0d09 0x109a91e9e
   5.101 TIGER-SAMPLE pid 0xa30 n 0x10 thread 0x2303 thread 0x2303 state-kr 0x0 pc 0x109a95e22 leaf __semwait_signal+0xa frames: 0x109a95e22 0x1042a12e5 0x1041d56a2 0x1042a4329 0x1042a34a6 0x1042a3089 0x10423ab3e 0x1042a0d09 0x109a91e9e
   5.101 TIGER-SAMPLE pid 0xa30 n 0x10 thread 0x2403 thread 0x2403 state-kr 0x0 pc 0x109a95e22 leaf __semwait_signal+0xa frames: 0x109a95e22 0x1042a12e5 0x1041d56a2 0x1042a4329 0x1042a34a6 0x1042a3089 0x10423ab3e 0x1042a0d09 0x109a91e9e
   5.101 TIGER-SAMPLE pid 0xa30 n 0x10 thread 0x2503 thread 0x2503 state-kr 0x0 pc 0x109a467e6 leaf poll+0xa frames: 0x109a467e6 0x10423ab3e 0x1042a0d09 0x109a91e9e
   5.101 TIGER-SAMPLE pid 0xa30 n 0x10 thread 0x2603 thread 0x2603 state-kr 0x0 pc 0x109a95e22 leaf __semwait_signal+0xa frames: 0x109a95e22 0x1042a12e5 0x1041d56a2 0x1042a4329 0x1042a34a6 0x1042a3089 0x10423ab3e 0x1042a0d09 0x109a91e9e
   5.101 TIGER-SAMPLE pid 0xa30 n 0x10 thread 0x2703 thread 0x2703 state-kr 0x0 pc 0x109a467e6 leaf poll+0xa frames: 0x109a467e6 0x10423ab3e 0x1042a0d09 0x109a91e9e
   5.102 TIGER-SAMPLE pid 0xa30 n 0x10 thread 0x2807 thread 0x2807 state-kr 0x0 pc 0x109a95e22 leaf __semwait_signal+0xa frames: 0x109a95e22 0x1042a12e5 0x1041d56a2 0x1042a4329 0x1042a34a6 0x1042a3089 0x10423ab3e 0x1042a0d09 0x109a91e9e
   5.102 TIGER-SAMPLE pid 0xa30 n 0x10 thread 0x2903 thread 0x2903 state-kr 0x0 pc 0x109a95e22 leaf __semwait_signal+0xa frames: 0x109a95e22 0x1042a12e5 0x1041d56a2 0x1042a4329 0x1042a34a6 0x1042a3089 0x10423ab3e 0x1042a0d09 0x109a91e9e
   5.102 TIGER-SAMPLE pid 0xa30 n 0x10 thread 0x2a03 thread 0x2a03 state-kr 0x0 pc 0x109a95e22 leaf __semwait_signal+0xa frames: 0x109a95e22 0x1042a12e5 0x1041d56a2 0x1042a4329 0x1042a34a6 0x1042a3089 0x10423ab3e 0x1042a0d09 0x109a91e9e
   5.113 TIGER-SAMPLE pid 0xa31 n 0x11 main 0xd03 thread 0xd03 state-kr 0x0 pc 0x109895e22 leaf __semwait_signal+0xa frames: 0x109895e22 0x10409ca17 0x103fcd562 0x10409fb49 0x10409ec36 0x10409e819 0x10004a16b 0x10000154c 0x100001461 0x3
   5.113 TIGER-SAMPLE pid 0xa31 n 0x11 thread 0xf03 thread 0xf03 state-kr 0x0 pc 0x1098dfe4e leaf mach_msg_trap+0xa frames: 0x1098dfe4e 0x100327902 0x109891e9e
   5.113 TIGER-SAMPLE pid 0xa31 n 0x11 thread 0x1103 thread 0x1103 state-kr 0x0 pc 0x109895e22 leaf __semwait_signal+0xa frames: 0x109895e22 0x10409c9d5 0x103fcd562 0x10409fb49 0x10409ec36 0x10409e819 0x104033bfe 0x10409c3f9 0x109891e9e
   5.113 TIGER-SAMPLE pid 0xa31 n 0x11 thread 0x2303 thread 0x2303 state-kr 0x0 pc 0x1098467e6 leaf poll+0xa frames: 0x1098467e6 0x104033bfe 0x10409c3f9 0x109891e9e
   5.113 TIGER-SAMPLE pid 0xa31 n 0x11 thread 0x2407 thread 0x2407 state-kr 0x0 pc 0x109895e22 leaf __semwait_signal+0xa frames: 0x109895e22 0x10409c9d5 0x103fcd562 0x10409fb49 0x10409ec36 0x10409e819 0x104033bfe 0x10409c3f9 0x109891e9e
   5.113 TIGER-SAMPLE pid 0xa31 n 0x11 thread 0x2503 thread 0x2503 state-kr 0x0 pc 0x109895e22 leaf __semwait_signal+0xa frames: 0x109895e22 0x10409c9d5 0x103fcd562 0x10409fb49 0x10409ec36 0x10409e819 0x104033bfe 0x10409c3f9 0x109891e9e
   5.113 TIGER-SAMPLE pid 0xa31 n 0x11 thread 0x2603 thread 0x2603 state-kr 0x0 pc 0x109895e22 leaf __semwait_signal+0xa frames: 0x109895e22 0x10409c9d5 0x103fcd562 0x10409fb49 0x10409ec36 0x10409e819 0x104033bfe 0x10409c3f9 0x109891e9e
   5.113 TIGER-SAMPLE pid 0xa31 n 0x11 thread 0x2703 thread 0x2703 state-kr 0x0 pc 0x109895e22 leaf __semwait_signal+0xa frames: 0x109895e22 0x10409c9d5 0x103fcd562 0x10409fb49 0x10409ec36 0x10409e819 0x104033bfe 0x10409c3f9 0x109891e9e
   5.113 TIGER-SAMPLE pid 0xa31 n 0x11 thread 0x2903 thread 0x2903 state-kr 0x0 pc 0x109895e22 leaf __semwait_signal+0xa frames: 0x109895e22 0x10409c9d5 0x103fcd562 0x10409fb49 0x10409ec36 0x10409e819 0x104033bfe 0x10409c3f9 0x109891e9e
   5.113 TIGER-SAMPLE pid 0xa31 n 0x11 thread 0x2a03 thread 0x2a03 state-kr 0x0 pc 0x1098467e6 leaf poll+0xa frames: 0x1098467e6 0x104033bfe 0x10409c3f9 0x109891e9e
   5.113 TIGER-SAMPLE pid 0xa31 n 0x11 thread 0x2b03 thread 0x2b03 state-kr 0x0 pc 0x1098467e6 leaf poll+0xa frames: 0x1098467e6 0x104388627 0x1043887ea 0x101f32ba7 0x101f3e971 0x104033bfe 0x10409c3f9 0x109891e9e
   5.119 TIGER-SAMPLE pid 0xa30 n 0x10 thread 0x2b03 thread 0x2b03 state-kr 0x0 pc 0x109a46712 leaf recvmsg+0xa frames: 0x109a46712 0x10045e43e 0x10423ab3e 0x1042a0d09 0x109a91e9e
   5.120 TIGER-SAMPLE pid 0xa30 n 0x10 thread 0x2c03 thread 0x2c03 state-kr 0x0 pc 0x109a95e22 leaf __semwait_signal+0xa frames: 0x109a95e22 0x1042a12e5 0x1041d56a2 0x1042a4329 0x1042a34a6 0x1042a3089 0x10423ab3e 0x1042a0d09 0x109a91e9e
   5.140 TIGER-SAMPLE pid 0xa30 n 0x10 thread 0x2d03 thread 0x2d03 state-kr 0x0 pc 0x7fffffe0069b frames: 0x7fffffe0069b 0x109aab293 0x109adafc8 0x1041bec11 0x10045dbf8 0x10045e43e 0x10423ab3e 0x1042a0d09 0x109a91e9e
   5.140 TIGER-SAMPLE pid 0xa30 n 0x10 thread 0x4103 thread 0x4103 state-kr 0x0 pc 0x109a95e22 leaf __semwait_signal+0xa frames: 0x109a95e22 0x1042a1327 0x1041d56a2 0x1041b2277 0x10423ab3e 0x1042a0d09 0x109a91e9e
   5.140 TIGER-SAMPLE pid 0xa30 n 0x10 thread 0x4203 thread 0x4203 state-kr 0x0 pc 0x109a95e22 leaf __semwait_signal+0xa frames: 0x109a95e22 0x1042a1327 0x1041d56a2 0x1041b2277 0x10423ab3e 0x1042a0d09 0x109a91e9e
   5.261 TIGER-SAMPLE pid 0xa2d n 0x13 main 0x117 thread 0x117 state-kr 0x0 pc 0x90009817 leaf mach_msg_trap+0x7 frames: 0x90009817 0x9082d227 0x9082ca42 0x92e06878 0x92e05f82 0x92e05dd9 0x9328cf45 0x9328cb37 0x932868c4 0x8af6 0x82f2 0x8219 0x5
   5.261 TIGER-SAMPLE pid 0xa2d n 0x13 thread 0x1203 thread 0x1203 state-kr 0x0 pc 0x90009817 leaf mach_msg_trap+0x7 frames: 0x90009817 0x2ca6d8 0x90023d67
   5.262 TIGER-SAMPLE pid 0xa2d n 0x13 thread 0x3207 thread 0x3207 state-kr 0x0 pc 0x90024407 leaf semaphore_wait_signal_trap+0x7 frames: 0x90024407 0x364de 0x90023d67
   5.262 TIGER-SAMPLE pid 0xa2d n 0x13 thread 0x3403 thread 0x3403 state-kr 0x0 pc 0x90024407 leaf semaphore_wait_signal_trap+0x7 frames: 0x90024407 0x364de 0x90023d67
   5.262 TIGER-SAMPLE pid 0xa2d n 0x13 thread 0x5103 thread 0x5103 state-kr 0x0 pc 0x900bc3fc leaf poll+0xc frames: 0x900bc3fc 0x2cd134 0x313210b 0x319b321 0x90023d67
   5.262 TIGER-SAMPLE pid 0xa2d n 0x13 thread 0x5203 thread 0x5203 state-kr 0x0 pc 0x90024407 leaf semaphore_wait_signal_trap+0x7 frames: 0x90024407 0x364de 0x90023d67
   5.263 TIGER-SAMPLE pid 0xa2d n 0x13 thread 0x5503 thread 0x5503 state-kr 0x0 pc 0x900bc3fc leaf poll+0xc frames: 0x900bc3fc 0x2cd134 0x313210b 0x319b321 0x90023d67
   5.263 TIGER-SAMPLE pid 0xa2d n 0x13 thread 0x5603 thread 0x5603 state-kr 0x0 pc 0x90024407 leaf semaphore_wait_signal_trap+0x7 frames: 0x90024407 0x364de 0x90023d67
   5.263 TIGER-SAMPLE pid 0xa2d n 0x13 thread 0x5c07 thread 0x5c07 state-kr 0x0 pc 0x900265fc leaf recvmsg+0xc frames: 0x900265fc 0x2cc6bb 0x2cd134 0x313210b 0x319b321 0x90023d67
   5.263 TIGER-SAMPLE pid 0xa2d n 0x13 thread 0x5e07 thread 0x5e07 state-kr 0x0 pc 0x90024407 leaf semaphore_wait_signal_trap+0x7 frames: 0x90024407 0x915a96ab 0x915c3ddc 0x90023d67
   5.363 TIGER-SAMPLE pid 0xa31 n 0x12 main 0xd03 thread 0xd03 state-kr 0x0 pc 0x109895e22 leaf __semwait_signal+0xa frames: 0x109895e22 0x10409ca17 0x103fcd562 0x10409fb49 0x10409ec36 0x10409e819 0x10004a16b 0x10000154c 0x100001461 0x3
   5.364 TIGER-SAMPLE pid 0xa31 n 0x12 thread 0xf03 thread 0xf03 state-kr 0x0 pc 0x1098dfe4e leaf mach_msg_trap+0xa frames: 0x1098dfe4e 0x100327902 0x109891e9e
   5.365 TIGER-SAMPLE pid 0xa31 n 0x12 thread 0x1103 thread 0x1103 state-kr 0x0 pc 0x109895e22 leaf __semwait_signal+0xa frames: 0x109895e22 0x10409c9d5 0x103fcd562 0x10409fb49 0x10409ec36 0x10409e819 0x104033bfe 0x10409c3f9 0x109891e9e
   5.365 TIGER-SAMPLE pid 0xa31 n 0x12 thread 0x2303 thread 0x2303 state-kr 0x0 pc 0x1098467e6 leaf poll+0xa frames: 0x1098467e6 0x104033bfe 0x10409c3f9 0x109891e9e
   5.365 TIGER-SAMPLE pid 0xa31 n 0x12 thread 0x2407 thread 0x2407 state-kr 0x0 pc 0x109895e22 leaf __semwait_signal+0xa frames: 0x109895e22 0x10409c9d5 0x103fcd562 0x10409fb49 0x10409ec36 0x10409e819 0x104033bfe 0x10409c3f9 0x109891e9e
   5.365 TIGER-SAMPLE pid 0xa31 n 0x12 thread 0x2503 thread 0x2503 state-kr 0x0 pc 0x109895e22 leaf __semwait_signal+0xa frames: 0x109895e22 0x10409c9d5 0x103fcd562 0x10409fb49 0x10409ec36 0x10409e819 0x104033bfe 0x10409c3f9 0x109891e9e
   5.365 TIGER-SAMPLE pid 0xa31 n 0x12 thread 0x2603 thread 0x2603 state-kr 0x0 pc 0x109895e22 leaf __semwait_signal+0xa frames: 0x109895e22 0x10409c9d5 0x103fcd562 0x10409fb49 0x10409ec36 0x10409e819 0x104033bfe 0x10409c3f9 0x109891e9e
   5.365 TIGER-SAMPLE pid 0xa31 n 0x12 thread 0x2703 thread 0x2703 state-kr 0x0 pc 0x109895e22 leaf __semwait_signal+0xa frames: 0x109895e22 0x10409c9d5 0x103fcd562 0x10409fb49 0x10409ec36 0x10409e819 0x104033bfe 0x10409c3f9 0x109891e9e
   5.365 TIGER-SAMPLE pid 0xa31 n 0x12 thread 0x2903 thread 0x2903 state-kr 0x0 pc 0x109895e22 leaf __semwait_signal+0xa frames: 0x109895e22 0x10409c9d5 0x103fcd562 0x10409fb49 0x10409ec36 0x10409e819 0x104033bfe 0x10409c3f9 0x109891e9e
   5.365 TIGER-SAMPLE pid 0xa31 n 0x12 thread 0x2a03 thread 0x2a03 state-kr 0x0 pc 0x1098467e6 leaf poll+0xa frames: 0x1098467e6 0x104033bfe 0x10409c3f9 0x109891e9e
   5.365 TIGER-SAMPLE pid 0xa31 n 0x12 thread 0x2b03 thread 0x2b03 state-kr 0x0 pc 0x1098467e6 leaf poll+0xa frames: 0x1098467e6 0x104388627 0x1043887ea 0x101f32ba7 0x101f3e971 0x104033bfe 0x10409c3f9 0x109891e9e
   5.391 TIGER-SAMPLE pid 0xa30 n 0x11 main 0xd03 thread 0xd03 state-kr 0x0 pc 0x109a95e22 leaf __semwait_signal+0xa frames: 0x109a95e22 0x1042a1327 0x1041d56a2 0x1042a4329 0x1042a34a6 0x1042a3089 0x100046488 0x100001d0c 0x100001c21 0x3
   5.391 TIGER-SAMPLE pid 0xa30 n 0x11 thread 0xf03 thread 0xf03 state-kr 0x0 pc 0x109adfe4e leaf mach_msg_trap+0xa frames: 0x109adfe4e 0x10045c512 0x109a91e9e
   5.391 TIGER-SAMPLE pid 0xa30 n 0x11 thread 0x1103 thread 0x1103 state-kr 0x0 pc 0x109a95e22 leaf __semwait_signal+0xa frames: 0x109a95e22 0x1042a12e5 0x1041d56a2 0x1042a4329 0x1042a34a6 0x1042a3089 0x10423ab3e 0x1042a0d09 0x109a91e9e
   5.391 TIGER-SAMPLE pid 0xa30 n 0x11 thread 0x2303 thread 0x2303 state-kr 0x0 pc 0x109a95e22 leaf __semwait_signal+0xa frames: 0x109a95e22 0x1042a12e5 0x1041d56a2 0x1042a4329 0x1042a34a6 0x1042a3089 0x10423ab3e 0x1042a0d09 0x109a91e9e
   5.392 TIGER-SAMPLE pid 0xa30 n 0x11 thread 0x2403 thread 0x2403 state-kr 0x0 pc 0x109a95e22 leaf __semwait_signal+0xa frames: 0x109a95e22 0x1042a12e5 0x1041d56a2 0x1042a4329 0x1042a34a6 0x1042a3089 0x10423ab3e 0x1042a0d09 0x109a91e9e
   5.392 TIGER-SAMPLE pid 0xa30 n 0x11 thread 0x2503 thread 0x2503 state-kr 0x0 pc 0x109a467e6 leaf poll+0xa frames: 0x109a467e6 0x10423ab3e 0x1042a0d09 0x109a91e9e
   5.392 TIGER-SAMPLE pid 0xa30 n 0x11 thread 0x2603 thread 0x2603 state-kr 0x0 pc 0x109a95e22 leaf __semwait_signal+0xa frames: 0x109a95e22 0x1042a12e5 0x1041d56a2 0x1042a4329 0x1042a34a6 0x1042a3089 0x10423ab3e 0x1042a0d09 0x109a91e9e
   5.392 TIGER-SAMPLE pid 0xa30 n 0x11 thread 0x2703 thread 0x2703 state-kr 0x0 pc 0x109a467e6 leaf poll+0xa frames: 0x109a467e6 0x10423ab3e 0x1042a0d09 0x109a91e9e
   5.393 TIGER-SAMPLE pid 0xa30 n 0x11 thread 0x2807 thread 0x2807 state-kr 0x0 pc 0x109a95e22 leaf __semwait_signal+0xa frames: 0x109a95e22 0x1042a12e5 0x1041d56a2 0x1042a4329 0x1042a34a6 0x1042a3089 0x10423ab3e 0x1042a0d09 0x109a91e9e
   5.393 TIGER-SAMPLE pid 0xa30 n 0x11 thread 0x2903 thread 0x2903 state-kr 0x0 pc 0x109a95e22 leaf __semwait_signal+0xa frames: 0x109a95e22 0x1042a12e5 0x1041d56a2 0x1042a4329 0x1042a34a6 0x1042a3089 0x10423ab3e 0x1042a0d09 0x109a91e9e
   5.393 TIGER-SAMPLE pid 0xa30 n 0x11 thread 0x2a03 thread 0x2a03 state-kr 0x0 pc 0x109a95e22 leaf __semwait_signal+0xa frames: 0x109a95e22 0x1042a12e5 0x1041d56a2 0x1042a4329 0x1042a34a6 0x1042a3089 0x10423ab3e 0x1042a0d09 0x109a91e9e
   5.393 TIGER-SAMPLE pid 0xa30 n 0x11 thread 0x2b03 thread 0x2b03 state-kr 0x0 pc 0x109adc954 leaf _spin_unlock+0x0 frames: 0x109adc954 0x10045e43e 0x10423ab3e 0x1042a0d09 0x109a91e9e
   5.394 TIGER-SAMPLE pid 0xa30 n 0x11 thread 0x2c03 thread 0x2c03 state-kr 0x0 pc 0x109a95e22 leaf __semwait_signal+0xa frames: 0x109a95e22 0x1042a12e5 0x1041d56a2 0x1042a4329 0x1042a34a6 0x1042a3089 0x10423ab3e 0x1042a0d09 0x109a91e9e
   5.414 TIGER-SAMPLE pid 0xa30 n 0x11 thread 0x2d03 thread 0x2d03 state-kr 0x0 pc 0x109a46712 leaf recvmsg+0xa frames: 0x109a46712 0x10045e43e 0x10423ab3e 0x1042a0d09 0x109a91e9e
   5.414 TIGER-SAMPLE pid 0xa30 n 0x11 thread 0x4103 thread 0x4103 state-kr 0x0 pc 0x109a95e22 leaf __semwait_signal+0xa frames: 0x109a95e22 0x1042a1327 0x1041d56a2 0x1041b2277 0x10423ab3e 0x1042a0d09 0x109a91e9e
   5.414 TIGER-SAMPLE pid 0xa30 n 0x11 thread 0x4203 thread 0x4203 state-kr 0x0 pc 0x109a95e22 leaf __semwait_signal+0xa frames: 0x109a95e22 0x1042a1327 0x1041d56a2 0x1041b2277 0x10423ab3e 0x1042a0d09 0x109a91e9e
   5.514 TIGER-SAMPLE pid 0xa2d n 0x14 main 0x117 thread 0x117 state-kr 0x0 pc 0x90009817 leaf mach_msg_trap+0x7 frames: 0x90009817 0x9082d227 0x9082ca42 0x92e06878 0x92e05f82 0x92e05dd9 0x9328cf45 0x9328cb37 0x932868c4 0x8af6 0x82f2 0x8219 0x5
   5.514 TIGER-SAMPLE pid 0xa2d n 0x14 thread 0x1203 thread 0x1203 state-kr 0x0 pc 0x90009817 leaf mach_msg_trap+0x7 frames: 0x90009817 0x2ca6d8 0x90023d67
   5.514 TIGER-SAMPLE pid 0xa2d n 0x14 thread 0x3207 thread 0x3207 state-kr 0x0 pc 0x90024407 leaf semaphore_wait_signal_trap+0x7 frames: 0x90024407 0x364de 0x90023d67
   5.515 TIGER-SAMPLE pid 0xa2d n 0x14 thread 0x3403 thread 0x3403 state-kr 0x0 pc 0x90024407 leaf semaphore_wait_signal_trap+0x7 frames: 0x90024407 0x364de 0x90023d67
   5.515 TIGER-SAMPLE pid 0xa2d n 0x14 thread 0x5103 thread 0x5103 state-kr 0x0 pc 0x900bc3fc leaf poll+0xc frames: 0x900bc3fc 0x2cd134 0x313210b 0x319b321 0x90023d67
   5.515 TIGER-SAMPLE pid 0xa2d n 0x14 thread 0x5203 thread 0x5203 state-kr 0x0 pc 0x90024407 leaf semaphore_wait_signal_trap+0x7 frames: 0x90024407 0x364de 0x90023d67
   5.516 TIGER-SAMPLE pid 0xa2d n 0x14 thread 0x5503 thread 0x5503 state-kr 0x0 pc 0x900bc3fc leaf poll+0xc frames: 0x900bc3fc 0x2cd134 0x313210b 0x319b321 0x90023d67
   5.516 TIGER-SAMPLE pid 0xa2d n 0x14 thread 0x5603 thread 0x5603 state-kr 0x0 pc 0x90024407 leaf semaphore_wait_signal_trap+0x7 frames: 0x90024407 0x364de 0x90023d67
   5.516 TIGER-SAMPLE pid 0xa2d n 0x14 thread 0x5c07 thread 0x5c07 state-kr 0x0 pc 0x900265fc leaf recvmsg+0xc frames: 0x900265fc 0x2cc6bb 0x2cd134 0x313210b 0x319b321 0x90023d67
   5.516 TIGER-SAMPLE pid 0xa2d n 0x14 thread 0x5e07 thread 0x5e07 state-kr 0x0 pc 0x90024407 leaf semaphore_wait_signal_trap+0x7 frames: 0x90024407 0x915a96ab 0x915c3ddc 0x90023d67
   5.615 TIGER-SAMPLE pid 0xa31 n 0x13 main 0xd03 thread 0xd03 state-kr 0x0 pc 0x109895e22 leaf __semwait_signal+0xa frames: 0x109895e22 0x10409c9d5 0x103fcd562 0x10409fb49 0x10409ec36 0x10409e819 0x10004a16b 0x10000154c 0x100001461 0x3
   5.616 TIGER-SAMPLE pid 0xa31 n 0x13 thread 0xf03 thread 0xf03 state-kr 0x0 pc 0x1098dfe4e leaf mach_msg_trap+0xa frames: 0x1098dfe4e 0x100327902 0x109891e9e
   5.616 TIGER-SAMPLE pid 0xa31 n 0x13 thread 0x1103 thread 0x1103 state-kr 0x0 pc 0x109895e22 leaf __semwait_signal+0xa frames: 0x109895e22 0x10409c9d5 0x103fcd562 0x10409fb49 0x10409ec36 0x10409e819 0x104033bfe 0x10409c3f9 0x109891e9e
   5.616 TIGER-SAMPLE pid 0xa31 n 0x13 thread 0x2303 thread 0x2303 state-kr 0x0 pc 0x1098467e6 leaf poll+0xa frames: 0x1098467e6 0x104033bfe 0x10409c3f9 0x109891e9e
   5.616 TIGER-SAMPLE pid 0xa31 n 0x13 thread 0x2407 thread 0x2407 state-kr 0x0 pc 0x109895e22 leaf __semwait_signal+0xa frames: 0x109895e22 0x10409c9d5 0x103fcd562 0x10409fb49 0x10409ec36 0x10409e819 0x104033bfe 0x10409c3f9 0x109891e9e
   5.616 TIGER-SAMPLE pid 0xa31 n 0x13 thread 0x2503 thread 0x2503 state-kr 0x0 pc 0x109895e22 leaf __semwait_signal+0xa frames: 0x109895e22 0x10409c9d5 0x103fcd562 0x10409fb49 0x10409ec36 0x10409e819 0x104033bfe 0x10409c3f9 0x109891e9e
   5.617 TIGER-SAMPLE pid 0xa31 n 0x13 thread 0x2603 thread 0x2603 state-kr 0x0 pc 0x109895e22 leaf __semwait_signal+0xa frames: 0x109895e22 0x10409c9d5 0x103fcd562 0x10409fb49 0x10409ec36 0x10409e819 0x104033bfe 0x10409c3f9 0x109891e9e
   5.617 TIGER-SAMPLE pid 0xa31 n 0x13 thread 0x2703 thread 0x2703 state-kr 0x0 pc 0x109895e22 leaf __semwait_signal+0xa frames: 0x109895e22 0x10409c9d5 0x103fcd562 0x10409fb49 0x10409ec36 0x10409e819 0x104033bfe 0x10409c3f9 0x109891e9e
   5.617 TIGER-SAMPLE pid 0xa31 n 0x13 thread 0x2903 thread 0x2903 state-kr 0x0 pc 0x109895e22 leaf __semwait_signal+0xa frames: 0x109895e22 0x10409c9d5 0x103fcd562 0x10409fb49 0x10409ec36 0x10409e819 0x104033bfe 0x10409c3f9 0x109891e9e
   5.617 TIGER-SAMPLE pid 0xa31 n 0x13 thread 0x2a03 thread 0x2a03 state-kr 0x0 pc 0x1098467e6 leaf poll+0xa frames: 0x1098467e6 0x104033bfe 0x10409c3f9 0x109891e9e
   5.618 TIGER-SAMPLE pid 0xa31 n 0x13 thread 0x2b03 thread 0x2b03 state-kr 0x0 pc 0x1098467e6 leaf poll+0xa frames: 0x1098467e6 0x104388627 0x1043887ea 0x101f32ba7 0x101f3e971 0x104033bfe 0x10409c3f9 0x109891e9e
   5.618 TIGER-SAMPLE pid 0xa31 n 0x13 thread 0x3003 thread 0x3003 state-kr 0x0 pc 0x109895e22 leaf __semwait_signal+0xa frames: 0x109895e22 0x10409c9d5 0x103fcd562 0x10409fb49 0x10409ec36 0x10409e819 0x104033bfe 0x10409c3f9 0x109891e9e
   5.665 TIGER-SAMPLE pid 0xa30 n 0x12 main 0xd03 thread 0xd03 state-kr 0x0 pc 0x109a95e22 leaf __semwait_signal+0xa frames: 0x109a95e22 0x1042a1327 0x1041d56a2 0x1042a4329 0x1042a34a6 0x1042a3089 0x100046488 0x100001d0c 0x100001c21 0x3
   5.665 TIGER-SAMPLE pid 0xa30 n 0x12 thread 0xf03 thread 0xf03 state-kr 0x0 pc 0x109adfe4e leaf mach_msg_trap+0xa frames: 0x109adfe4e 0x10045c512 0x109a91e9e
   5.665 TIGER-SAMPLE pid 0xa30 n 0x12 thread 0x1103 thread 0x1103 state-kr 0x0 pc 0x109a95e22 leaf __semwait_signal+0xa frames: 0x109a95e22 0x1042a12e5 0x1041d56a2 0x1042a4329 0x1042a34a6 0x1042a3089 0x10423ab3e 0x1042a0d09 0x109a91e9e
   5.665 TIGER-SAMPLE pid 0xa30 n 0x12 thread 0x2303 thread 0x2303 state-kr 0x0 pc 0x109a95e22 leaf __semwait_signal+0xa frames: 0x109a95e22 0x1042a12e5 0x1041d56a2 0x1042a4329 0x1042a34a6 0x1042a3089 0x10423ab3e 0x1042a0d09 0x109a91e9e
   5.665 TIGER-SAMPLE pid 0xa30 n 0x12 thread 0x2403 thread 0x2403 state-kr 0x0 pc 0x109a95e22 leaf __semwait_signal+0xa frames: 0x109a95e22 0x1042a12e5 0x1041d56a2 0x1042a4329 0x1042a34a6 0x1042a3089 0x10423ab3e 0x1042a0d09 0x109a91e9e
   5.666 TIGER-SAMPLE pid 0xa30 n 0x12 thread 0x2503 thread 0x2503 state-kr 0x0 pc 0x109a467e6 leaf poll+0xa frames: 0x109a467e6 0x10423ab3e 0x1042a0d09 0x109a91e9e
   5.666 TIGER-SAMPLE pid 0xa30 n 0x12 thread 0x2603 thread 0x2603 state-kr 0x0 pc 0x109a95e22 leaf __semwait_signal+0xa frames: 0x109a95e22 0x1042a12e5 0x1041d56a2 0x1042a4329 0x1042a34a6 0x1042a3089 0x10423ab3e 0x1042a0d09 0x109a91e9e
   5.666 TIGER-SAMPLE pid 0xa30 n 0x12 thread 0x2703 thread 0x2703 state-kr 0x0 pc 0x109a467e6 leaf poll+0xa frames: 0x109a467e6 0x10423ab3e 0x1042a0d09 0x109a91e9e
   5.666 TIGER-SAMPLE pid 0xa30 n 0x12 thread 0x2807 thread 0x2807 state-kr 0x0 pc 0x109a95e22 leaf __semwait_signal+0xa frames: 0x109a95e22 0x1042a12e5 0x1041d56a2 0x1042a4329 0x1042a34a6 0x1042a3089 0x10423ab3e 0x1042a0d09 0x109a91e9e
   5.666 TIGER-SAMPLE pid 0xa30 n 0x12 thread 0x2903 thread 0x2903 state-kr 0x0 pc 0x109a95e22 leaf __semwait_signal+0xa frames: 0x109a95e22 0x1042a12e5 0x1041d56a2 0x1042a4329 0x1042a34a6 0x1042a3089 0x10423ab3e 0x1042a0d09 0x109a91e9e
   5.667 TIGER-SAMPLE pid 0xa30 n 0x12 thread 0x2a03 thread 0x2a03 state-kr 0x0 pc 0x109a95e22 leaf __semwait_signal+0xa frames: 0x109a95e22 0x1042a12e5 0x1041d56a2 0x1042a4329 0x1042a34a6 0x1042a3089 0x10423ab3e 0x1042a0d09 0x109a91e9e
   5.667 TIGER-SAMPLE pid 0xa30 n 0x12 thread 0x2b03 thread 0x2b03 state-kr 0x0 pc 0x109a46712 leaf recvmsg+0xa frames: 0x109a46712 0x10045e43e 0x10423ab3e 0x1042a0d09 0x109a91e9e
   5.667 TIGER-SAMPLE pid 0xa30 n 0x12 thread 0x2c03 thread 0x2c03 state-kr 0x0 pc 0x109a95e22 leaf __semwait_signal+0xa frames: 0x109a95e22 0x1042a12e5 0x1041d56a2 0x1042a4329 0x1042a34a6 0x1042a3089 0x10423ab3e 0x1042a0d09 0x109a91e9e
   5.688 TIGER-SAMPLE pid 0xa30 n 0x12 thread 0x2d03 thread 0x2d03 state-kr 0x0 pc 0x109aa7164 leaf malloc_jumpstart+0x4b9 frames: 0x109aa7164 0x109adb2e0 0x10045df8e 0x10045e43e 0x10423ab3e 0x1042a0d09 0x109a91e9e
   5.688 TIGER-SAMPLE pid 0xa30 n 0x12 thread 0x4103 thread 0x4103 state-kr 0x0 pc 0x109a95e22 leaf __semwait_signal+0xa frames: 0x109a95e22 0x1042a1327 0x1041d56a2 0x1041b2277 0x10423ab3e 0x1042a0d09 0x109a91e9e
   5.688 TIGER-SAMPLE pid 0xa30 n 0x12 thread 0x4203 thread 0x4203 state-kr 0x0 pc 0x109a95e22 leaf __semwait_signal+0xa frames: 0x109a95e22 0x1042a1327 0x1041d56a2 0x1041b2277 0x10423ab3e 0x1042a0d09 0x109a91e9e
   5.767 TIGER-SAMPLE pid 0xa2d n 0x15 main 0x117 thread 0x117 state-kr 0x0 pc 0x90009817 leaf mach_msg_trap+0x7 frames: 0x90009817 0x9082d227 0x9082ca42 0x92e06878 0x92e05f82 0x92e05dd9 0x9328cf45 0x9328cb37 0x932868c4 0x8af6 0x82f2 0x8219 0x5
   5.767 TIGER-SAMPLE pid 0xa2d n 0x15 thread 0x1203 thread 0x1203 state-kr 0x0 pc 0x90009817 leaf mach_msg_trap+0x7 frames: 0x90009817 0x2ca6d8 0x90023d67
   5.767 TIGER-SAMPLE pid 0xa2d n 0x15 thread 0x3207 thread 0x3207 state-kr 0x0 pc 0x90024407 leaf semaphore_wait_signal_trap+0x7 frames: 0x90024407 0x364de 0x90023d67
   5.768 TIGER-SAMPLE pid 0xa2d n 0x15 thread 0x3403 thread 0x3403 state-kr 0x0 pc 0x90024407 leaf semaphore_wait_signal_trap+0x7 frames: 0x90024407 0x364de 0x90023d67
   5.768 TIGER-SAMPLE pid 0xa2d n 0x15 thread 0x5103 thread 0x5103 state-kr 0x0 pc 0x900bc3fc leaf poll+0xc frames: 0x900bc3fc 0x2cd134 0x313210b 0x319b321 0x90023d67
   5.768 TIGER-SAMPLE pid 0xa2d n 0x15 thread 0x5203 thread 0x5203 state-kr 0x0 pc 0x90024407 leaf semaphore_wait_signal_trap+0x7 frames: 0x90024407 0x364de 0x90023d67
   5.768 TIGER-SAMPLE pid 0xa2d n 0x15 thread 0x5503 thread 0x5503 state-kr 0x0 pc 0x900bc3fc leaf poll+0xc frames: 0x900bc3fc 0x2cd134 0x313210b 0x319b321 0x90023d67
   5.769 TIGER-SAMPLE pid 0xa2d n 0x15 thread 0x5603 thread 0x5603 state-kr 0x0 pc 0x90024407 leaf semaphore_wait_signal_trap+0x7 frames: 0x90024407 0x364de 0x90023d67
   5.769 TIGER-SAMPLE pid 0xa2d n 0x15 thread 0x5c07 thread 0x5c07 state-kr 0x0 pc 0x900265fc leaf recvmsg+0xc frames: 0x900265fc 0x2cc6bb 0x2cd134 0x313210b 0x319b321 0x90023d67
   5.769 TIGER-SAMPLE pid 0xa2d n 0x15 thread 0x5e07 thread 0x5e07 state-kr 0x0 pc 0x90024407 leaf semaphore_wait_signal_trap+0x7 frames: 0x90024407 0x915a96ab 0x915c3ddc 0x90023d67
   5.868 TIGER-SAMPLE pid 0xa31 n 0x14 main 0xd03 thread 0xd03 state-kr 0x0 pc 0x109895e22 leaf __semwait_signal+0xa frames: 0x109895e22 0x10409c9d5 0x103fcd562 0x10409fb49 0x10409ec36 0x10409e819 0x10004a16b 0x10000154c 0x100001461 0x3
   5.868 TIGER-SAMPLE pid 0xa31 n 0x14 thread 0xf03 thread 0xf03 state-kr 0x0 pc 0x1098dfe4e leaf mach_msg_trap+0xa frames: 0x1098dfe4e 0x100327902 0x109891e9e
   5.869 TIGER-SAMPLE pid 0xa31 n 0x14 thread 0x1103 thread 0x1103 state-kr 0x0 pc 0x109895e22 leaf __semwait_signal+0xa frames: 0x109895e22 0x10409c9d5 0x103fcd562 0x10409fb49 0x10409ec36 0x10409e819 0x104033bfe 0x10409c3f9 0x109891e9e
   5.869 TIGER-SAMPLE pid 0xa31 n 0x14 thread 0x2303 thread 0x2303 state-kr 0x0 pc 0x1098467e6 leaf poll+0xa frames: 0x1098467e6 0x104033bfe 0x10409c3f9 0x109891e9e
   5.869 TIGER-SAMPLE pid 0xa31 n 0x14 thread 0x2407 thread 0x2407 state-kr 0x0 pc 0x109895e22 leaf __semwait_signal+0xa frames: 0x109895e22 0x10409c9d5 0x103fcd562 0x10409fb49 0x10409ec36 0x10409e819 0x104033bfe 0x10409c3f9 0x109891e9e
   5.869 TIGER-SAMPLE pid 0xa31 n 0x14 thread 0x2503 thread 0x2503 state-kr 0x0 pc 0x109895e22 leaf __semwait_signal+0xa frames: 0x109895e22 0x10409c9d5 0x103fcd562 0x10409fb49 0x10409ec36 0x10409e819 0x104033bfe 0x10409c3f9 0x109891e9e
   5.870 TIGER-SAMPLE pid 0xa31 n 0x14 thread 0x2603 thread 0x2603 state-kr 0x0 pc 0x109895e22 leaf __semwait_signal+0xa frames: 0x109895e22 0x10409c9d5 0x103fcd562 0x10409fb49 0x10409ec36 0x10409e819 0x104033bfe 0x10409c3f9 0x109891e9e
   5.870 TIGER-SAMPLE pid 0xa31 n 0x14 thread 0x2703 thread 0x2703 state-kr 0x0 pc 0x109895e22 leaf __semwait_signal+0xa frames: 0x109895e22 0x10409c9d5 0x103fcd562 0x10409fb49 0x10409ec36 0x10409e819 0x104033bfe 0x10409c3f9 0x109891e9e
   5.870 TIGER-SAMPLE pid 0xa31 n 0x14 thread 0x2903 thread 0x2903 state-kr 0x0 pc 0x109895e22 leaf __semwait_signal+0xa frames: 0x109895e22 0x10409c9d5 0x103fcd562 0x10409fb49 0x10409ec36 0x10409e819 0x104033bfe 0x10409c3f9 0x109891e9e
   5.870 TIGER-SAMPLE pid 0xa31 n 0x14 thread 0x2a03 thread 0x2a03 state-kr 0x0 pc 0x1098467e6 leaf poll+0xa frames: 0x1098467e6 0x104033bfe 0x10409c3f9 0x109891e9e
   5.870 TIGER-SAMPLE pid 0xa31 n 0x14 thread 0x2b03 thread 0x2b03 state-kr 0x0 pc 0x1098467e6 leaf poll+0xa frames: 0x1098467e6 0x104388627 0x1043887ea 0x101f32ba7 0x101f3e971 0x104033bfe 0x10409c3f9 0x109891e9e
   5.871 TIGER-SAMPLE pid 0xa31 n 0x14 thread 0x3003 thread 0x3003 state-kr 0x0 pc 0x109895e22 leaf __semwait_signal+0xa frames: 0x109895e22 0x10409c9d5 0x103fcd562 0x10409fb49 0x10409ec36 0x10409e819 0x104033bfe 0x10409c3f9 0x109891e9e
   5.939 TIGER-SAMPLE pid 0xa30 n 0x13 main 0xd03 thread 0xd03 state-kr 0x0 pc 0x109a95e22 leaf __semwait_signal+0xa frames: 0x109a95e22 0x1042a1327 0x1041d56a2 0x1042a4329 0x1042a34a6 0x1042a3089 0x100046488 0x100001d0c 0x100001c21 0x3
   5.939 TIGER-SAMPLE pid 0xa30 n 0x13 thread 0xf03 thread 0xf03 state-kr 0x0 pc 0x109adfe4e leaf mach_msg_trap+0xa frames: 0x109adfe4e 0x10045c512 0x109a91e9e
   5.939 TIGER-SAMPLE pid 0xa30 n 0x13 thread 0x1103 thread 0x1103 state-kr 0x0 pc 0x109a95e22 leaf __semwait_signal+0xa frames: 0x109a95e22 0x1042a12e5 0x1041d56a2 0x1042a4329 0x1042a34a6 0x1042a3089 0x10423ab3e 0x1042a0d09 0x109a91e9e
   5.939 TIGER-SAMPLE pid 0xa30 n 0x13 thread 0x2303 thread 0x2303 state-kr 0x0 pc 0x109a95e22 leaf __semwait_signal+0xa frames: 0x109a95e22 0x1042a12e5 0x1041d56a2 0x1042a4329 0x1042a34a6 0x1042a3089 0x10423ab3e 0x1042a0d09 0x109a91e9e
   5.939 TIGER-SAMPLE pid 0xa30 n 0x13 thread 0x2403 thread 0x2403 state-kr 0x0 pc 0x109a95e22 leaf __semwait_signal+0xa frames: 0x109a95e22 0x1042a12e5 0x1041d56a2 0x1042a4329 0x1042a34a6 0x1042a3089 0x10423ab3e 0x1042a0d09 0x109a91e9e
   5.940 TIGER-SAMPLE pid 0xa30 n 0x13 thread 0x2503 thread 0x2503 state-kr 0x0 pc 0x109a467e6 leaf poll+0xa frames: 0x109a467e6 0x10423ab3e 0x1042a0d09 0x109a91e9e
   5.940 TIGER-SAMPLE pid 0xa30 n 0x13 thread 0x2603 thread 0x2603 state-kr 0x0 pc 0x109a95e22 leaf __semwait_signal+0xa frames: 0x109a95e22 0x1042a12e5 0x1041d56a2 0x1042a4329 0x1042a34a6 0x1042a3089 0x10423ab3e 0x1042a0d09 0x109a91e9e
   5.940 TIGER-SAMPLE pid 0xa30 n 0x13 thread 0x2703 thread 0x2703 state-kr 0x0 pc 0x109a467e6 leaf poll+0xa frames: 0x109a467e6 0x10423ab3e 0x1042a0d09 0x109a91e9e
   5.940 TIGER-SAMPLE pid 0xa30 n 0x13 thread 0x2807 thread 0x2807 state-kr 0x0 pc 0x109a95e22 leaf __semwait_signal+0xa frames: 0x109a95e22 0x1042a12e5 0x1041d56a2 0x1042a4329 0x1042a34a6 0x1042a3089 0x10423ab3e 0x1042a0d09 0x109a91e9e
   5.940 TIGER-SAMPLE pid 0xa30 n 0x13 thread 0x2903 thread 0x2903 state-kr 0x0 pc 0x109a95e22 leaf __semwait_signal+0xa frames: 0x109a95e22 0x1042a12e5 0x1041d56a2 0x1042a4329 0x1042a34a6 0x1042a3089 0x10423ab3e 0x1042a0d09 0x109a91e9e
   5.941 TIGER-SAMPLE pid 0xa30 n 0x13 thread 0x2a03 thread 0x2a03 state-kr 0x0 pc 0x109a95e22 leaf __semwait_signal+0xa frames: 0x109a95e22 0x1042a12e5 0x1041d56a2 0x1042a4329 0x1042a34a6 0x1042a3089 0x10423ab3e 0x1042a0d09 0x109a91e9e
   5.944 TIGER-SAMPLE pid 0xa30 n 0x13 thread 0x2b03 thread 0x2b03 state-kr 0x0 pc 0x109a46712 leaf recvmsg+0xa frames: 0x109a46712 0x10045e43e 0x10423ab3e 0x1042a0d09 0x109a91e9e
   5.945 TIGER-SAMPLE pid 0xa30 n 0x13 thread 0x2c03 thread 0x2c03 state-kr 0x0 pc 0x109a95e22 leaf __semwait_signal+0xa frames: 0x109a95e22 0x1042a12e5 0x1041d56a2 0x1042a4329 0x1042a34a6 0x1042a3089 0x10423ab3e 0x1042a0d09 0x109a91e9e
   5.947 TIGER-SAMPLE pid 0xa30 n 0x13 thread 0x2d03 thread 0x2d03 state-kr 0x0 pc 0x10045d2c1 leaf _ZN3IPC10Connection14processMessageEv+0x1 frames: 0x10045d2c1 0x10045e43e 0x10423ab3e 0x1042a0d09 0x109a91e9e
   5.947 TIGER-SAMPLE pid 0xa30 n 0x13 thread 0x4103 thread 0x4103 state-kr 0x0 pc 0x109a95e22 leaf __semwait_signal+0xa frames: 0x109a95e22 0x1042a1327 0x1041d56a2 0x1041b2277 0x10423ab3e 0x1042a0d09 0x109a91e9e
   5.947 TIGER-SAMPLE pid 0xa30 n 0x13 thread 0x4203 thread 0x4203 state-kr 0x0 pc 0x109a95e22 leaf __semwait_signal+0xa frames: 0x109a95e22 0x1042a1327 0x1041d56a2 0x1041b2277 0x10423ab3e 0x1042a0d09 0x109a91e9e
   6.022 TIGER-SAMPLE pid 0xa2d n 0x16 main 0x117 thread 0x117 state-kr 0x0 pc 0x90009817 leaf mach_msg_trap+0x7 frames: 0x90009817 0x9082d227 0x9082ca42 0x92e06878 0x92e05f82 0x92e05dd9 0x9328cf45 0x9328cb37 0x932868c4 0x8af6 0x82f2 0x8219 0x5
   6.022 TIGER-SAMPLE pid 0xa2d n 0x16 thread 0x1203 thread 0x1203 state-kr 0x0 pc 0x90009817 leaf mach_msg_trap+0x7 frames: 0x90009817 0x2ca6d8 0x90023d67
   6.022 TIGER-SAMPLE pid 0xa2d n 0x16 thread 0x3207 thread 0x3207 state-kr 0x0 pc 0x90024407 leaf semaphore_wait_signal_trap+0x7 frames: 0x90024407 0x364de 0x90023d67
   6.022 TIGER-SAMPLE pid 0xa2d n 0x16 thread 0x3403 thread 0x3403 state-kr 0x0 pc 0x90024407 leaf semaphore_wait_signal_trap+0x7 frames: 0x90024407 0x364de 0x90023d67
   6.022 TIGER-SAMPLE pid 0xa2d n 0x16 thread 0x5103 thread 0x5103 state-kr 0x0 pc 0x900bc3fc leaf poll+0xc frames: 0x900bc3fc 0x2cd134 0x313210b 0x319b321 0x90023d67
   6.022 TIGER-SAMPLE pid 0xa2d n 0x16 thread 0x5203 thread 0x5203 state-kr 0x0 pc 0x90024407 leaf semaphore_wait_signal_trap+0x7 frames: 0x90024407 0x364de 0x90023d67
   6.022 TIGER-SAMPLE pid 0xa2d n 0x16 thread 0x5503 thread 0x5503 state-kr 0x0 pc 0x900bc3fc leaf poll+0xc frames: 0x900bc3fc 0x2cd134 0x313210b 0x319b321 0x90023d67
   6.022 TIGER-SAMPLE pid 0xa2d n 0x16 thread 0x5603 thread 0x5603 state-kr 0x0 pc 0x90024407 leaf semaphore_wait_signal_trap+0x7 frames: 0x90024407 0x364de 0x90023d67
   6.023 Optimized uN#B2Pca8:[0x14f49a6a0->0x14d4874a0->0x10bf01200, NoneFunctionCall, 653 (StrictMode)] using DFG with DFG into 3488 bytes in 9.689475 ms.
   6.024 Optimized useState#B5c7ap:[0x14f49a860->0x14d5f5440->0x10bf04500, NoneFunctionCall, 107 (StrictMode)] using DFG with DFG into 1280 bytes in 0.995890 ms.
   6.024 TIGER-SAMPLE pid 0xa2d n 0x16 thread 0x5c07 thread 0x5c07 state-kr 0x0 pc 0x900265fc leaf recvmsg+0xc frames: 0x900265fc 0x2cc6bb 0x2cd134 0x313210b 0x319b321 0x90023d67
   6.025 TIGER-SAMPLE pid 0xa2d n 0x16 thread 0x5e07 thread 0x5e07 state-kr 0x0 pc 0x90024407 leaf semaphore_wait_signal_trap+0x7 frames: 0x90024407 0x915a96ab 0x915c3ddc 0x90023d67
   6.029 Optimized oX#EPugfC:[0x14f49a940->0x14d950640->0x10beff080, NoneFunctionCall, 385 (StrictMode)] using DFG with DFG into 800 bytes in 1.995339 ms.
   6.031 Optimized aQ#DRisI8:[0x14e0939e0->0x10befd500, LLIntFunctionCall, 702 (StrictMode)] using Baseline with Baseline into 8192 bytes in 0.381499 ms.
   6.031 Optimized rB#BRq1Bf:[0x14e093ac0->0x10bee6280, LLIntFunctionCall, 115 (StrictMode)] using Baseline with Baseline into 736 bytes in 0.065639 ms.
   6.031 Optimized get#Bs9VKW:[0x14d45ea20->0x14d092580, LLIntFunctionCall, 21 (StrictMode)] using Baseline with Baseline into 256 bytes in 0.044451 ms.
   6.031 Optimized g#Bo93lv:[0x14d8c9ec0->0x14d19a500, LLIntFunctionCall, 52 (StrictMode)] using Baseline with Baseline into 1280 bytes in 0.077379 ms.
   6.034 Optimized o0#BgvJUQ:[0x14f49aa20->0x14d950720->0x10beff180, NoneFunctionCall, 533 (StrictMode)] using DFG with DFG into 1664 bytes in 4.449018 ms.
   6.034 Optimized i#DXLM5o:[0x14e092be0->0x10bf07380, LLIntFunctionCall, 101 (StrictMode)] using Baseline with Baseline into 1440 bytes in 0.120953 ms.
   6.034 Optimized A#CXtFNT:[0x14f49ab00->0x14d5f4aa0->0x14d180900, NoneFunctionCall, 24 (StrictMode)] using DFG with DFG into 992 bytes in 0.592521 ms.
   6.038 Optimized os#BIMSoZ:[0x14f49abe0->0x14d987900->0x10befe080, NoneFunctionCall, 475 (StrictMode)] using DFG with DFG into 1888 bytes in 3.760441 ms.
   6.040 Optimized rW#CZYGOt:[0x14f015b40->0x10bee6300, LLIntFunctionCall, 114 (StrictMode)] using Baseline with Baseline into 896 bytes in 0.094045 ms.
   6.045 Optimized #AKOA1D:[0x14f49b040->0x14dc71280, LLIntFunctionCall, 3395 (StrictMode)] using Baseline with Baseline into 35904 bytes in 1.027383 ms.
   6.045 Optimized oA#BDZCbr:[0x14f49af60->0x10befec00, LLIntFunctionCall, 105 (StrictMode)] using Baseline with Baseline into 1440 bytes in 0.167524 ms.
   6.048 Optimized #DrzvMj:[0x14d984f00->0x14d8cef80, LLIntFunctionCall, 25 (StrictMode)] using Baseline with Baseline into 384 bytes in 0.091448 ms.
   6.051 Optimized f#BgDQs9:[0x14f49acc0->0x14d8c88e0->0x14d091680, NoneFunctionCall, 939 (StrictMode)] using DFG with DFG into 8288 bytes in 10.239330 ms.
   6.052 Optimized _#A6S8mg:[0x14f49b3c0->0x14d5f7660->0x10bea4e80, NoneFunctionCall, 74 (StrictMode)] using DFG with DFG into 1152 bytes in 1.094908 ms.
   6.052 Optimized #ACjNBO:[0x14f49b4a0->0x14d8cf780, LLIntFunctionCall, 295 (StrictMode)] using Baseline with Baseline into 2688 bytes in 0.175569 ms.
   6.121 TIGER-SAMPLE pid 0xa31 n 0x15 main 0xd03 thread 0xd03 state-kr 0x0 pc 0x109895e22 leaf __semwait_signal+0xa frames: 0x109895e22 0x10409c9d5 0x103fcd562 0x10409fb49 0x10409ec36 0x10409e819 0x10004a16b 0x10000154c 0x100001461 0x3
   6.121 TIGER-SAMPLE pid 0xa31 n 0x15 thread 0xf03 thread 0xf03 state-kr 0x0 pc 0x1098dfe4e leaf mach_msg_trap+0xa frames: 0x1098dfe4e 0x100327902 0x109891e9e
   6.122 TIGER-SAMPLE pid 0xa31 n 0x15 thread 0x1103 thread 0x1103 state-kr 0x0 pc 0x109895e22 leaf __semwait_signal+0xa frames: 0x109895e22 0x10409c9d5 0x103fcd562 0x10409fb49 0x10409ec36 0x10409e819 0x104033bfe 0x10409c3f9 0x109891e9e
   6.122 TIGER-SAMPLE pid 0xa31 n 0x15 thread 0x2303 thread 0x2303 state-kr 0x0 pc 0x1098467e6 leaf poll+0xa frames: 0x1098467e6 0x104033bfe 0x10409c3f9 0x109891e9e
   6.122 TIGER-SAMPLE pid 0xa31 n 0x15 thread 0x2407 thread 0x2407 state-kr 0x0 pc 0x109895e22 leaf __semwait_signal+0xa frames: 0x109895e22 0x10409c9d5 0x103fcd562 0x10409fb49 0x10409ec36 0x10409e819 0x104033bfe 0x10409c3f9 0x109891e9e
   6.122 TIGER-SAMPLE pid 0xa31 n 0x15 thread 0x2503 thread 0x2503 state-kr 0x0 pc 0x109895e22 leaf __semwait_signal+0xa frames: 0x109895e22 0x10409c9d5 0x103fcd562 0x10409fb49 0x10409ec36 0x10409e819 0x104033bfe 0x10409c3f9 0x109891e9e
   6.122 TIGER-SAMPLE pid 0xa31 n 0x15 thread 0x2603 thread 0x2603 state-kr 0x0 pc 0x109895e22 leaf __semwait_signal+0xa frames: 0x109895e22 0x10409c9d5 0x103fcd562 0x10409fb49 0x10409ec36 0x10409e819 0x104033bfe 0x10409c3f9 0x109891e9e
   6.123 TIGER-SAMPLE pid 0xa31 n 0x15 thread 0x2703 thread 0x2703 state-kr 0x0 pc 0x109895e22 leaf __semwait_signal+0xa frames: 0x109895e22 0x10409c9d5 0x103fcd562 0x10409fb49 0x10409ec36 0x10409e819 0x104033bfe 0x10409c3f9 0x109891e9e
   6.123 TIGER-SAMPLE pid 0xa31 n 0x15 thread 0x2903 thread 0x2903 state-kr 0x0 pc 0x109895e22 leaf __semwait_signal+0xa frames: 0x109895e22 0x10409c9d5 0x103fcd562 0x10409fb49 0x10409ec36 0x10409e819 0x104033bfe 0x10409c3f9 0x109891e9e
   6.123 TIGER-SAMPLE pid 0xa31 n 0x15 thread 0x2a03 thread 0x2a03 state-kr 0x0 pc 0x1098467e6 leaf poll+0xa frames: 0x1098467e6 0x104033bfe 0x10409c3f9 0x109891e9e
   6.123 TIGER-SAMPLE pid 0xa31 n 0x15 thread 0x2b03 thread 0x2b03 state-kr 0x0 pc 0x1098467e6 leaf poll+0xa frames: 0x1098467e6 0x104388627 0x1043887ea 0x101f32ba7 0x101f3e971 0x104033bfe 0x10409c3f9 0x109891e9e
   6.123 TIGER-SAMPLE pid 0xa31 n 0x15 thread 0x3003 thread 0x3003 state-kr 0x0 pc 0x109895e22 leaf __semwait_signal+0xa frames: 0x109895e22 0x10409c9d5 0x103fcd562 0x10409fb49 0x10409ec36 0x10409e819 0x104033bfe 0x10409c3f9 0x109891e9e
   6.198 TIGER-SAMPLE pid 0xa30 n 0x14 main 0xd03 thread 0xd03 state-kr 0x0 pc 0x109a95e22 leaf __semwait_signal+0xa frames: 0x109a95e22 0x1042a1327 0x1041d56a2 0x1042a4329 0x1042a34a6 0x1042a3089 0x100046488 0x100001d0c 0x100001c21 0x3
   6.198 TIGER-SAMPLE pid 0xa30 n 0x14 thread 0xf03 thread 0xf03 state-kr 0x0 pc 0x109adfe4e leaf mach_msg_trap+0xa frames: 0x109adfe4e 0x10045c512 0x109a91e9e
   6.198 TIGER-SAMPLE pid 0xa30 n 0x14 thread 0x1103 thread 0x1103 state-kr 0x0 pc 0x109a95e22 leaf __semwait_signal+0xa frames: 0x109a95e22 0x1042a12e5 0x1041d56a2 0x1042a4329 0x1042a34a6 0x1042a3089 0x10423ab3e 0x1042a0d09 0x109a91e9e
   6.199 TIGER-SAMPLE pid 0xa30 n 0x14 thread 0x2303 thread 0x2303 state-kr 0x0 pc 0x109a95e22 leaf __semwait_signal+0xa frames: 0x109a95e22 0x1042a12e5 0x1041d56a2 0x1042a4329 0x1042a34a6 0x1042a3089 0x10423ab3e 0x1042a0d09 0x109a91e9e
   6.199 TIGER-SAMPLE pid 0xa30 n 0x14 thread 0x2403 thread 0x2403 state-kr 0x0 pc 0x109a95e22 leaf __semwait_signal+0xa frames: 0x109a95e22 0x1042a12e5 0x1041d56a2 0x1042a4329 0x1042a34a6 0x1042a3089 0x10423ab3e 0x1042a0d09 0x109a91e9e
   6.199 TIGER-SAMPLE pid 0xa30 n 0x14 thread 0x2503 thread 0x2503 state-kr 0x0 pc 0x109a467e6 leaf poll+0xa frames: 0x109a467e6 0x10423ab3e 0x1042a0d09 0x109a91e9e
   6.199 TIGER-SAMPLE pid 0xa30 n 0x14 thread 0x2603 thread 0x2603 state-kr 0x0 pc 0x109a95e22 leaf __semwait_signal+0xa frames: 0x109a95e22 0x1042a12e5 0x1041d56a2 0x1042a4329 0x1042a34a6 0x1042a3089 0x10423ab3e 0x1042a0d09 0x109a91e9e
   6.199 TIGER-SAMPLE pid 0xa30 n 0x14 thread 0x2703 thread 0x2703 state-kr 0x0 pc 0x109a467e6 leaf poll+0xa frames: 0x109a467e6 0x10423ab3e 0x1042a0d09 0x109a91e9e
   6.200 TIGER-SAMPLE pid 0xa30 n 0x14 thread 0x2807 thread 0x2807 state-kr 0x0 pc 0x109a95e22 leaf __semwait_signal+0xa frames: 0x109a95e22 0x1042a12e5 0x1041d56a2 0x1042a4329 0x1042a34a6 0x1042a3089 0x10423ab3e 0x1042a0d09 0x109a91e9e
   6.200 TIGER-SAMPLE pid 0xa30 n 0x14 thread 0x2903 thread 0x2903 state-kr 0x0 pc 0x109a95e22 leaf __semwait_signal+0xa frames: 0x109a95e22 0x1042a12e5 0x1041d56a2 0x1042a4329 0x1042a34a6 0x1042a3089 0x10423ab3e 0x1042a0d09 0x109a91e9e
   6.200 TIGER-SAMPLE pid 0xa30 n 0x14 thread 0x2a03 thread 0x2a03 state-kr 0x0 pc 0x109a95e22 leaf __semwait_signal+0xa frames: 0x109a95e22 0x1042a12e5 0x1041d56a2 0x1042a4329 0x1042a34a6 0x1042a3089 0x10423ab3e 0x1042a0d09 0x109a91e9e
   6.202 TIGER-SAMPLE pid 0xa30 n 0x14 thread 0x2b03 thread 0x2b03 state-kr 0x0 pc 0x10045dbdf leaf _ZN3IPC10Connection16readyReadHandlerEv+0x1f frames: 0x10045dbdf 0x10045e43e 0x10423ab3e 0x1042a0d09 0x109a91e9e
   6.203 TIGER-SAMPLE pid 0xa30 n 0x14 thread 0x2c03 thread 0x2c03 state-kr 0x0 pc 0x109a95e22 leaf __semwait_signal+0xa frames: 0x109a95e22 0x1042a12e5 0x1041d56a2 0x1042a4329 0x1042a34a6 0x1042a3089 0x10423ab3e 0x1042a0d09 0x109a91e9e
   6.207 TIGER-SAMPLE pid 0xa30 n 0x14 thread 0x2d03 thread 0x2d03 state-kr 0x0 pc 0x109a46712 leaf recvmsg+0xa frames: 0x109a46712 0x10045e43e 0x10423ab3e 0x1042a0d09 0x109a91e9e
   6.207 TIGER-SAMPLE pid 0xa30 n 0x14 thread 0x4103 thread 0x4103 state-kr 0x0 pc 0x109a95e22 leaf __semwait_signal+0xa frames: 0x109a95e22 0x1042a1327 0x1041d56a2 0x1041b2277 0x10423ab3e 0x1042a0d09 0x109a91e9e
   6.207 TIGER-SAMPLE pid 0xa30 n 0x14 thread 0x4203 thread 0x4203 state-kr 0x0 pc 0x109a95e22 leaf __semwait_signal+0xa frames: 0x109a95e22 0x1042a1327 0x1041d56a2 0x1041b2277 0x10423ab3e 0x1042a0d09 0x109a91e9e
   6.275 TIGER-SAMPLE pid 0xa2d n 0x17 main 0x117 thread 0x117 state-kr 0x0 pc 0x90009817 leaf mach_msg_trap+0x7 frames: 0x90009817 0x9082d227 0x9082ca42 0x92e06878 0x92e05f82 0x92e05dd9 0x9328cf45 0x9328cb37 0x932868c4 0x8af6 0x82f2 0x8219 0x5
   6.275 TIGER-SAMPLE pid 0xa2d n 0x17 thread 0x1203 thread 0x1203 state-kr 0x0 pc 0x90009817 leaf mach_msg_trap+0x7 frames: 0x90009817 0x2ca6d8 0x90023d67
   6.276 TIGER-SAMPLE pid 0xa2d n 0x17 thread 0x3207 thread 0x3207 state-kr 0x0 pc 0x90024407 leaf semaphore_wait_signal_trap+0x7 frames: 0x90024407 0x364de 0x90023d67
   6.276 TIGER-SAMPLE pid 0xa2d n 0x17 thread 0x3403 thread 0x3403 state-kr 0x0 pc 0x90024407 leaf semaphore_wait_signal_trap+0x7 frames: 0x90024407 0x364de 0x90023d67
   6.276 TIGER-SAMPLE pid 0xa2d n 0x17 thread 0x5103 thread 0x5103 state-kr 0x0 pc 0x900bc3fc leaf poll+0xc frames: 0x900bc3fc 0x2cd134 0x313210b 0x319b321 0x90023d67
   6.277 TIGER-SAMPLE pid 0xa2d n 0x17 thread 0x5203 thread 0x5203 state-kr 0x0 pc 0x90024407 leaf semaphore_wait_signal_trap+0x7 frames: 0x90024407 0x364de 0x90023d67
   6.277 TIGER-SAMPLE pid 0xa2d n 0x17 thread 0x5503 thread 0x5503 state-kr 0x0 pc 0x900bc3fc leaf poll+0xc frames: 0x900bc3fc 0x2cd134 0x313210b 0x319b321 0x90023d67
   6.277 TIGER-SAMPLE pid 0xa2d n 0x17 thread 0x5603 thread 0x5603 state-kr 0x0 pc 0x90024407 leaf semaphore_wait_signal_trap+0x7 frames: 0x90024407 0x364de 0x90023d67
   6.277 TIGER-SAMPLE pid 0xa2d n 0x17 thread 0x5c07 thread 0x5c07 state-kr 0x0 pc 0x900265fc leaf recvmsg+0xc frames: 0x900265fc 0x2cc6bb 0x2cd134 0x313210b 0x319b321 0x90023d67
   6.278 TIGER-SAMPLE pid 0xa2d n 0x17 thread 0x5e07 thread 0x5e07 state-kr 0x0 pc 0x90024407 leaf semaphore_wait_signal_trap+0x7 frames: 0x90024407 0x915a96ab 0x915c3ddc 0x90023d67
   6.374 TIGER-SAMPLE pid 0xa31 n 0x16 main 0xd03 thread 0xd03 state-kr 0x0 pc 0x109895e22 leaf __semwait_signal+0xa frames: 0x109895e22 0x10409c9d5 0x103fcd562 0x10409fb49 0x10409ec36 0x10409e819 0x10004a16b 0x10000154c 0x100001461 0x3
   6.374 TIGER-SAMPLE pid 0xa31 n 0x16 thread 0xf03 thread 0xf03 state-kr 0x0 pc 0x1098dfe4e leaf mach_msg_trap+0xa frames: 0x1098dfe4e 0x100327902 0x109891e9e
   6.374 TIGER-SAMPLE pid 0xa31 n 0x16 thread 0x1103 thread 0x1103 state-kr 0x0 pc 0x109895e22 leaf __semwait_signal+0xa frames: 0x109895e22 0x10409c9d5 0x103fcd562 0x10409fb49 0x10409ec36 0x10409e819 0x104033bfe 0x10409c3f9 0x109891e9e
   6.374 TIGER-SAMPLE pid 0xa31 n 0x16 thread 0x2303 thread 0x2303 state-kr 0x0 pc 0x1098467e6 leaf poll+0xa frames: 0x1098467e6 0x104033bfe 0x10409c3f9 0x109891e9e
   6.375 TIGER-SAMPLE pid 0xa31 n 0x16 thread 0x2407 thread 0x2407 state-kr 0x0 pc 0x109895e22 leaf __semwait_signal+0xa frames: 0x109895e22 0x10409c9d5 0x103fcd562 0x10409fb49 0x10409ec36 0x10409e819 0x104033bfe 0x10409c3f9 0x109891e9e
   6.375 TIGER-SAMPLE pid 0xa31 n 0x16 thread 0x2503 thread 0x2503 state-kr 0x0 pc 0x109895e22 leaf __semwait_signal+0xa frames: 0x109895e22 0x10409c9d5 0x103fcd562 0x10409fb49 0x10409ec36 0x10409e819 0x104033bfe 0x10409c3f9 0x109891e9e
   6.375 TIGER-SAMPLE pid 0xa31 n 0x16 thread 0x2603 thread 0x2603 state-kr 0x0 pc 0x109895e22 leaf __semwait_signal+0xa frames: 0x109895e22 0x10409c9d5 0x103fcd562 0x10409fb49 0x10409ec36 0x10409e819 0x104033bfe 0x10409c3f9 0x109891e9e
   6.375 TIGER-SAMPLE pid 0xa31 n 0x16 thread 0x2703 thread 0x2703 state-kr 0x0 pc 0x109895e22 leaf __semwait_signal+0xa frames: 0x109895e22 0x10409c9d5 0x103fcd562 0x10409fb49 0x10409ec36 0x10409e819 0x104033bfe 0x10409c3f9 0x109891e9e
   6.375 TIGER-SAMPLE pid 0xa31 n 0x16 thread 0x2903 thread 0x2903 state-kr 0x0 pc 0x109895e22 leaf __semwait_signal+0xa frames: 0x109895e22 0x10409c9d5 0x103fcd562 0x10409fb49 0x10409ec36 0x10409e819 0x104033bfe 0x10409c3f9 0x109891e9e
   6.376 TIGER-SAMPLE pid 0xa31 n 0x16 thread 0x2a03 thread 0x2a03 state-kr 0x0 pc 0x1098467e6 leaf poll+0xa frames: 0x1098467e6 0x104033bfe 0x10409c3f9 0x109891e9e
   6.376 TIGER-SAMPLE pid 0xa31 n 0x16 thread 0x2b03 thread 0x2b03 state-kr 0x0 pc 0x1098467e6 leaf poll+0xa frames: 0x1098467e6 0x104388627 0x1043887ea 0x101f32ba7 0x101f3e971 0x104033bfe 0x10409c3f9 0x109891e9e
   6.376 TIGER-SAMPLE pid 0xa31 n 0x16 thread 0x3003 thread 0x3003 state-kr 0x0 pc 0x109895e22 leaf __semwait_signal+0xa frames: 0x109895e22 0x10409c9d5 0x103fcd562 0x10409fb49 0x10409ec36 0x10409e819 0x104033bfe 0x10409c3f9 0x109891e9e
   6.458 TIGER-SAMPLE pid 0xa30 n 0x15 main 0xd03 thread 0xd03 state-kr 0x0 pc 0x109a95e22 leaf __semwait_signal+0xa frames: 0x109a95e22 0x1042a1327 0x1041d56a2 0x1042a4329 0x1042a34a6 0x1042a3089 0x100046488 0x100001d0c 0x100001c21 0x3
   6.458 TIGER-SAMPLE pid 0xa30 n 0x15 thread 0xf03 thread 0xf03 state-kr 0x0 pc 0x109adfe4e leaf mach_msg_trap+0xa frames: 0x109adfe4e 0x10045c512 0x109a91e9e
   6.458 TIGER-SAMPLE pid 0xa30 n 0x15 thread 0x1103 thread 0x1103 state-kr 0x0 pc 0x109a95e22 leaf __semwait_signal+0xa frames: 0x109a95e22 0x1042a12e5 0x1041d56a2 0x1042a4329 0x1042a34a6 0x1042a3089 0x10423ab3e 0x1042a0d09 0x109a91e9e
   6.459 TIGER-SAMPLE pid 0xa30 n 0x15 thread 0x2303 thread 0x2303 state-kr 0x0 pc 0x109a95e22 leaf __semwait_signal+0xa frames: 0x109a95e22 0x1042a12e5 0x1041d56a2 0x1042a4329 0x1042a34a6 0x1042a3089 0x10423ab3e 0x1042a0d09 0x109a91e9e
   6.459 TIGER-SAMPLE pid 0xa30 n 0x15 thread 0x2403 thread 0x2403 state-kr 0x0 pc 0x109a95e22 leaf __semwait_signal+0xa frames: 0x109a95e22 0x1042a12e5 0x1041d56a2 0x1042a4329 0x1042a34a6 0x1042a3089 0x10423ab3e 0x1042a0d09 0x109a91e9e
   6.459 TIGER-SAMPLE pid 0xa30 n 0x15 thread 0x2503 thread 0x2503 state-kr 0x0 pc 0x109a467e6 leaf poll+0xa frames: 0x109a467e6 0x10423ab3e 0x1042a0d09 0x109a91e9e
   6.459 TIGER-SAMPLE pid 0xa30 n 0x15 thread 0x2603 thread 0x2603 state-kr 0x0 pc 0x109a95e22 leaf __semwait_signal+0xa frames: 0x109a95e22 0x1042a12e5 0x1041d56a2 0x1042a4329 0x1042a34a6 0x1042a3089 0x10423ab3e 0x1042a0d09 0x109a91e9e
   6.459 TIGER-SAMPLE pid 0xa30 n 0x15 thread 0x2703 thread 0x2703 state-kr 0x0 pc 0x109a467e6 leaf poll+0xa frames: 0x109a467e6 0x10423ab3e 0x1042a0d09 0x109a91e9e
   6.459 TIGER-SAMPLE pid 0xa30 n 0x15 thread 0x2807 thread 0x2807 state-kr 0x0 pc 0x109a95e22 leaf __semwait_signal+0xa frames: 0x109a95e22 0x1042a12e5 0x1041d56a2 0x1042a4329 0x1042a34a6 0x1042a3089 0x10423ab3e 0x1042a0d09 0x109a91e9e
   6.459 TIGER-SAMPLE pid 0xa30 n 0x15 thread 0x2903 thread 0x2903 state-kr 0x0 pc 0x109a95e22 leaf __semwait_signal+0xa frames: 0x109a95e22 0x1042a12e5 0x1041d56a2 0x1042a4329 0x1042a34a6 0x1042a3089 0x10423ab3e 0x1042a0d09 0x109a91e9e
   6.459 TIGER-SAMPLE pid 0xa30 n 0x15 thread 0x2a03 thread 0x2a03 state-kr 0x0 pc 0x109a95e22 leaf __semwait_signal+0xa frames: 0x109a95e22 0x1042a12e5 0x1041d56a2 0x1042a4329 0x1042a34a6 0x1042a3089 0x10423ab3e 0x1042a0d09 0x109a91e9e
   6.462 TIGER-SAMPLE pid 0xa30 n 0x15 thread 0x2b03 thread 0x2b03 state-kr 0x0 pc 0x10045dbdf leaf _ZN3IPC10Connection16readyReadHandlerEv+0x1f frames: 0x10045dbdf 0x10045e43e 0x10423ab3e 0x1042a0d09 0x109a91e9e
   6.462 TIGER-SAMPLE pid 0xa30 n 0x15 thread 0x2c03 thread 0x2c03 state-kr 0x0 pc 0x109a95e22 leaf __semwait_signal+0xa frames: 0x109a95e22 0x1042a12e5 0x1041d56a2 0x1042a4329 0x1042a34a6 0x1042a3089 0x10423ab3e 0x1042a0d09 0x109a91e9e
   6.462 TIGER-SAMPLE pid 0xa30 n 0x15 thread 0x2d03 thread 0x2d03 state-kr 0x0 pc 0x109adc954 leaf _spin_unlock+0x0 frames: 0x109adc954 0x10045e43e 0x10423ab3e 0x1042a0d09 0x109a91e9e
   6.462 TIGER-SAMPLE pid 0xa30 n 0x15 thread 0x4103 thread 0x4103 state-kr 0x0 pc 0x109a95e22 leaf __semwait_signal+0xa frames: 0x109a95e22 0x1042a1327 0x1041d56a2 0x1041b2277 0x10423ab3e 0x1042a0d09 0x109a91e9e
   6.463 TIGER-SAMPLE pid 0xa30 n 0x15 thread 0x4203 thread 0x4203 state-kr 0x0 pc 0x109a95e22 leaf __semwait_signal+0xa frames: 0x109a95e22 0x1042a1327 0x1041d56a2 0x1041b2277 0x10423ab3e 0x1042a0d09 0x109a91e9e
   6.528 TIGER-SAMPLE pid 0xa2d n 0x18 main 0x117 thread 0x117 state-kr 0x0 pc 0x90009817 leaf mach_msg_trap+0x7 frames: 0x90009817 0x9082d227 0x9082ca42 0x92e06878 0x92e05f82 0x92e05dd9 0x9328cf45 0x9328cb37 0x932868c4 0x8af6 0x82f2 0x8219 0x5
   6.529 TIGER-SAMPLE pid 0xa2d n 0x18 thread 0x1203 thread 0x1203 state-kr 0x0 pc 0x90009817 leaf mach_msg_trap+0x7 frames: 0x90009817 0x2ca6d8 0x90023d67
   6.529 TIGER-SAMPLE pid 0xa2d n 0x18 thread 0x3207 thread 0x3207 state-kr 0x0 pc 0x90024407 leaf semaphore_wait_signal_trap+0x7 frames: 0x90024407 0x364de 0x90023d67
   6.529 TIGER-SAMPLE pid 0xa2d n 0x18 thread 0x3403 thread 0x3403 state-kr 0x0 pc 0x90024407 leaf semaphore_wait_signal_trap+0x7 frames: 0x90024407 0x364de 0x90023d67
   6.529 TIGER-SAMPLE pid 0xa2d n 0x18 thread 0x5103 thread 0x5103 state-kr 0x0 pc 0x900bc3fc leaf poll+0xc frames: 0x900bc3fc 0x2cd134 0x313210b 0x319b321 0x90023d67
   6.530 TIGER-SAMPLE pid 0xa2d n 0x18 thread 0x5203 thread 0x5203 state-kr 0x0 pc 0x90024407 leaf semaphore_wait_signal_trap+0x7 frames: 0x90024407 0x364de 0x90023d67
   6.530 TIGER-SAMPLE pid 0xa2d n 0x18 thread 0x5503 thread 0x5503 state-kr 0x0 pc 0x900bc3fc leaf poll+0xc frames: 0x900bc3fc 0x2cd134 0x313210b 0x319b321 0x90023d67
   6.530 TIGER-SAMPLE pid 0xa2d n 0x18 thread 0x5603 thread 0x5603 state-kr 0x0 pc 0x90024407 leaf semaphore_wait_signal_trap+0x7 frames: 0x90024407 0x364de 0x90023d67
   6.530 TIGER-SAMPLE pid 0xa2d n 0x18 thread 0x5c07 thread 0x5c07 state-kr 0x0 pc 0x900265fc leaf recvmsg+0xc frames: 0x900265fc 0x2cc6bb 0x2cd134 0x313210b 0x319b321 0x90023d67
   6.531 TIGER-SAMPLE pid 0xa2d n 0x18 thread 0x5e07 thread 0x5e07 state-kr 0x0 pc 0x90024407 leaf semaphore_wait_signal_trap+0x7 frames: 0x90024407 0x915a96ab 0x915c3ddc 0x90023d67
   6.626 TIGER-SAMPLE pid 0xa31 n 0x17 main 0xd03 thread 0xd03 state-kr 0x0 pc 0x109895e22 leaf __semwait_signal+0xa frames: 0x109895e22 0x10409c9d5 0x103fcd562 0x10409fb49 0x10409ec36 0x10409e819 0x10004a16b 0x10000154c 0x100001461 0x3
   6.627 TIGER-SAMPLE pid 0xa31 n 0x17 thread 0xf03 thread 0xf03 state-kr 0x0 pc 0x1098dfe4e leaf mach_msg_trap+0xa frames: 0x1098dfe4e 0x100327902 0x109891e9e
   6.627 TIGER-SAMPLE pid 0xa31 n 0x17 thread 0x1103 thread 0x1103 state-kr 0x0 pc 0x109895e22 leaf __semwait_signal+0xa frames: 0x109895e22 0x10409c9d5 0x103fcd562 0x10409fb49 0x10409ec36 0x10409e819 0x104033bfe 0x10409c3f9 0x109891e9e
   6.627 TIGER-SAMPLE pid 0xa31 n 0x17 thread 0x2303 thread 0x2303 state-kr 0x0 pc 0x1098467e6 leaf poll+0xa frames: 0x1098467e6 0x104033bfe 0x10409c3f9 0x109891e9e
   6.627 TIGER-SAMPLE pid 0xa31 n 0x17 thread 0x2407 thread 0x2407 state-kr 0x0 pc 0x109895e22 leaf __semwait_signal+0xa frames: 0x109895e22 0x10409c9d5 0x103fcd562 0x10409fb49 0x10409ec36 0x10409e819 0x104033bfe 0x10409c3f9 0x109891e9e
   6.627 TIGER-SAMPLE pid 0xa31 n 0x17 thread 0x2503 thread 0x2503 state-kr 0x0 pc 0x109895e22 leaf __semwait_signal+0xa frames: 0x109895e22 0x10409c9d5 0x103fcd562 0x10409fb49 0x10409ec36 0x10409e819 0x104033bfe 0x10409c3f9 0x109891e9e
   6.628 TIGER-SAMPLE pid 0xa31 n 0x17 thread 0x2603 thread 0x2603 state-kr 0x0 pc 0x109895e22 leaf __semwait_signal+0xa frames: 0x109895e22 0x10409c9d5 0x103fcd562 0x10409fb49 0x10409ec36 0x10409e819 0x104033bfe 0x10409c3f9 0x109891e9e
   6.628 TIGER-SAMPLE pid 0xa31 n 0x17 thread 0x2703 thread 0x2703 state-kr 0x0 pc 0x109895e22 leaf __semwait_signal+0xa frames: 0x109895e22 0x10409c9d5 0x103fcd562 0x10409fb49 0x10409ec36 0x10409e819 0x104033bfe 0x10409c3f9 0x109891e9e
   6.629 TIGER-SAMPLE pid 0xa31 n 0x17 thread 0x2903 thread 0x2903 state-kr 0x0 pc 0x109895e22 leaf __semwait_signal+0xa frames: 0x109895e22 0x10409c9d5 0x103fcd562 0x10409fb49 0x10409ec36 0x10409e819 0x104033bfe 0x10409c3f9 0x109891e9e
   6.629 TIGER-SAMPLE pid 0xa31 n 0x17 thread 0x2a03 thread 0x2a03 state-kr 0x0 pc 0x1098467e6 leaf poll+0xa frames: 0x1098467e6 0x104033bfe 0x10409c3f9 0x109891e9e
   6.629 TIGER-SAMPLE pid 0xa31 n 0x17 thread 0x2b03 thread 0x2b03 state-kr 0x0 pc 0x1098467e6 leaf poll+0xa frames: 0x1098467e6 0x104388627 0x1043887ea 0x101f32ba7 0x101f3e971 0x104033bfe 0x10409c3f9 0x109891e9e
   6.629 TIGER-SAMPLE pid 0xa31 n 0x17 thread 0x3003 thread 0x3003 state-kr 0x0 pc 0x109895e22 leaf __semwait_signal+0xa frames: 0x109895e22 0x10409c9d5 0x103fcd562 0x10409fb49 0x10409ec36 0x10409e819 0x104033bfe 0x10409c3f9 0x109891e9e
   6.713 TIGER-SAMPLE pid 0xa30 n 0x16 main 0xd03 thread 0xd03 state-kr 0x0 pc 0x109a95e22 leaf __semwait_signal+0xa frames: 0x109a95e22 0x1042a1327 0x1041d56a2 0x1042a4329 0x1042a34a6 0x1042a3089 0x100046488 0x100001d0c 0x100001c21 0x3
   6.713 TIGER-SAMPLE pid 0xa30 n 0x16 thread 0xf03 thread 0xf03 state-kr 0x0 pc 0x109adfe4e leaf mach_msg_trap+0xa frames: 0x109adfe4e 0x10045c512 0x109a91e9e
   6.713 TIGER-SAMPLE pid 0xa30 n 0x16 thread 0x1103 thread 0x1103 state-kr 0x0 pc 0x109a95e22 leaf __semwait_signal+0xa frames: 0x109a95e22 0x1042a12e5 0x1041d56a2 0x1042a4329 0x1042a34a6 0x1042a3089 0x10423ab3e 0x1042a0d09 0x109a91e9e
   6.714 TIGER-SAMPLE pid 0xa30 n 0x16 thread 0x2303 thread 0x2303 state-kr 0x0 pc 0x109a95e22 leaf __semwait_signal+0xa frames: 0x109a95e22 0x1042a12e5 0x1041d56a2 0x1042a4329 0x1042a34a6 0x1042a3089 0x10423ab3e 0x1042a0d09 0x109a91e9e
   6.714 TIGER-SAMPLE pid 0xa30 n 0x16 thread 0x2403 thread 0x2403 state-kr 0x0 pc 0x109a95e22 leaf __semwait_signal+0xa frames: 0x109a95e22 0x1042a12e5 0x1041d56a2 0x1042a4329 0x1042a34a6 0x1042a3089 0x10423ab3e 0x1042a0d09 0x109a91e9e
   6.715 TIGER-SAMPLE pid 0xa30 n 0x16 thread 0x2503 thread 0x2503 state-kr 0x0 pc 0x109a467e6 leaf poll+0xa frames: 0x109a467e6 0x10423ab3e 0x1042a0d09 0x109a91e9e
   6.715 TIGER-SAMPLE pid 0xa30 n 0x16 thread 0x2603 thread 0x2603 state-kr 0x0 pc 0x109a95e22 leaf __semwait_signal+0xa frames: 0x109a95e22 0x1042a12e5 0x1041d56a2 0x1042a4329 0x1042a34a6 0x1042a3089 0x10423ab3e 0x1042a0d09 0x109a91e9e
   6.715 TIGER-SAMPLE pid 0xa30 n 0x16 thread 0x2703 thread 0x2703 state-kr 0x0 pc 0x109a467e6 leaf poll+0xa frames: 0x109a467e6 0x10423ab3e 0x1042a0d09 0x109a91e9e
   6.715 TIGER-SAMPLE pid 0xa30 n 0x16 thread 0x2807 thread 0x2807 state-kr 0x0 pc 0x109a95e22 leaf __semwait_signal+0xa frames: 0x109a95e22 0x1042a12e5 0x1041d56a2 0x1042a4329 0x1042a34a6 0x1042a3089 0x10423ab3e 0x1042a0d09 0x109a91e9e
   6.715 TIGER-SAMPLE pid 0xa30 n 0x16 thread 0x2903 thread 0x2903 state-kr 0x0 pc 0x109a95e22 leaf __semwait_signal+0xa frames: 0x109a95e22 0x1042a12e5 0x1041d56a2 0x1042a4329 0x1042a34a6 0x1042a3089 0x10423ab3e 0x1042a0d09 0x109a91e9e
   6.715 TIGER-SAMPLE pid 0xa30 n 0x16 thread 0x2a03 thread 0x2a03 state-kr 0x0 pc 0x109a95e22 leaf __semwait_signal+0xa frames: 0x109a95e22 0x1042a12e5 0x1041d56a2 0x1042a4329 0x1042a34a6 0x1042a3089 0x10423ab3e 0x1042a0d09 0x109a91e9e
   6.724 TIGER-SAMPLE pid 0xa30 n 0x16 thread 0x2b03 thread 0x2b03 state-kr 0x0 pc 0x109a46712 leaf recvmsg+0xa frames: 0x109a46712 0x10045e43e 0x10423ab3e 0x1042a0d09 0x109a91e9e
   6.724 TIGER-SAMPLE pid 0xa30 n 0x16 thread 0x2c03 thread 0x2c03 state-kr 0x0 pc 0x109a95e22 leaf __semwait_signal+0xa frames: 0x109a95e22 0x1042a12e5 0x1041d56a2 0x1042a4329 0x1042a34a6 0x1042a3089 0x10423ab3e 0x1042a0d09 0x109a91e9e
   6.724 TIGER-SAMPLE pid 0xa30 n 0x16 thread 0x2d03 thread 0x2d03 state-kr 0x0 pc 0x109a46712 leaf recvmsg+0xa frames: 0x109a46712 0x10045e43e 0x10423ab3e 0x1042a0d09 0x109a91e9e
   6.724 TIGER-SAMPLE pid 0xa30 n 0x16 thread 0x4103 thread 0x4103 state-kr 0x0 pc 0x109a95e22 leaf __semwait_signal+0xa frames: 0x109a95e22 0x1042a1327 0x1041d56a2 0x1041b2277 0x10423ab3e 0x1042a0d09 0x109a91e9e
   6.724 TIGER-SAMPLE pid 0xa30 n 0x16 thread 0x4203 thread 0x4203 state-kr 0x0 pc 0x109a95e22 leaf __semwait_signal+0xa frames: 0x109a95e22 0x1042a1327 0x1041d56a2 0x1041b2277 0x10423ab3e 0x1042a0d09 0x109a91e9e
   6.781 TIGER-SAMPLE pid 0xa2d n 0x19 main 0x117 thread 0x117 state-kr 0x0 pc 0x90009817 leaf mach_msg_trap+0x7 frames: 0x90009817 0x9082d227 0x9082ca42 0x92e06878 0x92e05f82 0x92e05dd9 0x9328cf45 0x9328cb37 0x932868c4 0x8af6 0x82f2 0x8219 0x5
   6.781 TIGER-SAMPLE pid 0xa2d n 0x19 thread 0x1203 thread 0x1203 state-kr 0x0 pc 0x90009817 leaf mach_msg_trap+0x7 frames: 0x90009817 0x2ca6d8 0x90023d67
   6.782 TIGER-SAMPLE pid 0xa2d n 0x19 thread 0x3207 thread 0x3207 state-kr 0x0 pc 0x90024407 leaf semaphore_wait_signal_trap+0x7 frames: 0x90024407 0x364de 0x90023d67
   6.782 TIGER-SAMPLE pid 0xa2d n 0x19 thread 0x3403 thread 0x3403 state-kr 0x0 pc 0x90024407 leaf semaphore_wait_signal_trap+0x7 frames: 0x90024407 0x364de 0x90023d67
   6.782 TIGER-SAMPLE pid 0xa2d n 0x19 thread 0x5103 thread 0x5103 state-kr 0x0 pc 0x900bc3fc leaf poll+0xc frames: 0x900bc3fc 0x2cd134 0x313210b 0x319b321 0x90023d67
   6.783 TIGER-SAMPLE pid 0xa2d n 0x19 thread 0x5203 thread 0x5203 state-kr 0x0 pc 0x90024407 leaf semaphore_wait_signal_trap+0x7 frames: 0x90024407 0x364de 0x90023d67
   6.783 TIGER-SAMPLE pid 0xa2d n 0x19 thread 0x5503 thread 0x5503 state-kr 0x0 pc 0x900bc3fc leaf poll+0xc frames: 0x900bc3fc 0x2cd134 0x313210b 0x319b321 0x90023d67
   6.783 TIGER-SAMPLE pid 0xa2d n 0x19 thread 0x5603 thread 0x5603 state-kr 0x0 pc 0x90024407 leaf semaphore_wait_signal_trap+0x7 frames: 0x90024407 0x364de 0x90023d67
   6.783 TIGER-SAMPLE pid 0xa2d n 0x19 thread 0x5c07 thread 0x5c07 state-kr 0x0 pc 0x900051c3 leaf free+0x3d3 frames: 0x900051c3 0x90004e2f 0x2cc149 0x2cc6bb 0x2cd134 0x313210b 0x319b321 0x90023d67
   6.784 TIGER-SAMPLE pid 0xa2d n 0x19 thread 0x5e07 thread 0x5e07 state-kr 0x0 pc 0x90024407 leaf semaphore_wait_signal_trap+0x7 frames: 0x90024407 0x915a96ab 0x915c3ddc 0x90023d67
   6.880 TIGER-SAMPLE pid 0xa31 n 0x18 main 0xd03 thread 0xd03 state-kr 0x0 pc 0x109895e22 leaf __semwait_signal+0xa frames: 0x109895e22 0x10409c9d5 0x103fcd562 0x10409fb49 0x10409ec36 0x10409e819 0x10004a16b 0x10000154c 0x100001461 0x3
   6.880 TIGER-SAMPLE pid 0xa31 n 0x18 thread 0xf03 thread 0xf03 state-kr 0x0 pc 0x1098dfe4e leaf mach_msg_trap+0xa frames: 0x1098dfe4e 0x100327902 0x109891e9e
   6.880 TIGER-SAMPLE pid 0xa31 n 0x18 thread 0x1103 thread 0x1103 state-kr 0x0 pc 0x109895e22 leaf __semwait_signal+0xa frames: 0x109895e22 0x10409c9d5 0x103fcd562 0x10409fb49 0x10409ec36 0x10409e819 0x104033bfe 0x10409c3f9 0x109891e9e
   6.880 TIGER-SAMPLE pid 0xa31 n 0x18 thread 0x2303 thread 0x2303 state-kr 0x0 pc 0x1098467e6 leaf poll+0xa frames: 0x1098467e6 0x104033bfe 0x10409c3f9 0x109891e9e
   6.880 TIGER-SAMPLE pid 0xa31 n 0x18 thread 0x2407 thread 0x2407 state-kr 0x0 pc 0x109895e22 leaf __semwait_signal+0xa frames: 0x109895e22 0x10409c9d5 0x103fcd562 0x10409fb49 0x10409ec36 0x10409e819 0x104033bfe 0x10409c3f9 0x109891e9e
   6.880 TIGER-SAMPLE pid 0xa31 n 0x18 thread 0x2503 thread 0x2503 state-kr 0x0 pc 0x109895e22 leaf __semwait_signal+0xa frames: 0x109895e22 0x10409c9d5 0x103fcd562 0x10409fb49 0x10409ec36 0x10409e819 0x104033bfe 0x10409c3f9 0x109891e9e
   6.880 TIGER-SAMPLE pid 0xa31 n 0x18 thread 0x2603 thread 0x2603 state-kr 0x0 pc 0x109895e22 leaf __semwait_signal+0xa frames: 0x109895e22 0x10409c9d5 0x103fcd562 0x10409fb49 0x10409ec36 0x10409e819 0x104033bfe 0x10409c3f9 0x109891e9e
   6.881 TIGER-SAMPLE pid 0xa31 n 0x18 thread 0x2703 thread 0x2703 state-kr 0x0 pc 0x109895e22 leaf __semwait_signal+0xa frames: 0x109895e22 0x10409c9d5 0x103fcd562 0x10409fb49 0x10409ec36 0x10409e819 0x104033bfe 0x10409c3f9 0x109891e9e
   6.881 TIGER-SAMPLE pid 0xa31 n 0x18 thread 0x2903 thread 0x2903 state-kr 0x0 pc 0x109895e22 leaf __semwait_signal+0xa frames: 0x109895e22 0x10409c9d5 0x103fcd562 0x10409fb49 0x10409ec36 0x10409e819 0x104033bfe 0x10409c3f9 0x109891e9e
   6.881 TIGER-SAMPLE pid 0xa31 n 0x18 thread 0x2a03 thread 0x2a03 state-kr 0x0 pc 0x1098467e6 leaf poll+0xa frames: 0x1098467e6 0x104033bfe 0x10409c3f9 0x109891e9e
   6.881 TIGER-SAMPLE pid 0xa31 n 0x18 thread 0x2b03 thread 0x2b03 state-kr 0x0 pc 0x1098467e6 leaf poll+0xa frames: 0x1098467e6 0x104388627 0x1043887ea 0x101f32ba7 0x101f3e971 0x104033bfe 0x10409c3f9 0x109891e9e
   6.882 TIGER-SAMPLE pid 0xa31 n 0x18 thread 0x3003 thread 0x3003 state-kr 0x0 pc 0x109895e22 leaf __semwait_signal+0xa frames: 0x109895e22 0x10409c9d5 0x103fcd562 0x10409fb49 0x10409ec36 0x10409e819 0x104033bfe 0x10409c3f9 0x109891e9e
   6.975 TIGER-SAMPLE pid 0xa30 n 0x17 main 0xd03 thread 0xd03 state-kr 0x0 pc 0x109a95e22 leaf __semwait_signal+0xa frames: 0x109a95e22 0x1042a1327 0x1041d56a2 0x1042a4329 0x1042a34a6 0x1042a3089 0x100046488 0x100001d0c 0x100001c21 0x3
   6.975 TIGER-SAMPLE pid 0xa30 n 0x17 thread 0xf03 thread 0xf03 state-kr 0x0 pc 0x109adfe4e leaf mach_msg_trap+0xa frames: 0x109adfe4e 0x10045c512 0x109a91e9e
   6.975 TIGER-SAMPLE pid 0xa30 n 0x17 thread 0x1103 thread 0x1103 state-kr 0x0 pc 0x109a95e22 leaf __semwait_signal+0xa frames: 0x109a95e22 0x1042a12e5 0x1041d56a2 0x1042a4329 0x1042a34a6 0x1042a3089 0x10423ab3e 0x1042a0d09 0x109a91e9e
   6.976 TIGER-SAMPLE pid 0xa30 n 0x17 thread 0x2303 thread 0x2303 state-kr 0x0 pc 0x109a95e22 leaf __semwait_signal+0xa frames: 0x109a95e22 0x1042a12e5 0x1041d56a2 0x1042a4329 0x1042a34a6 0x1042a3089 0x10423ab3e 0x1042a0d09 0x109a91e9e
   6.976 TIGER-SAMPLE pid 0xa30 n 0x17 thread 0x2403 thread 0x2403 state-kr 0x0 pc 0x109a95e22 leaf __semwait_signal+0xa frames: 0x109a95e22 0x1042a12e5 0x1041d56a2 0x1042a4329 0x1042a34a6 0x1042a3089 0x10423ab3e 0x1042a0d09 0x109a91e9e
   6.976 TIGER-SAMPLE pid 0xa30 n 0x17 thread 0x2503 thread 0x2503 state-kr 0x0 pc 0x109a467e6 leaf poll+0xa frames: 0x109a467e6 0x10423ab3e 0x1042a0d09 0x109a91e9e
   6.976 TIGER-SAMPLE pid 0xa30 n 0x17 thread 0x2603 thread 0x2603 state-kr 0x0 pc 0x109a95e22 leaf __semwait_signal+0xa frames: 0x109a95e22 0x1042a12e5 0x1041d56a2 0x1042a4329 0x1042a34a6 0x1042a3089 0x10423ab3e 0x1042a0d09 0x109a91e9e
   6.976 TIGER-SAMPLE pid 0xa30 n 0x17 thread 0x2703 thread 0x2703 state-kr 0x0 pc 0x109a467e6 leaf poll+0xa frames: 0x109a467e6 0x10423ab3e 0x1042a0d09 0x109a91e9e
   6.977 TIGER-SAMPLE pid 0xa30 n 0x17 thread 0x2807 thread 0x2807 state-kr 0x0 pc 0x109a95e22 leaf __semwait_signal+0xa frames: 0x109a95e22 0x1042a12e5 0x1041d56a2 0x1042a4329 0x1042a34a6 0x1042a3089 0x10423ab3e 0x1042a0d09 0x109a91e9e
   6.977 TIGER-SAMPLE pid 0xa30 n 0x17 thread 0x2903 thread 0x2903 state-kr 0x0 pc 0x109a95e22 leaf __semwait_signal+0xa frames: 0x109a95e22 0x1042a12e5 0x1041d56a2 0x1042a4329 0x1042a34a6 0x1042a3089 0x10423ab3e 0x1042a0d09 0x109a91e9e
   6.977 TIGER-SAMPLE pid 0xa30 n 0x17 thread 0x2a03 thread 0x2a03 state-kr 0x0 pc 0x109a95e22 leaf __semwait_signal+0xa frames: 0x109a95e22 0x1042a12e5 0x1041d56a2 0x1042a4329 0x1042a34a6 0x1042a3089 0x10423ab3e 0x1042a0d09 0x109a91e9e
   6.978 TIGER-SAMPLE pid 0xa30 n 0x17 thread 0x2b03 thread 0x2b03 state-kr 0x0 pc 0x109a46712 leaf recvmsg+0xa frames: 0x109a46712 0x10045e43e 0x10423ab3e 0x1042a0d09 0x109a91e9e
   6.978 TIGER-SAMPLE pid 0xa30 n 0x17 thread 0x2c03 thread 0x2c03 state-kr 0x0 pc 0x109a95e22 leaf __semwait_signal+0xa frames: 0x109a95e22 0x1042a12e5 0x1041d56a2 0x1042a4329 0x1042a34a6 0x1042a3089 0x10423ab3e 0x1042a0d09 0x109a91e9e
   6.979 TIGER-SAMPLE pid 0xa30 n 0x17 thread 0x2d03 thread 0x2d03 state-kr 0x0 pc 0x109aabac7 leaf malloc_jumpstart+0x4e1c frames: 0x109aabac7 0x109adafc8 0x1041bec11 0x10045dbf8 0x10045e43e 0x10423ab3e 0x1042a0d09 0x109a91e9e
   6.979 TIGER-SAMPLE pid 0xa30 n 0x17 thread 0x4103 thread 0x4103 state-kr 0x0 pc 0x109a95e22 leaf __semwait_signal+0xa frames: 0x109a95e22 0x1042a1327 0x1041d56a2 0x1041b2277 0x10423ab3e 0x1042a0d09 0x109a91e9e
   6.979 TIGER-SAMPLE pid 0xa30 n 0x17 thread 0x4203 thread 0x4203 state-kr 0x0 pc 0x109a95e22 leaf __semwait_signal+0xa frames: 0x109a95e22 0x1042a1327 0x1041d56a2 0x1041b2277 0x10423ab3e 0x1042a0d09 0x109a91e9e
   7.034 TIGER-SAMPLE pid 0xa2d n 0x1a main 0x117 thread 0x117 state-kr 0x0 pc 0x90009817 leaf mach_msg_trap+0x7 frames: 0x90009817 0x9082d227 0x9082ca42 0x92e06878 0x92e05f82 0x92e05dd9 0x9328cf45 0x9328cb37 0x932868c4 0x8af6 0x82f2 0x8219 0x5
   7.034 TIGER-SAMPLE pid 0xa2d n 0x1a thread 0x1203 thread 0x1203 state-kr 0x0 pc 0x90009817 leaf mach_msg_trap+0x7 frames: 0x90009817 0x2ca6d8 0x90023d67
   7.035 TIGER-SAMPLE pid 0xa2d n 0x1a thread 0x3207 thread 0x3207 state-kr 0x0 pc 0x90024407 leaf semaphore_wait_signal_trap+0x7 frames: 0x90024407 0x364de 0x90023d67
   7.035 TIGER-SAMPLE pid 0xa2d n 0x1a thread 0x3403 thread 0x3403 state-kr 0x0 pc 0x90024407 leaf semaphore_wait_signal_trap+0x7 frames: 0x90024407 0x364de 0x90023d67
   7.035 TIGER-SAMPLE pid 0xa2d n 0x1a thread 0x5103 thread 0x5103 state-kr 0x0 pc 0x900bc3fc leaf poll+0xc frames: 0x900bc3fc 0x2cd134 0x313210b 0x319b321 0x90023d67
   7.036 TIGER-SAMPLE pid 0xa2d n 0x1a thread 0x5203 thread 0x5203 state-kr 0x0 pc 0x90024407 leaf semaphore_wait_signal_trap+0x7 frames: 0x90024407 0x364de 0x90023d67
   7.036 TIGER-SAMPLE pid 0xa2d n 0x1a thread 0x5503 thread 0x5503 state-kr 0x0 pc 0x900bc3fc leaf poll+0xc frames: 0x900bc3fc 0x2cd134 0x313210b 0x319b321 0x90023d67
   7.036 TIGER-SAMPLE pid 0xa2d n 0x1a thread 0x5603 thread 0x5603 state-kr 0x0 pc 0x90024407 leaf semaphore_wait_signal_trap+0x7 frames: 0x90024407 0x364de 0x90023d67
   7.037 TIGER-SAMPLE pid 0xa2d n 0x1a thread 0x5c07 thread 0x5c07 state-kr 0x0 pc 0x900265fc leaf recvmsg+0xc frames: 0x900265fc 0x2cc6bb 0x2cd134 0x313210b 0x319b321 0x90023d67
   7.037 TIGER-SAMPLE pid 0xa2d n 0x1a thread 0x5e07 thread 0x5e07 state-kr 0x0 pc 0x90024407 leaf semaphore_wait_signal_trap+0x7 frames: 0x90024407 0x915a96ab 0x915c3ddc 0x90023d67
   7.132 TIGER-SAMPLE pid 0xa31 n 0x19 main 0xd03 thread 0xd03 state-kr 0x0 pc 0x109895e22 leaf __semwait_signal+0xa frames: 0x109895e22 0x10409c9d5 0x103fcd562 0x10409fb49 0x10409ec36 0x10409e819 0x10004a16b 0x10000154c 0x100001461 0x3
   7.132 TIGER-SAMPLE pid 0xa31 n 0x19 thread 0xf03 thread 0xf03 state-kr 0x0 pc 0x1098dfe4e leaf mach_msg_trap+0xa frames: 0x1098dfe4e 0x100327902 0x109891e9e
   7.132 TIGER-SAMPLE pid 0xa31 n 0x19 thread 0x1103 thread 0x1103 state-kr 0x0 pc 0x109895e22 leaf __semwait_signal+0xa frames: 0x109895e22 0x10409c9d5 0x103fcd562 0x10409fb49 0x10409ec36 0x10409e819 0x104033bfe 0x10409c3f9 0x109891e9e
   7.133 TIGER-SAMPLE pid 0xa31 n 0x19 thread 0x2303 thread 0x2303 state-kr 0x0 pc 0x1098467e6 leaf poll+0xa frames: 0x1098467e6 0x104033bfe 0x10409c3f9 0x109891e9e
   7.133 TIGER-SAMPLE pid 0xa31 n 0x19 thread 0x2407 thread 0x2407 state-kr 0x0 pc 0x109895e22 leaf __semwait_signal+0xa frames: 0x109895e22 0x10409c9d5 0x103fcd562 0x10409fb49 0x10409ec36 0x10409e819 0x104033bfe 0x10409c3f9 0x109891e9e
   7.133 TIGER-SAMPLE pid 0xa31 n 0x19 thread 0x2503 thread 0x2503 state-kr 0x0 pc 0x109895e22 leaf __semwait_signal+0xa frames: 0x109895e22 0x10409c9d5 0x103fcd562 0x10409fb49 0x10409ec36 0x10409e819 0x104033bfe 0x10409c3f9 0x109891e9e
   7.133 TIGER-SAMPLE pid 0xa31 n 0x19 thread 0x2603 thread 0x2603 state-kr 0x0 pc 0x109895e22 leaf __semwait_signal+0xa frames: 0x109895e22 0x10409c9d5 0x103fcd562 0x10409fb49 0x10409ec36 0x10409e819 0x104033bfe 0x10409c3f9 0x109891e9e
   7.133 TIGER-SAMPLE pid 0xa31 n 0x19 thread 0x2703 thread 0x2703 state-kr 0x0 pc 0x109895e22 leaf __semwait_signal+0xa frames: 0x109895e22 0x10409c9d5 0x103fcd562 0x10409fb49 0x10409ec36 0x10409e819 0x104033bfe 0x10409c3f9 0x109891e9e
   7.134 TIGER-SAMPLE pid 0xa31 n 0x19 thread 0x2903 thread 0x2903 state-kr 0x0 pc 0x109895e22 leaf __semwait_signal+0xa frames: 0x109895e22 0x10409c9d5 0x103fcd562 0x10409fb49 0x10409ec36 0x10409e819 0x104033bfe 0x10409c3f9 0x109891e9e
   7.134 TIGER-SAMPLE pid 0xa31 n 0x19 thread 0x2a03 thread 0x2a03 state-kr 0x0 pc 0x1098467e6 leaf poll+0xa frames: 0x1098467e6 0x104033bfe 0x10409c3f9 0x109891e9e
   7.134 TIGER-SAMPLE pid 0xa31 n 0x19 thread 0x2b03 thread 0x2b03 state-kr 0x0 pc 0x1098467e6 leaf poll+0xa frames: 0x1098467e6 0x104388627 0x1043887ea 0x101f32ba7 0x101f3e971 0x104033bfe 0x10409c3f9 0x109891e9e
   7.134 TIGER-SAMPLE pid 0xa31 n 0x19 thread 0x3003 thread 0x3003 state-kr 0x0 pc 0x109895e22 leaf __semwait_signal+0xa frames: 0x109895e22 0x10409c9d5 0x103fcd562 0x10409fb49 0x10409ec36 0x10409e819 0x104033bfe 0x10409c3f9 0x109891e9e
   7.230 TIGER-SAMPLE pid 0xa30 n 0x18 main 0xd03 thread 0xd03 state-kr 0x0 pc 0x109a95e22 leaf __semwait_signal+0xa frames: 0x109a95e22 0x1042a1327 0x1041d56a2 0x1042a4329 0x1042a34a6 0x1042a3089 0x100046488 0x100001d0c 0x100001c21 0x3
   7.230 TIGER-SAMPLE pid 0xa30 n 0x18 thread 0xf03 thread 0xf03 state-kr 0x0 pc 0x109adfe4e leaf mach_msg_trap+0xa frames: 0x109adfe4e 0x10045c512 0x109a91e9e
   7.231 TIGER-SAMPLE pid 0xa30 n 0x18 thread 0x1103 thread 0x1103 state-kr 0x0 pc 0x109a95e22 leaf __semwait_signal+0xa frames: 0x109a95e22 0x1042a12e5 0x1041d56a2 0x1042a4329 0x1042a34a6 0x1042a3089 0x10423ab3e 0x1042a0d09 0x109a91e9e
   7.231 TIGER-SAMPLE pid 0xa30 n 0x18 thread 0x2303 thread 0x2303 state-kr 0x0 pc 0x109a95e22 leaf __semwait_signal+0xa frames: 0x109a95e22 0x1042a12e5 0x1041d56a2 0x1042a4329 0x1042a34a6 0x1042a3089 0x10423ab3e 0x1042a0d09 0x109a91e9e
   7.231 TIGER-SAMPLE pid 0xa30 n 0x18 thread 0x2403 thread 0x2403 state-kr 0x0 pc 0x109a95e22 leaf __semwait_signal+0xa frames: 0x109a95e22 0x1042a12e5 0x1041d56a2 0x1042a4329 0x1042a34a6 0x1042a3089 0x10423ab3e 0x1042a0d09 0x109a91e9e
   7.231 TIGER-SAMPLE pid 0xa30 n 0x18 thread 0x2503 thread 0x2503 state-kr 0x0 pc 0x109a467e6 leaf poll+0xa frames: 0x109a467e6 0x10423ab3e 0x1042a0d09 0x109a91e9e
   7.231 TIGER-SAMPLE pid 0xa30 n 0x18 thread 0x2603 thread 0x2603 state-kr 0x0 pc 0x109a95e22 leaf __semwait_signal+0xa frames: 0x109a95e22 0x1042a12e5 0x1041d56a2 0x1042a4329 0x1042a34a6 0x1042a3089 0x10423ab3e 0x1042a0d09 0x109a91e9e
   7.231 TIGER-SAMPLE pid 0xa30 n 0x18 thread 0x2703 thread 0x2703 state-kr 0x0 pc 0x109a467e6 leaf poll+0xa frames: 0x109a467e6 0x10423ab3e 0x1042a0d09 0x109a91e9e
   7.231 TIGER-SAMPLE pid 0xa30 n 0x18 thread 0x2807 thread 0x2807 state-kr 0x0 pc 0x109a95e22 leaf __semwait_signal+0xa frames: 0x109a95e22 0x1042a12e5 0x1041d56a2 0x1042a4329 0x1042a34a6 0x1042a3089 0x10423ab3e 0x1042a0d09 0x109a91e9e
   7.231 TIGER-SAMPLE pid 0xa30 n 0x18 thread 0x2903 thread 0x2903 state-kr 0x0 pc 0x109a95e22 leaf __semwait_signal+0xa frames: 0x109a95e22 0x1042a12e5 0x1041d56a2 0x1042a4329 0x1042a34a6 0x1042a3089 0x10423ab3e 0x1042a0d09 0x109a91e9e
   7.231 TIGER-SAMPLE pid 0xa30 n 0x18 thread 0x2a03 thread 0x2a03 state-kr 0x0 pc 0x109a95e22 leaf __semwait_signal+0xa frames: 0x109a95e22 0x1042a12e5 0x1041d56a2 0x1042a4329 0x1042a34a6 0x1042a3089 0x10423ab3e 0x1042a0d09 0x109a91e9e
   7.231 TIGER-SAMPLE pid 0xa30 n 0x18 thread 0x2b03 thread 0x2b03 state-kr 0x0 pc 0x109a46712 leaf recvmsg+0xa frames: 0x109a46712 0x10045e43e 0x10423ab3e 0x1042a0d09 0x109a91e9e
   7.232 TIGER-SAMPLE pid 0xa30 n 0x18 thread 0x2c03 thread 0x2c03 state-kr 0x0 pc 0x109a95e22 leaf __semwait_signal+0xa frames: 0x109a95e22 0x1042a12e5 0x1041d56a2 0x1042a4329 0x1042a34a6 0x1042a3089 0x10423ab3e 0x1042a0d09 0x109a91e9e
   7.232 TIGER-SAMPLE pid 0xa30 n 0x18 thread 0x2d03 thread 0x2d03 state-kr 0x0 pc 0x7fffffe006a1 frames: 0x7fffffe006a1 0x109aab293 0x109adafc8 0x1041bec11 0x10045dbf8 0x10045e43e 0x10423ab3e 0x1042a0d09 0x109a91e9e
   7.232 TIGER-SAMPLE pid 0xa30 n 0x18 thread 0x4103 thread 0x4103 state-kr 0x0 pc 0x109a95e22 leaf __semwait_signal+0xa frames: 0x109a95e22 0x1042a1327 0x1041d56a2 0x1041b2277 0x10423ab3e 0x1042a0d09 0x109a91e9e
   7.232 TIGER-SAMPLE pid 0xa30 n 0x18 thread 0x4203 thread 0x4203 state-kr 0x0 pc 0x109a95e22 leaf __semwait_signal+0xa frames: 0x109a95e22 0x1042a1327 0x1041d56a2 0x1041b2277 0x10423ab3e 0x1042a0d09 0x109a91e9e
   7.288 TIGER-SAMPLE pid 0xa2d n 0x1b main 0x117 thread 0x117 state-kr 0x0 pc 0x90009817 leaf mach_msg_trap+0x7 frames: 0x90009817 0x9082d227 0x9082ca42 0x92e06878 0x92e05f82 0x92e05dd9 0x9328cf45 0x9328cb37 0x932868c4 0x8af6 0x82f2 0x8219 0x5
   7.288 TIGER-SAMPLE pid 0xa2d n 0x1b thread 0x1203 thread 0x1203 state-kr 0x0 pc 0x90009817 leaf mach_msg_trap+0x7 frames: 0x90009817 0x2ca6d8 0x90023d67
   7.288 TIGER-SAMPLE pid 0xa2d n 0x1b thread 0x3207 thread 0x3207 state-kr 0x0 pc 0x90024407 leaf semaphore_wait_signal_trap+0x7 frames: 0x90024407 0x364de 0x90023d67
   7.288 TIGER-SAMPLE pid 0xa2d n 0x1b thread 0x3403 thread 0x3403 state-kr 0x0 pc 0x90024407 leaf semaphore_wait_signal_trap+0x7 frames: 0x90024407 0x364de 0x90023d67
   7.288 TIGER-SAMPLE pid 0xa2d n 0x1b thread 0x5103 thread 0x5103 state-kr 0x0 pc 0x900bc3fc leaf poll+0xc frames: 0x900bc3fc 0x2cd134 0x313210b 0x319b321 0x90023d67
   7.288 TIGER-SAMPLE pid 0xa2d n 0x1b thread 0x5203 thread 0x5203 state-kr 0x0 pc 0x90024407 leaf semaphore_wait_signal_trap+0x7 frames: 0x90024407 0x364de 0x90023d67
   7.289 TIGER-SAMPLE pid 0xa2d n 0x1b thread 0x5503 thread 0x5503 state-kr 0x0 pc 0x900bc3fc leaf poll+0xc frames: 0x900bc3fc 0x2cd134 0x313210b 0x319b321 0x90023d67
   7.289 TIGER-SAMPLE pid 0xa2d n 0x1b thread 0x5603 thread 0x5603 state-kr 0x0 pc 0x90024407 leaf semaphore_wait_signal_trap+0x7 frames: 0x90024407 0x364de 0x90023d67
   7.289 TIGER-SAMPLE pid 0xa2d n 0x1b thread 0x5c07 thread 0x5c07 state-kr 0x0 pc 0x900265fc leaf recvmsg+0xc frames: 0x900265fc 0x2cc6bb 0x2cd134 0x313210b 0x319b321 0x90023d67
   7.289 TIGER-SAMPLE pid 0xa2d n 0x1b thread 0x5e07 thread 0x5e07 state-kr 0x0 pc 0x90024407 leaf semaphore_wait_signal_trap+0x7 frames: 0x90024407 0x915a96ab 0x915c3ddc 0x90023d67
   7.385 TIGER-SAMPLE pid 0xa31 n 0x1a main 0xd03 thread 0xd03 state-kr 0x0 pc 0x109895e22 leaf __semwait_signal+0xa frames: 0x109895e22 0x10409c9d5 0x103fcd562 0x10409fb49 0x10409ec36 0x10409e819 0x10004a16b 0x10000154c 0x100001461 0x3
   7.385 TIGER-SAMPLE pid 0xa31 n 0x1a thread 0xf03 thread 0xf03 state-kr 0x0 pc 0x1098dfe4e leaf mach_msg_trap+0xa frames: 0x1098dfe4e 0x100327902 0x109891e9e
   7.385 TIGER-SAMPLE pid 0xa31 n 0x1a thread 0x1103 thread 0x1103 state-kr 0x0 pc 0x109895e22 leaf __semwait_signal+0xa frames: 0x109895e22 0x10409c9d5 0x103fcd562 0x10409fb49 0x10409ec36 0x10409e819 0x104033bfe 0x10409c3f9 0x109891e9e
   7.385 TIGER-SAMPLE pid 0xa31 n 0x1a thread 0x2303 thread 0x2303 state-kr 0x0 pc 0x1098467e6 leaf poll+0xa frames: 0x1098467e6 0x104033bfe 0x10409c3f9 0x109891e9e
   7.385 TIGER-SAMPLE pid 0xa31 n 0x1a thread 0x2407 thread 0x2407 state-kr 0x0 pc 0x109895e22 leaf __semwait_signal+0xa frames: 0x109895e22 0x10409c9d5 0x103fcd562 0x10409fb49 0x10409ec36 0x10409e819 0x104033bfe 0x10409c3f9 0x109891e9e
   7.386 TIGER-SAMPLE pid 0xa31 n 0x1a thread 0x2503 thread 0x2503 state-kr 0x0 pc 0x109895e22 leaf __semwait_signal+0xa frames: 0x109895e22 0x10409c9d5 0x103fcd562 0x10409fb49 0x10409ec36 0x10409e819 0x104033bfe 0x10409c3f9 0x109891e9e
   7.386 TIGER-SAMPLE pid 0xa31 n 0x1a thread 0x2603 thread 0x2603 state-kr 0x0 pc 0x109895e22 leaf __semwait_signal+0xa frames: 0x109895e22 0x10409c9d5 0x103fcd562 0x10409fb49 0x10409ec36 0x10409e819 0x104033bfe 0x10409c3f9 0x109891e9e
   7.386 TIGER-SAMPLE pid 0xa31 n 0x1a thread 0x2703 thread 0x2703 state-kr 0x0 pc 0x109895e22 leaf __semwait_signal+0xa frames: 0x109895e22 0x10409c9d5 0x103fcd562 0x10409fb49 0x10409ec36 0x10409e819 0x104033bfe 0x10409c3f9 0x109891e9e
   7.386 TIGER-SAMPLE pid 0xa31 n 0x1a thread 0x2903 thread 0x2903 state-kr 0x0 pc 0x109895e22 leaf __semwait_signal+0xa frames: 0x109895e22 0x10409c9d5 0x103fcd562 0x10409fb49 0x10409ec36 0x10409e819 0x104033bfe 0x10409c3f9 0x109891e9e
   7.387 TIGER-SAMPLE pid 0xa31 n 0x1a thread 0x2a03 thread 0x2a03 state-kr 0x0 pc 0x1098467e6 leaf poll+0xa frames: 0x1098467e6 0x104033bfe 0x10409c3f9 0x109891e9e
   7.387 TIGER-SAMPLE pid 0xa31 n 0x1a thread 0x2b03 thread 0x2b03 state-kr 0x0 pc 0x1098467e6 leaf poll+0xa frames: 0x1098467e6 0x104388627 0x1043887ea 0x101f32ba7 0x101f3e971 0x104033bfe 0x10409c3f9 0x109891e9e
   7.387 TIGER-SAMPLE pid 0xa31 n 0x1a thread 0x3003 thread 0x3003 state-kr 0x0 pc 0x109895e22 leaf __semwait_signal+0xa frames: 0x109895e22 0x10409c9d5 0x103fcd562 0x10409fb49 0x10409ec36 0x10409e819 0x104033bfe 0x10409c3f9 0x109891e9e
   7.483 TIGER-SAMPLE pid 0xa30 n 0x19 main 0xd03 thread 0xd03 state-kr 0x0 pc 0x109a95e22 leaf __semwait_signal+0xa frames: 0x109a95e22 0x1042a1327 0x1041d56a2 0x1042a4329 0x1042a34a6 0x1042a3089 0x100046488 0x100001d0c 0x100001c21 0x3
   7.483 TIGER-SAMPLE pid 0xa30 n 0x19 thread 0xf03 thread 0xf03 state-kr 0x0 pc 0x109adfe4e leaf mach_msg_trap+0xa frames: 0x109adfe4e 0x10045c512 0x109a91e9e
   7.483 TIGER-SAMPLE pid 0xa30 n 0x19 thread 0x1103 thread 0x1103 state-kr 0x0 pc 0x109a95e22 leaf __semwait_signal+0xa frames: 0x109a95e22 0x1042a12e5 0x1041d56a2 0x1042a4329 0x1042a34a6 0x1042a3089 0x10423ab3e 0x1042a0d09 0x109a91e9e
   7.483 TIGER-SAMPLE pid 0xa30 n 0x19 thread 0x2303 thread 0x2303 state-kr 0x0 pc 0x109a95e22 leaf __semwait_signal+0xa frames: 0x109a95e22 0x1042a12e5 0x1041d56a2 0x1042a4329 0x1042a34a6 0x1042a3089 0x10423ab3e 0x1042a0d09 0x109a91e9e
   7.484 TIGER-SAMPLE pid 0xa30 n 0x19 thread 0x2403 thread 0x2403 state-kr 0x0 pc 0x109a95e22 leaf __semwait_signal+0xa frames: 0x109a95e22 0x1042a12e5 0x1041d56a2 0x1042a4329 0x1042a34a6 0x1042a3089 0x10423ab3e 0x1042a0d09 0x109a91e9e
   7.484 TIGER-SAMPLE pid 0xa30 n 0x19 thread 0x2503 thread 0x2503 state-kr 0x0 pc 0x109a467e6 leaf poll+0xa frames: 0x109a467e6 0x10423ab3e 0x1042a0d09 0x109a91e9e
   7.484 TIGER-SAMPLE pid 0xa30 n 0x19 thread 0x2603 thread 0x2603 state-kr 0x0 pc 0x109a95e22 leaf __semwait_signal+0xa frames: 0x109a95e22 0x1042a12e5 0x1041d56a2 0x1042a4329 0x1042a34a6 0x1042a3089 0x10423ab3e 0x1042a0d09 0x109a91e9e
   7.484 TIGER-SAMPLE pid 0xa30 n 0x19 thread 0x2703 thread 0x2703 state-kr 0x0 pc 0x109a467e6 leaf poll+0xa frames: 0x109a467e6 0x10423ab3e 0x1042a0d09 0x109a91e9e
   7.485 TIGER-SAMPLE pid 0xa30 n 0x19 thread 0x2807 thread 0x2807 state-kr 0x0 pc 0x109a95e22 leaf __semwait_signal+0xa frames: 0x109a95e22 0x1042a12e5 0x1041d56a2 0x1042a4329 0x1042a34a6 0x1042a3089 0x10423ab3e 0x1042a0d09 0x109a91e9e
   7.485 TIGER-SAMPLE pid 0xa30 n 0x19 thread 0x2903 thread 0x2903 state-kr 0x0 pc 0x109a95e22 leaf __semwait_signal+0xa frames: 0x109a95e22 0x1042a12e5 0x1041d56a2 0x1042a4329 0x1042a34a6 0x1042a3089 0x10423ab3e 0x1042a0d09 0x109a91e9e
   7.485 TIGER-SAMPLE pid 0xa30 n 0x19 thread 0x2a03 thread 0x2a03 state-kr 0x0 pc 0x109a95e22 leaf __semwait_signal+0xa frames: 0x109a95e22 0x1042a12e5 0x1041d56a2 0x1042a4329 0x1042a34a6 0x1042a3089 0x10423ab3e 0x1042a0d09 0x109a91e9e
   7.500 TIGER-SAMPLE pid 0xa30 n 0x19 thread 0x2b03 thread 0x2b03 state-kr 0x0 pc 0x109aaba50 leaf malloc_jumpstart+0x4da5 frames: 0x109aaba50 0x109adafc8 0x1041bec11 0x10045dbf8 0x10045e43e 0x10423ab3e 0x1042a0d09 0x109a91e9e
   7.500 TIGER-SAMPLE pid 0xa30 n 0x19 thread 0x2c03 thread 0x2c03 state-kr 0x0 pc 0x109a95e22 leaf __semwait_signal+0xa frames: 0x109a95e22 0x1042a12e5 0x1041d56a2 0x1042a4329 0x1042a34a6 0x1042a3089 0x10423ab3e 0x1042a0d09 0x109a91e9e
   7.502 TIGER-SAMPLE pid 0xa30 n 0x19 thread 0x2d03 thread 0x2d03 state-kr 0x0 pc 0x10045dbdf leaf _ZN3IPC10Connection16readyReadHandlerEv+0x1f frames: 0x10045dbdf 0x10045e43e 0x10423ab3e 0x1042a0d09 0x109a91e9e
   7.502 TIGER-SAMPLE pid 0xa30 n 0x19 thread 0x4103 thread 0x4103 state-kr 0x0 pc 0x109a95e22 leaf __semwait_signal+0xa frames: 0x109a95e22 0x1042a1327 0x1041d56a2 0x1041b2277 0x10423ab3e 0x1042a0d09 0x109a91e9e
   7.503 TIGER-SAMPLE pid 0xa30 n 0x19 thread 0x4203 thread 0x4203 state-kr 0x0 pc 0x109a95e22 leaf __semwait_signal+0xa frames: 0x109a95e22 0x1042a1327 0x1041d56a2 0x1041b2277 0x10423ab3e 0x1042a0d09 0x109a91e9e
   7.540 TIGER-SAMPLE pid 0xa2d n 0x1c main 0x117 thread 0x117 state-kr 0x0 pc 0x90009817 leaf mach_msg_trap+0x7 frames: 0x90009817 0x9082d227 0x9082ca42 0x92e06878 0x92e05f82 0x92e05dd9 0x9328cf45 0x9328cb37 0x932868c4 0x8af6 0x82f2 0x8219 0x5
   7.540 TIGER-SAMPLE pid 0xa2d n 0x1c thread 0x1203 thread 0x1203 state-kr 0x0 pc 0x90009817 leaf mach_msg_trap+0x7 frames: 0x90009817 0x2ca6d8 0x90023d67
   7.540 TIGER-SAMPLE pid 0xa2d n 0x1c thread 0x3207 thread 0x3207 state-kr 0x0 pc 0x90024407 leaf semaphore_wait_signal_trap+0x7 frames: 0x90024407 0x364de 0x90023d67
   7.541 TIGER-SAMPLE pid 0xa2d n 0x1c thread 0x3403 thread 0x3403 state-kr 0x0 pc 0x90024407 leaf semaphore_wait_signal_trap+0x7 frames: 0x90024407 0x364de 0x90023d67
   7.541 TIGER-SAMPLE pid 0xa2d n 0x1c thread 0x5103 thread 0x5103 state-kr 0x0 pc 0x900bc3fc leaf poll+0xc frames: 0x900bc3fc 0x2cd134 0x313210b 0x319b321 0x90023d67
   7.541 TIGER-SAMPLE pid 0xa2d n 0x1c thread 0x5203 thread 0x5203 state-kr 0x0 pc 0x90024407 leaf semaphore_wait_signal_trap+0x7 frames: 0x90024407 0x364de 0x90023d67
   7.542 TIGER-SAMPLE pid 0xa2d n 0x1c thread 0x5503 thread 0x5503 state-kr 0x0 pc 0x900bc3fc leaf poll+0xc frames: 0x900bc3fc 0x2cd134 0x313210b 0x319b321 0x90023d67
   7.542 TIGER-SAMPLE pid 0xa2d n 0x1c thread 0x5603 thread 0x5603 state-kr 0x0 pc 0x90024407 leaf semaphore_wait_signal_trap+0x7 frames: 0x90024407 0x364de 0x90023d67
   7.542 TIGER-SAMPLE pid 0xa2d n 0x1c thread 0x5c07 thread 0x5c07 state-kr 0x0 pc 0x900265fc leaf recvmsg+0xc frames: 0x900265fc 0x2cc6bb 0x2cd134 0x313210b 0x319b321 0x90023d67
   7.543 TIGER-SAMPLE pid 0xa2d n 0x1c thread 0x5e07 thread 0x5e07 state-kr 0x0 pc 0x90024407 leaf semaphore_wait_signal_trap+0x7 frames: 0x90024407 0x915a96ab 0x915c3ddc 0x90023d67
   7.637 TIGER-SAMPLE pid 0xa31 n 0x1b main 0xd03 thread 0xd03 state-kr 0x0 pc 0x109895e22 leaf __semwait_signal+0xa frames: 0x109895e22 0x10409c9d5 0x103fcd562 0x10409fb49 0x10409ec36 0x10409e819 0x10004a16b 0x10000154c 0x100001461 0x3
   7.638 TIGER-SAMPLE pid 0xa31 n 0x1b thread 0xf03 thread 0xf03 state-kr 0x0 pc 0x1098dfe4e leaf mach_msg_trap+0xa frames: 0x1098dfe4e 0x100327902 0x109891e9e
   7.638 TIGER-SAMPLE pid 0xa31 n 0x1b thread 0x1103 thread 0x1103 state-kr 0x0 pc 0x109895e22 leaf __semwait_signal+0xa frames: 0x109895e22 0x10409c9d5 0x103fcd562 0x10409fb49 0x10409ec36 0x10409e819 0x104033bfe 0x10409c3f9 0x109891e9e
   7.638 TIGER-SAMPLE pid 0xa31 n 0x1b thread 0x2303 thread 0x2303 state-kr 0x0 pc 0x1098467e6 leaf poll+0xa frames: 0x1098467e6 0x104033bfe 0x10409c3f9 0x109891e9e
   7.638 TIGER-SAMPLE pid 0xa31 n 0x1b thread 0x2407 thread 0x2407 state-kr 0x0 pc 0x109895e22 leaf __semwait_signal+0xa frames: 0x109895e22 0x10409c9d5 0x103fcd562 0x10409fb49 0x10409ec36 0x10409e819 0x104033bfe 0x10409c3f9 0x109891e9e
   7.638 TIGER-SAMPLE pid 0xa31 n 0x1b thread 0x2503 thread 0x2503 state-kr 0x0 pc 0x109895e22 leaf __semwait_signal+0xa frames: 0x109895e22 0x10409c9d5 0x103fcd562 0x10409fb49 0x10409ec36 0x10409e819 0x104033bfe 0x10409c3f9 0x109891e9e
   7.638 TIGER-SAMPLE pid 0xa31 n 0x1b thread 0x2603 thread 0x2603 state-kr 0x0 pc 0x109895e22 leaf __semwait_signal+0xa frames: 0x109895e22 0x10409c9d5 0x103fcd562 0x10409fb49 0x10409ec36 0x10409e819 0x104033bfe 0x10409c3f9 0x109891e9e
   7.639 TIGER-SAMPLE pid 0xa31 n 0x1b thread 0x2703 thread 0x2703 state-kr 0x0 pc 0x109895e22 leaf __semwait_signal+0xa frames: 0x109895e22 0x10409c9d5 0x103fcd562 0x10409fb49 0x10409ec36 0x10409e819 0x104033bfe 0x10409c3f9 0x109891e9e
   7.639 TIGER-SAMPLE pid 0xa31 n 0x1b thread 0x2903 thread 0x2903 state-kr 0x0 pc 0x109895e22 leaf __semwait_signal+0xa frames: 0x109895e22 0x10409c9d5 0x103fcd562 0x10409fb49 0x10409ec36 0x10409e819 0x104033bfe 0x10409c3f9 0x109891e9e
   7.639 TIGER-SAMPLE pid 0xa31 n 0x1b thread 0x2a03 thread 0x2a03 state-kr 0x0 pc 0x1098467e6 leaf poll+0xa frames: 0x1098467e6 0x104033bfe 0x10409c3f9 0x109891e9e
   7.640 TIGER-SAMPLE pid 0xa31 n 0x1b thread 0x2b03 thread 0x2b03 state-kr 0x0 pc 0x1098467e6 leaf poll+0xa frames: 0x1098467e6 0x104388627 0x1043887ea 0x101f32ba7 0x101f3e971 0x104033bfe 0x10409c3f9 0x109891e9e
   7.640 TIGER-SAMPLE pid 0xa31 n 0x1b thread 0x3003 thread 0x3003 state-kr 0x0 pc 0x109895e22 leaf __semwait_signal+0xa frames: 0x109895e22 0x10409c9d5 0x103fcd562 0x10409fb49 0x10409ec36 0x10409e819 0x104033bfe 0x10409c3f9 0x109891e9e
   7.753 TIGER-SAMPLE pid 0xa30 n 0x1a main 0xd03 thread 0xd03 state-kr 0x0 pc 0x109a95e22 leaf __semwait_signal+0xa frames: 0x109a95e22 0x1042a1327 0x1041d56a2 0x1042a4329 0x1042a34a6 0x1042a3089 0x100046488 0x100001d0c 0x100001c21 0x3
   7.753 TIGER-SAMPLE pid 0xa30 n 0x1a thread 0xf03 thread 0xf03 state-kr 0x0 pc 0x109adfe4e leaf mach_msg_trap+0xa frames: 0x109adfe4e 0x10045c512 0x109a91e9e
   7.753 TIGER-SAMPLE pid 0xa30 n 0x1a thread 0x1103 thread 0x1103 state-kr 0x0 pc 0x109a95e22 leaf __semwait_signal+0xa frames: 0x109a95e22 0x1042a12e5 0x1041d56a2 0x1042a4329 0x1042a34a6 0x1042a3089 0x10423ab3e 0x1042a0d09 0x109a91e9e
   7.754 TIGER-SAMPLE pid 0xa30 n 0x1a thread 0x2303 thread 0x2303 state-kr 0x0 pc 0x109a95e22 leaf __semwait_signal+0xa frames: 0x109a95e22 0x1042a12e5 0x1041d56a2 0x1042a4329 0x1042a34a6 0x1042a3089 0x10423ab3e 0x1042a0d09 0x109a91e9e
   7.754 TIGER-SAMPLE pid 0xa30 n 0x1a thread 0x2403 thread 0x2403 state-kr 0x0 pc 0x109a95e22 leaf __semwait_signal+0xa frames: 0x109a95e22 0x1042a12e5 0x1041d56a2 0x1042a4329 0x1042a34a6 0x1042a3089 0x10423ab3e 0x1042a0d09 0x109a91e9e
   7.754 TIGER-SAMPLE pid 0xa30 n 0x1a thread 0x2503 thread 0x2503 state-kr 0x0 pc 0x109a467e6 leaf poll+0xa frames: 0x109a467e6 0x10423ab3e 0x1042a0d09 0x109a91e9e
   7.754 TIGER-SAMPLE pid 0xa30 n 0x1a thread 0x2603 thread 0x2603 state-kr 0x0 pc 0x109a95e22 leaf __semwait_signal+0xa frames: 0x109a95e22 0x1042a12e5 0x1041d56a2 0x1042a4329 0x1042a34a6 0x1042a3089 0x10423ab3e 0x1042a0d09 0x109a91e9e
   7.755 TIGER-SAMPLE pid 0xa30 n 0x1a thread 0x2703 thread 0x2703 state-kr 0x0 pc 0x109a467e6 leaf poll+0xa frames: 0x109a467e6 0x10423ab3e 0x1042a0d09 0x109a91e9e
   7.755 TIGER-SAMPLE pid 0xa30 n 0x1a thread 0x2807 thread 0x2807 state-kr 0x0 pc 0x109a95e22 leaf __semwait_signal+0xa frames: 0x109a95e22 0x1042a12e5 0x1041d56a2 0x1042a4329 0x1042a34a6 0x1042a3089 0x10423ab3e 0x1042a0d09 0x109a91e9e
   7.755 TIGER-SAMPLE pid 0xa30 n 0x1a thread 0x2903 thread 0x2903 state-kr 0x0 pc 0x109a95e22 leaf __semwait_signal+0xa frames: 0x109a95e22 0x1042a12e5 0x1041d56a2 0x1042a4329 0x1042a34a6 0x1042a3089 0x10423ab3e 0x1042a0d09 0x109a91e9e
   7.755 TIGER-SAMPLE pid 0xa30 n 0x1a thread 0x2a03 thread 0x2a03 state-kr 0x0 pc 0x109a95e22 leaf __semwait_signal+0xa frames: 0x109a95e22 0x1042a12e5 0x1041d56a2 0x1042a4329 0x1042a34a6 0x1042a3089 0x10423ab3e 0x1042a0d09 0x109a91e9e
   7.769 TIGER-SAMPLE pid 0xa30 n 0x1a thread 0x2b03 thread 0x2b03 state-kr 0x0 pc 0x109a46712 leaf recvmsg+0xa frames: 0x109a46712 0x10045e43e 0x10423ab3e 0x1042a0d09 0x109a91e9e
   7.769 TIGER-SAMPLE pid 0xa30 n 0x1a thread 0x2c03 thread 0x2c03 state-kr 0x0 pc 0x109a95e22 leaf __semwait_signal+0xa frames: 0x109a95e22 0x1042a12e5 0x1041d56a2 0x1042a4329 0x1042a34a6 0x1042a3089 0x10423ab3e 0x1042a0d09 0x109a91e9e
   7.790 TIGER-SAMPLE pid 0xa30 n 0x1a thread 0x2d03 thread 0x2d03 state-kr 0x0 pc 0x109a46712 leaf recvmsg+0xa frames: 0x109a46712 0x10045e43e 0x10423ab3e 0x1042a0d09 0x109a91e9e
   7.790 TIGER-SAMPLE pid 0xa30 n 0x1a thread 0x4103 thread 0x4103 state-kr 0x0 pc 0x109a95e22 leaf __semwait_signal+0xa frames: 0x109a95e22 0x1042a1327 0x1041d56a2 0x1041b2277 0x10423ab3e 0x1042a0d09 0x109a91e9e
   7.790 TIGER-SAMPLE pid 0xa30 n 0x1a thread 0x4203 thread 0x4203 state-kr 0x0 pc 0x109a95e22 leaf __semwait_signal+0xa frames: 0x109a95e22 0x1042a1327 0x1041d56a2 0x1041b2277 0x10423ab3e 0x1042a0d09 0x109a91e9e
   7.793 TIGER-SAMPLE pid 0xa2d n 0x1d main 0x117 thread 0x117 state-kr 0x0 pc 0x90009817 leaf mach_msg_trap+0x7 frames: 0x90009817 0x9082d227 0x9082ca42 0x92e06878 0x92e05f82 0x92e05dd9 0x9328cf45 0x9328cb37 0x932868c4 0x8af6 0x82f2 0x8219 0x5
   7.795 TIGER-SAMPLE pid 0xa2d n 0x1d thread 0x1203 thread 0x1203 state-kr 0x0 pc 0x90009817 leaf mach_msg_trap+0x7 frames: 0x90009817 0x2ca6d8 0x90023d67
   7.795 TIGER-SAMPLE pid 0xa2d n 0x1d thread 0x3207 thread 0x3207 state-kr 0x0 pc 0x90024407 leaf semaphore_wait_signal_trap+0x7 frames: 0x90024407 0x364de 0x90023d67
   7.795 TIGER-SAMPLE pid 0xa2d n 0x1d thread 0x3403 thread 0x3403 state-kr 0x0 pc 0x90024407 leaf semaphore_wait_signal_trap+0x7 frames: 0x90024407 0x364de 0x90023d67
   7.795 TIGER-SAMPLE pid 0xa2d n 0x1d thread 0x5103 thread 0x5103 state-kr 0x0 pc 0x900bc3fc leaf poll+0xc frames: 0x900bc3fc 0x2cd134 0x313210b 0x319b321 0x90023d67
   7.795 TIGER-SAMPLE pid 0xa2d n 0x1d thread 0x5203 thread 0x5203 state-kr 0x0 pc 0x90024407 leaf semaphore_wait_signal_trap+0x7 frames: 0x90024407 0x364de 0x90023d67
   7.795 TIGER-SAMPLE pid 0xa2d n 0x1d thread 0x5503 thread 0x5503 state-kr 0x0 pc 0x900bc3fc leaf poll+0xc frames: 0x900bc3fc 0x2cd134 0x313210b 0x319b321 0x90023d67
   7.795 TIGER-SAMPLE pid 0xa2d n 0x1d thread 0x5603 thread 0x5603 state-kr 0x0 pc 0x90024407 leaf semaphore_wait_signal_trap+0x7 frames: 0x90024407 0x364de 0x90023d67
   7.795 TIGER-SAMPLE pid 0xa2d n 0x1d thread 0x5c07 thread 0x5c07 state-kr 0x0 pc 0x900265fc leaf recvmsg+0xc frames: 0x900265fc 0x2cc6bb 0x2cd134 0x313210b 0x319b321 0x90023d67
   7.795 TIGER-SAMPLE pid 0xa2d n 0x1d thread 0x5e07 thread 0x5e07 state-kr 0x0 pc 0x90024407 leaf semaphore_wait_signal_trap+0x7 frames: 0x90024407 0x915a96ab 0x915c3ddc 0x90023d67
   7.890 TIGER-SAMPLE pid 0xa31 n 0x1c main 0xd03 thread 0xd03 state-kr 0x0 pc 0x109895e22 leaf __semwait_signal+0xa frames: 0x109895e22 0x10409c9d5 0x103fcd562 0x10409fb49 0x10409ec36 0x10409e819 0x10004a16b 0x10000154c 0x100001461 0x3
   7.890 TIGER-SAMPLE pid 0xa31 n 0x1c thread 0xf03 thread 0xf03 state-kr 0x0 pc 0x1098dfe4e leaf mach_msg_trap+0xa frames: 0x1098dfe4e 0x100327902 0x109891e9e
   7.891 TIGER-SAMPLE pid 0xa31 n 0x1c thread 0x1103 thread 0x1103 state-kr 0x0 pc 0x109895e22 leaf __semwait_signal+0xa frames: 0x109895e22 0x10409c9d5 0x103fcd562 0x10409fb49 0x10409ec36 0x10409e819 0x104033bfe 0x10409c3f9 0x109891e9e
   7.891 TIGER-SAMPLE pid 0xa31 n 0x1c thread 0x2303 thread 0x2303 state-kr 0x0 pc 0x1098467e6 leaf poll+0xa frames: 0x1098467e6 0x104033bfe 0x10409c3f9 0x109891e9e
   7.891 TIGER-SAMPLE pid 0xa31 n 0x1c thread 0x2407 thread 0x2407 state-kr 0x0 pc 0x109895e22 leaf __semwait_signal+0xa frames: 0x109895e22 0x10409c9d5 0x103fcd562 0x10409fb49 0x10409ec36 0x10409e819 0x104033bfe 0x10409c3f9 0x109891e9e
   7.891 TIGER-SAMPLE pid 0xa31 n 0x1c thread 0x2503 thread 0x2503 state-kr 0x0 pc 0x109895e22 leaf __semwait_signal+0xa frames: 0x109895e22 0x10409c9d5 0x103fcd562 0x10409fb49 0x10409ec36 0x10409e819 0x104033bfe 0x10409c3f9 0x109891e9e
   7.892 TIGER-SAMPLE pid 0xa31 n 0x1c thread 0x2603 thread 0x2603 state-kr 0x0 pc 0x109895e22 leaf __semwait_signal+0xa frames: 0x109895e22 0x10409c9d5 0x103fcd562 0x10409fb49 0x10409ec36 0x10409e819 0x104033bfe 0x10409c3f9 0x109891e9e
   7.892 TIGER-SAMPLE pid 0xa31 n 0x1c thread 0x2703 thread 0x2703 state-kr 0x0 pc 0x109895e22 leaf __semwait_signal+0xa frames: 0x109895e22 0x10409c9d5 0x103fcd562 0x10409fb49 0x10409ec36 0x10409e819 0x104033bfe 0x10409c3f9 0x109891e9e
   7.892 TIGER-SAMPLE pid 0xa31 n 0x1c thread 0x2903 thread 0x2903 state-kr 0x0 pc 0x109895e22 leaf __semwait_signal+0xa frames: 0x109895e22 0x10409c9d5 0x103fcd562 0x10409fb49 0x10409ec36 0x10409e819 0x104033bfe 0x10409c3f9 0x109891e9e
   7.892 TIGER-SAMPLE pid 0xa31 n 0x1c thread 0x2a03 thread 0x2a03 state-kr 0x0 pc 0x1098467e6 leaf poll+0xa frames: 0x1098467e6 0x104033bfe 0x10409c3f9 0x109891e9e
   7.893 TIGER-SAMPLE pid 0xa31 n 0x1c thread 0x2b03 thread 0x2b03 state-kr 0x0 pc 0x1098467e6 leaf poll+0xa frames: 0x1098467e6 0x104388627 0x1043887ea 0x101f32ba7 0x101f3e971 0x104033bfe 0x10409c3f9 0x109891e9e
   7.893 TIGER-SAMPLE pid 0xa31 n 0x1c thread 0x3003 thread 0x3003 state-kr 0x0 pc 0x109895e22 leaf __semwait_signal+0xa frames: 0x109895e22 0x10409c9d5 0x103fcd562 0x10409fb49 0x10409ec36 0x10409e819 0x104033bfe 0x10409c3f9 0x109891e9e
   8.040 TIGER-SAMPLE pid 0xa30 n 0x1b main 0xd03 thread 0xd03 state-kr 0x0 pc 0x109a95e22 leaf __semwait_signal+0xa frames: 0x109a95e22 0x1042a1327 0x1041d56a2 0x1042a4329 0x1042a34a6 0x1042a3089 0x100046488 0x100001d0c 0x100001c21 0x3
   8.041 TIGER-SAMPLE pid 0xa30 n 0x1b thread 0xf03 thread 0xf03 state-kr 0x0 pc 0x109adfe4e leaf mach_msg_trap+0xa frames: 0x109adfe4e 0x10045c512 0x109a91e9e
   8.041 TIGER-SAMPLE pid 0xa30 n 0x1b thread 0x1103 thread 0x1103 state-kr 0x0 pc 0x109a95e22 leaf __semwait_signal+0xa frames: 0x109a95e22 0x1042a12e5 0x1041d56a2 0x1042a4329 0x1042a34a6 0x1042a3089 0x10423ab3e 0x1042a0d09 0x109a91e9e
   8.041 TIGER-SAMPLE pid 0xa30 n 0x1b thread 0x2303 thread 0x2303 state-kr 0x0 pc 0x109a95e22 leaf __semwait_signal+0xa frames: 0x109a95e22 0x1042a12e5 0x1041d56a2 0x1042a4329 0x1042a34a6 0x1042a3089 0x10423ab3e 0x1042a0d09 0x109a91e9e
   8.041 TIGER-SAMPLE pid 0xa30 n 0x1b thread 0x2403 thread 0x2403 state-kr 0x0 pc 0x109a95e22 leaf __semwait_signal+0xa frames: 0x109a95e22 0x1042a12e5 0x1041d56a2 0x1042a4329 0x1042a34a6 0x1042a3089 0x10423ab3e 0x1042a0d09 0x109a91e9e
   8.042 TIGER-SAMPLE pid 0xa30 n 0x1b thread 0x2503 thread 0x2503 state-kr 0x0 pc 0x109a467e6 leaf poll+0xa frames: 0x109a467e6 0x10423ab3e 0x1042a0d09 0x109a91e9e
   8.042 TIGER-SAMPLE pid 0xa30 n 0x1b thread 0x2603 thread 0x2603 state-kr 0x0 pc 0x109a95e22 leaf __semwait_signal+0xa frames: 0x109a95e22 0x1042a12e5 0x1041d56a2 0x1042a4329 0x1042a34a6 0x1042a3089 0x10423ab3e 0x1042a0d09 0x109a91e9e
   8.042 TIGER-SAMPLE pid 0xa30 n 0x1b thread 0x2703 thread 0x2703 state-kr 0x0 pc 0x109a467e6 leaf poll+0xa frames: 0x109a467e6 0x10423ab3e 0x1042a0d09 0x109a91e9e
   8.042 TIGER-SAMPLE pid 0xa30 n 0x1b thread 0x2807 thread 0x2807 state-kr 0x0 pc 0x109a95e22 leaf __semwait_signal+0xa frames: 0x109a95e22 0x1042a12e5 0x1041d56a2 0x1042a4329 0x1042a34a6 0x1042a3089 0x10423ab3e 0x1042a0d09 0x109a91e9e
   8.042 TIGER-SAMPLE pid 0xa30 n 0x1b thread 0x2903 thread 0x2903 state-kr 0x0 pc 0x109a95e22 leaf __semwait_signal+0xa frames: 0x109a95e22 0x1042a12e5 0x1041d56a2 0x1042a4329 0x1042a34a6 0x1042a3089 0x10423ab3e 0x1042a0d09 0x109a91e9e
   8.043 TIGER-SAMPLE pid 0xa30 n 0x1b thread 0x2a03 thread 0x2a03 state-kr 0x0 pc 0x109a95e22 leaf __semwait_signal+0xa frames: 0x109a95e22 0x1042a12e5 0x1041d56a2 0x1042a4329 0x1042a34a6 0x1042a3089 0x10423ab3e 0x1042a0d09 0x109a91e9e
   8.043 TIGER-SAMPLE pid 0xa30 n 0x1b thread 0x2b03 thread 0x2b03 state-kr 0x0 pc 0x109a46712 leaf recvmsg+0xa frames: 0x109a46712 0x10045e43e 0x10423ab3e 0x1042a0d09 0x109a91e9e
   8.043 TIGER-SAMPLE pid 0xa30 n 0x1b thread 0x2c03 thread 0x2c03 state-kr 0x0 pc 0x109a95e22 leaf __semwait_signal+0xa frames: 0x109a95e22 0x1042a12e5 0x1041d56a2 0x1042a4329 0x1042a34a6 0x1042a3089 0x10423ab3e 0x1042a0d09 0x109a91e9e
   8.043 TIGER-SAMPLE pid 0xa30 n 0x1b thread 0x2d03 thread 0x2d03 state-kr 0x0 pc 0x109adb2d2 leaf free+0x33 frames: 0x109adb2d2 0x10045df8e 0x10045e43e 0x10423ab3e 0x1042a0d09 0x109a91e9e
   8.044 TIGER-SAMPLE pid 0xa30 n 0x1b thread 0x4103 thread 0x4103 state-kr 0x0 pc 0x109a95e22 leaf __semwait_signal+0xa frames: 0x109a95e22 0x1042a1327 0x1041d56a2 0x1041b2277 0x10423ab3e 0x1042a0d09 0x109a91e9e
   8.044 TIGER-SAMPLE pid 0xa30 n 0x1b thread 0x4203 thread 0x4203 state-kr 0x0 pc 0x109a95e22 leaf __semwait_signal+0xa frames: 0x109a95e22 0x1042a1327 0x1041d56a2 0x1041b2277 0x10423ab3e 0x1042a0d09 0x109a91e9e
   8.046 TIGER-SAMPLE pid 0xa2d n 0x1e main 0x117 thread 0x117 state-kr 0x0 pc 0x90009817 leaf mach_msg_trap+0x7 frames: 0x90009817 0x9082d227 0x9082ca42 0x92e06878 0x92e05f82 0x92e05dd9 0x9328cf45 0x9328cb37 0x932868c4 0x8af6 0x82f2 0x8219 0x5
   8.046 TIGER-SAMPLE pid 0xa2d n 0x1e thread 0x1203 thread 0x1203 state-kr 0x0 pc 0x90009817 leaf mach_msg_trap+0x7 frames: 0x90009817 0x2ca6d8 0x90023d67
   8.046 TIGER-SAMPLE pid 0xa2d n 0x1e thread 0x3207 thread 0x3207 state-kr 0x0 pc 0x90024407 leaf semaphore_wait_signal_trap+0x7 frames: 0x90024407 0x364de 0x90023d67
   8.046 TIGER-SAMPLE pid 0xa2d n 0x1e thread 0x3403 thread 0x3403 state-kr 0x0 pc 0x90024407 leaf semaphore_wait_signal_trap+0x7 frames: 0x90024407 0x364de 0x90023d67
   8.047 TIGER-SAMPLE pid 0xa2d n 0x1e thread 0x5103 thread 0x5103 state-kr 0x0 pc 0x900bc3fc leaf poll+0xc frames: 0x900bc3fc 0x2cd134 0x313210b 0x319b321 0x90023d67
   8.047 TIGER-SAMPLE pid 0xa2d n 0x1e thread 0x5203 thread 0x5203 state-kr 0x0 pc 0x90024407 leaf semaphore_wait_signal_trap+0x7 frames: 0x90024407 0x364de 0x90023d67
   8.047 TIGER-SAMPLE pid 0xa2d n 0x1e thread 0x5503 thread 0x5503 state-kr 0x0 pc 0x900bc3fc leaf poll+0xc frames: 0x900bc3fc 0x2cd134 0x313210b 0x319b321 0x90023d67
   8.047 TIGER-SAMPLE pid 0xa2d n 0x1e thread 0x5603 thread 0x5603 state-kr 0x0 pc 0x90024407 leaf semaphore_wait_signal_trap+0x7 frames: 0x90024407 0x364de 0x90023d67
   8.050 TIGER-SAMPLE pid 0xa2d n 0x1e thread 0x5c07 thread 0x5c07 state-kr 0x0 pc 0x2cbe64 leaf _ZN3IPC10Connection16readyReadHandlerEv+0x24 frames: 0x2cbe64 0x2cc6bb 0x2cd134 0x313210b 0x319b321 0x90023d67
   8.051 TIGER-SAMPLE pid 0xa2d n 0x1e thread 0x5e07 thread 0x5e07 state-kr 0x0 pc 0x90024407 leaf semaphore_wait_signal_trap+0x7 frames: 0x90024407 0x915a96ab 0x915c3ddc 0x90023d67
   8.143 TIGER-SAMPLE pid 0xa31 n 0x1d main 0xd03 thread 0xd03 state-kr 0x0 pc 0x109895e22 leaf __semwait_signal+0xa frames: 0x109895e22 0x10409c9d5 0x103fcd562 0x10409fb49 0x10409ec36 0x10409e819 0x10004a16b 0x10000154c 0x100001461 0x3
   8.145 TIGER-SAMPLE pid 0xa31 n 0x1d thread 0xf03 thread 0xf03 state-kr 0x0 pc 0x1098dfe4e leaf mach_msg_trap+0xa frames: 0x1098dfe4e 0x100327902 0x109891e9e
   8.145 TIGER-SAMPLE pid 0xa31 n 0x1d thread 0x1103 thread 0x1103 state-kr 0x0 pc 0x109895e22 leaf __semwait_signal+0xa frames: 0x109895e22 0x10409c9d5 0x103fcd562 0x10409fb49 0x10409ec36 0x10409e819 0x104033bfe 0x10409c3f9 0x109891e9e
   8.145 TIGER-SAMPLE pid 0xa31 n 0x1d thread 0x2303 thread 0x2303 state-kr 0x0 pc 0x1098467e6 leaf poll+0xa frames: 0x1098467e6 0x104033bfe 0x10409c3f9 0x109891e9e
   8.145 TIGER-SAMPLE pid 0xa31 n 0x1d thread 0x2407 thread 0x2407 state-kr 0x0 pc 0x109895e22 leaf __semwait_signal+0xa frames: 0x109895e22 0x10409c9d5 0x103fcd562 0x10409fb49 0x10409ec36 0x10409e819 0x104033bfe 0x10409c3f9 0x109891e9e
   8.145 TIGER-SAMPLE pid 0xa31 n 0x1d thread 0x2503 thread 0x2503 state-kr 0x0 pc 0x109895e22 leaf __semwait_signal+0xa frames: 0x109895e22 0x10409c9d5 0x103fcd562 0x10409fb49 0x10409ec36 0x10409e819 0x104033bfe 0x10409c3f9 0x109891e9e
   8.145 TIGER-SAMPLE pid 0xa31 n 0x1d thread 0x2603 thread 0x2603 state-kr 0x0 pc 0x109895e22 leaf __semwait_signal+0xa frames: 0x109895e22 0x10409c9d5 0x103fcd562 0x10409fb49 0x10409ec36 0x10409e819 0x104033bfe 0x10409c3f9 0x109891e9e
   8.145 TIGER-SAMPLE pid 0xa31 n 0x1d thread 0x2703 thread 0x2703 state-kr 0x0 pc 0x109895e22 leaf __semwait_signal+0xa frames: 0x109895e22 0x10409c9d5 0x103fcd562 0x10409fb49 0x10409ec36 0x10409e819 0x104033bfe 0x10409c3f9 0x109891e9e
   8.145 TIGER-SAMPLE pid 0xa31 n 0x1d thread 0x2903 thread 0x2903 state-kr 0x0 pc 0x109895e22 leaf __semwait_signal+0xa frames: 0x109895e22 0x10409c9d5 0x103fcd562 0x10409fb49 0x10409ec36 0x10409e819 0x104033bfe 0x10409c3f9 0x109891e9e
   8.145 TIGER-SAMPLE pid 0xa31 n 0x1d thread 0x2a03 thread 0x2a03 state-kr 0x0 pc 0x1098467e6 leaf poll+0xa frames: 0x1098467e6 0x104033bfe 0x10409c3f9 0x109891e9e
   8.145 TIGER-SAMPLE pid 0xa31 n 0x1d thread 0x2b03 thread 0x2b03 state-kr 0x0 pc 0x1098467e6 leaf poll+0xa frames: 0x1098467e6 0x104388627 0x1043887ea 0x101f32ba7 0x101f3e971 0x104033bfe 0x10409c3f9 0x109891e9e
   8.145 TIGER-SAMPLE pid 0xa31 n 0x1d thread 0x3003 thread 0x3003 state-kr 0x0 pc 0x109895e22 leaf __semwait_signal+0xa frames: 0x109895e22 0x10409c9d5 0x103fcd562 0x10409fb49 0x10409ec36 0x10409e819 0x104033bfe 0x10409c3f9 0x109891e9e
   8.294 TIGER-SAMPLE pid 0xa30 n 0x1c main 0xd03 thread 0xd03 state-kr 0x0 pc 0x109a95e22 leaf __semwait_signal+0xa frames: 0x109a95e22 0x1042a1327 0x1041d56a2 0x1042a4329 0x1042a34a6 0x1042a3089 0x100046488 0x100001d0c 0x100001c21 0x3
   8.294 TIGER-SAMPLE pid 0xa30 n 0x1c thread 0xf03 thread 0xf03 state-kr 0x0 pc 0x109adfe4e leaf mach_msg_trap+0xa frames: 0x109adfe4e 0x10045c512 0x109a91e9e
   8.295 TIGER-SAMPLE pid 0xa30 n 0x1c thread 0x1103 thread 0x1103 state-kr 0x0 pc 0x109a95e22 leaf __semwait_signal+0xa frames: 0x109a95e22 0x1042a12e5 0x1041d56a2 0x1042a4329 0x1042a34a6 0x1042a3089 0x10423ab3e 0x1042a0d09 0x109a91e9e
   8.295 TIGER-SAMPLE pid 0xa30 n 0x1c thread 0x2303 thread 0x2303 state-kr 0x0 pc 0x109a95e22 leaf __semwait_signal+0xa frames: 0x109a95e22 0x1042a12e5 0x1041d56a2 0x1042a4329 0x1042a34a6 0x1042a3089 0x10423ab3e 0x1042a0d09 0x109a91e9e
   8.295 TIGER-SAMPLE pid 0xa30 n 0x1c thread 0x2403 thread 0x2403 state-kr 0x0 pc 0x109a95e22 leaf __semwait_signal+0xa frames: 0x109a95e22 0x1042a12e5 0x1041d56a2 0x1042a4329 0x1042a34a6 0x1042a3089 0x10423ab3e 0x1042a0d09 0x109a91e9e
   8.295 TIGER-SAMPLE pid 0xa30 n 0x1c thread 0x2503 thread 0x2503 state-kr 0x0 pc 0x109a467e6 leaf poll+0xa frames: 0x109a467e6 0x10423ab3e 0x1042a0d09 0x109a91e9e
   8.296 TIGER-SAMPLE pid 0xa30 n 0x1c thread 0x2603 thread 0x2603 state-kr 0x0 pc 0x109a95e22 leaf __semwait_signal+0xa frames: 0x109a95e22 0x1042a12e5 0x1041d56a2 0x1042a4329 0x1042a34a6 0x1042a3089 0x10423ab3e 0x1042a0d09 0x109a91e9e
   8.296 TIGER-SAMPLE pid 0xa30 n 0x1c thread 0x2703 thread 0x2703 state-kr 0x0 pc 0x109a467e6 leaf poll+0xa frames: 0x109a467e6 0x10423ab3e 0x1042a0d09 0x109a91e9e
   8.296 TIGER-SAMPLE pid 0xa30 n 0x1c thread 0x2807 thread 0x2807 state-kr 0x0 pc 0x109a95e22 leaf __semwait_signal+0xa frames: 0x109a95e22 0x1042a12e5 0x1041d56a2 0x1042a4329 0x1042a34a6 0x1042a3089 0x10423ab3e 0x1042a0d09 0x109a91e9e
   8.296 TIGER-SAMPLE pid 0xa30 n 0x1c thread 0x2903 thread 0x2903 state-kr 0x0 pc 0x109a95e22 leaf __semwait_signal+0xa frames: 0x109a95e22 0x1042a12e5 0x1041d56a2 0x1042a4329 0x1042a34a6 0x1042a3089 0x10423ab3e 0x1042a0d09 0x109a91e9e
   8.296 TIGER-SAMPLE pid 0xa30 n 0x1c thread 0x2a03 thread 0x2a03 state-kr 0x0 pc 0x109a95e22 leaf __semwait_signal+0xa frames: 0x109a95e22 0x1042a12e5 0x1041d56a2 0x1042a4329 0x1042a34a6 0x1042a3089 0x10423ab3e 0x1042a0d09 0x109a91e9e
   8.297 TIGER-SAMPLE pid 0xa30 n 0x1c thread 0x2b03 thread 0x2b03 state-kr 0x0 pc 0x109aa70ac leaf malloc_jumpstart+0x401 frames: 0x109aa70ac 0x109adb2e0 0x10045df8e 0x10045e43e 0x10423ab3e 0x1042a0d09 0x109a91e9e
   8.297 TIGER-SAMPLE pid 0xa30 n 0x1c thread 0x2c03 thread 0x2c03 state-kr 0x0 pc 0x109a95e22 leaf __semwait_signal+0xa frames: 0x109a95e22 0x1042a12e5 0x1041d56a2 0x1042a4329 0x1042a34a6 0x1042a3089 0x10423ab3e 0x1042a0d09 0x109a91e9e
   8.297 TIGER-SAMPLE pid 0xa30 n 0x1c thread 0x2d03 thread 0x2d03 state-kr 0x0 pc 0x109adb29f leaf free+0x0 frames: 0x109adb29f 0x10045e43e 0x10423ab3e 0x1042a0d09 0x109a91e9e
   8.297 TIGER-SAMPLE pid 0xa30 n 0x1c thread 0x4103 thread 0x4103 state-kr 0x0 pc 0x109a95e22 leaf __semwait_signal+0xa frames: 0x109a95e22 0x1042a1327 0x1041d56a2 0x1041b2277 0x10423ab3e 0x1042a0d09 0x109a91e9e
   8.298 TIGER-SAMPLE pid 0xa30 n 0x1c thread 0x4203 thread 0x4203 state-kr 0x0 pc 0x109a95e22 leaf __semwait_signal+0xa frames: 0x109a95e22 0x1042a1327 0x1041d56a2 0x1041b2277 0x10423ab3e 0x1042a0d09 0x109a91e9e
   8.302 TIGER-SAMPLE pid 0xa2d n 0x1f main 0x117 thread 0x117 state-kr 0x0 pc 0x90009817 leaf mach_msg_trap+0x7 frames: 0x90009817 0x9082d227 0x9082ca42 0x92e06878 0x92e05f82 0x92e05dd9 0x9328cf45 0x9328cb37 0x932868c4 0x8af6 0x82f2 0x8219 0x5
   8.302 TIGER-SAMPLE pid 0xa2d n 0x1f thread 0x1203 thread 0x1203 state-kr 0x0 pc 0x90009817 leaf mach_msg_trap+0x7 frames: 0x90009817 0x2ca6d8 0x90023d67
   8.302 TIGER-SAMPLE pid 0xa2d n 0x1f thread 0x3207 thread 0x3207 state-kr 0x0 pc 0x90024407 leaf semaphore_wait_signal_trap+0x7 frames: 0x90024407 0x364de 0x90023d67
   8.302 TIGER-SAMPLE pid 0xa2d n 0x1f thread 0x3403 thread 0x3403 state-kr 0x0 pc 0x90024407 leaf semaphore_wait_signal_trap+0x7 frames: 0x90024407 0x364de 0x90023d67
   8.302 TIGER-SAMPLE pid 0xa2d n 0x1f thread 0x5103 thread 0x5103 state-kr 0x0 pc 0x900bc3fc leaf poll+0xc frames: 0x900bc3fc 0x2cd134 0x313210b 0x319b321 0x90023d67
   8.302 TIGER-SAMPLE pid 0xa2d n 0x1f thread 0x5203 thread 0x5203 state-kr 0x0 pc 0x90024407 leaf semaphore_wait_signal_trap+0x7 frames: 0x90024407 0x364de 0x90023d67
   8.302 TIGER-SAMPLE pid 0xa2d n 0x1f thread 0x5503 thread 0x5503 state-kr 0x0 pc 0x900bc3fc leaf poll+0xc frames: 0x900bc3fc 0x2cd134 0x313210b 0x319b321 0x90023d67
   8.303 TIGER-SAMPLE pid 0xa2d n 0x1f thread 0x5603 thread 0x5603 state-kr 0x0 pc 0x90024407 leaf semaphore_wait_signal_trap+0x7 frames: 0x90024407 0x364de 0x90023d67
   8.303 TIGER-SAMPLE pid 0xa2d n 0x1f thread 0x5c07 thread 0x5c07 state-kr 0x0 pc 0xffff026d frames: 0xffff026d 0x900075bb 0x310b193 0x2cbe89 0x2cc6bb 0x2cd134 0x313210b 0x319b321 0x90023d67
   8.303 TIGER-SAMPLE pid 0xa2d n 0x1f thread 0x5e07 thread 0x5e07 state-kr 0x0 pc 0x90024407 leaf semaphore_wait_signal_trap+0x7 frames: 0x90024407 0x915a96ab 0x915c3ddc 0x90023d67
   8.397 TIGER-SAMPLE pid 0xa31 n 0x1e main 0xd03 thread 0xd03 state-kr 0x0 pc 0x109895e22 leaf __semwait_signal+0xa frames: 0x109895e22 0x10409c9d5 0x103fcd562 0x10409fb49 0x10409ec36 0x10409e819 0x10004a16b 0x10000154c 0x100001461 0x3
   8.397 TIGER-SAMPLE pid 0xa31 n 0x1e thread 0xf03 thread 0xf03 state-kr 0x0 pc 0x1098dfe4e leaf mach_msg_trap+0xa frames: 0x1098dfe4e 0x100327902 0x109891e9e
   8.397 TIGER-SAMPLE pid 0xa31 n 0x1e thread 0x1103 thread 0x1103 state-kr 0x0 pc 0x109895e22 leaf __semwait_signal+0xa frames: 0x109895e22 0x10409c9d5 0x103fcd562 0x10409fb49 0x10409ec36 0x10409e819 0x104033bfe 0x10409c3f9 0x109891e9e
   8.397 TIGER-SAMPLE pid 0xa31 n 0x1e thread 0x2303 thread 0x2303 state-kr 0x0 pc 0x1098467e6 leaf poll+0xa frames: 0x1098467e6 0x104033bfe 0x10409c3f9 0x109891e9e
   8.397 TIGER-SAMPLE pid 0xa31 n 0x1e thread 0x2407 thread 0x2407 state-kr 0x0 pc 0x109895e22 leaf __semwait_signal+0xa frames: 0x109895e22 0x10409c9d5 0x103fcd562 0x10409fb49 0x10409ec36 0x10409e819 0x104033bfe 0x10409c3f9 0x109891e9e
   8.397 TIGER-SAMPLE pid 0xa31 n 0x1e thread 0x2503 thread 0x2503 state-kr 0x0 pc 0x109895e22 leaf __semwait_signal+0xa frames: 0x109895e22 0x10409c9d5 0x103fcd562 0x10409fb49 0x10409ec36 0x10409e819 0x104033bfe 0x10409c3f9 0x109891e9e
   8.397 TIGER-SAMPLE pid 0xa31 n 0x1e thread 0x2603 thread 0x2603 state-kr 0x0 pc 0x109895e22 leaf __semwait_signal+0xa frames: 0x109895e22 0x10409c9d5 0x103fcd562 0x10409fb49 0x10409ec36 0x10409e819 0x104033bfe 0x10409c3f9 0x109891e9e
   8.397 TIGER-SAMPLE pid 0xa31 n 0x1e thread 0x2703 thread 0x2703 state-kr 0x0 pc 0x109895e22 leaf __semwait_signal+0xa frames: 0x109895e22 0x10409c9d5 0x103fcd562 0x10409fb49 0x10409ec36 0x10409e819 0x104033bfe 0x10409c3f9 0x109891e9e
   8.397 TIGER-SAMPLE pid 0xa31 n 0x1e thread 0x2903 thread 0x2903 state-kr 0x0 pc 0x109895e22 leaf __semwait_signal+0xa frames: 0x109895e22 0x10409c9d5 0x103fcd562 0x10409fb49 0x10409ec36 0x10409e819 0x104033bfe 0x10409c3f9 0x109891e9e
   8.397 TIGER-SAMPLE pid 0xa31 n 0x1e thread 0x2a03 thread 0x2a03 state-kr 0x0 pc 0x1098467e6 leaf poll+0xa frames: 0x1098467e6 0x104033bfe 0x10409c3f9 0x109891e9e
   8.397 TIGER-SAMPLE pid 0xa31 n 0x1e thread 0x2b03 thread 0x2b03 state-kr 0x0 pc 0x1098467e6 leaf poll+0xa frames: 0x1098467e6 0x104388627 0x1043887ea 0x101f32ba7 0x101f3e971 0x104033bfe 0x10409c3f9 0x109891e9e
   8.397 TIGER-SAMPLE pid 0xa31 n 0x1e thread 0x3003 thread 0x3003 state-kr 0x0 pc 0x109895e22 leaf __semwait_signal+0xa frames: 0x109895e22 0x10409c9d5 0x103fcd562 0x10409fb49 0x10409ec36 0x10409e819 0x104033bfe 0x10409c3f9 0x109891e9e
   8.548 TIGER-SAMPLE pid 0xa30 n 0x1d main 0xd03 thread 0xd03 state-kr 0x0 pc 0x109a95e22 leaf __semwait_signal+0xa frames: 0x109a95e22 0x1042a1327 0x1041d56a2 0x1042a4329 0x1042a34a6 0x1042a3089 0x100046488 0x100001d0c 0x100001c21 0x3
   8.548 TIGER-SAMPLE pid 0xa30 n 0x1d thread 0xf03 thread 0xf03 state-kr 0x0 pc 0x109adfe4e leaf mach_msg_trap+0xa frames: 0x109adfe4e 0x10045c512 0x109a91e9e
   8.549 TIGER-SAMPLE pid 0xa30 n 0x1d thread 0x1103 thread 0x1103 state-kr 0x0 pc 0x109a95e22 leaf __semwait_signal+0xa frames: 0x109a95e22 0x1042a12e5 0x1041d56a2 0x1042a4329 0x1042a34a6 0x1042a3089 0x10423ab3e 0x1042a0d09 0x109a91e9e
   8.549 TIGER-SAMPLE pid 0xa30 n 0x1d thread 0x2303 thread 0x2303 state-kr 0x0 pc 0x109a95e22 leaf __semwait_signal+0xa frames: 0x109a95e22 0x1042a12e5 0x1041d56a2 0x1042a4329 0x1042a34a6 0x1042a3089 0x10423ab3e 0x1042a0d09 0x109a91e9e
   8.549 TIGER-SAMPLE pid 0xa30 n 0x1d thread 0x2403 thread 0x2403 state-kr 0x0 pc 0x109a95e22 leaf __semwait_signal+0xa frames: 0x109a95e22 0x1042a12e5 0x1041d56a2 0x1042a4329 0x1042a34a6 0x1042a3089 0x10423ab3e 0x1042a0d09 0x109a91e9e
   8.549 TIGER-SAMPLE pid 0xa30 n 0x1d thread 0x2503 thread 0x2503 state-kr 0x0 pc 0x109a467e6 leaf poll+0xa frames: 0x109a467e6 0x10423ab3e 0x1042a0d09 0x109a91e9e
   8.550 TIGER-SAMPLE pid 0xa30 n 0x1d thread 0x2603 thread 0x2603 state-kr 0x0 pc 0x109a95e22 leaf __semwait_signal+0xa frames: 0x109a95e22 0x1042a12e5 0x1041d56a2 0x1042a4329 0x1042a34a6 0x1042a3089 0x10423ab3e 0x1042a0d09 0x109a91e9e
   8.550 TIGER-SAMPLE pid 0xa30 n 0x1d thread 0x2703 thread 0x2703 state-kr 0x0 pc 0x109a467e6 leaf poll+0xa frames: 0x109a467e6 0x10423ab3e 0x1042a0d09 0x109a91e9e
   8.550 TIGER-SAMPLE pid 0xa30 n 0x1d thread 0x2807 thread 0x2807 state-kr 0x0 pc 0x109a95e22 leaf __semwait_signal+0xa frames: 0x109a95e22 0x1042a12e5 0x1041d56a2 0x1042a4329 0x1042a34a6 0x1042a3089 0x10423ab3e 0x1042a0d09 0x109a91e9e
   8.550 TIGER-SAMPLE pid 0xa30 n 0x1d thread 0x2903 thread 0x2903 state-kr 0x0 pc 0x109a95e22 leaf __semwait_signal+0xa frames: 0x109a95e22 0x1042a12e5 0x1041d56a2 0x1042a4329 0x1042a34a6 0x1042a3089 0x10423ab3e 0x1042a0d09 0x109a91e9e
   8.550 TIGER-SAMPLE pid 0xa30 n 0x1d thread 0x2a03 thread 0x2a03 state-kr 0x0 pc 0x109a95e22 leaf __semwait_signal+0xa frames: 0x109a95e22 0x1042a12e5 0x1041d56a2 0x1042a4329 0x1042a34a6 0x1042a3089 0x10423ab3e 0x1042a0d09 0x109a91e9e
   8.551 TIGER-SAMPLE pid 0xa30 n 0x1d thread 0x2b03 thread 0x2b03 state-kr 0x0 pc 0x109aa7164 leaf malloc_jumpstart+0x4b9 frames: 0x109aa7164 0x109adb2e0 0x10045df8e 0x10045e43e 0x10423ab3e 0x1042a0d09 0x109a91e9e
   8.551 TIGER-SAMPLE pid 0xa30 n 0x1d thread 0x2c03 thread 0x2c03 state-kr 0x0 pc 0x109a95e22 leaf __semwait_signal+0xa frames: 0x109a95e22 0x1042a12e5 0x1041d56a2 0x1042a4329 0x1042a34a6 0x1042a3089 0x10423ab3e 0x1042a0d09 0x109a91e9e
   8.551 TIGER-SAMPLE pid 0xa30 n 0x1d thread 0x2d03 thread 0x2d03 state-kr 0x0 pc 0x109aa85ec leaf malloc_jumpstart+0x1941 frames: 0x109aa85ec 0x10045df8e 0x10045e43e 0x10423ab3e 0x1042a0d09 0x109a91e9e
   8.551 TIGER-SAMPLE pid 0xa30 n 0x1d thread 0x4103 thread 0x4103 state-kr 0x0 pc 0x109a95e22 leaf __semwait_signal+0xa frames: 0x109a95e22 0x1042a1327 0x1041d56a2 0x1041b2277 0x10423ab3e 0x1042a0d09 0x109a91e9e
   8.552 TIGER-SAMPLE pid 0xa30 n 0x1d thread 0x4203 thread 0x4203 state-kr 0x0 pc 0x109a95e22 leaf __semwait_signal+0xa frames: 0x109a95e22 0x1042a1327 0x1041d56a2 0x1041b2277 0x10423ab3e 0x1042a0d09 0x109a91e9e
   8.554 TIGER-SAMPLE pid 0xa2d n 0x20 main 0x117 thread 0x117 state-kr 0x0 pc 0x90009817 leaf mach_msg_trap+0x7 frames: 0x90009817 0x9082d227 0x9082ca42 0x92e06878 0x92e05f82 0x92e05dd9 0x9328cf45 0x9328cb37 0x932868c4 0x8af6 0x82f2 0x8219 0x5
   8.554 TIGER-SAMPLE pid 0xa2d n 0x20 thread 0x1203 thread 0x1203 state-kr 0x0 pc 0x90009817 leaf mach_msg_trap+0x7 frames: 0x90009817 0x2ca6d8 0x90023d67
   8.554 TIGER-SAMPLE pid 0xa2d n 0x20 thread 0x3207 thread 0x3207 state-kr 0x0 pc 0x90024407 leaf semaphore_wait_signal_trap+0x7 frames: 0x90024407 0x364de 0x90023d67
   8.555 TIGER-SAMPLE pid 0xa2d n 0x20 thread 0x3403 thread 0x3403 state-kr 0x0 pc 0x90024407 leaf semaphore_wait_signal_trap+0x7 frames: 0x90024407 0x364de 0x90023d67
   8.555 TIGER-SAMPLE pid 0xa2d n 0x20 thread 0x5103 thread 0x5103 state-kr 0x0 pc 0x900bc3fc leaf poll+0xc frames: 0x900bc3fc 0x2cd134 0x313210b 0x319b321 0x90023d67
   8.555 TIGER-SAMPLE pid 0xa2d n 0x20 thread 0x5203 thread 0x5203 state-kr 0x0 pc 0x90024407 leaf semaphore_wait_signal_trap+0x7 frames: 0x90024407 0x364de 0x90023d67
   8.555 TIGER-SAMPLE pid 0xa2d n 0x20 thread 0x5503 thread 0x5503 state-kr 0x0 pc 0x900bc3fc leaf poll+0xc frames: 0x900bc3fc 0x2cd134 0x313210b 0x319b321 0x90023d67
   8.556 TIGER-SAMPLE pid 0xa2d n 0x20 thread 0x5603 thread 0x5603 state-kr 0x0 pc 0x90024407 leaf semaphore_wait_signal_trap+0x7 frames: 0x90024407 0x364de 0x90023d67
   8.556 TIGER-SAMPLE pid 0xa2d n 0x20 thread 0x5c07 thread 0x5c07 state-kr 0x0 pc 0x900265fc leaf recvmsg+0xc frames: 0x900265fc 0x2cc6bb 0x2cd134 0x313210b 0x319b321 0x90023d67
   8.556 TIGER-SAMPLE pid 0xa2d n 0x20 thread 0x5e07 thread 0x5e07 state-kr 0x0 pc 0x90024407 leaf semaphore_wait_signal_trap+0x7 frames: 0x90024407 0x915a96ab 0x915c3ddc 0x90023d67
   8.647 TIGER-SAMPLE pid 0xa31 n 0x1f main 0xd03 thread 0xd03 state-kr 0x0 pc 0x109895e22 leaf __semwait_signal+0xa frames: 0x109895e22 0x10409c9d5 0x103fcd562 0x10409fb49 0x10409ec36 0x10409e819 0x10004a16b 0x10000154c 0x100001461 0x3
   8.647 TIGER-SAMPLE pid 0xa31 n 0x1f thread 0xf03 thread 0xf03 state-kr 0x0 pc 0x1098dfe4e leaf mach_msg_trap+0xa frames: 0x1098dfe4e 0x100327902 0x109891e9e
   8.648 TIGER-SAMPLE pid 0xa31 n 0x1f thread 0x1103 thread 0x1103 state-kr 0x0 pc 0x109895e22 leaf __semwait_signal+0xa frames: 0x109895e22 0x10409c9d5 0x103fcd562 0x10409fb49 0x10409ec36 0x10409e819 0x104033bfe 0x10409c3f9 0x109891e9e
   8.648 TIGER-SAMPLE pid 0xa31 n 0x1f thread 0x2303 thread 0x2303 state-kr 0x0 pc 0x1098467e6 leaf poll+0xa frames: 0x1098467e6 0x104033bfe 0x10409c3f9 0x109891e9e
   8.648 TIGER-SAMPLE pid 0xa31 n 0x1f thread 0x2407 thread 0x2407 state-kr 0x0 pc 0x109895e22 leaf __semwait_signal+0xa frames: 0x109895e22 0x10409c9d5 0x103fcd562 0x10409fb49 0x10409ec36 0x10409e819 0x104033bfe 0x10409c3f9 0x109891e9e
   8.648 TIGER-SAMPLE pid 0xa31 n 0x1f thread 0x2503 thread 0x2503 state-kr 0x0 pc 0x109895e22 leaf __semwait_signal+0xa frames: 0x109895e22 0x10409c9d5 0x103fcd562 0x10409fb49 0x10409ec36 0x10409e819 0x104033bfe 0x10409c3f9 0x109891e9e
   8.648 TIGER-SAMPLE pid 0xa31 n 0x1f thread 0x2603 thread 0x2603 state-kr 0x0 pc 0x109895e22 leaf __semwait_signal+0xa frames: 0x109895e22 0x10409c9d5 0x103fcd562 0x10409fb49 0x10409ec36 0x10409e819 0x104033bfe 0x10409c3f9 0x109891e9e
   8.649 TIGER-SAMPLE pid 0xa31 n 0x1f thread 0x2703 thread 0x2703 state-kr 0x0 pc 0x109895e22 leaf __semwait_signal+0xa frames: 0x109895e22 0x10409c9d5 0x103fcd562 0x10409fb49 0x10409ec36 0x10409e819 0x104033bfe 0x10409c3f9 0x109891e9e
   8.649 TIGER-SAMPLE pid 0xa31 n 0x1f thread 0x2903 thread 0x2903 state-kr 0x0 pc 0x109895e22 leaf __semwait_signal+0xa frames: 0x109895e22 0x10409c9d5 0x103fcd562 0x10409fb49 0x10409ec36 0x10409e819 0x104033bfe 0x10409c3f9 0x109891e9e
   8.650 TIGER-SAMPLE pid 0xa31 n 0x1f thread 0x2a03 thread 0x2a03 state-kr 0x0 pc 0x1098467e6 leaf poll+0xa frames: 0x1098467e6 0x104033bfe 0x10409c3f9 0x109891e9e
   8.650 TIGER-SAMPLE pid 0xa31 n 0x1f thread 0x2b03 thread 0x2b03 state-kr 0x0 pc 0x1098467e6 leaf poll+0xa frames: 0x1098467e6 0x104388627 0x1043887ea 0x101f32ba7 0x101f3e971 0x104033bfe 0x10409c3f9 0x109891e9e
   8.650 TIGER-SAMPLE pid 0xa31 n 0x1f thread 0x3003 thread 0x3003 state-kr 0x0 pc 0x109895e22 leaf __semwait_signal+0xa frames: 0x109895e22 0x10409c9d5 0x103fcd562 0x10409fb49 0x10409ec36 0x10409e819 0x104033bfe 0x10409c3f9 0x109891e9e
   8.802 TIGER-SAMPLE pid 0xa30 n 0x1e main 0xd03 thread 0xd03 state-kr 0x0 pc 0x109a95e22 leaf __semwait_signal+0xa frames: 0x109a95e22 0x1042a1327 0x1041d56a2 0x1042a4329 0x1042a34a6 0x1042a3089 0x100046488 0x100001d0c 0x100001c21 0x3
   8.802 TIGER-SAMPLE pid 0xa30 n 0x1e thread 0xf03 thread 0xf03 state-kr 0x0 pc 0x109adfe4e leaf mach_msg_trap+0xa frames: 0x109adfe4e 0x10045c512 0x109a91e9e
   8.802 TIGER-SAMPLE pid 0xa30 n 0x1e thread 0x1103 thread 0x1103 state-kr 0x0 pc 0x109a95e22 leaf __semwait_signal+0xa frames: 0x109a95e22 0x1042a12e5 0x1041d56a2 0x1042a4329 0x1042a34a6 0x1042a3089 0x10423ab3e 0x1042a0d09 0x109a91e9e
   8.803 TIGER-SAMPLE pid 0xa30 n 0x1e thread 0x2303 thread 0x2303 state-kr 0x0 pc 0x109a95e22 leaf __semwait_signal+0xa frames: 0x109a95e22 0x1042a12e5 0x1041d56a2 0x1042a4329 0x1042a34a6 0x1042a3089 0x10423ab3e 0x1042a0d09 0x109a91e9e
   8.803 TIGER-SAMPLE pid 0xa30 n 0x1e thread 0x2403 thread 0x2403 state-kr 0x0 pc 0x109a95e22 leaf __semwait_signal+0xa frames: 0x109a95e22 0x1042a12e5 0x1041d56a2 0x1042a4329 0x1042a34a6 0x1042a3089 0x10423ab3e 0x1042a0d09 0x109a91e9e
   8.804 TIGER-SAMPLE pid 0xa30 n 0x1e thread 0x2503 thread 0x2503 state-kr 0x0 pc 0x109a467e6 leaf poll+0xa frames: 0x109a467e6 0x10423ab3e 0x1042a0d09 0x109a91e9e
   8.804 TIGER-SAMPLE pid 0xa30 n 0x1e thread 0x2603 thread 0x2603 state-kr 0x0 pc 0x109a95e22 leaf __semwait_signal+0xa frames: 0x109a95e22 0x1042a12e5 0x1041d56a2 0x1042a4329 0x1042a34a6 0x1042a3089 0x10423ab3e 0x1042a0d09 0x109a91e9e
   8.804 TIGER-SAMPLE pid 0xa30 n 0x1e thread 0x2703 thread 0x2703 state-kr 0x0 pc 0x109a467e6 leaf poll+0xa frames: 0x109a467e6 0x10423ab3e 0x1042a0d09 0x109a91e9e
   8.804 TIGER-SAMPLE pid 0xa30 n 0x1e thread 0x2807 thread 0x2807 state-kr 0x0 pc 0x109a95e22 leaf __semwait_signal+0xa frames: 0x109a95e22 0x1042a12e5 0x1041d56a2 0x1042a4329 0x1042a34a6 0x1042a3089 0x10423ab3e 0x1042a0d09 0x109a91e9e
   8.804 TIGER-SAMPLE pid 0xa30 n 0x1e thread 0x2903 thread 0x2903 state-kr 0x0 pc 0x109a95e22 leaf __semwait_signal+0xa frames: 0x109a95e22 0x1042a12e5 0x1041d56a2 0x1042a4329 0x1042a34a6 0x1042a3089 0x10423ab3e 0x1042a0d09 0x109a91e9e
   8.804 TIGER-SAMPLE pid 0xa30 n 0x1e thread 0x2a03 thread 0x2a03 state-kr 0x0 pc 0x109a95e22 leaf __semwait_signal+0xa frames: 0x109a95e22 0x1042a12e5 0x1041d56a2 0x1042a4329 0x1042a34a6 0x1042a3089 0x10423ab3e 0x1042a0d09 0x109a91e9e
   8.805 TIGER-SAMPLE pid 0xa30 n 0x1e thread 0x2b03 thread 0x2b03 state-kr 0x0 pc 0x109a46712 leaf recvmsg+0xa frames: 0x109a46712 0x10045e43e 0x10423ab3e 0x1042a0d09 0x109a91e9e
   8.805 TIGER-SAMPLE pid 0xa30 n 0x1e thread 0x2c03 thread 0x2c03 state-kr 0x0 pc 0x109a95e22 leaf __semwait_signal+0xa frames: 0x109a95e22 0x1042a12e5 0x1041d56a2 0x1042a4329 0x1042a34a6 0x1042a3089 0x10423ab3e 0x1042a0d09 0x109a91e9e
   8.805 TIGER-SAMPLE pid 0xa30 n 0x1e thread 0x2d03 thread 0x2d03 state-kr 0x0 pc 0x109a46712 leaf recvmsg+0xa frames: 0x109a46712 0x10045e43e 0x10423ab3e 0x1042a0d09 0x109a91e9e
   8.805 TIGER-SAMPLE pid 0xa30 n 0x1e thread 0x4103 thread 0x4103 state-kr 0x0 pc 0x109a95e22 leaf __semwait_signal+0xa frames: 0x109a95e22 0x1042a1327 0x1041d56a2 0x1041b2277 0x10423ab3e 0x1042a0d09 0x109a91e9e
   8.806 TIGER-SAMPLE pid 0xa30 n 0x1e thread 0x4203 thread 0x4203 state-kr 0x0 pc 0x109a95e22 leaf __semwait_signal+0xa frames: 0x109a95e22 0x1042a1327 0x1041d56a2 0x1041b2277 0x10423ab3e 0x1042a0d09 0x109a91e9e
   8.807 TIGER-SAMPLE pid 0xa2d n 0x21 main 0x117 thread 0x117 state-kr 0x0 pc 0x90009817 leaf mach_msg_trap+0x7 frames: 0x90009817 0x9082d227 0x9082ca42 0x92e06878 0x92e05f82 0x92e05dd9 0x9328cf45 0x9328cb37 0x932868c4 0x8af6 0x82f2 0x8219 0x5
   8.807 TIGER-SAMPLE pid 0xa2d n 0x21 thread 0x1203 thread 0x1203 state-kr 0x0 pc 0x90009817 leaf mach_msg_trap+0x7 frames: 0x90009817 0x2ca6d8 0x90023d67
   8.807 TIGER-SAMPLE pid 0xa2d n 0x21 thread 0x3207 thread 0x3207 state-kr 0x0 pc 0x90024407 leaf semaphore_wait_signal_trap+0x7 frames: 0x90024407 0x364de 0x90023d67
   8.808 TIGER-SAMPLE pid 0xa2d n 0x21 thread 0x3403 thread 0x3403 state-kr 0x0 pc 0x90024407 leaf semaphore_wait_signal_trap+0x7 frames: 0x90024407 0x364de 0x90023d67
   8.808 TIGER-SAMPLE pid 0xa2d n 0x21 thread 0x5103 thread 0x5103 state-kr 0x0 pc 0x900bc3fc leaf poll+0xc frames: 0x900bc3fc 0x2cd134 0x313210b 0x319b321 0x90023d67
   8.808 TIGER-SAMPLE pid 0xa2d n 0x21 thread 0x5203 thread 0x5203 state-kr 0x0 pc 0x90024407 leaf semaphore_wait_signal_trap+0x7 frames: 0x90024407 0x364de 0x90023d67
   8.808 TIGER-SAMPLE pid 0xa2d n 0x21 thread 0x5503 thread 0x5503 state-kr 0x0 pc 0x900bc3fc leaf poll+0xc frames: 0x900bc3fc 0x2cd134 0x313210b 0x319b321 0x90023d67
   8.809 TIGER-SAMPLE pid 0xa2d n 0x21 thread 0x5603 thread 0x5603 state-kr 0x0 pc 0x90024407 leaf semaphore_wait_signal_trap+0x7 frames: 0x90024407 0x364de 0x90023d67
   8.809 TIGER-SAMPLE pid 0xa2d n 0x21 thread 0x5c07 thread 0x5c07 state-kr 0x0 pc 0x900265fc leaf recvmsg+0xc frames: 0x900265fc 0x2cc6bb 0x2cd134 0x313210b 0x319b321 0x90023d67
   8.809 TIGER-SAMPLE pid 0xa2d n 0x21 thread 0x5e07 thread 0x5e07 state-kr 0x0 pc 0x90024407 leaf semaphore_wait_signal_trap+0x7 frames: 0x90024407 0x915a96ab 0x915c3ddc 0x90023d67
   8.900 TIGER-SAMPLE pid 0xa31 n 0x20 main 0xd03 thread 0xd03 state-kr 0x0 pc 0x109895e22 leaf __semwait_signal+0xa frames: 0x109895e22 0x10409c9d5 0x103fcd562 0x10409fb49 0x10409ec36 0x10409e819 0x10004a16b 0x10000154c 0x100001461 0x3
   8.900 TIGER-SAMPLE pid 0xa31 n 0x20 thread 0xf03 thread 0xf03 state-kr 0x0 pc 0x1098dfe4e leaf mach_msg_trap+0xa frames: 0x1098dfe4e 0x100327902 0x109891e9e
   8.900 TIGER-SAMPLE pid 0xa31 n 0x20 thread 0x1103 thread 0x1103 state-kr 0x0 pc 0x109895e22 leaf __semwait_signal+0xa frames: 0x109895e22 0x10409c9d5 0x103fcd562 0x10409fb49 0x10409ec36 0x10409e819 0x104033bfe 0x10409c3f9 0x109891e9e
   8.900 TIGER-SAMPLE pid 0xa31 n 0x20 thread 0x2303 thread 0x2303 state-kr 0x0 pc 0x1098467e6 leaf poll+0xa frames: 0x1098467e6 0x104033bfe 0x10409c3f9 0x109891e9e
   8.901 TIGER-SAMPLE pid 0xa31 n 0x20 thread 0x2407 thread 0x2407 state-kr 0x0 pc 0x109895e22 leaf __semwait_signal+0xa frames: 0x109895e22 0x10409c9d5 0x103fcd562 0x10409fb49 0x10409ec36 0x10409e819 0x104033bfe 0x10409c3f9 0x109891e9e
   8.901 TIGER-SAMPLE pid 0xa31 n 0x20 thread 0x2503 thread 0x2503 state-kr 0x0 pc 0x109895e22 leaf __semwait_signal+0xa frames: 0x109895e22 0x10409c9d5 0x103fcd562 0x10409fb49 0x10409ec36 0x10409e819 0x104033bfe 0x10409c3f9 0x109891e9e
   8.901 TIGER-SAMPLE pid 0xa31 n 0x20 thread 0x2603 thread 0x2603 state-kr 0x0 pc 0x109895e22 leaf __semwait_signal+0xa frames: 0x109895e22 0x10409c9d5 0x103fcd562 0x10409fb49 0x10409ec36 0x10409e819 0x104033bfe 0x10409c3f9 0x109891e9e
   8.901 TIGER-SAMPLE pid 0xa31 n 0x20 thread 0x2703 thread 0x2703 state-kr 0x0 pc 0x109895e22 leaf __semwait_signal+0xa frames: 0x109895e22 0x10409c9d5 0x103fcd562 0x10409fb49 0x10409ec36 0x10409e819 0x104033bfe 0x10409c3f9 0x109891e9e
   8.902 TIGER-SAMPLE pid 0xa31 n 0x20 thread 0x2903 thread 0x2903 state-kr 0x0 pc 0x109895e22 leaf __semwait_signal+0xa frames: 0x109895e22 0x10409c9d5 0x103fcd562 0x10409fb49 0x10409ec36 0x10409e819 0x104033bfe 0x10409c3f9 0x109891e9e
   8.902 TIGER-SAMPLE pid 0xa31 n 0x20 thread 0x2a03 thread 0x2a03 state-kr 0x0 pc 0x1098467e6 leaf poll+0xa frames: 0x1098467e6 0x104033bfe 0x10409c3f9 0x109891e9e
   8.902 TIGER-SAMPLE pid 0xa31 n 0x20 thread 0x2b03 thread 0x2b03 state-kr 0x0 pc 0x1098467e6 leaf poll+0xa frames: 0x1098467e6 0x104388627 0x1043887ea 0x101f32ba7 0x101f3e971 0x104033bfe 0x10409c3f9 0x109891e9e
   8.902 TIGER-SAMPLE pid 0xa31 n 0x20 thread 0x3003 thread 0x3003 state-kr 0x0 pc 0x109895e22 leaf __semwait_signal+0xa frames: 0x109895e22 0x10409c9d5 0x103fcd562 0x10409fb49 0x10409ec36 0x10409e819 0x104033bfe 0x10409c3f9 0x109891e9e
   9.057 TIGER-SAMPLE pid 0xa30 n 0x1f main 0xd03 thread 0xd03 state-kr 0x0 pc 0x109a95e22 leaf __semwait_signal+0xa frames: 0x109a95e22 0x1042a1327 0x1041d56a2 0x1042a4329 0x1042a34a6 0x1042a3089 0x100046488 0x100001d0c 0x100001c21 0x3
   9.057 TIGER-SAMPLE pid 0xa30 n 0x1f thread 0xf03 thread 0xf03 state-kr 0x0 pc 0x109adfe4e leaf mach_msg_trap+0xa frames: 0x109adfe4e 0x10045c512 0x109a91e9e
   9.057 TIGER-SAMPLE pid 0xa30 n 0x1f thread 0x1103 thread 0x1103 state-kr 0x0 pc 0x109a95e22 leaf __semwait_signal+0xa frames: 0x109a95e22 0x1042a12e5 0x1041d56a2 0x1042a4329 0x1042a34a6 0x1042a3089 0x10423ab3e 0x1042a0d09 0x109a91e9e
   9.057 TIGER-SAMPLE pid 0xa30 n 0x1f thread 0x2303 thread 0x2303 state-kr 0x0 pc 0x109a95e22 leaf __semwait_signal+0xa frames: 0x109a95e22 0x1042a12e5 0x1041d56a2 0x1042a4329 0x1042a34a6 0x1042a3089 0x10423ab3e 0x1042a0d09 0x109a91e9e
   9.057 TIGER-SAMPLE pid 0xa30 n 0x1f thread 0x2403 thread 0x2403 state-kr 0x0 pc 0x109a95e22 leaf __semwait_signal+0xa frames: 0x109a95e22 0x1042a12e5 0x1041d56a2 0x1042a4329 0x1042a34a6 0x1042a3089 0x10423ab3e 0x1042a0d09 0x109a91e9e
   9.057 TIGER-SAMPLE pid 0xa30 n 0x1f thread 0x2503 thread 0x2503 state-kr 0x0 pc 0x109a467e6 leaf poll+0xa frames: 0x109a467e6 0x10423ab3e 0x1042a0d09 0x109a91e9e
   9.057 TIGER-SAMPLE pid 0xa30 n 0x1f thread 0x2603 thread 0x2603 state-kr 0x0 pc 0x109a95e22 leaf __semwait_signal+0xa frames: 0x109a95e22 0x1042a12e5 0x1041d56a2 0x1042a4329 0x1042a34a6 0x1042a3089 0x10423ab3e 0x1042a0d09 0x109a91e9e
   9.057 TIGER-SAMPLE pid 0xa30 n 0x1f thread 0x2703 thread 0x2703 state-kr 0x0 pc 0x109a467e6 leaf poll+0xa frames: 0x109a467e6 0x10423ab3e 0x1042a0d09 0x109a91e9e
   9.057 TIGER-SAMPLE pid 0xa30 n 0x1f thread 0x2807 thread 0x2807 state-kr 0x0 pc 0x109a95e22 leaf __semwait_signal+0xa frames: 0x109a95e22 0x1042a12e5 0x1041d56a2 0x1042a4329 0x1042a34a6 0x1042a3089 0x10423ab3e 0x1042a0d09 0x109a91e9e
   9.057 TIGER-SAMPLE pid 0xa30 n 0x1f thread 0x2903 thread 0x2903 state-kr 0x0 pc 0x109a95e22 leaf __semwait_signal+0xa frames: 0x109a95e22 0x1042a12e5 0x1041d56a2 0x1042a4329 0x1042a34a6 0x1042a3089 0x10423ab3e 0x1042a0d09 0x109a91e9e
   9.057 TIGER-SAMPLE pid 0xa30 n 0x1f thread 0x2a03 thread 0x2a03 state-kr 0x0 pc 0x109a95e22 leaf __semwait_signal+0xa frames: 0x109a95e22 0x1042a12e5 0x1041d56a2 0x1042a4329 0x1042a34a6 0x1042a3089 0x10423ab3e 0x1042a0d09 0x109a91e9e
   9.058 TIGER-SAMPLE pid 0xa30 n 0x1f thread 0x2b03 thread 0x2b03 state-kr 0x0 pc 0x109a46712 leaf recvmsg+0xa frames: 0x109a46712 0x10045e43e 0x10423ab3e 0x1042a0d09 0x109a91e9e
   9.058 TIGER-SAMPLE pid 0xa30 n 0x1f thread 0x2c03 thread 0x2c03 state-kr 0x0 pc 0x109a95e22 leaf __semwait_signal+0xa frames: 0x109a95e22 0x1042a12e5 0x1041d56a2 0x1042a4329 0x1042a34a6 0x1042a3089 0x10423ab3e 0x1042a0d09 0x109a91e9e
   9.060 TIGER-SAMPLE pid 0xa2d n 0x22 main 0x117 thread 0x117 state-kr 0x0 pc 0x90009817 leaf mach_msg_trap+0x7 frames: 0x90009817 0x9082d227 0x9082ca42 0x92e06878 0x92e05f82 0x92e05dd9 0x9328cf45 0x9328cb37 0x932868c4 0x8af6 0x82f2 0x8219 0x5
   9.060 TIGER-SAMPLE pid 0xa2d n 0x22 thread 0x1203 thread 0x1203 state-kr 0x0 pc 0x90009817 leaf mach_msg_trap+0x7 frames: 0x90009817 0x2ca6d8 0x90023d67
   9.060 TIGER-SAMPLE pid 0xa2d n 0x22 thread 0x3207 thread 0x3207 state-kr 0x0 pc 0x90024407 leaf semaphore_wait_signal_trap+0x7 frames: 0x90024407 0x364de 0x90023d67
   9.061 TIGER-SAMPLE pid 0xa2d n 0x22 thread 0x3403 thread 0x3403 state-kr 0x0 pc 0x90024407 leaf semaphore_wait_signal_trap+0x7 frames: 0x90024407 0x364de 0x90023d67
   9.061 TIGER-SAMPLE pid 0xa2d n 0x22 thread 0x5103 thread 0x5103 state-kr 0x0 pc 0x900bc3fc leaf poll+0xc frames: 0x900bc3fc 0x2cd134 0x313210b 0x319b321 0x90023d67
   9.061 TIGER-SAMPLE pid 0xa2d n 0x22 thread 0x5203 thread 0x5203 state-kr 0x0 pc 0x90024407 leaf semaphore_wait_signal_trap+0x7 frames: 0x90024407 0x364de 0x90023d67
   9.061 TIGER-SAMPLE pid 0xa2d n 0x22 thread 0x5503 thread 0x5503 state-kr 0x0 pc 0x900bc3fc leaf poll+0xc frames: 0x900bc3fc 0x2cd134 0x313210b 0x319b321 0x90023d67
   9.062 TIGER-SAMPLE pid 0xa2d n 0x22 thread 0x5603 thread 0x5603 state-kr 0x0 pc 0x90024407 leaf semaphore_wait_signal_trap+0x7 frames: 0x90024407 0x364de 0x90023d67
   9.062 TIGER-SAMPLE pid 0xa2dTIGER-SAMPLE pid  n 0xa300x22 n 0x1f thread  thread0x2d03  thread 0x2d030x5c07 state-kr 0x0 pc 0x109aa8674 thread 0x5c07 state-kr 0x0 pc 0x900265fc leaf malloc_jumpstart+0x19c9 frames: 0x109aa8674 0x10045df8e 0x10045e43e 0x10423ab3e 0x1042a0d09 0x109a91e9e
   9.062 TIGER-SAMPLE pid  leaf 0xa30 n recvmsg0x1f thread 0x4103+ thread 0xc frames: 0x41030x900265fc 0x2cc6bb 0x2cd134  state-kr 0x313210b0x0 pc 0x109a95e22 0x319b321 0x90023d67
   9.062 TIGER-SAMPLE pid 0xa2d n 0x22 thread 0x5e07 thread 0x5e07 state-kr 0x0 leaf  pc 0x90024407__semwait_signal+0xa frames: 0x109a95e22 0x1042a1327 0x1041d56a2 0x1041b2277 0x10423ab3e 0x1042a0d09 0x109a91e9e
   9.062 TIGER-SAMPLE pid 0xa30 n 0x1f thread 0x4203 leaf semaphore_wait_signal_trap thread +0x4203 state-kr 0x70x0 pc 0x109a95e22 frames: 0x90024407 0x915a96ab 0x915c3ddc 0x90023d67
   9.062  leaf __semwait_signal+0xa frames: 0x109a95e22 0x1042a1327 0x1041d56a2 0x1041b2277 0x10423ab3e 0x1042a0d09 0x109a91e9e
   9.153 TIGER-SAMPLE pid 0xa31 n 0x21 main 0xd03 thread 0xd03 state-kr 0x0 pc 0x109895e22 leaf __semwait_signal+0xa frames: 0x109895e22 0x10409c9d5 0x103fcd562 0x10409fb49 0x10409ec36 0x10409e819 0x10004a16b 0x10000154c 0x100001461 0x3
   9.153 TIGER-SAMPLE pid 0xa31 n 0x21 thread 0xf03 thread 0xf03 state-kr 0x0 pc 0x1098dfe4e leaf mach_msg_trap+0xa frames: 0x1098dfe4e 0x100327902 0x109891e9e
   9.153 TIGER-SAMPLE pid 0xa31 n 0x21 thread 0x1103 thread 0x1103 state-kr 0x0 pc 0x109895e22 leaf __semwait_signal+0xa frames: 0x109895e22 0x10409c9d5 0x103fcd562 0x10409fb49 0x10409ec36 0x10409e819 0x104033bfe 0x10409c3f9 0x109891e9e
   9.153 TIGER-SAMPLE pid 0xa31 n 0x21 thread 0x2303 thread 0x2303 state-kr 0x0 pc 0x1098467e6 leaf poll+0xa frames: 0x1098467e6 0x104033bfe 0x10409c3f9 0x109891e9e
   9.155 TIGER-SAMPLE pid 0xa31 n 0x21 thread 0x2407 thread 0x2407 state-kr 0x0 pc 0x109895e22 leaf __semwait_signal+0xa frames: 0x109895e22 0x10409c9d5 0x103fcd562 0x10409fb49 0x10409ec36 0x10409e819 0x104033bfe 0x10409c3f9 0x109891e9e
   9.155 TIGER-SAMPLE pid 0xa31 n 0x21 thread 0x2503 thread 0x2503 state-kr 0x0 pc 0x109895e22 leaf __semwait_signal+0xa frames: 0x109895e22 0x10409c9d5 0x103fcd562 0x10409fb49 0x10409ec36 0x10409e819 0x104033bfe 0x10409c3f9 0x109891e9e
   9.155 TIGER-SAMPLE pid 0xa31 n 0x21 thread 0x2603 thread 0x2603 state-kr 0x0 pc 0x109895e22 leaf __semwait_signal+0xa frames: 0x109895e22 0x10409c9d5 0x103fcd562 0x10409fb49 0x10409ec36 0x10409e819 0x104033bfe 0x10409c3f9 0x109891e9e
   9.155 TIGER-SAMPLE pid 0xa31 n 0x21 thread 0x2703 thread 0x2703 state-kr 0x0 pc 0x109895e22 leaf __semwait_signal+0xa frames: 0x109895e22 0x10409c9d5 0x103fcd562 0x10409fb49 0x10409ec36 0x10409e819 0x104033bfe 0x10409c3f9 0x109891e9e
   9.155 TIGER-SAMPLE pid 0xa31 n 0x21 thread 0x2903 thread 0x2903 state-kr 0x0 pc 0x109895e22 leaf __semwait_signal+0xa frames: 0x109895e22 0x10409c9d5 0x103fcd562 0x10409fb49 0x10409ec36 0x10409e819 0x104033bfe 0x10409c3f9 0x109891e9e
   9.155 TIGER-SAMPLE pid 0xa31 n 0x21 thread 0x2a03 thread 0x2a03 state-kr 0x0 pc 0x1098467e6 leaf poll+0xa frames: 0x1098467e6 0x104033bfe 0x10409c3f9 0x109891e9e
   9.155 TIGER-SAMPLE pid 0xa31 n 0x21 thread 0x2b03 thread 0x2b03 state-kr 0x0 pc 0x1098467e6 leaf poll+0xa frames: 0x1098467e6 0x104388627 0x1043887ea 0x101f32ba7 0x101f3e971 0x104033bfe 0x10409c3f9 0x109891e9e
   9.155 TIGER-SAMPLE pid 0xa31 n 0x21 thread 0x3003 thread 0x3003 state-kr 0x0 pc 0x109895e22 leaf __semwait_signal+0xa frames: 0x109895e22 0x10409c9d5 0x103fcd562 0x10409fb49 0x10409ec36 0x10409e819 0x104033bfe 0x10409c3f9 0x109891e9e
   9.313 TIGER-SAMPLE pid 0xa2d n 0x23 main 0x117 thread TIGER-SAMPLE pid 0xa300x117 state-kr 0x0 pc  n 0x900098170x20 main 0xd03 thread 0xd03 state-kr 0x0 pc 0x109a95e22 leaf mach_msg_trap+ leaf 0x7__semwait_signal+0xa frames: frames:  0x109a95e220x90009817  0x1042a1327 0x1041d56a20x9082d227  0x1042a43290x9082ca42  0x1042a34a6 0x1042a3089 0x1000464880x92e06878 0x92e05f82  0x92e05dd9 0x9328cf45 0x9328cb37 0x932868c40x100001d0c  0x8af60x100001c21  0x3
   9.313 0x82f2 TIGER-SAMPLE pid 0xa30 n 0x8219 0x5
   9.313 TIGER-SAMPLE pid 0xa2d n 0x23 thread 0x1203 thread 0x1203 state-kr 0x0 pc 0x900098170x20 thread 0xf03 thread 0xf03 state-kr 0x0 pc 0x109adfe4e leaf mach_msg_trap+0x7 frames: 0x90009817 0x2ca6d8 0x90023d67
   9.313  leaf mach_msg_trap+0xa frames: 0x109adfe4e 0x10045c512 TIGER-SAMPLE pid 0xa2d n 0x23 thread 0x3207 thread 0x3207 state-kr 0x00x109a91e9e
   9.313  pc 0x90024407TIGER-SAMPLE pid 0xa30 n 0x20 thread 0x1103 thread 0x1103 state-kr 0x0 pc 0x109a95e22 leaf semaphore_wait_signal_trap+0x7 leaf  frames:__semwait_signal+0xa frames: 0x90024407 0x364de 0x90023d67 
   9.314 0x109a95e22 0x1042a12e5 0x1041d56a2 0x1042a4329 0x1042a34a6 TIGER-SAMPLE pid 0xa2d n 0x23 thread 0x34030x1042a3089  thread 0x10423ab3e0x3403 state-kr  0x0 pc 0x1042a0d09 0x900244070x109a91e9e
   9.314 TIGER-SAMPLE pid 0xa30 n 0x20 thread 0x2303 thread 0x2303 state-kr 0x0 pc 0x109a95e22 leaf semaphore_wait_signal_trap+0x7 frames: 0x90024407 leaf  __semwait_signal+0xa frames:0x364de 0x90023d67
   9.314  0x109a95e22TIGER-SAMPLE pid 0xa2d n  0x230x1042a12e5 0x1041d56a2  thread 0x51030x1042a4329 thread  0x51030x1042a34a6 state-kr  0x1042a3089 0x0 pc 0x900bc3fc0x10423ab3e 0x1042a0d09 0x109a91e9e
   9.314 TIGER-SAMPLE pid 0xa30 n 0x20 thread 0x2403 thread 0x2403 state-kr 0x0 pc 0x109a95e22 leaf poll+0xc frames: 0x900bc3fc  leaf __semwait_signal+0x2cd134 0x313210b 0x319b3210xa 0x90023d67 frames:
   9.314  0x109a95e22 0x1042a12e5 0x1041d56a2 0x1042a4329 TIGER-SAMPLE pid 0x1042a34a6 0x1042a30890xa2d 0x10423ab3e 0x1042a0d09 n 0x23 thread  0x52030x109a91e9e
   9.314  thread 0x5203 state-kr 0x0 pc 0x90024407TIGER-SAMPLE pid 0xa30 n 0x20 thread 0x2503 thread 0x2503 state-kr 0x0 pc 0x109a467e6 leaf semaphore_wait_signal_trap+0x7 frames: 0x90024407 0x364de 0x90023d67
   9.314 TIGER-SAMPLE pid  leaf 0xa2d n poll+0xa0x23 frames: 0x109a467e6  thread0x10423ab3e  0x1042a0d09 0x109a91e9e0x5503
   9.315  thread 0x5503TIGER-SAMPLE pid  state-kr 0xa30 n 0x20 thread 0x26030x0 pc 0x900bc3fc thread 0x2603 state-kr 0x0 pc 0x109a95e22 leaf  leaf poll__semwait_signal++0xc0xa frames: frames: 0x109a95e22  0x900bc3fc 0x1042a12e5 0x1041d56a2 0x2cd1340x1042a4329 0x1042a34a6  0x1042a3089 0x10423ab3e0x313210b 0x1042a0d09 0x109a91e9e 0x319b321 
   9.315 0x90023d67
   9.315 TIGER-SAMPLE pid 0xa30 n 0x20 threadTIGER-SAMPLE pid 0xa2d n 0x23 thread 0x5603  thread 0x56030x2703 state-kr 0x0 pc 0x90024407 thread 0x2703 state-kr 0x0 pc 0x109a467e6 leaf poll+0xa frames: 0x109a467e6 0x10423ab3e  leaf 0x1042a0d09 0x109a91e9esemaphore_wait_signal_trap
   9.315 +0x7 frames: 0x90024407TIGER-SAMPLE pid 0xa30 n  0x364de 0x90023d67
   9.315 0x20 thread 0x2807 thread 0x2807 state-kr 0x0 pc 0x109a95e22 leaf __semwait_signal+0xa frames: 0x109a95e22 0x1042a12e5 0x1041d56a2 0x1042a4329 0x1042a34a6 0x1042a3089 0x10423ab3e 0x1042a0d09 0x109a91e9e
   9.315 TIGER-SAMPLE pid 0xa30 n 0x20 thread 0x2903 thread 0x2903 state-kr 0x0 pc 0x109a95e22 leaf __semwait_signal+0xa frames: 0x109a95e22 0x1042a12e5 0x1041d56a2 0x1042a4329 0x1042a34a6 0x1042a3089 0x10423ab3e 0x1042a0d09 0x109a91e9e
   9.315 TIGER-SAMPLE pid 0xa30 n 0x20 thread 0x2a03 thread 0x2a03 state-kr 0x0 pc 0x109a95e22 leaf __semwait_signal+0xa frames: 0x109a95e22 0x1042a12e5 0x1041d56a2 0x1042a4329 0x1042a34a6 0x1042a3089 0x10423ab3e 0x1042a0d09 0x109a91e9e
   9.316 TIGER-SAMPLE pid TIGER-SAMPLE pid 0xa2d0xa30 n  n 0x200x23 thread 0x2b03 thread  thread 0x5c07 thread 0x2b03 state-kr 0x5c070x0 pc 0x109a46712 state-kr 0x0 pc 0x900050db leaf recvmsg+0xa frames: 0x109a46712 0x10045e43e 0x10423ab3e 0x1042a0d09 0x109a91e9e
   9.316  leaf freeTIGER-SAMPLE pid +0xa30 n 0x20 thread 0x2c030x2eb frames: thread 0x2c03 state-kr 0x0 0x900050db pc  0x2cc149 0x2cc6bb 0x2cd1340x109a95e22 0x313210b 0x319b321 0x90023d67
   9.316 TIGER-SAMPLE pid 0xa2d n 0x23 leaf __semwait_signal+0xa thread 0x5e07 thread 0x5e07 state-kr 0x0 pc 0x90024407 frames: 0x109a95e22 0x1042a12e5 0x1041d56a2 0x1042a4329 0x1042a34a6 0x1042a3089 0x10423ab3e 0x1042a0d09 0x109a91e9e
   9.316  leaf semaphore_wait_signal_trap+0x7 frames: 0x90024407 0x915a96ab 0x915c3ddc 0x90023d67
   9.316 TIGER-SAMPLE pid 0xa30 n 0x20 thread 0x2d03 thread 0x2d03 state-kr 0x0 pc 0x109a46712 leaf recvmsg+0xa frames: 0x109a46712 0x10045e43e 0x10423ab3e 0x1042a0d09 0x109a91e9e
   9.316 TIGER-SAMPLE pid 0xa30 n 0x20 thread 0x4103 thread 0x4103 state-kr 0x0 pc 0x109a95e22 leaf __semwait_signal+0xa frames: 0x109a95e22 0x1042a1327 0x1041d56a2 0x1041b2277 0x10423ab3e 0x1042a0d09 0x109a91e9e
   9.317 TIGER-SAMPLE pid 0xa30 n 0x20 thread 0x4203 thread 0x4203 state-kr 0x0 pc 0x109a95e22 leaf __semwait_signal+0xa frames: 0x109a95e22 0x1042a1327 0x1041d56a2 0x1041b2277 0x10423ab3e 0x1042a0d09 0x109a91e9e
   9.405 TIGER-SAMPLE pid 0xa31 n 0x22 main 0xd03 thread 0xd03 state-kr 0x0 pc 0x109895e22 leaf __semwait_signal+0xa frames: 0x109895e22 0x10409c9d5 0x103fcd562 0x10409fb49 0x10409ec36 0x10409e819 0x10004a16b 0x10000154c 0x100001461 0x3
   9.405 TIGER-SAMPLE pid 0xa31 n 0x22 thread 0xf03 thread 0xf03 state-kr 0x0 pc 0x1098dfe4e leaf mach_msg_trap+0xa frames: 0x1098dfe4e 0x100327902 0x109891e9e
   9.405 TIGER-SAMPLE pid 0xa31 n 0x22 thread 0x1103 thread 0x1103 state-kr 0x0 pc 0x109895e22 leaf __semwait_signal+0xa frames: 0x109895e22 0x10409c9d5 0x103fcd562 0x10409fb49 0x10409ec36 0x10409e819 0x104033bfe 0x10409c3f9 0x109891e9e
   9.405 TIGER-SAMPLE pid 0xa31 n 0x22 thread 0x2303 thread 0x2303 state-kr 0x0 pc 0x1098467e6 leaf poll+0xa frames: 0x1098467e6 0x104033bfe 0x10409c3f9 0x109891e9e
   9.406 TIGER-SAMPLE pid 0xa31 n 0x22 thread 0x2407 thread 0x2407 state-kr 0x0 pc 0x109895e22 leaf __semwait_signal+0xa frames: 0x109895e22 0x10409c9d5 0x103fcd562 0x10409fb49 0x10409ec36 0x10409e819 0x104033bfe 0x10409c3f9 0x109891e9e
   9.406 TIGER-SAMPLE pid 0xa31 n 0x22 thread 0x2503 thread 0x2503 state-kr 0x0 pc 0x109895e22 leaf __semwait_signal+0xa frames: 0x109895e22 0x10409c9d5 0x103fcd562 0x10409fb49 0x10409ec36 0x10409e819 0x104033bfe 0x10409c3f9 0x109891e9e
   9.406 TIGER-SAMPLE pid 0xa31 n 0x22 thread 0x2603 thread 0x2603 state-kr 0x0 pc 0x109895e22 leaf __semwait_signal+0xa frames: 0x109895e22 0x10409c9d5 0x103fcd562 0x10409fb49 0x10409ec36 0x10409e819 0x104033bfe 0x10409c3f9 0x109891e9e
   9.406 TIGER-SAMPLE pid 0xa31 n 0x22 thread 0x2703 thread 0x2703 state-kr 0x0 pc 0x109895e22 leaf __semwait_signal+0xa frames: 0x109895e22 0x10409c9d5 0x103fcd562 0x10409fb49 0x10409ec36 0x10409e819 0x104033bfe 0x10409c3f9 0x109891e9e
   9.407 TIGER-SAMPLE pid 0xa31 n 0x22 thread 0x2903 thread 0x2903 state-kr 0x0 pc 0x109895e22 leaf __semwait_signal+0xa frames: 0x109895e22 0x10409c9d5 0x103fcd562 0x10409fb49 0x10409ec36 0x10409e819 0x104033bfe 0x10409c3f9 0x109891e9e
   9.407 TIGER-SAMPLE pid 0xa31 n 0x22 thread 0x2a03 thread 0x2a03 state-kr 0x0 pc 0x1098467e6 leaf poll+0xa frames: 0x1098467e6 0x104033bfe 0x10409c3f9 0x109891e9e
   9.407 TIGER-SAMPLE pid 0xa31 n 0x22 thread 0x2b03 thread 0x2b03 state-kr 0x0 pc 0x1098467e6 leaf poll+0xa frames: 0x1098467e6 0x104388627 0x1043887ea 0x101f32ba7 0x101f3e971 0x104033bfe 0x10409c3f9 0x109891e9e
   9.407 TIGER-SAMPLE pid 0xa31 n 0x22 thread 0x3003 thread 0x3003 state-kr 0x0 pc 0x109895e22 leaf __semwait_signal+0xa frames: 0x109895e22 0x10409c9d5 0x103fcd562 0x10409fb49 0x10409ec36 0x10409e819 0x104033bfe 0x10409c3f9 0x109891e9e
   9.566 TIGER-SAMPLE pid 0xa2d n 0x24 main 0x117 thread 0x117 state-kr 0x0 pc 0x90009817 leaf mach_msg_trap+0x7 frames: 0x90009817 0x9082d227 0x9082ca42 0x92e06878 0x92e05f82 0x92e05dd9 0x9328cf45 0x9328cb37 0x932868c4 0x8af6 0x82f2 0x8219 0x5
   9.567 TIGER-SAMPLE pid 0xa2d n 0x24 thread 0x1203 thread 0x1203 state-kr 0x0 pc 0x90009817 leaf mach_msg_trap+0x7 frames: 0x90009817 0x2ca6d8 0x90023d67
   9.567 TIGER-SAMPLE pid 0xa2d n 0x24 thread 0x3207 thread 0x3207 state-kr 0x0 pc 0x90024407TIGER-SAMPLE pid 0xa30 n 0x21 main 0xd03 thread 0xd03 state-kr 0x0 pc 0x109a95e22 leaf semaphore_wait_signal_trap+0x7 frames: 0x90024407 0x364de  leaf __semwait_signal+0xa0x90023d67 frames: 
   9.567 0x109a95e22 0x1042a1327 0x1041d56a2 0x1042a4329 0x1042a34a6 0x1042a3089 TIGER-SAMPLE pid 0x100046488 0x100001d0c0xa2d 0x100001c21 n  0x3
   9.567 0x24 thread TIGER-SAMPLE pid 0xa300x3403 n 0x21 thread 0xf03 thread 0x3403 thread  state-kr 0xf03 state-kr 0x00x0 pc 0x109adfe4e pc 0x90024407 leaf mach_msg_trap+0xa frames: 0x109adfe4e 0x10045c512 0x109a91e9e
   9.567 TIGER-SAMPLE pid  leaf semaphore_wait_signal_trap+0x7 frames: 0x90024407 0x364de 0x90023d67
   9.568 TIGER-SAMPLE pid 0xa2d n 0x24 thread 0x5103 thread 0x5103 state-kr 0x0 pc 0x900bc3fc0xa30 n 0x21 thread 0x1103 thread 0x1103 state-kr 0x0 pc 0x109a95e22 leaf poll+0xc leaf __semwait_signal+ frames: 0x900bc3fc0xa frames: 0x109a95e22  0x2cd134 0x1042a12e5 0x313210b0x1041d56a2  0x1042a4329 0x1042a34a60x319b321 0x1042a3089  0x10423ab3e0x90023d67 0x1042a0d09 0x109a91e9e
   9.568 
   9.568 TIGER-SAMPLE pid 0xa30 n 0x21 thread 0x2303TIGER-SAMPLE pid  thread 0xa2d0x2303 state-kr  n 0x0 pc 0x109a95e220x24 thread 0x5203 thread 0x5203 state-kr 0x0 pc 0x90024407 leaf __semwait_signal+0xa frames: 0x109a95e22 0x1042a12e5 0x1041d56a2 0x1042a4329 0x1042a34a6 0x1042a3089 0x10423ab3e 0x1042a0d09 0x109a91e9e
   9.568 TIGER-SAMPLE pid 0xa30 n 0x21 thread  leaf 0x2403semaphore_wait_signal_trap+ thread 0x2403 state-kr 0x00x7 frames: 0x90024407 0x364de  pc 0x90023d67
   9.568 TIGER-SAMPLE pid 0xa2d0x109a95e22 n 0x24 thread 0x5503 thread 0x5503 state-kr 0x0 pc 0x900bc3fc leaf __semwait_signal+0xa frames: 0x109a95e22 0x1042a12e5 0x1041d56a2 0x1042a4329 0x1042a34a6 0x1042a3089 0x10423ab3e 0x1042a0d09 0x109a91e9e
   9.568 TIGER-SAMPLE pid 0xa30 n 0x21 thread 0x2503 thread 0x2503 state-kr  leaf 0x0 pc poll0x109a467e6+0xc frames: 0x900bc3fc 0x2cd134 0x313210b 0x319b321 0x90023d67
   9.568  leaf poll+0xa frames: 0x109a467e6TIGER-SAMPLE pid  0x10423ab3e 0x1042a0d090xa2d n 0x24 thread 0x5603 thread  0x5603 state-kr 0x0 pc 0x109a91e9e0x90024407
   9.568 TIGER-SAMPLE pid 0xa30 n 0x21 thread 0x2603 thread 0x2603 state-kr 0x0 pc 0x109a95e22 leaf semaphore_wait_signal_trap+0x7 frames: 0x90024407 leaf __semwait_signal+0xa frames: 0x109a95e22 0x1042a12e5 0x1041d56a2 0x1042a4329 0x1042a34a6 0x1042a3089 0x10423ab3e 0x1042a0d09 0x109a91e9e
   9.568  0x364de 0x90023d67
   9.569 TIGER-SAMPLE pid 0xa30 n 0x21 thread TIGER-SAMPLE pid 0x27030xa2d n 0x24 thread  thread0x2703 0x5c07 state-kr 0x0 pc  thread 0x109a467e60x5c07 state-kr 0x0 pc 0x900265fc leaf poll+0xa frames: 0x109a467e6 0x10423ab3e 0x1042a0d09 0x109a91e9e
   9.569 TIGER-SAMPLE pid 0xa30 leaf  n 0x21 thread recvmsg+0xc frames:0x2807 0x900265fc 0x2cc6bb  thread 0x2807 state-kr 0x00x2cd134 pc  0x109a95e220x313210b 0x319b321 0x90023d67
   9.569 TIGER-SAMPLE pid 0xa2d n 0x24 thread  leaf 0x5e07__semwait_signal+0xa frames:  thread 0x109a95e22 0x5e070x1042a12e5 state-kr 0x0 pc 0x90024407 0x1041d56a2 0x1042a4329 0x1042a34a6 0x1042a3089 0x10423ab3e 0x1042a0d09 0x109a91e9e
   9.569 TIGER-SAMPLE pid 0xa30 n 0x21 thread leaf  0x2903 thread 0x2903semaphore_wait_signal_trap state-kr 0x0+ pc 0x109a95e220x7 frames: 0x90024407 0x915a96ab 0x915c3ddc 0x90023d67
   9.569  leaf __semwait_signal+0xa frames: 0x109a95e22 0x1042a12e5 0x1041d56a2 0x1042a4329 0x1042a34a6 0x1042a3089 0x10423ab3e 0x1042a0d09 0x109a91e9e
   9.569 TIGER-SAMPLE pid 0xa30 n 0x21 thread 0x2a03 thread 0x2a03 state-kr 0x0 pc 0x109a95e22 leaf __semwait_signal+0xa frames: 0x109a95e22 0x1042a12e5 0x1041d56a2 0x1042a4329 0x1042a34a6 0x1042a3089 0x10423ab3e 0x1042a0d09 0x109a91e9e
   9.569 TIGER-SAMPLE pid 0xa30 n 0x21 thread 0x2b03 thread 0x2b03 state-kr 0x0 pc 0x109adb2a0 leaf free+0x1 frames: 0x109adb2a0 0x10045e43e 0x10423ab3e 0x1042a0d09 0x109a91e9e
   9.570 TIGER-SAMPLE pid 0xa30 n 0x21 thread 0x2c03 thread 0x2c03 state-kr 0x0 pc 0x109a95e22 leaf __semwait_signal+0xa frames: 0x109a95e22 0x1042a12e5 0x1041d56a2 0x1042a4329 0x1042a34a6 0x1042a3089 0x10423ab3e 0x1042a0d09 0x109a91e9e
   9.570 TIGER-SAMPLE pid 0xa30 n 0x21 thread 0x2d03 thread 0x2d03 state-kr 0x0 pc 0x109a46712 leaf recvmsg+0xa frames: 0x109a46712 0x10045e43e 0x10423ab3e 0x1042a0d09 0x109a91e9e
   9.570 TIGER-SAMPLE pid 0xa30 n 0x21 thread 0x4103 thread 0x4103 state-kr 0x0 pc 0x109a95e22 leaf __semwait_signal+0xa frames: 0x109a95e22 0x1042a1327 0x1041d56a2 0x1041b2277 0x10423ab3e 0x1042a0d09 0x109a91e9e
   9.570 TIGER-SAMPLE pid 0xa30 n 0x21 thread 0x4203 thread 0x4203 state-kr 0x0 pc 0x109a95e22 leaf __semwait_signal+0xa frames: 0x109a95e22 0x1042a1327 0x1041d56a2 0x1041b2277 0x10423ab3e 0x1042a0d09 0x109a91e9e
   9.658 TIGER-SAMPLE pid 0xa31 n 0x23 main 0xd03 thread 0xd03 state-kr 0x0 pc 0x109895e22 leaf __semwait_signal+0xa frames: 0x109895e22 0x10409c9d5 0x103fcd562 0x10409fb49 0x10409ec36 0x10409e819 0x10004a16b 0x10000154c 0x100001461 0x3
   9.658 TIGER-SAMPLE pid 0xa31 n 0x23 thread 0xf03 thread 0xf03 state-kr 0x0 pc 0x1098dfe4e leaf mach_msg_trap+0xa frames: 0x1098dfe4e 0x100327902 0x109891e9e
   9.658 TIGER-SAMPLE pid 0xa31 n 0x23 thread 0x1103 thread 0x1103 state-kr 0x0 pc 0x109895e22 leaf __semwait_signal+0xa frames: 0x109895e22 0x10409c9d5 0x103fcd562 0x10409fb49 0x10409ec36 0x10409e819 0x104033bfe 0x10409c3f9 0x109891e9e
   9.658 TIGER-SAMPLE pid 0xa31 n 0x23 thread 0x2303 thread 0x2303 state-kr 0x0 pc 0x1098467e6 leaf poll+0xa frames: 0x1098467e6 0x104033bfe 0x10409c3f9 0x109891e9e
   9.658 TIGER-SAMPLE pid 0xa31 n 0x23 thread 0x2407 thread 0x2407 state-kr 0x0 pc 0x109895e22 leaf __semwait_signal+0xa frames: 0x109895e22 0x10409c9d5 0x103fcd562 0x10409fb49 0x10409ec36 0x10409e819 0x104033bfe 0x10409c3f9 0x109891e9e
   9.659 TIGER-SAMPLE pid 0xa31 n 0x23 thread 0x2503 thread 0x2503 state-kr 0x0 pc 0x109895e22 leaf __semwait_signal+0xa frames: 0x109895e22 0x10409c9d5 0x103fcd562 0x10409fb49 0x10409ec36 0x10409e819 0x104033bfe 0x10409c3f9 0x109891e9e
   9.659 TIGER-SAMPLE pid 0xa31 n 0x23 thread 0x2603 thread 0x2603 state-kr 0x0 pc 0x109895e22 leaf __semwait_signal+0xa frames: 0x109895e22 0x10409c9d5 0x103fcd562 0x10409fb49 0x10409ec36 0x10409e819 0x104033bfe 0x10409c3f9 0x109891e9e
   9.659 TIGER-SAMPLE pid 0xa31 n 0x23 thread 0x2703 thread 0x2703 state-kr 0x0 pc 0x109895e22 leaf __semwait_signal+0xa frames: 0x109895e22 0x10409c9d5 0x103fcd562 0x10409fb49 0x10409ec36 0x10409e819 0x104033bfe 0x10409c3f9 0x109891e9e
   9.659 TIGER-SAMPLE pid 0xa31 n 0x23 thread 0x2903 thread 0x2903 state-kr 0x0 pc 0x109895e22 leaf __semwait_signal+0xa frames: 0x109895e22 0x10409c9d5 0x103fcd562 0x10409fb49 0x10409ec36 0x10409e819 0x104033bfe 0x10409c3f9 0x109891e9e
   9.660 TIGER-SAMPLE pid 0xa31 n 0x23 thread 0x2a03 thread 0x2a03 state-kr 0x0 pc 0x1098467e6 leaf poll+0xa frames: 0x1098467e6 0x104033bfe 0x10409c3f9 0x109891e9e
   9.660 TIGER-SAMPLE pid 0xa31 n 0x23 thread 0x2b03 thread 0x2b03 state-kr 0x0 pc 0x1098467e6 leaf poll+0xa frames: 0x1098467e6 0x104388627 0x1043887ea 0x101f32ba7 0x101f3e971 0x104033bfe 0x10409c3f9 0x109891e9e
   9.660 TIGER-SAMPLE pid 0xa31 n 0x23 thread 0x3003 thread 0x3003 state-kr 0x0 pc 0x109895e22 leaf __semwait_signal+0xa frames: 0x109895e22 0x10409c9d5 0x103fcd562 0x10409fb49 0x10409ec36 0x10409e819 0x104033bfe 0x10409c3f9 0x109891e9e
   9.819 TIGER-SAMPLE pid 0xa2d n 0x25 main 0x117 thread 0x117 state-kr 0x0 pc 0x90009817 leaf mach_msg_trap+0x7 frames: 0x90009817 0x9082d227 0x9082ca42 0x92e06878 0x92e05f82 0x92e05dd9 0x9328cf45 0x9328cb37 0x932868c4 0x8af6 0x82f2 0x8219 0x5
   9.820 TIGER-SAMPLE pid 0xa2d n 0x25 thread 0x1203 thread 0x1203 state-kr 0x0 pc 0x90009817 leaf mach_msg_trap+0x7 frames: 0x90009817 0x2ca6d8 0x90023d67
   9.820 TIGER-SAMPLE pid 0xa2d n 0x25 thread 0x3207 thread 0x3207 state-kr 0x0 pc 0x90024407 leaf semaphore_wait_signal_trap+0x7 frames: 0x90024407 0x364de 0x90023d67
   9.820 TIGER-SAMPLE pid 0xa2d n 0x25 thread 0x3403 thread 0x3403 state-kr 0x0 pc 0x90024407 leaf semaphore_wait_signal_trap+0x7 frames: 0x90024407 0x364de 0x90023d67
   9.820 TIGER-SAMPLE pid 0xa2d n 0x25 thread 0x5103 thread 0x5103 state-kr 0x0 pc 0x900bc3fc leaf poll+0xc frames: 0x900bc3fc 0x2cd134 0x313210b 0x319b321 0x90023d67
   9.821 TIGER-SAMPLE pid 0xa2d n 0x25 thread 0x5203 thread 0x5203 state-kr 0x0 pc 0x90024407 leaf semaphore_wait_signal_trap+0x7 frames: 0x90024407 0x364de 0x90023d67
   9.821 TIGER-SAMPLE pid 0xa30 n 0x22 main TIGER-SAMPLE pid 0xa2d n 0x25 thread 0x5503 thread 0x5503 state-kr 0xd030x0 thread 0xd03 state-kr  pc 0x900bc3fc0x0 pc 0x109a95e22 leaf __semwait_signal+0xa frames: 0x109a95e22 0x1042a1327 0x1041d56a2 0x1042a4329 0x1042a34a6 leaf  poll+0x1042a30890xc 0x100046488 frames: 0x100001d0c  0x900bc3fc 0x2cd134 0x313210b0x100001c21 0x3
   9.821  0x319b321 0x90023d67TIGER-SAMPLE pid 
   9.821 0xa30 n 0x22 thread 0xf03 thread 0xf03 state-kr 0x0 pc TIGER-SAMPLE pid 0xa2d n 0x25 thread 0x5603 thread 0x5603 state-kr 0x0 pc 0x109adfe4e0x90024407 leaf mach_msg_trap+0xa frames: 0x109adfe4e 0x10045c512 0x109a91e9e
   9.821  leaf semaphore_wait_signal_trapTIGER-SAMPLE pid +0xa30 n 0x220x7 frames: 0x90024407 0x364de  thread0x90023d67 0x1103
   9.821  thread 0x1103 state-kr 0x0 pc 0x109a95e22TIGER-SAMPLE pid  leaf 0xa2d__semwait_signal+0xa frames:  n 0x109a95e220x25 thread  0x1042a12e5 0x5c070x1041d56a2 0x1042a4329 0x1042a34a6 0x1042a3089  thread 0x10423ab3e0x5c07  state-kr 0x1042a0d090x0 0x109a91e9e pc 
   9.822 0x900265fcTIGER-SAMPLE pid 0xa30 n 0x22 thread 0x2303 thread 0x2303 state-kr 0x0 pc 0x109a95e22 leaf recvmsg+0xc frames: leaf __semwait_signal 0x900265fc 0x2cc6bb +0x2cd1340xa frames:  0x109a95e22 0x313210b0x1042a12e5 0x1041d56a2 0x319b321 0x90023d67
   9.822 TIGER-SAMPLE pid  0xa2d n 0x1042a43290x25 0x1042a34a6 thread 0x1042a3089 0x10423ab3e  0x5e07 thread 0x1042a0d090x5e07  state-kr 0x109a91e9e0x0 pc 
   9.822 0x90024407TIGER-SAMPLE pid 0xa30 n 0x22 thread 0x2403 thread 0x2403 state-kr 0x0 pc 0x109a95e22 leaf semaphore_wait_signal_trap+0x7 leaf __semwait_signal+0xa frames: 0x90024407 0x915a96ab 0x915c3ddc 0x90023d67 frames:
   9.822  0x109a95e22 0x1042a12e5 0x1041d56a2 0x1042a4329 0x1042a34a6 0x1042a3089 0x10423ab3e 0x1042a0d09 0x109a91e9e
   9.822 TIGER-SAMPLE pid 0xa30 n 0x22 thread 0x2503 thread 0x2503 state-kr 0x0 pc 0x109a467e6 leaf poll+0xa frames: 0x109a467e6 0x10423ab3e 0x1042a0d09 0x109a91e9e
   9.822 TIGER-SAMPLE pid 0xa30 n 0x22 thread 0x2603 thread 0x2603 state-kr 0x0 pc 0x109a95e22 leaf __semwait_signal+0xa frames: 0x109a95e22 0x1042a12e5 0x1041d56a2 0x1042a4329 0x1042a34a6 0x1042a3089 0x10423ab3e 0x1042a0d09 0x109a91e9e
   9.823 TIGER-SAMPLE pid 0xa30 n 0x22 thread 0x2703 thread 0x2703 state-kr 0x0 pc 0x109a467e6 leaf poll+0xa frames: 0x109a467e6 0x10423ab3e 0x1042a0d09 0x109a91e9e
   9.823 TIGER-SAMPLE pid 0xa30 n 0x22 thread 0x2807 thread 0x2807 state-kr 0x0 pc 0x109a95e22 leaf __semwait_signal+0xa frames: 0x109a95e22 0x1042a12e5 0x1041d56a2 0x1042a4329 0x1042a34a6 0x1042a3089 0x10423ab3e 0x1042a0d09 0x109a91e9e
   9.823 TIGER-SAMPLE pid 0xa30 n 0x22 thread 0x2903 thread 0x2903 state-kr 0x0 pc 0x109a95e22 leaf __semwait_signal+0xa frames: 0x109a95e22 0x1042a12e5 0x1041d56a2 0x1042a4329 0x1042a34a6 0x1042a3089 0x10423ab3e 0x1042a0d09 0x109a91e9e
   9.823 TIGER-SAMPLE pid 0xa30 n 0x22 thread 0x2a03 thread 0x2a03 state-kr 0x0 pc 0x109a95e22 leaf __semwait_signal+0xa frames: 0x109a95e22 0x1042a12e5 0x1041d56a2 0x1042a4329 0x1042a34a6 0x1042a3089 0x10423ab3e 0x1042a0d09 0x109a91e9e
   9.824 TIGER-SAMPLE pid 0xa30 n 0x22 thread 0x2b03 thread 0x2b03 state-kr 0x0 pc 0x109a46712 leaf recvmsg+0xa frames: 0x109a46712 0x10045e43e 0x10423ab3e 0x1042a0d09 0x109a91e9e
   9.824 TIGER-SAMPLE pid 0xa30 n 0x22 thread 0x2c03 thread 0x2c03 state-kr 0x0 pc 0x109a95e22 leaf __semwait_signal+0xa frames: 0x109a95e22 0x1042a12e5 0x1041d56a2 0x1042a4329 0x1042a34a6 0x1042a3089 0x10423ab3e 0x1042a0d09 0x109a91e9e
   9.824 TIGER-SAMPLE pid 0xa30 n 0x22 thread 0x2d03 thread 0x2d03 state-kr 0x0 pc 0x109adc948 leaf _spin_lock+0x0 frames: 0x109adc948 0x10045df8e 0x10045e43e 0x10423ab3e 0x1042a0d09 0x109a91e9e
   9.824 TIGER-SAMPLE pid 0xa30 n 0x22 thread 0x4103 thread 0x4103 state-kr 0x0 pc 0x109a95e22 leaf __semwait_signal+0xa frames: 0x109a95e22 0x1042a1327 0x1041d56a2 0x1041b2277 0x10423ab3e 0x1042a0d09 0x109a91e9e
   9.824 TIGER-SAMPLE pid 0xa30 n 0x22 thread 0x4203 thread 0x4203 state-kr 0x0 pc 0x109a95e22 leaf __semwait_signal+0xa frames: 0x109a95e22 0x1042a1327 0x1041d56a2 0x1041b2277 0x10423ab3e 0x1042a0d09 0x109a91e9e
   9.910 TIGER-SAMPLE pid 0xa31 n 0x24 main 0xd03 thread 0xd03 state-kr 0x0 pc 0x109895e22 leaf __semwait_signal+0xa frames: 0x109895e22 0x10409c9d5 0x103fcd562 0x10409fb49 0x10409ec36 0x10409e819 0x10004a16b 0x10000154c 0x100001461 0x3
   9.910 TIGER-SAMPLE pid 0xa31 n 0x24 thread 0xf03 thread 0xf03 state-kr 0x0 pc 0x1098dfe4e leaf mach_msg_trap+0xa frames: 0x1098dfe4e 0x100327902 0x109891e9e
   9.911 TIGER-SAMPLE pid 0xa31 n 0x24 thread 0x1103 thread 0x1103 state-kr 0x0 pc 0x109895e22 leaf __semwait_signal+0xa frames: 0x109895e22 0x10409c9d5 0x103fcd562 0x10409fb49 0x10409ec36 0x10409e819 0x104033bfe 0x10409c3f9 0x109891e9e
   9.911 TIGER-SAMPLE pid 0xa31 n 0x24 thread 0x2303 thread 0x2303 state-kr 0x0 pc 0x1098467e6 leaf poll+0xa frames: 0x1098467e6 0x104033bfe 0x10409c3f9 0x109891e9e
   9.911 TIGER-SAMPLE pid 0xa31 n 0x24 thread 0x2407 thread 0x2407 state-kr 0x0 pc 0x109895e22 leaf __semwait_signal+0xa frames: 0x109895e22 0x10409c9d5 0x103fcd562 0x10409fb49 0x10409ec36 0x10409e819 0x104033bfe 0x10409c3f9 0x109891e9e
   9.911 TIGER-SAMPLE pid 0xa31 n 0x24 thread 0x2503 thread 0x2503 state-kr 0x0 pc 0x109895e22 leaf __semwait_signal+0xa frames: 0x109895e22 0x10409c9d5 0x103fcd562 0x10409fb49 0x10409ec36 0x10409e819 0x104033bfe 0x10409c3f9 0x109891e9e
   9.912 TIGER-SAMPLE pid 0xa31 n 0x24 thread 0x2603 thread 0x2603 state-kr 0x0 pc 0x109895e22 leaf __semwait_signal+0xa frames: 0x109895e22 0x10409c9d5 0x103fcd562 0x10409fb49 0x10409ec36 0x10409e819 0x104033bfe 0x10409c3f9 0x109891e9e
   9.912 TIGER-SAMPLE pid 0xa31 n 0x24 thread 0x2703 thread 0x2703 state-kr 0x0 pc 0x109895e22 leaf __semwait_signal+0xa frames: 0x109895e22 0x10409c9d5 0x103fcd562 0x10409fb49 0x10409ec36 0x10409e819 0x104033bfe 0x10409c3f9 0x109891e9e
   9.912 TIGER-SAMPLE pid 0xa31 n 0x24 thread 0x2903 thread 0x2903 state-kr 0x0 pc 0x109895e22 leaf __semwait_signal+0xa frames: 0x109895e22 0x10409c9d5 0x103fcd562 0x10409fb49 0x10409ec36 0x10409e819 0x104033bfe 0x10409c3f9 0x109891e9e
   9.912 TIGER-SAMPLE pid 0xa31 n 0x24 thread 0x2a03 thread 0x2a03 state-kr 0x0 pc 0x1098467e6 leaf poll+0xa frames: 0x1098467e6 0x104033bfe 0x10409c3f9 0x109891e9e
   9.912 TIGER-SAMPLE pid 0xa31 n 0x24 thread 0x2b03 thread 0x2b03 state-kr 0x0 pc 0x1098467e6 leaf poll+0xa frames: 0x1098467e6 0x104388627 0x1043887ea 0x101f32ba7 0x101f3e971 0x104033bfe 0x10409c3f9 0x109891e9e
   9.913 TIGER-SAMPLE pid 0xa31 n 0x24 thread 0x3003 thread 0x3003 state-kr 0x0 pc 0x109895e22 leaf __semwait_signal+0xa frames: 0x109895e22 0x10409c9d5 0x103fcd562 0x10409fb49 0x10409ec36 0x10409e819 0x104033bfe 0x10409c3f9 0x109891e9e
  10.072 TIGER-SAMPLE pid 0xa2d n 0x26 main 0x117 thread 0x117 state-kr 0x0 pc 0x90009817 leaf mach_msg_trap+0x7 frames: 0x90009817 0x9082d227 0x9082ca42 0x92e06878 0x92e05f82 0x92e05dd9 0x9328cf45 0x9328cb37 0x932868c4 0x8af6 0x82f2 0x8219 0x5
  10.073 TIGER-SAMPLE pid 0xa2d n 0x26 thread 0x1203 thread 0x1203 state-kr 0x0 pc 0x90009817 leaf mach_msg_trap+0x7 frames: 0x90009817 0x2ca6d8 0x90023d67
  10.073 TIGER-SAMPLE pid 0xa2d n 0x26 thread 0x3207 thread 0x3207 state-kr 0x0 pc 0x90024407 leaf semaphore_wait_signal_trap+0x7 frames: 0x90024407 0x364de 0x90023d67
  10.073 TIGER-SAMPLE pid 0xa2d n 0x26 thread 0x3403 thread 0x3403 state-kr 0x0 pc 0x90024407 leaf semaphore_wait_signal_trap+0x7 frames: 0x90024407 0x364de 0x90023d67
  10.073 TIGER-SAMPLE pid 0xa2d n 0x26 thread 0x5103 thread 0x5103 state-kr 0x0 pc 0x900bc3fc leaf poll+0xc frames: 0x900bc3fc 0x2cd134 0x313210b 0x319b321 0x90023d67
  10.074 TIGER-SAMPLE pid 0xa2d n 0x26 thread 0x5203 thread 0x5203 state-kr 0x0 pc 0x90024407 leaf semaphore_wait_signal_trap+0x7 frames: 0x90024407 0x364de 0x90023d67
  10.074 TIGER-SAMPLE pid 0xa2d n 0x26 thread 0x5503 thread 0x5503 state-kr 0x0 pc 0x900bc3fc leaf poll+0xc frames: 0x900bc3fc 0x2cd134 0x313210b 0x319b321 0x90023d67
  10.074 TIGER-SAMPLE pid 0xa2d n 0x26 thread 0x5603 thread 0x5603 state-kr 0x0 pc 0x90024407 leaf semaphore_wait_signal_trap+0x7 frames: 0x90024407 0x364de 0x90023d67
  10.075 TIGER-SAMPLE pid 0xa30 n 0x23 main 0xd03 thread 0xd03 state-kr 0x0 pc 0x109a95e22 leaf __semwait_signal+0xa frames:TIGER-SAMPLE pid  0x109a95e22 0xa2d0x1042a1327 0x1041d56a2 0x1042a4329 n  0x26 thread0x1042a34a6  0x1042a3089 0x5c070x100046488 0x100001d0c 0x100001c21 0x3
  10.075  thread 0x5c07 state-kr 0x0 pc 0xffff0665TIGER-SAMPLE pid 0xa30 n  frames: 0x230xffff0665 thread 0xf03  thread 0xf03 state-kr 0x0 pc 0x90007ce2 0x900075bb 0x109adfe4e0x310b193 0x2cbe89 0x2cc6bb 0x2cd134 0x313210b 0x319b321 0x90023d67
  10.075  leaf mach_msg_trap+0xa frames: 0x109adfe4e 0x10045c512 TIGER-SAMPLE pid 0xa2d n 0x26 thread 0x5e07 thread 0x5e07 state-kr 0x00x109a91e9e pc 0x90024407
  10.075 TIGER-SAMPLE pid 0xa30 n 0x23 thread 0x1103 thread 0x1103 state-kr 0x0 pc 0x109a95e22 leaf semaphore_wait_signal_trap+0x7 frames: 0x90024407 0x915a96ab 0x915c3ddc 0x90023d67
  10.075  leaf __semwait_signal+0xa frames: 0x109a95e22 0x1042a12e5 0x1041d56a2 0x1042a4329 0x1042a34a6 0x1042a3089 0x10423ab3e 0x1042a0d09 0x109a91e9e
  10.075 TIGER-SAMPLE pid 0xa30 n 0x23 thread 0x2303 thread 0x2303 state-kr 0x0 pc 0x109a95e22 leaf __semwait_signal+0xa frames: 0x109a95e22 0x1042a12e5 0x1041d56a2 0x1042a4329 0x1042a34a6 0x1042a3089 0x10423ab3e 0x1042a0d09 0x109a91e9e
  10.076 TIGER-SAMPLE pid 0xa30 n 0x23 thread 0x2403 thread 0x2403 state-kr 0x0 pc 0x109a95e22 leaf __semwait_signal+0xa frames: 0x109a95e22 0x1042a12e5 0x1041d56a2 0x1042a4329 0x1042a34a6 0x1042a3089 0x10423ab3e 0x1042a0d09 0x109a91e9e
  10.076 TIGER-SAMPLE pid 0xa30 n 0x23 thread 0x2503 thread 0x2503 state-kr 0x0 pc 0x109a467e6 leaf poll+0xa frames: 0x109a467e6 0x10423ab3e 0x1042a0d09 0x109a91e9e
  10.076 TIGER-SAMPLE pid 0xa30 n 0x23 thread 0x2603 thread 0x2603 state-kr 0x0 pc 0x109a95e22 leaf __semwait_signal+0xa frames: 0x109a95e22 0x1042a12e5 0x1041d56a2 0x1042a4329 0x1042a34a6 0x1042a3089 0x10423ab3e 0x1042a0d09 0x109a91e9e
  10.076 TIGER-SAMPLE pid 0xa30 n 0x23 thread 0x2703 thread 0x2703 state-kr 0x0 pc 0x109a467e6 leaf poll+0xa frames: 0x109a467e6 0x10423ab3e 0x1042a0d09 0x109a91e9e
  10.077 TIGER-SAMPLE pid 0xa30 n 0x23 thread 0x2807 thread 0x2807 state-kr 0x0 pc 0x109a95e22 leaf __semwait_signal+0xa frames: 0x109a95e22 0x1042a12e5 0x1041d56a2 0x1042a4329 0x1042a34a6 0x1042a3089 0x10423ab3e 0x1042a0d09 0x109a91e9e
  10.077 TIGER-SAMPLE pid 0xa30 n 0x23 thread 0x2903 thread 0x2903 state-kr 0x0 pc 0x109a95e22 leaf __semwait_signal+0xa frames: 0x109a95e22 0x1042a12e5 0x1041d56a2 0x1042a4329 0x1042a34a6 0x1042a3089 0x10423ab3e 0x1042a0d09 0x109a91e9e
  10.077 TIGER-SAMPLE pid 0xa30 n 0x23 thread 0x2a03 thread 0x2a03 state-kr 0x0 pc 0x109a95e22 leaf __semwait_signal+0xa frames: 0x109a95e22 0x1042a12e5 0x1041d56a2 0x1042a4329 0x1042a34a6 0x1042a3089 0x10423ab3e 0x1042a0d09 0x109a91e9e
  10.080 TIGER-SAMPLE pid 0xa30 n 0x23 thread 0x2b03 thread 0x2b03 state-kr 0x0 pc 0x109a46712 leaf recvmsg+0xa frames: 0x109a46712 0x10045e43e 0x10423ab3e 0x1042a0d09 0x109a91e9e
  10.080 TIGER-SAMPLE pid 0xa30 n 0x23 thread 0x2c03 thread 0x2c03 state-kr 0x0 pc 0x109a95e22 leaf __semwait_signal+0xa frames: 0x109a95e22 0x1042a12e5 0x1041d56a2 0x1042a4329 0x1042a34a6 0x1042a3089 0x10423ab3e 0x1042a0d09 0x109a91e9e
  10.087 TIGER-SAMPLE pid 0xa30 n 0x23 thread 0x2d03 thread 0x2d03 state-kr 0x0 pc 0x109a46712 leaf recvmsg+0xa frames: 0x109a46712 0x10045e43e 0x10423ab3e 0x1042a0d09 0x109a91e9e
  10.087 TIGER-SAMPLE pid 0xa30 n 0x23 thread 0x4103 thread 0x4103 state-kr 0x0 pc 0x109a95e22 leaf __semwait_signal+0xa frames: 0x109a95e22 0x1042a1327 0x1041d56a2 0x1041b2277 0x10423ab3e 0x1042a0d09 0x109a91e9e
  10.087 TIGER-SAMPLE pid 0xa30 n 0x23 thread 0x4203 thread 0x4203 state-kr 0x0 pc 0x109a95e22 leaf __semwait_signal+0xa frames: 0x109a95e22 0x1042a1327 0x1041d56a2 0x1041b2277 0x10423ab3e 0x1042a0d09 0x109a91e9e
  10.163 TIGER-SAMPLE pid 0xa31 n 0x25 main 0xd03 thread 0xd03 state-kr 0x0 pc 0x109895e22 leaf __semwait_signal+0xa frames: 0x109895e22 0x10409c9d5 0x103fcd562 0x10409fb49 0x10409ec36 0x10409e819 0x10004a16b 0x10000154c 0x100001461 0x3
  10.163 TIGER-SAMPLE pid 0xa31 n 0x25 thread 0xf03 thread 0xf03 state-kr 0x0 pc 0x1098dfe4e leaf mach_msg_trap+0xa frames: 0x1098dfe4e 0x100327902 0x109891e9e
  10.163 TIGER-SAMPLE pid 0xa31 n 0x25 thread 0x1103 thread 0x1103 state-kr 0x0 pc 0x109895e22 leaf __semwait_signal+0xa frames: 0x109895e22 0x10409c9d5 0x103fcd562 0x10409fb49 0x10409ec36 0x10409e819 0x104033bfe 0x10409c3f9 0x109891e9e
  10.164 TIGER-SAMPLE pid 0xa31 n 0x25 thread 0x2303 thread 0x2303 state-kr 0x0 pc 0x1098467e6 leaf poll+0xa frames: 0x1098467e6 0x104033bfe 0x10409c3f9 0x109891e9e
  10.164 TIGER-SAMPLE pid 0xa31 n 0x25 thread 0x2407 thread 0x2407 state-kr 0x0 pc 0x109895e22 leaf __semwait_signal+0xa frames: 0x109895e22 0x10409c9d5 0x103fcd562 0x10409fb49 0x10409ec36 0x10409e819 0x104033bfe 0x10409c3f9 0x109891e9e
  10.164 TIGER-SAMPLE pid 0xa31 n 0x25 thread 0x2503 thread 0x2503 state-kr 0x0 pc 0x109895e22 leaf __semwait_signal+0xa frames: 0x109895e22 0x10409c9d5 0x103fcd562 0x10409fb49 0x10409ec36 0x10409e819 0x104033bfe 0x10409c3f9 0x109891e9e
  10.164 TIGER-SAMPLE pid 0xa31 n 0x25 thread 0x2603 thread 0x2603 state-kr 0x0 pc 0x109895e22 leaf __semwait_signal+0xa frames: 0x109895e22 0x10409c9d5 0x103fcd562 0x10409fb49 0x10409ec36 0x10409e819 0x104033bfe 0x10409c3f9 0x109891e9e
  10.165 TIGER-SAMPLE pid 0xa31 n 0x25 thread 0x2703 thread 0x2703 state-kr 0x0 pc 0x109895e22 leaf __semwait_signal+0xa frames: 0x109895e22 0x10409c9d5 0x103fcd562 0x10409fb49 0x10409ec36 0x10409e819 0x104033bfe 0x10409c3f9 0x109891e9e
  10.165 TIGER-SAMPLE pid 0xa31 n 0x25 thread 0x2903 thread 0x2903 state-kr 0x0 pc 0x109895e22 leaf __semwait_signal+0xa frames: 0x109895e22 0x10409c9d5 0x103fcd562 0x10409fb49 0x10409ec36 0x10409e819 0x104033bfe 0x10409c3f9 0x109891e9e
  10.165 TIGER-SAMPLE pid 0xa31 n 0x25 thread 0x2a03 thread 0x2a03 state-kr 0x0 pc 0x1098467e6 leaf poll+0xa frames: 0x1098467e6 0x104033bfe 0x10409c3f9 0x109891e9e
  10.165 TIGER-SAMPLE pid 0xa31 n 0x25 thread 0x2b03 thread 0x2b03 state-kr 0x0 pc 0x1098467e6 leaf poll+0xa frames: 0x1098467e6 0x104388627 0x1043887ea 0x101f32ba7 0x101f3e971 0x104033bfe 0x10409c3f9 0x109891e9e
  10.165 TIGER-SAMPLE pid 0xa31 n 0x25 thread 0x3003 thread 0x3003 state-kr 0x0 pc 0x109895e22 leaf __semwait_signal+0xa frames: 0x109895e22 0x10409c9d5 0x103fcd562 0x10409fb49 0x10409ec36 0x10409e819 0x104033bfe 0x10409c3f9 0x109891e9e
  10.326 TIGER-SAMPLE pid 0xa2d n 0x27 main 0x117 thread 0x117 state-kr 0x0 pc 0x90009817 leaf mach_msg_trap+0x7 frames: 0x90009817 0x9082d227 0x9082ca42 0x92e06878 0x92e05f82 0x92e05dd9 0x9328cf45 0x9328cb37 0x932868c4 0x8af6 0x82f2 0x8219 0x5
  10.326 TIGER-SAMPLE pid 0xa2d n 0x27 thread 0x1203 thread 0x1203 state-kr 0x0 pc 0x90009817 leaf mach_msg_trap+0x7 frames: 0x90009817 0x2ca6d8 0x90023d67
  10.326 TIGER-SAMPLE pid 0xa2d n 0x27 thread 0x3207 thread 0x3207 state-kr 0x0 pc 0x90024407 leaf semaphore_wait_signal_trap+0x7 frames: 0x90024407 0x364de 0x90023d67
  10.326 TIGER-SAMPLE pid 0xa2d n 0x27 thread 0x3403 thread 0x3403 state-kr 0x0 pc 0x90024407 leaf semaphore_wait_signal_trap+0x7 frames: 0x90024407 0x364de 0x90023d67
  10.327 TIGER-SAMPLE pid 0xa2d n 0x27 thread 0x5103 thread 0x5103 state-kr 0x0 pc 0x900bc3fc leaf poll+0xc frames: 0x900bc3fc 0x2cd134 0x313210b 0x319b321 0x90023d67
  10.327 TIGER-SAMPLE pid 0xa2d n 0x27 thread 0x5203 thread 0x5203 state-kr 0x0 pc 0x90024407 leaf semaphore_wait_signal_trap+0x7 frames: 0x90024407 0x364de 0x90023d67
  10.327 TIGER-SAMPLE pid 0xa2d n 0x27 thread 0x5503 thread 0x5503 state-kr 0x0 pc 0x900bc3fc leaf poll+0xc frames: 0x900bc3fc 0x2cd134 0x313210b 0x319b321 0x90023d67
  10.328 TIGER-SAMPLE pid 0xa2d n 0x27 thread 0x5603 thread 0x5603 state-kr 0x0 pc 0x90024407 leaf semaphore_wait_signal_trap+0x7 frames: 0x90024407 0x364de 0x90023d67
  10.328 TIGER-SAMPLE pid 0xa2d n 0x27 thread 0x5c07 thread 0x5c07 state-kr 0x0 pc 0x900265fc leaf recvmsg+0xc frames: 0x900265fc 0x2cc6bb 0x2cd134 0x313210b 0x319b321 0x90023d67
  10.328 TIGER-SAMPLE pid 0xa2d n 0x27 thread 0x5e07 thread 0x5e07 state-kr 0x0 pc 0x90024407 leaf semaphore_wait_signal_trap+0x7 frames: 0x90024407 0x915a96ab 0x915c3ddc 0x90023d67
  10.337 TIGER-SAMPLE pid 0xa30 n 0x24 main 0xd03 thread 0xd03 state-kr 0x0 pc 0x109a95e22 leaf __semwait_signal+0xa frames: 0x109a95e22 0x1042a1327 0x1041d56a2 0x1042a4329 0x1042a34a6 0x1042a3089 0x100046488 0x100001d0c 0x100001c21 0x3
  10.337 TIGER-SAMPLE pid 0xa30 n 0x24 thread 0xf03 thread 0xf03 state-kr 0x0 pc 0x109adfe4e leaf mach_msg_trap+0xa frames: 0x109adfe4e 0x10045c512 0x109a91e9e
  10.338 TIGER-SAMPLE pid 0xa30 n 0x24 thread 0x1103 thread 0x1103 state-kr 0x0 pc 0x109a95e22 leaf __semwait_signal+0xa frames: 0x109a95e22 0x1042a12e5 0x1041d56a2 0x1042a4329 0x1042a34a6 0x1042a3089 0x10423ab3e 0x1042a0d09 0x109a91e9e
  10.338 TIGER-SAMPLE pid 0xa30 n 0x24 thread 0x2303 thread 0x2303 state-kr 0x0 pc 0x109a95e22 leaf __semwait_signal+0xa frames: 0x109a95e22 0x1042a12e5 0x1041d56a2 0x1042a4329 0x1042a34a6 0x1042a3089 0x10423ab3e 0x1042a0d09 0x109a91e9e
  10.338 TIGER-SAMPLE pid 0xa30 n 0x24 thread 0x2403 thread 0x2403 state-kr 0x0 pc 0x109a95e22 leaf __semwait_signal+0xa frames: 0x109a95e22 0x1042a12e5 0x1041d56a2 0x1042a4329 0x1042a34a6 0x1042a3089 0x10423ab3e 0x1042a0d09 0x109a91e9e
  10.338 TIGER-SAMPLE pid 0xa30 n 0x24 thread 0x2503 thread 0x2503 state-kr 0x0 pc 0x109a467e6 leaf poll+0xa frames: 0x109a467e6 0x10423ab3e 0x1042a0d09 0x109a91e9e
  10.339 TIGER-SAMPLE pid 0xa30 n 0x24 thread 0x2603 thread 0x2603 state-kr 0x0 pc 0x109a95e22 leaf __semwait_signal+0xa frames: 0x109a95e22 0x1042a12e5 0x1041d56a2 0x1042a4329 0x1042a34a6 0x1042a3089 0x10423ab3e 0x1042a0d09 0x109a91e9e
  10.339 TIGER-SAMPLE pid 0xa30 n 0x24 thread 0x2703 thread 0x2703 state-kr 0x0 pc 0x109a467e6 leaf poll+0xa frames: 0x109a467e6 0x10423ab3e 0x1042a0d09 0x109a91e9e
  10.339 TIGER-SAMPLE pid 0xa30 n 0x24 thread 0x2807 thread 0x2807 state-kr 0x0 pc 0x109a95e22 leaf __semwait_signal+0xa frames: 0x109a95e22 0x1042a12e5 0x1041d56a2 0x1042a4329 0x1042a34a6 0x1042a3089 0x10423ab3e 0x1042a0d09 0x109a91e9e
  10.339 TIGER-SAMPLE pid 0xa30 n 0x24 thread 0x2903 thread 0x2903 state-kr 0x0 pc 0x109a95e22 leaf __semwait_signal+0xa frames: 0x109a95e22 0x1042a12e5 0x1041d56a2 0x1042a4329 0x1042a34a6 0x1042a3089 0x10423ab3e 0x1042a0d09 0x109a91e9e
  10.340 TIGER-SAMPLE pid 0xa30 n 0x24 thread 0x2a03 thread 0x2a03 state-kr 0x0 pc 0x109a95e22 leaf __semwait_signal+0xa frames: 0x109a95e22 0x1042a12e5 0x1041d56a2 0x1042a4329 0x1042a34a6 0x1042a3089 0x10423ab3e 0x1042a0d09 0x109a91e9e
  10.340 TIGER-SAMPLE pid 0xa30 n 0x24 thread 0x2b03 thread 0x2b03 state-kr 0x0 pc 0x109a46712 leaf recvmsg+0xa frames: 0x109a46712 0x10045e43e 0x10423ab3e 0x1042a0d09 0x109a91e9e
  10.340 TIGER-SAMPLE pid 0xa30 n 0x24 thread 0x2c03 thread 0x2c03 state-kr 0x0 pc 0x109a95e22 leaf __semwait_signal+0xa frames: 0x109a95e22 0x1042a12e5 0x1041d56a2 0x1042a4329 0x1042a34a6 0x1042a3089 0x10423ab3e 0x1042a0d09 0x109a91e9e
  10.341 TIGER-SAMPLE pid 0xa30 n 0x24 thread 0x2d03 thread 0x2d03 state-kr 0x0 pc 0x109a46712 leaf recvmsg+0xa frames: 0x109a46712 0x10045e43e 0x10423ab3e 0x1042a0d09 0x109a91e9e
  10.341 TIGER-SAMPLE pid 0xa30 n 0x24 thread 0x4103 thread 0x4103 state-kr 0x0 pc 0x109a95e22 leaf __semwait_signal+0xa frames: 0x109a95e22 0x1042a1327 0x1041d56a2 0x1041b2277 0x10423ab3e 0x1042a0d09 0x109a91e9e
  10.341 TIGER-SAMPLE pid 0xa30 n 0x24 thread 0x4203 thread 0x4203 state-kr 0x0 pc 0x109a95e22 leaf __semwait_signal+0xa frames: 0x109a95e22 0x1042a1327 0x1041d56a2 0x1041b2277 0x10423ab3e 0x1042a0d09 0x109a91e9e
  10.416 TIGER-SAMPLE pid 0xa31 n 0x26 main 0xd03 thread 0xd03 state-kr 0x0 pc 0x109895e22 leaf __semwait_signal+0xa frames: 0x109895e22 0x10409c9d5 0x103fcd562 0x10409fb49 0x10409ec36 0x10409e819 0x10004a16b 0x10000154c 0x100001461 0x3
  10.416 TIGER-SAMPLE pid 0xa31 n 0x26 thread 0xf03 thread 0xf03 state-kr 0x0 pc 0x1098dfe4e leaf mach_msg_trap+0xa frames: 0x1098dfe4e 0x100327902 0x109891e9e
  10.416 TIGER-SAMPLE pid 0xa31 n 0x26 thread 0x1103 thread 0x1103 state-kr 0x0 pc 0x109895e22 leaf __semwait_signal+0xa frames: 0x109895e22 0x10409c9d5 0x103fcd562 0x10409fb49 0x10409ec36 0x10409e819 0x104033bfe 0x10409c3f9 0x109891e9e
  10.416 TIGER-SAMPLE pid 0xa31 n 0x26 thread 0x2303 thread 0x2303 state-kr 0x0 pc 0x1098467e6 leaf poll+0xa frames: 0x1098467e6 0x104033bfe 0x10409c3f9 0x109891e9e
  10.417 TIGER-SAMPLE pid 0xa31 n 0x26 thread 0x2407 thread 0x2407 state-kr 0x0 pc 0x109895e22 leaf __semwait_signal+0xa frames: 0x109895e22 0x10409c9d5 0x103fcd562 0x10409fb49 0x10409ec36 0x10409e819 0x104033bfe 0x10409c3f9 0x109891e9e
  10.417 TIGER-SAMPLE pid 0xa31 n 0x26 thread 0x2503 thread 0x2503 state-kr 0x0 pc 0x109895e22 leaf __semwait_signal+0xa frames: 0x109895e22 0x10409c9d5 0x103fcd562 0x10409fb49 0x10409ec36 0x10409e819 0x104033bfe 0x10409c3f9 0x109891e9e
  10.417 TIGER-SAMPLE pid 0xa31 n 0x26 thread 0x2603 thread 0x2603 state-kr 0x0 pc 0x109895e22 leaf __semwait_signal+0xa frames: 0x109895e22 0x10409c9d5 0x103fcd562 0x10409fb49 0x10409ec36 0x10409e819 0x104033bfe 0x10409c3f9 0x109891e9e
  10.417 TIGER-SAMPLE pid 0xa31 n 0x26 thread 0x2703 thread 0x2703 state-kr 0x0 pc 0x109895e22 leaf __semwait_signal+0xa frames: 0x109895e22 0x10409c9d5 0x103fcd562 0x10409fb49 0x10409ec36 0x10409e819 0x104033bfe 0x10409c3f9 0x109891e9e
  10.418 TIGER-SAMPLE pid 0xa31 n 0x26 thread 0x2903 thread 0x2903 state-kr 0x0 pc 0x109895e22 leaf __semwait_signal+0xa frames: 0x109895e22 0x10409c9d5 0x103fcd562 0x10409fb49 0x10409ec36 0x10409e819 0x104033bfe 0x10409c3f9 0x109891e9e
  10.418 TIGER-SAMPLE pid 0xa31 n 0x26 thread 0x2a03 thread 0x2a03 state-kr 0x0 pc 0x1098467e6 leaf poll+0xa frames: 0x1098467e6 0x104033bfe 0x10409c3f9 0x109891e9e
  10.418 TIGER-SAMPLE pid 0xa31 n 0x26 thread 0x2b03 thread 0x2b03 state-kr 0x0 pc 0x1098467e6 leaf poll+0xa frames: 0x1098467e6 0x104388627 0x1043887ea 0x101f32ba7 0x101f3e971 0x104033bfe 0x10409c3f9 0x109891e9e
  10.418 TIGER-SAMPLE pid 0xa31 n 0x26 thread 0x3003 thread 0x3003 state-kr 0x0 pc 0x109895e22 leaf __semwait_signal+0xa frames: 0x109895e22 0x10409c9d5 0x103fcd562 0x10409fb49 0x10409ec36 0x10409e819 0x104033bfe 0x10409c3f9 0x109891e9e
  10.579 TIGER-SAMPLE pid 0xa2d n 0x28 main 0x117 thread 0x117 state-kr 0x0 pc 0x90009817 leaf mach_msg_trap+0x7 frames: 0x90009817 0x9082d227 0x9082ca42 0x92e06878 0x92e05f82 0x92e05dd9 0x9328cf45 0x9328cb37 0x932868c4 0x8af6 0x82f2 0x8219 0x5
  10.579 TIGER-SAMPLE pid 0xa2d n 0x28 thread 0x1203 thread 0x1203 state-kr 0x0 pc 0x90009817 leaf mach_msg_trap+0x7 frames: 0x90009817 0x2ca6d8 0x90023d67
  10.580 TIGER-SAMPLE pid 0xa2d n 0x28 thread 0x3207 thread 0x3207 state-kr 0x0 pc 0x90024407 leaf semaphore_wait_signal_trap+0x7 frames: 0x90024407 0x364de 0x90023d67
  10.580 TIGER-SAMPLE pid 0xa2d n 0x28 thread 0x3403 thread 0x3403 state-kr 0x0 pc 0x90024407 leaf semaphore_wait_signal_trap+0x7 frames: 0x90024407 0x364de 0x90023d67
  10.581 TIGER-SAMPLE pid 0xa2d n 0x28 thread 0x5103 thread 0x5103 state-kr 0x0 pc 0x900bc3fc leaf poll+0xc frames: 0x900bc3fc 0x2cd134 0x313210b 0x319b321 0x90023d67
  10.581 TIGER-SAMPLE pid 0xa2d n 0x28 thread 0x5203 thread 0x5203 state-kr 0x0 pc 0x90024407 leaf semaphore_wait_signal_trap+0x7 frames: 0x90024407 0x364de 0x90023d67
  10.581 TIGER-SAMPLE pid 0xa2d n 0x28 thread 0x5503 thread 0x5503 state-kr 0x0 pc 0x900bc3fc leaf poll+0xc frames: 0x900bc3fc 0x2cd134 0x313210b 0x319b321 0x90023d67
  10.581 TIGER-SAMPLE pid 0xa2d n 0x28 thread 0x5603 thread 0x5603 state-kr 0x0 pc 0x90024407 leaf semaphore_wait_signal_trap+0x7 frames: 0x90024407 0x364de 0x90023d67
  10.581 TIGER-SAMPLE pid 0xa2d n 0x28 thread 0x5c07 thread 0x5c07 state-kr 0x0 pc 0x900265fc leaf recvmsg+0xc frames: 0x900265fc 0x2cc6bb 0x2cd134 0x313210b 0x319b321 0x90023d67
  10.582 TIGER-SAMPLE pid 0xa2d n 0x28 thread 0x5e07 thread 0x5e07 state-kr 0x0 pc 0x90024407 leaf semaphore_wait_signal_trap+0x7 frames: 0x90024407 0x915a96ab 0x915c3ddc 0x90023d67
  10.591 TIGER-SAMPLE pid 0xa30 n 0x25 main 0xd03 thread 0xd03 state-kr 0x0 pc 0x109a95e22 leaf __semwait_signal+0xa frames: 0x109a95e22 0x1042a1327 0x1041d56a2 0x1042a4329 0x1042a34a6 0x1042a3089 0x100046488 0x100001d0c 0x100001c21 0x3
  10.591 TIGER-SAMPLE pid 0xa30 n 0x25 thread 0xf03 thread 0xf03 state-kr 0x0 pc 0x109adfe4e leaf mach_msg_trap+0xa frames: 0x109adfe4e 0x10045c512 0x109a91e9e
  10.591 TIGER-SAMPLE pid 0xa30 n 0x25 thread 0x1103 thread 0x1103 state-kr 0x0 pc 0x109a95e22 leaf __semwait_signal+0xa frames: 0x109a95e22 0x1042a12e5 0x1041d56a2 0x1042a4329 0x1042a34a6 0x1042a3089 0x10423ab3e 0x1042a0d09 0x109a91e9e
  10.592 TIGER-SAMPLE pid 0xa30 n 0x25 thread 0x2303 thread 0x2303 state-kr 0x0 pc 0x109a95e22 leaf __semwait_signal+0xa frames: 0x109a95e22 0x1042a12e5 0x1041d56a2 0x1042a4329 0x1042a34a6 0x1042a3089 0x10423ab3e 0x1042a0d09 0x109a91e9e
  10.592 TIGER-SAMPLE pid 0xa30 n 0x25 thread 0x2403 thread 0x2403 state-kr 0x0 pc 0x109a95e22 leaf __semwait_signal+0xa frames: 0x109a95e22 0x1042a12e5 0x1041d56a2 0x1042a4329 0x1042a34a6 0x1042a3089 0x10423ab3e 0x1042a0d09 0x109a91e9e
  10.592 TIGER-SAMPLE pid 0xa30 n 0x25 thread 0x2503 thread 0x2503 state-kr 0x0 pc 0x109a467e6 leaf poll+0xa frames: 0x109a467e6 0x10423ab3e 0x1042a0d09 0x109a91e9e
  10.592 TIGER-SAMPLE pid 0xa30 n 0x25 thread 0x2603 thread 0x2603 state-kr 0x0 pc 0x109a95e22 leaf __semwait_signal+0xa frames: 0x109a95e22 0x1042a12e5 0x1041d56a2 0x1042a4329 0x1042a34a6 0x1042a3089 0x10423ab3e 0x1042a0d09 0x109a91e9e
  10.593 TIGER-SAMPLE pid 0xa30 n 0x25 thread 0x2703 thread 0x2703 state-kr 0x0 pc 0x109a467e6 leaf poll+0xa frames: 0x109a467e6 0x10423ab3e 0x1042a0d09 0x109a91e9e
  10.593 TIGER-SAMPLE pid 0xa30 n 0x25 thread 0x2807 thread 0x2807 state-kr 0x0 pc 0x109a95e22 leaf __semwait_signal+0xa frames: 0x109a95e22 0x1042a12e5 0x1041d56a2 0x1042a4329 0x1042a34a6 0x1042a3089 0x10423ab3e 0x1042a0d09 0x109a91e9e
  10.593 TIGER-SAMPLE pid 0xa30 n 0x25 thread 0x2903 thread 0x2903 state-kr 0x0 pc 0x109a95e22 leaf __semwait_signal+0xa frames: 0x109a95e22 0x1042a12e5 0x1041d56a2 0x1042a4329 0x1042a34a6 0x1042a3089 0x10423ab3e 0x1042a0d09 0x109a91e9e
  10.593 TIGER-SAMPLE pid 0xa30 n 0x25 thread 0x2a03 thread 0x2a03 state-kr 0x0 pc 0x109a95e22 leaf __semwait_signal+0xa frames: 0x109a95e22 0x1042a12e5 0x1041d56a2 0x1042a4329 0x1042a34a6 0x1042a3089 0x10423ab3e 0x1042a0d09 0x109a91e9e
  10.594 TIGER-SAMPLE pid 0xa30 n 0x25 thread 0x2b03 thread 0x2b03 state-kr 0x0 pc 0x109a46712 leaf recvmsg+0xa frames: 0x109a46712 0x10045e43e 0x10423ab3e 0x1042a0d09 0x109a91e9e
  10.595 TIGER-SAMPLE pid 0xa30 n 0x25 thread 0x2c03 thread 0x2c03 state-kr 0x0 pc 0x109a95e22 leaf __semwait_signal+0xa frames: 0x109a95e22 0x1042a12e5 0x1041d56a2 0x1042a4329 0x1042a34a6 0x1042a3089 0x10423ab3e 0x1042a0d09 0x109a91e9e
  10.606 TIGER-SAMPLE pid 0xa30 n 0x25 thread 0x2d03 thread 0x2d03 state-kr 0x0 pc 0x109a46712 leaf recvmsg+0xa frames: 0x109a46712 0x10045e43e 0x10423ab3e 0x1042a0d09 0x109a91e9e
  10.607 TIGER-SAMPLE pid 0xa30 n 0x25 thread 0x4103 thread 0x4103 state-kr 0x0 pc 0x109a95e22 leaf __semwait_signal+0xa frames: 0x109a95e22 0x1042a1327 0x1041d56a2 0x1041b2277 0x10423ab3e 0x1042a0d09 0x109a91e9e
  10.607 TIGER-SAMPLE pid 0xa30 n 0x25 thread 0x4203 thread 0x4203 state-kr 0x0 pc 0x109a95e22 leaf __semwait_signal+0xa frames: 0x109a95e22 0x1042a1327 0x1041d56a2 0x1041b2277 0x10423ab3e 0x1042a0d09 0x109a91e9e
  10.669 TIGER-SAMPLE pid 0xa31 n 0x27 main 0xd03 thread 0xd03 state-kr 0x0 pc 0x109895e22 leaf __semwait_signal+0xa frames: 0x109895e22 0x10409c9d5 0x103fcd562 0x10409fb49 0x10409ec36 0x10409e819 0x10004a16b 0x10000154c 0x100001461 0x3
  10.669 TIGER-SAMPLE pid 0xa31 n 0x27 thread 0xf03 thread 0xf03 state-kr 0x0 pc 0x1098dfe4e leaf mach_msg_trap+0xa frames: 0x1098dfe4e 0x100327902 0x109891e9e
  10.669 TIGER-SAMPLE pid 0xa31 n 0x27 thread 0x1103 thread 0x1103 state-kr 0x0 pc 0x109895e22 leaf __semwait_signal+0xa frames: 0x109895e22 0x10409c9d5 0x103fcd562 0x10409fb49 0x10409ec36 0x10409e819 0x104033bfe 0x10409c3f9 0x109891e9e
  10.669 TIGER-SAMPLE pid 0xa31 n 0x27 thread 0x2303 thread 0x2303 state-kr 0x0 pc 0x1098467e6 leaf poll+0xa frames: 0x1098467e6 0x104033bfe 0x10409c3f9 0x109891e9e
  10.669 TIGER-SAMPLE pid 0xa31 n 0x27 thread 0x2407 thread 0x2407 state-kr 0x0 pc 0x109895e22 leaf __semwait_signal+0xa frames: 0x109895e22 0x10409c9d5 0x103fcd562 0x10409fb49 0x10409ec36 0x10409e819 0x104033bfe 0x10409c3f9 0x109891e9e
  10.670 TIGER-SAMPLE pid 0xa31 n 0x27 thread 0x2503 thread 0x2503 state-kr 0x0 pc 0x109895e22 leaf __semwait_signal+0xa frames: 0x109895e22 0x10409c9d5 0x103fcd562 0x10409fb49 0x10409ec36 0x10409e819 0x104033bfe 0x10409c3f9 0x109891e9e
  10.670 TIGER-SAMPLE pid 0xa31 n 0x27 thread 0x2603 thread 0x2603 state-kr 0x0 pc 0x109895e22 leaf __semwait_signal+0xa frames: 0x109895e22 0x10409c9d5 0x103fcd562 0x10409fb49 0x10409ec36 0x10409e819 0x104033bfe 0x10409c3f9 0x109891e9e
  10.670 TIGER-SAMPLE pid 0xa31 n 0x27 thread 0x2703 thread 0x2703 state-kr 0x0 pc 0x109895e22 leaf __semwait_signal+0xa frames: 0x109895e22 0x10409c9d5 0x103fcd562 0x10409fb49 0x10409ec36 0x10409e819 0x104033bfe 0x10409c3f9 0x109891e9e
  10.670 TIGER-SAMPLE pid 0xa31 n 0x27 thread 0x2903 thread 0x2903 state-kr 0x0 pc 0x109895e22 leaf __semwait_signal+0xa frames: 0x109895e22 0x10409c9d5 0x103fcd562 0x10409fb49 0x10409ec36 0x10409e819 0x104033bfe 0x10409c3f9 0x109891e9e
  10.671 TIGER-SAMPLE pid 0xa31 n 0x27 thread 0x2a03 thread 0x2a03 state-kr 0x0 pc 0x1098467e6 leaf poll+0xa frames: 0x1098467e6 0x104033bfe 0x10409c3f9 0x109891e9e
  10.671 TIGER-SAMPLE pid 0xa31 n 0x27 thread 0x2b03 thread 0x2b03 state-kr 0x0 pc 0x1098467e6 leaf poll+0xa frames: 0x1098467e6 0x104388627 0x1043887ea 0x101f32ba7 0x101f3e971 0x104033bfe 0x10409c3f9 0x109891e9e
  10.671 TIGER-SAMPLE pid 0xa31 n 0x27 thread 0x3003 thread 0x3003 state-kr 0x0 pc 0x109895e22 leaf __semwait_signal+0xa frames: 0x109895e22 0x10409c9d5 0x103fcd562 0x10409fb49 0x10409ec36 0x10409e819 0x104033bfe 0x10409c3f9 0x109891e9e
  10.832 TIGER-SAMPLE pid 0xa2d n 0x29 main 0x117 thread 0x117 state-kr 0x0 pc 0x90009817 leaf mach_msg_trap+0x7 frames: 0x90009817 0x9082d227 0x9082ca42 0x92e06878 0x92e05f82 0x92e05dd9 0x9328cf45 0x9328cb37 0x932868c4 0x8af6 0x82f2 0x8219 0x5
  10.832 TIGER-SAMPLE pid 0xa2d n 0x29 thread 0x1203 thread 0x1203 state-kr 0x0 pc 0x90009817 leaf mach_msg_trap+0x7 frames: 0x90009817 0x2ca6d8 0x90023d67
  10.833 TIGER-SAMPLE pid 0xa2d n 0x29 thread 0x3207 thread 0x3207 state-kr 0x0 pc 0x90024407 leaf semaphore_wait_signal_trap+0x7 frames: 0x90024407 0x364de 0x90023d67
  10.833 TIGER-SAMPLE pid 0xa2d n 0x29 thread 0x3403 thread 0x3403 state-kr 0x0 pc 0x90024407 leaf semaphore_wait_signal_trap+0x7 frames: 0x90024407 0x364de 0x90023d67
  10.833 TIGER-SAMPLE pid 0xa2d n 0x29 thread 0x5103 thread 0x5103 state-kr 0x0 pc 0x900bc3fc leaf poll+0xc frames: 0x900bc3fc 0x2cd134 0x313210b 0x319b321 0x90023d67
  10.833 TIGER-SAMPLE pid 0xa2d n 0x29 thread 0x5203 thread 0x5203 state-kr 0x0 pc 0x90024407 leaf semaphore_wait_signal_trap+0x7 frames: 0x90024407 0x364de 0x90023d67
  10.834 TIGER-SAMPLE pid 0xa2d n 0x29 thread 0x5503 thread 0x5503 state-kr 0x0 pc 0x900bc3fc leaf poll+0xc frames: 0x900bc3fc 0x2cd134 0x313210b 0x319b321 0x90023d67
  10.834 TIGER-SAMPLE pid 0xa2d n 0x29 thread 0x5603 thread 0x5603 state-kr 0x0 pc 0x90024407 leaf semaphore_wait_signal_trap+0x7 frames: 0x90024407 0x364de 0x90023d67
  10.837 TIGER-SAMPLE pid 0xa2d n 0x29 thread 0x5c07 thread 0x5c07 state-kr 0x0 pc 0x2cbe6b leaf _ZN3IPC10Connection16readyReadHandlerEv+0x2b frames: 0x2cbe6b 0x2cc6bb 0x2cd134 0x313210b 0x319b321 0x90023d67
  10.837 TIGER-SAMPLE pid 0xa2d n 0x29 thread 0x5e07 thread 0x5e07 state-kr 0x0 pc 0x90024407 leaf semaphore_wait_signal_trap+0x7 frames: 0x90024407 0x915a96ab 0x915c3ddc 0x90023d67
  10.857 TIGER-SAMPLE pid 0xa30 n 0x26 main 0xd03 thread 0xd03 state-kr 0x0 pc 0x109a95e22 leaf __semwait_signal+0xa frames: 0x109a95e22 0x1042a1327 0x1041d56a2 0x1042a4329 0x1042a34a6 0x1042a3089 0x100046488 0x100001d0c 0x100001c21 0x3
  10.858 TIGER-SAMPLE pid 0xa30 n 0x26 thread 0xf03 thread 0xf03 state-kr 0x0 pc 0x109adfe4e leaf mach_msg_trap+0xa frames: 0x109adfe4e 0x10045c512 0x109a91e9e
  10.858 TIGER-SAMPLE pid 0xa30 n 0x26 thread 0x1103 thread 0x1103 state-kr 0x0 pc 0x109a95e22 leaf __semwait_signal+0xa frames: 0x109a95e22 0x1042a12e5 0x1041d56a2 0x1042a4329 0x1042a34a6 0x1042a3089 0x10423ab3e 0x1042a0d09 0x109a91e9e
  10.858 TIGER-SAMPLE pid 0xa30 n 0x26 thread 0x2303 thread 0x2303 state-kr 0x0 pc 0x109a95e22 leaf __semwait_signal+0xa frames: 0x109a95e22 0x1042a12e5 0x1041d56a2 0x1042a4329 0x1042a34a6 0x1042a3089 0x10423ab3e 0x1042a0d09 0x109a91e9e
  10.858 TIGER-SAMPLE pid 0xa30 n 0x26 thread 0x2403 thread 0x2403 state-kr 0x0 pc 0x109a95e22 leaf __semwait_signal+0xa frames: 0x109a95e22 0x1042a12e5 0x1041d56a2 0x1042a4329 0x1042a34a6 0x1042a3089 0x10423ab3e 0x1042a0d09 0x109a91e9e
  10.859 TIGER-SAMPLE pid 0xa30 n 0x26 thread 0x2503 thread 0x2503 state-kr 0x0 pc 0x109a467e6 leaf poll+0xa frames: 0x109a467e6 0x10423ab3e 0x1042a0d09 0x109a91e9e
  10.859 TIGER-SAMPLE pid 0xa30 n 0x26 thread 0x2603 thread 0x2603 state-kr 0x0 pc 0x109a95e22 leaf __semwait_signal+0xa frames: 0x109a95e22 0x1042a12e5 0x1041d56a2 0x1042a4329 0x1042a34a6 0x1042a3089 0x10423ab3e 0x1042a0d09 0x109a91e9e
  10.859 TIGER-SAMPLE pid 0xa30 n 0x26 thread 0x2703 thread 0x2703 state-kr 0x0 pc 0x109a467e6 leaf poll+0xa frames: 0x109a467e6 0x10423ab3e 0x1042a0d09 0x109a91e9e
  10.860 TIGER-SAMPLE pid 0xa30 n 0x26 thread 0x2807 thread 0x2807 state-kr 0x0 pc 0x109a95e22 leaf __semwait_signal+0xa frames: 0x109a95e22 0x1042a12e5 0x1041d56a2 0x1042a4329 0x1042a34a6 0x1042a3089 0x10423ab3e 0x1042a0d09 0x109a91e9e
  10.860 TIGER-SAMPLE pid 0xa30 n 0x26 thread 0x2903 thread 0x2903 state-kr 0x0 pc 0x109a95e22 leaf __semwait_signal+0xa frames: 0x109a95e22 0x1042a12e5 0x1041d56a2 0x1042a4329 0x1042a34a6 0x1042a3089 0x10423ab3e 0x1042a0d09 0x109a91e9e
  10.860 TIGER-SAMPLE pid 0xa30 n 0x26 thread 0x2a03 thread 0x2a03 state-kr 0x0 pc 0x109a95e22 leaf __semwait_signal+0xa frames: 0x109a95e22 0x1042a12e5 0x1041d56a2 0x1042a4329 0x1042a34a6 0x1042a3089 0x10423ab3e 0x1042a0d09 0x109a91e9e
  10.868 TIGER-SAMPLE pid 0xa30 n 0x26 thread 0x2b03 thread 0x2b03 state-kr 0x0 pc 0x109a46712 leaf recvmsg+0xa frames: 0x109a46712 0x10045e43e 0x10423ab3e 0x1042a0d09 0x109a91e9e
  10.868 TIGER-SAMPLE pid 0xa30 n 0x26 thread 0x2c03 thread 0x2c03 state-kr 0x0 pc 0x109a95e22 leaf __semwait_signal+0xa frames: 0x109a95e22 0x1042a12e5 0x1041d56a2 0x1042a4329 0x1042a34a6 0x1042a3089 0x10423ab3e 0x1042a0d09 0x109a91e9e
  10.868 TIGER-SAMPLE pid 0xa30 n 0x26 thread 0x2d03 thread 0x2d03 state-kr 0x0 pc 0x109adb550 leaf free+0x2b1 frames: 0x109adb550 0x10045df8e 0x10045e43e 0x10423ab3e 0x1042a0d09 0x109a91e9e
  10.868 TIGER-SAMPLE pid 0xa30 n 0x26 thread 0x4103 thread 0x4103 state-kr 0x0 pc 0x109a95e22 leaf __semwait_signal+0xa frames: 0x109a95e22 0x1042a1327 0x1041d56a2 0x1041b2277 0x10423ab3e 0x1042a0d09 0x109a91e9e
  10.869 TIGER-SAMPLE pid 0xa30 n 0x26 thread 0x4203 thread 0x4203 state-kr 0x0 pc 0x109a95e22 leaf __semwait_signal+0xa frames: 0x109a95e22 0x1042a1327 0x1041d56a2 0x1041b2277 0x10423ab3e 0x1042a0d09 0x109a91e9e
  10.921 TIGER-SAMPLE pid 0xa31 n 0x28 main 0xd03 thread 0xd03 state-kr 0x0 pc 0x109895e22 leaf __semwait_signal+0xa frames: 0x109895e22 0x10409c9d5 0x103fcd562 0x10409fb49 0x10409ec36 0x10409e819 0x10004a16b 0x10000154c 0x100001461 0x3
  10.922 TIGER-SAMPLE pid 0xa31 n 0x28 thread 0xf03 thread 0xf03 state-kr 0x0 pc 0x1098dfe4e leaf mach_msg_trap+0xa frames: 0x1098dfe4e 0x100327902 0x109891e9e
  10.922 TIGER-SAMPLE pid 0xa31 n 0x28 thread 0x1103 thread 0x1103 state-kr 0x0 pc 0x109895e22 leaf __semwait_signal+0xa frames: 0x109895e22 0x10409c9d5 0x103fcd562 0x10409fb49 0x10409ec36 0x10409e819 0x104033bfe 0x10409c3f9 0x109891e9e
  10.922 TIGER-SAMPLE pid 0xa31 n 0x28 thread 0x2303 thread 0x2303 state-kr 0x0 pc 0x1098467e6 leaf poll+0xa frames: 0x1098467e6 0x104033bfe 0x10409c3f9 0x109891e9e
  10.922 TIGER-SAMPLE pid 0xa31 n 0x28 thread 0x2407 thread 0x2407 state-kr 0x0 pc 0x109895e22 leaf __semwait_signal+0xa frames: 0x109895e22 0x10409c9d5 0x103fcd562 0x10409fb49 0x10409ec36 0x10409e819 0x104033bfe 0x10409c3f9 0x109891e9e
  10.923 TIGER-SAMPLE pid 0xa31 n 0x28 thread 0x2503 thread 0x2503 state-kr 0x0 pc 0x109895e22 leaf __semwait_signal+0xa frames: 0x109895e22 0x10409c9d5 0x103fcd562 0x10409fb49 0x10409ec36 0x10409e819 0x104033bfe 0x10409c3f9 0x109891e9e
  10.923 TIGER-SAMPLE pid 0xa31 n 0x28 thread 0x2603 thread 0x2603 state-kr 0x0 pc 0x109895e22 leaf __semwait_signal+0xa frames: 0x109895e22 0x10409c9d5 0x103fcd562 0x10409fb49 0x10409ec36 0x10409e819 0x104033bfe 0x10409c3f9 0x109891e9e
  10.923 TIGER-SAMPLE pid 0xa31 n 0x28 thread 0x2703 thread 0x2703 state-kr 0x0 pc 0x109895e22 leaf __semwait_signal+0xa frames: 0x109895e22 0x10409c9d5 0x103fcd562 0x10409fb49 0x10409ec36 0x10409e819 0x104033bfe 0x10409c3f9 0x109891e9e
  10.923 TIGER-SAMPLE pid 0xa31 n 0x28 thread 0x2903 thread 0x2903 state-kr 0x0 pc 0x109895e22 leaf __semwait_signal+0xa frames: 0x109895e22 0x10409c9d5 0x103fcd562 0x10409fb49 0x10409ec36 0x10409e819 0x104033bfe 0x10409c3f9 0x109891e9e
  10.924 TIGER-SAMPLE pid 0xa31 n 0x28 thread 0x2a03 thread 0x2a03 state-kr 0x0 pc 0x1098467e6 leaf poll+0xa frames: 0x1098467e6 0x104033bfe 0x10409c3f9 0x109891e9e
  10.924 TIGER-SAMPLE pid 0xa31 n 0x28 thread 0x2b03 thread 0x2b03 state-kr 0x0 pc 0x1098467e6 leaf poll+0xa frames: 0x1098467e6 0x104388627 0x1043887ea 0x101f32ba7 0x101f3e971 0x104033bfe 0x10409c3f9 0x109891e9e
  10.924 TIGER-SAMPLE pid 0xa31 n 0x28 thread 0x3003 thread 0x3003 state-kr 0x0 pc 0x109895e22 leaf __semwait_signal+0xa frames: 0x109895e22 0x10409c9d5 0x103fcd562 0x10409fb49 0x10409ec36 0x10409e819 0x104033bfe 0x10409c3f9 0x109891e9e
  11.088 TIGER-SAMPLE pid 0xa2d n 0x2a main 0x117 thread 0x117 state-kr 0x0 pc 0x90009817 leaf mach_msg_trap+0x7 frames: 0x90009817 0x9082d227 0x9082ca42 0x92e06878 0x92e05f82 0x92e05dd9 0x9328cf45 0x9328cb37 0x932868c4 0x8af6 0x82f2 0x8219 0x5
  11.088 TIGER-SAMPLE pid 0xa2d n 0x2a thread 0x1203 thread 0x1203 state-kr 0x0 pc 0x90009817 leaf mach_msg_trap+0x7 frames: 0x90009817 0x2ca6d8 0x90023d67
  11.088 TIGER-SAMPLE pid 0xa2d n 0x2a thread 0x3207 thread 0x3207 state-kr 0x0 pc 0x90024407 leaf semaphore_wait_signal_trap+0x7 frames: 0x90024407 0x364de 0x90023d67
  11.089 TIGER-SAMPLE pid 0xa2d n 0x2a thread 0x3403 thread 0x3403 state-kr 0x0 pc 0x90024407 leaf semaphore_wait_signal_trap+0x7 frames: 0x90024407 0x364de 0x90023d67
  11.089 TIGER-SAMPLE pid 0xa2d n 0x2a thread 0x5103 thread 0x5103 state-kr 0x0 pc 0x900bc3fc leaf poll+0xc frames: 0x900bc3fc 0x2cd134 0x313210b 0x319b321 0x90023d67
  11.089 TIGER-SAMPLE pid 0xa2d n 0x2a thread 0x5203 thread 0x5203 state-kr 0x0 pc 0x90024407 leaf semaphore_wait_signal_trap+0x7 frames: 0x90024407 0x364de 0x90023d67
  11.090 TIGER-SAMPLE pid 0xa2d n 0x2a thread 0x5503 thread 0x5503 state-kr 0x0 pc 0x900bc3fc leaf poll+0xc frames: 0x900bc3fc 0x2cd134 0x313210b 0x319b321 0x90023d67
  11.090 TIGER-SAMPLE pid 0xa2d n 0x2a thread 0x5603 thread 0x5603 state-kr 0x0 pc 0x90024407 leaf semaphore_wait_signal_trap+0x7 frames: 0x90024407 0x364de 0x90023d67
  11.093 TIGER-SAMPLE pid 0xa2d n 0x2a thread 0x5c07 thread 0x5c07 state-kr 0x0 pc 0x2cb4fb leaf _ZN3IPC10Connection14processMessageEv+0x1b frames: 0x2cb4fb 0x2cc158 0x2cc6bb 0x2cd134 0x313210b 0x319b321 0x90023d67
  11.093 TIGER-SAMPLE pid 0xa2d n 0x2a thread 0x5e07 thread 0x5e07 state-kr 0x0 pc 0x90024407 leaf semaphore_wait_signal_trap+0x7 frames: 0x90024407 0x915a96ab 0x915c3ddc 0x90023d67
  11.119 TIGER-SAMPLE pid 0xa30 n 0x27 main 0xd03 thread 0xd03 state-kr 0x0 pc 0x109a95e22 leaf __semwait_signal+0xa frames: 0x109a95e22 0x1042a1327 0x1041d56a2 0x1042a4329 0x1042a34a6 0x1042a3089 0x100046488 0x100001d0c 0x100001c21 0x3
  11.119 TIGER-SAMPLE pid 0xa30 n 0x27 thread 0xf03 thread 0xf03 state-kr 0x0 pc 0x109adfe4e leaf mach_msg_trap+0xa frames: 0x109adfe4e 0x10045c512 0x109a91e9e
  11.119 TIGER-SAMPLE pid 0xa30 n 0x27 thread 0x1103 thread 0x1103 state-kr 0x0 pc 0x109a95e22 leaf __semwait_signal+0xa frames: 0x109a95e22 0x1042a12e5 0x1041d56a2 0x1042a4329 0x1042a34a6 0x1042a3089 0x10423ab3e 0x1042a0d09 0x109a91e9e
  11.120 TIGER-SAMPLE pid 0xa30 n 0x27 thread 0x2303 thread 0x2303 state-kr 0x0 pc 0x109a95e22 leaf __semwait_signal+0xa frames: 0x109a95e22 0x1042a12e5 0x1041d56a2 0x1042a4329 0x1042a34a6 0x1042a3089 0x10423ab3e 0x1042a0d09 0x109a91e9e
  11.120 TIGER-SAMPLE pid 0xa30 n 0x27 thread 0x2403 thread 0x2403 state-kr 0x0 pc 0x109a95e22 leaf __semwait_signal+0xa frames: 0x109a95e22 0x1042a12e5 0x1041d56a2 0x1042a4329 0x1042a34a6 0x1042a3089 0x10423ab3e 0x1042a0d09 0x109a91e9e
  11.120 TIGER-SAMPLE pid 0xa30 n 0x27 thread 0x2503 thread 0x2503 state-kr 0x0 pc 0x109a467e6 leaf poll+0xa frames: 0x109a467e6 0x10423ab3e 0x1042a0d09 0x109a91e9e
  11.120 TIGER-SAMPLE pid 0xa30 n 0x27 thread 0x2603 thread 0x2603 state-kr 0x0 pc 0x109a95e22 leaf __semwait_signal+0xa frames: 0x109a95e22 0x1042a12e5 0x1041d56a2 0x1042a4329 0x1042a34a6 0x1042a3089 0x10423ab3e 0x1042a0d09 0x109a91e9e
  11.121 TIGER-SAMPLE pid 0xa30 n 0x27 thread 0x2703 thread 0x2703 state-kr 0x0 pc 0x109a467e6 leaf poll+0xa frames: 0x109a467e6 0x10423ab3e 0x1042a0d09 0x109a91e9e
  11.121 TIGER-SAMPLE pid 0xa30 n 0x27 thread 0x2807 thread 0x2807 state-kr 0x0 pc 0x109a95e22 leaf __semwait_signal+0xa frames: 0x109a95e22 0x1042a12e5 0x1041d56a2 0x1042a4329 0x1042a34a6 0x1042a3089 0x10423ab3e 0x1042a0d09 0x109a91e9e
  11.121 TIGER-SAMPLE pid 0xa30 n 0x27 thread 0x2903 thread 0x2903 state-kr 0x0 pc 0x109a95e22 leaf __semwait_signal+0xa frames: 0x109a95e22 0x1042a12e5 0x1041d56a2 0x1042a4329 0x1042a34a6 0x1042a3089 0x10423ab3e 0x1042a0d09 0x109a91e9e
  11.121 TIGER-SAMPLE pid 0xa30 n 0x27 thread 0x2a03 thread 0x2a03 state-kr 0x0 pc 0x109a95e22 leaf __semwait_signal+0xa frames: 0x109a95e22 0x1042a12e5 0x1041d56a2 0x1042a4329 0x1042a34a6 0x1042a3089 0x10423ab3e 0x1042a0d09 0x109a91e9e
  11.126 TIGER-SAMPLE pid 0xa30 n 0x27 thread 0x2b03 thread 0x2b03 state-kr 0x0 pc 0x109a46712 leaf recvmsg+0xa frames: 0x109a46712 0x10045e43e 0x10423ab3e 0x1042a0d09 0x109a91e9e
  11.126 TIGER-SAMPLE pid 0xa30 n 0x27 thread 0x2c03 thread 0x2c03 state-kr 0x0 pc 0x109a95e22 leaf __semwait_signal+0xa frames: 0x109a95e22 0x1042a12e5 0x1041d56a2 0x1042a4329 0x1042a34a6 0x1042a3089 0x10423ab3e 0x1042a0d09 0x109a91e9e
  11.126 TIGER-SAMPLE pid 0xa30 n 0x27 thread 0x2d03 thread 0x2d03 state-kr 0x0 pc 0x109adc952 leaf _spin_lock+0xa frames: 0x109adc952 0x10045df8e 0x10045e43e 0x10423ab3e 0x1042a0d09 0x109a91e9e
  11.126 TIGER-SAMPLE pid 0xa30 n 0x27 thread 0x4103 thread 0x4103 state-kr 0x0 pc 0x109a95e22 leaf __semwait_signal+0xa frames: 0x109a95e22 0x1042a1327 0x1041d56a2 0x1041b2277 0x10423ab3e 0x1042a0d09 0x109a91e9e
  11.127 TIGER-SAMPLE pid 0xa30 n 0x27 thread 0x4203 thread 0x4203 state-kr 0x0 pc 0x109a95e22 leaf __semwait_signal+0xa frames: 0x109a95e22 0x1042a1327 0x1041d56a2 0x1041b2277 0x10423ab3e 0x1042a0d09 0x109a91e9e
  11.175 TIGER-SAMPLE pid 0xa31 n 0x29 main 0xd03 thread 0xd03 state-kr 0x0 pc 0x109895e22 leaf __semwait_signal+0xa frames: 0x109895e22 0x10409c9d5 0x103fcd562 0x10409fb49 0x10409ec36 0x10409e819 0x10004a16b 0x10000154c 0x100001461 0x3
  11.175 TIGER-SAMPLE pid 0xa31 n 0x29 thread 0xf03 thread 0xf03 state-kr 0x0 pc 0x1098dfe4e leaf mach_msg_trap+0xa frames: 0x1098dfe4e 0x100327902 0x109891e9e
  11.175 TIGER-SAMPLE pid 0xa31 n 0x29 thread 0x1103 thread 0x1103 state-kr 0x0 pc 0x109895e22 leaf __semwait_signal+0xa frames: 0x109895e22 0x10409c9d5 0x103fcd562 0x10409fb49 0x10409ec36 0x10409e819 0x104033bfe 0x10409c3f9 0x109891e9e
  11.175 TIGER-SAMPLE pid 0xa31 n 0x29 thread 0x2303 thread 0x2303 state-kr 0x0 pc 0x1098467e6 leaf poll+0xa frames: 0x1098467e6 0x104033bfe 0x10409c3f9 0x109891e9e
  11.175 TIGER-SAMPLE pid 0xa31 n 0x29 thread 0x2407 thread 0x2407 state-kr 0x0 pc 0x109895e22 leaf __semwait_signal+0xa frames: 0x109895e22 0x10409c9d5 0x103fcd562 0x10409fb49 0x10409ec36 0x10409e819 0x104033bfe 0x10409c3f9 0x109891e9e
  11.176 TIGER-SAMPLE pid 0xa31 n 0x29 thread 0x2503 thread 0x2503 state-kr 0x0 pc 0x109895e22 leaf __semwait_signal+0xa frames: 0x109895e22 0x10409c9d5 0x103fcd562 0x10409fb49 0x10409ec36 0x10409e819 0x104033bfe 0x10409c3f9 0x109891e9e
  11.176 TIGER-SAMPLE pid 0xa31 n 0x29 thread 0x2603 thread 0x2603 state-kr 0x0 pc 0x109895e22 leaf __semwait_signal+0xa frames: 0x109895e22 0x10409c9d5 0x103fcd562 0x10409fb49 0x10409ec36 0x10409e819 0x104033bfe 0x10409c3f9 0x109891e9e
  11.176 TIGER-SAMPLE pid 0xa31 n 0x29 thread 0x2703 thread 0x2703 state-kr 0x0 pc 0x109895e22 leaf __semwait_signal+0xa frames: 0x109895e22 0x10409c9d5 0x103fcd562 0x10409fb49 0x10409ec36 0x10409e819 0x104033bfe 0x10409c3f9 0x109891e9e
  11.176 TIGER-SAMPLE pid 0xa31 n 0x29 thread 0x2903 thread 0x2903 state-kr 0x0 pc 0x109895e22 leaf __semwait_signal+0xa frames: 0x109895e22 0x10409c9d5 0x103fcd562 0x10409fb49 0x10409ec36 0x10409e819 0x104033bfe 0x10409c3f9 0x109891e9e
  11.177 TIGER-SAMPLE pid 0xa31 n 0x29 thread 0x2a03 thread 0x2a03 state-kr 0x0 pc 0x1098467e6 leaf poll+0xa frames: 0x1098467e6 0x104033bfe 0x10409c3f9 0x109891e9e
  11.177 TIGER-SAMPLE pid 0xa31 n 0x29 thread 0x2b03 thread 0x2b03 state-kr 0x0 pc 0x1098467e6 leaf poll+0xa frames: 0x1098467e6 0x104388627 0x1043887ea 0x101f32ba7 0x101f3e971 0x104033bfe 0x10409c3f9 0x109891e9e
  11.177 TIGER-SAMPLE pid 0xa31 n 0x29 thread 0x3003 thread 0x3003 state-kr 0x0 pc 0x109895e22 leaf __semwait_signal+0xa frames: 0x109895e22 0x10409c9d5 0x103fcd562 0x10409fb49 0x10409ec36 0x10409e819 0x104033bfe 0x10409c3f9 0x109891e9e
  11.343 TIGER-SAMPLE pid 0xa2d n 0x2b main 0x117 thread 0x117 state-kr 0x0 pc 0x90009817 leaf mach_msg_trap+0x7 frames: 0x90009817 0x9082d227 0x9082ca42 0x92e06878 0x92e05f82 0x92e05dd9 0x9328cf45 0x9328cb37 0x932868c4 0x8af6 0x82f2 0x8219 0x5
  11.344 TIGER-SAMPLE pid 0xa2d n 0x2b thread 0x1203 thread 0x1203 state-kr 0x0 pc 0x90009817 leaf mach_msg_trap+0x7 frames: 0x90009817 0x2ca6d8 0x90023d67
  11.344 TIGER-SAMPLE pid 0xa2d n 0x2b thread 0x3207 thread 0x3207 state-kr 0x0 pc 0x90024407 leaf semaphore_wait_signal_trap+0x7 frames: 0x90024407 0x364de 0x90023d67
  11.344 TIGER-SAMPLE pid 0xa2d n 0x2b thread 0x3403 thread 0x3403 state-kr 0x0 pc 0x90024407 leaf semaphore_wait_signal_trap+0x7 frames: 0x90024407 0x364de 0x90023d67
  11.344 TIGER-SAMPLE pid 0xa2d n 0x2b thread 0x5103 thread 0x5103 state-kr 0x0 pc 0x900bc3fc leaf poll+0xc frames: 0x900bc3fc 0x2cd134 0x313210b 0x319b321 0x90023d67
  11.345 TIGER-SAMPLE pid 0xa2d n 0x2b thread 0x5203 thread 0x5203 state-kr 0x0 pc 0x90024407 leaf semaphore_wait_signal_trap+0x7 frames: 0x90024407 0x364de 0x90023d67
  11.345 TIGER-SAMPLE pid 0xa2d n 0x2b thread 0x5503 thread 0x5503 state-kr 0x0 pc 0x900bc3fc leaf poll+0xc frames: 0x900bc3fc 0x2cd134 0x313210b 0x319b321 0x90023d67
  11.345 TIGER-SAMPLE pid 0xa2d n 0x2b thread 0x5603 thread 0x5603 state-kr 0x0 pc 0x90024407 leaf semaphore_wait_signal_trap+0x7 frames: 0x90024407 0x364de 0x90023d67
  11.346 TIGER-SAMPLE pid 0xa2d n 0x2b thread 0x5c07 thread 0x5c07 state-kr 0x0 pc 0x90005e07 leaf free+0x1017 frames: 0x90005e07 0x900050c8 0x2cc149 0x2cc6bb 0x2cd134 0x313210b 0x319b321 0x90023d67
  11.346 TIGER-SAMPLE pid 0xa2d n 0x2b thread 0x5e07 thread 0x5e07 state-kr 0x0 pc 0x90024407 leaf semaphore_wait_signal_trap+0x7 frames: 0x90024407 0x915a96ab 0x915c3ddc 0x90023d67
  11.377 TIGER-SAMPLE pid 0xa30 n 0x28 main 0xd03 thread 0xd03 state-kr 0x0 pc 0x109a95e22 leaf __semwait_signal+0xa frames: 0x109a95e22 0x1042a1327 0x1041d56a2 0x1042a4329 0x1042a34a6 0x1042a3089 0x100046488 0x100001d0c 0x100001c21 0x3
  11.377 TIGER-SAMPLE pid 0xa30 n 0x28 thread 0xf03 thread 0xf03 state-kr 0x0 pc 0x109adfe4e leaf mach_msg_trap+0xa frames: 0x109adfe4e 0x10045c512 0x109a91e9e
  11.377 TIGER-SAMPLE pid 0xa30 n 0x28 thread 0x1103 thread 0x1103 state-kr 0x0 pc 0x109a95e22 leaf __semwait_signal+0xa frames: 0x109a95e22 0x1042a12e5 0x1041d56a2 0x1042a4329 0x1042a34a6 0x1042a3089 0x10423ab3e 0x1042a0d09 0x109a91e9e
  11.378 TIGER-SAMPLE pid 0xa30 n 0x28 thread 0x2303 thread 0x2303 state-kr 0x0 pc 0x109a95e22 leaf __semwait_signal+0xa frames: 0x109a95e22 0x1042a12e5 0x1041d56a2 0x1042a4329 0x1042a34a6 0x1042a3089 0x10423ab3e 0x1042a0d09 0x109a91e9e
  11.378 TIGER-SAMPLE pid 0xa30 n 0x28 thread 0x2403 thread 0x2403 state-kr 0x0 pc 0x109a95e22 leaf __semwait_signal+0xa frames: 0x109a95e22 0x1042a12e5 0x1041d56a2 0x1042a4329 0x1042a34a6 0x1042a3089 0x10423ab3e 0x1042a0d09 0x109a91e9e
  11.378 TIGER-SAMPLE pid 0xa30 n 0x28 thread 0x2503 thread 0x2503 state-kr 0x0 pc 0x109a467e6 leaf poll+0xa frames: 0x109a467e6 0x10423ab3e 0x1042a0d09 0x109a91e9e
  11.378 TIGER-SAMPLE pid 0xa30 n 0x28 thread 0x2603 thread 0x2603 state-kr 0x0 pc 0x109a95e22 leaf __semwait_signal+0xa frames: 0x109a95e22 0x1042a12e5 0x1041d56a2 0x1042a4329 0x1042a34a6 0x1042a3089 0x10423ab3e 0x1042a0d09 0x109a91e9e
  11.379 TIGER-SAMPLE pid 0xa30 n 0x28 thread 0x2703 thread 0x2703 state-kr 0x0 pc 0x109a467e6 leaf poll+0xa frames: 0x109a467e6 0x10423ab3e 0x1042a0d09 0x109a91e9e
  11.379 TIGER-SAMPLE pid 0xa30 n 0x28 thread 0x2807 thread 0x2807 state-kr 0x0 pc 0x109a95e22 leaf __semwait_signal+0xa frames: 0x109a95e22 0x1042a12e5 0x1041d56a2 0x1042a4329 0x1042a34a6 0x1042a3089 0x10423ab3e 0x1042a0d09 0x109a91e9e
  11.379 TIGER-SAMPLE pid 0xa30 n 0x28 thread 0x2903 thread 0x2903 state-kr 0x0 pc 0x109a95e22 leaf __semwait_signal+0xa frames: 0x109a95e22 0x1042a12e5 0x1041d56a2 0x1042a4329 0x1042a34a6 0x1042a3089 0x10423ab3e 0x1042a0d09 0x109a91e9e
  11.379 TIGER-SAMPLE pid 0xa30 n 0x28 thread 0x2a03 thread 0x2a03 state-kr 0x0 pc 0x109a95e22 leaf __semwait_signal+0xa frames: 0x109a95e22 0x1042a12e5 0x1041d56a2 0x1042a4329 0x1042a34a6 0x1042a3089 0x10423ab3e 0x1042a0d09 0x109a91e9e
  11.382 TIGER-SAMPLE pid 0xa30 n 0x28 thread 0x2b03 thread 0x2b03 state-kr 0x0 pc 0x10045dbdf leaf _ZN3IPC10Connection16readyReadHandlerEv+0x1f frames: 0x10045dbdf 0x10045e43e 0x10423ab3e 0x1042a0d09 0x109a91e9e
  11.382 TIGER-SAMPLE pid 0xa30 n 0x28 thread 0x2c03 thread 0x2c03 state-kr 0x0 pc 0x109a95e22 leaf __semwait_signal+0xa frames: 0x109a95e22 0x1042a12e5 0x1041d56a2 0x1042a4329 0x1042a34a6 0x1042a3089 0x10423ab3e 0x1042a0d09 0x109a91e9e
  11.384 TIGER-SAMPLE pid 0xa30 n 0x28 thread 0x2d03 thread 0x2d03 state-kr 0x0 pc 0x10045dd83 leaf _ZN3IPC10Connection16readyReadHandlerEv+0x1c3 frames: 0x10045dd83 0x10045e43e 0x10423ab3e 0x1042a0d09 0x109a91e9e
  11.384 TIGER-SAMPLE pid 0xa30 n 0x28 thread 0x4103 thread 0x4103 state-kr 0x0 pc 0x109a95e22 leaf __semwait_signal+0xa frames: 0x109a95e22 0x1042a1327 0x1041d56a2 0x1041b2277 0x10423ab3e 0x1042a0d09 0x109a91e9e
  11.385 TIGER-SAMPLE pid 0xa30 n 0x28 thread 0x4203 thread 0x4203 state-kr 0x0 pc 0x109a95e22 leaf __semwait_signal+0xa frames: 0x109a95e22 0x1042a1327 0x1041d56a2 0x1041b2277 0x10423ab3e 0x1042a0d09 0x109a91e9e
  11.427 TIGER-SAMPLE pid 0xa31 n 0x2a main 0xd03 thread 0xd03 state-kr 0x0 pc 0x109895e22 leaf __semwait_signal+0xa frames: 0x109895e22 0x10409c9d5 0x103fcd562 0x10409fb49 0x10409ec36 0x10409e819 0x10004a16b 0x10000154c 0x100001461 0x3
  11.428 TIGER-SAMPLE pid 0xa31 n 0x2a thread 0xf03 thread 0xf03 state-kr 0x0 pc 0x1098dfe4e leaf mach_msg_trap+0xa frames: 0x1098dfe4e 0x100327902 0x109891e9e
  11.428 TIGER-SAMPLE pid 0xa31 n 0x2a thread 0x1103 thread 0x1103 state-kr 0x0 pc 0x109895e22 leaf __semwait_signal+0xa frames: 0x109895e22 0x10409c9d5 0x103fcd562 0x10409fb49 0x10409ec36 0x10409e819 0x104033bfe 0x10409c3f9 0x109891e9e
  11.428 TIGER-SAMPLE pid 0xa31 n 0x2a thread 0x2303 thread 0x2303 state-kr 0x0 pc 0x1098467e6 leaf poll+0xa frames: 0x1098467e6 0x104033bfe 0x10409c3f9 0x109891e9e
  11.428 TIGER-SAMPLE pid 0xa31 n 0x2a thread 0x2407 thread 0x2407 state-kr 0x0 pc 0x109895e22 leaf __semwait_signal+0xa frames: 0x109895e22 0x10409c9d5 0x103fcd562 0x10409fb49 0x10409ec36 0x10409e819 0x104033bfe 0x10409c3f9 0x109891e9e
  11.429 TIGER-SAMPLE pid 0xa31 n 0x2a thread 0x2503 thread 0x2503 state-kr 0x0 pc 0x109895e22 leaf __semwait_signal+0xa frames: 0x109895e22 0x10409c9d5 0x103fcd562 0x10409fb49 0x10409ec36 0x10409e819 0x104033bfe 0x10409c3f9 0x109891e9e
  11.429 TIGER-SAMPLE pid 0xa31 n 0x2a thread 0x2603 thread 0x2603 state-kr 0x0 pc 0x109895e22 leaf __semwait_signal+0xa frames: 0x109895e22 0x10409c9d5 0x103fcd562 0x10409fb49 0x10409ec36 0x10409e819 0x104033bfe 0x10409c3f9 0x109891e9e
  11.429 TIGER-SAMPLE pid 0xa31 n 0x2a thread 0x2703 thread 0x2703 state-kr 0x0 pc 0x109895e22 leaf __semwait_signal+0xa frames: 0x109895e22 0x10409c9d5 0x103fcd562 0x10409fb49 0x10409ec36 0x10409e819 0x104033bfe 0x10409c3f9 0x109891e9e
  11.429 TIGER-SAMPLE pid 0xa31 n 0x2a thread 0x2903 thread 0x2903 state-kr 0x0 pc 0x109895e22 leaf __semwait_signal+0xa frames: 0x109895e22 0x10409c9d5 0x103fcd562 0x10409fb49 0x10409ec36 0x10409e819 0x104033bfe 0x10409c3f9 0x109891e9e
  11.430 TIGER-SAMPLE pid 0xa31 n 0x2a thread 0x2a03 thread 0x2a03 state-kr 0x0 pc 0x1098467e6 leaf poll+0xa frames: 0x1098467e6 0x104033bfe 0x10409c3f9 0x109891e9e
  11.430 TIGER-SAMPLE pid 0xa31 n 0x2a thread 0x2b03 thread 0x2b03 state-kr 0x0 pc 0x1098467e6 leaf poll+0xa frames: 0x1098467e6 0x104388627 0x1043887ea 0x101f32ba7 0x101f3e971 0x104033bfe 0x10409c3f9 0x109891e9e
  11.430 TIGER-SAMPLE pid 0xa31 n 0x2a thread 0x3003 thread 0x3003 state-kr 0x0 pc 0x109895e22 leaf __semwait_signal+0xa frames: 0x109895e22 0x10409c9d5 0x103fcd562 0x10409fb49 0x10409ec36 0x10409e819 0x104033bfe 0x10409c3f9 0x109891e9e
  11.596 TIGER-SAMPLE pid 0xa2d n 0x2c main 0x117 thread 0x117 state-kr 0x0 pc 0x90009817 leaf mach_msg_trap+0x7 frames: 0x90009817 0x9082d227 0x9082ca42 0x92e06878 0x92e05f82 0x92e05dd9 0x9328cf45 0x9328cb37 0x932868c4 0x8af6 0x82f2 0x8219 0x5
  11.597 TIGER-SAMPLE pid 0xa2d n 0x2c thread 0x1203 thread 0x1203 state-kr 0x0 pc 0x90009817 leaf mach_msg_trap+0x7 frames: 0x90009817 0x2ca6d8 0x90023d67
  11.597 TIGER-SAMPLE pid 0xa2d n 0x2c thread 0x3207 thread 0x3207 state-kr 0x0 pc 0x90024407 leaf semaphore_wait_signal_trap+0x7 frames: 0x90024407 0x364de 0x90023d67
  11.597 TIGER-SAMPLE pid 0xa2d n 0x2c thread 0x3403 thread 0x3403 state-kr 0x0 pc 0x90024407 leaf semaphore_wait_signal_trap+0x7 frames: 0x90024407 0x364de 0x90023d67
  11.597 TIGER-SAMPLE pid 0xa2d n 0x2c thread 0x5103 thread 0x5103 state-kr 0x0 pc 0x900bc3fc leaf poll+0xc frames: 0x900bc3fc 0x2cd134 0x313210b 0x319b321 0x90023d67
  11.598 TIGER-SAMPLE pid 0xa2d n 0x2c thread 0x5203 thread 0x5203 state-kr 0x0 pc 0x90024407 leaf semaphore_wait_signal_trap+0x7 frames: 0x90024407 0x364de 0x90023d67
  11.598 TIGER-SAMPLE pid 0xa2d n 0x2c thread 0x5503 thread 0x5503 state-kr 0x0 pc 0x900bc3fc leaf poll+0xc frames: 0x900bc3fc 0x2cd134 0x313210b 0x319b321 0x90023d67
  11.598 TIGER-SAMPLE pid 0xa2d n 0x2c thread 0x5603 thread 0x5603 state-kr 0x0 pc 0x90024407 leaf semaphore_wait_signal_trap+0x7 frames: 0x90024407 0x364de 0x90023d67
  11.599 TIGER-SAMPLE pid 0xa2d n 0x2c thread 0x5c07 thread 0x5c07 state-kr 0x0 pc 0x900265fc leaf recvmsg+0xc frames: 0x900265fc 0x2cc6bb 0x2cd134 0x313210b 0x319b321 0x90023d67
  11.599 TIGER-SAMPLE pid 0xa2d n 0x2c thread 0x5e07 thread 0x5e07 state-kr 0x0 pc 0x90024407 leaf semaphore_wait_signal_trap+0x7 frames: 0x90024407 0x915a96ab 0x915c3ddc 0x90023d67
  11.635 TIGER-SAMPLE pid 0xa30 n 0x29 main 0xd03 thread 0xd03 state-kr 0x0 pc 0x109a95e22 leaf __semwait_signal+0xa frames: 0x109a95e22 0x1042a1327 0x1041d56a2 0x1042a4329 0x1042a34a6 0x1042a3089 0x100046488 0x100001d0c 0x100001c21 0x3
  11.635 TIGER-SAMPLE pid 0xa30 n 0x29 thread 0xf03 thread 0xf03 state-kr 0x0 pc 0x109adfe4e leaf mach_msg_trap+0xa frames: 0x109adfe4e 0x10045c512 0x109a91e9e
  11.635 TIGER-SAMPLE pid 0xa30 n 0x29 thread 0x1103 thread 0x1103 state-kr 0x0 pc 0x109a95e22 leaf __semwait_signal+0xa frames: 0x109a95e22 0x1042a12e5 0x1041d56a2 0x1042a4329 0x1042a34a6 0x1042a3089 0x10423ab3e 0x1042a0d09 0x109a91e9e
  11.635 TIGER-SAMPLE pid 0xa30 n 0x29 thread 0x2303 thread 0x2303 state-kr 0x0 pc 0x109a95e22 leaf __semwait_signal+0xa frames: 0x109a95e22 0x1042a12e5 0x1041d56a2 0x1042a4329 0x1042a34a6 0x1042a3089 0x10423ab3e 0x1042a0d09 0x109a91e9e
  11.636 TIGER-SAMPLE pid 0xa30 n 0x29 thread 0x2403 thread 0x2403 state-kr 0x0 pc 0x109a95e22 leaf __semwait_signal+0xa frames: 0x109a95e22 0x1042a12e5 0x1041d56a2 0x1042a4329 0x1042a34a6 0x1042a3089 0x10423ab3e 0x1042a0d09 0x109a91e9e
  11.636 TIGER-SAMPLE pid 0xa30 n 0x29 thread 0x2503 thread 0x2503 state-kr 0x0 pc 0x109a467e6 leaf poll+0xa frames: 0x109a467e6 0x10423ab3e 0x1042a0d09 0x109a91e9e
  11.636 TIGER-SAMPLE pid 0xa30 n 0x29 thread 0x2603 thread 0x2603 state-kr 0x0 pc 0x109a95e22 leaf __semwait_signal+0xa frames: 0x109a95e22 0x1042a12e5 0x1041d56a2 0x1042a4329 0x1042a34a6 0x1042a3089 0x10423ab3e 0x1042a0d09 0x109a91e9e
  11.636 TIGER-SAMPLE pid 0xa30 n 0x29 thread 0x2703 thread 0x2703 state-kr 0x0 pc 0x109a467e6 leaf poll+0xa frames: 0x109a467e6 0x10423ab3e 0x1042a0d09 0x109a91e9e
  11.637 TIGER-SAMPLE pid 0xa30 n 0x29 thread 0x2807 thread 0x2807 state-kr 0x0 pc 0x109a95e22 leaf __semwait_signal+0xa frames: 0x109a95e22 0x1042a12e5 0x1041d56a2 0x1042a4329 0x1042a34a6 0x1042a3089 0x10423ab3e 0x1042a0d09 0x109a91e9e
  11.637 TIGER-SAMPLE pid 0xa30 n 0x29 thread 0x2903 thread 0x2903 state-kr 0x0 pc 0x109a95e22 leaf __semwait_signal+0xa frames: 0x109a95e22 0x1042a12e5 0x1041d56a2 0x1042a4329 0x1042a34a6 0x1042a3089 0x10423ab3e 0x1042a0d09 0x109a91e9e
  11.637 TIGER-SAMPLE pid 0xa30 n 0x29 thread 0x2a03 thread 0x2a03 state-kr 0x0 pc 0x109a95e22 leaf __semwait_signal+0xa frames: 0x109a95e22 0x1042a12e5 0x1041d56a2 0x1042a4329 0x1042a34a6 0x1042a3089 0x10423ab3e 0x1042a0d09 0x109a91e9e
  11.637 TIGER-SAMPLE pid 0xa30 n 0x29 thread 0x2b03 thread 0x2b03 state-kr 0x0 pc 0x109a46712 leaf recvmsg+0xa frames: 0x109a46712 0x10045e43e 0x10423ab3e 0x1042a0d09 0x109a91e9e
  11.638 TIGER-SAMPLE pid 0xa30 n 0x29 thread 0x2c03 thread 0x2c03 state-kr 0x0 pc 0x109a95e22 leaf __semwait_signal+0xa frames: 0x109a95e22 0x1042a12e5 0x1041d56a2 0x1042a4329 0x1042a34a6 0x1042a3089 0x10423ab3e 0x1042a0d09 0x109a91e9e
  11.638 TIGER-SAMPLE pid 0xa30 n 0x29 thread 0x2d03 thread 0x2d03 state-kr 0x0 pc 0x109a46712 leaf recvmsg+0xa frames: 0x109a46712 0x10045e43e 0x10423ab3e 0x1042a0d09 0x109a91e9e
  11.638 TIGER-SAMPLE pid 0xa30 n 0x29 thread 0x4103 thread 0x4103 state-kr 0x0 pc 0x109a95e22 leaf __semwait_signal+0xa frames: 0x109a95e22 0x1042a1327 0x1041d56a2 0x1041b2277 0x10423ab3e 0x1042a0d09 0x109a91e9e
  11.638 TIGER-SAMPLE pid 0xa30 n 0x29 thread 0x4203 thread 0x4203 state-kr 0x0 pc 0x109a95e22 leaf __semwait_signal+0xa frames: 0x109a95e22 0x1042a1327 0x1041d56a2 0x1041b2277 0x10423ab3e 0x1042a0d09 0x109a91e9e
  11.682 TIGER-SAMPLE pid 0xa31 n 0x2b main 0xd03 thread 0xd03 state-kr 0x0 pc 0x109895e22 leaf __semwait_signal+0xa frames: 0x109895e22 0x10409c9d5 0x103fcd562 0x10409fb49 0x10409ec36 0x10409e819 0x10004a16b 0x10000154c 0x100001461 0x3
  11.682 TIGER-SAMPLE pid 0xa31 n 0x2b thread 0xf03 thread 0xf03 state-kr 0x0 pc 0x1098dfe4e leaf mach_msg_trap+0xa frames: 0x1098dfe4e 0x100327902 0x109891e9e
  11.682 TIGER-SAMPLE pid 0xa31 n 0x2b thread 0x1103 thread 0x1103 state-kr 0x0 pc 0x109895e22 leaf __semwait_signal+0xa frames: 0x109895e22 0x10409c9d5 0x103fcd562 0x10409fb49 0x10409ec36 0x10409e819 0x104033bfe 0x10409c3f9 0x109891e9e
  11.682 TIGER-SAMPLE pid 0xa31 n 0x2b thread 0x2303 thread 0x2303 state-kr 0x0 pc 0x1098467e6 leaf poll+0xa frames: 0x1098467e6 0x104033bfe 0x10409c3f9 0x109891e9e
  11.682 TIGER-SAMPLE pid 0xa31 n 0x2b thread 0x2407 thread 0x2407 state-kr 0x0 pc 0x109895e22 leaf __semwait_signal+0xa frames: 0x109895e22 0x10409c9d5 0x103fcd562 0x10409fb49 0x10409ec36 0x10409e819 0x104033bfe 0x10409c3f9 0x109891e9e
  11.682 TIGER-SAMPLE pid 0xa31 n 0x2b thread 0x2503 thread 0x2503 state-kr 0x0 pc 0x109895e22 leaf __semwait_signal+0xa frames: 0x109895e22 0x10409c9d5 0x103fcd562 0x10409fb49 0x10409ec36 0x10409e819 0x104033bfe 0x10409c3f9 0x109891e9e
  11.682 TIGER-SAMPLE pid 0xa31 n 0x2b thread 0x2603 thread 0x2603 state-kr 0x0 pc 0x109895e22 leaf __semwait_signal+0xa frames: 0x109895e22 0x10409c9d5 0x103fcd562 0x10409fb49 0x10409ec36 0x10409e819 0x104033bfe 0x10409c3f9 0x109891e9e
  11.682 TIGER-SAMPLE pid 0xa31 n 0x2b thread 0x2703 thread 0x2703 state-kr 0x0 pc 0x109895e22 leaf __semwait_signal+0xa frames: 0x109895e22 0x10409c9d5 0x103fcd562 0x10409fb49 0x10409ec36 0x10409e819 0x104033bfe 0x10409c3f9 0x109891e9e
  11.682 TIGER-SAMPLE pid 0xa31 n 0x2b thread 0x2903 thread 0x2903 state-kr 0x0 pc 0x109895e22 leaf __semwait_signal+0xa frames: 0x109895e22 0x10409c9d5 0x103fcd562 0x10409fb49 0x10409ec36 0x10409e819 0x104033bfe 0x10409c3f9 0x109891e9e
  11.682 TIGER-SAMPLE pid 0xa31 n 0x2b thread 0x2a03 thread 0x2a03 state-kr 0x0 pc 0x1098467e6 leaf poll+0xa frames: 0x1098467e6 0x104033bfe 0x10409c3f9 0x109891e9e
  11.682 TIGER-SAMPLE pid 0xa31 n 0x2b thread 0x2b03 thread 0x2b03 state-kr 0x0 pc 0x1098467e6 leaf poll+0xa frames: 0x1098467e6 0x104388627 0x1043887ea 0x101f32ba7 0x101f3e971 0x104033bfe 0x10409c3f9 0x109891e9e
  11.682 TIGER-SAMPLE pid 0xa31 n 0x2b thread 0x3003 thread 0x3003 state-kr 0x0 pc 0x109895e22 leaf __semwait_signal+0xa frames: 0x109895e22 0x10409c9d5 0x103fcd562 0x10409fb49 0x10409ec36 0x10409e819 0x104033bfe 0x10409c3f9 0x109891e9e
  11.849 TIGER-SAMPLE pid 0xa2d n 0x2d main 0x117 thread 0x117 state-kr 0x0 pc 0x90009817 leaf mach_msg_trap+0x7 frames: 0x90009817 0x9082d227 0x9082ca42 0x92e06878 0x92e05f82 0x92e05dd9 0x9328cf45 0x9328cb37 0x932868c4 0x8af6 0x82f2 0x8219 0x5
  11.850 TIGER-SAMPLE pid 0xa2d n 0x2d thread 0x1203 thread 0x1203 state-kr 0x0 pc 0x90009817 leaf mach_msg_trap+0x7 frames: 0x90009817 0x2ca6d8 0x90023d67
  11.850 TIGER-SAMPLE pid 0xa2d n 0x2d thread 0x3207 thread 0x3207 state-kr 0x0 pc 0x90024407 leaf semaphore_wait_signal_trap+0x7 frames: 0x90024407 0x364de 0x90023d67
  11.850 TIGER-SAMPLE pid 0xa2d n 0x2d thread 0x3403 thread 0x3403 state-kr 0x0 pc 0x90024407 leaf semaphore_wait_signal_trap+0x7 frames: 0x90024407 0x364de 0x90023d67
  11.850 TIGER-SAMPLE pid 0xa2d n 0x2d thread 0x5103 thread 0x5103 state-kr 0x0 pc 0x900bc3fc leaf poll+0xc frames: 0x900bc3fc 0x2cd134 0x313210b 0x319b321 0x90023d67
  11.851 TIGER-SAMPLE pid 0xa2d n 0x2d thread 0x5203 thread 0x5203 state-kr 0x0 pc 0x90024407 leaf semaphore_wait_signal_trap+0x7 frames: 0x90024407 0x364de 0x90023d67
  11.851 TIGER-SAMPLE pid 0xa2d n 0x2d thread 0x5503 thread 0x5503 state-kr 0x0 pc 0x900bc3fc leaf poll+0xc frames: 0x900bc3fc 0x2cd134 0x313210b 0x319b321 0x90023d67
  11.851 TIGER-SAMPLE pid 0xa2d n 0x2d thread 0x5603 thread 0x5603 state-kr 0x0 pc 0x90024407 leaf semaphore_wait_signal_trap+0x7 frames: 0x90024407 0x364de 0x90023d67
  11.852 TIGER-SAMPLE pid 0xa2d n 0x2d thread 0x5c07 thread 0x5c07 state-kr 0x0 pc 0x900265fc leaf recvmsg+0xc frames: 0x900265fc 0x2cc6bb 0x2cd134 0x313210b 0x319b321 0x90023d67
  11.852 TIGER-SAMPLE pid 0xa2d n 0x2d thread 0x5e07 thread 0x5e07 state-kr 0x0 pc 0x90024407 leaf semaphore_wait_signal_trap+0x7 frames: 0x90024407 0x915a96ab 0x915c3ddc 0x90023d67
  11.890 TIGER-SAMPLE pid 0xa30 n 0x2a main 0xd03 thread 0xd03 state-kr 0x0 pc 0x109a95e22 leaf __semwait_signal+0xa frames: 0x109a95e22 0x1042a1327 0x1041d56a2 0x1042a4329 0x1042a34a6 0x1042a3089 0x100046488 0x100001d0c 0x100001c21 0x3
  11.890 TIGER-SAMPLE pid 0xa30 n 0x2a thread 0xf03 thread 0xf03 state-kr 0x0 pc 0x109adfe4e leaf mach_msg_trap+0xa frames: 0x109adfe4e 0x10045c512 0x109a91e9e
  11.890 TIGER-SAMPLE pid 0xa30 n 0x2a thread 0x1103 thread 0x1103 state-kr 0x0 pc 0x109a95e22 leaf __semwait_signal+0xa frames: 0x109a95e22 0x1042a12e5 0x1041d56a2 0x1042a4329 0x1042a34a6 0x1042a3089 0x10423ab3e 0x1042a0d09 0x109a91e9e
  11.890 TIGER-SAMPLE pid 0xa30 n 0x2a thread 0x2303 thread 0x2303 state-kr 0x0 pc 0x109a95e22 leaf __semwait_signal+0xa frames: 0x109a95e22 0x1042a12e5 0x1041d56a2 0x1042a4329 0x1042a34a6 0x1042a3089 0x10423ab3e 0x1042a0d09 0x109a91e9e
  11.890 TIGER-SAMPLE pid 0xa30 n 0x2a thread 0x2403 thread 0x2403 state-kr 0x0 pc 0x109a95e22 leaf __semwait_signal+0xa frames: 0x109a95e22 0x1042a12e5 0x1041d56a2 0x1042a4329 0x1042a34a6 0x1042a3089 0x10423ab3e 0x1042a0d09 0x109a91e9e
  11.890 TIGER-SAMPLE pid 0xa30 n 0x2a thread 0x2503 thread 0x2503 state-kr 0x0 pc 0x109a467e6 leaf poll+0xa frames: 0x109a467e6 0x10423ab3e 0x1042a0d09 0x109a91e9e
  11.890 TIGER-SAMPLE pid 0xa30 n 0x2a thread 0x2603 thread 0x2603 state-kr 0x0 pc 0x109a95e22 leaf __semwait_signal+0xa frames: 0x109a95e22 0x1042a12e5 0x1041d56a2 0x1042a4329 0x1042a34a6 0x1042a3089 0x10423ab3e 0x1042a0d09 0x109a91e9e
  11.890 TIGER-SAMPLE pid 0xa30 n 0x2a thread 0x2703 thread 0x2703 state-kr 0x0 pc 0x109a467e6 leaf poll+0xa frames: 0x109a467e6 0x10423ab3e 0x1042a0d09 0x109a91e9e
  11.890 TIGER-SAMPLE pid 0xa30 n 0x2a thread 0x2807 thread 0x2807 state-kr 0x0 pc 0x109a95e22 leaf __semwait_signal+0xa frames: 0x109a95e22 0x1042a12e5 0x1041d56a2 0x1042a4329 0x1042a34a6 0x1042a3089 0x10423ab3e 0x1042a0d09 0x109a91e9e
  11.890 TIGER-SAMPLE pid 0xa30 n 0x2a thread 0x2903 thread 0x2903 state-kr 0x0 pc 0x109a95e22 leaf __semwait_signal+0xa frames: 0x109a95e22 0x1042a12e5 0x1041d56a2 0x1042a4329 0x1042a34a6 0x1042a3089 0x10423ab3e 0x1042a0d09 0x109a91e9e
  11.890 TIGER-SAMPLE pid 0xa30 n 0x2a thread 0x2a03 thread 0x2a03 state-kr 0x0 pc 0x109a95e22 leaf __semwait_signal+0xa frames: 0x109a95e22 0x1042a12e5 0x1041d56a2 0x1042a4329 0x1042a34a6 0x1042a3089 0x10423ab3e 0x1042a0d09 0x109a91e9e
  11.909 TIGER-SAMPLE pid 0xa30 n 0x2a thread 0x2b03 thread 0x2b03 state-kr 0x0 pc 0x109a46712 leaf recvmsg+0xa frames: 0x109a46712 0x10045e43e 0x10423ab3e 0x1042a0d09 0x109a91e9e
  11.909 TIGER-SAMPLE pid 0xa30 n 0x2a thread 0x2c03 thread 0x2c03 state-kr 0x0 pc 0x109a95e22 leaf __semwait_signal+0xa frames: 0x109a95e22 0x1042a12e5 0x1041d56a2 0x1042a4329 0x1042a34a6 0x1042a3089 0x10423ab3e 0x1042a0d09 0x109a91e9e
  11.919 TIGER-SAMPLE pid 0xa30 n 0x2a thread 0x2d03 thread 0x2d03 state-kr 0x0 pc 0x109adb000 leaf calloc+0x28f frames: 0x109adb000 0x1041bec11 0x10045dbf8 0x10045e43e 0x10423ab3e 0x1042a0d09 0x109a91e9e
  11.919 TIGER-SAMPLE pid 0xa30 n 0x2a thread 0x4103 thread 0x4103 state-kr 0x0 pc 0x109a95e22 leaf __semwait_signal+0xa frames: 0x109a95e22 0x1042a1327 0x1041d56a2 0x1041b2277 0x10423ab3e 0x1042a0d09 0x109a91e9e
  11.920 TIGER-SAMPLE pid 0xa30 n 0x2a thread 0x4203 thread 0x4203 state-kr 0x0 pc 0x109a95e22 leaf __semwait_signal+0xa frames: 0x109a95e22 0x1042a1327 0x1041d56a2 0x1041b2277 0x10423ab3e 0x1042a0d09 0x109a91e9e
  11.934 TIGER-SAMPLE pid 0xa31 n 0x2c main 0xd03 thread 0xd03 state-kr 0x0 pc 0x109895e22 leaf __semwait_signal+0xa frames: 0x109895e22 0x10409c9d5 0x103fcd562 0x10409fb49 0x10409ec36 0x10409e819 0x10004a16b 0x10000154c 0x100001461 0x3
  11.934 TIGER-SAMPLE pid 0xa31 n 0x2c thread 0xf03 thread 0xf03 state-kr 0x0 pc 0x1098dfe4e leaf mach_msg_trap+0xa frames: 0x1098dfe4e 0x100327902 0x109891e9e
  11.934 TIGER-SAMPLE pid 0xa31 n 0x2c thread 0x1103 thread 0x1103 state-kr 0x0 pc 0x109895e22 leaf __semwait_signal+0xa frames: 0x109895e22 0x10409c9d5 0x103fcd562 0x10409fb49 0x10409ec36 0x10409e819 0x104033bfe 0x10409c3f9 0x109891e9e
  11.934 TIGER-SAMPLE pid 0xa31 n 0x2c thread 0x2303 thread 0x2303 state-kr 0x0 pc 0x1098467e6 leaf poll+0xa frames: 0x1098467e6 0x104033bfe 0x10409c3f9 0x109891e9e
  11.934 TIGER-SAMPLE pid 0xa31 n 0x2c thread 0x2407 thread 0x2407 state-kr 0x0 pc 0x109895e22 leaf __semwait_signal+0xa frames: 0x109895e22 0x10409c9d5 0x103fcd562 0x10409fb49 0x10409ec36 0x10409e819 0x104033bfe 0x10409c3f9 0x109891e9e
  11.934 TIGER-SAMPLE pid 0xa31 n 0x2c thread 0x2503 thread 0x2503 state-kr 0x0 pc 0x109895e22 leaf __semwait_signal+0xa frames: 0x109895e22 0x10409c9d5 0x103fcd562 0x10409fb49 0x10409ec36 0x10409e819 0x104033bfe 0x10409c3f9 0x109891e9e
  11.934 TIGER-SAMPLE pid 0xa31 n 0x2c thread 0x2603 thread 0x2603 state-kr 0x0 pc 0x109895e22 leaf __semwait_signal+0xa frames: 0x109895e22 0x10409c9d5 0x103fcd562 0x10409fb49 0x10409ec36 0x10409e819 0x104033bfe 0x10409c3f9 0x109891e9e
  11.934 TIGER-SAMPLE pid 0xa31 n 0x2c thread 0x2703 thread 0x2703 state-kr 0x0 pc 0x109895e22 leaf __semwait_signal+0xa frames: 0x109895e22 0x10409c9d5 0x103fcd562 0x10409fb49 0x10409ec36 0x10409e819 0x104033bfe 0x10409c3f9 0x109891e9e
  11.934 TIGER-SAMPLE pid 0xa31 n 0x2c thread 0x2903 thread 0x2903 state-kr 0x0 pc 0x109895e22 leaf __semwait_signal+0xa frames: 0x109895e22 0x10409c9d5 0x103fcd562 0x10409fb49 0x10409ec36 0x10409e819 0x104033bfe 0x10409c3f9 0x109891e9e
  11.934 TIGER-SAMPLE pid 0xa31 n 0x2c thread 0x2a03 thread 0x2a03 state-kr 0x0 pc 0x1098467e6 leaf poll+0xa frames: 0x1098467e6 0x104033bfe 0x10409c3f9 0x109891e9e
  11.934 TIGER-SAMPLE pid 0xa31 n 0x2c thread 0x2b03 thread 0x2b03 state-kr 0x0 pc 0x1098467e6 leaf poll+0xa frames: 0x1098467e6 0x104388627 0x1043887ea 0x101f32ba7 0x101f3e971 0x104033bfe 0x10409c3f9 0x109891e9e
  11.934 TIGER-SAMPLE pid 0xa31 n 0x2c thread 0x3003 thread 0x3003 state-kr 0x0 pc 0x109895e22 leaf __semwait_signal+0xa frames: 0x109895e22 0x10409c9d5 0x103fcd562 0x10409fb49 0x10409ec36 0x10409e819 0x104033bfe 0x10409c3f9 0x109891e9e
  12.103 TIGER-SAMPLE pid 0xa2d n 0x2e main 0x117 thread 0x117 state-kr 0x0 pc 0x90009817 leaf mach_msg_trap+0x7 frames: 0x90009817 0x9082d227 0x9082ca42 0x92e06878 0x92e05f82 0x92e05dd9 0x9328cf45 0x9328cb37 0x932868c4 0x8af6 0x82f2 0x8219 0x5
  12.103 TIGER-SAMPLE pid 0xa2d n 0x2e thread 0x1203 thread 0x1203 state-kr 0x0 pc 0x90009817 leaf mach_msg_trap+0x7 frames: 0x90009817 0x2ca6d8 0x90023d67
  12.103 TIGER-SAMPLE pid 0xa2d n 0x2e thread 0x3207 thread 0x3207 state-kr 0x0 pc 0x90024407 leaf semaphore_wait_signal_trap+0x7 frames: 0x90024407 0x364de 0x90023d67
  12.103 TIGER-SAMPLE pid 0xa2d n 0x2e thread 0x3403 thread 0x3403 state-kr 0x0 pc 0x90024407 leaf semaphore_wait_signal_trap+0x7 frames: 0x90024407 0x364de 0x90023d67
  12.103 TIGER-SAMPLE pid 0xa2d n 0x2e thread 0x5103 thread 0x5103 state-kr 0x0 pc 0x900bc3fc leaf poll+0xc frames: 0x900bc3fc 0x2cd134 0x313210b 0x319b321 0x90023d67
  12.104 TIGER-SAMPLE pid 0xa2d n 0x2e thread 0x5203 thread 0x5203 state-kr 0x0 pc 0x90024407 leaf semaphore_wait_signal_trap+0x7 frames: 0x90024407 0x364de 0x90023d67
  12.104 TIGER-SAMPLE pid 0xa2d n 0x2e thread 0x5503 thread 0x5503 state-kr 0x0 pc 0x900bc3fc leaf poll+0xc frames: 0x900bc3fc 0x2cd134 0x313210b 0x319b321 0x90023d67
  12.104 TIGER-SAMPLE pid 0xa2d n 0x2e thread 0x5603 thread 0x5603 state-kr 0x0 pc 0x90024407 leaf semaphore_wait_signal_trap+0x7 frames: 0x90024407 0x364de 0x90023d67
  12.109 TIGER-SAMPLE pid 0xa2d n 0x2e thread 0x5c07 thread 0x5c07 state-kr 0x0 pc 0x2cb4e0 leaf _ZN3IPC10Connection14processMessageEv+0x0 frames: 0x2cb4e0 0x2cc6bb 0x2cd134 0x313210b 0x319b321 0x90023d67
  12.109 TIGER-SAMPLE pid 0xa2d n 0x2e thread 0x5e07 thread 0x5e07 state-kr 0x0 pc 0x90024407 leaf semaphore_wait_signal_trap+0x7 frames: 0x90024407 0x915a96ab 0x915c3ddc 0x90023d67
  12.170 TIGER-SAMPLE pid 0xa30 n 0x2b main 0xd03 thread 0xd03 state-kr 0x0 pc 0x109a95e22 leaf __semwait_signal+0xa frames: 0x109a95e22 0x1042a1327 0x1041d56a2 0x1042a4329 0x1042a34a6 0x1042a3089 0x100046488 0x100001d0c 0x100001c21 0x3
  12.170 TIGER-SAMPLE pid 0xa30 n 0x2b thread 0xf03 thread 0xf03 state-kr 0x0 pc 0x109adfe4e leaf mach_msg_trap+0xa frames: 0x109adfe4e 0x10045c512 0x109a91e9e
  12.170 TIGER-SAMPLE pid 0xa30 n 0x2b thread 0x1103 thread 0x1103 state-kr 0x0 pc 0x109a95e22 leaf __semwait_signal+0xa frames: 0x109a95e22 0x1042a12e5 0x1041d56a2 0x1042a4329 0x1042a34a6 0x1042a3089 0x10423ab3e 0x1042a0d09 0x109a91e9e
  12.171 TIGER-SAMPLE pid 0xa30 n 0x2b thread 0x2303 thread 0x2303 state-kr 0x0 pc 0x109a95e22 leaf __semwait_signal+0xa frames: 0x109a95e22 0x1042a12e5 0x1041d56a2 0x1042a4329 0x1042a34a6 0x1042a3089 0x10423ab3e 0x1042a0d09 0x109a91e9e
  12.171 TIGER-SAMPLE pid 0xa30 n 0x2b thread 0x2403 thread 0x2403 state-kr 0x0 pc 0x109a95e22 leaf __semwait_signal+0xa frames: 0x109a95e22 0x1042a12e5 0x1041d56a2 0x1042a4329 0x1042a34a6 0x1042a3089 0x10423ab3e 0x1042a0d09 0x109a91e9e
  12.171 TIGER-SAMPLE pid 0xa30 n 0x2b thread 0x2503 thread 0x2503 state-kr 0x0 pc 0x109a467e6 leaf poll+0xa frames: 0x109a467e6 0x10423ab3e 0x1042a0d09 0x109a91e9e
  12.171 TIGER-SAMPLE pid 0xa30 n 0x2b thread 0x2603 thread 0x2603 state-kr 0x0 pc 0x109a95e22 leaf __semwait_signal+0xa frames: 0x109a95e22 0x1042a12e5 0x1041d56a2 0x1042a4329 0x1042a34a6 0x1042a3089 0x10423ab3e 0x1042a0d09 0x109a91e9e
  12.171 TIGER-SAMPLE pid 0xa30 n 0x2b thread 0x2703 thread 0x2703 state-kr 0x0 pc 0x109a467e6 leaf poll+0xa frames: 0x109a467e6 0x10423ab3e 0x1042a0d09 0x109a91e9e
  12.172 TIGER-SAMPLE pid 0xa30 n 0x2b thread 0x2807 thread 0x2807 state-kr 0x0 pc 0x109a95e22 leaf __semwait_signal+0xa frames: 0x109a95e22 0x1042a12e5 0x1041d56a2 0x1042a4329 0x1042a34a6 0x1042a3089 0x10423ab3e 0x1042a0d09 0x109a91e9e
  12.172 TIGER-SAMPLE pid 0xa30 n 0x2b thread 0x2903 thread 0x2903 state-kr 0x0 pc 0x109a95e22 leaf __semwait_signal+0xa frames: 0x109a95e22 0x1042a12e5 0x1041d56a2 0x1042a4329 0x1042a34a6 0x1042a3089 0x10423ab3e 0x1042a0d09 0x109a91e9e
  12.172 TIGER-SAMPLE pid 0xa30 n 0x2b thread 0x2a03 thread 0x2a03 state-kr 0x0 pc 0x109a95e22 leaf __semwait_signal+0xa frames: 0x109a95e22 0x1042a12e5 0x1041d56a2 0x1042a4329 0x1042a34a6 0x1042a3089 0x10423ab3e 0x1042a0d09 0x109a91e9e
  12.182 TIGER-SAMPLE pid 0xa30 n 0x2b thread 0x2b03 thread 0x2b03 state-kr 0x0 pc 0x109a46712 leaf recvmsg+0xa frames: 0x109a46712 0x10045e43e 0x10423ab3e 0x1042a0d09 0x109a91e9e
  12.182 TIGER-SAMPLE pid 0xa30 n 0x2b thread 0x2c03 thread 0x2c03 state-kr 0x0 pc 0x109a95e22 leaf __semwait_signal+0xa frames: 0x109a95e22 0x1042a12e5 0x1041d56a2 0x1042a4329 0x1042a34a6 0x1042a3089 0x10423ab3e 0x1042a0d09 0x109a91e9e
  12.183 TIGER-SAMPLE pid 0xa30 n 0x2b thread 0x2d03 thread 0x2d03 state-kr 0x0 pc 0x109a46712 leaf recvmsg+0xa frames: 0x109a46712 0x10045e43e 0x10423ab3e 0x1042a0d09 0x109a91e9e
  12.183 TIGER-SAMPLE pid 0xa30 n 0x2b thread 0x4103 thread 0x4103 state-kr 0x0 pc 0x109a95e22 leaf __semwait_signal+0xa frames: 0x109a95e22 0x1042a1327 0x1041d56a2 0x1041b2277 0x10423ab3e 0x1042a0d09 0x109a91e9e
  12.183 TIGER-SAMPLE pid 0xa30 n 0x2b thread 0x4203 thread 0x4203 state-kr 0x0 pc 0x109a95e22 leaf __semwait_signal+0xa frames: 0x109a95e22 0x1042a1327 0x1041d56a2 0x1041b2277 0x10423ab3e 0x1042a0d09 0x109a91e9e
  12.184 TIGER-SAMPLE pid 0xa31 n 0x2d main 0xd03 thread 0xd03 state-kr 0x0 pc 0x109895e22 leaf __semwait_signal+0xa frames: 0x109895e22 0x10409c9d5 0x103fcd562 0x10409fb49 0x10409ec36 0x10409e819 0x10004a16b 0x10000154c 0x100001461 0x3
  12.184 TIGER-SAMPLE pid 0xa31 n 0x2d thread 0xf03 thread 0xf03 state-kr 0x0 pc 0x1098dfe4e leaf mach_msg_trap+0xa frames: 0x1098dfe4e 0x100327902 0x109891e9e
  12.185 TIGER-SAMPLE pid 0xa31 n 0x2d thread 0x1103 thread 0x1103 state-kr 0x0 pc 0x109895e22 leaf __semwait_signal+0xa frames: 0x109895e22 0x10409c9d5 0x103fcd562 0x10409fb49 0x10409ec36 0x10409e819 0x104033bfe 0x10409c3f9 0x109891e9e
  12.185 TIGER-SAMPLE pid 0xa31 n 0x2d thread 0x2303 thread 0x2303 state-kr 0x0 pc 0x1098467e6 leaf poll+0xa frames: 0x1098467e6 0x104033bfe 0x10409c3f9 0x109891e9e
  12.185 TIGER-SAMPLE pid 0xa31 n 0x2d thread 0x2407 thread 0x2407 state-kr 0x0 pc 0x109895e22 leaf __semwait_signal+0xa frames: 0x109895e22 0x10409c9d5 0x103fcd562 0x10409fb49 0x10409ec36 0x10409e819 0x104033bfe 0x10409c3f9 0x109891e9e
  12.185 TIGER-SAMPLE pid 0xa31 n 0x2d thread 0x2503 thread 0x2503 state-kr 0x0 pc 0x109895e22 leaf __semwait_signal+0xa frames: 0x109895e22 0x10409c9d5 0x103fcd562 0x10409fb49 0x10409ec36 0x10409e819 0x104033bfe 0x10409c3f9 0x109891e9e
  12.185 TIGER-SAMPLE pid 0xa31 n 0x2d thread 0x2603 thread 0x2603 state-kr 0x0 pc 0x109895e22 leaf __semwait_signal+0xa frames: 0x109895e22 0x10409c9d5 0x103fcd562 0x10409fb49 0x10409ec36 0x10409e819 0x104033bfe 0x10409c3f9 0x109891e9e
  12.186 TIGER-SAMPLE pid 0xa31 n 0x2d thread 0x2703 thread 0x2703 state-kr 0x0 pc 0x109895e22 leaf __semwait_signal+0xa frames: 0x109895e22 0x10409c9d5 0x103fcd562 0x10409fb49 0x10409ec36 0x10409e819 0x104033bfe 0x10409c3f9 0x109891e9e
  12.186 TIGER-SAMPLE pid 0xa31 n 0x2d thread 0x2903 thread 0x2903 state-kr 0x0 pc 0x109895e22 leaf __semwait_signal+0xa frames: 0x109895e22 0x10409c9d5 0x103fcd562 0x10409fb49 0x10409ec36 0x10409e819 0x104033bfe 0x10409c3f9 0x109891e9e
  12.186 TIGER-SAMPLE pid 0xa31 n 0x2d thread 0x2a03 thread 0x2a03 state-kr 0x0 pc 0x1098467e6 leaf poll+0xa frames: 0x1098467e6 0x104033bfe 0x10409c3f9 0x109891e9e
  12.186 TIGER-SAMPLE pid 0xa31 n 0x2d thread 0x2b03 thread 0x2b03 state-kr 0x0 pc 0x1098467e6 leaf poll+0xa frames: 0x1098467e6 0x104388627 0x1043887ea 0x101f32ba7 0x101f3e971 0x104033bfe 0x10409c3f9 0x109891e9e
  12.186 TIGER-SAMPLE pid 0xa31 n 0x2d thread 0x3003 thread 0x3003 state-kr 0x0 pc 0x109895e22 leaf __semwait_signal+0xa frames: 0x109895e22 0x10409c9d5 0x103fcd562 0x10409fb49 0x10409ec36 0x10409e819 0x104033bfe 0x10409c3f9 0x109891e9e
  12.360 TIGER-SAMPLE pid 0xa2d n 0x2f main 0x117 thread 0x117 state-kr 0x0 pc 0x90009817 leaf mach_msg_trap+0x7 frames: 0x90009817 0x9082d227 0x9082ca42 0x92e06878 0x92e05f82 0x92e05dd9 0x9328cf45 0x9328cb37 0x932868c4 0x8af6 0x82f2 0x8219 0x5
  12.360 TIGER-SAMPLE pid 0xa2d n 0x2f thread 0x1203 thread 0x1203 state-kr 0x0 pc 0x90009817 leaf mach_msg_trap+0x7 frames: 0x90009817 0x2ca6d8 0x90023d67
  12.361 TIGER-SAMPLE pid 0xa2d n 0x2f thread 0x3207 thread 0x3207 state-kr 0x0 pc 0x90024407 leaf semaphore_wait_signal_trap+0x7 frames: 0x90024407 0x364de 0x90023d67
  12.361 TIGER-SAMPLE pid 0xa2d n 0x2f thread 0x3403 thread 0x3403 state-kr 0x0 pc 0x90024407 leaf semaphore_wait_signal_trap+0x7 frames: 0x90024407 0x364de 0x90023d67
  12.361 TIGER-SAMPLE pid 0xa2d n 0x2f thread 0x5103 thread 0x5103 state-kr 0x0 pc 0x900bc3fc leaf poll+0xc frames: 0x900bc3fc 0x2cd134 0x313210b 0x319b321 0x90023d67
  12.361 TIGER-SAMPLE pid 0xa2d n 0x2f thread 0x5203 thread 0x5203 state-kr 0x0 pc 0x90024407 leaf semaphore_wait_signal_trap+0x7 frames: 0x90024407 0x364de 0x90023d67
  12.362 TIGER-SAMPLE pid 0xa2d n 0x2f thread 0x5503 thread 0x5503 state-kr 0x0 pc 0x900bc3fc leaf poll+0xc frames: 0x900bc3fc 0x2cd134 0x313210b 0x319b321 0x90023d67
  12.362 TIGER-SAMPLE pid 0xa2d n 0x2f thread 0x5603 thread 0x5603 state-kr 0x0 pc 0x90024407 leaf semaphore_wait_signal_trap+0x7 frames: 0x90024407 0x364de 0x90023d67
  12.362 TIGER-SAMPLE pid 0xa2d n 0x2f thread 0x5c07 thread 0x5c07 state-kr 0x0 pc 0x900265fc leaf recvmsg+0xc frames: 0x900265fc 0x2cc6bb 0x2cd134 0x313210b 0x319b321 0x90023d67
  12.362 TIGER-SAMPLE pid 0xa2d n 0x2f thread 0x5e07 thread 0x5e07 state-kr 0x0 pc 0x90024407 leaf semaphore_wait_signal_trap+0x7 frames: 0x90024407 0x915a96ab 0x915c3ddc 0x90023d67
  12.433 TIGER-SAMPLE pid 0xa30 n 0x2c main 0xd03 thread 0xd03 state-kr 0x0 pc 0x109a95e22 leaf __semwait_signal+0xa frames: 0x109a95e22 0x1042a1327 0x1041d56a2 0x1042a4329 0x1042a34a6 0x1042a3089 0x100046488 0x100001d0c 0x100001c21 0x3
  12.434 TIGER-SAMPLE pid 0xa30 n 0x2c thread 0xf03 thread 0xf03 state-kr 0x0 pc 0x109adfe4e leaf mach_msg_trap+0xa frames: 0x109adfe4e 0x10045c512 0x109a91e9e
  12.434 TIGER-SAMPLE pid 0xa30 n 0x2c thread 0x1103 thread 0x1103 state-kr 0x0 pc 0x109a95e22 leaf __semwait_signal+0xa frames: 0x109a95e22 0x1042a12e5 0x1041d56a2 0x1042a4329 0x1042a34a6 0x1042a3089 0x10423ab3e 0x1042a0d09 0x109a91e9e
  12.434 TIGER-SAMPLE pid 0xa30 n 0x2c thread 0x2303 thread 0x2303 state-kr 0x0 pc 0x109a95e22 leaf __semwait_signal+0xa frames: 0x109a95e22 0x1042a12e5 0x1041d56a2 0x1042a4329 0x1042a34a6 0x1042a3089 0x10423ab3e 0x1042a0d09 0x109a91e9e
  12.434 TIGER-SAMPLE pid 0xa30 n 0x2c thread 0x2403 thread 0x2403 state-kr 0x0 pc 0x109a95e22 leaf __semwait_signal+0xa frames: 0x109a95e22 0x1042a12e5 0x1041d56a2 0x1042a4329 0x1042a34a6 0x1042a3089 0x10423ab3e 0x1042a0d09 0x109a91e9e
  12.435 TIGER-SAMPLE pid 0xa30 n 0x2c thread 0x2503 thread 0x2503 state-kr 0x0 pc 0x109a467e6 leaf poll+0xa frames: 0x109a467e6 0x10423ab3e 0x1042a0d09 0x109a91e9e
  12.435 TIGER-SAMPLE pid 0xa30 n 0x2c thread 0x2603 thread 0x2603 state-kr 0x0 pc 0x109a95e22 leaf __semwait_signal+0xa frames: 0x109a95e22 0x1042a12e5 0x1041d56a2 0x1042a4329 0x1042a34a6 0x1042a3089 0x10423ab3e 0x1042a0d09 0x109a91e9e
  12.435 TIGER-SAMPLE pid 0xa30 n 0x2c thread 0x2703 thread 0x2703 state-kr 0x0 pc 0x109a467e6 leaf poll+0xa frames: 0x109a467e6 0x10423ab3e 0x1042a0d09 0x109a91e9e
  12.435 TIGER-SAMPLE pid 0xa30 n 0x2c thread 0x2807 thread 0x2807 state-kr 0x0 pc 0x109a95e22 leaf __semwait_signal+0xa frames: 0x109a95e22 0x1042a12e5 0x1041d56a2 0x1042a4329 0x1042a34a6 0x1042a3089 0x10423ab3e 0x1042a0d09 0x109a91e9e
  12.435 TIGER-SAMPLE pid 0xa30 n 0x2c thread 0x2903 thread 0x2903 state-kr 0x0 pc 0x109a95e22 leaf __semwait_signal+0xa frames: 0x109a95e22 0x1042a12e5 0x1041d56a2 0x1042a4329 0x1042a34a6 0x1042a3089 0x10423ab3e 0x1042a0d09 0x109a91e9e
  12.436 TIGER-SAMPLE pid 0xa30 n 0x2c thread 0x2a03 thread 0x2a03 state-kr 0x0 pc 0x109a95e22 leaf __semwait_signal+0xa frames: 0x109a95e22 0x1042a12e5 0x1041d56a2 0x1042a4329 0x1042a34a6 0x1042a3089 0x10423ab3e 0x1042a0d09 0x109a91e9e
  12.438 TIGER-SAMPLE pid 0xa30 n 0x2c thread 0x2b03 thread 0x2b03 state-kr 0x0 pc 0x10045dbdfTIGER-SAMPLE pid 0xa31 n 0x2e main 0xd03 thread 0xd03 state-kr 0x0 pc 0x109895e22 leaf __semwait_signal+0xa frames: 0x109895e22 0x10409c9d5 0x103fcd562 0x10409fb49 0x10409ec36 0x10409e819 0x10004a16b 0x10000154c 0x100001461 0x3
  12.438 TIGER-SAMPLE pid 0xa31 n 0x2e thread 0xf03 thread 0xf03 state-kr 0x0 pc 0x1098dfe4e leaf mach_msg_trap+0xa frames: 0x1098dfe4e 0x100327902 0x109891e9e
  12.438 TIGER-SAMPLE pid 0xa31 n 0x2e thread 0x1103 thread 0x1103 state-kr 0x0 pc 0x109895e22 leaf __semwait_signal+0xa frames: 0x109895e22 0x10409c9d5 0x103fcd562 0x10409fb49 0x10409ec36 0x10409e819 0x104033bfe 0x10409c3f9 0x109891e9e
  12.438 TIGER-SAMPLE pid 0xa31 n 0x2e thread 0x2303 thread 0x2303 state-kr 0x0 pc 0x1098467e6 leaf poll+0xa frames: 0x1098467e6 0x104033bfe 0x10409c3f9 0x109891e9e
  12.438 TIGER-SAMPLE pid 0xa31 n 0x2e thread 0x2407 thread 0x2407 state-kr 0x0 pc 0x109895e22 leaf __semwait_signal+0xa frames: 0x109895e22 0x10409c9d5 0x103fcd562 0x10409fb49 0x10409ec36 0x10409e819 0x104033bfe 0x10409c3f9 0x109891e9e
  12.438 TIGER-SAMPLE pid 0xa31 n 0x2e thread 0x2503 thread 0x2503 state-kr 0x0 pc 0x109895e22 leaf __semwait_signal+0xa frames: 0x109895e22 0x10409c9d5 0x103fcd562 0x10409fb49 0x10409ec36 0x10409e819 0x104033bfe 0x10409c3f9 0x109891e9e
  12.438 TIGER-SAMPLE pid 0xa31 n 0x2e thread 0x2603 thread 0x2603 state-kr 0x0 pc 0x109895e22 leaf __semwait_signal+0xa frames: 0x109895e22 0x10409c9d5 0x103fcd562 0x10409fb49 0x10409ec36 0x10409e819 0x104033bfe 0x10409c3f9 0x109891e9e
  12.438 TIGER-SAMPLE pid 0xa31 n 0x2e thread 0x2703 thread 0x2703 state-kr 0x0 pc 0x109895e22 leaf _ZN3IPC10Connection16readyReadHandlerEv+0x1f frames: 0x10045dbdf 0x10045e43e 0x10423ab3e 0x1042a0d09 0x109a91e9e
  12.438  leaf __semwait_signal+0xa frames:TIGER-SAMPLE pid  0xa300x109895e22 n  0x2c0x10409c9d5 thread  0x103fcd5620x2c03 0x10409fb49 0x10409ec36 thread  0x2c030x10409e819 state-kr  0x00x104033bfe pc  0x109a95e220x10409c3f9 0x109891e9e
  12.438 TIGER-SAMPLE pid 0xa31 n 0x2e thread 0x2903 thread 0x2903 state-kr 0x0 pc 0x109895e22 leaf __semwait_signal+0xa frames: 0x109a95e22 0x1042a12e5 0x1041d56a2 0x1042a4329 0x1042a34a6 0x1042a3089 0x10423ab3e 0x1042a0d09 0x109a91e9e
  12.438  leaf __semwait_signal+0xa frames: 0x109895e22 0x10409c9d5 0x103fcd562 0x10409fb49 0x10409ec36 0x10409e819 0x104033bfe 0x10409c3f9 0x109891e9e
  12.438 TIGER-SAMPLE pid 0xa31 n 0x2e thread 0x2a03 thread 0x2a03 state-kr 0x0 pc 0x1098467e6 leaf poll+0xa frames: 0x1098467e6 0x104033bfe 0x10409c3f9 0x109891e9e
  12.439 TIGER-SAMPLE pid 0xa31 n 0x2e thread 0x2b03 thread 0x2b03 state-kr 0x0 pc 0x1098467e6 leaf poll+0xa frames: 0x1098467e6 0x104388627 0x1043887ea 0x101f32ba7 0x101f3e971 0x104033bfe 0x10409c3f9 0x109891e9e
  12.439 TIGER-SAMPLE pid 0xa31 n 0x2e thread 0x3003 thread 0x3003 state-kr 0x0 pc 0x109895e22 leaf __semwait_signal+0xa frames: 0x109895e22 0x10409c9d5 0x103fcd562 0x10409fb49 0x10409ec36 0x10409e819 0x104033bfe 0x10409c3f9 0x109891e9e
  12.449 TIGER-SAMPLE pid 0xa30 n 0x2c thread 0x2d03 thread 0x2d03 state-kr 0x0 pc 0x109a46712 leaf recvmsg+0xa frames: 0x109a46712 0x10045e43e 0x10423ab3e 0x1042a0d09 0x109a91e9e
  12.449 TIGER-SAMPLE pid 0xa30 n 0x2c thread 0x4103 thread 0x4103 state-kr 0x0 pc 0x109a95e22 leaf __semwait_signal+0xa frames: 0x109a95e22 0x1042a1327 0x1041d56a2 0x1041b2277 0x10423ab3e 0x1042a0d09 0x109a91e9e
  12.450 TIGER-SAMPLE pid 0xa30 n 0x2c thread 0x4203 thread 0x4203 state-kr 0x0 pc 0x109a95e22 leaf __semwait_signal+0xa frames: 0x109a95e22 0x1042a1327 0x1041d56a2 0x1041b2277 0x10423ab3e 0x1042a0d09 0x109a91e9e
  12.613 TIGER-SAMPLE pid 0xa2d n 0x30 main 0x117 thread 0x117 state-kr 0x0 pc 0x90009817 leaf mach_msg_trap+0x7 frames: 0x90009817 0x9082d227 0x9082ca42 0x92e06878 0x92e05f82 0x92e05dd9 0x9328cf45 0x9328cb37 0x932868c4 0x8af6 0x82f2 0x8219 0x5
  12.613 TIGER-SAMPLE pid 0xa2d n 0x30 thread 0x1203 thread 0x1203 state-kr 0x0 pc 0x90009817 leaf mach_msg_trap+0x7 frames: 0x90009817 0x2ca6d8 0x90023d67
  12.613 TIGER-SAMPLE pid 0xa2d n 0x30 thread 0x3207 thread 0x3207 state-kr 0x0 pc 0x90024407 leaf semaphore_wait_signal_trap+0x7 frames: 0x90024407 0x364de 0x90023d67
  12.614 TIGER-SAMPLE pid 0xa2d n 0x30 thread 0x3403 thread 0x3403 state-kr 0x0 pc 0x90024407 leaf semaphore_wait_signal_trap+0x7 frames: 0x90024407 0x364de 0x90023d67
  12.614 TIGER-SAMPLE pid 0xa2d n 0x30 thread 0x5103 thread 0x5103 state-kr 0x0 pc 0x900bc3fc leaf poll+0xc frames: 0x900bc3fc 0x2cd134 0x313210b 0x319b321 0x90023d67
  12.614 TIGER-SAMPLE pid 0xa2d n 0x30 thread 0x5203 thread 0x5203 state-kr 0x0 pc 0x90024407 leaf semaphore_wait_signal_trap+0x7 frames: 0x90024407 0x364de 0x90023d67
  12.615 TIGER-SAMPLE pid 0xa2d n 0x30 thread 0x5503 thread 0x5503 state-kr 0x0 pc 0x900bc3fc leaf poll+0xc frames: 0x900bc3fc 0x2cd134 0x313210b 0x319b321 0x90023d67
  12.615 TIGER-SAMPLE pid 0xa2d n 0x30 thread 0x5603 thread 0x5603 state-kr 0x0 pc 0x90024407 leaf semaphore_wait_signal_trap+0x7 frames: 0x90024407 0x364de 0x90023d67
  12.615 TIGER-SAMPLE pid 0xa2d n 0x30 thread 0x5c07 thread 0x5c07 state-kr 0x0 pc 0x900265fc leaf recvmsg+0xc frames: 0x900265fc 0x2cc6bb 0x2cd134 0x313210b 0x319b321 0x90023d67
  12.615 TIGER-SAMPLE pid 0xa2d n 0x30 thread 0x5e07 thread 0x5e07 state-kr 0x0 pc 0x90024407 leaf semaphore_wait_signal_trap+0x7 frames: 0x90024407 0x915a96ab 0x915c3ddc 0x90023d67
  12.689 TIGER-SAMPLE pid 0xa31 n 0x2f main 0xd03 thread 0xd03 state-kr 0x0 pc 0x109895e22 leaf __semwait_signal+0xa frames: 0x109895e22 0x10409c9d5 0x103fcd562 0x10409fb49 0x10409ec36 0x10409e819 0x10004a16b 0x10000154c 0x100001461 0x3
  12.689 TIGER-SAMPLE pid 0xa31 n 0x2f thread 0xf03 thread 0xf03 state-kr 0x0 pc 0x1098dfe4e leaf mach_msg_trap+0xa frames: 0x1098dfe4e 0x100327902 0x109891e9e
  12.689 TIGER-SAMPLE pid 0xa31 n 0x2f thread 0x1103 thread 0x1103 state-kr 0x0 pc 0x109895e22 leaf __semwait_signal+0xa frames: 0x109895e22 0x10409c9d5 0x103fcd562 0x10409fb49 0x10409ec36 0x10409e819 0x104033bfe 0x10409c3f9 0x109891e9e
  12.690 TIGER-SAMPLE pid 0xa31 n 0x2f thread 0x2303 thread 0x2303 state-kr 0x0 pc 0x1098467e6 leaf poll+0xa frames: 0x1098467e6 0x104033bfe 0x10409c3f9 0x109891e9e
  12.690 TIGER-SAMPLE pid 0xa31 n 0x2f thread 0x2407 thread 0x2407 state-kr 0x0 pc 0x109895e22 leaf __semwait_signal+0xa frames: 0x109895e22 0x10409c9d5 0x103fcd562 0x10409fb49 0x10409ec36 0x10409e819 0x104033bfe 0x10409c3f9 0x109891e9e
  12.690 TIGER-SAMPLE pid 0xa31 n 0x2f thread 0x2503 thread 0x2503 state-kr 0x0 pc 0x109895e22 leaf __semwait_signal+0xa frames: 0x109895e22 0x10409c9d5 0x103fcd562 0x10409fb49 0x10409ec36 0x10409e819 0x104033bfe 0x10409c3f9 0x109891e9e
  12.690 TIGER-SAMPLE pid 0xa31 n 0x2f thread 0x2603 thread 0x2603 state-kr 0x0 pc 0x109895e22 leaf __semwait_signal+0xa frames: 0x109895e22 0x10409c9d5 0x103fcd562 0x10409fb49 0x10409ec36 0x10409e819 0x104033bfe 0x10409c3f9 0x109891e9e
  12.691 TIGER-SAMPLE pid 0xa31 n 0x2f thread 0x2703 thread 0x2703 state-kr 0x0 pc 0x109895e22 leaf __semwait_signal+0xa frames: 0x109895e22 0x10409c9d5 0x103fcd562 0x10409fb49 0x10409ec36 0x10409e819 0x104033bfe 0x10409c3f9 0x109891e9e
  12.691 TIGER-SAMPLE pid 0xa31 n 0x2f thread 0x2903 thread 0x2903 state-kr 0x0 pc 0x109895e22 leaf __semwait_signal+0xa frames: 0x109895e22 0x10409c9d5 0x103fcd562 0x10409fb49 0x10409ec36 0x10409e819 0x104033bfe 0x10409c3f9 0x109891e9e
  12.691 TIGER-SAMPLE pid 0xa31 n 0x2f thread 0x2a03 thread 0x2a03 state-kr 0x0 pc 0x1098467e6 leaf poll+0xa frames: 0x1098467e6 0x104033bfe 0x10409c3f9 0x109891e9e
  12.691 TIGER-SAMPLE pid 0xa31 n 0x2f thread 0x2b03 thread 0x2b03 state-kr 0x0 pc 0x1098467e6 leaf poll+0xa frames: 0x1098467e6 0x104388627 0x1043887ea 0x101f32ba7 0x101f3e971 0x104033bfe 0x10409c3f9 0x109891e9e
  12.692 TIGER-SAMPLE pid 0xa31 n 0x2f thread 0x3003 thread 0x3003 state-kr 0x0 pc 0x109895e22 leaf __semwait_signal+0xa frames: 0x109895e22 0x10409c9d5 0x103fcd562 0x10409fb49 0x10409ec36 0x10409e819 0x104033bfe 0x10409c3f9 0x109891e9e
  12.700 TIGER-SAMPLE pid 0xa30 n 0x2d main 0xd03 thread 0xd03 state-kr 0x0 pc 0x109a95e22 leaf __semwait_signal+0xa frames: 0x109a95e22 0x1042a1327 0x1041d56a2 0x1042a4329 0x1042a34a6 0x1042a3089 0x100046488 0x100001d0c 0x100001c21 0x3
  12.700 TIGER-SAMPLE pid 0xa30 n 0x2d thread 0xf03 thread 0xf03 state-kr 0x0 pc 0x109adfe4e leaf mach_msg_trap+0xa frames: 0x109adfe4e 0x10045c512 0x109a91e9e
  12.700 TIGER-SAMPLE pid 0xa30 n 0x2d thread 0x1103 thread 0x1103 state-kr 0x0 pc 0x109a95e22 leaf __semwait_signal+0xa frames: 0x109a95e22 0x1042a12e5 0x1041d56a2 0x1042a4329 0x1042a34a6 0x1042a3089 0x10423ab3e 0x1042a0d09 0x109a91e9e
  12.701 TIGER-SAMPLE pid 0xa30 n 0x2d thread 0x2303 thread 0x2303 state-kr 0x0 pc 0x109a95e22 leaf __semwait_signal+0xa frames: 0x109a95e22 0x1042a12e5 0x1041d56a2 0x1042a4329 0x1042a34a6 0x1042a3089 0x10423ab3e 0x1042a0d09 0x109a91e9e
  12.701 TIGER-SAMPLE pid 0xa30 n 0x2d thread 0x2403 thread 0x2403 state-kr 0x0 pc 0x109a95e22 leaf __semwait_signal+0xa frames: 0x109a95e22 0x1042a12e5 0x1041d56a2 0x1042a4329 0x1042a34a6 0x1042a3089 0x10423ab3e 0x1042a0d09 0x109a91e9e
  12.701 TIGER-SAMPLE pid 0xa30 n 0x2d thread 0x2503 thread 0x2503 state-kr 0x0 pc 0x109a467e6 leaf poll+0xa frames: 0x109a467e6 0x10423ab3e 0x1042a0d09 0x109a91e9e
  12.701 TIGER-SAMPLE pid 0xa30 n 0x2d thread 0x2603 thread 0x2603 state-kr 0x0 pc 0x109a95e22 leaf __semwait_signal+0xa frames: 0x109a95e22 0x1042a12e5 0x1041d56a2 0x1042a4329 0x1042a34a6 0x1042a3089 0x10423ab3e 0x1042a0d09 0x109a91e9e
  12.701 TIGER-SAMPLE pid 0xa30 n 0x2d thread 0x2703 thread 0x2703 state-kr 0x0 pc 0x109a467e6 leaf poll+0xa frames: 0x109a467e6 0x10423ab3e 0x1042a0d09 0x109a91e9e
  12.702 TIGER-SAMPLE pid 0xa30 n 0x2d thread 0x2807 thread 0x2807 state-kr 0x0 pc 0x109a95e22 leaf __semwait_signal+0xa frames: 0x109a95e22 0x1042a12e5 0x1041d56a2 0x1042a4329 0x1042a34a6 0x1042a3089 0x10423ab3e 0x1042a0d09 0x109a91e9e
  12.702 TIGER-SAMPLE pid 0xa30 n 0x2d thread 0x2903 thread 0x2903 state-kr 0x0 pc 0x109a95e22 leaf __semwait_signal+0xa frames: 0x109a95e22 0x1042a12e5 0x1041d56a2 0x1042a4329 0x1042a34a6 0x1042a3089 0x10423ab3e 0x1042a0d09 0x109a91e9e
  12.702 TIGER-SAMPLE pid 0xa30 n 0x2d thread 0x2a03 thread 0x2a03 state-kr 0x0 pc 0x109a95e22 leaf __semwait_signal+0xa frames: 0x109a95e22 0x1042a12e5 0x1041d56a2 0x1042a4329 0x1042a34a6 0x1042a3089 0x10423ab3e 0x1042a0d09 0x109a91e9e
  12.704 TIGER-SAMPLE pid 0xa30 n 0x2d thread 0x2b03 thread 0x2b03 state-kr 0x0 pc 0x109a46712 leaf recvmsg+0xa frames: 0x109a46712 0x10045e43e 0x10423ab3e 0x1042a0d09 0x109a91e9e
  12.705 TIGER-SAMPLE pid 0xa30 n 0x2d thread 0x2c03 thread 0x2c03 state-kr 0x0 pc 0x109a95e22 leaf __semwait_signal+0xa frames: 0x109a95e22 0x1042a12e5 0x1041d56a2 0x1042a4329 0x1042a34a6 0x1042a3089 0x10423ab3e 0x1042a0d09 0x109a91e9e
  12.716 TIGER-SAMPLE pid 0xa30 n 0x2d thread 0x2d03 thread 0x2d03 state-kr 0x0 pc 0x109adb2c3 leaf free+0x24 frames: 0x109adb2c3 0x10045df8e 0x10045e43e 0x10423ab3e 0x1042a0d09 0x109a91e9e
  12.717 TIGER-SAMPLE pid 0xa30 n 0x2d thread 0x4103 thread 0x4103 state-kr 0x0 pc 0x109a95e22 leaf __semwait_signal+0xa frames: 0x109a95e22 0x1042a1327 0x1041d56a2 0x1041b2277 0x10423ab3e 0x1042a0d09 0x109a91e9e
  12.717 TIGER-SAMPLE pid 0xa30 n 0x2d thread 0x4203 thread 0x4203 state-kr 0x0 pc 0x109a95e22 leaf __semwait_signal+0xa frames: 0x109a95e22 0x1042a1327 0x1041d56a2 0x1041b2277 0x10423ab3e 0x1042a0d09 0x109a91e9e
  12.866 TIGER-SAMPLE pid 0xa2d n 0x31 main 0x117 thread 0x117 state-kr 0x0 pc 0x90009817 leaf mach_msg_trap+0x7 frames: 0x90009817 0x9082d227 0x9082ca42 0x92e06878 0x92e05f82 0x92e05dd9 0x9328cf45 0x9328cb37 0x932868c4 0x8af6 0x82f2 0x8219 0x5
  12.866 TIGER-SAMPLE pid 0xa2d n 0x31 thread 0x1203 thread 0x1203 state-kr 0x0 pc 0x90009817 leaf mach_msg_trap+0x7 frames: 0x90009817 0x2ca6d8 0x90023d67
  12.867 TIGER-SAMPLE pid 0xa2d n 0x31 thread 0x3207 thread 0x3207 state-kr 0x0 pc 0x90024407 leaf semaphore_wait_signal_trap+0x7 frames: 0x90024407 0x364de 0x90023d67
  12.867 TIGER-SAMPLE pid 0xa2d n 0x31 thread 0x3403 thread 0x3403 state-kr 0x0 pc 0x90024407 leaf semaphore_wait_signal_trap+0x7 frames: 0x90024407 0x364de 0x90023d67
  12.867 TIGER-SAMPLE pid 0xa2d n 0x31 thread 0x5103 thread 0x5103 state-kr 0x0 pc 0x900bc3fc leaf poll+0xc frames: 0x900bc3fc 0x2cd134 0x313210b 0x319b321 0x90023d67
  12.867 TIGER-SAMPLE pid 0xa2d n 0x31 thread 0x5203 thread 0x5203 state-kr 0x0 pc 0x90024407 leaf semaphore_wait_signal_trap+0x7 frames: 0x90024407 0x364de 0x90023d67
  12.867 TIGER-SAMPLE pid 0xa2d n 0x31 thread 0x5503 thread 0x5503 state-kr 0x0 pc 0x900bc3fc leaf poll+0xc frames: 0x900bc3fc 0x2cd134 0x313210b 0x319b321 0x90023d67
  12.867 TIGER-SAMPLE pid 0xa2d n 0x31 thread 0x5603 thread 0x5603 state-kr 0x0 pc 0x90024407 leaf semaphore_wait_signal_trap+0x7 frames: 0x90024407 0x364de 0x90023d67
  12.868 TIGER-SAMPLE pid 0xa2d n 0x31 thread 0x5c07 thread 0x5c07 state-kr 0x0 pc 0x900265fc leaf recvmsg+0xc frames: 0x900265fc 0x2cc6bb 0x2cd134 0x313210b 0x319b321 0x90023d67
  12.868 TIGER-SAMPLE pid 0xa2d n 0x31 thread 0x5e07 thread 0x5e07 state-kr 0x0 pc 0x90024407 leaf semaphore_wait_signal_trap+0x7 frames: 0x90024407 0x915a96ab 0x915c3ddc 0x90023d67
  12.942 TIGER-SAMPLE pid 0xa31 n 0x30 main 0xd03 thread 0xd03 state-kr 0x0 pc 0x109895e22 leaf __semwait_signal+0xa frames: 0x109895e22 0x10409c9d5 0x103fcd562 0x10409fb49 0x10409ec36 0x10409e819 0x10004a16b 0x10000154c 0x100001461 0x3
  12.942 TIGER-SAMPLE pid 0xa31 n 0x30 thread 0xf03 thread 0xf03 state-kr 0x0 pc 0x1098dfe4e leaf mach_msg_trap+0xa frames: 0x1098dfe4e 0x100327902 0x109891e9e
  12.942 TIGER-SAMPLE pid 0xa31 n 0x30 thread 0x1103 thread 0x1103 state-kr 0x0 pc 0x109895e22 leaf __semwait_signal+0xa frames: 0x109895e22 0x10409c9d5 0x103fcd562 0x10409fb49 0x10409ec36 0x10409e819 0x104033bfe 0x10409c3f9 0x109891e9e
  12.942 TIGER-SAMPLE pid 0xa31 n 0x30 thread 0x2303 thread 0x2303 state-kr 0x0 pc 0x1098467e6 leaf poll+0xa frames: 0x1098467e6 0x104033bfe 0x10409c3f9 0x109891e9e
  12.943 TIGER-SAMPLE pid 0xa31 n 0x30 thread 0x2407 thread 0x2407 state-kr 0x0 pc 0x109895e22 leaf __semwait_signal+0xa frames: 0x109895e22 0x10409c9d5 0x103fcd562 0x10409fb49 0x10409ec36 0x10409e819 0x104033bfe 0x10409c3f9 0x109891e9e
  12.943 TIGER-SAMPLE pid 0xa31 n 0x30 thread 0x2503 thread 0x2503 state-kr 0x0 pc 0x109895e22 leaf __semwait_signal+0xa frames: 0x109895e22 0x10409c9d5 0x103fcd562 0x10409fb49 0x10409ec36 0x10409e819 0x104033bfe 0x10409c3f9 0x109891e9e
  12.943 TIGER-SAMPLE pid 0xa31 n 0x30 thread 0x2603 thread 0x2603 state-kr 0x0 pc 0x109895e22 leaf __semwait_signal+0xa frames: 0x109895e22 0x10409c9d5 0x103fcd562 0x10409fb49 0x10409ec36 0x10409e819 0x104033bfe 0x10409c3f9 0x109891e9e
  12.943 TIGER-SAMPLE pid 0xa31 n 0x30 thread 0x2703 thread 0x2703 state-kr 0x0 pc 0x109895e22 leaf __semwait_signal+0xa frames: 0x109895e22 0x10409c9d5 0x103fcd562 0x10409fb49 0x10409ec36 0x10409e819 0x104033bfe 0x10409c3f9 0x109891e9e
  12.944 TIGER-SAMPLE pid 0xa31 n 0x30 thread 0x2903 thread 0x2903 state-kr 0x0 pc 0x109895e22 leaf __semwait_signal+0xa frames: 0x109895e22 0x10409c9d5 0x103fcd562 0x10409fb49 0x10409ec36 0x10409e819 0x104033bfe 0x10409c3f9 0x109891e9e
  12.944 TIGER-SAMPLE pid 0xa31 n 0x30 thread 0x2a03 thread 0x2a03 state-kr 0x0 pc 0x1098467e6 leaf poll+0xa frames: 0x1098467e6 0x104033bfe 0x10409c3f9 0x109891e9e
  12.944 TIGER-SAMPLE pid 0xa31 n 0x30 thread 0x2b03 thread 0x2b03 state-kr 0x0 pc 0x1098467e6 leaf poll+0xa frames: 0x1098467e6 0x104388627 0x1043887ea 0x101f32ba7 0x101f3e971 0x104033bfe 0x10409c3f9 0x109891e9e
  12.944 TIGER-SAMPLE pid 0xa31 n 0x30 thread 0x3003 thread 0x3003 state-kr 0x0 pc 0x109895e22 leaf __semwait_signal+0xa frames: 0x109895e22 0x10409c9d5 0x103fcd562 0x10409fb49 0x10409ec36 0x10409e819 0x104033bfe 0x10409c3f9 0x109891e9e
  12.967 TIGER-SAMPLE pid 0xa30 n 0x2e main 0xd03 thread 0xd03 state-kr 0x0 pc 0x109a95e22 leaf __semwait_signal+0xa frames: 0x109a95e22 0x1042a1327 0x1041d56a2 0x1042a4329 0x1042a34a6 0x1042a3089 0x100046488 0x100001d0c 0x100001c21 0x3
  12.967 TIGER-SAMPLE pid 0xa30 n 0x2e thread 0xf03 thread 0xf03 state-kr 0x0 pc 0x109adfe4e leaf mach_msg_trap+0xa frames: 0x109adfe4e 0x10045c512 0x109a91e9e
  12.967 TIGER-SAMPLE pid 0xa30 n 0x2e thread 0x1103 thread 0x1103 state-kr 0x0 pc 0x109a95e22 leaf __semwait_signal+0xa frames: 0x109a95e22 0x1042a12e5 0x1041d56a2 0x1042a4329 0x1042a34a6 0x1042a3089 0x10423ab3e 0x1042a0d09 0x109a91e9e
  12.968 TIGER-SAMPLE pid 0xa30 n 0x2e thread 0x2303 thread 0x2303 state-kr 0x0 pc 0x109a95e22 leaf __semwait_signal+0xa frames: 0x109a95e22 0x1042a12e5 0x1041d56a2 0x1042a4329 0x1042a34a6 0x1042a3089 0x10423ab3e 0x1042a0d09 0x109a91e9e
  12.968 TIGER-SAMPLE pid 0xa30 n 0x2e thread 0x2403 thread 0x2403 state-kr 0x0 pc 0x109a95e22 leaf __semwait_signal+0xa frames: 0x109a95e22 0x1042a12e5 0x1041d56a2 0x1042a4329 0x1042a34a6 0x1042a3089 0x10423ab3e 0x1042a0d09 0x109a91e9e
  12.968 TIGER-SAMPLE pid 0xa30 n 0x2e thread 0x2503 thread 0x2503 state-kr 0x0 pc 0x109a467e6 leaf poll+0xa frames: 0x109a467e6 0x10423ab3e 0x1042a0d09 0x109a91e9e
  12.968 TIGER-SAMPLE pid 0xa30 n 0x2e thread 0x2603 thread 0x2603 state-kr 0x0 pc 0x109a95e22 leaf __semwait_signal+0xa frames: 0x109a95e22 0x1042a12e5 0x1041d56a2 0x1042a4329 0x1042a34a6 0x1042a3089 0x10423ab3e 0x1042a0d09 0x109a91e9e
  12.969 TIGER-SAMPLE pid 0xa30 n 0x2e thread 0x2703 thread 0x2703 state-kr 0x0 pc 0x109a467e6 leaf poll+0xa frames: 0x109a467e6 0x10423ab3e 0x1042a0d09 0x109a91e9e
  12.969 TIGER-SAMPLE pid 0xa30 n 0x2e thread 0x2807 thread 0x2807 state-kr 0x0 pc 0x109a95e22 leaf __semwait_signal+0xa frames: 0x109a95e22 0x1042a12e5 0x1041d56a2 0x1042a4329 0x1042a34a6 0x1042a3089 0x10423ab3e 0x1042a0d09 0x109a91e9e
  12.969 TIGER-SAMPLE pid 0xa30 n 0x2e thread 0x2903 thread 0x2903 state-kr 0x0 pc 0x109a95e22 leaf __semwait_signal+0xa frames: 0x109a95e22 0x1042a12e5 0x1041d56a2 0x1042a4329 0x1042a34a6 0x1042a3089 0x10423ab3e 0x1042a0d09 0x109a91e9e
  12.969 TIGER-SAMPLE pid 0xa30 n 0x2e thread 0x2a03 thread 0x2a03 state-kr 0x0 pc 0x109a95e22 leaf __semwait_signal+0xa frames: 0x109a95e22 0x1042a12e5 0x1041d56a2 0x1042a4329 0x1042a34a6 0x1042a3089 0x10423ab3e 0x1042a0d09 0x109a91e9e
  12.970 TIGER-SAMPLE pid 0xa30 n 0x2e thread 0x2b03 thread 0x2b03 state-kr 0x0 pc 0x109a46712 leaf recvmsg+0xa frames: 0x109a46712 0x10045e43e 0x10423ab3e 0x1042a0d09 0x109a91e9e
  12.970 TIGER-SAMPLE pid 0xa30 n 0x2e thread 0x2c03 thread 0x2c03 state-kr 0x0 pc 0x109a95e22 leaf __semwait_signal+0xa frames: 0x109a95e22 0x1042a12e5 0x1041d56a2 0x1042a4329 0x1042a34a6 0x1042a3089 0x10423ab3e 0x1042a0d09 0x109a91e9e
  12.981 TIGER-SAMPLE pid 0xa30 n 0x2e thread 0x2d03 thread 0x2d03 state-kr 0x0 pc 0x109a46712 leaf recvmsg+0xa frames: 0x109a46712 0x10045e43e 0x10423ab3e 0x1042a0d09 0x109a91e9e
  12.982 TIGER-SAMPLE pid 0xa30 n 0x2e thread 0x4103 thread 0x4103 state-kr 0x0 pc 0x109a95e22 leaf __semwait_signal+0xa frames: 0x109a95e22 0x1042a1327 0x1041d56a2 0x1041b2277 0x10423ab3e 0x1042a0d09 0x109a91e9e
  12.982 TIGER-SAMPLE pid 0xa30 n 0x2e thread 0x4203 thread 0x4203 state-kr 0x0 pc 0x109a95e22 leaf __semwait_signal+0xa frames: 0x109a95e22 0x1042a1327 0x1041d56a2 0x1041b2277 0x10423ab3e 0x1042a0d09 0x109a91e9e
  13.118 TIGER-SAMPLE pid 0xa2d n 0x32 main 0x117 thread 0x117 state-kr 0x0 pc 0x90009817 leaf mach_msg_trap+0x7 frames: 0x90009817 0x9082d227 0x9082ca42 0x92e06878 0x92e05f82 0x92e05dd9 0x9328cf45 0x9328cb37 0x932868c4 0x8af6 0x82f2 0x8219 0x5
  13.119 TIGER-SAMPLE pid 0xa2d n 0x32 thread 0x1203 thread 0x1203 state-kr 0x0 pc 0x90009817 leaf mach_msg_trap+0x7 frames: 0x90009817 0x2ca6d8 0x90023d67
  13.119 TIGER-SAMPLE pid 0xa2d n 0x32 thread 0x3207 thread 0x3207 state-kr 0x0 pc 0x90024407 leaf semaphore_wait_signal_trap+0x7 frames: 0x90024407 0x364de 0x90023d67
  13.119 TIGER-SAMPLE pid 0xa2d n 0x32 thread 0x3403 thread 0x3403 state-kr 0x0 pc 0x90024407 leaf semaphore_wait_signal_trap+0x7 frames: 0x90024407 0x364de 0x90023d67
  13.119 TIGER-SAMPLE pid 0xa2d n 0x32 thread 0x5103 thread 0x5103 state-kr 0x0 pc 0x900bc3fc leaf poll+0xc frames: 0x900bc3fc 0x2cd134 0x313210b 0x319b321 0x90023d67
  13.120 TIGER-SAMPLE pid 0xa2d n 0x32 thread 0x5203 thread 0x5203 state-kr 0x0 pc 0x90024407 leaf semaphore_wait_signal_trap+0x7 frames: 0x90024407 0x364de 0x90023d67
  13.120 TIGER-SAMPLE pid 0xa2d n 0x32 thread 0x5503 thread 0x5503 state-kr 0x0 pc 0x900bc3fc leaf poll+0xc frames: 0x900bc3fc 0x2cd134 0x313210b 0x319b321 0x90023d67
  13.120 TIGER-SAMPLE pid 0xa2d n 0x32 thread 0x5603 thread 0x5603 state-kr 0x0 pc 0x90024407 leaf semaphore_wait_signal_trap+0x7 frames: 0x90024407 0x364de 0x90023d67
  13.120 TIGER-SAMPLE pid 0xa2d n 0x32 thread 0x5c07 thread 0x5c07 state-kr 0x0 pc 0x900265fc leaf recvmsg+0xc frames: 0x900265fc 0x2cc6bb 0x2cd134 0x313210b 0x319b321 0x90023d67
  13.121 TIGER-SAMPLE pid 0xa2d n 0x32 thread 0x5e07 thread 0x5e07 state-kr 0x0 pc 0x90024407 leaf semaphore_wait_signal_trap+0x7 frames: 0x90024407 0x915a96ab 0x915c3ddc 0x90023d67
  13.195 TIGER-SAMPLE pid 0xa31 n 0x31 main 0xd03 thread 0xd03 state-kr 0x0 pc 0x109895e22 leaf __semwait_signal+0xa frames: 0x109895e22 0x10409c9d5 0x103fcd562 0x10409fb49 0x10409ec36 0x10409e819 0x10004a16b 0x10000154c 0x100001461 0x3
  13.195 TIGER-SAMPLE pid 0xa31 n 0x31 thread 0xf03 thread 0xf03 state-kr 0x0 pc 0x1098dfe4e leaf mach_msg_trap+0xa frames: 0x1098dfe4e 0x100327902 0x109891e9e
  13.195 TIGER-SAMPLE pid 0xa31 n 0x31 thread 0x1103 thread 0x1103 state-kr 0x0 pc 0x109895e22 leaf __semwait_signal+0xa frames: 0x109895e22 0x10409c9d5 0x103fcd562 0x10409fb49 0x10409ec36 0x10409e819 0x104033bfe 0x10409c3f9 0x109891e9e
  13.195 TIGER-SAMPLE pid 0xa31 n 0x31 thread 0x2303 thread 0x2303 state-kr 0x0 pc 0x1098467e6 leaf poll+0xa frames: 0x1098467e6 0x104033bfe 0x10409c3f9 0x109891e9e
  13.196 TIGER-SAMPLE pid 0xa31 n 0x31 thread 0x2407 thread 0x2407 state-kr 0x0 pc 0x109895e22 leaf __semwait_signal+0xa frames: 0x109895e22 0x10409c9d5 0x103fcd562 0x10409fb49 0x10409ec36 0x10409e819 0x104033bfe 0x10409c3f9 0x109891e9e
  13.196 TIGER-SAMPLE pid 0xa31 n 0x31 thread 0x2503 thread 0x2503 state-kr 0x0 pc 0x109895e22 leaf __semwait_signal+0xa frames: 0x109895e22 0x10409c9d5 0x103fcd562 0x10409fb49 0x10409ec36 0x10409e819 0x104033bfe 0x10409c3f9 0x109891e9e
  13.196 TIGER-SAMPLE pid 0xa31 n 0x31 thread 0x2603 thread 0x2603 state-kr 0x0 pc 0x109895e22 leaf __semwait_signal+0xa frames: 0x109895e22 0x10409c9d5 0x103fcd562 0x10409fb49 0x10409ec36 0x10409e819 0x104033bfe 0x10409c3f9 0x109891e9e
  13.197 TIGER-SAMPLE pid 0xa31 n 0x31 thread 0x2703 thread 0x2703 state-kr 0x0 pc 0x109895e22 leaf __semwait_signal+0xa frames: 0x109895e22 0x10409c9d5 0x103fcd562 0x10409fb49 0x10409ec36 0x10409e819 0x104033bfe 0x10409c3f9 0x109891e9e
  13.197 TIGER-SAMPLE pid 0xa31 n 0x31 thread 0x2903 thread 0x2903 state-kr 0x0 pc 0x109895e22 leaf __semwait_signal+0xa frames: 0x109895e22 0x10409c9d5 0x103fcd562 0x10409fb49 0x10409ec36 0x10409e819 0x104033bfe 0x10409c3f9 0x109891e9e
  13.197 TIGER-SAMPLE pid 0xa31 n 0x31 thread 0x2a03 thread 0x2a03 state-kr 0x0 pc 0x1098467e6 leaf poll+0xa frames: 0x1098467e6 0x104033bfe 0x10409c3f9 0x109891e9e
  13.197 TIGER-SAMPLE pid 0xa31 n 0x31 thread 0x2b03 thread 0x2b03 state-kr 0x0 pc 0x1098467e6 leaf poll+0xa frames: 0x1098467e6 0x104388627 0x1043887ea 0x101f32ba7 0x101f3e971 0x104033bfe 0x10409c3f9 0x109891e9e
  13.197 TIGER-SAMPLE pid 0xa31 n 0x31 thread 0x3003 thread 0x3003 state-kr 0x0 pc 0x109895e22 leaf __semwait_signal+0xa frames: 0x109895e22 0x10409c9d5 0x103fcd562 0x10409fb49 0x10409ec36 0x10409e819 0x104033bfe 0x10409c3f9 0x109891e9e
  13.235 TIGER-SAMPLE pid 0xa30 n 0x2f main 0xd03 thread 0xd03 state-kr 0x0 pc 0x109a95e22 leaf __semwait_signal+0xa frames: 0x109a95e22 0x1042a1327 0x1041d56a2 0x1042a4329 0x1042a34a6 0x1042a3089 0x100046488 0x100001d0c 0x100001c21 0x3
  13.235 TIGER-SAMPLE pid 0xa30 n 0x2f thread 0xf03 thread 0xf03 state-kr 0x0 pc 0x109adfe4e leaf mach_msg_trap+0xa frames: 0x109adfe4e 0x10045c512 0x109a91e9e
  13.235 TIGER-SAMPLE pid 0xa30 n 0x2f thread 0x1103 thread 0x1103 state-kr 0x0 pc 0x109a95e22 leaf __semwait_signal+0xa frames: 0x109a95e22 0x1042a12e5 0x1041d56a2 0x1042a4329 0x1042a34a6 0x1042a3089 0x10423ab3e 0x1042a0d09 0x109a91e9e
  13.235 TIGER-SAMPLE pid 0xa30 n 0x2f thread 0x2303 thread 0x2303 state-kr 0x0 pc 0x109a95e22 leaf __semwait_signal+0xa frames: 0x109a95e22 0x1042a12e5 0x1041d56a2 0x1042a4329 0x1042a34a6 0x1042a3089 0x10423ab3e 0x1042a0d09 0x109a91e9e
  13.235 TIGER-SAMPLE pid 0xa30 n 0x2f thread 0x2403 thread 0x2403 state-kr 0x0 pc 0x109a95e22 leaf __semwait_signal+0xa frames: 0x109a95e22 0x1042a12e5 0x1041d56a2 0x1042a4329 0x1042a34a6 0x1042a3089 0x10423ab3e 0x1042a0d09 0x109a91e9e
  13.235 TIGER-SAMPLE pid 0xa30 n 0x2f thread 0x2503 thread 0x2503 state-kr 0x0 pc 0x109a467e6 leaf poll+0xa frames: 0x109a467e6 0x10423ab3e 0x1042a0d09 0x109a91e9e
  13.235 TIGER-SAMPLE pid 0xa30 n 0x2f thread 0x2603 thread 0x2603 state-kr 0x0 pc 0x109a95e22 leaf __semwait_signal+0xa frames: 0x109a95e22 0x1042a12e5 0x1041d56a2 0x1042a4329 0x1042a34a6 0x1042a3089 0x10423ab3e 0x1042a0d09 0x109a91e9e
  13.235 TIGER-SAMPLE pid 0xa30 n 0x2f thread 0x2703 thread 0x2703 state-kr 0x0 pc 0x109a467e6 leaf poll+0xa frames: 0x109a467e6 0x10423ab3e 0x1042a0d09 0x109a91e9e
  13.235 TIGER-SAMPLE pid 0xa30 n 0x2f thread 0x2807 thread 0x2807 state-kr 0x0 pc 0x109a95e22 leaf __semwait_signal+0xa frames: 0x109a95e22 0x1042a12e5 0x1041d56a2 0x1042a4329 0x1042a34a6 0x1042a3089 0x10423ab3e 0x1042a0d09 0x109a91e9e
  13.236 TIGER-SAMPLE pid 0xa30 n 0x2f thread 0x2903 thread 0x2903 state-kr 0x0 pc 0x109a95e22 leaf __semwait_signal+0xa frames: 0x109a95e22 0x1042a12e5 0x1041d56a2 0x1042a4329 0x1042a34a6 0x1042a3089 0x10423ab3e 0x1042a0d09 0x109a91e9e
  13.236 TIGER-SAMPLE pid 0xa30 n 0x2f thread 0x2a03 thread 0x2a03 state-kr 0x0 pc 0x109a95e22 leaf __semwait_signal+0xa frames: 0x109a95e22 0x1042a12e5 0x1041d56a2 0x1042a4329 0x1042a34a6 0x1042a3089 0x10423ab3e 0x1042a0d09 0x109a91e9e
  13.236 TIGER-SAMPLE pid 0xa30 n 0x2f thread 0x2b03 thread 0x2b03 state-kr 0x0 pc 0x109a46712 leaf recvmsg+0xa frames: 0x109a46712 0x10045e43e 0x10423ab3e 0x1042a0d09 0x109a91e9e
  13.236 TIGER-SAMPLE pid 0xa30 n 0x2f thread 0x2c03 thread 0x2c03 state-kr 0x0 pc 0x109a95e22 leaf __semwait_signal+0xa frames: 0x109a95e22 0x1042a12e5 0x1041d56a2 0x1042a4329 0x1042a34a6 0x1042a3089 0x10423ab3e 0x1042a0d09 0x109a91e9e
  13.237 TIGER-SAMPLE pid 0xa30 n 0x2f thread 0x2d03 thread 0x2d03 state-kr 0x0 pc 0x109a46712 leaf recvmsg+0xa frames: 0x109a46712 0x10045e43e 0x10423ab3e 0x1042a0d09 0x109a91e9e
  13.237 TIGER-SAMPLE pid 0xa30 n 0x2f thread 0x4103 thread 0x4103 state-kr 0x0 pc 0x109a95e22 leaf __semwait_signal+0xa frames: 0x109a95e22 0x1042a1327 0x1041d56a2 0x1041b2277 0x10423ab3e 0x1042a0d09 0x109a91e9e
  13.237 TIGER-SAMPLE pid 0xa30 n 0x2f thread 0x4203 thread 0x4203 state-kr 0x0 pc 0x109a95e22 leaf __semwait_signal+0xa frames: 0x109a95e22 0x1042a1327 0x1041d56a2 0x1041b2277 0x10423ab3e 0x1042a0d09 0x109a91e9e
  13.371 TIGER-SAMPLE pid 0xa2d n 0x33 main 0x117 thread 0x117 state-kr 0x0 pc 0x90009817 leaf mach_msg_trap+0x7 frames: 0x90009817 0x9082d227 0x9082ca42 0x92e06878 0x92e05f82 0x92e05dd9 0x9328cf45 0x9328cb37 0x932868c4 0x8af6 0x82f2 0x8219 0x5
  13.371 TIGER-SAMPLE pid 0xa2d n 0x33 thread 0x1203 thread 0x1203 state-kr 0x0 pc 0x90009817 leaf mach_msg_trap+0x7 frames: 0x90009817 0x2ca6d8 0x90023d67
  13.372 TIGER-SAMPLE pid 0xa2d n 0x33 thread 0x3207 thread 0x3207 state-kr 0x0 pc 0x90024407 leaf semaphore_wait_signal_trap+0x7 frames: 0x90024407 0x364de 0x90023d67
  13.372 TIGER-SAMPLE pid 0xa2d n 0x33 thread 0x3403 thread 0x3403 state-kr 0x0 pc 0x90024407 leaf semaphore_wait_signal_trap+0x7 frames: 0x90024407 0x364de 0x90023d67
  13.372 TIGER-SAMPLE pid 0xa2d n 0x33 thread 0x5103 thread 0x5103 state-kr 0x0 pc 0x900bc3fc leaf poll+0xc frames: 0x900bc3fc 0x2cd134 0x313210b 0x319b321 0x90023d67
  13.373 TIGER-SAMPLE pid 0xa2d n 0x33 thread 0x5203 thread 0x5203 state-kr 0x0 pc 0x90024407 leaf semaphore_wait_signal_trap+0x7 frames: 0x90024407 0x364de 0x90023d67
  13.373 TIGER-SAMPLE pid 0xa2d n 0x33 thread 0x5503 thread 0x5503 state-kr 0x0 pc 0x900bc3fc leaf poll+0xc frames: 0x900bc3fc 0x2cd134 0x313210b 0x319b321 0x90023d67
  13.373 TIGER-SAMPLE pid 0xa2d n 0x33 thread 0x5603 thread 0x5603 state-kr 0x0 pc 0x90024407 leaf semaphore_wait_signal_trap+0x7 frames: 0x90024407 0x364de 0x90023d67
  13.373 TIGER-SAMPLE pid 0xa2d n 0x33 thread 0x5c07 thread 0x5c07 state-kr 0x0 pc 0x900265fc leaf recvmsg+0xc frames: 0x900265fc 0x2cc6bb 0x2cd134 0x313210b 0x319b321 0x90023d67
  13.374 TIGER-SAMPLE pid 0xa2d n 0x33 thread 0x5e07 thread 0x5e07 state-kr 0x0 pc 0x90024407 leaf semaphore_wait_signal_trap+0x7 frames: 0x90024407 0x915a96ab 0x915c3ddc 0x90023d67
  13.447 TIGER-SAMPLE pid 0xa31 n 0x32 main 0xd03 thread 0xd03 state-kr 0x0 pc 0x109895e22 leaf __semwait_signal+0xa frames: 0x109895e22 0x10409c9d5 0x103fcd562 0x10409fb49 0x10409ec36 0x10409e819 0x10004a16b 0x10000154c 0x100001461 0x3
  13.447 TIGER-SAMPLE pid 0xa31 n 0x32 thread 0xf03 thread 0xf03 state-kr 0x0 pc 0x1098dfe4e leaf mach_msg_trap+0xa frames: 0x1098dfe4e 0x100327902 0x109891e9e
  13.448 TIGER-SAMPLE pid 0xa31 n 0x32 thread 0x1103 thread 0x1103 state-kr 0x0 pc 0x109895e22 leaf __semwait_signal+0xa frames: 0x109895e22 0x10409c9d5 0x103fcd562 0x10409fb49 0x10409ec36 0x10409e819 0x104033bfe 0x10409c3f9 0x109891e9e
  13.448 TIGER-SAMPLE pid 0xa31 n 0x32 thread 0x2303 thread 0x2303 state-kr 0x0 pc 0x1098467e6 leaf poll+0xa frames: 0x1098467e6 0x104033bfe 0x10409c3f9 0x109891e9e
  13.448 TIGER-SAMPLE pid 0xa31 n 0x32 thread 0x2407 thread 0x2407 state-kr 0x0 pc 0x109895e22 leaf __semwait_signal+0xa frames: 0x109895e22 0x10409c9d5 0x103fcd562 0x10409fb49 0x10409ec36 0x10409e819 0x104033bfe 0x10409c3f9 0x109891e9e
  13.448 TIGER-SAMPLE pid 0xa31 n 0x32 thread 0x2503 thread 0x2503 state-kr 0x0 pc 0x109895e22 leaf __semwait_signal+0xa frames: 0x109895e22 0x10409c9d5 0x103fcd562 0x10409fb49 0x10409ec36 0x10409e819 0x104033bfe 0x10409c3f9 0x109891e9e
  13.449 TIGER-SAMPLE pid 0xa31 n 0x32 thread 0x2603 thread 0x2603 state-kr 0x0 pc 0x109895e22 leaf __semwait_signal+0xa frames: 0x109895e22 0x10409c9d5 0x103fcd562 0x10409fb49 0x10409ec36 0x10409e819 0x104033bfe 0x10409c3f9 0x109891e9e
  13.449 TIGER-SAMPLE pid 0xa31 n 0x32 thread 0x2703 thread 0x2703 state-kr 0x0 pc 0x109895e22 leaf __semwait_signal+0xa frames: 0x109895e22 0x10409c9d5 0x103fcd562 0x10409fb49 0x10409ec36 0x10409e819 0x104033bfe 0x10409c3f9 0x109891e9e
  13.449 TIGER-SAMPLE pid 0xa31 n 0x32 thread 0x2903 thread 0x2903 state-kr 0x0 pc 0x109895e22 leaf __semwait_signal+0xa frames: 0x109895e22 0x10409c9d5 0x103fcd562 0x10409fb49 0x10409ec36 0x10409e819 0x104033bfe 0x10409c3f9 0x109891e9e
  13.449 TIGER-SAMPLE pid 0xa31 n 0x32 thread 0x2a03 thread 0x2a03 state-kr 0x0 pc 0x1098467e6 leaf poll+0xa frames: 0x1098467e6 0x104033bfe 0x10409c3f9 0x109891e9e
  13.449 TIGER-SAMPLE pid 0xa31 n 0x32 thread 0x2b03 thread 0x2b03 state-kr 0x0 pc 0x1098467e6 leaf poll+0xa frames: 0x1098467e6 0x104388627 0x1043887ea 0x101f32ba7 0x101f3e971 0x104033bfe 0x10409c3f9 0x109891e9e
  13.450 TIGER-SAMPLE pid 0xa31 n 0x32 thread 0x3003 thread 0x3003 state-kr 0x0 pc 0x109895e22 leaf __semwait_signal+0xa frames: 0x109895e22 0x10409c9d5 0x103fcd562 0x10409fb49 0x10409ec36 0x10409e819 0x104033bfe 0x10409c3f9 0x109891e9e
  13.487 TIGER-SAMPLE pid 0xa30 n 0x30 main 0xd03 thread 0xd03 state-kr 0x0 pc 0x109a95e22 leaf __semwait_signal+0xa frames: 0x109a95e22 0x1042a1327 0x1041d56a2 0x1042a4329 0x1042a34a6 0x1042a3089 0x100046488 0x100001d0c 0x100001c21 0x3
  13.488 TIGER-SAMPLE pid 0xa30 n 0x30 thread 0xf03 thread 0xf03 state-kr 0x0 pc 0x109adfe4e leaf mach_msg_trap+0xa frames: 0x109adfe4e 0x10045c512 0x109a91e9e
  13.488 TIGER-SAMPLE pid 0xa30 n 0x30 thread 0x1103 thread 0x1103 state-kr 0x0 pc 0x109a95e22 leaf __semwait_signal+0xa frames: 0x109a95e22 0x1042a12e5 0x1041d56a2 0x1042a4329 0x1042a34a6 0x1042a3089 0x10423ab3e 0x1042a0d09 0x109a91e9e
  13.488 TIGER-SAMPLE pid 0xa30 n 0x30 thread 0x2303 thread 0x2303 state-kr 0x0 pc 0x109a95e22 leaf __semwait_signal+0xa frames: 0x109a95e22 0x1042a12e5 0x1041d56a2 0x1042a4329 0x1042a34a6 0x1042a3089 0x10423ab3e 0x1042a0d09 0x109a91e9e
  13.488 TIGER-SAMPLE pid 0xa30 n 0x30 thread 0x2403 thread 0x2403 state-kr 0x0 pc 0x109a95e22 leaf __semwait_signal+0xa frames: 0x109a95e22 0x1042a12e5 0x1041d56a2 0x1042a4329 0x1042a34a6 0x1042a3089 0x10423ab3e 0x1042a0d09 0x109a91e9e
  13.489 TIGER-SAMPLE pid 0xa30 n 0x30 thread 0x2503 thread 0x2503 state-kr 0x0 pc 0x109a467e6 leaf poll+0xa frames: 0x109a467e6 0x10423ab3e 0x1042a0d09 0x109a91e9e
  13.489 TIGER-SAMPLE pid 0xa30 n 0x30 thread 0x2603 thread 0x2603 state-kr 0x0 pc 0x109a95e22 leaf __semwait_signal+0xa frames: 0x109a95e22 0x1042a12e5 0x1041d56a2 0x1042a4329 0x1042a34a6 0x1042a3089 0x10423ab3e 0x1042a0d09 0x109a91e9e
  13.489 TIGER-SAMPLE pid 0xa30 n 0x30 thread 0x2703 thread 0x2703 state-kr 0x0 pc 0x109a467e6 leaf poll+0xa frames: 0x109a467e6 0x10423ab3e 0x1042a0d09 0x109a91e9e
  13.489 TIGER-SAMPLE pid 0xa30 n 0x30 thread 0x2807 thread 0x2807 state-kr 0x0 pc 0x109a95e22 leaf __semwait_signal+0xa frames: 0x109a95e22 0x1042a12e5 0x1041d56a2 0x1042a4329 0x1042a34a6 0x1042a3089 0x10423ab3e 0x1042a0d09 0x109a91e9e
  13.489 TIGER-SAMPLE pid 0xa30 n 0x30 thread 0x2903 thread 0x2903 state-kr 0x0 pc 0x109a95e22 leaf __semwait_signal+0xa frames: 0x109a95e22 0x1042a12e5 0x1041d56a2 0x1042a4329 0x1042a34a6 0x1042a3089 0x10423ab3e 0x1042a0d09 0x109a91e9e
  13.490 TIGER-SAMPLE pid 0xa30 n 0x30 thread 0x2a03 thread 0x2a03 state-kr 0x0 pc 0x109a95e22 leaf __semwait_signal+0xa frames: 0x109a95e22 0x1042a12e5 0x1041d56a2 0x1042a4329 0x1042a34a6 0x1042a3089 0x10423ab3e 0x1042a0d09 0x109a91e9e
  13.494 TIGER-SAMPLE pid 0xa30 n 0x30 thread 0x2b03 thread 0x2b03 state-kr 0x0 pc 0x109a46712 leaf recvmsg+0xa frames: 0x109a46712 0x10045e43e 0x10423ab3e 0x1042a0d09 0x109a91e9e
  13.494 TIGER-SAMPLE pid 0xa30 n 0x30 thread 0x2c03 thread 0x2c03 state-kr 0x0 pc 0x109a95e22 leaf __semwait_signal+0xa frames: 0x109a95e22 0x1042a12e5 0x1041d56a2 0x1042a4329 0x1042a34a6 0x1042a3089 0x10423ab3e 0x1042a0d09 0x109a91e9e
  13.494 TIGER-SAMPLE pid 0xa30 n 0x30 thread 0x2d03 thread 0x2d03 state-kr 0x0 pc 0x109adb333 leaf free+0x94 frames: 0x109adb333 0x10045df8e 0x10045e43e 0x10423ab3e 0x1042a0d09 0x109a91e9e
  13.495 TIGER-SAMPLE pid 0xa30 n 0x30 thread 0x4103 thread 0x4103 state-kr 0x0 pc 0x109a95e22 leaf __semwait_signal+0xa frames: 0x109a95e22 0x1042a1327 0x1041d56a2 0x1041b2277 0x10423ab3e 0x1042a0d09 0x109a91e9e
  13.495 TIGER-SAMPLE pid 0xa30 n 0x30 thread 0x4203 thread 0x4203 state-kr 0x0 pc 0x109a95e22 leaf __semwait_signal+0xa frames: 0x109a95e22 0x1042a1327 0x1041d56a2 0x1041b2277 0x10423ab3e 0x1042a0d09 0x109a91e9e
  13.624 TIGER-SAMPLE pid 0xa2d n 0x34 main 0x117 thread 0x117 state-kr 0x0 pc 0x90009817 leaf mach_msg_trap+0x7 frames: 0x90009817 0x9082d227 0x9082ca42 0x92e06878 0x92e05f82 0x92e05dd9 0x9328cf45 0x9328cb37 0x932868c4 0x8af6 0x82f2 0x8219 0x5
  13.624 TIGER-SAMPLE pid 0xa2d n 0x34 thread 0x1203 thread 0x1203 state-kr 0x0 pc 0x90009817 leaf mach_msg_trap+0x7 frames: 0x90009817 0x2ca6d8 0x90023d67
  13.625 TIGER-SAMPLE pid 0xa2d n 0x34 thread 0x3207 thread 0x3207 state-kr 0x0 pc 0x90024407 leaf semaphore_wait_signal_trap+0x7 frames: 0x90024407 0x364de 0x90023d67
  13.625 TIGER-SAMPLE pid 0xa2d n 0x34 thread 0x3403 thread 0x3403 state-kr 0x0 pc 0x90024407 leaf semaphore_wait_signal_trap+0x7 frames: 0x90024407 0x364de 0x90023d67
  13.625 TIGER-SAMPLE pid 0xa2d n 0x34 thread 0x5103 thread 0x5103 state-kr 0x0 pc 0x900bc3fc leaf poll+0xc frames: 0x900bc3fc 0x2cd134 0x313210b 0x319b321 0x90023d67
  13.626 TIGER-SAMPLE pid 0xa2d n 0x34 thread 0x5203 thread 0x5203 state-kr 0x0 pc 0x90024407 leaf semaphore_wait_signal_trap+0x7 frames: 0x90024407 0x364de 0x90023d67
  13.626 TIGER-SAMPLE pid 0xa2d n 0x34 thread 0x5503 thread 0x5503 state-kr 0x0 pc 0x900bc3fc leaf poll+0xc frames: 0x900bc3fc 0x2cd134 0x313210b 0x319b321 0x90023d67
  13.626 TIGER-SAMPLE pid 0xa2d n 0x34 thread 0x5603 thread 0x5603 state-kr 0x0 pc 0x90024407 leaf semaphore_wait_signal_trap+0x7 frames: 0x90024407 0x364de 0x90023d67
  13.626 TIGER-SAMPLE pid 0xa2d n 0x34 thread 0x5c07 thread 0x5c07 state-kr 0x0 pc 0x900265fc leaf recvmsg+0xc frames: 0x900265fc 0x2cc6bb 0x2cd134 0x313210b 0x319b321 0x90023d67
  13.627 TIGER-SAMPLE pid 0xa2d n 0x34 thread 0x5e07 thread 0x5e07 state-kr 0x0 pc 0x90024407 leaf semaphore_wait_signal_trap+0x7 frames: 0x90024407 0x915a96ab 0x915c3ddc 0x90023d67
  13.700 TIGER-SAMPLE pid 0xa31 n 0x33 main 0xd03 thread 0xd03 state-kr 0x0 pc 0x109895e22 leaf __semwait_signal+0xa frames: 0x109895e22 0x10409c9d5 0x103fcd562 0x10409fb49 0x10409ec36 0x10409e819 0x10004a16b 0x10000154c 0x100001461 0x3
  13.700 TIGER-SAMPLE pid 0xa31 n 0x33 thread 0xf03 thread 0xf03 state-kr 0x0 pc 0x1098dfe4e leaf mach_msg_trap+0xa frames: 0x1098dfe4e 0x100327902 0x109891e9e
  13.700 TIGER-SAMPLE pid 0xa31 n 0x33 thread 0x1103 thread 0x1103 state-kr 0x0 pc 0x109895e22 leaf __semwait_signal+0xa frames: 0x109895e22 0x10409c9d5 0x103fcd562 0x10409fb49 0x10409ec36 0x10409e819 0x104033bfe 0x10409c3f9 0x109891e9e
  13.701 TIGER-SAMPLE pid 0xa31 n 0x33 thread 0x2303 thread 0x2303 state-kr 0x0 pc 0x1098467e6 leaf poll+0xa frames: 0x1098467e6 0x104033bfe 0x10409c3f9 0x109891e9e
  13.701 TIGER-SAMPLE pid 0xa31 n 0x33 thread 0x2407 thread 0x2407 state-kr 0x0 pc 0x109895e22 leaf __semwait_signal+0xa frames: 0x109895e22 0x10409c9d5 0x103fcd562 0x10409fb49 0x10409ec36 0x10409e819 0x104033bfe 0x10409c3f9 0x109891e9e
  13.701 TIGER-SAMPLE pid 0xa31 n 0x33 thread 0x2503 thread 0x2503 state-kr 0x0 pc 0x109895e22 leaf __semwait_signal+0xa frames: 0x109895e22 0x10409c9d5 0x103fcd562 0x10409fb49 0x10409ec36 0x10409e819 0x104033bfe 0x10409c3f9 0x109891e9e
  13.701 TIGER-SAMPLE pid 0xa31 n 0x33 thread 0x2603 thread 0x2603 state-kr 0x0 pc 0x109895e22 leaf __semwait_signal+0xa frames: 0x109895e22 0x10409c9d5 0x103fcd562 0x10409fb49 0x10409ec36 0x10409e819 0x104033bfe 0x10409c3f9 0x109891e9e
  13.702 TIGER-SAMPLE pid 0xa31 n 0x33 thread 0x2703 thread 0x2703 state-kr 0x0 pc 0x109895e22 leaf __semwait_signal+0xa frames: 0x109895e22 0x10409c9d5 0x103fcd562 0x10409fb49 0x10409ec36 0x10409e819 0x104033bfe 0x10409c3f9 0x109891e9e
  13.702 TIGER-SAMPLE pid 0xa31 n 0x33 thread 0x2903 thread 0x2903 state-kr 0x0 pc 0x109895e22 leaf __semwait_signal+0xa frames: 0x109895e22 0x10409c9d5 0x103fcd562 0x10409fb49 0x10409ec36 0x10409e819 0x104033bfe 0x10409c3f9 0x109891e9e
  13.702 TIGER-SAMPLE pid 0xa31 n 0x33 thread 0x2a03 thread 0x2a03 state-kr 0x0 pc 0x1098467e6 leaf poll+0xa frames: 0x1098467e6 0x104033bfe 0x10409c3f9 0x109891e9e
  13.702 TIGER-SAMPLE pid 0xa31 n 0x33 thread 0x2b03 thread 0x2b03 state-kr 0x0 pc 0x1098467e6 leaf poll+0xa frames: 0x1098467e6 0x104388627 0x1043887ea 0x101f32ba7 0x101f3e971 0x104033bfe 0x10409c3f9 0x109891e9e
  13.703 TIGER-SAMPLE pid 0xa31 n 0x33 thread 0x3003 thread 0x3003 state-kr 0x0 pc 0x109895e22 leaf __semwait_signal+0xa frames: 0x109895e22 0x10409c9d5 0x103fcd562 0x10409fb49 0x10409ec36 0x10409e819 0x104033bfe 0x10409c3f9 0x109891e9e
  13.745 TIGER-SAMPLE pid 0xa30 n 0x31 main 0xd03 thread 0xd03 state-kr 0x0 pc 0x109a95e22 leaf __semwait_signal+0xa frames: 0x109a95e22 0x1042a1327 0x1041d56a2 0x1042a4329 0x1042a34a6 0x1042a3089 0x100046488 0x100001d0c 0x100001c21 0x3
  13.745 TIGER-SAMPLE pid 0xa30 n 0x31 thread 0xf03 thread 0xf03 state-kr 0x0 pc 0x109adfe4e leaf mach_msg_trap+0xa frames: 0x109adfe4e 0x10045c512 0x109a91e9e
  13.746 TIGER-SAMPLE pid 0xa30 n 0x31 thread 0x1103 thread 0x1103 state-kr 0x0 pc 0x109a95e22 leaf __semwait_signal+0xa frames: 0x109a95e22 0x1042a12e5 0x1041d56a2 0x1042a4329 0x1042a34a6 0x1042a3089 0x10423ab3e 0x1042a0d09 0x109a91e9e
  13.746 TIGER-SAMPLE pid 0xa30 n 0x31 thread 0x2303 thread 0x2303 state-kr 0x0 pc 0x109a95e22 leaf __semwait_signal+0xa frames: 0x109a95e22 0x1042a12e5 0x1041d56a2 0x1042a4329 0x1042a34a6 0x1042a3089 0x10423ab3e 0x1042a0d09 0x109a91e9e
  13.746 TIGER-SAMPLE pid 0xa30 n 0x31 thread 0x2403 thread 0x2403 state-kr 0x0 pc 0x109a95e22 leaf __semwait_signal+0xa frames: 0x109a95e22 0x1042a12e5 0x1041d56a2 0x1042a4329 0x1042a34a6 0x1042a3089 0x10423ab3e 0x1042a0d09 0x109a91e9e
  13.746 TIGER-SAMPLE pid 0xa30 n 0x31 thread 0x2503 thread 0x2503 state-kr 0x0 pc 0x109a467e6 leaf poll+0xa frames: 0x109a467e6 0x10423ab3e 0x1042a0d09 0x109a91e9e
  13.746 TIGER-SAMPLE pid 0xa30 n 0x31 thread 0x2603 thread 0x2603 state-kr 0x0 pc 0x109a95e22 leaf __semwait_signal+0xa frames: 0x109a95e22 0x1042a12e5 0x1041d56a2 0x1042a4329 0x1042a34a6 0x1042a3089 0x10423ab3e 0x1042a0d09 0x109a91e9e
  13.747 TIGER-SAMPLE pid 0xa30 n 0x31 thread 0x2703 thread 0x2703 state-kr 0x0 pc 0x109a467e6 leaf poll+0xa frames: 0x109a467e6 0x10423ab3e 0x1042a0d09 0x109a91e9e
  13.747 TIGER-SAMPLE pid 0xa30 n 0x31 thread 0x2807 thread 0x2807 state-kr 0x0 pc 0x109a95e22 leaf __semwait_signal+0xa frames: 0x109a95e22 0x1042a12e5 0x1041d56a2 0x1042a4329 0x1042a34a6 0x1042a3089 0x10423ab3e 0x1042a0d09 0x109a91e9e
  13.747 TIGER-SAMPLE pid 0xa30 n 0x31 thread 0x2903 thread 0x2903 state-kr 0x0 pc 0x109a95e22 leaf __semwait_signal+0xa frames: 0x109a95e22 0x1042a12e5 0x1041d56a2 0x1042a4329 0x1042a34a6 0x1042a3089 0x10423ab3e 0x1042a0d09 0x109a91e9e
  13.747 TIGER-SAMPLE pid 0xa30 n 0x31 thread 0x2a03 thread 0x2a03 state-kr 0x0 pc 0x109a95e22 leaf __semwait_signal+0xa frames: 0x109a95e22 0x1042a12e5 0x1041d56a2 0x1042a4329 0x1042a34a6 0x1042a3089 0x10423ab3e 0x1042a0d09 0x109a91e9e
  13.775 TIGER-SAMPLE pid 0xa30 n 0x31 thread 0x2b03 thread 0x2b03 state-kr 0x0 pc 0x109a46712 leaf recvmsg+0xa frames: 0x109a46712 0x10045e43e 0x10423ab3e 0x1042a0d09 0x109a91e9e
  13.775 TIGER-SAMPLE pid 0xa30 n 0x31 thread 0x2c03 thread 0x2c03 state-kr 0x0 pc 0x109a95e22 leaf __semwait_signal+0xa frames: 0x109a95e22 0x1042a12e5 0x1041d56a2 0x1042a4329 0x1042a34a6 0x1042a3089 0x10423ab3e 0x1042a0d09 0x109a91e9e
  13.778 TIGER-SAMPLE pid 0xa30 n 0x31 thread 0x2d03 thread 0x2d03 state-kr 0x0 pc 0x109adc952 leaf _spin_lock+0xa frames: 0x109adc952 0x10045df8e 0x10045e43e 0x10423ab3e 0x1042a0d09 0x109a91e9e
  13.779 TIGER-SAMPLE pid 0xa30 n 0x31 thread 0x4103 thread 0x4103 state-kr 0x0 pc 0x109a95e22 leaf __semwait_signal+0xa frames: 0x109a95e22 0x1042a1327 0x1041d56a2 0x1041b2277 0x10423ab3e 0x1042a0d09 0x109a91e9e
  13.779 TIGER-SAMPLE pid 0xa30 n 0x31 thread 0x4203 thread 0x4203 state-kr 0x0 pc 0x109a95e22 leaf __semwait_signal+0xa frames: 0x109a95e22 0x1042a1327 0x1041d56a2 0x1041b2277 0x10423ab3e 0x1042a0d09 0x109a91e9e
  13.877 TIGER-SAMPLE pid 0xa2d n 0x35 main 0x117 thread 0x117 state-kr 0x0 pc 0x90009817 leaf mach_msg_trap+0x7 frames: 0x90009817 0x9082d227 0x9082ca42 0x92e06878 0x92e05f82 0x92e05dd9 0x9328cf45 0x9328cb37 0x932868c4 0x8af6 0x82f2 0x8219 0x5
  13.877 TIGER-SAMPLE pid 0xa2d n 0x35 thread 0x1203 thread 0x1203 state-kr 0x0 pc 0x90009817 leaf mach_msg_trap+0x7 frames: 0x90009817 0x2ca6d8 0x90023d67
  13.878 TIGER-SAMPLE pid 0xa2d n 0x35 thread 0x3207 thread 0x3207 state-kr 0x0 pc 0x90024407 leaf semaphore_wait_signal_trap+0x7 frames: 0x90024407 0x364de 0x90023d67
  13.878 TIGER-SAMPLE pid 0xa2d n 0x35 thread 0x3403 thread 0x3403 state-kr 0x0 pc 0x90024407 leaf semaphore_wait_signal_trap+0x7 frames: 0x90024407 0x364de 0x90023d67
  13.878 TIGER-SAMPLE pid 0xa2d n 0x35 thread 0x5103 thread 0x5103 state-kr 0x0 pc 0x900bc3fc leaf poll+0xc frames: 0x900bc3fc 0x2cd134 0x313210b 0x319b321 0x90023d67
  13.878 TIGER-SAMPLE pid 0xa2d n 0x35 thread 0x5203 thread 0x5203 state-kr 0x0 pc 0x90024407 leaf semaphore_wait_signal_trap+0x7 frames: 0x90024407 0x364de 0x90023d67
  13.879 TIGER-SAMPLE pid 0xa2d n 0x35 thread 0x5503 thread 0x5503 state-kr 0x0 pc 0x900bc3fc leaf poll+0xc frames: 0x900bc3fc 0x2cd134 0x313210b 0x319b321 0x90023d67
  13.879 TIGER-SAMPLE pid 0xa2d n 0x35 thread 0x5603 thread 0x5603 state-kr 0x0 pc 0x90024407 leaf semaphore_wait_signal_trap+0x7 frames: 0x90024407 0x364de 0x90023d67
  13.879 TIGER-SAMPLE pid 0xa2d n 0x35 thread 0x5c07 thread 0x5c07 state-kr 0x0 pc 0x90008527 leaf calloc+0x11c8 frames: 0x90008527 0x900075bb 0x310b193 0x2cbe89 0x2cc6bb 0x2cd134 0x313210b 0x319b321 0x90023d67
  13.879 TIGER-SAMPLE pid 0xa2d n 0x35 thread 0x5e07 thread 0x5e07 state-kr 0x0 pc 0x90024407 leaf semaphore_wait_signal_trap+0x7 frames: 0x90024407 0x915a96ab 0x915c3ddc 0x90023d67
  13.953 TIGER-SAMPLE pid 0xa31 n 0x34 main 0xd03 thread 0xd03 state-kr 0x0 pc 0x109895e22 leaf __semwait_signal+0xa frames: 0x109895e22 0x10409c9d5 0x103fcd562 0x10409fb49 0x10409ec36 0x10409e819 0x10004a16b 0x10000154c 0x100001461 0x3
  13.953 TIGER-SAMPLE pid 0xa31 n 0x34 thread 0xf03 thread 0xf03 state-kr 0x0 pc 0x1098dfe4e leaf mach_msg_trap+0xa frames: 0x1098dfe4e 0x100327902 0x109891e9e
  13.953 TIGER-SAMPLE pid 0xa31 n 0x34 thread 0x1103 thread 0x1103 state-kr 0x0 pc 0x109895e22 leaf __semwait_signal+0xa frames: 0x109895e22 0x10409c9d5 0x103fcd562 0x10409fb49 0x10409ec36 0x10409e819 0x104033bfe 0x10409c3f9 0x109891e9e
  13.953 TIGER-SAMPLE pid 0xa31 n 0x34 thread 0x2303 thread 0x2303 state-kr 0x0 pc 0x1098467e6 leaf poll+0xa frames: 0x1098467e6 0x104033bfe 0x10409c3f9 0x109891e9e
  13.954 TIGER-SAMPLE pid 0xa31 n 0x34 thread 0x2407 thread 0x2407 state-kr 0x0 pc 0x109895e22 leaf __semwait_signal+0xa frames: 0x109895e22 0x10409c9d5 0x103fcd562 0x10409fb49 0x10409ec36 0x10409e819 0x104033bfe 0x10409c3f9 0x109891e9e
  13.954 TIGER-SAMPLE pid 0xa31 n 0x34 thread 0x2503 thread 0x2503 state-kr 0x0 pc 0x109895e22 leaf __semwait_signal+0xa frames: 0x109895e22 0x10409c9d5 0x103fcd562 0x10409fb49 0x10409ec36 0x10409e819 0x104033bfe 0x10409c3f9 0x109891e9e
  13.954 TIGER-SAMPLE pid 0xa31 n 0x34 thread 0x2603 thread 0x2603 state-kr 0x0 pc 0x109895e22 leaf __semwait_signal+0xa frames: 0x109895e22 0x10409c9d5 0x103fcd562 0x10409fb49 0x10409ec36 0x10409e819 0x104033bfe 0x10409c3f9 0x109891e9e
  13.954 TIGER-SAMPLE pid 0xa31 n 0x34 thread 0x2703 thread 0x2703 state-kr 0x0 pc 0x109895e22 leaf __semwait_signal+0xa frames: 0x109895e22 0x10409c9d5 0x103fcd562 0x10409fb49 0x10409ec36 0x10409e819 0x104033bfe 0x10409c3f9 0x109891e9e
  13.954 TIGER-SAMPLE pid 0xa31 n 0x34 thread 0x2903 thread 0x2903 state-kr 0x0 pc 0x109895e22 leaf __semwait_signal+0xa frames: 0x109895e22 0x10409c9d5 0x103fcd562 0x10409fb49 0x10409ec36 0x10409e819 0x104033bfe 0x10409c3f9 0x109891e9e
  13.955 TIGER-SAMPLE pid 0xa31 n 0x34 thread 0x2a03 thread 0x2a03 state-kr 0x0 pc 0x1098467e6 leaf poll+0xa frames: 0x1098467e6 0x104033bfe 0x10409c3f9 0x109891e9e
  13.955 TIGER-SAMPLE pid 0xa31 n 0x34 thread 0x2b03 thread 0x2b03 state-kr 0x0 pc 0x1098467e6 leaf poll+0xa frames: 0x1098467e6 0x104388627 0x1043887ea 0x101f32ba7 0x101f3e971 0x104033bfe 0x10409c3f9 0x109891e9e
  13.955 TIGER-SAMPLE pid 0xa31 n 0x34 thread 0x3003 thread 0x3003 state-kr 0x0 pc 0x109895e22 leaf __semwait_signal+0xa frames: 0x109895e22 0x10409c9d5 0x103fcd562 0x10409fb49 0x10409ec36 0x10409e819 0x104033bfe 0x10409c3f9 0x109891e9e
  14.029 TIGER-SAMPLE pid 0xa30 n 0x32 main 0xd03 thread 0xd03 state-kr 0x0 pc 0x109a95e22 leaf __semwait_signal+0xa frames: 0x109a95e22 0x1042a1327 0x1041d56a2 0x1042a4329 0x1042a34a6 0x1042a3089 0x100046488 0x100001d0c 0x100001c21 0x3
  14.029 TIGER-SAMPLE pid 0xa30 n 0x32 thread 0xf03 thread 0xf03 state-kr 0x0 pc 0x109adfe4e leaf mach_msg_trap+0xa frames: 0x109adfe4e 0x10045c512 0x109a91e9e
  14.030 TIGER-SAMPLE pid 0xa30 n 0x32 thread 0x1103 thread 0x1103 state-kr 0x0 pc 0x109a95e22 leaf __semwait_signal+0xa frames: 0x109a95e22 0x1042a12e5 0x1041d56a2 0x1042a4329 0x1042a34a6 0x1042a3089 0x10423ab3e 0x1042a0d09 0x109a91e9e
  14.030 TIGER-SAMPLE pid 0xa30 n 0x32 thread 0x2303 thread 0x2303 state-kr 0x0 pc 0x109a95e22 leaf __semwait_signal+0xa frames: 0x109a95e22 0x1042a12e5 0x1041d56a2 0x1042a4329 0x1042a34a6 0x1042a3089 0x10423ab3e 0x1042a0d09 0x109a91e9e
  14.030 TIGER-SAMPLE pid 0xa30 n 0x32 thread 0x2403 thread 0x2403 state-kr 0x0 pc 0x109a95e22 leaf __semwait_signal+0xa frames: 0x109a95e22 0x1042a12e5 0x1041d56a2 0x1042a4329 0x1042a34a6 0x1042a3089 0x10423ab3e 0x1042a0d09 0x109a91e9e
  14.030 TIGER-SAMPLE pid 0xa30 n 0x32 thread 0x2503 thread 0x2503 state-kr 0x0 pc 0x109a467e6 leaf poll+0xa frames: 0x109a467e6 0x10423ab3e 0x1042a0d09 0x109a91e9e
  14.030 TIGER-SAMPLE pid 0xa30 n 0x32 thread 0x2603 thread 0x2603 state-kr 0x0 pc 0x109a95e22 leaf __semwait_signal+0xa frames: 0x109a95e22 0x1042a12e5 0x1041d56a2 0x1042a4329 0x1042a34a6 0x1042a3089 0x10423ab3e 0x1042a0d09 0x109a91e9e
  14.031 TIGER-SAMPLE pid 0xa30 n 0x32 thread 0x2703 thread 0x2703 state-kr 0x0 pc 0x109a467e6 leaf poll+0xa frames: 0x109a467e6 0x10423ab3e 0x1042a0d09 0x109a91e9e
  14.031 TIGER-SAMPLE pid 0xa30 n 0x32 thread 0x2807 thread 0x2807 state-kr 0x0 pc 0x109a95e22 leaf __semwait_signal+0xa frames: 0x109a95e22 0x1042a12e5 0x1041d56a2 0x1042a4329 0x1042a34a6 0x1042a3089 0x10423ab3e 0x1042a0d09 0x109a91e9e
  14.031 TIGER-SAMPLE pid 0xa30 n 0x32 thread 0x2903 thread 0x2903 state-kr 0x0 pc 0x109a95e22 leaf __semwait_signal+0xa frames: 0x109a95e22 0x1042a12e5 0x1041d56a2 0x1042a4329 0x1042a34a6 0x1042a3089 0x10423ab3e 0x1042a0d09 0x109a91e9e
  14.031 TIGER-SAMPLE pid 0xa30 n 0x32 thread 0x2a03 thread 0x2a03 state-kr 0x0 pc 0x109a95e22 leaf __semwait_signal+0xa frames: 0x109a95e22 0x1042a12e5 0x1041d56a2 0x1042a4329 0x1042a34a6 0x1042a3089 0x10423ab3e 0x1042a0d09 0x109a91e9e
  14.035 TIGER-SAMPLE pid 0xa30 n 0x32 thread 0x2b03 thread 0x2b03 state-kr 0x0 pc 0x109a46712 leaf recvmsg+0xa frames: 0x109a46712 0x10045e43e 0x10423ab3e 0x1042a0d09 0x109a91e9e
  14.035 TIGER-SAMPLE pid 0xa30 n 0x32 thread 0x2c03 thread 0x2c03 state-kr 0x0 pc 0x109a95e22 leaf __semwait_signal+0xa frames: 0x109a95e22 0x1042a12e5 0x1041d56a2 0x1042a4329 0x1042a34a6 0x1042a3089 0x10423ab3e 0x1042a0d09 0x109a91e9e
  14.040 TIGER-SAMPLE pid 0xa30 n 0x32 thread 0x2d03 thread 0x2d03 state-kr 0x0 pc 0x109aa866a leaf malloc_jumpstart+0x19bf frames: 0x109aa866a 0x10045df8e 0x10045e43e 0x10423ab3e 0x1042a0d09 0x109a91e9e
  14.040 TIGER-SAMPLE pid 0xa30 n 0x32 thread 0x4103 thread 0x4103 state-kr 0x0 pc 0x109a95e22 leaf __semwait_signal+0xa frames: 0x109a95e22 0x1042a1327 0x1041d56a2 0x1041b2277 0x10423ab3e 0x1042a0d09 0x109a91e9e
  14.040 TIGER-SAMPLE pid 0xa30 n 0x32 thread 0x4203 thread 0x4203 state-kr 0x0 pc 0x109a95e22 leaf __semwait_signal+0xa frames: 0x109a95e22 0x1042a1327 0x1041d56a2 0x1041b2277 0x10423ab3e 0x1042a0d09 0x109a91e9e
  14.130 TIGER-SAMPLE pid 0xa2d n 0x36 main 0x117 thread 0x117 state-kr 0x0 pc 0x90009817 leaf mach_msg_trap+0x7 frames: 0x90009817 0x9082d227 0x9082ca42 0x92e06878 0x92e05f82 0x92e05dd9 0x9328cf45 0x9328cb37 0x932868c4 0x8af6 0x82f2 0x8219 0x5
  14.130 TIGER-SAMPLE pid 0xa2d n 0x36 thread 0x1203 thread 0x1203 state-kr 0x0 pc 0x90009817 leaf mach_msg_trap+0x7 frames: 0x90009817 0x2ca6d8 0x90023d67
  14.131 TIGER-SAMPLE pid 0xa2d n 0x36 thread 0x3207 thread 0x3207 state-kr 0x0 pc 0x90024407 leaf semaphore_wait_signal_trap+0x7 frames: 0x90024407 0x364de 0x90023d67
  14.131 TIGER-SAMPLE pid 0xa2d n 0x36 thread 0x3403 thread 0x3403 state-kr 0x0 pc 0x90024407 leaf semaphore_wait_signal_trap+0x7 frames: 0x90024407 0x364de 0x90023d67
  14.131 TIGER-SAMPLE pid 0xa2d n 0x36 thread 0x5103 thread 0x5103 state-kr 0x0 pc 0x900bc3fc leaf poll+0xc frames: 0x900bc3fc 0x2cd134 0x313210b 0x319b321 0x90023d67
  14.131 TIGER-SAMPLE pid 0xa2d n 0x36 thread 0x5203 thread 0x5203 state-kr 0x0 pc 0x90024407 leaf semaphore_wait_signal_trap+0x7 frames: 0x90024407 0x364de 0x90023d67
  14.132 TIGER-SAMPLE pid 0xa2d n 0x36 thread 0x5503 thread 0x5503 state-kr 0x0 pc 0x900bc3fc leaf poll+0xc frames: 0x900bc3fc 0x2cd134 0x313210b 0x319b321 0x90023d67
  14.132 TIGER-SAMPLE pid 0xa2d n 0x36 thread 0x5603 thread 0x5603 state-kr 0x0 pc 0x90024407 leaf semaphore_wait_signal_trap+0x7 frames: 0x90024407 0x364de 0x90023d67
  14.132 TIGER-SAMPLE pid 0xa2d n 0x36 thread 0x5c07 thread 0x5c07 state-kr 0x0 pc 0x900265fc leaf recvmsg+0xc frames: 0x900265fc 0x2cc6bb 0x2cd134 0x313210b 0x319b321 0x90023d67
  14.133 TIGER-SAMPLE pid 0xa2d n 0x36 thread 0x5e07 thread 0x5e07 state-kr 0x0 pc 0x90024407 leaf semaphore_wait_signal_trap+0x7 frames: 0x90024407 0x915a96ab 0x915c3ddc 0x90023d67
  14.205 TIGER-SAMPLE pid 0xa31 n 0x35 main 0xd03 thread 0xd03 state-kr 0x0 pc 0x109895e22 leaf __semwait_signal+0xa frames: 0x109895e22 0x10409c9d5 0x103fcd562 0x10409fb49 0x10409ec36 0x10409e819 0x10004a16b 0x10000154c 0x100001461 0x3
  14.206 TIGER-SAMPLE pid 0xa31 n 0x35 thread 0xf03 thread 0xf03 state-kr 0x0 pc 0x1098dfe4e leaf mach_msg_trap+0xa frames: 0x1098dfe4e 0x100327902 0x109891e9e
  14.206 TIGER-SAMPLE pid 0xa31 n 0x35 thread 0x1103 thread 0x1103 state-kr 0x0 pc 0x109895e22 leaf __semwait_signal+0xa frames: 0x109895e22 0x10409c9d5 0x103fcd562 0x10409fb49 0x10409ec36 0x10409e819 0x104033bfe 0x10409c3f9 0x109891e9e
  14.206 TIGER-SAMPLE pid 0xa31 n 0x35 thread 0x2303 thread 0x2303 state-kr 0x0 pc 0x1098467e6 leaf poll+0xa frames: 0x1098467e6 0x104033bfe 0x10409c3f9 0x109891e9e
  14.206 TIGER-SAMPLE pid 0xa31 n 0x35 thread 0x2407 thread 0x2407 state-kr 0x0 pc 0x109895e22 leaf __semwait_signal+0xa frames: 0x109895e22 0x10409c9d5 0x103fcd562 0x10409fb49 0x10409ec36 0x10409e819 0x104033bfe 0x10409c3f9 0x109891e9e
  14.206 TIGER-SAMPLE pid 0xa31 n 0x35 thread 0x2503 thread 0x2503 state-kr 0x0 pc 0x109895e22 leaf __semwait_signal+0xa frames: 0x109895e22 0x10409c9d5 0x103fcd562 0x10409fb49 0x10409ec36 0x10409e819 0x104033bfe 0x10409c3f9 0x109891e9e
  14.207 TIGER-SAMPLE pid 0xa31 n 0x35 thread 0x2603 thread 0x2603 state-kr 0x0 pc 0x109895e22 leaf __semwait_signal+0xa frames: 0x109895e22 0x10409c9d5 0x103fcd562 0x10409fb49 0x10409ec36 0x10409e819 0x104033bfe 0x10409c3f9 0x109891e9e
  14.207 TIGER-SAMPLE pid 0xa31 n 0x35 thread 0x2703 thread 0x2703 state-kr 0x0 pc 0x109895e22 leaf __semwait_signal+0xa frames: 0x109895e22 0x10409c9d5 0x103fcd562 0x10409fb49 0x10409ec36 0x10409e819 0x104033bfe 0x10409c3f9 0x109891e9e
  14.207 TIGER-SAMPLE pid 0xa31 n 0x35 thread 0x2903 thread 0x2903 state-kr 0x0 pc 0x109895e22 leaf __semwait_signal+0xa frames: 0x109895e22 0x10409c9d5 0x103fcd562 0x10409fb49 0x10409ec36 0x10409e819 0x104033bfe 0x10409c3f9 0x109891e9e
  14.207 TIGER-SAMPLE pid 0xa31 n 0x35 thread 0x2a03 thread 0x2a03 state-kr 0x0 pc 0x1098467e6 leaf poll+0xa frames: 0x1098467e6 0x104033bfe 0x10409c3f9 0x109891e9e
  14.207 TIGER-SAMPLE pid 0xa31 n 0x35 thread 0x2b03 thread 0x2b03 state-kr 0x0 pc 0x1098467e6 leaf poll+0xa frames: 0x1098467e6 0x104388627 0x1043887ea 0x101f32ba7 0x101f3e971 0x104033bfe 0x10409c3f9 0x109891e9e
  14.208 TIGER-SAMPLE pid 0xa31 n 0x35 thread 0x3003 thread 0x3003 state-kr 0x0 pc 0x109895e22 leaf __semwait_signal+0xa frames: 0x109895e22 0x10409c9d5 0x103fcd562 0x10409fb49 0x10409ec36 0x10409e819 0x104033bfe 0x10409c3f9 0x109891e9e
  14.290 TIGER-SAMPLE pid 0xa30 n 0x33 main 0xd03 thread 0xd03 state-kr 0x0 pc 0x109a95e22 leaf __semwait_signal+0xa frames: 0x109a95e22 0x1042a1327 0x1041d56a2 0x1042a4329 0x1042a34a6 0x1042a3089 0x100046488 0x100001d0c 0x100001c21 0x3
  14.291 TIGER-SAMPLE pid 0xa30 n 0x33 thread 0xf03 thread 0xf03 state-kr 0x0 pc 0x109adfe4e leaf mach_msg_trap+0xa frames: 0x109adfe4e 0x10045c512 0x109a91e9e
  14.291 TIGER-SAMPLE pid 0xa30 n 0x33 thread 0x1103 thread 0x1103 state-kr 0x0 pc 0x109a95e22 leaf __semwait_signal+0xa frames: 0x109a95e22 0x1042a12e5 0x1041d56a2 0x1042a4329 0x1042a34a6 0x1042a3089 0x10423ab3e 0x1042a0d09 0x109a91e9e
  14.291 TIGER-SAMPLE pid 0xa30 n 0x33 thread 0x2303 thread 0x2303 state-kr 0x0 pc 0x109a95e22 leaf __semwait_signal+0xa frames: 0x109a95e22 0x1042a12e5 0x1041d56a2 0x1042a4329 0x1042a34a6 0x1042a3089 0x10423ab3e 0x1042a0d09 0x109a91e9e
  14.291 TIGER-SAMPLE pid 0xa30 n 0x33 thread 0x2403 thread 0x2403 state-kr 0x0 pc 0x109a95e22 leaf __semwait_signal+0xa frames: 0x109a95e22 0x1042a12e5 0x1041d56a2 0x1042a4329 0x1042a34a6 0x1042a3089 0x10423ab3e 0x1042a0d09 0x109a91e9e
  14.291 TIGER-SAMPLE pid 0xa30 n 0x33 thread 0x2503 thread 0x2503 state-kr 0x0 pc 0x109a467e6 leaf poll+0xa frames: 0x109a467e6 0x10423ab3e 0x1042a0d09 0x109a91e9e
  14.292 TIGER-SAMPLE pid 0xa30 n 0x33 thread 0x2603 thread 0x2603 state-kr 0x0 pc 0x109a95e22 leaf __semwait_signal+0xa frames: 0x109a95e22 0x1042a12e5 0x1041d56a2 0x1042a4329 0x1042a34a6 0x1042a3089 0x10423ab3e 0x1042a0d09 0x109a91e9e
  14.292 TIGER-SAMPLE pid 0xa30 n 0x33 thread 0x2703 thread 0x2703 state-kr 0x0 pc 0x109a467e6 leaf poll+0xa frames: 0x109a467e6 0x10423ab3e 0x1042a0d09 0x109a91e9e
  14.292 TIGER-SAMPLE pid 0xa30 n 0x33 thread 0x2807 thread 0x2807 state-kr 0x0 pc 0x109a95e22 leaf __semwait_signal+0xa frames: 0x109a95e22 0x1042a12e5 0x1041d56a2 0x1042a4329 0x1042a34a6 0x1042a3089 0x10423ab3e 0x1042a0d09 0x109a91e9e
  14.292 TIGER-SAMPLE pid 0xa30 n 0x33 thread 0x2903 thread 0x2903 state-kr 0x0 pc 0x109a95e22 leaf __semwait_signal+0xa frames: 0x109a95e22 0x1042a12e5 0x1041d56a2 0x1042a4329 0x1042a34a6 0x1042a3089 0x10423ab3e 0x1042a0d09 0x109a91e9e
  14.292 TIGER-SAMPLE pid 0xa30 n 0x33 thread 0x2a03 thread 0x2a03 state-kr 0x0 pc 0x109a95e22 leaf __semwait_signal+0xa frames: 0x109a95e22 0x1042a12e5 0x1041d56a2 0x1042a4329 0x1042a34a6 0x1042a3089 0x10423ab3e 0x1042a0d09 0x109a91e9e
  14.294 TIGER-SAMPLE pid 0xa30 n 0x33 thread 0x2b03 thread 0x2b03 state-kr 0x0 pc 0x109a46712 leaf recvmsg+0xa frames: 0x109a46712 0x10045e43e 0x10423ab3e 0x1042a0d09 0x109a91e9e
  14.294 TIGER-SAMPLE pid 0xa30 n 0x33 thread 0x2c03 thread 0x2c03 state-kr 0x0 pc 0x109a95e22 leaf __semwait_signal+0xa frames: 0x109a95e22 0x1042a12e5 0x1041d56a2 0x1042a4329 0x1042a34a6 0x1042a3089 0x10423ab3e 0x1042a0d09 0x109a91e9e
  14.295 TIGER-SAMPLE pid 0xa30 n 0x33 thread 0x2d03 thread 0x2d03 state-kr 0x0 pc 0x109a46712 leaf recvmsg+0xa frames: 0x109a46712 0x10045e43e 0x10423ab3e 0x1042a0d09 0x109a91e9e
  14.295 TIGER-SAMPLE pid 0xa30 n 0x33 thread 0x4103 thread 0x4103 state-kr 0x0 pc 0x109a95e22 leaf __semwait_signal+0xa frames: 0x109a95e22 0x1042a1327 0x1041d56a2 0x1041b2277 0x10423ab3e 0x1042a0d09 0x109a91e9e
  14.295 TIGER-SAMPLE pid 0xa30 n 0x33 thread 0x4203 thread 0x4203 state-kr 0x0 pc 0x109a95e22 leaf __semwait_signal+0xa frames: 0x109a95e22 0x1042a1327 0x1041d56a2 0x1041b2277 0x10423ab3e 0x1042a0d09 0x109a91e9e
  14.383 TIGER-SAMPLE pid 0xa2d n 0x37 main 0x117 thread 0x117 state-kr 0x0 pc 0x90009817 leaf mach_msg_trap+0x7 frames: 0x90009817 0x9082d227 0x9082ca42 0x92e06878 0x92e05f82 0x92e05dd9 0x9328cf45 0x9328cb37 0x932868c4 0x8af6 0x82f2 0x8219 0x5
  14.383 TIGER-SAMPLE pid 0xa2d n 0x37 thread 0x1203 thread 0x1203 state-kr 0x0 pc 0x90009817 leaf mach_msg_trap+0x7 frames: 0x90009817 0x2ca6d8 0x90023d67
  14.384 TIGER-SAMPLE pid 0xa2d n 0x37 thread 0x3207 thread 0x3207 state-kr 0x0 pc 0x90024407 leaf semaphore_wait_signal_trap+0x7 frames: 0x90024407 0x364de 0x90023d67
  14.384 TIGER-SAMPLE pid 0xa2d n 0x37 thread 0x3403 thread 0x3403 state-kr 0x0 pc 0x90024407 leaf semaphore_wait_signal_trap+0x7 frames: 0x90024407 0x364de 0x90023d67
  14.384 TIGER-SAMPLE pid 0xa2d n 0x37 thread 0x5103 thread 0x5103 state-kr 0x0 pc 0x900bc3fc leaf poll+0xc frames: 0x900bc3fc 0x2cd134 0x313210b 0x319b321 0x90023d67
  14.385 TIGER-SAMPLE pid 0xa2d n 0x37 thread 0x5203 thread 0x5203 state-kr 0x0 pc 0x90024407 leaf semaphore_wait_signal_trap+0x7 frames: 0x90024407 0x364de 0x90023d67
  14.385 TIGER-SAMPLE pid 0xa2d n 0x37 thread 0x5503 thread 0x5503 state-kr 0x0 pc 0x900bc3fc leaf poll+0xc frames: 0x900bc3fc 0x2cd134 0x313210b 0x319b321 0x90023d67
  14.385 TIGER-SAMPLE pid 0xa2d n 0x37 thread 0x5603 thread 0x5603 state-kr 0x0 pc 0x90024407 leaf semaphore_wait_signal_trap+0x7 frames: 0x90024407 0x364de 0x90023d67
  14.386 TIGER-SAMPLE pid 0xa2d n 0x37 thread 0x5c07 thread 0x5c07 state-kr 0x0 pc 0x90005e07 leaf free+0x1017 frames: 0x90005e07 0x900050c8 0x2cc149 0x2cc6bb 0x2cd134 0x313210b 0x319b321 0x90023d67
  14.386 TIGER-SAMPLE pid 0xa2d n 0x37 thread 0x5e07 thread 0x5e07 state-kr 0x0 pc 0x90024407 leaf semaphore_wait_signal_trap+0x7 frames: 0x90024407 0x915a96ab 0x915c3ddc 0x90023d67
  14.458 TIGER-SAMPLE pid 0xa31 n 0x36 main 0xd03 thread 0xd03 state-kr 0x0 pc 0x109895e22 leaf __semwait_signal+0xa frames: 0x109895e22 0x10409c9d5 0x103fcd562 0x10409fb49 0x10409ec36 0x10409e819 0x10004a16b 0x10000154c 0x100001461 0x3
  14.458 TIGER-SAMPLE pid 0xa31 n 0x36 thread 0xf03 thread 0xf03 state-kr 0x0 pc 0x1098dfe4e leaf mach_msg_trap+0xa frames: 0x1098dfe4e 0x100327902 0x109891e9e
  14.458 TIGER-SAMPLE pid 0xa31 n 0x36 thread 0x1103 thread 0x1103 state-kr 0x0 pc 0x109895e22 leaf __semwait_signal+0xa frames: 0x109895e22 0x10409c9d5 0x103fcd562 0x10409fb49 0x10409ec36 0x10409e819 0x104033bfe 0x10409c3f9 0x109891e9e
  14.459 TIGER-SAMPLE pid 0xa31 n 0x36 thread 0x2303 thread 0x2303 state-kr 0x0 pc 0x1098467e6 leaf poll+0xa frames: 0x1098467e6 0x104033bfe 0x10409c3f9 0x109891e9e
  14.459 TIGER-SAMPLE pid 0xa31 n 0x36 thread 0x2407 thread 0x2407 state-kr 0x0 pc 0x109895e22 leaf __semwait_signal+0xa frames: 0x109895e22 0x10409c9d5 0x103fcd562 0x10409fb49 0x10409ec36 0x10409e819 0x104033bfe 0x10409c3f9 0x109891e9e
  14.459 TIGER-SAMPLE pid 0xa31 n 0x36 thread 0x2503 thread 0x2503 state-kr 0x0 pc 0x109895e22 leaf __semwait_signal+0xa frames: 0x109895e22 0x10409c9d5 0x103fcd562 0x10409fb49 0x10409ec36 0x10409e819 0x104033bfe 0x10409c3f9 0x109891e9e
  14.459 TIGER-SAMPLE pid 0xa31 n 0x36 thread 0x2603 thread 0x2603 state-kr 0x0 pc 0x109895e22 leaf __semwait_signal+0xa frames: 0x109895e22 0x10409c9d5 0x103fcd562 0x10409fb49 0x10409ec36 0x10409e819 0x104033bfe 0x10409c3f9 0x109891e9e
  14.459 TIGER-SAMPLE pid 0xa31 n 0x36 thread 0x2703 thread 0x2703 state-kr 0x0 pc 0x109895e22 leaf __semwait_signal+0xa frames: 0x109895e22 0x10409c9d5 0x103fcd562 0x10409fb49 0x10409ec36 0x10409e819 0x104033bfe 0x10409c3f9 0x109891e9e
  14.460 TIGER-SAMPLE pid 0xa31 n 0x36 thread 0x2903 thread 0x2903 state-kr 0x0 pc 0x109895e22 leaf __semwait_signal+0xa frames: 0x109895e22 0x10409c9d5 0x103fcd562 0x10409fb49 0x10409ec36 0x10409e819 0x104033bfe 0x10409c3f9 0x109891e9e
  14.460 TIGER-SAMPLE pid 0xa31 n 0x36 thread 0x2a03 thread 0x2a03 state-kr 0x0 pc 0x1098467e6 leaf poll+0xa frames: 0x1098467e6 0x104033bfe 0x10409c3f9 0x109891e9e
  14.460 TIGER-SAMPLE pid 0xa31 n 0x36 thread 0x2b03 thread 0x2b03 state-kr 0x0 pc 0x1098467e6 leaf poll+0xa frames: 0x1098467e6 0x104388627 0x1043887ea 0x101f32ba7 0x101f3e971 0x104033bfe 0x10409c3f9 0x109891e9e
  14.460 TIGER-SAMPLE pid 0xa31 n 0x36 thread 0x3003 thread 0x3003 state-kr 0x0 pc 0x109895e22 leaf __semwait_signal+0xa frames: 0x109895e22 0x10409c9d5 0x103fcd562 0x10409fb49 0x10409ec36 0x10409e819 0x104033bfe 0x10409c3f9 0x109891e9e
  14.545 TIGER-SAMPLE pid 0xa30 n 0x34 main 0xd03 thread 0xd03 state-kr 0x0 pc 0x109a95e22 leaf __semwait_signal+0xa frames: 0x109a95e22 0x1042a1327 0x1041d56a2 0x1042a4329 0x1042a34a6 0x1042a3089 0x100046488 0x100001d0c 0x100001c21 0x3
  14.546 TIGER-SAMPLE pid 0xa30 n 0x34 thread 0xf03 thread 0xf03 state-kr 0x0 pc 0x109adfe4e leaf mach_msg_trap+0xa frames: 0x109adfe4e 0x10045c512 0x109a91e9e
  14.546 TIGER-SAMPLE pid 0xa30 n 0x34 thread 0x1103 thread 0x1103 state-kr 0x0 pc 0x109a95e22 leaf __semwait_signal+0xa frames: 0x109a95e22 0x1042a12e5 0x1041d56a2 0x1042a4329 0x1042a34a6 0x1042a3089 0x10423ab3e 0x1042a0d09 0x109a91e9e
  14.546 TIGER-SAMPLE pid 0xa30 n 0x34 thread 0x2303 thread 0x2303 state-kr 0x0 pc 0x109a95e22 leaf __semwait_signal+0xa frames: 0x109a95e22 0x1042a12e5 0x1041d56a2 0x1042a4329 0x1042a34a6 0x1042a3089 0x10423ab3e 0x1042a0d09 0x109a91e9e
  14.546 TIGER-SAMPLE pid 0xa30 n 0x34 thread 0x2403 thread 0x2403 state-kr 0x0 pc 0x109a95e22 leaf __semwait_signal+0xa frames: 0x109a95e22 0x1042a12e5 0x1041d56a2 0x1042a4329 0x1042a34a6 0x1042a3089 0x10423ab3e 0x1042a0d09 0x109a91e9e
  14.547 TIGER-SAMPLE pid 0xa30 n 0x34 thread 0x2503 thread 0x2503 state-kr 0x0 pc 0x109a467e6 leaf poll+0xa frames: 0x109a467e6 0x10423ab3e 0x1042a0d09 0x109a91e9e
  14.547 TIGER-SAMPLE pid 0xa30 n 0x34 thread 0x2603 thread 0x2603 state-kr 0x0 pc 0x109a95e22 leaf __semwait_signal+0xa frames: 0x109a95e22 0x1042a12e5 0x1041d56a2 0x1042a4329 0x1042a34a6 0x1042a3089 0x10423ab3e 0x1042a0d09 0x109a91e9e
  14.547 TIGER-SAMPLE pid 0xa30 n 0x34 thread 0x2703 thread 0x2703 state-kr 0x0 pc 0x109a467e6 leaf poll+0xa frames: 0x109a467e6 0x10423ab3e 0x1042a0d09 0x109a91e9e
  14.547 TIGER-SAMPLE pid 0xa30 n 0x34 thread 0x2807 thread 0x2807 state-kr 0x0 pc 0x109a95e22 leaf __semwait_signal+0xa frames: 0x109a95e22 0x1042a12e5 0x1041d56a2 0x1042a4329 0x1042a34a6 0x1042a3089 0x10423ab3e 0x1042a0d09 0x109a91e9e
  14.548 TIGER-SAMPLE pid 0xa30 n 0x34 thread 0x2903 thread 0x2903 state-kr 0x0 pc 0x109a95e22 leaf __semwait_signal+0xa frames: 0x109a95e22 0x1042a12e5 0x1041d56a2 0x1042a4329 0x1042a34a6 0x1042a3089 0x10423ab3e 0x1042a0d09 0x109a91e9e
  14.548 TIGER-SAMPLE pid 0xa30 n 0x34 thread 0x2a03 thread 0x2a03 state-kr 0x0 pc 0x109a95e22 leaf __semwait_signal+0xa frames: 0x109a95e22 0x1042a12e5 0x1041d56a2 0x1042a4329 0x1042a34a6 0x1042a3089 0x10423ab3e 0x1042a0d09 0x109a91e9e
  14.550 TIGER-SAMPLE pid 0xa30 n 0x34 thread 0x2b03 thread 0x2b03 state-kr 0x0 pc 0x10045dbdf leaf _ZN3IPC10Connection16readyReadHandlerEv+0x1f frames: 0x10045dbdf 0x10045e43e 0x10423ab3e 0x1042a0d09 0x109a91e9e
  14.550 TIGER-SAMPLE pid 0xa30 n 0x34 thread 0x2c03 thread 0x2c03 state-kr 0x0 pc 0x109a95e22 leaf __semwait_signal+0xa frames: 0x109a95e22 0x1042a12e5 0x1041d56a2 0x1042a4329 0x1042a34a6 0x1042a3089 0x10423ab3e 0x1042a0d09 0x109a91e9e
  14.561 TIGER-SAMPLE pid 0xa30 n 0x34 thread 0x2d03 thread 0x2d03 state-kr 0x0 pc 0x109a46712 leaf recvmsg+0xa frames: 0x109a46712 0x10045e43e 0x10423ab3e 0x1042a0d09 0x109a91e9e
  14.561 TIGER-SAMPLE pid 0xa30 n 0x34 thread 0x4103 thread 0x4103 state-kr 0x0 pc 0x109a95e22 leaf __semwait_signal+0xa frames: 0x109a95e22 0x1042a1327 0x1041d56a2 0x1041b2277 0x10423ab3e 0x1042a0d09 0x109a91e9e
  14.561 TIGER-SAMPLE pid 0xa30 n 0x34 thread 0x4203 thread 0x4203 state-kr 0x0 pc 0x109a95e22 leaf __semwait_signal+0xa frames: 0x109a95e22 0x1042a1327 0x1041d56a2 0x1041b2277 0x10423ab3e 0x1042a0d09 0x109a91e9e
  14.636 TIGER-SAMPLE pid 0xa2d n 0x38 main 0x117 thread 0x117 state-kr 0x0 pc 0x90009817 leaf mach_msg_trap+0x7 frames: 0x90009817 0x9082d227 0x9082ca42 0x92e06878 0x92e05f82 0x92e05dd9 0x9328cf45 0x9328cb37 0x932868c4 0x8af6 0x82f2 0x8219 0x5
  14.636 TIGER-SAMPLE pid 0xa2d n 0x38 thread 0x1203 thread 0x1203 state-kr 0x0 pc 0x90009817 leaf mach_msg_trap+0x7 frames: 0x90009817 0x2ca6d8 0x90023d67
  14.637 TIGER-SAMPLE pid 0xa2d n 0x38 thread 0x3207 thread 0x3207 state-kr 0x0 pc 0x90024407 leaf semaphore_wait_signal_trap+0x7 frames: 0x90024407 0x364de 0x90023d67
  14.637 TIGER-SAMPLE pid 0xa2d n 0x38 thread 0x3403 thread 0x3403 state-kr 0x0 pc 0x90024407 leaf semaphore_wait_signal_trap+0x7 frames: 0x90024407 0x364de 0x90023d67
  14.637 TIGER-SAMPLE pid 0xa2d n 0x38 thread 0x5103 thread 0x5103 state-kr 0x0 pc 0x900bc3fc leaf poll+0xc frames: 0x900bc3fc 0x2cd134 0x313210b 0x319b321 0x90023d67
  14.637 TIGER-SAMPLE pid 0xa2d n 0x38 thread 0x5203 thread 0x5203 state-kr 0x0 pc 0x90024407 leaf semaphore_wait_signal_trap+0x7 frames: 0x90024407 0x364de 0x90023d67
  14.638 TIGER-SAMPLE pid 0xa2d n 0x38 thread 0x5503 thread 0x5503 state-kr 0x0 pc 0x900bc3fc leaf poll+0xc frames: 0x900bc3fc 0x2cd134 0x313210b 0x319b321 0x90023d67
  14.638 TIGER-SAMPLE pid 0xa2d n 0x38 thread 0x5603 thread 0x5603 state-kr 0x0 pc 0x90024407 leaf semaphore_wait_signal_trap+0x7 frames: 0x90024407 0x364de 0x90023d67
  14.638 TIGER-SAMPLE pid 0xa2d n 0x38 thread 0x5c07 thread 0x5c07 state-kr 0x0 pc 0x900265fc leaf recvmsg+0xc frames: 0x900265fc 0x2cc6bb 0x2cd134 0x313210b 0x319b321 0x90023d67
  14.639 TIGER-SAMPLE pid 0xa2d n 0x38 thread 0x5e07 thread 0x5e07 state-kr 0x0 pc 0x90024407 leaf semaphore_wait_signal_trap+0x7 frames: 0x90024407 0x915a96ab 0x915c3ddc 0x90023d67
  14.711 TIGER-SAMPLE pid 0xa31 n 0x37 main 0xd03 thread 0xd03 state-kr 0x0 pc 0x109895e22 leaf __semwait_signal+0xa frames: 0x109895e22 0x10409c9d5 0x103fcd562 0x10409fb49 0x10409ec36 0x10409e819 0x10004a16b 0x10000154c 0x100001461 0x3
  14.711 TIGER-SAMPLE pid 0xa31 n 0x37 thread 0xf03 thread 0xf03 state-kr 0x0 pc 0x1098dfe4e leaf mach_msg_trap+0xa frames: 0x1098dfe4e 0x100327902 0x109891e9e
  14.711 TIGER-SAMPLE pid 0xa31 n 0x37 thread 0x1103 thread 0x1103 state-kr 0x0 pc 0x109895e22 leaf __semwait_signal+0xa frames: 0x109895e22 0x10409c9d5 0x103fcd562 0x10409fb49 0x10409ec36 0x10409e819 0x104033bfe 0x10409c3f9 0x109891e9e
  14.711 TIGER-SAMPLE pid 0xa31 n 0x37 thread 0x2303 thread 0x2303 state-kr 0x0 pc 0x1098467e6 leaf poll+0xa frames: 0x1098467e6 0x104033bfe 0x10409c3f9 0x109891e9e
  14.712 TIGER-SAMPLE pid 0xa31 n 0x37 thread 0x2407 thread 0x2407 state-kr 0x0 pc 0x109895e22 leaf __semwait_signal+0xa frames: 0x109895e22 0x10409c9d5 0x103fcd562 0x10409fb49 0x10409ec36 0x10409e819 0x104033bfe 0x10409c3f9 0x109891e9e
  14.712 TIGER-SAMPLE pid 0xa31 n 0x37 thread 0x2503 thread 0x2503 state-kr 0x0 pc 0x109895e22 leaf __semwait_signal+0xa frames: 0x109895e22 0x10409c9d5 0x103fcd562 0x10409fb49 0x10409ec36 0x10409e819 0x104033bfe 0x10409c3f9 0x109891e9e
  14.712 TIGER-SAMPLE pid 0xa31 n 0x37 thread 0x2603 thread 0x2603 state-kr 0x0 pc 0x109895e22 leaf __semwait_signal+0xa frames: 0x109895e22 0x10409c9d5 0x103fcd562 0x10409fb49 0x10409ec36 0x10409e819 0x104033bfe 0x10409c3f9 0x109891e9e
  14.712 TIGER-SAMPLE pid 0xa31 n 0x37 thread 0x2703 thread 0x2703 state-kr 0x0 pc 0x109895e22 leaf __semwait_signal+0xa frames: 0x109895e22 0x10409c9d5 0x103fcd562 0x10409fb49 0x10409ec36 0x10409e819 0x104033bfe 0x10409c3f9 0x109891e9e
  14.713 TIGER-SAMPLE pid 0xa31 n 0x37 thread 0x2903 thread 0x2903 state-kr 0x0 pc 0x109895e22 leaf __semwait_signal+0xa frames: 0x109895e22 0x10409c9d5 0x103fcd562 0x10409fb49 0x10409ec36 0x10409e819 0x104033bfe 0x10409c3f9 0x109891e9e
  14.713 TIGER-SAMPLE pid 0xa31 n 0x37 thread 0x2a03 thread 0x2a03 state-kr 0x0 pc 0x1098467e6 leaf poll+0xa frames: 0x1098467e6 0x104033bfe 0x10409c3f9 0x109891e9e
  14.713 TIGER-SAMPLE pid 0xa31 n 0x37 thread 0x2b03 thread 0x2b03 state-kr 0x0 pc 0x1098467e6 leaf poll+0xa frames: 0x1098467e6 0x104388627 0x1043887ea 0x101f32ba7 0x101f3e971 0x104033bfe 0x10409c3f9 0x109891e9e
  14.714 TIGER-SAMPLE pid 0xa31 n 0x37 thread 0x3003 thread 0x3003 state-kr 0x0 pc 0x109895e22 leaf __semwait_signal+0xa frames: 0x109895e22 0x10409c9d5 0x103fcd562 0x10409fb49 0x10409ec36 0x10409e819 0x104033bfe 0x10409c3f9 0x109891e9e
  14.787 Optimized #AhLLZD:[0x14f49b740->0x14f016da0->0x14e01f380, NoneFunctionCall, 120 (StrictMode)] using DFG with DFG into 288 bytes in 0.745584 ms.
  14.811 TIGER-SAMPLE pid 0xa30 n 0x35 main 0xd03 thread 0xd03 state-kr 0x0 pc 0x109a95e22 leaf __semwait_signal+0xa frames: 0x109a95e22 0x1042a1327 0x1041d56a2 0x1042a4329 0x1042a34a6 0x1042a3089 0x100046488 0x100001d0c 0x100001c21 0x3
  14.812 TIGER-SAMPLE pid 0xa30 n 0x35 thread 0xf03 thread 0xf03 state-kr 0x0 pc 0x109adfe4e leaf mach_msg_trap+0xa frames: 0x109adfe4e 0x10045c512 0x109a91e9e
  14.812 TIGER-SAMPLE pid 0xa30 n 0x35 thread 0x1103 thread 0x1103 state-kr 0x0 pc 0x109a95e22 leaf __semwait_signal+0xa frames: 0x109a95e22 0x1042a12e5 0x1041d56a2 0x1042a4329 0x1042a34a6 0x1042a3089 0x10423ab3e 0x1042a0d09 0x109a91e9e
  14.812 TIGER-SAMPLE pid 0xa30 n 0x35 thread 0x2303 thread 0x2303 state-kr 0x0 pc 0x109a95e22 leaf __semwait_signal+0xa frames: 0x109a95e22 0x1042a12e5 0x1041d56a2 0x1042a4329 0x1042a34a6 0x1042a3089 0x10423ab3e 0x1042a0d09 0x109a91e9e
  14.812 TIGER-SAMPLE pid 0xa30 n 0x35 thread 0x2403 thread 0x2403 state-kr 0x0 pc 0x109a95e22 leaf __semwait_signal+0xa frames: 0x109a95e22 0x1042a12e5 0x1041d56a2 0x1042a4329 0x1042a34a6 0x1042a3089 0x10423ab3e 0x1042a0d09 0x109a91e9e
  14.813 TIGER-SAMPLE pid 0xa30 n 0x35 thread 0x2503 thread 0x2503 state-kr 0x0 pc 0x109a467e6 leaf poll+0xa frames: 0x109a467e6 0x10423ab3e 0x1042a0d09 0x109a91e9e
  14.813 TIGER-SAMPLE pid 0xa30 n 0x35 thread 0x2603 thread 0x2603 state-kr 0x0 pc 0x109a95e22 leaf __semwait_signal+0xa frames: 0x109a95e22 0x1042a12e5 0x1041d56a2 0x1042a4329 0x1042a34a6 0x1042a3089 0x10423ab3e 0x1042a0d09 0x109a91e9e
  14.813 TIGER-SAMPLE pid 0xa30 n 0x35 thread 0x2703 thread 0x2703 state-kr 0x0 pc 0x109a467e6 leaf poll+0xa frames: 0x109a467e6 0x10423ab3e 0x1042a0d09 0x109a91e9e
  14.813 TIGER-SAMPLE pid 0xa30 n 0x35 thread 0x2807 thread 0x2807 state-kr 0x0 pc 0x109a95e22 leaf __semwait_signal+0xa frames: 0x109a95e22 0x1042a12e5 0x1041d56a2 0x1042a4329 0x1042a34a6 0x1042a3089 0x10423ab3e 0x1042a0d09 0x109a91e9e
  14.813 TIGER-SAMPLE pid 0xa30 n 0x35 thread 0x2903 thread 0x2903 state-kr 0x0 pc 0x109a95e22 leaf __semwait_signal+0xa frames: 0x109a95e22 0x1042a12e5 0x1041d56a2 0x1042a4329 0x1042a34a6 0x1042a3089 0x10423ab3e 0x1042a0d09 0x109a91e9e
  14.814 TIGER-SAMPLE pid 0xa30 n 0x35 thread 0x2a03 thread 0x2a03 state-kr 0x0 pc 0x109a95e22 leaf __semwait_signal+0xa frames: 0x109a95e22 0x1042a12e5 0x1041d56a2 0x1042a4329 0x1042a34a6 0x1042a3089 0x10423ab3e 0x1042a0d09 0x109a91e9e
  14.814 TIGER-SAMPLE pid 0xa30 n 0x35 thread 0x2b03 thread 0x2b03 state-kr 0x0 pc 0x109a46712 leaf recvmsg+0xa frames: 0x109a46712 0x10045e43e 0x10423ab3e 0x1042a0d09 0x109a91e9e
  14.815 TIGER-SAMPLE pid 0xa30 n 0x35 thread 0x2c03 thread 0x2c03 state-kr 0x0 pc 0x109a95e22 leaf __semwait_signal+0xa frames: 0x109a95e22 0x1042a12e5 0x1041d56a2 0x1042a4329 0x1042a34a6 0x1042a3089 0x10423ab3e 0x1042a0d09 0x109a91e9e
  14.815 TIGER-SAMPLE pid 0xa30 n 0x35 thread 0x2d03 thread 0x2d03 state-kr 0x0 pc 0x7fffffe00695 frames: 0x7fffffe00695 0x109aab293 0x109adafc8 0x1041bec11 0x10045dbf8 0x10045e43e 0x10423ab3e 0x1042a0d09 0x109a91e9e
  14.815 TIGER-SAMPLE pid 0xa30 n 0x35 thread 0x4103 thread 0x4103 state-kr 0x0 pc 0x109a95e22 leaf __semwait_signal+0xa frames: 0x109a95e22 0x1042a1327 0x1041d56a2 0x1041b2277 0x10423ab3e 0x1042a0d09 0x109a91e9e
  14.815 TIGER-SAMPLE pid 0xa30 n 0x35 thread 0x4203 thread 0x4203 state-kr 0x0 pc 0x109a95e22 leaf __semwait_signal+0xa frames: 0x109a95e22 0x1042a1327 0x1041d56a2 0x1041b2277 0x10423ab3e 0x1042a0d09 0x109a91e9e
  14.889 TIGER-SAMPLE pid 0xa2d n 0x39 main 0x117 thread 0x117 state-kr 0x0 pc 0x90009817 leaf mach_msg_trap+0x7 frames: 0x90009817 0x9082d227 0x9082ca42 0x92e06878 0x92e05f82 0x92e05dd9 0x9328cf45 0x9328cb37 0x932868c4 0x8af6 0x82f2 0x8219 0x5
  14.889 TIGER-SAMPLE pid 0xa2d n 0x39 thread 0x1203 thread 0x1203 state-kr 0x0 pc 0x90009817 leaf mach_msg_trap+0x7 frames: 0x90009817 0x2ca6d8 0x90023d67
  14.890 TIGER-SAMPLE pid 0xa2d n 0x39 thread 0x3207 thread 0x3207 state-kr 0x0 pc 0x90024407 leaf semaphore_wait_signal_trap+0x7 frames: 0x90024407 0x364de 0x90023d67
  14.890 TIGER-SAMPLE pid 0xa2d n 0x39 thread 0x3403 thread 0x3403 state-kr 0x0 pc 0x90024407 leaf semaphore_wait_signal_trap+0x7 frames: 0x90024407 0x364de 0x90023d67
  14.890 TIGER-SAMPLE pid 0xa2d n 0x39 thread 0x5103 thread 0x5103 state-kr 0x0 pc 0x900bc3fc leaf poll+0xc frames: 0x900bc3fc 0x2cd134 0x313210b 0x319b321 0x90023d67
  14.890 TIGER-SAMPLE pid 0xa2d n 0x39 thread 0x5203 thread 0x5203 state-kr 0x0 pc 0x90024407 leaf semaphore_wait_signal_trap+0x7 frames: 0x90024407 0x364de 0x90023d67
  14.890 TIGER-SAMPLE pid 0xa2d n 0x39 thread 0x5503 thread 0x5503 state-kr 0x0 pc 0x900bc3fc leaf poll+0xc frames: 0x900bc3fc 0x2cd134 0x313210b 0x319b321 0x90023d67
  14.891 TIGER-SAMPLE pid 0xa2d n 0x39 thread 0x5603 thread 0x5603 state-kr 0x0 pc 0x90024407 leaf semaphore_wait_signal_trap+0x7 frames: 0x90024407 0x364de 0x90023d67
  14.891 TIGER-SAMPLE pid 0xa2d n 0x39 thread 0x5c07 thread 0x5c07 state-kr 0x0 pc 0x900265fc leaf recvmsg+0xc frames: 0x900265fc 0x2cc6bb 0x2cd134 0x313210b 0x319b321 0x90023d67
  14.891 TIGER-SAMPLE pid 0xa2d n 0x39 thread 0x5e07 thread 0x5e07 state-kr 0x0 pc 0x90024407 leaf semaphore_wait_signal_trap+0x7 frames: 0x90024407 0x915a96ab 0x915c3ddc 0x90023d67
  14.964 TIGER-SAMPLE pid 0xa31 n 0x38 main 0xd03 thread 0xd03 state-kr 0x0 pc 0x109895e22 leaf __semwait_signal+0xa frames: 0x109895e22 0x10409c9d5 0x103fcd562 0x10409fb49 0x10409ec36 0x10409e819 0x10004a16b 0x10000154c 0x100001461 0x3
  14.964 TIGER-SAMPLE pid 0xa31 n 0x38 thread 0xf03 thread 0xf03 state-kr 0x0 pc 0x1098dfe4e leaf mach_msg_trap+0xa frames: 0x1098dfe4e 0x100327902 0x109891e9e
  14.966 TIGER-SAMPLE pid 0xa31 n 0x38 thread 0x1103 thread 0x1103 state-kr 0x0 pc 0x109895e22 leaf __semwait_signal+0xa frames: 0x109895e22 0x10409c9d5 0x103fcd562 0x10409fb49 0x10409ec36 0x10409e819 0x104033bfe 0x10409c3f9 0x109891e9e
  14.966 TIGER-SAMPLE pid 0xa31 n 0x38 thread 0x2303 thread 0x2303 state-kr 0x0 pc 0x1098467e6 leaf poll+0xa frames: 0x1098467e6 0x104033bfe 0x10409c3f9 0x109891e9e
  14.966 TIGER-SAMPLE pid 0xa31 n 0x38 thread 0x2407 thread 0x2407 state-kr 0x0 pc 0x109895e22 leaf __semwait_signal+0xa frames: 0x109895e22 0x10409c9d5 0x103fcd562 0x10409fb49 0x10409ec36 0x10409e819 0x104033bfe 0x10409c3f9 0x109891e9e
  14.966 TIGER-SAMPLE pid 0xa31 n 0x38 thread 0x2503 thread 0x2503 state-kr 0x0 pc 0x109895e22 leaf __semwait_signal+0xa frames: 0x109895e22 0x10409c9d5 0x103fcd562 0x10409fb49 0x10409ec36 0x10409e819 0x104033bfe 0x10409c3f9 0x109891e9e
  14.967 TIGER-SAMPLE pid 0xa31 n 0x38 thread 0x2603 thread 0x2603 state-kr 0x0 pc 0x109895e22 leaf __semwait_signal+0xa frames: 0x109895e22 0x10409c9d5 0x103fcd562 0x10409fb49 0x10409ec36 0x10409e819 0x104033bfe 0x10409c3f9 0x109891e9e
  14.967 TIGER-SAMPLE pid 0xa31 n 0x38 thread 0x2703 thread 0x2703 state-kr 0x0 pc 0x109895e22 leaf __semwait_signal+0xa frames: 0x109895e22 0x10409c9d5 0x103fcd562 0x10409fb49 0x10409ec36 0x10409e819 0x104033bfe 0x10409c3f9 0x109891e9e
  14.967 TIGER-SAMPLE pid 0xa31 n 0x38 thread 0x2903 thread 0x2903 state-kr 0x0 pc 0x109895e22 leaf __semwait_signal+0xa frames: 0x109895e22 0x10409c9d5 0x103fcd562 0x10409fb49 0x10409ec36 0x10409e819 0x104033bfe 0x10409c3f9 0x109891e9e
  14.967 TIGER-SAMPLE pid 0xa31 n 0x38 thread 0x2a03 thread 0x2a03 state-kr 0x0 pc 0x1098467e6 leaf poll+0xa frames: 0x1098467e6 0x104033bfe 0x10409c3f9 0x109891e9e
  14.968 TIGER-SAMPLE pid 0xa31 n 0x38 thread 0x2b03 thread 0x2b03 state-kr 0x0 pc 0x1098467e6 leaf poll+0xa frames: 0x1098467e6 0x104388627 0x1043887ea 0x101f32ba7 0x101f3e971 0x104033bfe 0x10409c3f9 0x109891e9e
  14.968 TIGER-SAMPLE pid 0xa31 n 0x38 thread 0x3003 thread 0x3003 state-kr 0x0 pc 0x109895e22 leaf __semwait_signal+0xa frames: 0x109895e22 0x10409c9d5 0x103fcd562 0x10409fb49 0x10409ec36 0x10409e819 0x104033bfe 0x10409c3f9 0x109891e9e
  15.065 TIGER-SAMPLE pid 0xa30 n 0x36 main 0xd03 thread 0xd03 state-kr 0x0 pc 0x109a95e22 leaf __semwait_signal+0xa frames: 0x109a95e22 0x1042a1327 0x1041d56a2 0x1042a4329 0x1042a34a6 0x1042a3089 0x100046488 0x100001d0c 0x100001c21 0x3
  15.066 TIGER-SAMPLE pid 0xa30 n 0x36 thread 0xf03 thread 0xf03 state-kr 0x0 pc 0x109adfe4e leaf mach_msg_trap+0xa frames: 0x109adfe4e 0x10045c512 0x109a91e9e
  15.066 TIGER-SAMPLE pid 0xa30 n 0x36 thread 0x1103 thread 0x1103 state-kr 0x0 pc 0x109a95e22 leaf __semwait_signal+0xa frames: 0x109a95e22 0x1042a12e5 0x1041d56a2 0x1042a4329 0x1042a34a6 0x1042a3089 0x10423ab3e 0x1042a0d09 0x109a91e9e
  15.066 TIGER-SAMPLE pid 0xa30 n 0x36 thread 0x2303 thread 0x2303 state-kr 0x0 pc 0x109a95e22 leaf __semwait_signal+0xa frames: 0x109a95e22 0x1042a12e5 0x1041d56a2 0x1042a4329 0x1042a34a6 0x1042a3089 0x10423ab3e 0x1042a0d09 0x109a91e9e
  15.066 TIGER-SAMPLE pid 0xa30 n 0x36 thread 0x2403 thread 0x2403 state-kr 0x0 pc 0x109a95e22 leaf __semwait_signal+0xa frames: 0x109a95e22 0x1042a12e5 0x1041d56a2 0x1042a4329 0x1042a34a6 0x1042a3089 0x10423ab3e 0x1042a0d09 0x109a91e9e
  15.066 TIGER-SAMPLE pid 0xa30 n 0x36 thread 0x2503 thread 0x2503 state-kr 0x0 pc 0x109a467e6 leaf poll+0xa frames: 0x109a467e6 0x10423ab3e 0x1042a0d09 0x109a91e9e
  15.067 TIGER-SAMPLE pid 0xa30 n 0x36 thread 0x2603 thread 0x2603 state-kr 0x0 pc 0x109a95e22 leaf __semwait_signal+0xa frames: 0x109a95e22 0x1042a12e5 0x1041d56a2 0x1042a4329 0x1042a34a6 0x1042a3089 0x10423ab3e 0x1042a0d09 0x109a91e9e
  15.067 TIGER-SAMPLE pid 0xa30 n 0x36 thread 0x2703 thread 0x2703 state-kr 0x0 pc 0x109a467e6 leaf poll+0xa frames: 0x109a467e6 0x10423ab3e 0x1042a0d09 0x109a91e9e
  15.067 TIGER-SAMPLE pid 0xa30 n 0x36 thread 0x2807 thread 0x2807 state-kr 0x0 pc 0x109a95e22 leaf __semwait_signal+0xa frames: 0x109a95e22 0x1042a12e5 0x1041d56a2 0x1042a4329 0x1042a34a6 0x1042a3089 0x10423ab3e 0x1042a0d09 0x109a91e9e
  15.067 TIGER-SAMPLE pid 0xa30 n 0x36 thread 0x2903 thread 0x2903 state-kr 0x0 pc 0x109a95e22 leaf __semwait_signal+0xa frames: 0x109a95e22 0x1042a12e5 0x1041d56a2 0x1042a4329 0x1042a34a6 0x1042a3089 0x10423ab3e 0x1042a0d09 0x109a91e9e
  15.068 TIGER-SAMPLE pid 0xa30 n 0x36 thread 0x2a03 thread 0x2a03 state-kr 0x0 pc 0x109a95e22 leaf __semwait_signal+0xa frames: 0x109a95e22 0x1042a12e5 0x1041d56a2 0x1042a4329 0x1042a34a6 0x1042a3089 0x10423ab3e 0x1042a0d09 0x109a91e9e
  15.076 TIGER-SAMPLE pid 0xa30 n 0x36 thread 0x2b03 thread 0x2b03 state-kr 0x0 pc 0x109a46712 leaf recvmsg+0xa frames: 0x109a46712 0x10045e43e 0x10423ab3e 0x1042a0d09 0x109a91e9e
  15.076 TIGER-SAMPLE pid 0xa30 n 0x36 thread 0x2c03 thread 0x2c03 state-kr 0x0 pc 0x109a95e22 leaf __semwait_signal+0xa frames: 0x109a95e22 0x1042a12e5 0x1041d56a2 0x1042a4329 0x1042a34a6 0x1042a3089 0x10423ab3e 0x1042a0d09 0x109a91e9e
  15.078 TIGER-SAMPLE pid 0xa30 n 0x36 thread 0x2d03 thread 0x2d03 state-kr 0x0 pc 0x109a46712 leaf recvmsg+0xa frames: 0x109a46712 0x10045e43e 0x10423ab3e 0x1042a0d09 0x109a91e9e
  15.078 TIGER-SAMPLE pid 0xa30 n 0x36 thread 0x4103 thread 0x4103 state-kr 0x0 pc 0x109a95e22 leaf __semwait_signal+0xa frames: 0x109a95e22 0x1042a1327 0x1041d56a2 0x1041b2277 0x10423ab3e 0x1042a0d09 0x109a91e9e
  15.078 TIGER-SAMPLE pid 0xa30 n 0x36 thread 0x4203 thread 0x4203 state-kr 0x0 pc 0x109a95e22 leaf __semwait_signal+0xa frames: 0x109a95e22 0x1042a1327 0x1041d56a2 0x1041b2277 0x10423ab3e 0x1042a0d09 0x109a91e9e
  15.142 TIGER-SAMPLE pid 0xa2d n 0x3a main 0x117 thread 0x117 state-kr 0x0 pc 0x90009817 leaf mach_msg_trap+0x7 frames: 0x90009817 0x9082d227 0x9082ca42 0x92e06878 0x92e05f82 0x92e05dd9 0x9328cf45 0x9328cb37 0x932868c4 0x8af6 0x82f2 0x8219 0x5
  15.142 TIGER-SAMPLE pid 0xa2d n 0x3a thread 0x1203 thread 0x1203 state-kr 0x0 pc 0x90009817 leaf mach_msg_trap+0x7 frames: 0x90009817 0x2ca6d8 0x90023d67
  15.142 TIGER-SAMPLE pid 0xa2d n 0x3a thread 0x3207 thread 0x3207 state-kr 0x0 pc 0x90024407 leaf semaphore_wait_signal_trap+0x7 frames: 0x90024407 0x364de 0x90023d67
  15.142 TIGER-SAMPLE pid 0xa2d n 0x3a thread 0x3403 thread 0x3403 state-kr 0x0 pc 0x90024407 leaf semaphore_wait_signal_trap+0x7 frames: 0x90024407 0x364de 0x90023d67
  15.143 TIGER-SAMPLE pid 0xa2d n 0x3a thread 0x5103 thread 0x5103 state-kr 0x0 pc 0x900bc3fc leaf poll+0xc frames: 0x900bc3fc 0x2cd134 0x313210b 0x319b321 0x90023d67
  15.143 TIGER-SAMPLE pid 0xa2d n 0x3a thread 0x5203 thread 0x5203 state-kr 0x0 pc 0x90024407 leaf semaphore_wait_signal_trap+0x7 frames: 0x90024407 0x364de 0x90023d67
  15.143 TIGER-SAMPLE pid 0xa2d n 0x3a thread 0x5503 thread 0x5503 state-kr 0x0 pc 0x900bc3fc leaf poll+0xc frames: 0x900bc3fc 0x2cd134 0x313210b 0x319b321 0x90023d67
  15.144 TIGER-SAMPLE pid 0xa2d n 0x3a thread 0x5603 thread 0x5603 state-kr 0x0 pc 0x90024407 leaf semaphore_wait_signal_trap+0x7 frames: 0x90024407 0x364de 0x90023d67
  15.144 TIGER-SAMPLE pid 0xa2d n 0x3a thread 0x5c07 thread 0x5c07 state-kr 0x0 pc 0x900265fc leaf recvmsg+0xc frames: 0x900265fc 0x2cc6bb 0x2cd134 0x313210b 0x319b321 0x90023d67
  15.144 TIGER-SAMPLE pid 0xa2d n 0x3a thread 0x5e07 thread 0x5e07 state-kr 0x0 pc 0x90024407 leaf semaphore_wait_signal_trap+0x7 frames: 0x90024407 0x915a96ab 0x915c3ddc 0x90023d67
  15.218 TIGER-SAMPLE pid 0xa31 n 0x39 main 0xd03 thread 0xd03 state-kr 0x0 pc 0x109895e22 leaf __semwait_signal+0xa frames: 0x109895e22 0x10409c9d5 0x103fcd562 0x10409fb49 0x10409ec36 0x10409e819 0x10004a16b 0x10000154c 0x100001461 0x3
  15.218 TIGER-SAMPLE pid 0xa31 n 0x39 thread 0xf03 thread 0xf03 state-kr 0x0 pc 0x1098dfe4e leaf mach_msg_trap+0xa frames: 0x1098dfe4e 0x100327902 0x109891e9e
  15.219 TIGER-SAMPLE pid 0xa31 n 0x39 thread 0x1103 thread 0x1103 state-kr 0x0 pc 0x109895e22 leaf __semwait_signal+0xa frames: 0x109895e22 0x10409c9d5 0x103fcd562 0x10409fb49 0x10409ec36 0x10409e819 0x104033bfe 0x10409c3f9 0x109891e9e
  15.219 TIGER-SAMPLE pid 0xa31 n 0x39 thread 0x2303 thread 0x2303 state-kr 0x0 pc 0x1098467e6 leaf poll+0xa frames: 0x1098467e6 0x104033bfe 0x10409c3f9 0x109891e9e
  15.219 TIGER-SAMPLE pid 0xa31 n 0x39 thread 0x2407 thread 0x2407 state-kr 0x0 pc 0x109895e22 leaf __semwait_signal+0xa frames: 0x109895e22 0x10409c9d5 0x103fcd562 0x10409fb49 0x10409ec36 0x10409e819 0x104033bfe 0x10409c3f9 0x109891e9e
  15.219 TIGER-SAMPLE pid 0xa31 n 0x39 thread 0x2503 thread 0x2503 state-kr 0x0 pc 0x109895e22 leaf __semwait_signal+0xa frames: 0x109895e22 0x10409c9d5 0x103fcd562 0x10409fb49 0x10409ec36 0x10409e819 0x104033bfe 0x10409c3f9 0x109891e9e
  15.219 TIGER-SAMPLE pid 0xa31 n 0x39 thread 0x2603 thread 0x2603 state-kr 0x0 pc 0x109895e22 leaf __semwait_signal+0xa frames: 0x109895e22 0x10409c9d5 0x103fcd562 0x10409fb49 0x10409ec36 0x10409e819 0x104033bfe 0x10409c3f9 0x109891e9e
  15.220 TIGER-SAMPLE pid 0xa31 n 0x39 thread 0x2703 thread 0x2703 state-kr 0x0 pc 0x109895e22 leaf __semwait_signal+0xa frames: 0x109895e22 0x10409c9d5 0x103fcd562 0x10409fb49 0x10409ec36 0x10409e819 0x104033bfe 0x10409c3f9 0x109891e9e
  15.220 TIGER-SAMPLE pid 0xa31 n 0x39 thread 0x2903 thread 0x2903 state-kr 0x0 pc 0x109895e22 leaf __semwait_signal+0xa frames: 0x109895e22 0x10409c9d5 0x103fcd562 0x10409fb49 0x10409ec36 0x10409e819 0x104033bfe 0x10409c3f9 0x109891e9e
  15.220 TIGER-SAMPLE pid 0xa31 n 0x39 thread 0x2a03 thread 0x2a03 state-kr 0x0 pc 0x1098467e6 leaf poll+0xa frames: 0x1098467e6 0x104033bfe 0x10409c3f9 0x109891e9e
  15.220 TIGER-SAMPLE pid 0xa31 n 0x39 thread 0x2b03 thread 0x2b03 state-kr 0x0 pc 0x1098467e6 leaf poll+0xa frames: 0x1098467e6 0x104388627 0x1043887ea 0x101f32ba7 0x101f3e971 0x104033bfe 0x10409c3f9 0x109891e9e
  15.221 TIGER-SAMPLE pid 0xa31 n 0x39 thread 0x3003 thread 0x3003 state-kr 0x0 pc 0x109895e22 leaf __semwait_signal+0xa frames: 0x109895e22 0x10409c9d5 0x103fcd562 0x10409fb49 0x10409ec36 0x10409e819 0x104033bfe 0x10409c3f9 0x109891e9e
  15.328 TIGER-SAMPLE pid 0xa30 n 0x37 main 0xd03 thread 0xd03 state-kr 0x0 pc 0x109a95e22 leaf __semwait_signal+0xa frames: 0x109a95e22 0x1042a1327 0x1041d56a2 0x1042a4329 0x1042a34a6 0x1042a3089 0x100046488 0x100001d0c 0x100001c21 0x3
  15.329 TIGER-SAMPLE pid 0xa30 n 0x37 thread 0xf03 thread 0xf03 state-kr 0x0 pc 0x109adfe4e leaf mach_msg_trap+0xa frames: 0x109adfe4e 0x10045c512 0x109a91e9e
  15.329 TIGER-SAMPLE pid 0xa30 n 0x37 thread 0x1103 thread 0x1103 state-kr 0x0 pc 0x109a95e22 leaf __semwait_signal+0xa frames: 0x109a95e22 0x1042a12e5 0x1041d56a2 0x1042a4329 0x1042a34a6 0x1042a3089 0x10423ab3e 0x1042a0d09 0x109a91e9e
  15.329 TIGER-SAMPLE pid 0xa30 n 0x37 thread 0x2303 thread 0x2303 state-kr 0x0 pc 0x109a95e22 leaf __semwait_signal+0xa frames: 0x109a95e22 0x1042a12e5 0x1041d56a2 0x1042a4329 0x1042a34a6 0x1042a3089 0x10423ab3e 0x1042a0d09 0x109a91e9e
  15.329 TIGER-SAMPLE pid 0xa30 n 0x37 thread 0x2403 thread 0x2403 state-kr 0x0 pc 0x109a95e22 leaf __semwait_signal+0xa frames: 0x109a95e22 0x1042a12e5 0x1041d56a2 0x1042a4329 0x1042a34a6 0x1042a3089 0x10423ab3e 0x1042a0d09 0x109a91e9e
  15.330 TIGER-SAMPLE pid 0xa30 n 0x37 thread 0x2503 thread 0x2503 state-kr 0x0 pc 0x109a467e6 leaf poll+0xa frames: 0x109a467e6 0x10423ab3e 0x1042a0d09 0x109a91e9e
  15.330 TIGER-SAMPLE pid 0xa30 n 0x37 thread 0x2603 thread 0x2603 state-kr 0x0 pc 0x109a95e22 leaf __semwait_signal+0xa frames: 0x109a95e22 0x1042a12e5 0x1041d56a2 0x1042a4329 0x1042a34a6 0x1042a3089 0x10423ab3e 0x1042a0d09 0x109a91e9e
  15.330 TIGER-SAMPLE pid 0xa30 n 0x37 thread 0x2703 thread 0x2703 state-kr 0x0 pc 0x109a467e6 leaf poll+0xa frames: 0x109a467e6 0x10423ab3e 0x1042a0d09 0x109a91e9e
  15.330 TIGER-SAMPLE pid 0xa30 n 0x37 thread 0x2807 thread 0x2807 state-kr 0x0 pc 0x109a95e22 leaf __semwait_signal+0xa frames: 0x109a95e22 0x1042a12e5 0x1041d56a2 0x1042a4329 0x1042a34a6 0x1042a3089 0x10423ab3e 0x1042a0d09 0x109a91e9e
  15.331 TIGER-SAMPLE pid 0xa30 n 0x37 thread 0x2903 thread 0x2903 state-kr 0x0 pc 0x109a95e22 leaf __semwait_signal+0xa frames: 0x109a95e22 0x1042a12e5 0x1041d56a2 0x1042a4329 0x1042a34a6 0x1042a3089 0x10423ab3e 0x1042a0d09 0x109a91e9e
  15.331 TIGER-SAMPLE pid 0xa30 n 0x37 thread 0x2a03 thread 0x2a03 state-kr 0x0 pc 0x109a95e22 leaf __semwait_signal+0xa frames: 0x109a95e22 0x1042a12e5 0x1041d56a2 0x1042a4329 0x1042a34a6 0x1042a3089 0x10423ab3e 0x1042a0d09 0x109a91e9e
  15.331 TIGER-SAMPLE pid 0xa30 n 0x37 thread 0x2b03 thread 0x2b03 state-kr 0x0 pc 0x109a46712 leaf recvmsg+0xa frames: 0x109a46712 0x10045e43e 0x10423ab3e 0x1042a0d09 0x109a91e9e
  15.331 TIGER-SAMPLE pid 0xa30 n 0x37 thread 0x2c03 thread 0x2c03 state-kr 0x0 pc 0x109a95e22 leaf __semwait_signal+0xa frames: 0x109a95e22 0x1042a12e5 0x1041d56a2 0x1042a4329 0x1042a34a6 0x1042a3089 0x10423ab3e 0x1042a0d09 0x109a91e9e
  15.332 TIGER-SAMPLE pid 0xa30 n 0x37 thread 0x2d03 thread 0x2d03 state-kr 0x0 pc 0x109a46712 leaf recvmsg+0xa frames: 0x109a46712 0x10045e43e 0x10423ab3e 0x1042a0d09 0x109a91e9e
  15.332 TIGER-SAMPLE pid 0xa30 n 0x37 thread 0x4103 thread 0x4103 state-kr 0x0 pc 0x109a95e22 leaf __semwait_signal+0xa frames: 0x109a95e22 0x1042a1327 0x1041d56a2 0x1041b2277 0x10423ab3e 0x1042a0d09 0x109a91e9e
  15.332 TIGER-SAMPLE pid 0xa30 n 0x37 thread 0x4203 thread 0x4203 state-kr 0x0 pc 0x109a95e22 leaf __semwait_signal+0xa frames: 0x109a95e22 0x1042a1327 0x1041d56a2 0x1041b2277 0x10423ab3e 0x1042a0d09 0x109a91e9e
  15.395 TIGER-SAMPLE pid 0xa2d n 0x3b main 0x117 thread 0x117 state-kr 0x0 pc 0x90009817 leaf mach_msg_trap+0x7 frames: 0x90009817 0x9082d227 0x9082ca42 0x92e06878 0x92e05f82 0x92e05dd9 0x9328cf45 0x9328cb37 0x932868c4 0x8af6 0x82f2 0x8219 0x5
  15.395 TIGER-SAMPLE pid 0xa2d n 0x3b thread 0x1203 thread 0x1203 state-kr 0x0 pc 0x90009817 leaf mach_msg_trap+0x7 frames: 0x90009817 0x2ca6d8 0x90023d67
  15.395 TIGER-SAMPLE pid 0xa2d n 0x3b thread 0x3207 thread 0x3207 state-kr 0x0 pc 0x90024407 leaf semaphore_wait_signal_trap+0x7 frames: 0x90024407 0x364de 0x90023d67
  15.395 TIGER-SAMPLE pid 0xa2d n 0x3b thread 0x3403 thread 0x3403 state-kr 0x0 pc 0x90024407 leaf semaphore_wait_signal_trap+0x7 frames: 0x90024407 0x364de 0x90023d67
  15.396 TIGER-SAMPLE pid 0xa2d n 0x3b thread 0x5103 thread 0x5103 state-kr 0x0 pc 0x900bc3fc leaf poll+0xc frames: 0x900bc3fc 0x2cd134 0x313210b 0x319b321 0x90023d67
  15.396 TIGER-SAMPLE pid 0xa2d n 0x3b thread 0x5203 thread 0x5203 state-kr 0x0 pc 0x90024407 leaf semaphore_wait_signal_trap+0x7 frames: 0x90024407 0x364de 0x90023d67
  15.396 TIGER-SAMPLE pid 0xa2d n 0x3b thread 0x5503 thread 0x5503 state-kr 0x0 pc 0x900bc3fc leaf poll+0xc frames: 0x900bc3fc 0x2cd134 0x313210b 0x319b321 0x90023d67
  15.396 TIGER-SAMPLE pid 0xa2d n 0x3b thread 0x5603 thread 0x5603 state-kr 0x0 pc 0x90024407 leaf semaphore_wait_signal_trap+0x7 frames: 0x90024407 0x364de 0x90023d67
  15.397 TIGER-SAMPLE pid 0xa2d n 0x3b thread 0x5c07 thread 0x5c07 state-kr 0x0 pc 0x900265fc leaf recvmsg+0xc frames: 0x900265fc 0x2cc6bb 0x2cd134 0x313210b 0x319b321 0x90023d67
  15.397 TIGER-SAMPLE pid 0xa2d n 0x3b thread 0x5e07 thread 0x5e07 state-kr 0x0 pc 0x90024407 leaf semaphore_wait_signal_trap+0x7 frames: 0x90024407 0x915a96ab 0x915c3ddc 0x90023d67
  15.471 TIGER-SAMPLE pid 0xa31 n 0x3a main 0xd03 thread 0xd03 state-kr 0x0 pc 0x109895e22 leaf __semwait_signal+0xa frames: 0x109895e22 0x10409c9d5 0x103fcd562 0x10409fb49 0x10409ec36 0x10409e819 0x10004a16b 0x10000154c 0x100001461 0x3
  15.471 TIGER-SAMPLE pid 0xa31 n 0x3a thread 0xf03 thread 0xf03 state-kr 0x0 pc 0x1098dfe4e leaf mach_msg_trap+0xa frames: 0x1098dfe4e 0x100327902 0x109891e9e
  15.472 TIGER-SAMPLE pid 0xa31 n 0x3a thread 0x1103 thread 0x1103 state-kr 0x0 pc 0x109895e22 leaf __semwait_signal+0xa frames: 0x109895e22 0x10409c9d5 0x103fcd562 0x10409fb49 0x10409ec36 0x10409e819 0x104033bfe 0x10409c3f9 0x109891e9e
  15.472 TIGER-SAMPLE pid 0xa31 n 0x3a thread 0x2303 thread 0x2303 state-kr 0x0 pc 0x1098467e6 leaf poll+0xa frames: 0x1098467e6 0x104033bfe 0x10409c3f9 0x109891e9e
  15.472 TIGER-SAMPLE pid 0xa31 n 0x3a thread 0x2407 thread 0x2407 state-kr 0x0 pc 0x109895e22 leaf __semwait_signal+0xa frames: 0x109895e22 0x10409c9d5 0x103fcd562 0x10409fb49 0x10409ec36 0x10409e819 0x104033bfe 0x10409c3f9 0x109891e9e
  15.472 TIGER-SAMPLE pid 0xa31 n 0x3a thread 0x2503 thread 0x2503 state-kr 0x0 pc 0x109895e22 leaf __semwait_signal+0xa frames: 0x109895e22 0x10409c9d5 0x103fcd562 0x10409fb49 0x10409ec36 0x10409e819 0x104033bfe 0x10409c3f9 0x109891e9e
  15.473 TIGER-SAMPLE pid 0xa31 n 0x3a thread 0x2603 thread 0x2603 state-kr 0x0 pc 0x109895e22 leaf __semwait_signal+0xa frames: 0x109895e22 0x10409c9d5 0x103fcd562 0x10409fb49 0x10409ec36 0x10409e819 0x104033bfe 0x10409c3f9 0x109891e9e
  15.473 TIGER-SAMPLE pid 0xa31 n 0x3a thread 0x2703 thread 0x2703 state-kr 0x0 pc 0x109895e22 leaf __semwait_signal+0xa frames: 0x109895e22 0x10409c9d5 0x103fcd562 0x10409fb49 0x10409ec36 0x10409e819 0x104033bfe 0x10409c3f9 0x109891e9e
  15.473 TIGER-SAMPLE pid 0xa31 n 0x3a thread 0x2903 thread 0x2903 state-kr 0x0 pc 0x109895e22 leaf __semwait_signal+0xa frames: 0x109895e22 0x10409c9d5 0x103fcd562 0x10409fb49 0x10409ec36 0x10409e819 0x104033bfe 0x10409c3f9 0x109891e9e
  15.473 TIGER-SAMPLE pid 0xa31 n 0x3a thread 0x2a03 thread 0x2a03 state-kr 0x0 pc 0x1098467e6 leaf poll+0xa frames: 0x1098467e6 0x104033bfe 0x10409c3f9 0x109891e9e
  15.474 TIGER-SAMPLE pid 0xa31 n 0x3a thread 0x2b03 thread 0x2b03 state-kr 0x0 pc 0x1098467e6 leaf poll+0xa frames: 0x1098467e6 0x104388627 0x1043887ea 0x101f32ba7 0x101f3e971 0x104033bfe 0x10409c3f9 0x109891e9e
  15.474 TIGER-SAMPLE pid 0xa31 n 0x3a thread 0x3003 thread 0x3003 state-kr 0x0 pc 0x109895e22 leaf __semwait_signal+0xa frames: 0x109895e22 0x10409c9d5 0x103fcd562 0x10409fb49 0x10409ec36 0x10409e819 0x104033bfe 0x10409c3f9 0x109891e9e
  15.584 TIGER-SAMPLE pid 0xa30 n 0x38 main 0xd03 thread 0xd03 state-kr 0x0 pc 0x109a95e22 leaf __semwait_signal+0xa frames: 0x109a95e22 0x1042a1327 0x1041d56a2 0x1042a4329 0x1042a34a6 0x1042a3089 0x100046488 0x100001d0c 0x100001c21 0x3
  15.584 TIGER-SAMPLE pid 0xa30 n 0x38 thread 0xf03 thread 0xf03 state-kr 0x0 pc 0x109adfe4e leaf mach_msg_trap+0xa frames: 0x109adfe4e 0x10045c512 0x109a91e9e
  15.584 TIGER-SAMPLE pid 0xa30 n 0x38 thread 0x1103 thread 0x1103 state-kr 0x0 pc 0x109a95e22 leaf __semwait_signal+0xa frames: 0x109a95e22 0x1042a12e5 0x1041d56a2 0x1042a4329 0x1042a34a6 0x1042a3089 0x10423ab3e 0x1042a0d09 0x109a91e9e
  15.584 TIGER-SAMPLE pid 0xa30 n 0x38 thread 0x2303 thread 0x2303 state-kr 0x0 pc 0x109a95e22 leaf __semwait_signal+0xa frames: 0x109a95e22 0x1042a12e5 0x1041d56a2 0x1042a4329 0x1042a34a6 0x1042a3089 0x10423ab3e 0x1042a0d09 0x109a91e9e
  15.584 TIGER-SAMPLE pid 0xa30 n 0x38 thread 0x2403 thread 0x2403 state-kr 0x0 pc 0x109a95e22 leaf __semwait_signal+0xa frames: 0x109a95e22 0x1042a12e5 0x1041d56a2 0x1042a4329 0x1042a34a6 0x1042a3089 0x10423ab3e 0x1042a0d09 0x109a91e9e
  15.584 TIGER-SAMPLE pid 0xa30 n 0x38 thread 0x2503 thread 0x2503 state-kr 0x0 pc 0x109a467e6 leaf poll+0xa frames: 0x109a467e6 0x10423ab3e 0x1042a0d09 0x109a91e9e
  15.584 TIGER-SAMPLE pid 0xa30 n 0x38 thread 0x2603 thread 0x2603 state-kr 0x0 pc 0x109a95e22 leaf __semwait_signal+0xa frames: 0x109a95e22 0x1042a12e5 0x1041d56a2 0x1042a4329 0x1042a34a6 0x1042a3089 0x10423ab3e 0x1042a0d09 0x109a91e9e
  15.584 TIGER-SAMPLE pid 0xa30 n 0x38 thread 0x2703 thread 0x2703 state-kr 0x0 pc 0x109a467e6 leaf poll+0xa frames: 0x109a467e6 0x10423ab3e 0x1042a0d09 0x109a91e9e
  15.584 TIGER-SAMPLE pid 0xa30 n 0x38 thread 0x2807 thread 0x2807 state-kr 0x0 pc 0x109a95e22 leaf __semwait_signal+0xa frames: 0x109a95e22 0x1042a12e5 0x1041d56a2 0x1042a4329 0x1042a34a6 0x1042a3089 0x10423ab3e 0x1042a0d09 0x109a91e9e
  15.584 TIGER-SAMPLE pid 0xa30 n 0x38 thread 0x2903 thread 0x2903 state-kr 0x0 pc 0x109a95e22 leaf __semwait_signal+0xa frames: 0x109a95e22 0x1042a12e5 0x1041d56a2 0x1042a4329 0x1042a34a6 0x1042a3089 0x10423ab3e 0x1042a0d09 0x109a91e9e
  15.584 TIGER-SAMPLE pid 0xa30 n 0x38 thread 0x2a03 thread 0x2a03 state-kr 0x0 pc 0x109a95e22 leaf __semwait_signal+0xa frames: 0x109a95e22 0x1042a12e5 0x1041d56a2 0x1042a4329 0x1042a34a6 0x1042a3089 0x10423ab3e 0x1042a0d09 0x109a91e9e
  15.585 TIGER-SAMPLE pid 0xa30 n 0x38 thread 0x2b03 thread 0x2b03 state-kr 0x0 pc 0x109a46719 leaf recvmsg+0x11 frames: 0x109a46719 0x10045e43e 0x10423ab3e 0x1042a0d09 0x109a91e9e
  15.585 TIGER-SAMPLE pid 0xa30 n 0x38 thread 0x2c03 thread 0x2c03 state-kr 0x0 pc 0x109a95e22 leaf __semwait_signal+0xa frames: 0x109a95e22 0x1042a12e5 0x1041d56a2 0x1042a4329 0x1042a34a6 0x1042a3089 0x10423ab3e 0x1042a0d09 0x109a91e9e
  15.586 TIGER-SAMPLE pid 0xa30 n 0x38 thread 0x2d03 thread 0x2d03 state-kr 0x0 pc 0x109a46719 leaf recvmsg+0x11 frames: 0x109a46719 0x10045e43e 0x10423ab3e 0x1042a0d09 0x109a91e9e
  15.586 TIGER-SAMPLE pid 0xa30 n 0x38 thread 0x4103 thread 0x4103 state-kr 0x0 pc 0x109a95e22 leaf __semwait_signal+0xa frames: 0x109a95e22 0x1042a1327 0x1041d56a2 0x1041b2277 0x10423ab3e 0x1042a0d09 0x109a91e9e
  15.586 TIGER-SAMPLE pid 0xa30 n 0x38 thread 0x4203 thread 0x4203 state-kr 0x0 pc 0x109a95e22 leaf __semwait_signal+0xa frames: 0x109a95e22 0x1042a1327 0x1041d56a2 0x1041b2277 0x10423ab3e 0x1042a0d09 0x109a91e9e
  15.647 TIGER-SAMPLE pid 0xa2d n 0x3c main 0x117 thread 0x117 state-kr 0x0 pc 0x90009817 leaf mach_msg_trap+0x7 frames: 0x90009817 0x9082d227 0x9082ca42 0x92e06878 0x92e05f82 0x92e05dd9 0x9328cf45 0x9328cb37 0x932868c4 0x8af6 0x82f2 0x8219 0x5
  15.648 TIGER-SAMPLE pid 0xa2d n 0x3c thread 0x1203 thread 0x1203 state-kr 0x0 pc 0x90009817 leaf mach_msg_trap+0x7 frames: 0x90009817 0x2ca6d8 0x90023d67
  15.648 TIGER-SAMPLE pid 0xa2d n 0x3c thread 0x3207 thread 0x3207 state-kr 0x0 pc 0x90024407 leaf semaphore_wait_signal_trap+0x7 frames: 0x90024407 0x364de 0x90023d67
  15.648 TIGER-SAMPLE pid 0xa2d n 0x3c thread 0x3403 thread 0x3403 state-kr 0x0 pc 0x90024407 leaf semaphore_wait_signal_trap+0x7 frames: 0x90024407 0x364de 0x90023d67
  15.648 TIGER-SAMPLE pid 0xa2d n 0x3c thread 0x5103 thread 0x5103 state-kr 0x0 pc 0x900bc3fc leaf poll+0xc frames: 0x900bc3fc 0x2cd134 0x313210b 0x319b321 0x90023d67
  15.649 TIGER-SAMPLE pid 0xa2d n 0x3c thread 0x5203 thread 0x5203 state-kr 0x0 pc 0x90024407 leaf semaphore_wait_signal_trap+0x7 frames: 0x90024407 0x364de 0x90023d67
  15.649 TIGER-SAMPLE pid 0xa2d n 0x3c thread 0x5503 thread 0x5503 state-kr 0x0 pc 0x900bc3fc leaf poll+0xc frames: 0x900bc3fc 0x2cd134 0x313210b 0x319b321 0x90023d67
  15.649 TIGER-SAMPLE pid 0xa2d n 0x3c thread 0x5603 thread 0x5603 state-kr 0x0 pc 0x90024407 leaf semaphore_wait_signal_trap+0x7 frames: 0x90024407 0x364de 0x90023d67
  15.650 TIGER-SAMPLE pid 0xa2d n 0x3c thread 0x5c07 thread 0x5c07 state-kr 0x0 pc 0x900265fc leaf recvmsg+0xc frames: 0x900265fc 0x2cc6bb 0x2cd134 0x313210b 0x319b321 0x90023d67
  15.650 TIGER-SAMPLE pid 0xa2d n 0x3c thread 0x5e07 thread 0x5e07 state-kr 0x0 pc 0x90024407 leaf semaphore_wait_signal_trap+0x7 frames: 0x90024407 0x915a96ab 0x915c3ddc 0x90023d67
  15.724 TIGER-SAMPLE pid 0xa31 n 0x3b main 0xd03 thread 0xd03 state-kr 0x0 pc 0x109895e22 leaf __semwait_signal+0xa frames: 0x109895e22 0x10409c9d5 0x103fcd562 0x10409fb49 0x10409ec36 0x10409e819 0x10004a16b 0x10000154c 0x100001461 0x3
  15.724 TIGER-SAMPLE pid 0xa31 n 0x3b thread 0xf03 thread 0xf03 state-kr 0x0 pc 0x1098dfe4e leaf mach_msg_trap+0xa frames: 0x1098dfe4e 0x100327902 0x109891e9e
  15.725 TIGER-SAMPLE pid 0xa31 n 0x3b thread 0x1103 thread 0x1103 state-kr 0x0 pc 0x109895e22 leaf __semwait_signal+0xa frames: 0x109895e22 0x10409c9d5 0x103fcd562 0x10409fb49 0x10409ec36 0x10409e819 0x104033bfe 0x10409c3f9 0x109891e9e
  15.725 TIGER-SAMPLE pid 0xa31 n 0x3b thread 0x2303 thread 0x2303 state-kr 0x0 pc 0x1098467e6 leaf poll+0xa frames: 0x1098467e6 0x104033bfe 0x10409c3f9 0x109891e9e
  15.725 TIGER-SAMPLE pid 0xa31 n 0x3b thread 0x2407 thread 0x2407 state-kr 0x0 pc 0x109895e22 leaf __semwait_signal+0xa frames: 0x109895e22 0x10409c9d5 0x103fcd562 0x10409fb49 0x10409ec36 0x10409e819 0x104033bfe 0x10409c3f9 0x109891e9e
  15.725 TIGER-SAMPLE pid 0xa31 n 0x3b thread 0x2503 thread 0x2503 state-kr 0x0 pc 0x109895e22 leaf __semwait_signal+0xa frames: 0x109895e22 0x10409c9d5 0x103fcd562 0x10409fb49 0x10409ec36 0x10409e819 0x104033bfe 0x10409c3f9 0x109891e9e
  15.726 TIGER-SAMPLE pid 0xa31 n 0x3b thread 0x2603 thread 0x2603 state-kr 0x0 pc 0x109895e22 leaf __semwait_signal+0xa frames: 0x109895e22 0x10409c9d5 0x103fcd562 0x10409fb49 0x10409ec36 0x10409e819 0x104033bfe 0x10409c3f9 0x109891e9e
  15.726 TIGER-SAMPLE pid 0xa31 n 0x3b thread 0x2703 thread 0x2703 state-kr 0x0 pc 0x109895e22 leaf __semwait_signal+0xa frames: 0x109895e22 0x10409c9d5 0x103fcd562 0x10409fb49 0x10409ec36 0x10409e819 0x104033bfe 0x10409c3f9 0x109891e9e
  15.726 TIGER-SAMPLE pid 0xa31 n 0x3b thread 0x2903 thread 0x2903 state-kr 0x0 pc 0x109895e22 leaf __semwait_signal+0xa frames: 0x109895e22 0x10409c9d5 0x103fcd562 0x10409fb49 0x10409ec36 0x10409e819 0x104033bfe 0x10409c3f9 0x109891e9e
  15.727 TIGER-SAMPLE pid 0xa31 n 0x3b thread 0x2a03 thread 0x2a03 state-kr 0x0 pc 0x1098467e6 leaf poll+0xa frames: 0x1098467e6 0x104033bfe 0x10409c3f9 0x109891e9e
  15.727 TIGER-SAMPLE pid 0xa31 n 0x3b thread 0x2b03 thread 0x2b03 state-kr 0x0 pc 0x1098467e6 leaf poll+0xa frames: 0x1098467e6 0x104388627 0x1043887ea 0x101f32ba7 0x101f3e971 0x104033bfe 0x10409c3f9 0x109891e9e
  15.727 TIGER-SAMPLE pid 0xa31 n 0x3b thread 0x3003 thread 0x3003 state-kr 0x0 pc 0x109895e22 leaf __semwait_signal+0xa frames: 0x109895e22 0x10409c9d5 0x103fcd562 0x10409fb49 0x10409ec36 0x10409e819 0x104033bfe 0x10409c3f9 0x109891e9e
  15.836 TIGER-SAMPLE pid 0xa30 n 0x39 main 0xd03 thread 0xd03 state-kr 0x0 pc 0x109a95e22 leaf __semwait_signal+0xa frames: 0x109a95e22 0x1042a1327 0x1041d56a2 0x1042a4329 0x1042a34a6 0x1042a3089 0x100046488 0x100001d0c 0x100001c21 0x3
  15.837 TIGER-SAMPLE pid 0xa30 n 0x39 thread 0xf03 thread 0xf03 state-kr 0x0 pc 0x109adfe4e leaf mach_msg_trap+0xa frames: 0x109adfe4e 0x10045c512 0x109a91e9e
  15.837 TIGER-SAMPLE pid 0xa30 n 0x39 thread 0x1103 thread 0x1103 state-kr 0x0 pc 0x109a95e22 leaf __semwait_signal+0xa frames: 0x109a95e22 0x1042a12e5 0x1041d56a2 0x1042a4329 0x1042a34a6 0x1042a3089 0x10423ab3e 0x1042a0d09 0x109a91e9e
  15.837 TIGER-SAMPLE pid 0xa30 n 0x39 thread 0x2303 thread 0x2303 state-kr 0x0 pc 0x109a95e22 leaf __semwait_signal+0xa frames: 0x109a95e22 0x1042a12e5 0x1041d56a2 0x1042a4329 0x1042a34a6 0x1042a3089 0x10423ab3e 0x1042a0d09 0x109a91e9e
  15.837 TIGER-SAMPLE pid 0xa30 n 0x39 thread 0x2403 thread 0x2403 state-kr 0x0 pc 0x109a95e22 leaf __semwait_signal+0xa frames: 0x109a95e22 0x1042a12e5 0x1041d56a2 0x1042a4329 0x1042a34a6 0x1042a3089 0x10423ab3e 0x1042a0d09 0x109a91e9e
  15.838 TIGER-SAMPLE pid 0xa30 n 0x39 thread 0x2503 thread 0x2503 state-kr 0x0 pc 0x109a467e6 leaf poll+0xa frames: 0x109a467e6 0x10423ab3e 0x1042a0d09 0x109a91e9e
  15.838 TIGER-SAMPLE pid 0xa30 n 0x39 thread 0x2603 thread 0x2603 state-kr 0x0 pc 0x109a95e22 leaf __semwait_signal+0xa frames: 0x109a95e22 0x1042a12e5 0x1041d56a2 0x1042a4329 0x1042a34a6 0x1042a3089 0x10423ab3e 0x1042a0d09 0x109a91e9e
  15.838 TIGER-SAMPLE pid 0xa30 n 0x39 thread 0x2703 thread 0x2703 state-kr 0x0 pc 0x109a467e6 leaf poll+0xa frames: 0x109a467e6 0x10423ab3e 0x1042a0d09 0x109a91e9e
  15.838 TIGER-SAMPLE pid 0xa30 n 0x39 thread 0x2807 thread 0x2807 state-kr 0x0 pc 0x109a95e22 leaf __semwait_signal+0xa frames: 0x109a95e22 0x1042a12e5 0x1041d56a2 0x1042a4329 0x1042a34a6 0x1042a3089 0x10423ab3e 0x1042a0d09 0x109a91e9e
  15.839 TIGER-SAMPLE pid 0xa30 n 0x39 thread 0x2903 thread 0x2903 state-kr 0x0 pc 0x109a95e22 leaf __semwait_signal+0xa frames: 0x109a95e22 0x1042a12e5 0x1041d56a2 0x1042a4329 0x1042a34a6 0x1042a3089 0x10423ab3e 0x1042a0d09 0x109a91e9e
  15.839 TIGER-SAMPLE pid 0xa30 n 0x39 thread 0x2a03 thread 0x2a03 state-kr 0x0 pc 0x109a95e22 leaf __semwait_signal+0xa frames: 0x109a95e22 0x1042a12e5 0x1041d56a2 0x1042a4329 0x1042a34a6 0x1042a3089 0x10423ab3e 0x1042a0d09 0x109a91e9e
  15.849 TIGER-SAMPLE pid 0xa30 n 0x39 thread 0x2b03 thread 0x2b03 state-kr 0x0 pc 0x109a46712 leaf recvmsg+0xa frames: 0x109a46712 0x10045e43e 0x10423ab3e 0x1042a0d09 0x109a91e9e
  15.849 TIGER-SAMPLE pid 0xa30 n 0x39 thread 0x2c03 thread 0x2c03 state-kr 0x0 pc 0x109a95e22 leaf __semwait_signal+0xa frames: 0x109a95e22 0x1042a12e5 0x1041d56a2 0x1042a4329 0x1042a34a6 0x1042a3089 0x10423ab3e 0x1042a0d09 0x109a91e9e
  15.850 TIGER-SAMPLE pid 0xa30 n 0x39 thread 0x2d03 thread 0x2d03 state-kr 0x0 pc 0x109a46712 leaf recvmsg+0xa frames: 0x109a46712 0x10045e43e 0x10423ab3e 0x1042a0d09 0x109a91e9e
  15.850 TIGER-SAMPLE pid 0xa30 n 0x39 thread 0x4103 thread 0x4103 state-kr 0x0 pc 0x109a95e22 leaf __semwait_signal+0xa frames: 0x109a95e22 0x1042a1327 0x1041d56a2 0x1041b2277 0x10423ab3e 0x1042a0d09 0x109a91e9e
  15.850 TIGER-SAMPLE pid 0xa30 n 0x39 thread 0x4203 thread 0x4203 state-kr 0x0 pc 0x109a95e22 leaf __semwait_signal+0xa frames: 0x109a95e22 0x1042a1327 0x1041d56a2 0x1041b2277 0x10423ab3e 0x1042a0d09 0x109a91e9e
  15.900 TIGER-SAMPLE pid 0xa2d n 0x3d main 0x117 thread 0x117 state-kr 0x0 pc 0x90009817 leaf mach_msg_trap+0x7 frames: 0x90009817 0x9082d227 0x9082ca42 0x92e06878 0x92e05f82 0x92e05dd9 0x9328cf45 0x9328cb37 0x932868c4 0x8af6 0x82f2 0x8219 0x5
  15.901 TIGER-SAMPLE pid 0xa2d n 0x3d thread 0x1203 thread 0x1203 state-kr 0x0 pc 0x90009817 leaf mach_msg_trap+0x7 frames: 0x90009817 0x2ca6d8 0x90023d67
  15.901 TIGER-SAMPLE pid 0xa2d n 0x3d thread 0x3207 thread 0x3207 state-kr 0x0 pc 0x90024407 leaf semaphore_wait_signal_trap+0x7 frames: 0x90024407 0x364de 0x90023d67
  15.901 TIGER-SAMPLE pid 0xa2d n 0x3d thread 0x3403 thread 0x3403 state-kr 0x0 pc 0x90024407 leaf semaphore_wait_signal_trap+0x7 frames: 0x90024407 0x364de 0x90023d67
  15.901 TIGER-SAMPLE pid 0xa2d n 0x3d thread 0x5103 thread 0x5103 state-kr 0x0 pc 0x900bc3fc leaf poll+0xc frames: 0x900bc3fc 0x2cd134 0x313210b 0x319b321 0x90023d67
  15.902 TIGER-SAMPLE pid 0xa2d n 0x3d thread 0x5203 thread 0x5203 state-kr 0x0 pc 0x90024407 leaf semaphore_wait_signal_trap+0x7 frames: 0x90024407 0x364de 0x90023d67
  15.902 TIGER-SAMPLE pid 0xa2d n 0x3d thread 0x5503 thread 0x5503 state-kr 0x0 pc 0x900bc3fc leaf poll+0xc frames: 0x900bc3fc 0x2cd134 0x313210b 0x319b321 0x90023d67
  15.902 TIGER-SAMPLE pid 0xa2d n 0x3d thread 0x5603 thread 0x5603 state-kr 0x0 pc 0x90024407 leaf semaphore_wait_signal_trap+0x7 frames: 0x90024407 0x364de 0x90023d67
  15.903 TIGER-SAMPLE pid 0xa2d n 0x3d thread 0x5c07 thread 0x5c07 state-kr 0x0 pc 0x900265fc leaf recvmsg+0xc frames: 0x900265fc 0x2cc6bb 0x2cd134 0x313210b 0x319b321 0x90023d67
  15.903 TIGER-SAMPLE pid 0xa2d n 0x3d thread 0x5e07 thread 0x5e07 state-kr 0x0 pc 0x90024407 leaf semaphore_wait_signal_trap+0x7 frames: 0x90024407 0x915a96ab 0x915c3ddc 0x90023d67
  15.977 TIGER-SAMPLE pid 0xa31 n 0x3c main 0xd03 thread 0xd03 state-kr 0x0 pc 0x109895e22 leaf __semwait_signal+0xa frames: 0x109895e22 0x10409c9d5 0x103fcd562 0x10409fb49 0x10409ec36 0x10409e819 0x10004a16b 0x10000154c 0x100001461 0x3
  15.978 TIGER-SAMPLE pid 0xa31 n 0x3c thread 0xf03 thread 0xf03 state-kr 0x0 pc 0x1098dfe4e leaf mach_msg_trap+0xa frames: 0x1098dfe4e 0x100327902 0x109891e9e
  15.978 TIGER-SAMPLE pid 0xa31 n 0x3c thread 0x1103 thread 0x1103 state-kr 0x0 pc 0x109895e22 leaf __semwait_signal+0xa frames: 0x109895e22 0x10409c9d5 0x103fcd562 0x10409fb49 0x10409ec36 0x10409e819 0x104033bfe 0x10409c3f9 0x109891e9e
  15.978 TIGER-SAMPLE pid 0xa31 n 0x3c thread 0x2303 thread 0x2303 state-kr 0x0 pc 0x1098467e6 leaf poll+0xa frames: 0x1098467e6 0x104033bfe 0x10409c3f9 0x109891e9e
  15.978 TIGER-SAMPLE pid 0xa31 n 0x3c thread 0x2407 thread 0x2407 state-kr 0x0 pc 0x109895e22 leaf __semwait_signal+0xa frames: 0x109895e22 0x10409c9d5 0x103fcd562 0x10409fb49 0x10409ec36 0x10409e819 0x104033bfe 0x10409c3f9 0x109891e9e
  15.978 TIGER-SAMPLE pid 0xa31 n 0x3c thread 0x2503 thread 0x2503 state-kr 0x0 pc 0x109895e22 leaf __semwait_signal+0xa frames: 0x109895e22 0x10409c9d5 0x103fcd562 0x10409fb49 0x10409ec36 0x10409e819 0x104033bfe 0x10409c3f9 0x109891e9e
  15.979 TIGER-SAMPLE pid 0xa31 n 0x3c thread 0x2603 thread 0x2603 state-kr 0x0 pc 0x109895e22 leaf __semwait_signal+0xa frames: 0x109895e22 0x10409c9d5 0x103fcd562 0x10409fb49 0x10409ec36 0x10409e819 0x104033bfe 0x10409c3f9 0x109891e9e
  15.979 TIGER-SAMPLE pid 0xa31 n 0x3c thread 0x2703 thread 0x2703 state-kr 0x0 pc 0x109895e22 leaf __semwait_signal+0xa frames: 0x109895e22 0x10409c9d5 0x103fcd562 0x10409fb49 0x10409ec36 0x10409e819 0x104033bfe 0x10409c3f9 0x109891e9e
  15.979 TIGER-SAMPLE pid 0xa31 n 0x3c thread 0x2903 thread 0x2903 state-kr 0x0 pc 0x109895e22 leaf __semwait_signal+0xa frames: 0x109895e22 0x10409c9d5 0x103fcd562 0x10409fb49 0x10409ec36 0x10409e819 0x104033bfe 0x10409c3f9 0x109891e9e
  15.979 TIGER-SAMPLE pid 0xa31 n 0x3c thread 0x2a03 thread 0x2a03 state-kr 0x0 pc 0x1098467e6 leaf poll+0xa frames: 0x1098467e6 0x104033bfe 0x10409c3f9 0x109891e9e
  15.980 TIGER-SAMPLE pid 0xa31 n 0x3c thread 0x2b03 thread 0x2b03 state-kr 0x0 pc 0x1098467e6 leaf poll+0xa frames: 0x1098467e6 0x104388627 0x1043887ea 0x101f32ba7 0x101f3e971 0x104033bfe 0x10409c3f9 0x109891e9e
  15.980 TIGER-SAMPLE pid 0xa31 n 0x3c thread 0x3003 thread 0x3003 state-kr 0x0 pc 0x109895e22 leaf __semwait_signal+0xa frames: 0x109895e22 0x10409c9d5 0x103fcd562 0x10409fb49 0x10409ec36 0x10409e819 0x104033bfe 0x10409c3f9 0x109891e9e
  16.100 TIGER-SAMPLE pid 0xa30 n 0x3a main 0xd03 thread 0xd03 state-kr 0x0 pc 0x109a95e22 leaf __semwait_signal+0xa frames: 0x109a95e22 0x1042a1327 0x1041d56a2 0x1042a4329 0x1042a34a6 0x1042a3089 0x100046488 0x100001d0c 0x100001c21 0x3
  16.101 TIGER-SAMPLE pid 0xa30 n 0x3a thread 0xf03 thread 0xf03 state-kr 0x0 pc 0x109adfe4e leaf mach_msg_trap+0xa frames: 0x109adfe4e 0x10045c512 0x109a91e9e
  16.101 TIGER-SAMPLE pid 0xa30 n 0x3a thread 0x1103 thread 0x1103 state-kr 0x0 pc 0x109a95e22 leaf __semwait_signal+0xa frames: 0x109a95e22 0x1042a12e5 0x1041d56a2 0x1042a4329 0x1042a34a6 0x1042a3089 0x10423ab3e 0x1042a0d09 0x109a91e9e
  16.101 TIGER-SAMPLE pid 0xa30 n 0x3a thread 0x2303 thread 0x2303 state-kr 0x0 pc 0x109a95e22 leaf __semwait_signal+0xa frames: 0x109a95e22 0x1042a12e5 0x1041d56a2 0x1042a4329 0x1042a34a6 0x1042a3089 0x10423ab3e 0x1042a0d09 0x109a91e9e
  16.101 TIGER-SAMPLE pid 0xa30 n 0x3a thread 0x2403 thread 0x2403 state-kr 0x0 pc 0x109a95e22 leaf __semwait_signal+0xa frames: 0x109a95e22 0x1042a12e5 0x1041d56a2 0x1042a4329 0x1042a34a6 0x1042a3089 0x10423ab3e 0x1042a0d09 0x109a91e9e
  16.101 TIGER-SAMPLE pid 0xa30 n 0x3a thread 0x2503 thread 0x2503 state-kr 0x0 pc 0x109a467e6 leaf poll+0xa frames: 0x109a467e6 0x10423ab3e 0x1042a0d09 0x109a91e9e
  16.102 TIGER-SAMPLE pid 0xa30 n 0x3a thread 0x2603 thread 0x2603 state-kr 0x0 pc 0x109a95e22 leaf __semwait_signal+0xa frames: 0x109a95e22 0x1042a12e5 0x1041d56a2 0x1042a4329 0x1042a34a6 0x1042a3089 0x10423ab3e 0x1042a0d09 0x109a91e9e
  16.102 TIGER-SAMPLE pid 0xa30 n 0x3a thread 0x2703 thread 0x2703 state-kr 0x0 pc 0x109a467e6 leaf poll+0xa frames: 0x109a467e6 0x10423ab3e 0x1042a0d09 0x109a91e9e
  16.102 TIGER-SAMPLE pid 0xa30 n 0x3a thread 0x2807 thread 0x2807 state-kr 0x0 pc 0x109a95e22 leaf __semwait_signal+0xa frames: 0x109a95e22 0x1042a12e5 0x1041d56a2 0x1042a4329 0x1042a34a6 0x1042a3089 0x10423ab3e 0x1042a0d09 0x109a91e9e
  16.102 TIGER-SAMPLE pid 0xa30 n 0x3a thread 0x2903 thread 0x2903 state-kr 0x0 pc 0x109a95e22 leaf __semwait_signal+0xa frames: 0x109a95e22 0x1042a12e5 0x1041d56a2 0x1042a4329 0x1042a34a6 0x1042a3089 0x10423ab3e 0x1042a0d09 0x109a91e9e
  16.103 TIGER-SAMPLE pid 0xa30 n 0x3a thread 0x2a03 thread 0x2a03 state-kr 0x0 pc 0x109a95e22 leaf __semwait_signal+0xa frames: 0x109a95e22 0x1042a12e5 0x1041d56a2 0x1042a4329 0x1042a34a6 0x1042a3089 0x10423ab3e 0x1042a0d09 0x109a91e9e
  16.103 TIGER-SAMPLE pid 0xa30 n 0x3a thread 0x2b03 thread 0x2b03 state-kr 0x0 pc 0x109a46712 leaf recvmsg+0xa frames: 0x109a46712 0x10045e43e 0x10423ab3e 0x1042a0d09 0x109a91e9e
  16.103 TIGER-SAMPLE pid 0xa30 n 0x3a thread 0x2c03 thread 0x2c03 state-kr 0x0 pc 0x109a95e22 leaf __semwait_signal+0xa frames: 0x109a95e22 0x1042a12e5 0x1041d56a2 0x1042a4329 0x1042a34a6 0x1042a3089 0x10423ab3e 0x1042a0d09 0x109a91e9e
  16.103 TIGER-SAMPLE pid 0xa30 n 0x3a thread 0x2d03 thread 0x2d03 state-kr 0x0 pc 0x109a46712 leaf recvmsg+0xa frames: 0x109a46712 0x10045e43e 0x10423ab3e 0x1042a0d09 0x109a91e9e
  16.104 TIGER-SAMPLE pid 0xa30 n 0x3a thread 0x4103 thread 0x4103 state-kr 0x0 pc 0x109a95e22 leaf __semwait_signal+0xa frames: 0x109a95e22 0x1042a1327 0x1041d56a2 0x1041b2277 0x10423ab3e 0x1042a0d09 0x109a91e9e
  16.153 TIGER-SAMPLE pid 0xa2d n 0x3e main 0x117 thread 0x117 state-kr 0x0 pc 0x90009817 leaf mach_msg_trap+0x7 frames: 0x90009817 0x9082d227 0x9082ca42 0x92e06878 0x92e05f82 0x92e05dd9 0x9328cf45 0x9328cb37 0x932868c4 0x8af6 0x82f2 0x8219 0x5
  16.154 TIGER-SAMPLE pid 0xa2d n 0x3e thread 0x1203 thread 0x1203 state-kr 0x0 pc 0x90009817 leaf mach_msg_trap+0x7 frames: 0x90009817 0x2ca6d8 0x90023d67
  16.154 TIGER-SAMPLE pid 0xa2d n 0x3e thread 0x3207 thread 0x3207 state-kr 0x0 pc 0x90024407 leaf semaphore_wait_signal_trap+0x7 frames: 0x90024407 0x364de 0x90023d67
  16.154 TIGER-SAMPLE pid 0xa2d n 0x3e thread 0x3403 thread 0x3403 state-kr 0x0 pc 0x90024407 leaf semaphore_wait_signal_trap+0x7 frames: 0x90024407 0x364de 0x90023d67
  16.155 TIGER-SAMPLE pid 0xa2d n 0x3e thread 0x5103 thread 0x5103 state-kr 0x0 pc 0x900bc3fc leaf poll+0xc frames: 0x900bc3fc 0x2cd134 0x313210b 0x319b321 0x90023d67
  16.155 TIGER-SAMPLE pid 0xa2d n 0x3e thread 0x5203 thread 0x5203 state-kr 0x0 pc 0x90024407 leaf semaphore_wait_signal_trap+0x7 frames: 0x90024407 0x364de 0x90023d67
  16.155 TIGER-SAMPLE pid 0xa2d n 0x3e thread 0x5503 thread 0x5503 state-kr 0x0 pc 0x900bc3fc leaf poll+0xc frames: 0x900bc3fc 0x2cd134 0x313210b 0x319b321 0x90023d67
  16.155 TIGER-SAMPLE pid 0xa2d n 0x3e thread 0x5603 thread 0x5603 state-kr 0x0 pc 0x90024407 leaf semaphore_wait_signal_trap+0x7 frames: 0x90024407 0x364de 0x90023d67
  16.156 TIGER-SAMPLE pid 0xa2d n 0x3e thread 0x5c07 thread 0x5c07 state-kr 0x0 pc 0x900265fc leaf recvmsg+0xc frames: 0x900265fc 0x2cc6bb 0x2cd134 0x313210b 0x319b321 0x90023d67
  16.156 TIGER-SAMPLE pid 0xa2d n 0x3e thread 0x5e07 thread 0x5e07 state-kr 0x0 pc 0x90024407 leaf semaphore_wait_signal_trap+0x7 frames: 0x90024407 0x915a96ab 0x915c3ddc 0x90023d67
  16.230 TIGER-SAMPLE pid 0xa31 n 0x3d main 0xd03 thread 0xd03 state-kr 0x0 pc 0x109895e22 leaf __semwait_signal+0xa frames: 0x109895e22 0x10409c9d5 0x103fcd562 0x10409fb49 0x10409ec36 0x10409e819 0x10004a16b 0x10000154c 0x100001461 0x3
  16.230 TIGER-SAMPLE pid 0xa31 n 0x3d thread 0xf03 thread 0xf03 state-kr 0x0 pc 0x1098dfe4e leaf mach_msg_trap+0xa frames: 0x1098dfe4e 0x100327902 0x109891e9e
  16.231 TIGER-SAMPLE pid 0xa31 n 0x3d thread 0x1103 thread 0x1103 state-kr 0x0 pc 0x109895e22 leaf __semwait_signal+0xa frames: 0x109895e22 0x10409c9d5 0x103fcd562 0x10409fb49 0x10409ec36 0x10409e819 0x104033bfe 0x10409c3f9 0x109891e9e
  16.231 TIGER-SAMPLE pid 0xa31 n 0x3d thread 0x2303 thread 0x2303 state-kr 0x0 pc 0x1098467e6 leaf poll+0xa frames: 0x1098467e6 0x104033bfe 0x10409c3f9 0x109891e9e
  16.231 TIGER-SAMPLE pid 0xa31 n 0x3d thread 0x2407 thread 0x2407 state-kr 0x0 pc 0x109895e22 leaf __semwait_signal+0xa frames: 0x109895e22 0x10409c9d5 0x103fcd562 0x10409fb49 0x10409ec36 0x10409e819 0x104033bfe 0x10409c3f9 0x109891e9e
  16.231 TIGER-SAMPLE pid 0xa31 n 0x3d thread 0x2503 thread 0x2503 state-kr 0x0 pc 0x109895e22 leaf __semwait_signal+0xa frames: 0x109895e22 0x10409c9d5 0x103fcd562 0x10409fb49 0x10409ec36 0x10409e819 0x104033bfe 0x10409c3f9 0x109891e9e
  16.231 TIGER-SAMPLE pid 0xa31 n 0x3d thread 0x2603 thread 0x2603 state-kr 0x0 pc 0x109895e22 leaf __semwait_signal+0xa frames: 0x109895e22 0x10409c9d5 0x103fcd562 0x10409fb49 0x10409ec36 0x10409e819 0x104033bfe 0x10409c3f9 0x109891e9e
  16.232 TIGER-SAMPLE pid 0xa31 n 0x3d thread 0x2703 thread 0x2703 state-kr 0x0 pc 0x109895e22 leaf __semwait_signal+0xa frames: 0x109895e22 0x10409c9d5 0x103fcd562 0x10409fb49 0x10409ec36 0x10409e819 0x104033bfe 0x10409c3f9 0x109891e9e
  16.232 TIGER-SAMPLE pid 0xa31 n 0x3d thread 0x2903 thread 0x2903 state-kr 0x0 pc 0x109895e22 leaf __semwait_signal+0xa frames: 0x109895e22 0x10409c9d5 0x103fcd562 0x10409fb49 0x10409ec36 0x10409e819 0x104033bfe 0x10409c3f9 0x109891e9e
  16.232 TIGER-SAMPLE pid 0xa31 n 0x3d thread 0x2a03 thread 0x2a03 state-kr 0x0 pc 0x1098467e6 leaf poll+0xa frames: 0x1098467e6 0x104033bfe 0x10409c3f9 0x109891e9e
  16.232 TIGER-SAMPLE pid 0xa31 n 0x3d thread 0x2b03 thread 0x2b03 state-kr 0x0 pc 0x1098467e6 leaf poll+0xa frames: 0x1098467e6 0x104388627 0x1043887ea 0x101f32ba7 0x101f3e971 0x104033bfe 0x10409c3f9 0x109891e9e
  16.233 TIGER-SAMPLE pid 0xa31 n 0x3d thread 0x3003 thread 0x3003 state-kr 0x0 pc 0x109895e22 leaf __semwait_signal+0xa frames: 0x109895e22 0x10409c9d5 0x103fcd562 0x10409fb49 0x10409ec36 0x10409e819 0x104033bfe 0x10409c3f9 0x109891e9e
  16.354 TIGER-SAMPLE pid 0xa30 n 0x3b main 0xd03 thread 0xd03 state-kr 0x0 pc 0x109a95e22 leaf __semwait_signal+0xa frames: 0x109a95e22 0x1042a1327 0x1041d56a2 0x1042a4329 0x1042a34a6 0x1042a3089 0x100046488 0x100001d0c 0x100001c21 0x3
  16.354 TIGER-SAMPLE pid 0xa30 n 0x3b thread 0xf03 thread 0xf03 state-kr 0x0 pc 0x109adfe4e leaf mach_msg_trap+0xa frames: 0x109adfe4e 0x10045c512 0x109a91e9e
  16.354 TIGER-SAMPLE pid 0xa30 n 0x3b thread 0x1103 thread 0x1103 state-kr 0x0 pc 0x109a95e22 leaf __semwait_signal+0xa frames: 0x109a95e22 0x1042a12e5 0x1041d56a2 0x1042a4329 0x1042a34a6 0x1042a3089 0x10423ab3e 0x1042a0d09 0x109a91e9e
  16.355 TIGER-SAMPLE pid 0xa30 n 0x3b thread 0x2303 thread 0x2303 state-kr 0x0 pc 0x109a95e22 leaf __semwait_signal+0xa frames: 0x109a95e22 0x1042a12e5 0x1041d56a2 0x1042a4329 0x1042a34a6 0x1042a3089 0x10423ab3e 0x1042a0d09 0x109a91e9e
  16.355 TIGER-SAMPLE pid 0xa30 n 0x3b thread 0x2403 thread 0x2403 state-kr 0x0 pc 0x109a95e22 leaf __semwait_signal+0xa frames: 0x109a95e22 0x1042a12e5 0x1041d56a2 0x1042a4329 0x1042a34a6 0x1042a3089 0x10423ab3e 0x1042a0d09 0x109a91e9e
  16.355 TIGER-SAMPLE pid 0xa30 n 0x3b thread 0x2503 thread 0x2503 state-kr 0x0 pc 0x109a467e6 leaf poll+0xa frames: 0x109a467e6 0x10423ab3e 0x1042a0d09 0x109a91e9e
  16.356 TIGER-SAMPLE pid 0xa30 n 0x3b thread 0x2603 thread 0x2603 state-kr 0x0 pc 0x109a95e22 leaf __semwait_signal+0xa frames: 0x109a95e22 0x1042a12e5 0x1041d56a2 0x1042a4329 0x1042a34a6 0x1042a3089 0x10423ab3e 0x1042a0d09 0x109a91e9e
  16.356 TIGER-SAMPLE pid 0xa30 n 0x3b thread 0x2703 thread 0x2703 state-kr 0x0 pc 0x109a467e6 leaf poll+0xa frames: 0x109a467e6 0x10423ab3e 0x1042a0d09 0x109a91e9e
  16.356 TIGER-SAMPLE pid 0xa30 n 0x3b thread 0x2807 thread 0x2807 state-kr 0x0 pc 0x109a95e22 leaf __semwait_signal+0xa frames: 0x109a95e22 0x1042a12e5 0x1041d56a2 0x1042a4329 0x1042a34a6 0x1042a3089 0x10423ab3e 0x1042a0d09 0x109a91e9e
  16.356 TIGER-SAMPLE pid 0xa30 n 0x3b thread 0x2903 thread 0x2903 state-kr 0x0 pc 0x109a95e22 leaf __semwait_signal+0xa frames: 0x109a95e22 0x1042a12e5 0x1041d56a2 0x1042a4329 0x1042a34a6 0x1042a3089 0x10423ab3e 0x1042a0d09 0x109a91e9e
  16.356 TIGER-SAMPLE pid 0xa30 n 0x3b thread 0x2a03 thread 0x2a03 state-kr 0x0 pc 0x109a95e22 leaf __semwait_signal+0xa frames: 0x109a95e22 0x1042a12e5 0x1041d56a2 0x1042a4329 0x1042a34a6 0x1042a3089 0x10423ab3e 0x1042a0d09 0x109a91e9e
  16.365 TIGER-SAMPLE pid 0xa30 n 0x3b thread 0x2b03 thread 0x2b03 state-kr 0x0 pc 0x109a46712 leaf recvmsg+0xa frames: 0x109a46712 0x10045e43e 0x10423ab3e 0x1042a0d09 0x109a91e9e
  16.365 TIGER-SAMPLE pid 0xa30 n 0x3b thread 0x2c03 thread 0x2c03 state-kr 0x0 pc 0x109a95e22 leaf __semwait_signal+0xa frames: 0x109a95e22 0x1042a12e5 0x1041d56a2 0x1042a4329 0x1042a34a6 0x1042a3089 0x10423ab3e 0x1042a0d09 0x109a91e9e
  16.366 TIGER-SAMPLE pid 0xa30 n 0x3b thread 0x2d03 thread 0x2d03 state-kr 0x0 pc 0x109a46712 leaf recvmsg+0xa frames: 0x109a46712 0x10045e43e 0x10423ab3e 0x1042a0d09 0x109a91e9e
  16.366 TIGER-SAMPLE pid 0xa30 n 0x3b thread 0x4103 thread 0x4103 state-kr 0x0 pc 0x109a95e22 leaf __semwait_signal+0xa frames: 0x109a95e22 0x1042a1327 0x1041d56a2 0x1041b2277 0x10423ab3e 0x1042a0d09 0x109a91e9e
  16.407 TIGER-SAMPLE pid 0xa2d n 0x3f main 0x117 thread 0x117 state-kr 0x0 pc 0x90009817 leaf mach_msg_trap+0x7 frames: 0x90009817 0x9082d227 0x9082ca42 0x92e06878 0x92e05f82 0x92e05dd9 0x9328cf45 0x9328cb37 0x932868c4 0x8af6 0x82f2 0x8219 0x5
  16.407 TIGER-SAMPLE pid 0xa2d n 0x3f thread 0x1203 thread 0x1203 state-kr 0x0 pc 0x90009817 leaf mach_msg_trap+0x7 frames: 0x90009817 0x2ca6d8 0x90023d67
  16.407 TIGER-SAMPLE pid 0xa2d n 0x3f thread 0x3207 thread 0x3207 state-kr 0x0 pc 0x90024407 leaf semaphore_wait_signal_trap+0x7 frames: 0x90024407 0x364de 0x90023d67
  16.407 TIGER-SAMPLE pid 0xa2d n 0x3f thread 0x3403 thread 0x3403 state-kr 0x0 pc 0x90024407 leaf semaphore_wait_signal_trap+0x7 frames: 0x90024407 0x364de 0x90023d67
  16.407 TIGER-SAMPLE pid 0xa2d n 0x3f thread 0x5103 thread 0x5103 state-kr 0x0 pc 0x900bc3fc leaf poll+0xc frames: 0x900bc3fc 0x2cd134 0x313210b 0x319b321 0x90023d67
  16.408 TIGER-SAMPLE pid 0xa2d n 0x3f thread 0x5203 thread 0x5203 state-kr 0x0 pc 0x90024407 leaf semaphore_wait_signal_trap+0x7 frames: 0x90024407 0x364de 0x90023d67
  16.408 TIGER-SAMPLE pid 0xa2d n 0x3f thread 0x5503 thread 0x5503 state-kr 0x0 pc 0x900bc3fc leaf poll+0xc frames: 0x900bc3fc 0x2cd134 0x313210b 0x319b321 0x90023d67
  16.408 TIGER-SAMPLE pid 0xa2d n 0x3f thread 0x5603 thread 0x5603 state-kr 0x0 pc 0x90024407 leaf semaphore_wait_signal_trap+0x7 frames: 0x90024407 0x364de 0x90023d67
  16.414 TIGER-SAMPLE pid 0xa2d n 0x3f thread 0x5c07 thread 0x5c07 state-kr 0x0 pc 0x90008558 leaf calloc+0x11f9 frames: 0x90008558 0x900075bb 0x310b193 0x2cbe89 0x2cc6bb 0x2cd134 0x313210b 0x319b321 0x90023d67
  16.414 TIGER-SAMPLE pid 0xa2d n 0x3f thread 0x5e07 thread 0x5e07 state-kr 0x0 pc 0x90024407 leaf semaphore_wait_signal_trap+0x7 frames: 0x90024407 0x915a96ab 0x915c3ddc 0x90023d67
  16.483 TIGER-SAMPLE pid 0xa31 n 0x3e main 0xd03 thread 0xd03 state-kr 0x0 pc 0x109895e22 leaf __semwait_signal+0xa frames: 0x109895e22 0x10409c9d5 0x103fcd562 0x10409fb49 0x10409ec36 0x10409e819 0x10004a16b 0x10000154c 0x100001461 0x3
  16.483 TIGER-SAMPLE pid 0xa31 n 0x3e thread 0xf03 thread 0xf03 state-kr 0x0 pc 0x1098dfe4e leaf mach_msg_trap+0xa frames: 0x1098dfe4e 0x100327902 0x109891e9e
  16.483 TIGER-SAMPLE pid 0xa31 n 0x3e thread 0x1103 thread 0x1103 state-kr 0x0 pc 0x109895e22 leaf __semwait_signal+0xa frames: 0x109895e22 0x10409c9d5 0x103fcd562 0x10409fb49 0x10409ec36 0x10409e819 0x104033bfe 0x10409c3f9 0x109891e9e
  16.484 TIGER-SAMPLE pid 0xa31 n 0x3e thread 0x2303 thread 0x2303 state-kr 0x0 pc 0x1098467e6 leaf poll+0xa frames: 0x1098467e6 0x104033bfe 0x10409c3f9 0x109891e9e
  16.484 TIGER-SAMPLE pid 0xa31 n 0x3e thread 0x2407 thread 0x2407 state-kr 0x0 pc 0x109895e22 leaf __semwait_signal+0xa frames: 0x109895e22 0x10409c9d5 0x103fcd562 0x10409fb49 0x10409ec36 0x10409e819 0x104033bfe 0x10409c3f9 0x109891e9e
  16.484 TIGER-SAMPLE pid 0xa31 n 0x3e thread 0x2503 thread 0x2503 state-kr 0x0 pc 0x109895e22 leaf __semwait_signal+0xa frames: 0x109895e22 0x10409c9d5 0x103fcd562 0x10409fb49 0x10409ec36 0x10409e819 0x104033bfe 0x10409c3f9 0x109891e9e
  16.484 TIGER-SAMPLE pid 0xa31 n 0x3e thread 0x2603 thread 0x2603 state-kr 0x0 pc 0x109895e22 leaf __semwait_signal+0xa frames: 0x109895e22 0x10409c9d5 0x103fcd562 0x10409fb49 0x10409ec36 0x10409e819 0x104033bfe 0x10409c3f9 0x109891e9e
  16.485 TIGER-SAMPLE pid 0xa31 n 0x3e thread 0x2703 thread 0x2703 state-kr 0x0 pc 0x109895e22 leaf __semwait_signal+0xa frames: 0x109895e22 0x10409c9d5 0x103fcd562 0x10409fb49 0x10409ec36 0x10409e819 0x104033bfe 0x10409c3f9 0x109891e9e
  16.485 TIGER-SAMPLE pid 0xa31 n 0x3e thread 0x2903 thread 0x2903 state-kr 0x0 pc 0x109895e22 leaf __semwait_signal+0xa frames: 0x109895e22 0x10409c9d5 0x103fcd562 0x10409fb49 0x10409ec36 0x10409e819 0x104033bfe 0x10409c3f9 0x109891e9e
  16.485 TIGER-SAMPLE pid 0xa31 n 0x3e thread 0x2a03 thread 0x2a03 state-kr 0x0 pc 0x1098467e6 leaf poll+0xa frames: 0x1098467e6 0x104033bfe 0x10409c3f9 0x109891e9e
  16.485 TIGER-SAMPLE pid 0xa31 n 0x3e thread 0x2b03 thread 0x2b03 state-kr 0x0 pc 0x1098467e6 leaf poll+0xa frames: 0x1098467e6 0x104388627 0x1043887ea 0x101f32ba7 0x101f3e971 0x104033bfe 0x10409c3f9 0x109891e9e
  16.485 TIGER-SAMPLE pid 0xa31 n 0x3e thread 0x3003 thread 0x3003 state-kr 0x0 pc 0x109895e22 leaf __semwait_signal+0xa frames: 0x109895e22 0x10409c9d5 0x103fcd562 0x10409fb49 0x10409ec36 0x10409e819 0x104033bfe 0x10409c3f9 0x109891e9e
  16.616 TIGER-SAMPLE pid 0xa30 n 0x3c main 0xd03 thread 0xd03 state-kr 0x0 pc 0x109a95e22 leaf __semwait_signal+0xa frames: 0x109a95e22 0x1042a1327 0x1041d56a2 0x1042a4329 0x1042a34a6 0x1042a3089 0x100046488 0x100001d0c 0x100001c21 0x3
  16.616 TIGER-SAMPLE pid 0xa30 n 0x3c thread 0xf03 thread 0xf03 state-kr 0x0 pc 0x109adfe4e leaf mach_msg_trap+0xa frames: 0x109adfe4e 0x10045c512 0x109a91e9e
  16.617 TIGER-SAMPLE pid 0xa30 n 0x3c thread 0x1103 thread 0x1103 state-kr 0x0 pc 0x109a95e22 leaf __semwait_signal+0xa frames: 0x109a95e22 0x1042a12e5 0x1041d56a2 0x1042a4329 0x1042a34a6 0x1042a3089 0x10423ab3e 0x1042a0d09 0x109a91e9e
  16.617 TIGER-SAMPLE pid 0xa30 n 0x3c thread 0x2303 thread 0x2303 state-kr 0x0 pc 0x109a95e22 leaf __semwait_signal+0xa frames: 0x109a95e22 0x1042a12e5 0x1041d56a2 0x1042a4329 0x1042a34a6 0x1042a3089 0x10423ab3e 0x1042a0d09 0x109a91e9e
  16.617 TIGER-SAMPLE pid 0xa30 n 0x3c thread 0x2403 thread 0x2403 state-kr 0x0 pc 0x109a95e22 leaf __semwait_signal+0xa frames: 0x109a95e22 0x1042a12e5 0x1041d56a2 0x1042a4329 0x1042a34a6 0x1042a3089 0x10423ab3e 0x1042a0d09 0x109a91e9e
  16.617 TIGER-SAMPLE pid 0xa30 n 0x3c thread 0x2503 thread 0x2503 state-kr 0x0 pc 0x109a467e6 leaf poll+0xa frames: 0x109a467e6 0x10423ab3e 0x1042a0d09 0x109a91e9e
  16.617 TIGER-SAMPLE pid 0xa30 n 0x3c thread 0x2603 thread 0x2603 state-kr 0x0 pc 0x109a95e22 leaf __semwait_signal+0xa frames: 0x109a95e22 0x1042a12e5 0x1041d56a2 0x1042a4329 0x1042a34a6 0x1042a3089 0x10423ab3e 0x1042a0d09 0x109a91e9e
  16.618 TIGER-SAMPLE pid 0xa30 n 0x3c thread 0x2703 thread 0x2703 state-kr 0x0 pc 0x109a467e6 leaf poll+0xa frames: 0x109a467e6 0x10423ab3e 0x1042a0d09 0x109a91e9e
  16.618 TIGER-SAMPLE pid 0xa30 n 0x3c thread 0x2807 thread 0x2807 state-kr 0x0 pc 0x109a95e22 leaf __semwait_signal+0xa frames: 0x109a95e22 0x1042a12e5 0x1041d56a2 0x1042a4329 0x1042a34a6 0x1042a3089 0x10423ab3e 0x1042a0d09 0x109a91e9e
  16.618 TIGER-SAMPLE pid 0xa30 n 0x3c thread 0x2903 thread 0x2903 state-kr 0x0 pc 0x109a95e22 leaf __semwait_signal+0xa frames: 0x109a95e22 0x1042a12e5 0x1041d56a2 0x1042a4329 0x1042a34a6 0x1042a3089 0x10423ab3e 0x1042a0d09 0x109a91e9e
  16.618 TIGER-SAMPLE pid 0xa30 n 0x3c thread 0x2a03 thread 0x2a03 state-kr 0x0 pc 0x109a95e22 leaf __semwait_signal+0xa frames: 0x109a95e22 0x1042a12e5 0x1041d56a2 0x1042a4329 0x1042a34a6 0x1042a3089 0x10423ab3e 0x1042a0d09 0x109a91e9e
  16.622 TIGER-SAMPLE pid 0xa30 n 0x3c thread 0x2b03 thread 0x2b03 state-kr 0x0 pc 0x10045dbdf leaf _ZN3IPC10Connection16readyReadHandlerEv+0x1f frames: 0x10045dbdf 0x10045e43e 0x10423ab3e 0x1042a0d09 0x109a91e9e
  16.622 TIGER-SAMPLE pid 0xa30 n 0x3c thread 0x2c03 thread 0x2c03 state-kr 0x0 pc 0x109a95e22 leaf __semwait_signal+0xa frames: 0x109a95e22 0x1042a12e5 0x1041d56a2 0x1042a4329 0x1042a34a6 0x1042a3089 0x10423ab3e 0x1042a0d09 0x109a91e9e
  16.633 TIGER-SAMPLE pid 0xa30 n 0x3c thread 0x2d03 thread 0x2d03 state-kr 0x0 pc 0x109a46712 leaf recvmsg+0xa frames: 0x109a46712 0x10045e43e 0x10423ab3e 0x1042a0d09 0x109a91e9e
  16.633 TIGER-SAMPLE pid 0xa30 n 0x3c thread 0x4103 thread 0x4103 state-kr 0x0 pc 0x109a95e22 leaf __semwait_signal+0xa frames: 0x109a95e22 0x1042a1327 0x1041d56a2 0x1041b2277 0x10423ab3e 0x1042a0d09 0x109a91e9e
  16.665 TIGER-SAMPLE pid 0xa2d n 0x40 main 0x117 thread 0x117 state-kr 0x0 pc 0x90009817 leaf mach_msg_trap+0x7 frames: 0x90009817 0x9082d227 0x9082ca42 0x92e06878 0x92e05f82 0x92e05dd9 0x9328cf45 0x9328cb37 0x932868c4 0x8af6 0x82f2 0x8219 0x5
  16.665 TIGER-SAMPLE pid 0xa2d n 0x40 thread 0x1203 thread 0x1203 state-kr 0x0 pc 0x90009817 leaf mach_msg_trap+0x7 frames: 0x90009817 0x2ca6d8 0x90023d67
  16.665 TIGER-SAMPLE pid 0xa2d n 0x40 thread 0x3207 thread 0x3207 state-kr 0x0 pc 0x90024407 leaf semaphore_wait_signal_trap+0x7 frames: 0x90024407 0x364de 0x90023d67
  16.666 TIGER-SAMPLE pid 0xa2d n 0x40 thread 0x3403 thread 0x3403 state-kr 0x0 pc 0x90024407 leaf semaphore_wait_signal_trap+0x7 frames: 0x90024407 0x364de 0x90023d67
  16.666 TIGER-SAMPLE pid 0xa2d n 0x40 thread 0x5103 thread 0x5103 state-kr 0x0 pc 0x900bc3fc leaf poll+0xc frames: 0x900bc3fc 0x2cd134 0x313210b 0x319b321 0x90023d67
  16.666 TIGER-SAMPLE pid 0xa2d n 0x40 thread 0x5203 thread 0x5203 state-kr 0x0 pc 0x90024407 leaf semaphore_wait_signal_trap+0x7 frames: 0x90024407 0x364de 0x90023d67
  16.667 TIGER-SAMPLE pid 0xa2d n 0x40 thread 0x5503 thread 0x5503 state-kr 0x0 pc 0x900bc3fc leaf poll+0xc frames: 0x900bc3fc 0x2cd134 0x313210b 0x319b321 0x90023d67
  16.667 TIGER-SAMPLE pid 0xa2d n 0x40 thread 0x5603 thread 0x5603 state-kr 0x0 pc 0x90024407 leaf semaphore_wait_signal_trap+0x7 frames: 0x90024407 0x364de 0x90023d67
  16.667 TIGER-SAMPLE pid 0xa2d n 0x40 thread 0x5c07 thread 0x5c07 state-kr 0x0 pc 0x90005204 leaf free+0x414 frames: 0x90005204 0x90004e2f 0x2cc149 0x2cc6bb 0x2cd134 0x313210b 0x319b321 0x90023d67
  16.668 TIGER-SAMPLE pid 0xa2d n 0x40 thread 0x5e07 thread 0x5e07 state-kr 0x0 pc 0x90024407 leaf semaphore_wait_signal_trap+0x7 frames: 0x90024407 0x915a96ab 0x915c3ddc 0x90023d67
  16.736 TIGER-SAMPLE pid 0xa31 n 0x3f main 0xd03 thread 0xd03 state-kr 0x0 pc 0x109895e22 leaf __semwait_signal+0xa frames: 0x109895e22 0x10409c9d5 0x103fcd562 0x10409fb49 0x10409ec36 0x10409e819 0x10004a16b 0x10000154c 0x100001461 0x3
  16.736 TIGER-SAMPLE pid 0xa31 n 0x3f thread 0xf03 thread 0xf03 state-kr 0x0 pc 0x1098dfe4e leaf mach_msg_trap+0xa frames: 0x1098dfe4e 0x100327902 0x109891e9e
  16.736 TIGER-SAMPLE pid 0xa31 n 0x3f thread 0x1103 thread 0x1103 state-kr 0x0 pc 0x109895e22 leaf __semwait_signal+0xa frames: 0x109895e22 0x10409c9d5 0x103fcd562 0x10409fb49 0x10409ec36 0x10409e819 0x104033bfe 0x10409c3f9 0x109891e9e
  16.736 TIGER-SAMPLE pid 0xa31 n 0x3f thread 0x2303 thread 0x2303 state-kr 0x0 pc 0x1098467e6 leaf poll+0xa frames: 0x1098467e6 0x104033bfe 0x10409c3f9 0x109891e9e
  16.737 TIGER-SAMPLE pid 0xa31 n 0x3f thread 0x2407 thread 0x2407 state-kr 0x0 pc 0x109895e22 leaf __semwait_signal+0xa frames: 0x109895e22 0x10409c9d5 0x103fcd562 0x10409fb49 0x10409ec36 0x10409e819 0x104033bfe 0x10409c3f9 0x109891e9e
  16.738 TIGER-SAMPLE pid 0xa31 n 0x3f thread 0x2503 thread 0x2503 state-kr 0x0 pc 0x109895e22 leaf __semwait_signal+0xa frames: 0x109895e22 0x10409c9d5 0x103fcd562 0x10409fb49 0x10409ec36 0x10409e819 0x104033bfe 0x10409c3f9 0x109891e9e
  16.738 TIGER-SAMPLE pid 0xa31 n 0x3f thread 0x2603 thread 0x2603 state-kr 0x0 pc 0x109895e22 leaf __semwait_signal+0xa frames: 0x109895e22 0x10409c9d5 0x103fcd562 0x10409fb49 0x10409ec36 0x10409e819 0x104033bfe 0x10409c3f9 0x109891e9e
  16.738 TIGER-SAMPLE pid 0xa31 n 0x3f thread 0x2703 thread 0x2703 state-kr 0x0 pc 0x109895e22 leaf __semwait_signal+0xa frames: 0x109895e22 0x10409c9d5 0x103fcd562 0x10409fb49 0x10409ec36 0x10409e819 0x104033bfe 0x10409c3f9 0x109891e9e
  16.738 TIGER-SAMPLE pid 0xa31 n 0x3f thread 0x2903 thread 0x2903 state-kr 0x0 pc 0x109895e22 leaf __semwait_signal+0xa frames: 0x109895e22 0x10409c9d5 0x103fcd562 0x10409fb49 0x10409ec36 0x10409e819 0x104033bfe 0x10409c3f9 0x109891e9e
  16.738 TIGER-SAMPLE pid 0xa31 n 0x3f thread 0x2a03 thread 0x2a03 state-kr 0x0 pc 0x1098467e6 leaf poll+0xa frames: 0x1098467e6 0x104033bfe 0x10409c3f9 0x109891e9e
  16.738 TIGER-SAMPLE pid 0xa31 n 0x3f thread 0x2b03 thread 0x2b03 state-kr 0x0 pc 0x1098467e6 leaf poll+0xa frames: 0x1098467e6 0x104388627 0x1043887ea 0x101f32ba7 0x101f3e971 0x104033bfe 0x10409c3f9 0x109891e9e
  16.738 TIGER-SAMPLE pid 0xa31 n 0x3f thread 0x3003 thread 0x3003 state-kr 0x0 pc 0x109895e22 leaf __semwait_signal+0xa frames: 0x109895e22 0x10409c9d5 0x103fcd562 0x10409fb49 0x10409ec36 0x10409e819 0x104033bfe 0x10409c3f9 0x109891e9e
  16.883 TIGER-SAMPLE pid 0xa30 n 0x3d main 0xd03 thread 0xd03 state-kr 0x0 pc 0x109a95e22 leaf __semwait_signal+0xa frames: 0x109a95e22 0x1042a1327 0x1041d56a2 0x1042a4329 0x1042a34a6 0x1042a3089 0x100046488 0x100001d0c 0x100001c21 0x3
  16.883 TIGER-SAMPLE pid 0xa30 n 0x3d thread 0xf03 thread 0xf03 state-kr 0x0 pc 0x109adfe4e leaf mach_msg_trap+0xa frames: 0x109adfe4e 0x10045c512 0x109a91e9e
  16.884 TIGER-SAMPLE pid 0xa30 n 0x3d thread 0x1103 thread 0x1103 state-kr 0x0 pc 0x109a95e22 leaf __semwait_signal+0xa frames: 0x109a95e22 0x1042a12e5 0x1041d56a2 0x1042a4329 0x1042a34a6 0x1042a3089 0x10423ab3e 0x1042a0d09 0x109a91e9e
  16.884 TIGER-SAMPLE pid 0xa30 n 0x3d thread 0x2303 thread 0x2303 state-kr 0x0 pc 0x109a95e22 leaf __semwait_signal+0xa frames: 0x109a95e22 0x1042a12e5 0x1041d56a2 0x1042a4329 0x1042a34a6 0x1042a3089 0x10423ab3e 0x1042a0d09 0x109a91e9e
  16.884 TIGER-SAMPLE pid 0xa30 n 0x3d thread 0x2403 thread 0x2403 state-kr 0x0 pc 0x109a95e22 leaf __semwait_signal+0xa frames: 0x109a95e22 0x1042a12e5 0x1041d56a2 0x1042a4329 0x1042a34a6 0x1042a3089 0x10423ab3e 0x1042a0d09 0x109a91e9e
  16.884 TIGER-SAMPLE pid 0xa30 n 0x3d thread 0x2503 thread 0x2503 state-kr 0x0 pc 0x109a467e6 leaf poll+0xa frames: 0x109a467e6 0x10423ab3e 0x1042a0d09 0x109a91e9e
  16.885 TIGER-SAMPLE pid 0xa30 n 0x3d thread 0x2603 thread 0x2603 state-kr 0x0 pc 0x109a95e22 leaf __semwait_signal+0xa frames: 0x109a95e22 0x1042a12e5 0x1041d56a2 0x1042a4329 0x1042a34a6 0x1042a3089 0x10423ab3e 0x1042a0d09 0x109a91e9e
  16.885 TIGER-SAMPLE pid 0xa30 n 0x3d thread 0x2703 thread 0x2703 state-kr 0x0 pc 0x109a467e6 leaf poll+0xa frames: 0x109a467e6 0x10423ab3e 0x1042a0d09 0x109a91e9e
  16.885 TIGER-SAMPLE pid 0xa30 n 0x3d thread 0x2807 thread 0x2807 state-kr 0x0 pc 0x109a95e22 leaf __semwait_signal+0xa frames: 0x109a95e22 0x1042a12e5 0x1041d56a2 0x1042a4329 0x1042a34a6 0x1042a3089 0x10423ab3e 0x1042a0d09 0x109a91e9e
  16.885 TIGER-SAMPLE pid 0xa30 n 0x3d thread 0x2903 thread 0x2903 state-kr 0x0 pc 0x109a95e22 leaf __semwait_signal+0xa frames: 0x109a95e22 0x1042a12e5 0x1041d56a2 0x1042a4329 0x1042a34a6 0x1042a3089 0x10423ab3e 0x1042a0d09 0x109a91e9e
  16.886 TIGER-SAMPLE pid 0xa30 n 0x3d thread 0x2a03 thread 0x2a03 state-kr 0x0 pc 0x109a95e22 leaf __semwait_signal+0xa frames: 0x109a95e22 0x1042a12e5 0x1041d56a2 0x1042a4329 0x1042a34a6 0x1042a3089 0x10423ab3e 0x1042a0d09 0x109a91e9e
  16.889 TIGER-SAMPLE pid 0xa30 n 0x3d thread 0x2b03 thread 0x2b03 state-kr 0x0 pc 0x109a46712 leaf recvmsg+0xa frames: 0x109a46712 0x10045e43e 0x10423ab3e 0x1042a0d09 0x109a91e9e
  16.890 TIGER-SAMPLE pid 0xa30 n 0x3d thread 0x2c03 thread 0x2c03 state-kr 0x0 pc 0x109a95e22 leaf __semwait_signal+0xa frames: 0x109a95e22 0x1042a12e5 0x1041d56a2 0x1042a4329 0x1042a34a6 0x1042a3089 0x10423ab3e 0x1042a0d09 0x109a91e9e
  16.891 TIGER-SAMPLE pid 0xa30 n 0x3d thread 0x2d03 thread 0x2d03 state-kr 0x0 pc 0x109a46712 leaf recvmsg+0xa frames: 0x109a46712 0x10045e43e 0x10423ab3e 0x1042a0d09 0x109a91e9e
  16.891 TIGER-SAMPLE pid 0xa30 n 0x3d thread 0x4103 thread 0x4103 state-kr 0x0 pc 0x109a95e22 leaf __semwait_signal+0xa frames: 0x109a95e22 0x1042a1327 0x1041d56a2 0x1041b2277 0x10423ab3e 0x1042a0d09 0x109a91e9e
  16.918 TIGER-SAMPLE pid 0xa2d n 0x41 main 0x117 thread 0x117 state-kr 0x0 pc 0x90009817 leaf mach_msg_trap+0x7 frames: 0x90009817 0x9082d227 0x9082ca42 0x92e06878 0x92e05f82 0x92e05dd9 0x9328cf45 0x9328cb37 0x932868c4 0x8af6 0x82f2 0x8219 0x5
  16.918 TIGER-SAMPLE pid 0xa2d n 0x41 thread 0x1203 thread 0x1203 state-kr 0x0 pc 0x90009817 leaf mach_msg_trap+0x7 frames: 0x90009817 0x2ca6d8 0x90023d67
  16.918 TIGER-SAMPLE pid 0xa2d n 0x41 thread 0x3207 thread 0x3207 state-kr 0x0 pc 0x90024407 leaf semaphore_wait_signal_trap+0x7 frames: 0x90024407 0x364de 0x90023d67
  16.919 TIGER-SAMPLE pid 0xa2d n 0x41 thread 0x3403 thread 0x3403 state-kr 0x0 pc 0x90024407 leaf semaphore_wait_signal_trap+0x7 frames: 0x90024407 0x364de 0x90023d67
  16.919 TIGER-SAMPLE pid 0xa2d n 0x41 thread 0x5103 thread 0x5103 state-kr 0x0 pc 0x900bc3fc leaf poll+0xc frames: 0x900bc3fc 0x2cd134 0x313210b 0x319b321 0x90023d67
  16.919 TIGER-SAMPLE pid 0xa2d n 0x41 thread 0x5203 thread 0x5203 state-kr 0x0 pc 0x90024407 leaf semaphore_wait_signal_trap+0x7 frames: 0x90024407 0x364de 0x90023d67
  16.920 TIGER-SAMPLE pid 0xa2d n 0x41 thread 0x5503 thread 0x5503 state-kr 0x0 pc 0x900bc3fc leaf poll+0xc frames: 0x900bc3fc 0x2cd134 0x313210b 0x319b321 0x90023d67
  16.920 TIGER-SAMPLE pid 0xa2d n 0x41 thread 0x5603 thread 0x5603 state-kr 0x0 pc 0x90024407 leaf semaphore_wait_signal_trap+0x7 frames: 0x90024407 0x364de 0x90023d67
  16.920 TIGER-SAMPLE pid 0xa2d n 0x41 thread 0x5c07 thread 0x5c07 state-kr 0x0 pc 0x9000859b leaf calloc+0x123c frames: 0x9000859b 0x900075bb 0x310b193 0x2cbe89 0x2cc6bb 0x2cd134 0x313210b 0x319b321 0x90023d67
  16.920 TIGER-SAMPLE pid 0xa2d n 0x41 thread 0x5e07 thread 0x5e07 state-kr 0x0 pc 0x90024407 leaf semaphore_wait_signal_trap+0x7 frames: 0x90024407 0x915a96ab 0x915c3ddc 0x90023d67
  16.988 TIGER-SAMPLE pid 0xa31 n 0x40 main 0xd03 thread 0xd03 state-kr 0x0 pc 0x109895e22 leaf __semwait_signal+0xa frames: 0x109895e22 0x10409c9d5 0x103fcd562 0x10409fb49 0x10409ec36 0x10409e819 0x10004a16b 0x10000154c 0x100001461 0x3
  16.988 TIGER-SAMPLE pid 0xa31 n 0x40 thread 0xf03 thread 0xf03 state-kr 0x0 pc 0x1098dfe4e leaf mach_msg_trap+0xa frames: 0x1098dfe4e 0x100327902 0x109891e9e
  16.989 TIGER-SAMPLE pid 0xa31 n 0x40 thread 0x1103 thread 0x1103 state-kr 0x0 pc 0x109895e22 leaf __semwait_signal+0xa frames: 0x109895e22 0x10409c9d5 0x103fcd562 0x10409fb49 0x10409ec36 0x10409e819 0x104033bfe 0x10409c3f9 0x109891e9e
  16.989 TIGER-SAMPLE pid 0xa31 n 0x40 thread 0x2303 thread 0x2303 state-kr 0x0 pc 0x1098467e6 leaf poll+0xa frames: 0x1098467e6 0x104033bfe 0x10409c3f9 0x109891e9e
  16.989 TIGER-SAMPLE pid 0xa31 n 0x40 thread 0x2407 thread 0x2407 state-kr 0x0 pc 0x109895e22 leaf __semwait_signal+0xa frames: 0x109895e22 0x10409c9d5 0x103fcd562 0x10409fb49 0x10409ec36 0x10409e819 0x104033bfe 0x10409c3f9 0x109891e9e
  16.989 TIGER-SAMPLE pid 0xa31 n 0x40 thread 0x2503 thread 0x2503 state-kr 0x0 pc 0x109895e22 leaf __semwait_signal+0xa frames: 0x109895e22 0x10409c9d5 0x103fcd562 0x10409fb49 0x10409ec36 0x10409e819 0x104033bfe 0x10409c3f9 0x109891e9e
  16.989 TIGER-SAMPLE pid 0xa31 n 0x40 thread 0x2603 thread 0x2603 state-kr 0x0 pc 0x109895e22 leaf __semwait_signal+0xa frames: 0x109895e22 0x10409c9d5 0x103fcd562 0x10409fb49 0x10409ec36 0x10409e819 0x104033bfe 0x10409c3f9 0x109891e9e
  16.990 TIGER-SAMPLE pid 0xa31 n 0x40 thread 0x2703 thread 0x2703 state-kr 0x0 pc 0x109895e22 leaf __semwait_signal+0xa frames: 0x109895e22 0x10409c9d5 0x103fcd562 0x10409fb49 0x10409ec36 0x10409e819 0x104033bfe 0x10409c3f9 0x109891e9e
  16.990 TIGER-SAMPLE pid 0xa31 n 0x40 thread 0x2903 thread 0x2903 state-kr 0x0 pc 0x109895e22 leaf __semwait_signal+0xa frames: 0x109895e22 0x10409c9d5 0x103fcd562 0x10409fb49 0x10409ec36 0x10409e819 0x104033bfe 0x10409c3f9 0x109891e9e
  16.990 TIGER-SAMPLE pid 0xa31 n 0x40 thread 0x2a03 thread 0x2a03 state-kr 0x0 pc 0x1098467e6 leaf poll+0xa frames: 0x1098467e6 0x104033bfe 0x10409c3f9 0x109891e9e
  16.990 TIGER-SAMPLE pid 0xa31 n 0x40 thread 0x2b03 thread 0x2b03 state-kr 0x0 pc 0x1098467e6 leaf poll+0xa frames: 0x1098467e6 0x104388627 0x1043887ea 0x101f32ba7 0x101f3e971 0x104033bfe 0x10409c3f9 0x109891e9e
  16.990 TIGER-SAMPLE pid 0xa31 n 0x40 thread 0x3003 thread 0x3003 state-kr 0x0 pc 0x109895e22 leaf __semwait_signal+0xa frames: 0x109895e22 0x10409c9d5 0x103fcd562 0x10409fb49 0x10409ec36 0x10409e819 0x104033bfe 0x10409c3f9 0x109891e9e
  17.141 TIGER-SAMPLE pid 0xa30 n 0x3e main 0xd03 thread 0xd03 state-kr 0x0 pc 0x109a95e22 leaf __semwait_signal+0xa frames: 0x109a95e22 0x1042a1327 0x1041d56a2 0x1042a4329 0x1042a34a6 0x1042a3089 0x100046488 0x100001d0c 0x100001c21 0x3
  17.141 TIGER-SAMPLE pid 0xa30 n 0x3e thread 0xf03 thread 0xf03 state-kr 0x0 pc 0x109adfe4e leaf mach_msg_trap+0xa frames: 0x109adfe4e 0x10045c512 0x109a91e9e
  17.142 TIGER-SAMPLE pid 0xa30 n 0x3e thread 0x1103 thread 0x1103 state-kr 0x0 pc 0x109a95e22 leaf __semwait_signal+0xa frames: 0x109a95e22 0x1042a12e5 0x1041d56a2 0x1042a4329 0x1042a34a6 0x1042a3089 0x10423ab3e 0x1042a0d09 0x109a91e9e
  17.142 TIGER-SAMPLE pid 0xa30 n 0x3e thread 0x2303 thread 0x2303 state-kr 0x0 pc 0x109a95e22 leaf __semwait_signal+0xa frames: 0x109a95e22 0x1042a12e5 0x1041d56a2 0x1042a4329 0x1042a34a6 0x1042a3089 0x10423ab3e 0x1042a0d09 0x109a91e9e
  17.142 TIGER-SAMPLE pid 0xa30 n 0x3e thread 0x2403 thread 0x2403 state-kr 0x0 pc 0x109a95e22 leaf __semwait_signal+0xa frames: 0x109a95e22 0x1042a12e5 0x1041d56a2 0x1042a4329 0x1042a34a6 0x1042a3089 0x10423ab3e 0x1042a0d09 0x109a91e9e
  17.142 TIGER-SAMPLE pid 0xa30 n 0x3e thread 0x2503 thread 0x2503 state-kr 0x0 pc 0x109a467e6 leaf poll+0xa frames: 0x109a467e6 0x10423ab3e 0x1042a0d09 0x109a91e9e
  17.143 TIGER-SAMPLE pid 0xa30 n 0x3e thread 0x2603 thread 0x2603 state-kr 0x0 pc 0x109a95e22 leaf __semwait_signal+0xa frames: 0x109a95e22 0x1042a12e5 0x1041d56a2 0x1042a4329 0x1042a34a6 0x1042a3089 0x10423ab3e 0x1042a0d09 0x109a91e9e
  17.143 TIGER-SAMPLE pid 0xa30 n 0x3e thread 0x2703 thread 0x2703 state-kr 0x0 pc 0x109a467e6 leaf poll+0xa frames: 0x109a467e6 0x10423ab3e 0x1042a0d09 0x109a91e9e
  17.143 TIGER-SAMPLE pid 0xa30 n 0x3e thread 0x2807 thread 0x2807 state-kr 0x0 pc 0x109a95e22 leaf __semwait_signal+0xa frames: 0x109a95e22 0x1042a12e5 0x1041d56a2 0x1042a4329 0x1042a34a6 0x1042a3089 0x10423ab3e 0x1042a0d09 0x109a91e9e
  17.143 TIGER-SAMPLE pid 0xa30 n 0x3e thread 0x2903 thread 0x2903 state-kr 0x0 pc 0x109a95e22 leaf __semwait_signal+0xa frames: 0x109a95e22 0x1042a12e5 0x1041d56a2 0x1042a4329 0x1042a34a6 0x1042a3089 0x10423ab3e 0x1042a0d09 0x109a91e9e
  17.144 TIGER-SAMPLE pid 0xa30 n 0x3e thread 0x2a03 thread 0x2a03 state-kr 0x0 pc 0x109a95e22 leaf __semwait_signal+0xa frames: 0x109a95e22 0x1042a12e5 0x1041d56a2 0x1042a4329 0x1042a34a6 0x1042a3089 0x10423ab3e 0x1042a0d09 0x109a91e9e
  17.144 TIGER-SAMPLE pid 0xa30 n 0x3e thread 0x2b03 thread 0x2b03 state-kr 0x0 pc 0x7fffffe0026d frames: 0x7fffffe0026d 0x109adafc8 0x1041bec11 0x10045dbf8 0x10045e43e 0x10423ab3e 0x1042a0d09 0x109a91e9e
  17.144 TIGER-SAMPLE pid 0xa30 n 0x3e thread 0x2c03 thread 0x2c03 state-kr 0x0 pc 0x109a95e22 leaf __semwait_signal+0xa frames: 0x109a95e22 0x1042a12e5 0x1041d56a2 0x1042a4329 0x1042a34a6 0x1042a3089 0x10423ab3e 0x1042a0d09 0x109a91e9e
  17.144 TIGER-SAMPLE pid 0xa30 n 0x3e thread 0x2d03 thread 0x2d03 state-kr 0x0 pc 0x109a46712 leaf recvmsg+0xa frames: 0x109a46712 0x10045e43e 0x10423ab3e 0x1042a0d09 0x109a91e9e
  17.145 TIGER-SAMPLE pid 0xa30 n 0x3e thread 0x4103 thread 0x4103 state-kr 0x0 pc 0x109a95e22 leaf __semwait_signal+0xa frames: 0x109a95e22 0x1042a1327 0x1041d56a2 0x1041b2277 0x10423ab3e 0x1042a0d09 0x109a91e9e
  17.171 TIGER-SAMPLE pid 0xa2d n 0x42 main 0x117 thread 0x117 state-kr 0x0 pc 0x90009817 leaf mach_msg_trap+0x7 frames: 0x90009817 0x9082d227 0x9082ca42 0x92e06878 0x92e05f82 0x92e05dd9 0x9328cf45 0x9328cb37 0x932868c4 0x8af6 0x82f2 0x8219 0x5
  17.171 TIGER-SAMPLE pid 0xa2d n 0x42 thread 0x1203 thread 0x1203 state-kr 0x0 pc 0x90009817 leaf mach_msg_trap+0x7 frames: 0x90009817 0x2ca6d8 0x90023d67
  17.172 TIGER-SAMPLE pid 0xa2d n 0x42 thread 0x3207 thread 0x3207 state-kr 0x0 pc 0x90024407 leaf semaphore_wait_signal_trap+0x7 frames: 0x90024407 0x364de 0x90023d67
  17.172 TIGER-SAMPLE pid 0xa2d n 0x42 thread 0x3403 thread 0x3403 state-kr 0x0 pc 0x90024407 leaf semaphore_wait_signal_trap+0x7 frames: 0x90024407 0x364de 0x90023d67
  17.172 TIGER-SAMPLE pid 0xa2d n 0x42 thread 0x5103 thread 0x5103 state-kr 0x0 pc 0x900bc3fc leaf poll+0xc frames: 0x900bc3fc 0x2cd134 0x313210b 0x319b321 0x90023d67
  17.172 TIGER-SAMPLE pid 0xa2d n 0x42 thread 0x5203 thread 0x5203 state-kr 0x0 pc 0x90024407 leaf semaphore_wait_signal_trap+0x7 frames: 0x90024407 0x364de 0x90023d67
  17.173 TIGER-SAMPLE pid 0xa2d n 0x42 thread 0x5503 thread 0x5503 state-kr 0x0 pc 0x900bc3fc leaf poll+0xc frames: 0x900bc3fc 0x2cd134 0x313210b 0x319b321 0x90023d67
  17.173 TIGER-SAMPLE pid 0xa2d n 0x42 thread 0x5603 thread 0x5603 state-kr 0x0 pc 0x90024407 leaf semaphore_wait_signal_trap+0x7 frames: 0x90024407 0x364de 0x90023d67
  17.173 TIGER-SAMPLE pid 0xa2d n 0x42 thread 0x5c07 thread 0x5c07 state-kr 0x0 pc 0x900265fc leaf recvmsg+0xc frames: 0x900265fc 0x2cc6bb 0x2cd134 0x313210b 0x319b321 0x90023d67
  17.173 TIGER-SAMPLE pid 0xa2d n 0x42 thread 0x5e07 thread 0x5e07 state-kr 0x0 pc 0x90024407 leaf semaphore_wait_signal_trap+0x7 frames: 0x90024407 0x915a96ab 0x915c3ddc 0x90023d67
  17.241 TIGER-SAMPLE pid 0xa31 n 0x41 main 0xd03 thread 0xd03 state-kr 0x0 pc 0x109895e22 leaf __semwait_signal+0xa frames: 0x109895e22 0x10409c9d5 0x103fcd562 0x10409fb49 0x10409ec36 0x10409e819 0x10004a16b 0x10000154c 0x100001461 0x3
  17.241 TIGER-SAMPLE pid 0xa31 n 0x41 thread 0xf03 thread 0xf03 state-kr 0x0 pc 0x1098dfe4e leaf mach_msg_trap+0xa frames: 0x1098dfe4e 0x100327902 0x109891e9e
  17.241 TIGER-SAMPLE pid 0xa31 n 0x41 thread 0x1103 thread 0x1103 state-kr 0x0 pc 0x109895e22 leaf __semwait_signal+0xa frames: 0x109895e22 0x10409c9d5 0x103fcd562 0x10409fb49 0x10409ec36 0x10409e819 0x104033bfe 0x10409c3f9 0x109891e9e
  17.241 TIGER-SAMPLE pid 0xa31 n 0x41 thread 0x2303 thread 0x2303 state-kr 0x0 pc 0x1098467e6 leaf poll+0xa frames: 0x1098467e6 0x104033bfe 0x10409c3f9 0x109891e9e
  17.242 TIGER-SAMPLE pid 0xa31 n 0x41 thread 0x2407 thread 0x2407 state-kr 0x0 pc 0x109895e22 leaf __semwait_signal+0xa frames: 0x109895e22 0x10409c9d5 0x103fcd562 0x10409fb49 0x10409ec36 0x10409e819 0x104033bfe 0x10409c3f9 0x109891e9e
  17.242 TIGER-SAMPLE pid 0xa31 n 0x41 thread 0x2503 thread 0x2503 state-kr 0x0 pc 0x109895e22 leaf __semwait_signal+0xa frames: 0x109895e22 0x10409c9d5 0x103fcd562 0x10409fb49 0x10409ec36 0x10409e819 0x104033bfe 0x10409c3f9 0x109891e9e
  17.242 TIGER-SAMPLE pid 0xa31 n 0x41 thread 0x2603 thread 0x2603 state-kr 0x0 pc 0x109895e22 leaf __semwait_signal+0xa frames: 0x109895e22 0x10409c9d5 0x103fcd562 0x10409fb49 0x10409ec36 0x10409e819 0x104033bfe 0x10409c3f9 0x109891e9e
  17.242 TIGER-SAMPLE pid 0xa31 n 0x41 thread 0x2703 thread 0x2703 state-kr 0x0 pc 0x109895e22 leaf __semwait_signal+0xa frames: 0x109895e22 0x10409c9d5 0x103fcd562 0x10409fb49 0x10409ec36 0x10409e819 0x104033bfe 0x10409c3f9 0x109891e9e
  17.243 TIGER-SAMPLE pid 0xa31 n 0x41 thread 0x2903 thread 0x2903 state-kr 0x0 pc 0x109895e22 leaf __semwait_signal+0xa frames: 0x109895e22 0x10409c9d5 0x103fcd562 0x10409fb49 0x10409ec36 0x10409e819 0x104033bfe 0x10409c3f9 0x109891e9e
  17.243 TIGER-SAMPLE pid 0xa31 n 0x41 thread 0x2a03 thread 0x2a03 state-kr 0x0 pc 0x1098467e6 leaf poll+0xa frames: 0x1098467e6 0x104033bfe 0x10409c3f9 0x109891e9e
  17.243 TIGER-SAMPLE pid 0xa31 n 0x41 thread 0x2b03 thread 0x2b03 state-kr 0x0 pc 0x1098467e6 leaf poll+0xa frames: 0x1098467e6 0x104388627 0x1043887ea 0x101f32ba7 0x101f3e971 0x104033bfe 0x10409c3f9 0x109891e9e
  17.243 TIGER-SAMPLE pid 0xa31 n 0x41 thread 0x3003 thread 0x3003 state-kr 0x0 pc 0x109895e22 leaf __semwait_signal+0xa frames: 0x109895e22 0x10409c9d5 0x103fcd562 0x10409fb49 0x10409ec36 0x10409e819 0x104033bfe 0x10409c3f9 0x109891e9e
  17.395 TIGER-SAMPLE pid 0xa30 n 0x3f main 0xd03 thread 0xd03 state-kr 0x0 pc 0x109a95e22 leaf __semwait_signal+0xa frames: 0x109a95e22 0x1042a1327 0x1041d56a2 0x1042a4329 0x1042a34a6 0x1042a3089 0x100046488 0x100001d0c 0x100001c21 0x3
  17.395 TIGER-SAMPLE pid 0xa30 n 0x3f thread 0xf03 thread 0xf03 state-kr 0x0 pc 0x109adfe4e leaf mach_msg_trap+0xa frames: 0x109adfe4e 0x10045c512 0x109a91e9e
  17.395 TIGER-SAMPLE pid 0xa30 n 0x3f thread 0x1103 thread 0x1103 state-kr 0x0 pc 0x109a95e22 leaf __semwait_signal+0xa frames: 0x109a95e22 0x1042a12e5 0x1041d56a2 0x1042a4329 0x1042a34a6 0x1042a3089 0x10423ab3e 0x1042a0d09 0x109a91e9e
  17.395 TIGER-SAMPLE pid 0xa30 n 0x3f thread 0x2303 thread 0x2303 state-kr 0x0 pc 0x109a95e22 leaf __semwait_signal+0xa frames: 0x109a95e22 0x1042a12e5 0x1041d56a2 0x1042a4329 0x1042a34a6 0x1042a3089 0x10423ab3e 0x1042a0d09 0x109a91e9e
  17.396 TIGER-SAMPLE pid 0xa30 n 0x3f thread 0x2403 thread 0x2403 state-kr 0x0 pc 0x109a95e22 leaf __semwait_signal+0xa frames: 0x109a95e22 0x1042a12e5 0x1041d56a2 0x1042a4329 0x1042a34a6 0x1042a3089 0x10423ab3e 0x1042a0d09 0x109a91e9e
  17.396 TIGER-SAMPLE pid 0xa30 n 0x3f thread 0x2503 thread 0x2503 state-kr 0x0 pc 0x109a467e6 leaf poll+0xa frames: 0x109a467e6 0x10423ab3e 0x1042a0d09 0x109a91e9e
  17.396 TIGER-SAMPLE pid 0xa30 n 0x3f thread 0x2603 thread 0x2603 state-kr 0x0 pc 0x109a95e22 leaf __semwait_signal+0xa frames: 0x109a95e22 0x1042a12e5 0x1041d56a2 0x1042a4329 0x1042a34a6 0x1042a3089 0x10423ab3e 0x1042a0d09 0x109a91e9e
  17.396 TIGER-SAMPLE pid 0xa30 n 0x3f thread 0x2703 thread 0x2703 state-kr 0x0 pc 0x109a467e6 leaf poll+0xa frames: 0x109a467e6 0x10423ab3e 0x1042a0d09 0x109a91e9e
  17.397 TIGER-SAMPLE pid 0xa30 n 0x3f thread 0x2807 thread 0x2807 state-kr 0x0 pc 0x109a95e22 leaf __semwait_signal+0xa frames: 0x109a95e22 0x1042a12e5 0x1041d56a2 0x1042a4329 0x1042a34a6 0x1042a3089 0x10423ab3e 0x1042a0d09 0x109a91e9e
  17.397 TIGER-SAMPLE pid 0xa30 n 0x3f thread 0x2903 thread 0x2903 state-kr 0x0 pc 0x109a95e22 leaf __semwait_signal+0xa frames: 0x109a95e22 0x1042a12e5 0x1041d56a2 0x1042a4329 0x1042a34a6 0x1042a3089 0x10423ab3e 0x1042a0d09 0x109a91e9e
  17.397 TIGER-SAMPLE pid 0xa30 n 0x3f thread 0x2a03 thread 0x2a03 state-kr 0x0 pc 0x109a95e22 leaf __semwait_signal+0xa frames: 0x109a95e22 0x1042a12e5 0x1041d56a2 0x1042a4329 0x1042a34a6 0x1042a3089 0x10423ab3e 0x1042a0d09 0x109a91e9e
  17.397 TIGER-SAMPLE pid 0xa30 n 0x3f thread 0x2b03 thread 0x2b03 state-kr 0x0 pc 0x109a46712 leaf recvmsg+0xa frames: 0x109a46712 0x10045e43e 0x10423ab3e 0x1042a0d09 0x109a91e9e
  17.398 TIGER-SAMPLE pid 0xa30 n 0x3f thread 0x2c03 thread 0x2c03 state-kr 0x0 pc 0x109a95e22 leaf __semwait_signal+0xa frames: 0x109a95e22 0x1042a12e5 0x1041d56a2 0x1042a4329 0x1042a34a6 0x1042a3089 0x10423ab3e 0x1042a0d09 0x109a91e9e
  17.418 TIGER-SAMPLE pid 0xa30 n 0x3f thread 0x2d03 thread 0x2d03 state-kr 0x0 pc 0x109a46712 leaf recvmsg+0xa frames: 0x109a46712 0x10045e43e 0x10423ab3e 0x1042a0d09 0x109a91e9e
  17.418 TIGER-SAMPLE pid 0xa30 n 0x3f thread 0x4103 thread 0x4103 state-kr 0x0 pc 0x109a95e22 leaf __semwait_signal+0xa frames: 0x109a95e22 0x1042a1327 0x1041d56a2 0x1041b2277 0x10423ab3e 0x1042a0d09 0x109a91e9e
  17.424 TIGER-SAMPLE pid 0xa2d n 0x43 main 0x117 thread 0x117 state-kr 0x0 pc 0x90009817 leaf mach_msg_trap+0x7 frames: 0x90009817 0x9082d227 0x9082ca42 0x92e06878 0x92e05f82 0x92e05dd9 0x9328cf45 0x9328cb37 0x932868c4 0x8af6 0x82f2 0x8219 0x5
  17.424 TIGER-SAMPLE pid 0xa2d n 0x43 thread 0x1203 thread 0x1203 state-kr 0x0 pc 0x90009817 leaf mach_msg_trap+0x7 frames: 0x90009817 0x2ca6d8 0x90023d67
  17.424 TIGER-SAMPLE pid 0xa2d n 0x43 thread 0x3207 thread 0x3207 state-kr 0x0 pc 0x90024407 leaf semaphore_wait_signal_trap+0x7 frames: 0x90024407 0x364de 0x90023d67
  17.425 TIGER-SAMPLE pid 0xa2d n 0x43 thread 0x3403 thread 0x3403 state-kr 0x0 pc 0x90024407 leaf semaphore_wait_signal_trap+0x7 frames: 0x90024407 0x364de 0x90023d67
  17.425 TIGER-SAMPLE pid 0xa2d n 0x43 thread 0x5103 thread 0x5103 state-kr 0x0 pc 0x900bc3fc leaf poll+0xc frames: 0x900bc3fc 0x2cd134 0x313210b 0x319b321 0x90023d67
  17.425 TIGER-SAMPLE pid 0xa2d n 0x43 thread 0x5203 thread 0x5203 state-kr 0x0 pc 0x90024407 leaf semaphore_wait_signal_trap+0x7 frames: 0x90024407 0x364de 0x90023d67
  17.425 TIGER-SAMPLE pid 0xa2d n 0x43 thread 0x5503 thread 0x5503 state-kr 0x0 pc 0x900bc3fc leaf poll+0xc frames: 0x900bc3fc 0x2cd134 0x313210b 0x319b321 0x90023d67
  17.426 TIGER-SAMPLE pid 0xa2d n 0x43 thread 0x5603 thread 0x5603 state-kr 0x0 pc 0x90024407 leaf semaphore_wait_signal_trap+0x7 frames: 0x90024407 0x364de 0x90023d67
  17.426 TIGER-SAMPLE pid 0xa2d n 0x43 thread 0x5c07 thread 0x5c07 state-kr 0x0 pc 0x900265fc leaf recvmsg+0xc frames: 0x900265fc 0x2cc6bb 0x2cd134 0x313210b 0x319b321 0x90023d67
  17.426 TIGER-SAMPLE pid 0xa2d n 0x43 thread 0x5e07 thread 0x5e07 state-kr 0x0 pc 0x90024407 leaf semaphore_wait_signal_trap+0x7 frames: 0x90024407 0x915a96ab 0x915c3ddc 0x90023d67
  17.494 TIGER-SAMPLE pid 0xa31 n 0x42 main 0xd03 thread 0xd03 state-kr 0x0 pc 0x109895e22 leaf __semwait_signal+0xa frames: 0x109895e22 0x10409c9d5 0x103fcd562 0x10409fb49 0x10409ec36 0x10409e819 0x10004a16b 0x10000154c 0x100001461 0x3
  17.494 TIGER-SAMPLE pid 0xa31 n 0x42 thread 0xf03 thread 0xf03 state-kr 0x0 pc 0x1098dfe4e leaf mach_msg_trap+0xa frames: 0x1098dfe4e 0x100327902 0x109891e9e
  17.494 TIGER-SAMPLE pid 0xa31 n 0x42 thread 0x1103 thread 0x1103 state-kr 0x0 pc 0x109895e22 leaf __semwait_signal+0xa frames: 0x109895e22 0x10409c9d5 0x103fcd562 0x10409fb49 0x10409ec36 0x10409e819 0x104033bfe 0x10409c3f9 0x109891e9e
  17.494 TIGER-SAMPLE pid 0xa31 n 0x42 thread 0x2303 thread 0x2303 state-kr 0x0 pc 0x1098467e6 leaf poll+0xa frames: 0x1098467e6 0x104033bfe 0x10409c3f9 0x109891e9e
  17.495 TIGER-SAMPLE pid 0xa31 n 0x42 thread 0x2407 thread 0x2407 state-kr 0x0 pc 0x109895e22 leaf __semwait_signal+0xa frames: 0x109895e22 0x10409c9d5 0x103fcd562 0x10409fb49 0x10409ec36 0x10409e819 0x104033bfe 0x10409c3f9 0x109891e9e
  17.495 TIGER-SAMPLE pid 0xa31 n 0x42 thread 0x2503 thread 0x2503 state-kr 0x0 pc 0x109895e22 leaf __semwait_signal+0xa frames: 0x109895e22 0x10409c9d5 0x103fcd562 0x10409fb49 0x10409ec36 0x10409e819 0x104033bfe 0x10409c3f9 0x109891e9e
  17.495 TIGER-SAMPLE pid 0xa31 n 0x42 thread 0x2603 thread 0x2603 state-kr 0x0 pc 0x109895e22 leaf __semwait_signal+0xa frames: 0x109895e22 0x10409c9d5 0x103fcd562 0x10409fb49 0x10409ec36 0x10409e819 0x104033bfe 0x10409c3f9 0x109891e9e
  17.495 TIGER-SAMPLE pid 0xa31 n 0x42 thread 0x2703 thread 0x2703 state-kr 0x0 pc 0x109895e22 leaf __semwait_signal+0xa frames: 0x109895e22 0x10409c9d5 0x103fcd562 0x10409fb49 0x10409ec36 0x10409e819 0x104033bfe 0x10409c3f9 0x109891e9e
  17.496 TIGER-SAMPLE pid 0xa31 n 0x42 thread 0x2903 thread 0x2903 state-kr 0x0 pc 0x109895e22 leaf __semwait_signal+0xa frames: 0x109895e22 0x10409c9d5 0x103fcd562 0x10409fb49 0x10409ec36 0x10409e819 0x104033bfe 0x10409c3f9 0x109891e9e
  17.496 TIGER-SAMPLE pid 0xa31 n 0x42 thread 0x2a03 thread 0x2a03 state-kr 0x0 pc 0x1098467e6 leaf poll+0xa frames: 0x1098467e6 0x104033bfe 0x10409c3f9 0x109891e9e
  17.496 TIGER-SAMPLE pid 0xa31 n 0x42 thread 0x2b03 thread 0x2b03 state-kr 0x0 pc 0x1098467e6 leaf poll+0xa frames: 0x1098467e6 0x104388627 0x1043887ea 0x101f32ba7 0x101f3e971 0x104033bfe 0x10409c3f9 0x109891e9e
  17.496 TIGER-SAMPLE pid 0xa31 n 0x42 thread 0x3003 thread 0x3003 state-kr 0x0 pc 0x109895e22 leaf __semwait_signal+0xa frames: 0x109895e22 0x10409c9d5 0x103fcd562 0x10409fb49 0x10409ec36 0x10409e819 0x104033bfe 0x10409c3f9 0x109891e9e
  17.668 TIGER-SAMPLE pid 0xa30 n 0x40 main 0xd03 thread 0xd03 state-kr 0x0 pc 0x109a95e22 leaf __semwait_signal+0xa frames: 0x109a95e22 0x1042a1327 0x1041d56a2 0x1042a4329 0x1042a34a6 0x1042a3089 0x100046488 0x100001d0c 0x100001c21 0x3
  17.669 TIGER-SAMPLE pid 0xa30 n 0x40 thread 0xf03 thread 0xf03 state-kr 0x0 pc 0x109adfe4e leaf mach_msg_trap+0xa frames: 0x109adfe4e 0x10045c512 0x109a91e9e
  17.669 TIGER-SAMPLE pid 0xa30 n 0x40 thread 0x1103 thread 0x1103 state-kr 0x0 pc 0x109a95e22 leaf __semwait_signal+0xa frames: 0x109a95e22 0x1042a12e5 0x1041d56a2 0x1042a4329 0x1042a34a6 0x1042a3089 0x10423ab3e 0x1042a0d09 0x109a91e9e
  17.669 TIGER-SAMPLE pid 0xa30 n 0x40 thread 0x2303 thread 0x2303 state-kr 0x0 pc 0x109a95e22 leaf __semwait_signal+0xa frames: 0x109a95e22 0x1042a12e5 0x1041d56a2 0x1042a4329 0x1042a34a6 0x1042a3089 0x10423ab3e 0x1042a0d09 0x109a91e9e
  17.669 TIGER-SAMPLE pid 0xa30 n 0x40 thread 0x2403 thread 0x2403 state-kr 0x0 pc 0x109a95e22 leaf __semwait_signal+0xa frames: 0x109a95e22 0x1042a12e5 0x1041d56a2 0x1042a4329 0x1042a34a6 0x1042a3089 0x10423ab3e 0x1042a0d09 0x109a91e9e
  17.670 TIGER-SAMPLE pid 0xa30 n 0x40 thread 0x2503 thread 0x2503 state-kr 0x0 pc 0x109a467e6 leaf poll+0xa frames: 0x109a467e6 0x10423ab3e 0x1042a0d09 0x109a91e9e
  17.670 TIGER-SAMPLE pid 0xa30 n 0x40 thread 0x2603 thread 0x2603 state-kr 0x0 pc 0x109a95e22 leaf __semwait_signal+0xa frames: 0x109a95e22 0x1042a12e5 0x1041d56a2 0x1042a4329 0x1042a34a6 0x1042a3089 0x10423ab3e 0x1042a0d09 0x109a91e9e
  17.670 TIGER-SAMPLE pid 0xa30 n 0x40 thread 0x2703 thread 0x2703 state-kr 0x0 pc 0x109a467e6 leaf poll+0xa frames: 0x109a467e6 0x10423ab3e 0x1042a0d09 0x109a91e9e
  17.670 TIGER-SAMPLE pid 0xa30 n 0x40 thread 0x2807 thread 0x2807 state-kr 0x0 pc 0x109a95e22 leaf __semwait_signal+0xa frames: 0x109a95e22 0x1042a12e5 0x1041d56a2 0x1042a4329 0x1042a34a6 0x1042a3089 0x10423ab3e 0x1042a0d09 0x109a91e9e
  17.671 TIGER-SAMPLE pid 0xa30 n 0x40 thread 0x2903 thread 0x2903 state-kr 0x0 pc 0x109a95e22 leaf __semwait_signal+0xa frames: 0x109a95e22 0x1042a12e5 0x1041d56a2 0x1042a4329 0x1042a34a6 0x1042a3089 0x10423ab3e 0x1042a0d09 0x109a91e9e
  17.671 TIGER-SAMPLE pid 0xa30 n 0x40 thread 0x2a03 thread 0x2a03 state-kr 0x0 pc 0x109a95e22 leaf __semwait_signal+0xa frames: 0x109a95e22 0x1042a12e5 0x1041d56a2 0x1042a4329 0x1042a34a6 0x1042a3089 0x10423ab3e 0x1042a0d09 0x109a91e9e
  17.671 TIGER-SAMPLE pid 0xa30 n 0x40 thread 0x2b03 thread 0x2b03 state-kr 0x0 pc 0x109a46712 leaf recvmsg+0xa frames: 0x109a46712 0x10045e43e 0x10423ab3e 0x1042a0d09 0x109a91e9e
  17.671 TIGER-SAMPLE pid 0xa30 n 0x40 thread 0x2c03 thread 0x2c03 state-kr 0x0 pc 0x109a95e22 leaf __semwait_signal+0xa frames: 0x109a95e22 0x1042a12e5 0x1041d56a2 0x1042a4329 0x1042a34a6 0x1042a3089 0x10423ab3e 0x1042a0d09 0x109a91e9e
  17.677 TIGER-SAMPLE pid 0xa2d n 0x44 main 0x117 thread 0x117 state-kr 0x0 pc 0x90009817 leaf mach_msg_trap+0x7 frames: 0x90009817 0x9082d227 0x9082ca42 0x92e06878 0x92e05f82 0x92e05dd9 0x9328cf45 0x9328cb37 0x932868c4 0x8af6 0x82f2 0x8219 0x5
  17.677 TIGER-SAMPLE pid 0xa2d n 0x44 thread 0x1203 thread 0x1203 state-kr 0x0 pc 0x90009817 leaf mach_msg_trap+0x7 frames: 0x90009817 0x2ca6d8 0x90023d67
  17.677 TIGER-SAMPLE pid 0xa2d n 0x44 thread 0x3207 thread 0x3207 state-kr 0x0 pc 0x90024407 leaf semaphore_wait_signal_trap+0x7 frames: 0x90024407 0x364de 0x90023d67
  17.678 TIGER-SAMPLE pid 0xa2d n 0x44 thread 0x3403 thread 0x3403 state-kr 0x0 pc 0x90024407 leaf semaphore_wait_signal_trap+0x7 frames: 0x90024407 0x364de 0x90023d67
  17.678 TIGER-SAMPLE pid 0xa2d n 0x44 thread 0x5103 thread 0x5103 state-kr 0x0 pc 0x900bc3fc leaf poll+0xc frames: 0x900bc3fc 0x2cd134 0x313210b 0x319b321 0x90023d67
  17.678 TIGER-SAMPLE pid 0xa2d n 0x44 thread 0x5203 thread 0x5203 state-kr 0x0 pc 0x90024407 leaf semaphore_wait_signal_trap+0x7 frames: 0x90024407 0x364de 0x90023d67
  17.679 TIGER-SAMPLE pid 0xa2d n 0x44 thread 0x5503 thread 0x5503 state-kr 0x0 pc 0x900bc3fc leaf poll+0xc frames: 0x900bc3fc 0x2cd134 0x313210b 0x319b321 0x90023d67
  17.679 TIGER-SAMPLE pid 0xa2d n 0x44 thread 0x5603 thread 0x5603 state-kr 0x0 pc 0x90024407 leaf semaphore_wait_signal_trap+0x7 frames: 0x90024407 0x364de 0x90023d67
  17.679 TIGER-SAMPLE pid 0xa2d n 0x44 thread 0x5c07 thread 0x5c07 state-kr 0x0 pc 0x900265fc leaf recvmsg+0xc frames: 0x900265fc 0x2cc6bb 0x2cd134 0x313210b 0x319b321 0x90023d67
  17.679 TIGER-SAMPLE pid 0xa30 n 0x40 thread 0x2d03TIGER-SAMPLE pid 0xa2d thread 0x2d03 state-kr 0x0 n 0x44 thread 0x5e07 thread  pc 0x5e07 state-kr 0x00x109aa7062 pc 0x90024407 leaf malloc_jumpstart+0x3b7 frames: 0x109aa7062 0x10045df8e 0x10045e43e 0x10423ab3e 0x1042a0d09 0x109a91e9e leaf 
  17.679 semaphore_wait_signal_trap+0x7 frames: TIGER-SAMPLE pid 0x900244070xa30 n 0x40 0x915a96ab 0x915c3ddc 0x90023d67
  17.680  thread 0x4103 thread 0x4103 state-kr 0x0 pc 0x109a95e22 leaf __semwait_signal+0xa frames: 0x109a95e22 0x1042a1327 0x1041d56a2 0x1041b2277 0x10423ab3e 0x1042a0d09 0x109a91e9e
  17.747 TIGER-SAMPLE pid 0xa31 n 0x43 main 0xd03 thread 0xd03 state-kr 0x0 pc 0x109895e22 leaf __semwait_signal+0xa frames: 0x109895e22 0x10409c9d5 0x103fcd562 0x10409fb49 0x10409ec36 0x10409e819 0x10004a16b 0x10000154c 0x100001461 0x3
  17.747 TIGER-SAMPLE pid 0xa31 n 0x43 thread 0xf03 thread 0xf03 state-kr 0x0 pc 0x1098dfe4e leaf mach_msg_trap+0xa frames: 0x1098dfe4e 0x100327902 0x109891e9e
  17.747 TIGER-SAMPLE pid 0xa31 n 0x43 thread 0x1103 thread 0x1103 state-kr 0x0 pc 0x109895e22 leaf __semwait_signal+0xa frames: 0x109895e22 0x10409c9d5 0x103fcd562 0x10409fb49 0x10409ec36 0x10409e819 0x104033bfe 0x10409c3f9 0x109891e9e
  17.747 TIGER-SAMPLE pid 0xa31 n 0x43 thread 0x2303 thread 0x2303 state-kr 0x0 pc 0x1098467e6 leaf poll+0xa frames: 0x1098467e6 0x104033bfe 0x10409c3f9 0x109891e9e
  17.747 TIGER-SAMPLE pid 0xa31 n 0x43 thread 0x2407 thread 0x2407 state-kr 0x0 pc 0x109895e22 leaf __semwait_signal+0xa frames: 0x109895e22 0x10409c9d5 0x103fcd562 0x10409fb49 0x10409ec36 0x10409e819 0x104033bfe 0x10409c3f9 0x109891e9e
  17.748 TIGER-SAMPLE pid 0xa31 n 0x43 thread 0x2503 thread 0x2503 state-kr 0x0 pc 0x109895e22 leaf __semwait_signal+0xa frames: 0x109895e22 0x10409c9d5 0x103fcd562 0x10409fb49 0x10409ec36 0x10409e819 0x104033bfe 0x10409c3f9 0x109891e9e
  17.748 TIGER-SAMPLE pid 0xa31 n 0x43 thread 0x2603 thread 0x2603 state-kr 0x0 pc 0x109895e22 leaf __semwait_signal+0xa frames: 0x109895e22 0x10409c9d5 0x103fcd562 0x10409fb49 0x10409ec36 0x10409e819 0x104033bfe 0x10409c3f9 0x109891e9e
  17.748 TIGER-SAMPLE pid 0xa31 n 0x43 thread 0x2703 thread 0x2703 state-kr 0x0 pc 0x109895e22 leaf __semwait_signal+0xa frames: 0x109895e22 0x10409c9d5 0x103fcd562 0x10409fb49 0x10409ec36 0x10409e819 0x104033bfe 0x10409c3f9 0x109891e9e
  17.748 TIGER-SAMPLE pid 0xa31 n 0x43 thread 0x2903 thread 0x2903 state-kr 0x0 pc 0x109895e22 leaf __semwait_signal+0xa frames: 0x109895e22 0x10409c9d5 0x103fcd562 0x10409fb49 0x10409ec36 0x10409e819 0x104033bfe 0x10409c3f9 0x109891e9e
  17.749 TIGER-SAMPLE pid 0xa31 n 0x43 thread 0x2a03 thread 0x2a03 state-kr 0x0 pc 0x1098467e6 leaf poll+0xa frames: 0x1098467e6 0x104033bfe 0x10409c3f9 0x109891e9e
  17.749 TIGER-SAMPLE pid 0xa31 n 0x43 thread 0x2b03 thread 0x2b03 state-kr 0x0 pc 0x1098467e6 leaf poll+0xa frames: 0x1098467e6 0x104388627 0x1043887ea 0x101f32ba7 0x101f3e971 0x104033bfe 0x10409c3f9 0x109891e9e
  17.749 TIGER-SAMPLE pid 0xa31 n 0x43 thread 0x3003 thread 0x3003 state-kr 0x0 pc 0x109895e22 leaf __semwait_signal+0xa frames: 0x109895e22 0x10409c9d5 0x103fcd562 0x10409fb49 0x10409ec36 0x10409e819 0x104033bfe 0x10409c3f9 0x109891e9e
  17.930 TIGER-SAMPLE pid 0xa2d n 0x45 main 0x117 thread 0x117 state-kr 0x0 pc 0x90009817 leaf mach_msg_trapTIGER-SAMPLE pid +0xa300x7 n  frames:0x41 main 0xd03  thread 0xd030x90009817 0x9082d227  state-kr 0x9082ca42 0x00x92e06878 pc  0x109a95e220x92e05f82 0x92e05dd9 0x9328cf45 0x9328cb37 0x932868c4 0x8af6 0x82f2 0x8219 0x5 leaf 
  17.930 __semwait_signal+0xa frames: 0x109a95e22 0x1042a1327 0x1041d56a2 0x1042a4329TIGER-SAMPLE pid  0x1042a34a6 0xa2d n 0x45 thread 0x1203 thread 0x1042a30890x1203  state-kr 0x100046488 0x100001d0c0x0 pc 0x90009817 0x100001c21 0x3
  17.930 TIGER-SAMPLE pid 0xa30 n 0x41 thread 0xf03 thread 0xf03 state-kr 0x0 pc 0x109adfe4e leaf mach_msg_trap+0x7 frames: 0x90009817 0x2ca6d8 0x90023d67
  17.930  leaf mach_msg_trap+0xa frames: 0x109adfe4e 0x10045c512 TIGER-SAMPLE pid 0xa2d n 0x45 thread 0x3207 thread 0x3207 state-kr 0x0 pc 0x109a91e9e0x90024407
  17.930 TIGER-SAMPLE pid 0xa30 n 0x41 thread 0x1103 thread 0x1103 state-kr 0x0 pc 0x109a95e22 leaf semaphore_wait_signal_trap+0x7 frames: 0x90024407 leaf __semwait_signal+0xa 0x364de 0x90023d67
  17.931  frames: TIGER-SAMPLE pid 0x109a95e22 0x1042a12e50xa2d  n 0x450x1041d56a2 0x1042a4329  thread 0x34030x1042a34a6  thread 0x1042a3089 0x10423ab3e0x3403 0x1042a0d09  state-kr 0x109a91e9e0x0
  17.931  pc 0x90024407TIGER-SAMPLE pid 0xa30 n 0x41 thread 0x2303 thread 0x2303 state-kr 0x0 pc 0x109a95e22 leaf semaphore_wait_signal_trap+0x7 frames: leaf __semwait_signal 0x90024407 0x364de 0x90023d67
  17.931 TIGER-SAMPLE pid 0xa2d n 0x45 thread 0x5103+0xa frames: 0x109a95e22  thread 0x1042a12e50x5103  state-kr 0x1041d56a20x0 0x1042a4329  pc 0x1042a34a60x900bc3fc 0x1042a3089 0x10423ab3e 0x1042a0d09 0x109a91e9e
  17.931 TIGER-SAMPLE pid 0xa30 n 0x41 thread 0x2403 thread 0x2403 state-kr 0x0 pc 0x109a95e22 leaf poll+0xc frames: 0x900bc3fc leaf __semwait_signal +0xa frames: 0x109a95e22 0x2cd134 0x313210b 0x319b321 0x1042a12e50x90023d67 
  17.931 0x1041d56a2 0x1042a4329 0x1042a34a6 0x1042a3089 0x10423ab3e 0x1042a0d09 0x109a91e9eTIGER-SAMPLE pid 0xa2d n 0x45 thread 0x5203 thread 0x5203 state-kr 0x0 pc 0x90024407
  17.931 TIGER-SAMPLE pid 0xa30 n 0x41 thread 0x2503 thread 0x2503 state-kr 0x0 pc 0x109a467e6 leaf semaphore_wait_signal_trap+0x7 frames: 0x90024407 0x364de 0x90023d67
  17.931  leaf poll+TIGER-SAMPLE pid 0xa2d n 0x45 thread 0x5503 thread 0x5503 state-kr 0x00xa frames: pc 0x900bc3fc 0x109a467e6 0x10423ab3e 0x1042a0d09 0x109a91e9e
  17.931 TIGER-SAMPLE pid 0xa30 n 0x41 thread 0x2603 thread 0x2603 state-kr 0x0 pc 0x109a95e22 leaf poll+0xc frames: 0x900bc3fc 0x2cd134 0x313210b leaf __semwait_signal +0xa frames:0x319b321 0x90023d67
  17.932  TIGER-SAMPLE pid 0xa2d0x109a95e22 n 0x45 thread 0x5603  thread 0x56030x1042a12e5 0x1041d56a2  state-kr 0x1042a43290x0  pc 0x1042a34a60x90024407 0x1042a3089 0x10423ab3e 0x1042a0d09 0x109a91e9e
  17.932 TIGER-SAMPLE pid 0xa30 n 0x41 thread 0x2703 thread 0x2703 state-kr 0x0 pc 0x109a467e6 leaf semaphore_wait_signal_trap+0x7 frames: 0x90024407 0x364de 0x90023d67
  17.932  leaf poll+0xa frames: 0x109a467e6 0x10423ab3e 0x1042a0d09 TIGER-SAMPLE pid 0x109a91e9e0xa2d n 0x45
  17.932  thread 0x5c07TIGER-SAMPLE pid 0xa30 n  thread 0x5c070x41 state-kr 0x0 pc 0x310b211 thread 0x2807 thread 0x2807 state-kr 0x0 pc 0x109a95e22 leaf __semwait_signal+0xa frames: 0x109a95e22 0x1042a12e5 0x1041d56a2 0x1042a4329 0x1042a34a6 0x1042a3089 0x10423ab3e 0x1042a0d09 0x109a91e9e
  17.932 TIGER-SAMPLE pid 0xa30 n 0x41 thread 0x2903 thread 0x2903 state-kr 0x0 pc 0x109a95e22 leaf __semwait_signal+0xa frames: 0x109a95e22 0x1042a12e5 0x1041d56a2 0x1042a4329 0x1042a34a6 0x1042a3089 0x10423ab3e 0x1042a0d09 0x109a91e9e
  17.932 TIGER-SAMPLE pid 0xa30 n 0x41 thread 0x2a03 thread 0x2a03 state-kr 0x0 pc 0x109a95e22 leaf __semwait_signal+0xa frames: 0x109a95e22 0x1042a12e5 0x1041d56a2 0x1042a4329 0x1042a34a6 0x1042a3089 0x10423ab3e 0x1042a0d09 0x109a91e9e
  17.933 TIGER-SAMPLE pid 0xa30 n 0x41 thread 0x2b03 thread 0x2b03 state-kr 0x0 pc 0x109a46712 leaf recvmsg+0xa frames: 0x109a46712 0x10045e43e 0x10423ab3e 0x1042a0d09 0x109a91e9e
  17.933 TIGER-SAMPLE pid 0xa30 n 0x41 thread 0x2c03 thread 0x2c03 state-kr 0x0 pc 0x109a95e22 leaf __semwait_signal+0xa frames: 0x109a95e22 0x1042a12e5 0x1041d56a2 0x1042a4329 0x1042a34a6 0x1042a3089 0x10423ab3e 0x1042a0d09 0x109a91e9e
  17.935  leaf _ZN3WTF8fastFreeEPv+0x1 frames:TIGER-SAMPLE pid 0xa30 n 0x41  thread0x310b211  0x2d030x2cc6bb 0x2cd134 thread  0x2d03 state-kr 0x0 pc 0x313210b0x109a46712 0x319b321 0x90023d67
  17.935 TIGER-SAMPLE pid 0xa2d n 0x45 thread leaf recvmsg 0x5e07+ thread 0x5e070xa state-kr  frames: 0x00x109a46712 0x10045e43e  pc 0x10423ab3e0x90024407 0x1042a0d09 0x109a91e9e
  17.935 TIGER-SAMPLE pid 0xa30 n 0x41 thread 0x4103 thread 0x4103 state-kr 0x0 pc 0x109a95e22 leaf semaphore_wait_signal_trap+0x7 frames: 0x90024407 leaf  0x915a96ab 0x915c3ddc 0x90023d67
  17.935 __semwait_signal+0xa frames: 0x109a95e22 0x1042a1327 0x1041d56a2 0x1041b2277 0x10423ab3e 0x1042a0d09 0x109a91e9e
  17.999 TIGER-SAMPLE pid 0xa31 n 0x44 main 0xd03 thread 0xd03 state-kr 0x0 pc 0x109895e22 leaf __semwait_signal+0xa frames: 0x109895e22 0x10409c9d5 0x103fcd562 0x10409fb49 0x10409ec36 0x10409e819 0x10004a16b 0x10000154c 0x100001461 0x3
  18.000 TIGER-SAMPLE pid 0xa31 n 0x44 thread 0xf03 thread 0xf03 state-kr 0x0 pc 0x1098dfe4e leaf mach_msg_trap+0xa frames: 0x1098dfe4e 0x100327902 0x109891e9e
  18.000 TIGER-SAMPLE pid 0xa31 n 0x44 thread 0x1103 thread 0x1103 state-kr 0x0 pc 0x109895e22 leaf __semwait_signal+0xa frames: 0x109895e22 0x10409c9d5 0x103fcd562 0x10409fb49 0x10409ec36 0x10409e819 0x104033bfe 0x10409c3f9 0x109891e9e
  18.000 TIGER-SAMPLE pid 0xa31 n 0x44 thread 0x2303 thread 0x2303 state-kr 0x0 pc 0x1098467e6 leaf poll+0xa frames: 0x1098467e6 0x104033bfe 0x10409c3f9 0x109891e9e
  18.000 TIGER-SAMPLE pid 0xa31 n 0x44 thread 0x2407 thread 0x2407 state-kr 0x0 pc 0x109895e22 leaf __semwait_signal+0xa frames: 0x109895e22 0x10409c9d5 0x103fcd562 0x10409fb49 0x10409ec36 0x10409e819 0x104033bfe 0x10409c3f9 0x109891e9e
  18.000 TIGER-SAMPLE pid 0xa31 n 0x44 thread 0x2503 thread 0x2503 state-kr 0x0 pc 0x109895e22 leaf __semwait_signal+0xa frames: 0x109895e22 0x10409c9d5 0x103fcd562 0x10409fb49 0x10409ec36 0x10409e819 0x104033bfe 0x10409c3f9 0x109891e9e
  18.001 TIGER-SAMPLE pid 0xa31 n 0x44 thread 0x2603 thread 0x2603 state-kr 0x0 pc 0x109895e22 leaf __semwait_signal+0xa frames: 0x109895e22 0x10409c9d5 0x103fcd562 0x10409fb49 0x10409ec36 0x10409e819 0x104033bfe 0x10409c3f9 0x109891e9e
  18.001 TIGER-SAMPLE pid 0xa31 n 0x44 thread 0x2703 thread 0x2703 state-kr 0x0 pc 0x109895e22 leaf __semwait_signal+0xa frames: 0x109895e22 0x10409c9d5 0x103fcd562 0x10409fb49 0x10409ec36 0x10409e819 0x104033bfe 0x10409c3f9 0x109891e9e
  18.001 TIGER-SAMPLE pid 0xa31 n 0x44 thread 0x2903 thread 0x2903 state-kr 0x0 pc 0x109895e22 leaf __semwait_signal+0xa frames: 0x109895e22 0x10409c9d5 0x103fcd562 0x10409fb49 0x10409ec36 0x10409e819 0x104033bfe 0x10409c3f9 0x109891e9e
  18.001 TIGER-SAMPLE pid 0xa31 n 0x44 thread 0x2a03 thread 0x2a03 state-kr 0x0 pc 0x1098467e6 leaf poll+0xa frames: 0x1098467e6 0x104033bfe 0x10409c3f9 0x109891e9e
  18.002 TIGER-SAMPLE pid 0xa31 n 0x44 thread 0x2b03 thread 0x2b03 state-kr 0x0 pc 0x1098467e6 leaf poll+0xa frames: 0x1098467e6 0x104388627 0x1043887ea 0x101f32ba7 0x101f3e971 0x104033bfe 0x10409c3f9 0x109891e9e
  18.002 TIGER-SAMPLE pid 0xa31 n 0x44 thread 0x3003 thread 0x3003 state-kr 0x0 pc 0x109895e22 leaf __semwait_signal+0xa frames: 0x109895e22 0x10409c9d5 0x103fcd562 0x10409fb49 0x10409ec36 0x10409e819 0x104033bfe 0x10409c3f9 0x109891e9e
  18.187 TIGER-SAMPLE pid 0xa2d n 0x46 main 0x117 thread 0x117 state-kr 0x0 pc 0x90009817 leaf mach_msg_trap+0x7 frames: 0x90009817 0x9082d227 0x9082ca42 0x92e06878 0x92e05f82 0x92e05dd9 0x9328cf45 0x9328cb37 0x932868c4 0x8af6 0x82f2 0x8219 0x5
  18.187 TIGER-SAMPLE pid 0xa2d n 0x46 thread 0x1203 thread 0x1203 state-kr 0x0 pc 0x90009817 leaf mach_msg_trap+0x7 frames: 0x90009817 0x2ca6d8 0x90023d67
  18.187 TIGER-SAMPLE pid 0xa2d n 0x46 thread 0x3207 thread 0x3207 state-kr 0x0 pc 0x90024407 leaf semaphore_wait_signal_trap+0x7 frames: 0x90024407 0x364de 0x90023d67
  18.187 TIGER-SAMPLE pid 0xa2d n 0x46 thread 0x3403 thread 0x3403 state-kr 0x0 pc 0x90024407 leaf semaphore_wait_signal_trap+0x7 frames: 0x90024407 0x364de 0x90023d67
  18.187 TIGER-SAMPLE pid 0xa2d n 0x46 thread 0x5103 thread 0x5103 state-kr 0x0 pc 0x900bc3fc leaf poll+0xc frames: 0x900bc3fc 0x2cd134 0x313210b 0x319b321 0x90023d67
  18.187 TIGER-SAMPLE pid 0xa2d n 0x46 thread 0x5203 thread 0x5203 state-kr 0x0 pc 0x90024407 leaf semaphore_wait_signal_trap+0x7 frames: 0x90024407 0x364de 0x90023d67TIGER-SAMPLE pid 
  18.187 0xa30 n 0x42 main 0xd03 thread 0xd03 state-kr TIGER-SAMPLE pid 0x0 pc 0x109a95e220xa2d n 0x46 thread 0x5503 thread 0x5503 leaf __semwait_signal+0xa frames: state-kr 0x0 pc 0x900bc3fc 0x109a95e22 0x1042a1327 0x1041d56a2 0x1042a4329 0x1042a34a6 0x1042a3089 0x100046488 0x100001d0c 0x100001c21  leaf poll+0xc frames: 0x30x900bc3fc
  18.187  0x2cd134 TIGER-SAMPLE pid 0x313210b0xa30 n  0x319b321 0x90023d67
  18.187 0x42TIGER-SAMPLE pid  thread 0xa2d0xf03 n 0x46 thread 0xf03 thread state-kr 0x0 pc 0x109adfe4e 0x5603 thread 0x5603 state-kr 0x0 pc 0x90024407 leaf mach_msg_trap+0xa frames: 0x109adfe4e 0x10045c512 0x109a91e9e
  18.188 TIGER-SAMPLE pid 0xa30 n 0x42 thread 0x1103 thread 0x1103 state-kr 0x0 pc 0x109a95e22 leaf semaphore_wait_signal_trap+0x7 frames: 0x90024407  leaf 0x364de 0x90023d67
  18.188 __semwait_signal+0xa frames: 0x109a95e22 0x1042a12e5 0x1041d56a2 0x1042a4329 0x1042a34a6 0x1042a3089 0x10423ab3e 0x1042a0d09 0x109a91e9e
  18.188 TIGER-SAMPLE pid 0xa30 n 0x42 thread 0x2303 thread 0x2303 state-kr 0x0TIGER-SAMPLE pid 0xa2d n 0x46 thread pc  0x109a95e220x5c07 thread 0x5c07 state-kr 0x0 pc 0x900265fc leaf __semwait_signal+0xa frames: 0x109a95e22 0x1042a12e5 0x1041d56a2 0x1042a4329 0x1042a34a6 0x1042a3089 0x10423ab3e 0x1042a0d09 0x109a91e9e
  18.188  leaf TIGER-SAMPLE pid recvmsg+0xc frames: 0x900265fc 0x2cc6bb 0xa30 n 0x2cd134 0x420x313210b thread  0x319b3210x2403  thread 0x24030x90023d67 state-kr 0x0
  18.188  pc 0x109a95e22TIGER-SAMPLE pid 0xa2d n 0x46 thread 0x5e07 thread 0x5e07 leaf  state-kr __semwait_signal+0x00xa frames: 0x109a95e22  pc 0x90024407 leaf semaphore_wait_signal_trap+0x1042a12e50x7 frames:  0x1041d56a2 0x900244070x1042a4329 0x1042a34a6 0x915a96ab  0x1042a30890x915c3ddc  0x10423ab3e0x90023d67
  18.188  0x1042a0d09 0x109a91e9e
  18.188 TIGER-SAMPLE pid 0xa30 n 0x42 thread 0x2503 thread 0x2503 state-kr 0x0 pc 0x109a467e6 leaf poll+0xa frames: 0x109a467e6 0x10423ab3e 0x1042a0d09 0x109a91e9e
  18.189 TIGER-SAMPLE pid 0xa30 n 0x42 thread 0x2603 thread 0x2603 state-kr 0x0 pc 0x109a95e22 leaf __semwait_signal+0xa frames: 0x109a95e22 0x1042a12e5 0x1041d56a2 0x1042a4329 0x1042a34a6 0x1042a3089 0x10423ab3e 0x1042a0d09 0x109a91e9e
  18.189 TIGER-SAMPLE pid 0xa30 n 0x42 thread 0x2703 thread 0x2703 state-kr 0x0 pc 0x109a467e6 leaf poll+0xa frames: 0x109a467e6 0x10423ab3e 0x1042a0d09 0x109a91e9e
  18.189 TIGER-SAMPLE pid 0xa30 n 0x42 thread 0x2807 thread 0x2807 state-kr 0x0 pc 0x109a95e22 leaf __semwait_signal+0xa frames: 0x109a95e22 0x1042a12e5 0x1041d56a2 0x1042a4329 0x1042a34a6 0x1042a3089 0x10423ab3e 0x1042a0d09 0x109a91e9e
  18.189 TIGER-SAMPLE pid 0xa30 n 0x42 thread 0x2903 thread 0x2903 state-kr 0x0 pc 0x109a95e22 leaf __semwait_signal+0xa frames: 0x109a95e22 0x1042a12e5 0x1041d56a2 0x1042a4329 0x1042a34a6 0x1042a3089 0x10423ab3e 0x1042a0d09 0x109a91e9e
  18.190 TIGER-SAMPLE pid 0xa30 n 0x42 thread 0x2a03 thread 0x2a03 state-kr 0x0 pc 0x109a95e22 leaf __semwait_signal+0xa frames: 0x109a95e22 0x1042a12e5 0x1041d56a2 0x1042a4329 0x1042a34a6 0x1042a3089 0x10423ab3e 0x1042a0d09 0x109a91e9e
  18.191 TIGER-SAMPLE pid 0xa30 n 0x42 thread 0x2b03 thread 0x2b03 state-kr 0x0 pc 0x109a46712 leaf recvmsg+0xa frames: 0x109a46712 0x10045e43e 0x10423ab3e 0x1042a0d09 0x109a91e9e
  18.191 TIGER-SAMPLE pid 0xa30 n 0x42 thread 0x2c03 thread 0x2c03 state-kr 0x0 pc 0x109a95e22 leaf __semwait_signal+0xa frames: 0x109a95e22 0x1042a12e5 0x1041d56a2 0x1042a4329 0x1042a34a6 0x1042a3089 0x10423ab3e 0x1042a0d09 0x109a91e9e
  18.199 TIGER-SAMPLE pid 0xa30 n 0x42 thread 0x2d03 thread 0x2d03 state-kr 0x0 pc 0x109a46712 leaf recvmsg+0xa frames: 0x109a46712 0x10045e43e 0x10423ab3e 0x1042a0d09 0x109a91e9e
  18.200 TIGER-SAMPLE pid 0xa30 n 0x42 thread 0x4103 thread 0x4103 state-kr 0x0 pc 0x109a95e22 leaf __semwait_signal+0xa frames: 0x109a95e22 0x1042a1327 0x1041d56a2 0x1041b2277 0x10423ab3e 0x1042a0d09 0x109a91e9e
  18.252 TIGER-SAMPLE pid 0xa31 n 0x45 main 0xd03 thread 0xd03 state-kr 0x0 pc 0x109895e22 leaf __semwait_signal+0xa frames: 0x109895e22 0x10409c9d5 0x103fcd562 0x10409fb49 0x10409ec36 0x10409e819 0x10004a16b 0x10000154c 0x100001461 0x3
  18.252 TIGER-SAMPLE pid 0xa31 n 0x45 thread 0xf03 thread 0xf03 state-kr 0x0 pc 0x1098dfe4e leaf mach_msg_trap+0xa frames: 0x1098dfe4e 0x100327902 0x109891e9e
  18.253 TIGER-SAMPLE pid 0xa31 n 0x45 thread 0x1103 thread 0x1103 state-kr 0x0 pc 0x109895e22 leaf __semwait_signal+0xa frames: 0x109895e22 0x10409c9d5 0x103fcd562 0x10409fb49 0x10409ec36 0x10409e819 0x104033bfe 0x10409c3f9 0x109891e9e
  18.253 TIGER-SAMPLE pid 0xa31 n 0x45 thread 0x2303 thread 0x2303 state-kr 0x0 pc 0x1098467e6 leaf poll+0xa frames: 0x1098467e6 0x104033bfe 0x10409c3f9 0x109891e9e
  18.253 TIGER-SAMPLE pid 0xa31 n 0x45 thread 0x2407 thread 0x2407 state-kr 0x0 pc 0x109895e22 leaf __semwait_signal+0xa frames: 0x109895e22 0x10409c9d5 0x103fcd562 0x10409fb49 0x10409ec36 0x10409e819 0x104033bfe 0x10409c3f9 0x109891e9e
  18.253 TIGER-SAMPLE pid 0xa31 n 0x45 thread 0x2503 thread 0x2503 state-kr 0x0 pc 0x109895e22 leaf __semwait_signal+0xa frames: 0x109895e22 0x10409c9d5 0x103fcd562 0x10409fb49 0x10409ec36 0x10409e819 0x104033bfe 0x10409c3f9 0x109891e9e
  18.253 TIGER-SAMPLE pid 0xa31 n 0x45 thread 0x2603 thread 0x2603 state-kr 0x0 pc 0x109895e22 leaf __semwait_signal+0xa frames: 0x109895e22 0x10409c9d5 0x103fcd562 0x10409fb49 0x10409ec36 0x10409e819 0x104033bfe 0x10409c3f9 0x109891e9e
  18.254 TIGER-SAMPLE pid 0xa31 n 0x45 thread 0x2703 thread 0x2703 state-kr 0x0 pc 0x109895e22 leaf __semwait_signal+0xa frames: 0x109895e22 0x10409c9d5 0x103fcd562 0x10409fb49 0x10409ec36 0x10409e819 0x104033bfe 0x10409c3f9 0x109891e9e
  18.254 TIGER-SAMPLE pid 0xa31 n 0x45 thread 0x2903 thread 0x2903 state-kr 0x0 pc 0x109895e22 leaf __semwait_signal+0xa frames: 0x109895e22 0x10409c9d5 0x103fcd562 0x10409fb49 0x10409ec36 0x10409e819 0x104033bfe 0x10409c3f9 0x109891e9e
  18.254 TIGER-SAMPLE pid 0xa31 n 0x45 thread 0x2a03 thread 0x2a03 state-kr 0x0 pc 0x1098467e6 leaf poll+0xa frames: 0x1098467e6 0x104033bfe 0x10409c3f9 0x109891e9e
  18.254 TIGER-SAMPLE pid 0xa31 n 0x45 thread 0x2b03 thread 0x2b03 state-kr 0x0 pc 0x1098467e6 leaf poll+0xa frames: 0x1098467e6 0x104388627 0x1043887ea 0x101f32ba7 0x101f3e971 0x104033bfe 0x10409c3f9 0x109891e9e
  18.255 TIGER-SAMPLE pid 0xa31 n 0x45 thread 0x3003 thread 0x3003 state-kr 0x0 pc 0x109895e22 leaf __semwait_signal+0xa frames: 0x109895e22 0x10409c9d5 0x103fcd562 0x10409fb49 0x10409ec36 0x10409e819 0x104033bfe 0x10409c3f9 0x109891e9e
  18.439 TIGER-SAMPLE pid 0xa2d n 0x47 main 0x117 thread 0x117 state-kr 0x0 pc 0x90009817 leaf mach_msg_trap+0x7 frames: 0x90009817 0x9082d227 0x9082ca42 0x92e06878 0x92e05f82 0x92e05dd9 0x9328cf45 0x9328cb37 0x932868c4 0x8af6 0x82f2 0x8219 0x5
  18.439 TIGER-SAMPLE pid 0xa2d n 0x47 thread 0x1203 thread 0x1203 state-kr 0x0 pc 0x90009817 leaf mach_msg_trap+0x7 frames: 0x90009817 0x2ca6d8 0x90023d67
  18.439 TIGER-SAMPLE pid 0xa2d n 0x47 thread 0x3207 thread 0x3207 state-kr 0x0 pc 0x90024407 leaf semaphore_wait_signal_trap+0x7 frames: 0x90024407 0x364de 0x90023d67
  18.439 TIGER-SAMPLE pid 0xa2d n 0x47 thread 0x3403 thread 0x3403 state-kr 0x0 pc 0x90024407 leaf semaphore_wait_signal_trap+0x7 frames: 0x90024407 0x364de 0x90023d67
  18.440 TIGER-SAMPLE pid 0xa2d n 0x47 thread 0x5103 thread 0x5103 state-kr 0x0 pc 0x900bc3fc leaf poll+0xc frames: 0x900bc3fc 0x2cd134 0x313210b 0x319b321 0x90023d67
  18.440 TIGER-SAMPLE pid 0xa2d n 0x47 thread 0x5203 thread 0x5203 state-kr 0x0 pc 0x90024407 leaf semaphore_wait_signal_trap+0x7 frames: 0x90024407 0x364de 0x90023d67
  18.440 TIGER-SAMPLE pid 0xa2d n 0x47 thread 0x5503 thread 0x5503 state-kr 0x0 pc 0x900bc3fc leaf poll+0xc frames: 0x900bc3fc 0x2cd134 0x313210b 0x319b321 0x90023d67
  18.440 TIGER-SAMPLE pid 0xa2d n 0x47 thread 0x5603 thread 0x5603 state-kr 0x0 pc 0x90024407 leaf semaphore_wait_signal_trap+0x7 frames: 0x90024407 0x364de 0x90023d67
  18.441 TIGER-SAMPLE pid 0xa2d n 0x47 thread 0x5c07 thread 0x5c07 state-kr 0x0 pc 0x900265fc leaf recvmsg+0xc frames: 0x900265fc 0x2cc6bb 0x2cd134 0x313210b 0x319b321 0x90023d67
  18.441 TIGER-SAMPLE pid 0xa2d n 0x47 thread 0x5e07 thread 0x5e07 state-kr 0x0 pc 0x90024407 leaf semaphore_wait_signal_trap+0x7 frames: 0x90024407 0x915a96ab 0x915c3ddc 0x90023d67
  18.450 TIGER-SAMPLE pid 0xa30 n 0x43 main 0xd03 thread 0xd03 state-kr 0x0 pc 0x109a95e22 leaf __semwait_signal+0xa frames: 0x109a95e22 0x1042a1327 0x1041d56a2 0x1042a4329 0x1042a34a6 0x1042a3089 0x100046488 0x100001d0c 0x100001c21 0x3
  18.450 TIGER-SAMPLE pid 0xa30 n 0x43 thread 0xf03 thread 0xf03 state-kr 0x0 pc 0x109adfe4e leaf mach_msg_trap+0xa frames: 0x109adfe4e 0x10045c512 0x109a91e9e
  18.450 TIGER-SAMPLE pid 0xa30 n 0x43 thread 0x1103 thread 0x1103 state-kr 0x0 pc 0x109a95e22 leaf __semwait_signal+0xa frames: 0x109a95e22 0x1042a12e5 0x1041d56a2 0x1042a4329 0x1042a34a6 0x1042a3089 0x10423ab3e 0x1042a0d09 0x109a91e9e
  18.451 TIGER-SAMPLE pid 0xa30 n 0x43 thread 0x2303 thread 0x2303 state-kr 0x0 pc 0x109a95e22 leaf __semwait_signal+0xa frames: 0x109a95e22 0x1042a12e5 0x1041d56a2 0x1042a4329 0x1042a34a6 0x1042a3089 0x10423ab3e 0x1042a0d09 0x109a91e9e
  18.451 TIGER-SAMPLE pid 0xa30 n 0x43 thread 0x2403 thread 0x2403 state-kr 0x0 pc 0x109a95e22 leaf __semwait_signal+0xa frames: 0x109a95e22 0x1042a12e5 0x1041d56a2 0x1042a4329 0x1042a34a6 0x1042a3089 0x10423ab3e 0x1042a0d09 0x109a91e9e
  18.451 TIGER-SAMPLE pid 0xa30 n 0x43 thread 0x2503 thread 0x2503 state-kr 0x0 pc 0x109a467e6 leaf poll+0xa frames: 0x109a467e6 0x10423ab3e 0x1042a0d09 0x109a91e9e
  18.451 TIGER-SAMPLE pid 0xa30 n 0x43 thread 0x2603 thread 0x2603 state-kr 0x0 pc 0x109a95e22 leaf __semwait_signal+0xa frames: 0x109a95e22 0x1042a12e5 0x1041d56a2 0x1042a4329 0x1042a34a6 0x1042a3089 0x10423ab3e 0x1042a0d09 0x109a91e9e
  18.452 TIGER-SAMPLE pid 0xa30 n 0x43 thread 0x2703 thread 0x2703 state-kr 0x0 pc 0x109a467e6 leaf poll+0xa frames: 0x109a467e6 0x10423ab3e 0x1042a0d09 0x109a91e9e
  18.452 TIGER-SAMPLE pid 0xa30 n 0x43 thread 0x2807 thread 0x2807 state-kr 0x0 pc 0x109a95e22 leaf __semwait_signal+0xa frames: 0x109a95e22 0x1042a12e5 0x1041d56a2 0x1042a4329 0x1042a34a6 0x1042a3089 0x10423ab3e 0x1042a0d09 0x109a91e9e
  18.452 TIGER-SAMPLE pid 0xa30 n 0x43 thread 0x2903 thread 0x2903 state-kr 0x0 pc 0x109a95e22 leaf __semwait_signal+0xa frames: 0x109a95e22 0x1042a12e5 0x1041d56a2 0x1042a4329 0x1042a34a6 0x1042a3089 0x10423ab3e 0x1042a0d09 0x109a91e9e
  18.452 TIGER-SAMPLE pid 0xa30 n 0x43 thread 0x2a03 thread 0x2a03 state-kr 0x0 pc 0x109a95e22 leaf __semwait_signal+0xa frames: 0x109a95e22 0x1042a12e5 0x1041d56a2 0x1042a4329 0x1042a34a6 0x1042a3089 0x10423ab3e 0x1042a0d09 0x109a91e9e
  18.467 TIGER-SAMPLE pid 0xa30 n 0x43 thread 0x2b03 thread 0x2b03 state-kr 0x0 pc 0x109a46712 leaf recvmsg+0xa frames: 0x109a46712 0x10045e43e 0x10423ab3e 0x1042a0d09 0x109a91e9e
  18.468 TIGER-SAMPLE pid 0xa30 n 0x43 thread 0x2c03 thread 0x2c03 state-kr 0x0 pc 0x109a95e22 leaf __semwait_signal+0xa frames: 0x109a95e22 0x1042a12e5 0x1041d56a2 0x1042a4329 0x1042a34a6 0x1042a3089 0x10423ab3e 0x1042a0d09 0x109a91e9e
  18.481 TIGER-SAMPLE pid 0xa30 n 0x43 thread 0x2d03 thread 0x2d03 state-kr 0x0 pc 0x109aa70a0 leaf malloc_jumpstart+0x3f5 frames: 0x109aa70a0 0x109adb2e0 0x10045df8e 0x10045e43e 0x10423ab3e 0x1042a0d09 0x109a91e9e
  18.482 TIGER-SAMPLE pid 0xa30 n 0x43 thread 0x4103 thread 0x4103 state-kr 0x0 pc 0x109a95e22 leaf __semwait_signal+0xa frames: 0x109a95e22 0x1042a1327 0x1041d56a2 0x1041b2277 0x10423ab3e 0x1042a0d09 0x109a91e9e
  18.505 TIGER-SAMPLE pid 0xa31 n 0x46 main 0xd03 thread 0xd03 state-kr 0x0 pc 0x109895e22 leaf __semwait_signal+0xa frames: 0x109895e22 0x10409c9d5 0x103fcd562 0x10409fb49 0x10409ec36 0x10409e819 0x10004a16b 0x10000154c 0x100001461 0x3
  18.505 TIGER-SAMPLE pid 0xa31 n 0x46 thread 0xf03 thread 0xf03 state-kr 0x0 pc 0x1098dfe4e leaf mach_msg_trap+0xa frames: 0x1098dfe4e 0x100327902 0x109891e9e
  18.505 TIGER-SAMPLE pid 0xa31 n 0x46 thread 0x1103 thread 0x1103 state-kr 0x0 pc 0x109895e22 leaf __semwait_signal+0xa frames: 0x109895e22 0x10409c9d5 0x103fcd562 0x10409fb49 0x10409ec36 0x10409e819 0x104033bfe 0x10409c3f9 0x109891e9e
  18.506 TIGER-SAMPLE pid 0xa31 n 0x46 thread 0x2303 thread 0x2303 state-kr 0x0 pc 0x1098467e6 leaf poll+0xa frames: 0x1098467e6 0x104033bfe 0x10409c3f9 0x109891e9e
  18.506 TIGER-SAMPLE pid 0xa31 n 0x46 thread 0x2407 thread 0x2407 state-kr 0x0 pc 0x109895e22 leaf __semwait_signal+0xa frames: 0x109895e22 0x10409c9d5 0x103fcd562 0x10409fb49 0x10409ec36 0x10409e819 0x104033bfe 0x10409c3f9 0x109891e9e
  18.507 TIGER-SAMPLE pid 0xa31 n 0x46 thread 0x2503 thread 0x2503 state-kr 0x0 pc 0x109895e22 leaf __semwait_signal+0xa frames: 0x109895e22 0x10409c9d5 0x103fcd562 0x10409fb49 0x10409ec36 0x10409e819 0x104033bfe 0x10409c3f9 0x109891e9e
  18.507 TIGER-SAMPLE pid 0xa31 n 0x46 thread 0x2603 thread 0x2603 state-kr 0x0 pc 0x109895e22 leaf __semwait_signal+0xa frames: 0x109895e22 0x10409c9d5 0x103fcd562 0x10409fb49 0x10409ec36 0x10409e819 0x104033bfe 0x10409c3f9 0x109891e9e
  18.507 TIGER-SAMPLE pid 0xa31 n 0x46 thread 0x2703 thread 0x2703 state-kr 0x0 pc 0x109895e22 leaf __semwait_signal+0xa frames: 0x109895e22 0x10409c9d5 0x103fcd562 0x10409fb49 0x10409ec36 0x10409e819 0x104033bfe 0x10409c3f9 0x109891e9e
  18.507 TIGER-SAMPLE pid 0xa31 n 0x46 thread 0x2903 thread 0x2903 state-kr 0x0 pc 0x109895e22 leaf __semwait_signal+0xa frames: 0x109895e22 0x10409c9d5 0x103fcd562 0x10409fb49 0x10409ec36 0x10409e819 0x104033bfe 0x10409c3f9 0x109891e9e
  18.507 TIGER-SAMPLE pid 0xa31 n 0x46 thread 0x2a03 thread 0x2a03 state-kr 0x0 pc 0x1098467e6 leaf poll+0xa frames: 0x1098467e6 0x104033bfe 0x10409c3f9 0x109891e9e
  18.507 TIGER-SAMPLE pid 0xa31 n 0x46 thread 0x2b03 thread 0x2b03 state-kr 0x0 pc 0x1098467e6 leaf poll+0xa frames: 0x1098467e6 0x104388627 0x1043887ea 0x101f32ba7 0x101f3e971 0x104033bfe 0x10409c3f9 0x109891e9e
  18.507 TIGER-SAMPLE pid 0xa31 n 0x46 thread 0x3003 thread 0x3003 state-kr 0x0 pc 0x109895e22 leaf __semwait_signal+0xa frames: 0x109895e22 0x10409c9d5 0x103fcd562 0x10409fb49 0x10409ec36 0x10409e819 0x104033bfe 0x10409c3f9 0x109891e9e
  18.691 TIGER-SAMPLE pid 0xa2d n 0x48 main 0x117 thread 0x117 state-kr 0x0 pc 0x90009817 leaf mach_msg_trap+0x7 frames: 0x90009817 0x9082d227 0x9082ca42 0x92e06878 0x92e05f82 0x92e05dd9 0x9328cf45 0x9328cb37 0x932868c4 0x8af6 0x82f2 0x8219 0x5
  18.692 TIGER-SAMPLE pid 0xa2d n 0x48 thread 0x1203 thread 0x1203 state-kr 0x0 pc 0x90009817 leaf mach_msg_trap+0x7 frames: 0x90009817 0x2ca6d8 0x90023d67
  18.692 TIGER-SAMPLE pid 0xa2d n 0x48 thread 0x3207 thread 0x3207 state-kr 0x0 pc 0x90024407 leaf semaphore_wait_signal_trap+0x7 frames: 0x90024407 0x364de 0x90023d67
  18.692 TIGER-SAMPLE pid 0xa2d n 0x48 thread 0x3403 thread 0x3403 state-kr 0x0 pc 0x90024407 leaf semaphore_wait_signal_trap+0x7 frames: 0x90024407 0x364de 0x90023d67
  18.692 TIGER-SAMPLE pid 0xa2d n 0x48 thread 0x5103 thread 0x5103 state-kr 0x0 pc 0x900bc3fc leaf poll+0xc frames: 0x900bc3fc 0x2cd134 0x313210b 0x319b321 0x90023d67
  18.693 TIGER-SAMPLE pid 0xa2d n 0x48 thread 0x5203 thread 0x5203 state-kr 0x0 pc 0x90024407 leaf semaphore_wait_signal_trap+0x7 frames: 0x90024407 0x364de 0x90023d67
  18.693 TIGER-SAMPLE pid 0xa2d n 0x48 thread 0x5503 thread 0x5503 state-kr 0x0 pc 0x900bc3fc leaf poll+0xc frames: 0x900bc3fc 0x2cd134 0x313210b 0x319b321 0x90023d67
  18.693 TIGER-SAMPLE pid 0xa2d n 0x48 thread 0x5603 thread 0x5603 state-kr 0x0 pc 0x90024407 leaf semaphore_wait_signal_trap+0x7 frames: 0x90024407 0x364de 0x90023d67
  18.694 TIGER-SAMPLE pid 0xa2d n 0x48 thread 0x5c07 thread 0x5c07 state-kr 0x0 pc 0x900265fc leaf recvmsg+0xc frames: 0x900265fc 0x2cc6bb 0x2cd134 0x313210b 0x319b321 0x90023d67
  18.694 TIGER-SAMPLE pid 0xa2d n 0x48 thread 0x5e07 thread 0x5e07 state-kr 0x0 pc 0x90024407 leaf semaphore_wait_signal_trap+0x7 frames: 0x90024407 0x915a96ab 0x915c3ddc 0x90023d67
  18.732 TIGER-SAMPLE pid 0xa30 n 0x44 main 0xd03 thread 0xd03 state-kr 0x0 pc 0x109a95e22 leaf __semwait_signal+0xa frames: 0x109a95e22 0x1042a1327 0x1041d56a2 0x1042a4329 0x1042a34a6 0x1042a3089 0x100046488 0x100001d0c 0x100001c21 0x3
  18.732 TIGER-SAMPLE pid 0xa30 n 0x44 thread 0xf03 thread 0xf03 state-kr 0x0 pc 0x109adfe4e leaf mach_msg_trap+0xa frames: 0x109adfe4e 0x10045c512 0x109a91e9e
  18.732 TIGER-SAMPLE pid 0xa30 n 0x44 thread 0x1103 thread 0x1103 state-kr 0x0 pc 0x109a95e22 leaf __semwait_signal+0xa frames: 0x109a95e22 0x1042a12e5 0x1041d56a2 0x1042a4329 0x1042a34a6 0x1042a3089 0x10423ab3e 0x1042a0d09 0x109a91e9e
  18.733 TIGER-SAMPLE pid 0xa30 n 0x44 thread 0x2303 thread 0x2303 state-kr 0x0 pc 0x109a95e22 leaf __semwait_signal+0xa frames: 0x109a95e22 0x1042a12e5 0x1041d56a2 0x1042a4329 0x1042a34a6 0x1042a3089 0x10423ab3e 0x1042a0d09 0x109a91e9e
  18.733 TIGER-SAMPLE pid 0xa30 n 0x44 thread 0x2403 thread 0x2403 state-kr 0x0 pc 0x109a95e22 leaf __semwait_signal+0xa frames: 0x109a95e22 0x1042a12e5 0x1041d56a2 0x1042a4329 0x1042a34a6 0x1042a3089 0x10423ab3e 0x1042a0d09 0x109a91e9e
  18.733 TIGER-SAMPLE pid 0xa30 n 0x44 thread 0x2503 thread 0x2503 state-kr 0x0 pc 0x109a467e6 leaf poll+0xa frames: 0x109a467e6 0x10423ab3e 0x1042a0d09 0x109a91e9e
  18.733 TIGER-SAMPLE pid 0xa30 n 0x44 thread 0x2603 thread 0x2603 state-kr 0x0 pc 0x109a95e22 leaf __semwait_signal+0xa frames: 0x109a95e22 0x1042a12e5 0x1041d56a2 0x1042a4329 0x1042a34a6 0x1042a3089 0x10423ab3e 0x1042a0d09 0x109a91e9e
  18.734 TIGER-SAMPLE pid 0xa30 n 0x44 thread 0x2703 thread 0x2703 state-kr 0x0 pc 0x109a467e6 leaf poll+0xa frames: 0x109a467e6 0x10423ab3e 0x1042a0d09 0x109a91e9e
  18.734 TIGER-SAMPLE pid 0xa30 n 0x44 thread 0x2807 thread 0x2807 state-kr 0x0 pc 0x109a95e22 leaf __semwait_signal+0xa frames: 0x109a95e22 0x1042a12e5 0x1041d56a2 0x1042a4329 0x1042a34a6 0x1042a3089 0x10423ab3e 0x1042a0d09 0x109a91e9e
  18.734 TIGER-SAMPLE pid 0xa30 n 0x44 thread 0x2903 thread 0x2903 state-kr 0x0 pc 0x109a95e22 leaf __semwait_signal+0xa frames: 0x109a95e22 0x1042a12e5 0x1041d56a2 0x1042a4329 0x1042a34a6 0x1042a3089 0x10423ab3e 0x1042a0d09 0x109a91e9e
  18.734 TIGER-SAMPLE pid 0xa30 n 0x44 thread 0x2a03 thread 0x2a03 state-kr 0x0 pc 0x109a95e22 leaf __semwait_signal+0xa frames: 0x109a95e22 0x1042a12e5 0x1041d56a2 0x1042a4329 0x1042a34a6 0x1042a3089 0x10423ab3e 0x1042a0d09 0x109a91e9e
  18.740 TIGER-SAMPLE pid 0xa30 n 0x44 thread 0x2b03 thread 0x2b03 state-kr 0x0 pc 0x109a46712 leaf recvmsg+0xa frames: 0x109a46712 0x10045e43e 0x10423ab3e 0x1042a0d09 0x109a91e9e
  18.740 TIGER-SAMPLE pid 0xa30 n 0x44 thread 0x2c03 thread 0x2c03 state-kr 0x0 pc 0x109a95e22 leaf __semwait_signal+0xa frames: 0x109a95e22 0x1042a12e5 0x1041d56a2 0x1042a4329 0x1042a34a6 0x1042a3089 0x10423ab3e 0x1042a0d09 0x109a91e9e
  18.740 TIGER-SAMPLE pid 0xa30 n 0x44 thread 0x2d03 thread 0x2d03 state-kr 0x0 pc 0x109a46712 leaf recvmsg+0xa frames: 0x109a46712 0x10045e43e 0x10423ab3e 0x1042a0d09 0x109a91e9e
  18.740 TIGER-SAMPLE pid 0xa30 n 0x44 thread 0x4103 thread 0x4103 state-kr 0x0 pc 0x109a95e22 leaf __semwait_signal+0xa frames: 0x109a95e22 0x1042a1327 0x1041d56a2 0x1041b2277 0x10423ab3e 0x1042a0d09 0x109a91e9e
  18.757 TIGER-SAMPLE pid 0xa31 n 0x47 main 0xd03 thread 0xd03 state-kr 0x0 pc 0x109895e22 leaf __semwait_signal+0xa frames: 0x109895e22 0x10409c9d5 0x103fcd562 0x10409fb49 0x10409ec36 0x10409e819 0x10004a16b 0x10000154c 0x100001461 0x3
  18.757 TIGER-SAMPLE pid 0xa31 n 0x47 thread 0xf03 thread 0xf03 state-kr 0x0 pc 0x1098dfe4e leaf mach_msg_trap+0xa frames: 0x1098dfe4e 0x100327902 0x109891e9e
  18.758 TIGER-SAMPLE pid 0xa31 n 0x47 thread 0x1103 thread 0x1103 state-kr 0x0 pc 0x109895e22 leaf __semwait_signal+0xa frames: 0x109895e22 0x10409c9d5 0x103fcd562 0x10409fb49 0x10409ec36 0x10409e819 0x104033bfe 0x10409c3f9 0x109891e9e
  18.758 TIGER-SAMPLE pid 0xa31 n 0x47 thread 0x2303 thread 0x2303 state-kr 0x0 pc 0x1098467e6 leaf poll+0xa frames: 0x1098467e6 0x104033bfe 0x10409c3f9 0x109891e9e
  18.758 TIGER-SAMPLE pid 0xa31 n 0x47 thread 0x2407 thread 0x2407 state-kr 0x0 pc 0x109895e22 leaf __semwait_signal+0xa frames: 0x109895e22 0x10409c9d5 0x103fcd562 0x10409fb49 0x10409ec36 0x10409e819 0x104033bfe 0x10409c3f9 0x109891e9e
  18.758 TIGER-SAMPLE pid 0xa31 n 0x47 thread 0x2503 thread 0x2503 state-kr 0x0 pc 0x109895e22 leaf __semwait_signal+0xa frames: 0x109895e22 0x10409c9d5 0x103fcd562 0x10409fb49 0x10409ec36 0x10409e819 0x104033bfe 0x10409c3f9 0x109891e9e
  18.759 TIGER-SAMPLE pid 0xa31 n 0x47 thread 0x2603 thread 0x2603 state-kr 0x0 pc 0x109895e22 leaf __semwait_signal+0xa frames: 0x109895e22 0x10409c9d5 0x103fcd562 0x10409fb49 0x10409ec36 0x10409e819 0x104033bfe 0x10409c3f9 0x109891e9e
  18.759 TIGER-SAMPLE pid 0xa31 n 0x47 thread 0x2703 thread 0x2703 state-kr 0x0 pc 0x109895e22 leaf __semwait_signal+0xa frames: 0x109895e22 0x10409c9d5 0x103fcd562 0x10409fb49 0x10409ec36 0x10409e819 0x104033bfe 0x10409c3f9 0x109891e9e
  18.759 TIGER-SAMPLE pid 0xa31 n 0x47 thread 0x2903 thread 0x2903 state-kr 0x0 pc 0x109895e22 leaf __semwait_signal+0xa frames: 0x109895e22 0x10409c9d5 0x103fcd562 0x10409fb49 0x10409ec36 0x10409e819 0x104033bfe 0x10409c3f9 0x109891e9e
  18.760 TIGER-SAMPLE pid 0xa31 n 0x47 thread 0x2a03 thread 0x2a03 state-kr 0x0 pc 0x1098467e6 leaf poll+0xa frames: 0x1098467e6 0x104033bfe 0x10409c3f9 0x109891e9e
  18.760 TIGER-SAMPLE pid 0xa31 n 0x47 thread 0x2b03 thread 0x2b03 state-kr 0x0 pc 0x1098467e6 leaf poll+0xa frames: 0x1098467e6 0x104388627 0x1043887ea 0x101f32ba7 0x101f3e971 0x104033bfe 0x10409c3f9 0x109891e9e
  18.760 TIGER-SAMPLE pid 0xa31 n 0x47 thread 0x3003 thread 0x3003 state-kr 0x0 pc 0x109895e22 leaf __semwait_signal+0xa frames: 0x109895e22 0x10409c9d5 0x103fcd562 0x10409fb49 0x10409ec36 0x10409e819 0x104033bfe 0x10409c3f9 0x109891e9e
  18.944 TIGER-SAMPLE pid 0xa2d n 0x49 main 0x117 thread 0x117 state-kr 0x0 pc 0x90009817 leaf mach_msg_trap+0x7 frames: 0x90009817 0x9082d227 0x9082ca42 0x92e06878 0x92e05f82 0x92e05dd9 0x9328cf45 0x9328cb37 0x932868c4 0x8af6 0x82f2 0x8219 0x5
  18.944 TIGER-SAMPLE pid 0xa2d n 0x49 thread 0x1203 thread 0x1203 state-kr 0x0 pc 0x90009817 leaf mach_msg_trap+0x7 frames: 0x90009817 0x2ca6d8 0x90023d67
  18.945 TIGER-SAMPLE pid 0xa2d n 0x49 thread 0x3207 thread 0x3207 state-kr 0x0 pc 0x90024407 leaf semaphore_wait_signal_trap+0x7 frames: 0x90024407 0x364de 0x90023d67
  18.945 TIGER-SAMPLE pid 0xa2d n 0x49 thread 0x3403 thread 0x3403 state-kr 0x0 pc 0x90024407 leaf semaphore_wait_signal_trap+0x7 frames: 0x90024407 0x364de 0x90023d67
  18.945 TIGER-SAMPLE pid 0xa2d n 0x49 thread 0x5103 thread 0x5103 state-kr 0x0 pc 0x900bc3fc leaf poll+0xc frames: 0x900bc3fc 0x2cd134 0x313210b 0x319b321 0x90023d67
  18.946 TIGER-SAMPLE pid 0xa2d n 0x49 thread 0x5203 thread 0x5203 state-kr 0x0 pc 0x90024407 leaf semaphore_wait_signal_trap+0x7 frames: 0x90024407 0x364de 0x90023d67
  18.946 TIGER-SAMPLE pid 0xa2d n 0x49 thread 0x5503 thread 0x5503 state-kr 0x0 pc 0x900bc3fc leaf poll+0xc frames: 0x900bc3fc 0x2cd134 0x313210b 0x319b321 0x90023d67
  18.946 TIGER-SAMPLE pid 0xa2d n 0x49 thread 0x5603 thread 0x5603 state-kr 0x0 pc 0x90024407 leaf semaphore_wait_signal_trap+0x7 frames: 0x90024407 0x364de 0x90023d67
  18.951 TIGER-SAMPLE pid 0xa2d n 0x49 thread 0x5c07 thread 0x5c07 state-kr 0x0 pc 0x900265fc leaf recvmsg+0xc frames: 0x900265fc 0x2cc6bb 0x2cd134 0x313210b 0x319b321 0x90023d67
  18.951 TIGER-SAMPLE pid 0xa2d n 0x49 thread 0x5e07 thread 0x5e07 state-kr 0x0 pc 0x90024407 leaf semaphore_wait_signal_trap+0x7 frames: 0x90024407 0x915a96ab 0x915c3ddc 0x90023d67
  18.992 TIGER-SAMPLE pid 0xa30 n 0x45 main 0xd03 thread 0xd03 state-kr 0x0 pc 0x109a95e22 leaf __semwait_signal+0xa frames: 0x109a95e22 0x1042a1327 0x1041d56a2 0x1042a4329 0x1042a34a6 0x1042a3089 0x100046488 0x100001d0c 0x100001c21 0x3
  18.992 TIGER-SAMPLE pid 0xa30 n 0x45 thread 0xf03 thread 0xf03 state-kr 0x0 pc 0x109adfe4e leaf mach_msg_trap+0xa frames: 0x109adfe4e 0x10045c512 0x109a91e9e
  18.992 TIGER-SAMPLE pid 0xa30 n 0x45 thread 0x1103 thread 0x1103 state-kr 0x0 pc 0x109a95e22 leaf __semwait_signal+0xa frames: 0x109a95e22 0x1042a12e5 0x1041d56a2 0x1042a4329 0x1042a34a6 0x1042a3089 0x10423ab3e 0x1042a0d09 0x109a91e9e
  18.992 TIGER-SAMPLE pid 0xa30 n 0x45 thread 0x2303 thread 0x2303 state-kr 0x0 pc 0x109a95e22 leaf __semwait_signal+0xa frames: 0x109a95e22 0x1042a12e5 0x1041d56a2 0x1042a4329 0x1042a34a6 0x1042a3089 0x10423ab3e 0x1042a0d09 0x109a91e9e
  18.992 TIGER-SAMPLE pid 0xa30 n 0x45 thread 0x2403 thread 0x2403 state-kr 0x0 pc 0x109a95e22 leaf __semwait_signal+0xa frames: 0x109a95e22 0x1042a12e5 0x1041d56a2 0x1042a4329 0x1042a34a6 0x1042a3089 0x10423ab3e 0x1042a0d09 0x109a91e9e
  18.992 TIGER-SAMPLE pid 0xa30 n 0x45 thread 0x2503 thread 0x2503 state-kr 0x0 pc 0x109a467e6 leaf poll+0xa frames: 0x109a467e6 0x10423ab3e 0x1042a0d09 0x109a91e9e
  18.992 TIGER-SAMPLE pid 0xa30 n 0x45 thread 0x2603 thread 0x2603 state-kr 0x0 pc 0x109a95e22 leaf __semwait_signal+0xa frames: 0x109a95e22 0x1042a12e5 0x1041d56a2 0x1042a4329 0x1042a34a6 0x1042a3089 0x10423ab3e 0x1042a0d09 0x109a91e9e
  18.992 TIGER-SAMPLE pid 0xa30 n 0x45 thread 0x2703 thread 0x2703 state-kr 0x0 pc 0x109a467e6 leaf poll+0xa frames: 0x109a467e6 0x10423ab3e 0x1042a0d09 0x109a91e9e
  18.992 TIGER-SAMPLE pid 0xa30 n 0x45 thread 0x2807 thread 0x2807 state-kr 0x0 pc 0x109a95e22 leaf __semwait_signal+0xa frames: 0x109a95e22 0x1042a12e5 0x1041d56a2 0x1042a4329 0x1042a34a6 0x1042a3089 0x10423ab3e 0x1042a0d09 0x109a91e9e
  18.992 TIGER-SAMPLE pid 0xa30 n 0x45 thread 0x2903 thread 0x2903 state-kr 0x0 pc 0x109a95e22 leaf __semwait_signal+0xa frames: 0x109a95e22 0x1042a12e5 0x1041d56a2 0x1042a4329 0x1042a34a6 0x1042a3089 0x10423ab3e 0x1042a0d09 0x109a91e9e
  18.992 TIGER-SAMPLE pid 0xa30 n 0x45 thread 0x2a03 thread 0x2a03 state-kr 0x0 pc 0x109a95e22 leaf __semwait_signal+0xa frames: 0x109a95e22 0x1042a12e5 0x1041d56a2 0x1042a4329 0x1042a34a6 0x1042a3089 0x10423ab3e 0x1042a0d09 0x109a91e9e
  18.996 TIGER-SAMPLE pid 0xa30 n 0x45 thread 0x2b03 thread 0x2b03 state-kr 0x0 pc 0x109a46712 leaf recvmsg+0xa frames: 0x109a46712 0x10045e43e 0x10423ab3e 0x1042a0d09 0x109a91e9e
  18.996 TIGER-SAMPLE pid 0xa30 n 0x45 thread 0x2c03 thread 0x2c03 state-kr 0x0 pc 0x109a95e22 leaf __semwait_signal+0xa frames: 0x109a95e22 0x1042a12e5 0x1041d56a2 0x1042a4329 0x1042a34a6 0x1042a3089 0x10423ab3e 0x1042a0d09 0x109a91e9e
  19.006 TIGER-SAMPLE pid 0xa30 n 0x45 thread 0x2d03 thread 0x2d03 state-kr 0x0 pc 0x109adc948 leaf _spin_lock+0x0 frames: 0x109adc948 0x10045df8e 0x10045e43e 0x10423ab3e 0x1042a0d09 0x109a91e9e
  19.006 TIGER-SAMPLE pid 0xa30 n 0x45 thread 0x4103 thread 0x4103 state-kr 0x0 pc 0x109a95e22 leaf __semwait_signal+0xa frames: 0x109a95e22 0x1042a1327 0x1041d56a2 0x1041b2277 0x10423ab3e 0x1042a0d09 0x109a91e9e
  19.010 TIGER-SAMPLE pid 0xa31 n 0x48 main 0xd03 thread 0xd03 state-kr 0x0 pc 0x109895e22 leaf __semwait_signal+0xa frames: 0x109895e22 0x10409c9d5 0x103fcd562 0x10409fb49 0x10409ec36 0x10409e819 0x10004a16b 0x10000154c 0x100001461 0x3
  19.011 TIGER-SAMPLE pid 0xa31 n 0x48 thread 0xf03 thread 0xf03 state-kr 0x0 pc 0x1098dfe4e leaf mach_msg_trap+0xa frames: 0x1098dfe4e 0x100327902 0x109891e9e
  19.011 TIGER-SAMPLE pid 0xa31 n 0x48 thread 0x1103 thread 0x1103 state-kr 0x0 pc 0x109895e22 leaf __semwait_signal+0xa frames: 0x109895e22 0x10409c9d5 0x103fcd562 0x10409fb49 0x10409ec36 0x10409e819 0x104033bfe 0x10409c3f9 0x109891e9e
  19.011 TIGER-SAMPLE pid 0xa31 n 0x48 thread 0x2303 thread 0x2303 state-kr 0x0 pc 0x1098467e6 leaf poll+0xa frames: 0x1098467e6 0x104033bfe 0x10409c3f9 0x109891e9e
  19.011 TIGER-SAMPLE pid 0xa31 n 0x48 thread 0x2407 thread 0x2407 state-kr 0x0 pc 0x109895e22 leaf __semwait_signal+0xa frames: 0x109895e22 0x10409c9d5 0x103fcd562 0x10409fb49 0x10409ec36 0x10409e819 0x104033bfe 0x10409c3f9 0x109891e9e
  19.012 TIGER-SAMPLE pid 0xa31 n 0x48 thread 0x2503 thread 0x2503 state-kr 0x0 pc 0x109895e22 leaf __semwait_signal+0xa frames: 0x109895e22 0x10409c9d5 0x103fcd562 0x10409fb49 0x10409ec36 0x10409e819 0x104033bfe 0x10409c3f9 0x109891e9e
  19.012 TIGER-SAMPLE pid 0xa31 n 0x48 thread 0x2603 thread 0x2603 state-kr 0x0 pc 0x109895e22 leaf __semwait_signal+0xa frames: 0x109895e22 0x10409c9d5 0x103fcd562 0x10409fb49 0x10409ec36 0x10409e819 0x104033bfe 0x10409c3f9 0x109891e9e
  19.012 TIGER-SAMPLE pid 0xa31 n 0x48 thread 0x2703 thread 0x2703 state-kr 0x0 pc 0x109895e22 leaf __semwait_signal+0xa frames: 0x109895e22 0x10409c9d5 0x103fcd562 0x10409fb49 0x10409ec36 0x10409e819 0x104033bfe 0x10409c3f9 0x109891e9e
  19.012 TIGER-SAMPLE pid 0xa31 n 0x48 thread 0x2903 thread 0x2903 state-kr 0x0 pc 0x109895e22 leaf __semwait_signal+0xa frames: 0x109895e22 0x10409c9d5 0x103fcd562 0x10409fb49 0x10409ec36 0x10409e819 0x104033bfe 0x10409c3f9 0x109891e9e
  19.012 TIGER-SAMPLE pid 0xa31 n 0x48 thread 0x2a03 thread 0x2a03 state-kr 0x0 pc 0x1098467e6 leaf poll+0xa frames: 0x1098467e6 0x104033bfe 0x10409c3f9 0x109891e9e
  19.013 TIGER-SAMPLE pid 0xa31 n 0x48 thread 0x2b03 thread 0x2b03 state-kr 0x0 pc 0x1098467e6 leaf poll+0xa frames: 0x1098467e6 0x104388627 0x1043887ea 0x101f32ba7 0x101f3e971 0x104033bfe 0x10409c3f9 0x109891e9e
  19.013 TIGER-SAMPLE pid 0xa31 n 0x48 thread 0x3003 thread 0x3003 state-kr 0x0 pc 0x109895e22 leaf __semwait_signal+0xa frames: 0x109895e22 0x10409c9d5 0x103fcd562 0x10409fb49 0x10409ec36 0x10409e819 0x104033bfe 0x10409c3f9 0x109891e9e
  19.202 TIGER-SAMPLE pid 0xa2d n 0x4a main 0x117 thread 0x117 state-kr 0x0 pc 0x90009817 leaf mach_msg_trap+0x7 frames: 0x90009817 0x9082d227 0x9082ca42 0x92e06878 0x92e05f82 0x92e05dd9 0x9328cf45 0x9328cb37 0x932868c4 0x8af6 0x82f2 0x8219 0x5
  19.202 TIGER-SAMPLE pid 0xa2d n 0x4a thread 0x1203 thread 0x1203 state-kr 0x0 pc 0x90009817 leaf mach_msg_trap+0x7 frames: 0x90009817 0x2ca6d8 0x90023d67
  19.202 TIGER-SAMPLE pid 0xa2d n 0x4a thread 0x3207 thread 0x3207 state-kr 0x0 pc 0x90024407 leaf semaphore_wait_signal_trap+0x7 frames: 0x90024407 0x364de 0x90023d67
  19.202 TIGER-SAMPLE pid 0xa2d n 0x4a thread 0x3403 thread 0x3403 state-kr 0x0 pc 0x90024407 leaf semaphore_wait_signal_trap+0x7 frames: 0x90024407 0x364de 0x90023d67
  19.203 TIGER-SAMPLE pid 0xa2d n 0x4a thread 0x5103 thread 0x5103 state-kr 0x0 pc 0x900bc3fc leaf poll+0xc frames: 0x900bc3fc 0x2cd134 0x313210b 0x319b321 0x90023d67
  19.203 TIGER-SAMPLE pid 0xa2d n 0x4a thread 0x5203 thread 0x5203 state-kr 0x0 pc 0x90024407 leaf semaphore_wait_signal_trap+0x7 frames: 0x90024407 0x364de 0x90023d67
  19.203 TIGER-SAMPLE pid 0xa2d n 0x4a thread 0x5503 thread 0x5503 state-kr 0x0 pc 0x900bc3fc leaf poll+0xc frames: 0x900bc3fc 0x2cd134 0x313210b 0x319b321 0x90023d67
  19.204 TIGER-SAMPLE pid 0xa2d n 0x4a thread 0x5603 thread 0x5603 state-kr 0x0 pc 0x90024407 leaf semaphore_wait_signal_trap+0x7 frames: 0x90024407 0x364de 0x90023d67
  19.204 TIGER-SAMPLE pid 0xa2d n 0x4a thread 0x5c07 thread 0x5c07 state-kr 0x0 pc 0x900265fc leaf recvmsg+0xc frames: 0x900265fc 0x2cc6bb 0x2cd134 0x313210b 0x319b321 0x90023d67
  19.204 TIGER-SAMPLE pid 0xa2d n 0x4a thread 0x5e07 thread 0x5e07 state-kr 0x0 pc 0x90024407 leaf semaphore_wait_signal_trap+0x7 frames: 0x90024407 0x915a96ab 0x915c3ddc 0x90023d67
  19.256 TIGER-SAMPLE pid 0xa30 n 0x46 main 0xd03 thread 0xd03 state-kr 0x0 pc 0x109a95e22 leaf __semwait_signal+0xa frames: 0x109a95e22 0x1042a1327 0x1041d56a2 0x1042a4329 0x1042a34a6 0x1042a3089 0x100046488 0x100001d0c 0x100001c21 0x3
  19.256 TIGER-SAMPLE pid 0xa30 n 0x46 thread 0xf03 thread 0xf03 state-kr 0x0 pc 0x109adfe4e leaf mach_msg_trap+0xa frames: 0x109adfe4e 0x10045c512 0x109a91e9e
  19.257 TIGER-SAMPLE pid 0xa30 n 0x46 thread 0x1103 thread 0x1103 state-kr 0x0 pc 0x109a95e22 leaf __semwait_signal+0xa frames: 0x109a95e22 0x1042a12e5 0x1041d56a2 0x1042a4329 0x1042a34a6 0x1042a3089 0x10423ab3e 0x1042a0d09 0x109a91e9e
  19.257 TIGER-SAMPLE pid 0xa30 n 0x46 thread 0x2303 thread 0x2303 state-kr 0x0 pc 0x109a95e22 leaf __semwait_signal+0xa frames: 0x109a95e22 0x1042a12e5 0x1041d56a2 0x1042a4329 0x1042a34a6 0x1042a3089 0x10423ab3e 0x1042a0d09 0x109a91e9e
  19.257 TIGER-SAMPLE pid 0xa30 n 0x46 thread 0x2403 thread 0x2403 state-kr 0x0 pc 0x109a95e22 leaf __semwait_signal+0xa frames: 0x109a95e22 0x1042a12e5 0x1041d56a2 0x1042a4329 0x1042a34a6 0x1042a3089 0x10423ab3e 0x1042a0d09 0x109a91e9e
  19.257 TIGER-SAMPLE pid 0xa30 n 0x46 thread 0x2503 thread 0x2503 state-kr 0x0 pc 0x109a467e6 leaf poll+0xa frames: 0x109a467e6 0x10423ab3e 0x1042a0d09 0x109a91e9e
  19.257 TIGER-SAMPLE pid 0xa30 n 0x46 thread 0x2603 thread 0x2603 state-kr 0x0 pc 0x109a95e22 leaf __semwait_signal+0xa frames: 0x109a95e22 0x1042a12e5 0x1041d56a2 0x1042a4329 0x1042a34a6 0x1042a3089 0x10423ab3e 0x1042a0d09 0x109a91e9e
  19.258 TIGER-SAMPLE pid 0xa30 n 0x46 thread 0x2703 thread 0x2703 state-kr 0x0 pc 0x109a467e6 leaf poll+0xa frames: 0x109a467e6 0x10423ab3e 0x1042a0d09 0x109a91e9e
  19.258 TIGER-SAMPLE pid 0xa30 n 0x46 thread 0x2807 thread 0x2807 state-kr 0x0 pc 0x109a95e22 leaf __semwait_signal+0xa frames: 0x109a95e22 0x1042a12e5 0x1041d56a2 0x1042a4329 0x1042a34a6 0x1042a3089 0x10423ab3e 0x1042a0d09 0x109a91e9e
  19.258 TIGER-SAMPLE pid 0xa30 n 0x46 thread 0x2903 thread 0x2903 state-kr 0x0 pc 0x109a95e22 leaf __semwait_signal+0xa frames: 0x109a95e22 0x1042a12e5 0x1041d56a2 0x1042a4329 0x1042a34a6 0x1042a3089 0x10423ab3e 0x1042a0d09 0x109a91e9e
  19.258 TIGER-SAMPLE pid 0xa30 n 0x46 thread 0x2a03 thread 0x2a03 state-kr 0x0 pc 0x109a95e22 leaf __semwait_signal+0xa frames: 0x109a95e22 0x1042a12e5 0x1041d56a2 0x1042a4329 0x1042a34a6 0x1042a3089 0x10423ab3e 0x1042a0d09 0x109a91e9e
  19.263 TIGER-SAMPLE pid 0xa31 n 0x49 main 0xd03 thread 0xd03 state-kr 0x0 pc 0x109895e22 leaf __semwait_signal+0xa frames: 0x109895e22 0x10409c9d5 0x103fcd562 0x10409fb49 0x10409ec36 0x10409e819 0x10004a16b 0x10000154c 0x100001461 0x3
  19.263 TIGER-SAMPLE pid 0xa31 n 0x49 thread 0xf03 thread 0xf03 state-kr 0x0 pc 0x1098dfe4e leaf mach_msg_trap+0xa frames: 0x1098dfe4e 0x100327902 0x109891e9e
  19.264 TIGER-SAMPLE pid 0xa31 n 0x49 thread 0x1103 thread 0x1103 state-kr 0x0 pc 0x109895e22 leaf __semwait_signal+0xa frames: 0x109895e22 0x10409c9d5 0x103fcd562 0x10409fb49 0x10409ec36 0x10409e819 0x104033bfe 0x10409c3f9 0x109891e9e
  19.264 TIGER-SAMPLE pid 0xa31 n 0x49 thread 0x2303 thread 0x2303 state-kr 0x0 pc 0x1098467e6 leaf poll+0xa frames: 0x1098467e6 0x104033bfe 0x10409c3f9 0x109891e9e
  19.264 TIGER-SAMPLE pid 0xa31 n 0x49 thread 0x2407 thread 0x2407 state-kr 0x0 pc 0x109895e22 leaf __semwait_signal+0xa frames: 0x109895e22 0x10409c9d5 0x103fcd562 0x10409fb49 0x10409ec36 0x10409e819 0x104033bfe 0x10409c3f9 0x109891e9e
  19.264 TIGER-SAMPLE pid 0xa31 n 0x49 thread 0x2503 thread 0x2503 state-kr 0x0 pc 0x109895e22 leaf __semwait_signal+0xa frames: 0x109895e22 0x10409c9d5 0x103fcd562 0x10409fb49 0x10409ec36 0x10409e819 0x104033bfe 0x10409c3f9 0x109891e9e
  19.265 TIGER-SAMPLE pid 0xa31 n 0x49 thread 0x2603 thread 0x2603 state-kr 0x0 pc 0x109895e22 leaf __semwait_signal+0xa frames: 0x109895e22 0x10409c9d5 0x103fcd562 0x10409fb49 0x10409ec36 0x10409e819 0x104033bfe 0x10409c3f9 0x109891e9e
  19.265 TIGER-SAMPLE pid 0xa31 n 0x49 thread 0x2703 thread 0x2703 state-kr 0x0 pc 0x109895e22 leaf __semwait_signal+0xa frames: 0x109895e22 0x10409c9d5 0x103fcd562 0x10409fb49 0x10409ec36 0x10409e819 0x104033bfe 0x10409c3f9 0x109891e9e
  19.265 TIGER-SAMPLE pid 0xa31 n 0x49 thread 0x2903 thread 0x2903 state-kr 0x0 pc 0x109895e22 leaf __semwait_signal+0xa frames: 0x109895e22 0x10409c9d5 0x103fcd562 0x10409fb49 0x10409ec36 0x10409e819 0x104033bfe 0x10409c3f9 0x109891e9e
  19.265 TIGER-SAMPLE pid 0xa31 n 0x49 thread 0x2a03 thread 0x2a03 state-kr 0x0 pc 0x1098467e6 leaf poll+0xa frames: 0x1098467e6 0x104033bfe 0x10409c3f9 0x109891e9e
  19.265 TIGER-SAMPLE pid 0xa31 n 0x49 thread 0x2b03 thread 0x2b03 state-kr 0x0 pc 0x1098467e6 leaf poll+0xa frames: 0x1098467e6 0x104388627 0x1043887ea 0x101f32ba7 0x101f3e971 0x104033bfe 0x10409c3f9 0x109891e9e
  19.266 TIGER-SAMPLE pid 0xa31 n 0x49 thread 0x3003 thread 0x3003 state-kr 0x0 pc 0x109895e22 leaf __semwait_signal+0xa frames: 0x109895e22 0x10409c9d5 0x103fcd562 0x10409fb49 0x10409ec36 0x10409e819 0x104033bfe 0x10409c3f9 0x109891e9e
  19.271 TIGER-SAMPLE pid 0xa30 n 0x46 thread 0x2b03 thread 0x2b03 state-kr 0x0 pc 0x109a46712 leaf recvmsg+0xa frames: 0x109a46712 0x10045e43e 0x10423ab3e 0x1042a0d09 0x109a91e9e
  19.271 TIGER-SAMPLE pid 0xa30 n 0x46 thread 0x2c03 thread 0x2c03 state-kr 0x0 pc 0x109a95e22 leaf __semwait_signal+0xa frames: 0x109a95e22 0x1042a12e5 0x1041d56a2 0x1042a4329 0x1042a34a6 0x1042a3089 0x10423ab3e 0x1042a0d09 0x109a91e9e
  19.285 TIGER-SAMPLE pid 0xa30 n 0x46 thread 0x2d03 thread 0x2d03 state-kr 0x0 pc 0x109a46712 leaf recvmsg+0xa frames: 0x109a46712 0x10045e43e 0x10423ab3e 0x1042a0d09 0x109a91e9e
  19.285 TIGER-SAMPLE pid 0xa30 n 0x46 thread 0x4103 thread 0x4103 state-kr 0x0 pc 0x109a95e22 leaf __semwait_signal+0xa frames: 0x109a95e22 0x1042a1327 0x1041d56a2 0x1041b2277 0x10423ab3e 0x1042a0d09 0x109a91e9e
  19.456 TIGER-SAMPLE pid 0xa2d n 0x4b main 0x117 thread 0x117 state-kr 0x0 pc 0x90009817 leaf mach_msg_trap+0x7 frames: 0x90009817 0x9082d227 0x9082ca42 0x92e06878 0x92e05f82 0x92e05dd9 0x9328cf45 0x9328cb37 0x932868c4 0x8af6 0x82f2 0x8219 0x5
  19.456 TIGER-SAMPLE pid 0xa2d n 0x4b thread 0x1203 thread 0x1203 state-kr 0x0 pc 0x90009817 leaf mach_msg_trap+0x7 frames: 0x90009817 0x2ca6d8 0x90023d67
  19.456 TIGER-SAMPLE pid 0xa2d n 0x4b thread 0x3207 thread 0x3207 state-kr 0x0 pc 0x90024407 leaf semaphore_wait_signal_trap+0x7 frames: 0x90024407 0x364de 0x90023d67
  19.456 TIGER-SAMPLE pid 0xa2d n 0x4b thread 0x3403 thread 0x3403 state-kr 0x0 pc 0x90024407 leaf semaphore_wait_signal_trap+0x7 frames: 0x90024407 0x364de 0x90023d67
  19.456 TIGER-SAMPLE pid 0xa2d n 0x4b thread 0x5103 thread 0x5103 state-kr 0x0 pc 0x900bc3fc leaf poll+0xc frames: 0x900bc3fc 0x2cd134 0x313210b 0x319b321 0x90023d67
  19.456 TIGER-SAMPLE pid 0xa2d n 0x4b thread 0x5203 thread 0x5203 state-kr 0x0 pc 0x90024407 leaf semaphore_wait_signal_trap+0x7 frames: 0x90024407 0x364de 0x90023d67
  19.456 TIGER-SAMPLE pid 0xa2d n 0x4b thread 0x5503 thread 0x5503 state-kr 0x0 pc 0x900bc3fc leaf poll+0xc frames: 0x900bc3fc 0x2cd134 0x313210b 0x319b321 0x90023d67
  19.456 TIGER-SAMPLE pid 0xa2d n 0x4b thread 0x5603 thread 0x5603 state-kr 0x0 pc 0x90024407 leaf semaphore_wait_signal_trap+0x7 frames: 0x90024407 0x364de 0x90023d67
  19.457 TIGER-SAMPLE pid 0xa2d n 0x4b thread 0x5c07 thread 0x5c07 state-kr 0x0 pc 0x900265fc leaf recvmsg+0xc frames: 0x900265fc 0x2cc6bb 0x2cd134 0x313210b 0x319b321 0x90023d67
  19.457 TIGER-SAMPLE pid 0xa2d n 0x4b thread 0x5e07 thread 0x5e07 state-kr 0x0 pc 0x90024407 leaf semaphore_wait_signal_trap+0x7 frames: 0x90024407 0x915a96ab 0x915c3ddc 0x90023d67
  19.516 TIGER-SAMPLE pid 0xa31 n 0x4a main 0xd03 thread 0xd03 state-kr 0x0 pc 0x109895e22 leaf __semwait_signal+0xa frames: 0x109895e22 0x10409c9d5 0x103fcd562 0x10409fb49 0x10409ec36 0x10409e819 0x10004a16b 0x10000154c 0x100001461 0x3
  19.516 TIGER-SAMPLE pid 0xa31 n 0x4a thread 0xf03 thread 0xf03 state-kr 0x0 pc 0x1098dfe4e leaf mach_msg_trap+0xa frames: 0x1098dfe4e 0x100327902 0x109891e9e
  19.516 TIGER-SAMPLE pid 0xa31 n 0x4a thread 0x1103 thread 0x1103 state-kr 0x0 pc 0x109895e22 leaf __semwait_signal+0xa frames: 0x109895e22 0x10409c9d5 0x103fcd562 0x10409fb49 0x10409ec36 0x10409e819 0x104033bfe 0x10409c3f9 0x109891e9e
  19.517 TIGER-SAMPLE pid 0xa31 n 0x4a thread 0x2303 thread 0x2303 state-kr 0x0 pc 0x1098467e6 leaf poll+0xa frames: 0x1098467e6 0x104033bfe 0x10409c3f9 0x109891e9e
  19.517 TIGER-SAMPLE pid 0xa31 n 0x4a thread 0x2407 thread 0x2407 state-kr 0x0 pc 0x109895e22 leaf __semwait_signal+0xa frames: 0x109895e22 0x10409c9d5 0x103fcd562 0x10409fb49 0x10409ec36 0x10409e819 0x104033bfe 0x10409c3f9 0x109891e9e
  19.518 TIGER-SAMPLE pid 0xa31 n 0x4a thread 0x2503 thread 0x2503 state-kr 0x0 pc 0x109895e22 leaf __semwait_signal+0xa frames: 0x109895e22 0x10409c9d5 0x103fcd562 0x10409fb49 0x10409ec36 0x10409e819 0x104033bfe 0x10409c3f9 0x109891e9e
  19.518 TIGER-SAMPLE pid 0xa31 n 0x4a thread 0x2603 thread 0x2603 state-kr 0x0 pc 0x109895e22 leaf __semwait_signal+0xa frames: 0x109895e22 0x10409c9d5 0x103fcd562 0x10409fb49 0x10409ec36 0x10409e819 0x104033bfe 0x10409c3f9 0x109891e9e
  19.518 TIGER-SAMPLE pid 0xa31 n 0x4a thread 0x2703 thread 0x2703 state-kr 0x0 pc 0x109895e22 leaf __semwait_signal+0xa frames: 0x109895e22 0x10409c9d5 0x103fcd562 0x10409fb49 0x10409ec36 0x10409e819 0x104033bfe 0x10409c3f9 0x109891e9e
  19.518 TIGER-SAMPLE pid 0xa31 n 0x4a thread 0x2903 thread 0x2903 state-kr 0x0 pc 0x109895e22 leaf __semwait_signal+0xa frames: 0x109895e22 0x10409c9d5 0x103fcd562 0x10409fb49 0x10409ec36 0x10409e819 0x104033bfe 0x10409c3f9 0x109891e9e
  19.518 TIGER-SAMPLE pid 0xa31 n 0x4a thread 0x2a03 thread 0x2a03 state-kr 0x0 pc 0x1098467e6 leaf poll+0xa frames: 0x1098467e6 0x104033bfe 0x10409c3f9 0x109891e9e
  19.518 TIGER-SAMPLE pid 0xa31 n 0x4a thread 0x2b03 thread 0x2b03 state-kr 0x0 pc 0x1098467e6 leaf poll+0xa frames: 0x1098467e6 0x104388627 0x1043887ea 0x101f32ba7 0x101f3e971 0x104033bfe 0x10409c3f9 0x109891e9e
  19.518 TIGER-SAMPLE pid 0xa31 n 0x4a thread 0x3003 thread 0x3003 state-kr 0x0 pc 0x109895e22 leaf __semwait_signal+0xa frames: 0x109895e22 0x10409c9d5 0x103fcd562 0x10409fb49 0x10409ec36 0x10409e819 0x104033bfe 0x10409c3f9 0x109891e9e
  19.535 TIGER-SAMPLE pid 0xa30 n 0x47 main 0xd03 thread 0xd03 state-kr 0x0 pc 0x109a95e22 leaf __semwait_signal+0xa frames: 0x109a95e22 0x1042a1327 0x1041d56a2 0x1042a4329 0x1042a34a6 0x1042a3089 0x100046488 0x100001d0c 0x100001c21 0x3
  19.536 TIGER-SAMPLE pid 0xa30 n 0x47 thread 0xf03 thread 0xf03 state-kr 0x0 pc 0x109adfe4e leaf mach_msg_trap+0xa frames: 0x109adfe4e 0x10045c512 0x109a91e9e
  19.536 TIGER-SAMPLE pid 0xa30 n 0x47 thread 0x1103 thread 0x1103 state-kr 0x0 pc 0x109a95e22 leaf __semwait_signal+0xa frames: 0x109a95e22 0x1042a12e5 0x1041d56a2 0x1042a4329 0x1042a34a6 0x1042a3089 0x10423ab3e 0x1042a0d09 0x109a91e9e
  19.536 TIGER-SAMPLE pid 0xa30 n 0x47 thread 0x2303 thread 0x2303 state-kr 0x0 pc 0x109a95e22 leaf __semwait_signal+0xa frames: 0x109a95e22 0x1042a12e5 0x1041d56a2 0x1042a4329 0x1042a34a6 0x1042a3089 0x10423ab3e 0x1042a0d09 0x109a91e9e
  19.537 TIGER-SAMPLE pid 0xa30 n 0x47 thread 0x2403 thread 0x2403 state-kr 0x0 pc 0x109a95e22 leaf __semwait_signal+0xa frames: 0x109a95e22 0x1042a12e5 0x1041d56a2 0x1042a4329 0x1042a34a6 0x1042a3089 0x10423ab3e 0x1042a0d09 0x109a91e9e
  19.537 TIGER-SAMPLE pid 0xa30 n 0x47 thread 0x2503 thread 0x2503 state-kr 0x0 pc 0x109a467e6 leaf poll+0xa frames: 0x109a467e6 0x10423ab3e 0x1042a0d09 0x109a91e9e
  19.537 TIGER-SAMPLE pid 0xa30 n 0x47 thread 0x2603 thread 0x2603 state-kr 0x0 pc 0x109a95e22 leaf __semwait_signal+0xa frames: 0x109a95e22 0x1042a12e5 0x1041d56a2 0x1042a4329 0x1042a34a6 0x1042a3089 0x10423ab3e 0x1042a0d09 0x109a91e9e
  19.537 TIGER-SAMPLE pid 0xa30 n 0x47 thread 0x2703 thread 0x2703 state-kr 0x0 pc 0x109a467e6 leaf poll+0xa frames: 0x109a467e6 0x10423ab3e 0x1042a0d09 0x109a91e9e
  19.537 TIGER-SAMPLE pid 0xa30 n 0x47 thread 0x2807 thread 0x2807 state-kr 0x0 pc 0x109a95e22 leaf __semwait_signal+0xa frames: 0x109a95e22 0x1042a12e5 0x1041d56a2 0x1042a4329 0x1042a34a6 0x1042a3089 0x10423ab3e 0x1042a0d09 0x109a91e9e
  19.538 TIGER-SAMPLE pid 0xa30 n 0x47 thread 0x2903 thread 0x2903 state-kr 0x0 pc 0x109a95e22 leaf __semwait_signal+0xa frames: 0x109a95e22 0x1042a12e5 0x1041d56a2 0x1042a4329 0x1042a34a6 0x1042a3089 0x10423ab3e 0x1042a0d09 0x109a91e9e
  19.538 TIGER-SAMPLE pid 0xa30 n 0x47 thread 0x2a03 thread 0x2a03 state-kr 0x0 pc 0x109a95e22 leaf __semwait_signal+0xa frames: 0x109a95e22 0x1042a12e5 0x1041d56a2 0x1042a4329 0x1042a34a6 0x1042a3089 0x10423ab3e 0x1042a0d09 0x109a91e9e
  19.546 TIGER-SAMPLE pid 0xa30 n 0x47 thread 0x2b03 thread 0x2b03 state-kr 0x0 pc 0x109a46712 leaf recvmsg+0xa frames: 0x109a46712 0x10045e43e 0x10423ab3e 0x1042a0d09 0x109a91e9e
  19.546 TIGER-SAMPLE pid 0xa30 n 0x47 thread 0x2c03 thread 0x2c03 state-kr 0x0 pc 0x109a95e22 leaf __semwait_signal+0xa frames: 0x109a95e22 0x1042a12e5 0x1041d56a2 0x1042a4329 0x1042a34a6 0x1042a3089 0x10423ab3e 0x1042a0d09 0x109a91e9e
  19.549 TIGER-SAMPLE pid 0xa30 n 0x47 thread 0x2d03 thread 0x2d03 state-kr 0x0 pc 0x10045dbdf leaf _ZN3IPC10Connection16readyReadHandlerEv+0x1f frames: 0x10045dbdf 0x10045e43e 0x10423ab3e 0x1042a0d09 0x109a91e9e
  19.549 TIGER-SAMPLE pid 0xa30 n 0x47 thread 0x4103 thread 0x4103 state-kr 0x0 pc 0x109a95e22 leaf __semwait_signal+0xa frames: 0x109a95e22 0x1042a1327 0x1041d56a2 0x1041b2277 0x10423ab3e 0x1042a0d09 0x109a91e9e
  19.707 TIGER-SAMPLE pid 0xa2d n 0x4c main 0x117 thread 0x117 state-kr 0x0 pc 0x90009817 leaf mach_msg_trap+0x7 frames: 0x90009817 0x9082d227 0x9082ca42 0x92e06878 0x92e05f82 0x92e05dd9 0x9328cf45 0x9328cb37 0x932868c4 0x8af6 0x82f2 0x8219 0x5
  19.707 TIGER-SAMPLE pid 0xa2d n 0x4c thread 0x1203 thread 0x1203 state-kr 0x0 pc 0x90009817 leaf mach_msg_trap+0x7 frames: 0x90009817 0x2ca6d8 0x90023d67
  19.708 TIGER-SAMPLE pid 0xa2d n 0x4c thread 0x3207 thread 0x3207 state-kr 0x0 pc 0x90024407 leaf semaphore_wait_signal_trap+0x7 frames: 0x90024407 0x364de 0x90023d67
  19.708 TIGER-SAMPLE pid 0xa2d n 0x4c thread 0x3403 thread 0x3403 state-kr 0x0 pc 0x90024407 leaf semaphore_wait_signal_trap+0x7 frames: 0x90024407 0x364de 0x90023d67
  19.708 TIGER-SAMPLE pid 0xa2d n 0x4c thread 0x5103 thread 0x5103 state-kr 0x0 pc 0x900bc3fc leaf poll+0xc frames: 0x900bc3fc 0x2cd134 0x313210b 0x319b321 0x90023d67
  19.708 TIGER-SAMPLE pid 0xa2d n 0x4c thread 0x5203 thread 0x5203 state-kr 0x0 pc 0x90024407 leaf semaphore_wait_signal_trap+0x7 frames: 0x90024407 0x364de 0x90023d67
  19.709 TIGER-SAMPLE pid 0xa2d n 0x4c thread 0x5503 thread 0x5503 state-kr 0x0 pc 0x900bc3fc leaf poll+0xc frames: 0x900bc3fc 0x2cd134 0x313210b 0x319b321 0x90023d67
  19.709 TIGER-SAMPLE pid 0xa2d n 0x4c thread 0x5603 thread 0x5603 state-kr 0x0 pc 0x90024407 leaf semaphore_wait_signal_trap+0x7 frames: 0x90024407 0x364de 0x90023d67
  19.709 TIGER-SAMPLE pid 0xa2d n 0x4c thread 0x5c07 thread 0x5c07 state-kr 0x0 pc 0x900265fc leaf recvmsg+0xc frames: 0x900265fc 0x2cc6bb 0x2cd134 0x313210b 0x319b321 0x90023d67
  19.710 TIGER-SAMPLE pid 0xa2d n 0x4c thread 0x5e07 thread 0x5e07 state-kr 0x0 pc 0x90024407 leaf semaphore_wait_signal_trap+0x7 frames: 0x90024407 0x915a96ab 0x915c3ddc 0x90023d67
  19.768 TIGER-SAMPLE pid 0xa31 n 0x4b main 0xd03 thread 0xd03 state-kr 0x0 pc 0x109895e22 leaf __semwait_signal+0xa frames: 0x109895e22 0x10409c9d5 0x103fcd562 0x10409fb49 0x10409ec36 0x10409e819 0x10004a16b 0x10000154c 0x100001461 0x3
  19.768 TIGER-SAMPLE pid 0xa31 n 0x4b thread 0xf03 thread 0xf03 state-kr 0x0 pc 0x1098dfe4e leaf mach_msg_trap+0xa frames: 0x1098dfe4e 0x100327902 0x109891e9e
  19.769 TIGER-SAMPLE pid 0xa31 n 0x4b thread 0x1103 thread 0x1103 state-kr 0x0 pc 0x109895e22 leaf __semwait_signal+0xa frames: 0x109895e22 0x10409c9d5 0x103fcd562 0x10409fb49 0x10409ec36 0x10409e819 0x104033bfe 0x10409c3f9 0x109891e9e
  19.769 TIGER-SAMPLE pid 0xa31 n 0x4b thread 0x2303 thread 0x2303 state-kr 0x0 pc 0x1098467e6 leaf poll+0xa frames: 0x1098467e6 0x104033bfe 0x10409c3f9 0x109891e9e
  19.769 TIGER-SAMPLE pid 0xa31 n 0x4b thread 0x2407 thread 0x2407 state-kr 0x0 pc 0x109895e22 leaf __semwait_signal+0xa frames: 0x109895e22 0x10409c9d5 0x103fcd562 0x10409fb49 0x10409ec36 0x10409e819 0x104033bfe 0x10409c3f9 0x109891e9e
  19.769 TIGER-SAMPLE pid 0xa31 n 0x4b thread 0x2503 thread 0x2503 state-kr 0x0 pc 0x109895e22 leaf __semwait_signal+0xa frames: 0x109895e22 0x10409c9d5 0x103fcd562 0x10409fb49 0x10409ec36 0x10409e819 0x104033bfe 0x10409c3f9 0x109891e9e
  19.769 TIGER-SAMPLE pid 0xa31 n 0x4b thread 0x2603 thread 0x2603 state-kr 0x0 pc 0x109895e22 leaf __semwait_signal+0xa frames: 0x109895e22 0x10409c9d5 0x103fcd562 0x10409fb49 0x10409ec36 0x10409e819 0x104033bfe 0x10409c3f9 0x109891e9e
  19.770 TIGER-SAMPLE pid 0xa31 n 0x4b thread 0x2703 thread 0x2703 state-kr 0x0 pc 0x109895e22 leaf __semwait_signal+0xa frames: 0x109895e22 0x10409c9d5 0x103fcd562 0x10409fb49 0x10409ec36 0x10409e819 0x104033bfe 0x10409c3f9 0x109891e9e
  19.770 TIGER-SAMPLE pid 0xa31 n 0x4b thread 0x2903 thread 0x2903 state-kr 0x0 pc 0x109895e22 leaf __semwait_signal+0xa frames: 0x109895e22 0x10409c9d5 0x103fcd562 0x10409fb49 0x10409ec36 0x10409e819 0x104033bfe 0x10409c3f9 0x109891e9e
  19.770 TIGER-SAMPLE pid 0xa31 n 0x4b thread 0x2a03 thread 0x2a03 state-kr 0x0 pc 0x1098467e6 leaf poll+0xa frames: 0x1098467e6 0x104033bfe 0x10409c3f9 0x109891e9e
  19.770 TIGER-SAMPLE pid 0xa31 n 0x4b thread 0x2b03 thread 0x2b03 state-kr 0x0 pc 0x1098467e6 leaf poll+0xa frames: 0x1098467e6 0x104388627 0x1043887ea 0x101f32ba7 0x101f3e971 0x104033bfe 0x10409c3f9 0x109891e9e
  19.770 TIGER-SAMPLE pid 0xa31 n 0x4b thread 0x3003 thread 0x3003 state-kr 0x0 pc 0x109895e22 leaf __semwait_signal+0xa frames: 0x109895e22 0x10409c9d5 0x103fcd562 0x10409fb49 0x10409ec36 0x10409e819 0x104033bfe 0x10409c3f9 0x109891e9e
  19.799 TIGER-SAMPLE pid 0xa30 n 0x48 main 0xd03 thread 0xd03 state-kr 0x0 pc 0x109a95e22 leaf __semwait_signal+0xa frames: 0x109a95e22 0x1042a1327 0x1041d56a2 0x1042a4329 0x1042a34a6 0x1042a3089 0x100046488 0x100001d0c 0x100001c21 0x3
  19.799 TIGER-SAMPLE pid 0xa30 n 0x48 thread 0xf03 thread 0xf03 state-kr 0x0 pc 0x109adfe4e leaf mach_msg_trap+0xa frames: 0x109adfe4e 0x10045c512 0x109a91e9e
  19.800 TIGER-SAMPLE pid 0xa30 n 0x48 thread 0x1103 thread 0x1103 state-kr 0x0 pc 0x109a95e22 leaf __semwait_signal+0xa frames: 0x109a95e22 0x1042a12e5 0x1041d56a2 0x1042a4329 0x1042a34a6 0x1042a3089 0x10423ab3e 0x1042a0d09 0x109a91e9e
  19.800 TIGER-SAMPLE pid 0xa30 n 0x48 thread 0x2303 thread 0x2303 state-kr 0x0 pc 0x109a95e22 leaf __semwait_signal+0xa frames: 0x109a95e22 0x1042a12e5 0x1041d56a2 0x1042a4329 0x1042a34a6 0x1042a3089 0x10423ab3e 0x1042a0d09 0x109a91e9e
  19.800 TIGER-SAMPLE pid 0xa30 n 0x48 thread 0x2403 thread 0x2403 state-kr 0x0 pc 0x109a95e22 leaf __semwait_signal+0xa frames: 0x109a95e22 0x1042a12e5 0x1041d56a2 0x1042a4329 0x1042a34a6 0x1042a3089 0x10423ab3e 0x1042a0d09 0x109a91e9e
  19.800 TIGER-SAMPLE pid 0xa30 n 0x48 thread 0x2503 thread 0x2503 state-kr 0x0 pc 0x109a467e6 leaf poll+0xa frames: 0x109a467e6 0x10423ab3e 0x1042a0d09 0x109a91e9e
  19.800 TIGER-SAMPLE pid 0xa30 n 0x48 thread 0x2603 thread 0x2603 state-kr 0x0 pc 0x109a95e22 leaf __semwait_signal+0xa frames: 0x109a95e22 0x1042a12e5 0x1041d56a2 0x1042a4329 0x1042a34a6 0x1042a3089 0x10423ab3e 0x1042a0d09 0x109a91e9e
  19.801 TIGER-SAMPLE pid 0xa30 n 0x48 thread 0x2703 thread 0x2703 state-kr 0x0 pc 0x109a467e6 leaf poll+0xa frames: 0x109a467e6 0x10423ab3e 0x1042a0d09 0x109a91e9e
  19.801 TIGER-SAMPLE pid 0xa30 n 0x48 thread 0x2807 thread 0x2807 state-kr 0x0 pc 0x109a95e22 leaf __semwait_signal+0xa frames: 0x109a95e22 0x1042a12e5 0x1041d56a2 0x1042a4329 0x1042a34a6 0x1042a3089 0x10423ab3e 0x1042a0d09 0x109a91e9e
  19.801 TIGER-SAMPLE pid 0xa30 n 0x48 thread 0x2903 thread 0x2903 state-kr 0x0 pc 0x109a95e22 leaf __semwait_signal+0xa frames: 0x109a95e22 0x1042a12e5 0x1041d56a2 0x1042a4329 0x1042a34a6 0x1042a3089 0x10423ab3e 0x1042a0d09 0x109a91e9e
  19.801 TIGER-SAMPLE pid 0xa30 n 0x48 thread 0x2a03 thread 0x2a03 state-kr 0x0 pc 0x109a95e22 leaf __semwait_signal+0xa frames: 0x109a95e22 0x1042a12e5 0x1041d56a2 0x1042a4329 0x1042a34a6 0x1042a3089 0x10423ab3e 0x1042a0d09 0x109a91e9e
  19.804 TIGER-SAMPLE pid 0xa30 n 0x48 thread 0x2b03 thread 0x2b03 state-kr 0x0 pc 0x109a46712 leaf recvmsg+0xa frames: 0x109a46712 0x10045e43e 0x10423ab3e 0x1042a0d09 0x109a91e9e
  19.804 TIGER-SAMPLE pid 0xa30 n 0x48 thread 0x2c03 thread 0x2c03 state-kr 0x0 pc 0x109a95e22 leaf __semwait_signal+0xa frames: 0x109a95e22 0x1042a12e5 0x1041d56a2 0x1042a4329 0x1042a34a6 0x1042a3089 0x10423ab3e 0x1042a0d09 0x109a91e9e
  19.804 TIGER-SAMPLE pid 0xa30 n 0x48 thread 0x2d03 thread 0x2d03 state-kr 0x0 pc 0x109a46712 leaf recvmsg+0xa frames: 0x109a46712 0x10045e43e 0x10423ab3e 0x1042a0d09 0x109a91e9e
  19.805 TIGER-SAMPLE pid 0xa30 n 0x48 thread 0x4103 thread 0x4103 state-kr 0x0 pc 0x109a95e22 leaf __semwait_signal+0xa frames: 0x109a95e22 0x1042a1327 0x1041d56a2 0x1041b2277 0x10423ab3e 0x1042a0d09 0x109a91e9e
  19.962 TIGER-SAMPLE pid 0xa2d n 0x4d main 0x117 thread 0x117 state-kr 0x0 pc 0x90009817 leaf mach_msg_trap+0x7 frames: 0x90009817 0x9082d227 0x9082ca42 0x92e06878 0x92e05f82 0x92e05dd9 0x9328cf45 0x9328cb37 0x932868c4 0x8af6 0x82f2 0x8219 0x5
  19.962 TIGER-SAMPLE pid 0xa2d n 0x4d thread 0x1203 thread 0x1203 state-kr 0x0 pc 0x90009817 leaf mach_msg_trap+0x7 frames: 0x90009817 0x2ca6d8 0x90023d67
  19.962 TIGER-SAMPLE pid 0xa2d n 0x4d thread 0x3207 thread 0x3207 state-kr 0x0 pc 0x90024407 leaf semaphore_wait_signal_trap+0x7 frames: 0x90024407 0x364de 0x90023d67
  19.962 TIGER-SAMPLE pid 0xa2d n 0x4d thread 0x3403 thread 0x3403 state-kr 0x0 pc 0x90024407 leaf semaphore_wait_signal_trap+0x7 frames: 0x90024407 0x364de 0x90023d67
  19.962 TIGER-SAMPLE pid 0xa2d n 0x4d thread 0x5103 thread 0x5103 state-kr 0x0 pc 0x900bc3fc leaf poll+0xc frames: 0x900bc3fc 0x2cd134 0x313210b 0x319b321 0x90023d67
  19.962 TIGER-SAMPLE pid 0xa2d n 0x4d thread 0x5203 thread 0x5203 state-kr 0x0 pc 0x90024407 leaf semaphore_wait_signal_trap+0x7 frames: 0x90024407 0x364de 0x90023d67
  19.962 TIGER-SAMPLE pid 0xa2d n 0x4d thread 0x5503 thread 0x5503 state-kr 0x0 pc 0x900bc3fc leaf poll+0xc frames: 0x900bc3fc 0x2cd134 0x313210b 0x319b321 0x90023d67
  19.962 TIGER-SAMPLE pid 0xa2d n 0x4d thread 0x5603 thread 0x5603 state-kr 0x0 pc 0x90024407 leaf semaphore_wait_signal_trap+0x7 frames: 0x90024407 0x364de 0x90023d67
  19.962 TIGER-SAMPLE pid 0xa2d n 0x4d thread 0x5c07 thread 0x5c07 state-kr 0x0 pc 0x900265fc leaf recvmsg+0xc frames: 0x900265fc 0x2cc6bb 0x2cd134 0x313210b 0x319b321 0x90023d67
  19.962 TIGER-SAMPLE pid 0xa2d n 0x4d thread 0x5e07 thread 0x5e07 state-kr 0x0 pc 0x90024407 leaf semaphore_wait_signal_trap+0x7 frames: 0x90024407 0x915a96ab 0x915c3ddc 0x90023d67
  20.021 TIGER-SAMPLE pid 0xa31 n 0x4c main 0xd03 thread 0xd03 state-kr 0x0 pc 0x109895e22 leaf __semwait_signal+0xa frames: 0x109895e22 0x10409c9d5 0x103fcd562 0x10409fb49 0x10409ec36 0x10409e819 0x10004a16b 0x10000154c 0x100001461 0x3
  20.021 TIGER-SAMPLE pid 0xa31 n 0x4c thread 0xf03 thread 0xf03 state-kr 0x0 pc 0x1098dfe4e leaf mach_msg_trap+0xa frames: 0x1098dfe4e 0x100327902 0x109891e9e
  20.021 TIGER-SAMPLE pid 0xa31 n 0x4c thread 0x1103 thread 0x1103 state-kr 0x0 pc 0x109895e22 leaf __semwait_signal+0xa frames: 0x109895e22 0x10409c9d5 0x103fcd562 0x10409fb49 0x10409ec36 0x10409e819 0x104033bfe 0x10409c3f9 0x109891e9e
  20.021 TIGER-SAMPLE pid 0xa31 n 0x4c thread 0x2303 thread 0x2303 state-kr 0x0 pc 0x1098467e6 leaf poll+0xa frames: 0x1098467e6 0x104033bfe 0x10409c3f9 0x109891e9e
  20.021 TIGER-SAMPLE pid 0xa31 n 0x4c thread 0x2407 thread 0x2407 state-kr 0x0 pc 0x109895e22 leaf __semwait_signal+0xa frames: 0x109895e22 0x10409c9d5 0x103fcd562 0x10409fb49 0x10409ec36 0x10409e819 0x104033bfe 0x10409c3f9 0x109891e9e
  20.022 TIGER-SAMPLE pid 0xa31 n 0x4c thread 0x2503 thread 0x2503 state-kr 0x0 pc 0x109895e22 leaf __semwait_signal+0xa frames: 0x109895e22 0x10409c9d5 0x103fcd562 0x10409fb49 0x10409ec36 0x10409e819 0x104033bfe 0x10409c3f9 0x109891e9e
  20.022 TIGER-SAMPLE pid 0xa31 n 0x4c thread 0x2603 thread 0x2603 state-kr 0x0 pc 0x109895e22 leaf __semwait_signal+0xa frames: 0x109895e22 0x10409c9d5 0x103fcd562 0x10409fb49 0x10409ec36 0x10409e819 0x104033bfe 0x10409c3f9 0x109891e9e
  20.022 TIGER-SAMPLE pid 0xa31 n 0x4c thread 0x2703 thread 0x2703 state-kr 0x0 pc 0x109895e22 leaf __semwait_signal+0xa frames: 0x109895e22 0x10409c9d5 0x103fcd562 0x10409fb49 0x10409ec36 0x10409e819 0x104033bfe 0x10409c3f9 0x109891e9e
  20.022 TIGER-SAMPLE pid 0xa31 n 0x4c thread 0x2903 thread 0x2903 state-kr 0x0 pc 0x109895e22 leaf __semwait_signal+0xa frames: 0x109895e22 0x10409c9d5 0x103fcd562 0x10409fb49 0x10409ec36 0x10409e819 0x104033bfe 0x10409c3f9 0x109891e9e
  20.023 TIGER-SAMPLE pid 0xa31 n 0x4c thread 0x2a03 thread 0x2a03 state-kr 0x0 pc 0x1098467e6 leaf poll+0xa frames: 0x1098467e6 0x104033bfe 0x10409c3f9 0x109891e9e
  20.023 TIGER-SAMPLE pid 0xa31 n 0x4c thread 0x2b03 thread 0x2b03 state-kr 0x0 pc 0x1098467e6 leaf poll+0xa frames: 0x1098467e6 0x104388627 0x1043887ea 0x101f32ba7 0x101f3e971 0x104033bfe 0x10409c3f9 0x109891e9e
  20.023 TIGER-SAMPLE pid 0xa31 n 0x4c thread 0x3003 thread 0x3003 state-kr 0x0 pc 0x109895e22 leaf __semwait_signal+0xa frames: 0x109895e22 0x10409c9d5 0x103fcd562 0x10409fb49 0x10409ec36 0x10409e819 0x104033bfe 0x10409c3f9 0x109891e9e
  20.055 TIGER-SAMPLE pid 0xa30 n 0x49 main 0xd03 thread 0xd03 state-kr 0x0 pc 0x109a95e22 leaf __semwait_signal+0xa frames: 0x109a95e22 0x1042a1327 0x1041d56a2 0x1042a4329 0x1042a34a6 0x1042a3089 0x100046488 0x100001d0c 0x100001c21 0x3
  20.055 TIGER-SAMPLE pid 0xa30 n 0x49 thread 0xf03 thread 0xf03 state-kr 0x0 pc 0x109adfe4e leaf mach_msg_trap+0xa frames: 0x109adfe4e 0x10045c512 0x109a91e9e
  20.055 TIGER-SAMPLE pid 0xa30 n 0x49 thread 0x1103 thread 0x1103 state-kr 0x0 pc 0x109a95e22 leaf __semwait_signal+0xa frames: 0x109a95e22 0x1042a12e5 0x1041d56a2 0x1042a4329 0x1042a34a6 0x1042a3089 0x10423ab3e 0x1042a0d09 0x109a91e9e
  20.056 TIGER-SAMPLE pid 0xa30 n 0x49 thread 0x2303 thread 0x2303 state-kr 0x0 pc 0x109a95e22 leaf __semwait_signal+0xa frames: 0x109a95e22 0x1042a12e5 0x1041d56a2 0x1042a4329 0x1042a34a6 0x1042a3089 0x10423ab3e 0x1042a0d09 0x109a91e9e
  20.056 TIGER-SAMPLE pid 0xa30 n 0x49 thread 0x2403 thread 0x2403 state-kr 0x0 pc 0x109a95e22 leaf __semwait_signal+0xa frames: 0x109a95e22 0x1042a12e5 0x1041d56a2 0x1042a4329 0x1042a34a6 0x1042a3089 0x10423ab3e 0x1042a0d09 0x109a91e9e
  20.056 TIGER-SAMPLE pid 0xa30 n 0x49 thread 0x2503 thread 0x2503 state-kr 0x0 pc 0x109a467e6 leaf poll+0xa frames: 0x109a467e6 0x10423ab3e 0x1042a0d09 0x109a91e9e
  20.057 TIGER-SAMPLE pid 0xa30 n 0x49 thread 0x2603 thread 0x2603 state-kr 0x0 pc 0x109a95e22 leaf __semwait_signal+0xa frames: 0x109a95e22 0x1042a12e5 0x1041d56a2 0x1042a4329 0x1042a34a6 0x1042a3089 0x10423ab3e 0x1042a0d09 0x109a91e9e
  20.057 TIGER-SAMPLE pid 0xa30 n 0x49 thread 0x2703 thread 0x2703 state-kr 0x0 pc 0x109a467e6 leaf poll+0xa frames: 0x109a467e6 0x10423ab3e 0x1042a0d09 0x109a91e9e
  20.057 TIGER-SAMPLE pid 0xa30 n 0x49 thread 0x2807 thread 0x2807 state-kr 0x0 pc 0x109a95e22 leaf __semwait_signal+0xa frames: 0x109a95e22 0x1042a12e5 0x1041d56a2 0x1042a4329 0x1042a34a6 0x1042a3089 0x10423ab3e 0x1042a0d09 0x109a91e9e
  20.057 TIGER-SAMPLE pid 0xa30 n 0x49 thread 0x2903 thread 0x2903 state-kr 0x0 pc 0x109a95e22 leaf __semwait_signal+0xa frames: 0x109a95e22 0x1042a12e5 0x1041d56a2 0x1042a4329 0x1042a34a6 0x1042a3089 0x10423ab3e 0x1042a0d09 0x109a91e9e
  20.057 TIGER-SAMPLE pid 0xa30 n 0x49 thread 0x2a03 thread 0x2a03 state-kr 0x0 pc 0x109a95e22 leaf __semwait_signal+0xa frames: 0x109a95e22 0x1042a12e5 0x1041d56a2 0x1042a4329 0x1042a34a6 0x1042a3089 0x10423ab3e 0x1042a0d09 0x109a91e9e
  20.060 TIGER-SAMPLE pid 0xa30 n 0x49 thread 0x2b03 thread 0x2b03 state-kr 0x0 pc 0x10045df90 leaf _ZN3IPC10Connection16readyReadHandlerEv+0x3d0 frames: 0x10045df90 0x10045e43e 0x10423ab3e 0x1042a0d09 0x109a91e9e
  20.060 TIGER-SAMPLE pid 0xa30 n 0x49 thread 0x2c03 thread 0x2c03 state-kr 0x0 pc 0x109a95e22 leaf __semwait_signal+0xa frames: 0x109a95e22 0x1042a12e5 0x1041d56a2 0x1042a4329 0x1042a34a6 0x1042a3089 0x10423ab3e 0x1042a0d09 0x109a91e9e
  20.060 TIGER-SAMPLE pid 0xa30 n 0x49 thread 0x2d03 thread 0x2d03 state-kr 0x0 pc 0x109a46712 leaf recvmsg+0xa frames: 0x109a46712 0x10045e43e 0x10423ab3e 0x1042a0d09 0x109a91e9e
  20.060 TIGER-SAMPLE pid 0xa30 n 0x49 thread 0x4103 thread 0x4103 state-kr 0x0 pc 0x109a95e22 leaf __semwait_signal+0xa frames: 0x109a95e22 0x1042a1327 0x1041d56a2 0x1041b2277 0x10423ab3e 0x1042a0d09 0x109a91e9e
  20.213 TIGER-SAMPLE pid 0xa2d n 0x4e main 0x117 thread 0x117 state-kr 0x0 pc 0x90009817 leaf mach_msg_trap+0x7 frames: 0x90009817 0x9082d227 0x9082ca42 0x92e06878 0x92e05f82 0x92e05dd9 0x9328cf45 0x9328cb37 0x932868c4 0x8af6 0x82f2 0x8219 0x5
  20.213 TIGER-SAMPLE pid 0xa2d n 0x4e thread 0x1203 thread 0x1203 state-kr 0x0 pc 0x90009817 leaf mach_msg_trap+0x7 frames: 0x90009817 0x2ca6d8 0x90023d67
  20.213 TIGER-SAMPLE pid 0xa2d n 0x4e thread 0x3207 thread 0x3207 state-kr 0x0 pc 0x90024407 leaf semaphore_wait_signal_trap+0x7 frames: 0x90024407 0x364de 0x90023d67
  20.213 TIGER-SAMPLE pid 0xa2d n 0x4e thread 0x3403 thread 0x3403 state-kr 0x0 pc 0x90024407 leaf semaphore_wait_signal_trap+0x7 frames: 0x90024407 0x364de 0x90023d67
  20.214 TIGER-SAMPLE pid 0xa2d n 0x4e thread 0x5103 thread 0x5103 state-kr 0x0 pc 0x900bc3fc leaf poll+0xc frames: 0x900bc3fc 0x2cd134 0x313210b 0x319b321 0x90023d67
  20.214 TIGER-SAMPLE pid 0xa2d n 0x4e thread 0x5203 thread 0x5203 state-kr 0x0 pc 0x90024407 leaf semaphore_wait_signal_trap+0x7 frames: 0x90024407 0x364de 0x90023d67
  20.214 TIGER-SAMPLE pid 0xa2d n 0x4e thread 0x5503 thread 0x5503 state-kr 0x0 pc 0x900bc3fc leaf poll+0xc frames: 0x900bc3fc 0x2cd134 0x313210b 0x319b321 0x90023d67
  20.214 TIGER-SAMPLE pid 0xa2d n 0x4e thread 0x5603 thread 0x5603 state-kr 0x0 pc 0x90024407 leaf semaphore_wait_signal_trap+0x7 frames: 0x90024407 0x364de 0x90023d67
  20.215 TIGER-SAMPLE pid 0xa2d n 0x4e thread 0x5c07 thread 0x5c07 state-kr 0x0 pc 0x900265fc leaf recvmsg+0xc frames: 0x900265fc 0x2cc6bb 0x2cd134 0x313210b 0x319b321 0x90023d67
  20.215 TIGER-SAMPLE pid 0xa2d n 0x4e thread 0x5e07 thread 0x5e07 state-kr 0x0 pc 0x90024407 leaf semaphore_wait_signal_trap+0x7 frames: 0x90024407 0x915a96ab 0x915c3ddc 0x90023d67
  20.273 TIGER-SAMPLE pid 0xa31 n 0x4d main 0xd03 thread 0xd03 state-kr 0x0 pc 0x109895e22 leaf __semwait_signal+0xa frames: 0x109895e22 0x10409c9d5 0x103fcd562 0x10409fb49 0x10409ec36 0x10409e819 0x10004a16b 0x10000154c 0x100001461 0x3
  20.274 TIGER-SAMPLE pid 0xa31 n 0x4d thread 0xf03 thread 0xf03 state-kr 0x0 pc 0x1098dfe4e leaf mach_msg_trap+0xa frames: 0x1098dfe4e 0x100327902 0x109891e9e
  20.274 TIGER-SAMPLE pid 0xa31 n 0x4d thread 0x1103 thread 0x1103 state-kr 0x0 pc 0x109895e22 leaf __semwait_signal+0xa frames: 0x109895e22 0x10409c9d5 0x103fcd562 0x10409fb49 0x10409ec36 0x10409e819 0x104033bfe 0x10409c3f9 0x109891e9e
  20.274 TIGER-SAMPLE pid 0xa31 n 0x4d thread 0x2303 thread 0x2303 state-kr 0x0 pc 0x1098467e6 leaf poll+0xa frames: 0x1098467e6 0x104033bfe 0x10409c3f9 0x109891e9e
  20.274 TIGER-SAMPLE pid 0xa31 n 0x4d thread 0x2407 thread 0x2407 state-kr 0x0 pc 0x109895e22 leaf __semwait_signal+0xa frames: 0x109895e22 0x10409c9d5 0x103fcd562 0x10409fb49 0x10409ec36 0x10409e819 0x104033bfe 0x10409c3f9 0x109891e9e
  20.274 TIGER-SAMPLE pid 0xa31 n 0x4d thread 0x2503 thread 0x2503 state-kr 0x0 pc 0x109895e22 leaf __semwait_signal+0xa frames: 0x109895e22 0x10409c9d5 0x103fcd562 0x10409fb49 0x10409ec36 0x10409e819 0x104033bfe 0x10409c3f9 0x109891e9e
  20.275 TIGER-SAMPLE pid 0xa31 n 0x4d thread 0x2603 thread 0x2603 state-kr 0x0 pc 0x109895e22 leaf __semwait_signal+0xa frames: 0x109895e22 0x10409c9d5 0x103fcd562 0x10409fb49 0x10409ec36 0x10409e819 0x104033bfe 0x10409c3f9 0x109891e9e
  20.275 TIGER-SAMPLE pid 0xa31 n 0x4d thread 0x2703 thread 0x2703 state-kr 0x0 pc 0x109895e22 leaf __semwait_signal+0xa frames: 0x109895e22 0x10409c9d5 0x103fcd562 0x10409fb49 0x10409ec36 0x10409e819 0x104033bfe 0x10409c3f9 0x109891e9e
  20.275 TIGER-SAMPLE pid 0xa31 n 0x4d thread 0x2903 thread 0x2903 state-kr 0x0 pc 0x109895e22 leaf __semwait_signal+0xa frames: 0x109895e22 0x10409c9d5 0x103fcd562 0x10409fb49 0x10409ec36 0x10409e819 0x104033bfe 0x10409c3f9 0x109891e9e
  20.275 TIGER-SAMPLE pid 0xa31 n 0x4d thread 0x2a03 thread 0x2a03 state-kr 0x0 pc 0x1098467e6 leaf poll+0xa frames: 0x1098467e6 0x104033bfe 0x10409c3f9 0x109891e9e
  20.276 TIGER-SAMPLE pid 0xa31 n 0x4d thread 0x2b03 thread 0x2b03 state-kr 0x0 pc 0x1098467e6 leaf poll+0xa frames: 0x1098467e6 0x104388627 0x1043887ea 0x101f32ba7 0x101f3e971 0x104033bfe 0x10409c3f9 0x109891e9e
  20.276 TIGER-SAMPLE pid 0xa31 n 0x4d thread 0x3003 thread 0x3003 state-kr 0x0 pc 0x109895e22 leaf __semwait_signal+0xa frames: 0x109895e22 0x10409c9d5 0x103fcd562 0x10409fb49 0x10409ec36 0x10409e819 0x104033bfe 0x10409c3f9 0x109891e9e
  20.311 TIGER-SAMPLE pid 0xa30 n 0x4a main 0xd03 thread 0xd03 state-kr 0x0 pc 0x109a95e22 leaf __semwait_signal+0xa frames: 0x109a95e22 0x1042a1327 0x1041d56a2 0x1042a4329 0x1042a34a6 0x1042a3089 0x100046488 0x100001d0c 0x100001c21 0x3
  20.311 TIGER-SAMPLE pid 0xa30 n 0x4a thread 0xf03 thread 0xf03 state-kr 0x0 pc 0x109adfe4e leaf mach_msg_trap+0xa frames: 0x109adfe4e 0x10045c512 0x109a91e9e
  20.311 TIGER-SAMPLE pid 0xa30 n 0x4a thread 0x1103 thread 0x1103 state-kr 0x0 pc 0x109a95e22 leaf __semwait_signal+0xa frames: 0x109a95e22 0x1042a12e5 0x1041d56a2 0x1042a4329 0x1042a34a6 0x1042a3089 0x10423ab3e 0x1042a0d09 0x109a91e9e
  20.311 TIGER-SAMPLE pid 0xa30 n 0x4a thread 0x2303 thread 0x2303 state-kr 0x0 pc 0x109a95e22 leaf __semwait_signal+0xa frames: 0x109a95e22 0x1042a12e5 0x1041d56a2 0x1042a4329 0x1042a34a6 0x1042a3089 0x10423ab3e 0x1042a0d09 0x109a91e9e
  20.312 TIGER-SAMPLE pid 0xa30 n 0x4a thread 0x2403 thread 0x2403 state-kr 0x0 pc 0x109a95e22 leaf __semwait_signal+0xa frames: 0x109a95e22 0x1042a12e5 0x1041d56a2 0x1042a4329 0x1042a34a6 0x1042a3089 0x10423ab3e 0x1042a0d09 0x109a91e9e
  20.312 TIGER-SAMPLE pid 0xa30 n 0x4a thread 0x2503 thread 0x2503 state-kr 0x0 pc 0x109a467e6 leaf poll+0xa frames: 0x109a467e6 0x10423ab3e 0x1042a0d09 0x109a91e9e
  20.312 TIGER-SAMPLE pid 0xa30 n 0x4a thread 0x2603 thread 0x2603 state-kr 0x0 pc 0x109a95e22 leaf __semwait_signal+0xa frames: 0x109a95e22 0x1042a12e5 0x1041d56a2 0x1042a4329 0x1042a34a6 0x1042a3089 0x10423ab3e 0x1042a0d09 0x109a91e9e
  20.312 TIGER-SAMPLE pid 0xa30 n 0x4a thread 0x2703 thread 0x2703 state-kr 0x0 pc 0x109a467e6 leaf poll+0xa frames: 0x109a467e6 0x10423ab3e 0x1042a0d09 0x109a91e9e
  20.313 TIGER-SAMPLE pid 0xa30 n 0x4a thread 0x2807 thread 0x2807 state-kr 0x0 pc 0x109a95e22 leaf __semwait_signal+0xa frames: 0x109a95e22 0x1042a12e5 0x1041d56a2 0x1042a4329 0x1042a34a6 0x1042a3089 0x10423ab3e 0x1042a0d09 0x109a91e9e
  20.313 TIGER-SAMPLE pid 0xa30 n 0x4a thread 0x2903 thread 0x2903 state-kr 0x0 pc 0x109a95e22 leaf __semwait_signal+0xa frames: 0x109a95e22 0x1042a12e5 0x1041d56a2 0x1042a4329 0x1042a34a6 0x1042a3089 0x10423ab3e 0x1042a0d09 0x109a91e9e
  20.313 TIGER-SAMPLE pid 0xa30 n 0x4a thread 0x2a03 thread 0x2a03 state-kr 0x0 pc 0x109a95e22 leaf __semwait_signal+0xa frames: 0x109a95e22 0x1042a12e5 0x1041d56a2 0x1042a4329 0x1042a34a6 0x1042a3089 0x10423ab3e 0x1042a0d09 0x109a91e9e
  20.313 TIGER-SAMPLE pid 0xa30 n 0x4a thread 0x2b03 thread 0x2b03 state-kr 0x0 pc 0x109a46712 leaf recvmsg+0xa frames: 0x109a46712 0x10045e43e 0x10423ab3e 0x1042a0d09 0x109a91e9e
  20.313 TIGER-SAMPLE pid 0xa30 n 0x4a thread 0x2c03 thread 0x2c03 state-kr 0x0 pc 0x109a95e22 leaf __semwait_signal+0xa frames: 0x109a95e22 0x1042a12e5 0x1041d56a2 0x1042a4329 0x1042a34a6 0x1042a3089 0x10423ab3e 0x1042a0d09 0x109a91e9e
  20.314 TIGER-SAMPLE pid 0xa30 n 0x4a thread 0x2d03 thread 0x2d03 state-kr 0x0 pc 0x109a46712 leaf recvmsg+0xa frames: 0x109a46712 0x10045e43e 0x10423ab3e 0x1042a0d09 0x109a91e9e
  20.314 TIGER-SAMPLE pid 0xa30 n 0x4a thread 0x4103 thread 0x4103 state-kr 0x0 pc 0x109a95e22 leaf __semwait_signal+0xa frames: 0x109a95e22 0x1042a1327 0x1041d56a2 0x1041b2277 0x10423ab3e 0x1042a0d09 0x109a91e9e
  20.467 TIGER-SAMPLE pid 0xa2d n 0x4f main 0x117 thread 0x117 state-kr 0x0 pc 0x90009817 leaf mach_msg_trap+0x7 frames: 0x90009817 0x9082d227 0x9082ca42 0x92e06878 0x92e05f82 0x92e05dd9 0x9328cf45 0x9328cb37 0x932868c4 0x8af6 0x82f2 0x8219 0x5
  20.467 TIGER-SAMPLE pid 0xa2d n 0x4f thread 0x1203 thread 0x1203 state-kr 0x0 pc 0x90009817 leaf mach_msg_trap+0x7 frames: 0x90009817 0x2ca6d8 0x90023d67
  20.467 TIGER-SAMPLE pid 0xa2d n 0x4f thread 0x3207 thread 0x3207 state-kr 0x0 pc 0x90024407 leaf semaphore_wait_signal_trap+0x7 frames: 0x90024407 0x364de 0x90023d67
  20.467 TIGER-SAMPLE pid 0xa2d n 0x4f thread 0x3403 thread 0x3403 state-kr 0x0 pc 0x90024407 leaf semaphore_wait_signal_trap+0x7 frames: 0x90024407 0x364de 0x90023d67
  20.467 TIGER-SAMPLE pid 0xa2d n 0x4f thread 0x5103 thread 0x5103 state-kr 0x0 pc 0x900bc3fc leaf poll+0xc frames: 0x900bc3fc 0x2cd134 0x313210b 0x319b321 0x90023d67
  20.467 TIGER-SAMPLE pid 0xa2d n 0x4f thread 0x5203 thread 0x5203 state-kr 0x0 pc 0x90024407 leaf semaphore_wait_signal_trap+0x7 frames: 0x90024407 0x364de 0x90023d67
  20.467 TIGER-SAMPLE pid 0xa2d n 0x4f thread 0x5503 thread 0x5503 state-kr 0x0 pc 0x900bc3fc leaf poll+0xc frames: 0x900bc3fc 0x2cd134 0x313210b 0x319b321 0x90023d67
  20.467 TIGER-SAMPLE pid 0xa2d n 0x4f thread 0x5603 thread 0x5603 state-kr 0x0 pc 0x90024407 leaf semaphore_wait_signal_trap+0x7 frames: 0x90024407 0x364de 0x90023d67
  20.467 TIGER-SAMPLE pid 0xa2d n 0x4f thread 0x5c07 thread 0x5c07 state-kr 0x0 pc 0x900050dc leaf free+0x2ec frames: 0x900050dc 0x2cc149 0x2cc6bb 0x2cd134 0x313210b 0x319b321 0x90023d67
  20.468 TIGER-SAMPLE pid 0xa2d n 0x4f thread 0x5e07 thread 0x5e07 state-kr 0x0 pc 0x90024407 leaf semaphore_wait_signal_trap+0x7 frames: 0x90024407 0x915a96ab 0x915c3ddc 0x90023d67
  20.526 TIGER-SAMPLE pid 0xa31 n 0x4e main 0xd03 thread 0xd03 state-kr 0x0 pc 0x109895e22 leaf __semwait_signal+0xa frames: 0x109895e22 0x10409c9d5 0x103fcd562 0x10409fb49 0x10409ec36 0x10409e819 0x10004a16b 0x10000154c 0x100001461 0x3
  20.526 TIGER-SAMPLE pid 0xa31 n 0x4e thread 0xf03 thread 0xf03 state-kr 0x0 pc 0x1098dfe4e leaf mach_msg_trap+0xa frames: 0x1098dfe4e 0x100327902 0x109891e9e
  20.527 TIGER-SAMPLE pid 0xa31 n 0x4e thread 0x1103 thread 0x1103 state-kr 0x0 pc 0x109895e22 leaf __semwait_signal+0xa frames: 0x109895e22 0x10409c9d5 0x103fcd562 0x10409fb49 0x10409ec36 0x10409e819 0x104033bfe 0x10409c3f9 0x109891e9e
  20.527 TIGER-SAMPLE pid 0xa31 n 0x4e thread 0x2303 thread 0x2303 state-kr 0x0 pc 0x1098467e6 leaf poll+0xa frames: 0x1098467e6 0x104033bfe 0x10409c3f9 0x109891e9e
  20.527 TIGER-SAMPLE pid 0xa31 n 0x4e thread 0x2407 thread 0x2407 state-kr 0x0 pc 0x109895e22 leaf __semwait_signal+0xa frames: 0x109895e22 0x10409c9d5 0x103fcd562 0x10409fb49 0x10409ec36 0x10409e819 0x104033bfe 0x10409c3f9 0x109891e9e
  20.527 TIGER-SAMPLE pid 0xa31 n 0x4e thread 0x2503 thread 0x2503 state-kr 0x0 pc 0x109895e22 leaf __semwait_signal+0xa frames: 0x109895e22 0x10409c9d5 0x103fcd562 0x10409fb49 0x10409ec36 0x10409e819 0x104033bfe 0x10409c3f9 0x109891e9e
  20.527 TIGER-SAMPLE pid 0xa31 n 0x4e thread 0x2603 thread 0x2603 state-kr 0x0 pc 0x109895e22 leaf __semwait_signal+0xa frames: 0x109895e22 0x10409c9d5 0x103fcd562 0x10409fb49 0x10409ec36 0x10409e819 0x104033bfe 0x10409c3f9 0x109891e9e
  20.528 TIGER-SAMPLE pid 0xa31 n 0x4e thread 0x2703 thread 0x2703 state-kr 0x0 pc 0x109895e22 leaf __semwait_signal+0xa frames: 0x109895e22 0x10409c9d5 0x103fcd562 0x10409fb49 0x10409ec36 0x10409e819 0x104033bfe 0x10409c3f9 0x109891e9e
  20.528 TIGER-SAMPLE pid 0xa31 n 0x4e thread 0x2903 thread 0x2903 state-kr 0x0 pc 0x109895e22 leaf __semwait_signal+0xa frames: 0x109895e22 0x10409c9d5 0x103fcd562 0x10409fb49 0x10409ec36 0x10409e819 0x104033bfe 0x10409c3f9 0x109891e9e
  20.528 TIGER-SAMPLE pid 0xa31 n 0x4e thread 0x2a03 thread 0x2a03 state-kr 0x0 pc 0x1098467e6 leaf poll+0xa frames: 0x1098467e6 0x104033bfe 0x10409c3f9 0x109891e9e
  20.528 TIGER-SAMPLE pid 0xa31 n 0x4e thread 0x2b03 thread 0x2b03 state-kr 0x0 pc 0x1098467e6 leaf poll+0xa frames: 0x1098467e6 0x104388627 0x1043887ea 0x101f32ba7 0x101f3e971 0x104033bfe 0x10409c3f9 0x109891e9e
  20.529 TIGER-SAMPLE pid 0xa31 n 0x4e thread 0x3003 thread 0x3003 state-kr 0x0 pc 0x109895e22 leaf __semwait_signal+0xa frames: 0x109895e22 0x10409c9d5 0x103fcd562 0x10409fb49 0x10409ec36 0x10409e819 0x104033bfe 0x10409c3f9 0x109891e9e
  20.564 TIGER-SAMPLE pid 0xa30 n 0x4b main 0xd03 thread 0xd03 state-kr 0x0 pc 0x109a95e22 leaf __semwait_signal+0xa frames: 0x109a95e22 0x1042a1327 0x1041d56a2 0x1042a4329 0x1042a34a6 0x1042a3089 0x100046488 0x100001d0c 0x100001c21 0x3
  20.564 TIGER-SAMPLE pid 0xa30 n 0x4b thread 0xf03 thread 0xf03 state-kr 0x0 pc 0x109adfe4e leaf mach_msg_trap+0xa frames: 0x109adfe4e 0x10045c512 0x109a91e9e
  20.565 TIGER-SAMPLE pid 0xa30 n 0x4b thread 0x1103 thread 0x1103 state-kr 0x0 pc 0x109a95e22 leaf __semwait_signal+0xa frames: 0x109a95e22 0x1042a12e5 0x1041d56a2 0x1042a4329 0x1042a34a6 0x1042a3089 0x10423ab3e 0x1042a0d09 0x109a91e9e
  20.565 TIGER-SAMPLE pid 0xa30 n 0x4b thread 0x2303 thread 0x2303 state-kr 0x0 pc 0x109a95e22 leaf __semwait_signal+0xa frames: 0x109a95e22 0x1042a12e5 0x1041d56a2 0x1042a4329 0x1042a34a6 0x1042a3089 0x10423ab3e 0x1042a0d09 0x109a91e9e
  20.566 TIGER-SAMPLE pid 0xa30 n 0x4b thread 0x2403 thread 0x2403 state-kr 0x0 pc 0x109a95e22 leaf __semwait_signal+0xa frames: 0x109a95e22 0x1042a12e5 0x1041d56a2 0x1042a4329 0x1042a34a6 0x1042a3089 0x10423ab3e 0x1042a0d09 0x109a91e9e
  20.566 TIGER-SAMPLE pid 0xa30 n 0x4b thread 0x2503 thread 0x2503 state-kr 0x0 pc 0x109a467e6 leaf poll+0xa frames: 0x109a467e6 0x10423ab3e 0x1042a0d09 0x109a91e9e
  20.566 TIGER-SAMPLE pid 0xa30 n 0x4b thread 0x2603 thread 0x2603 state-kr 0x0 pc 0x109a95e22 leaf __semwait_signal+0xa frames: 0x109a95e22 0x1042a12e5 0x1041d56a2 0x1042a4329 0x1042a34a6 0x1042a3089 0x10423ab3e 0x1042a0d09 0x109a91e9e
  20.566 TIGER-SAMPLE pid 0xa30 n 0x4b thread 0x2703 thread 0x2703 state-kr 0x0 pc 0x109a467e6 leaf poll+0xa frames: 0x109a467e6 0x10423ab3e 0x1042a0d09 0x109a91e9e
  20.566 TIGER-SAMPLE pid 0xa30 n 0x4b thread 0x2807 thread 0x2807 state-kr 0x0 pc 0x109a95e22 leaf __semwait_signal+0xa frames: 0x109a95e22 0x1042a12e5 0x1041d56a2 0x1042a4329 0x1042a34a6 0x1042a3089 0x10423ab3e 0x1042a0d09 0x109a91e9e
  20.566 TIGER-SAMPLE pid 0xa30 n 0x4b thread 0x2903 thread 0x2903 state-kr 0x0 pc 0x109a95e22 leaf __semwait_signal+0xa frames: 0x109a95e22 0x1042a12e5 0x1041d56a2 0x1042a4329 0x1042a34a6 0x1042a3089 0x10423ab3e 0x1042a0d09 0x109a91e9e
  20.566 TIGER-SAMPLE pid 0xa30 n 0x4b thread 0x2a03 thread 0x2a03 state-kr 0x0 pc 0x109a95e22 leaf __semwait_signal+0xa frames: 0x109a95e22 0x1042a12e5 0x1041d56a2 0x1042a4329 0x1042a34a6 0x1042a3089 0x10423ab3e 0x1042a0d09 0x109a91e9e
  20.566 TIGER-SAMPLE pid 0xa30 n 0x4b thread 0x2b03 thread 0x2b03 state-kr 0x0 pc 0x109a46712 leaf recvmsg+0xa frames: 0x109a46712 0x10045e43e 0x10423ab3e 0x1042a0d09 0x109a91e9e
  20.567 TIGER-SAMPLE pid 0xa30 n 0x4b thread 0x2c03 thread 0x2c03 state-kr 0x0 pc 0x109a95e22 leaf __semwait_signal+0xa frames: 0x109a95e22 0x1042a12e5 0x1041d56a2 0x1042a4329 0x1042a34a6 0x1042a3089 0x10423ab3e 0x1042a0d09 0x109a91e9e
  20.576 TIGER-SAMPLE pid 0xa30 n 0x4b thread 0x2d03 thread 0x2d03 state-kr 0x0 pc 0x10045dbdf leaf _ZN3IPC10Connection16readyReadHandlerEv+0x1f frames: 0x10045dbdf 0x10045e43e 0x10423ab3e 0x1042a0d09 0x109a91e9e
  20.576 TIGER-SAMPLE pid 0xa30 n 0x4b thread 0x4103 thread 0x4103 state-kr 0x0 pc 0x109a95e22 leaf __semwait_signal+0xa frames: 0x109a95e22 0x1042a1327 0x1041d56a2 0x1041b2277 0x10423ab3e 0x1042a0d09 0x109a91e9e
  20.718 TIGER-SAMPLE pid 0xa2d n 0x50 main 0x117 thread 0x117 state-kr 0x0 pc 0x90009817 leaf mach_msg_trap+0x7 frames: 0x90009817 0x9082d227 0x9082ca42 0x92e06878 0x92e05f82 0x92e05dd9 0x9328cf45 0x9328cb37 0x932868c4 0x8af6 0x82f2 0x8219 0x5
  20.718 TIGER-SAMPLE pid 0xa2d n 0x50 thread 0x1203 thread 0x1203 state-kr 0x0 pc 0x90009817 leaf mach_msg_trap+0x7 frames: 0x90009817 0x2ca6d8 0x90023d67
  20.719 TIGER-SAMPLE pid 0xa2d n 0x50 thread 0x3207 thread 0x3207 state-kr 0x0 pc 0x90024407 leaf semaphore_wait_signal_trap+0x7 frames: 0x90024407 0x364de 0x90023d67
  20.719 TIGER-SAMPLE pid 0xa2d n 0x50 thread 0x3403 thread 0x3403 state-kr 0x0 pc 0x90024407 leaf semaphore_wait_signal_trap+0x7 frames: 0x90024407 0x364de 0x90023d67
  20.719 TIGER-SAMPLE pid 0xa2d n 0x50 thread 0x5103 thread 0x5103 state-kr 0x0 pc 0x900bc3fc leaf poll+0xc frames: 0x900bc3fc 0x2cd134 0x313210b 0x319b321 0x90023d67
  20.719 TIGER-SAMPLE pid 0xa2d n 0x50 thread 0x5203 thread 0x5203 state-kr 0x0 pc 0x90024407 leaf semaphore_wait_signal_trap+0x7 frames: 0x90024407 0x364de 0x90023d67
  20.720 TIGER-SAMPLE pid 0xa2d n 0x50 thread 0x5503 thread 0x5503 state-kr 0x0 pc 0x900bc3fc leaf poll+0xc frames: 0x900bc3fc 0x2cd134 0x313210b 0x319b321 0x90023d67
  20.720 TIGER-SAMPLE pid 0xa2d n 0x50 thread 0x5603 thread 0x5603 state-kr 0x0 pc 0x90024407 leaf semaphore_wait_signal_trap+0x7 frames: 0x90024407 0x364de 0x90023d67
  20.720 TIGER-SAMPLE pid 0xa2d n 0x50 thread 0x5c07 thread 0x5c07 state-kr 0x0 pc 0x9016a983 leaf kUNCTokenKey+0x61b frames: 0x9016a983 0x2cc149 0x2cc6bb 0x2cd134 0x313210b 0x319b321 0x90023d67
  20.721 TIGER-SAMPLE pid 0xa2d n 0x50 thread 0x5e07 thread 0x5e07 state-kr 0x0 pc 0x90024407 leaf semaphore_wait_signal_trap+0x7 frames: 0x90024407 0x915a96ab 0x915c3ddc 0x90023d67
  20.779 TIGER-SAMPLE pid 0xa31 n 0x4f main 0xd03 thread 0xd03 state-kr 0x0 pc 0x109895e22 leaf __semwait_signal+0xa frames: 0x109895e22 0x10409c9d5 0x103fcd562 0x10409fb49 0x10409ec36 0x10409e819 0x10004a16b 0x10000154c 0x100001461 0x3
  20.779 TIGER-SAMPLE pid 0xa31 n 0x4f thread 0xf03 thread 0xf03 state-kr 0x0 pc 0x1098dfe4e leaf mach_msg_trap+0xa frames: 0x1098dfe4e 0x100327902 0x109891e9e
  20.779 TIGER-SAMPLE pid 0xa31 n 0x4f thread 0x1103 thread 0x1103 state-kr 0x0 pc 0x109895e22 leaf __semwait_signal+0xa frames: 0x109895e22 0x10409c9d5 0x103fcd562 0x10409fb49 0x10409ec36 0x10409e819 0x104033bfe 0x10409c3f9 0x109891e9e
  20.780 TIGER-SAMPLE pid 0xa31 n 0x4f thread 0x2303 thread 0x2303 state-kr 0x0 pc 0x1098467e6 leaf poll+0xa frames: 0x1098467e6 0x104033bfe 0x10409c3f9 0x109891e9e
  20.780 TIGER-SAMPLE pid 0xa31 n 0x4f thread 0x2407 thread 0x2407 state-kr 0x0 pc 0x109895e22 leaf __semwait_signal+0xa frames: 0x109895e22 0x10409c9d5 0x103fcd562 0x10409fb49 0x10409ec36 0x10409e819 0x104033bfe 0x10409c3f9 0x109891e9e
  20.780 TIGER-SAMPLE pid 0xa31 n 0x4f thread 0x2503 thread 0x2503 state-kr 0x0 pc 0x109895e22 leaf __semwait_signal+0xa frames: 0x109895e22 0x10409c9d5 0x103fcd562 0x10409fb49 0x10409ec36 0x10409e819 0x104033bfe 0x10409c3f9 0x109891e9e
  20.780 TIGER-SAMPLE pid 0xa31 n 0x4f thread 0x2603 thread 0x2603 state-kr 0x0 pc 0x109895e22 leaf __semwait_signal+0xa frames: 0x109895e22 0x10409c9d5 0x103fcd562 0x10409fb49 0x10409ec36 0x10409e819 0x104033bfe 0x10409c3f9 0x109891e9e
  20.781 TIGER-SAMPLE pid 0xa31 n 0x4f thread 0x2703 thread 0x2703 state-kr 0x0 pc 0x109895e22 leaf __semwait_signal+0xa frames: 0x109895e22 0x10409c9d5 0x103fcd562 0x10409fb49 0x10409ec36 0x10409e819 0x104033bfe 0x10409c3f9 0x109891e9e
  20.781 TIGER-SAMPLE pid 0xa31 n 0x4f thread 0x2903 thread 0x2903 state-kr 0x0 pc 0x109895e22 leaf __semwait_signal+0xa frames: 0x109895e22 0x10409c9d5 0x103fcd562 0x10409fb49 0x10409ec36 0x10409e819 0x104033bfe 0x10409c3f9 0x109891e9e
  20.781 TIGER-SAMPLE pid 0xa31 n 0x4f thread 0x2a03 thread 0x2a03 state-kr 0x0 pc 0x1098467e6 leaf poll+0xa frames: 0x1098467e6 0x104033bfe 0x10409c3f9 0x109891e9e
  20.781 TIGER-SAMPLE pid 0xa31 n 0x4f thread 0x2b03 thread 0x2b03 state-kr 0x0 pc 0x1098467e6 leaf poll+0xa frames: 0x1098467e6 0x104388627 0x1043887ea 0x101f32ba7 0x101f3e971 0x104033bfe 0x10409c3f9 0x109891e9e
  20.782 TIGER-SAMPLE pid 0xa31 n 0x4f thread 0x3003 thread 0x3003 state-kr 0x0 pc 0x109895e22 leaf __semwait_signal+0xa frames: 0x109895e22 0x10409c9d5 0x103fcd562 0x10409fb49 0x10409ec36 0x10409e819 0x104033bfe 0x10409c3f9 0x109891e9e
  20.828 TIGER-SAMPLE pid 0xa30 n 0x4c main 0xd03 thread 0xd03 state-kr 0x0 pc 0x109a95e22 leaf __semwait_signal+0xa frames: 0x109a95e22 0x1042a1327 0x1041d56a2 0x1042a4329 0x1042a34a6 0x1042a3089 0x100046488 0x100001d0c 0x100001c21 0x3
  20.828 TIGER-SAMPLE pid 0xa30 n 0x4c thread 0xf03 thread 0xf03 state-kr 0x0 pc 0x109adfe4e leaf mach_msg_trap+0xa frames: 0x109adfe4e 0x10045c512 0x109a91e9e
  20.828 TIGER-SAMPLE pid 0xa30 n 0x4c thread 0x1103 thread 0x1103 state-kr 0x0 pc 0x109a95e22 leaf __semwait_signal+0xa frames: 0x109a95e22 0x1042a12e5 0x1041d56a2 0x1042a4329 0x1042a34a6 0x1042a3089 0x10423ab3e 0x1042a0d09 0x109a91e9e
  20.828 TIGER-SAMPLE pid 0xa30 n 0x4c thread 0x2303 thread 0x2303 state-kr 0x0 pc 0x109a95e22 leaf __semwait_signal+0xa frames: 0x109a95e22 0x1042a12e5 0x1041d56a2 0x1042a4329 0x1042a34a6 0x1042a3089 0x10423ab3e 0x1042a0d09 0x109a91e9e
  20.828 TIGER-SAMPLE pid 0xa30 n 0x4c thread 0x2403 thread 0x2403 state-kr 0x0 pc 0x109a95e22 leaf __semwait_signal+0xa frames: 0x109a95e22 0x1042a12e5 0x1041d56a2 0x1042a4329 0x1042a34a6 0x1042a3089 0x10423ab3e 0x1042a0d09 0x109a91e9e
  20.828 TIGER-SAMPLE pid 0xa30 n 0x4c thread 0x2503 thread 0x2503 state-kr 0x0 pc 0x109a467e6 leaf poll+0xa frames: 0x109a467e6 0x10423ab3e 0x1042a0d09 0x109a91e9e
  20.828 TIGER-SAMPLE pid 0xa30 n 0x4c thread 0x2603 thread 0x2603 state-kr 0x0 pc 0x109a95e22 leaf __semwait_signal+0xa frames: 0x109a95e22 0x1042a12e5 0x1041d56a2 0x1042a4329 0x1042a34a6 0x1042a3089 0x10423ab3e 0x1042a0d09 0x109a91e9e
  20.828 TIGER-SAMPLE pid 0xa30 n 0x4c thread 0x2703 thread 0x2703 state-kr 0x0 pc 0x109a467e6 leaf poll+0xa frames: 0x109a467e6 0x10423ab3e 0x1042a0d09 0x109a91e9e
  20.828 TIGER-SAMPLE pid 0xa30 n 0x4c thread 0x2807 thread 0x2807 state-kr 0x0 pc 0x109a95e22 leaf __semwait_signal+0xa frames: 0x109a95e22 0x1042a12e5 0x1041d56a2 0x1042a4329 0x1042a34a6 0x1042a3089 0x10423ab3e 0x1042a0d09 0x109a91e9e
  20.828 TIGER-SAMPLE pid 0xa30 n 0x4c thread 0x2903 thread 0x2903 state-kr 0x0 pc 0x109a95e22 leaf __semwait_signal+0xa frames: 0x109a95e22 0x1042a12e5 0x1041d56a2 0x1042a4329 0x1042a34a6 0x1042a3089 0x10423ab3e 0x1042a0d09 0x109a91e9e
  20.828 TIGER-SAMPLE pid 0xa30 n 0x4c thread 0x2a03 thread 0x2a03 state-kr 0x0 pc 0x109a95e22 leaf __semwait_signal+0xa frames: 0x109a95e22 0x1042a12e5 0x1041d56a2 0x1042a4329 0x1042a34a6 0x1042a3089 0x10423ab3e 0x1042a0d09 0x109a91e9e
  20.828 TIGER-SAMPLE pid 0xa30 n 0x4c thread 0x2b03 thread 0x2b03 state-kr 0x0 pc 0x109a46712 leaf recvmsg+0xa frames: 0x109a46712 0x10045e43e 0x10423ab3e 0x1042a0d09 0x109a91e9e
  20.829 TIGER-SAMPLE pid 0xa30 n 0x4c thread 0x2c03 thread 0x2c03 state-kr 0x0 pc 0x109a95e22 leaf __semwait_signal+0xa frames: 0x109a95e22 0x1042a12e5 0x1041d56a2 0x1042a4329 0x1042a34a6 0x1042a3089 0x10423ab3e 0x1042a0d09 0x109a91e9e
  20.838 TIGER-SAMPLE pid 0xa30 n 0x4c thread 0x2d03 thread 0x2d03 state-kr 0x0 pc 0x109adb2ac leaf free+0xd frames: 0x109adb2ac 0x10045df8e 0x10045e43e 0x10423ab3e 0x1042a0d09 0x109a91e9e
  20.838 TIGER-SAMPLE pid 0xa30 n 0x4c thread 0x4103 thread 0x4103 state-kr 0x0 pc 0x109a95e22 leaf __semwait_signal+0xa frames: 0x109a95e22 0x1042a1327 0x1041d56a2 0x1041b2277 0x10423ab3e 0x1042a0d09 0x109a91e9e
  20.971 TIGER-SAMPLE pid 0xa2d n 0x51 main 0x117 thread 0x117 state-kr 0x0 pc 0x90009817 leaf mach_msg_trap+0x7 frames: 0x90009817 0x9082d227 0x9082ca42 0x92e06878 0x92e05f82 0x92e05dd9 0x9328cf45 0x9328cb37 0x932868c4 0x8af6 0x82f2 0x8219 0x5
  20.971 TIGER-SAMPLE pid 0xa2d n 0x51 thread 0x1203 thread 0x1203 state-kr 0x0 pc 0x90009817 leaf mach_msg_trap+0x7 frames: 0x90009817 0x2ca6d8 0x90023d67
  20.972 TIGER-SAMPLE pid 0xa2d n 0x51 thread 0x3207 thread 0x3207 state-kr 0x0 pc 0x90024407 leaf semaphore_wait_signal_trap+0x7 frames: 0x90024407 0x364de 0x90023d67
  20.972 TIGER-SAMPLE pid 0xa2d n 0x51 thread 0x3403 thread 0x3403 state-kr 0x0 pc 0x90024407 leaf semaphore_wait_signal_trap+0x7 frames: 0x90024407 0x364de 0x90023d67
  20.972 TIGER-SAMPLE pid 0xa2d n 0x51 thread 0x5103 thread 0x5103 state-kr 0x0 pc 0x900bc3fc leaf poll+0xc frames: 0x900bc3fc 0x2cd134 0x313210b 0x319b321 0x90023d67
  20.972 TIGER-SAMPLE pid 0xa2d n 0x51 thread 0x5203 thread 0x5203 state-kr 0x0 pc 0x90024407 leaf semaphore_wait_signal_trap+0x7 frames: 0x90024407 0x364de 0x90023d67
  20.973 TIGER-SAMPLE pid 0xa2d n 0x51 thread 0x5503 thread 0x5503 state-kr 0x0 pc 0x900bc3fc leaf poll+0xc frames: 0x900bc3fc 0x2cd134 0x313210b 0x319b321 0x90023d67
  20.973 TIGER-SAMPLE pid 0xa2d n 0x51 thread 0x5603 thread 0x5603 state-kr 0x0 pc 0x90024407 leaf semaphore_wait_signal_trap+0x7 frames: 0x90024407 0x364de 0x90023d67
  20.973 TIGER-SAMPLE pid 0xa2d n 0x51 thread 0x5c07 thread 0x5c07 state-kr 0x0 pc 0xffff0680 frames: 0xffff0680 0x90007ce2 0x900075bb 0x310b193 0x2cbe89 0x2cc6bb 0x2cd134 0x313210b 0x319b321 0x90023d67
  20.973 TIGER-SAMPLE pid 0xa2d n 0x51 thread 0x5e07 thread 0x5e07 state-kr 0x0 pc 0x90024407 leaf semaphore_wait_signal_trap+0x7 frames: 0x90024407 0x915a96ab 0x915c3ddc 0x90023d67
  21.032 TIGER-SAMPLE pid 0xa31 n 0x50 main 0xd03 thread 0xd03 state-kr 0x0 pc 0x109895e22 leaf __semwait_signal+0xa frames: 0x109895e22 0x10409c9d5 0x103fcd562 0x10409fb49 0x10409ec36 0x10409e819 0x10004a16b 0x10000154c 0x100001461 0x3
  21.032 TIGER-SAMPLE pid 0xa31 n 0x50 thread 0xf03 thread 0xf03 state-kr 0x0 pc 0x1098dfe4e leaf mach_msg_trap+0xa frames: 0x1098dfe4e 0x100327902 0x109891e9e
  21.032 TIGER-SAMPLE pid 0xa31 n 0x50 thread 0x1103 thread 0x1103 state-kr 0x0 pc 0x109895e22 leaf __semwait_signal+0xa frames: 0x109895e22 0x10409c9d5 0x103fcd562 0x10409fb49 0x10409ec36 0x10409e819 0x104033bfe 0x10409c3f9 0x109891e9e
  21.033 TIGER-SAMPLE pid 0xa31 n 0x50 thread 0x2303 thread 0x2303 state-kr 0x0 pc 0x1098467e6 leaf poll+0xa frames: 0x1098467e6 0x104033bfe 0x10409c3f9 0x109891e9e
  21.033 TIGER-SAMPLE pid 0xa31 n 0x50 thread 0x2407 thread 0x2407 state-kr 0x0 pc 0x109895e22 leaf __semwait_signal+0xa frames: 0x109895e22 0x10409c9d5 0x103fcd562 0x10409fb49 0x10409ec36 0x10409e819 0x104033bfe 0x10409c3f9 0x109891e9e
  21.033 TIGER-SAMPLE pid 0xa31 n 0x50 thread 0x2503 thread 0x2503 state-kr 0x0 pc 0x109895e22 leaf __semwait_signal+0xa frames: 0x109895e22 0x10409c9d5 0x103fcd562 0x10409fb49 0x10409ec36 0x10409e819 0x104033bfe 0x10409c3f9 0x109891e9e
  21.033 TIGER-SAMPLE pid 0xa31 n 0x50 thread 0x2603 thread 0x2603 state-kr 0x0 pc 0x109895e22 leaf __semwait_signal+0xa frames: 0x109895e22 0x10409c9d5 0x103fcd562 0x10409fb49 0x10409ec36 0x10409e819 0x104033bfe 0x10409c3f9 0x109891e9e
  21.034 TIGER-SAMPLE pid 0xa31 n 0x50 thread 0x2703 thread 0x2703 state-kr 0x0 pc 0x109895e22 leaf __semwait_signal+0xa frames: 0x109895e22 0x10409c9d5 0x103fcd562 0x10409fb49 0x10409ec36 0x10409e819 0x104033bfe 0x10409c3f9 0x109891e9e
  21.034 TIGER-SAMPLE pid 0xa31 n 0x50 thread 0x2903 thread 0x2903 state-kr 0x0 pc 0x109895e22 leaf __semwait_signal+0xa frames: 0x109895e22 0x10409c9d5 0x103fcd562 0x10409fb49 0x10409ec36 0x10409e819 0x104033bfe 0x10409c3f9 0x109891e9e
  21.034 TIGER-SAMPLE pid 0xa31 n 0x50 thread 0x2a03 thread 0x2a03 state-kr 0x0 pc 0x1098467e6 leaf poll+0xa frames: 0x1098467e6 0x104033bfe 0x10409c3f9 0x109891e9e
  21.034 TIGER-SAMPLE pid 0xa31 n 0x50 thread 0x2b03 thread 0x2b03 state-kr 0x0 pc 0x1098467e6 leaf poll+0xa frames: 0x1098467e6 0x104388627 0x1043887ea 0x101f32ba7 0x101f3e971 0x104033bfe 0x10409c3f9 0x109891e9e
  21.034 TIGER-SAMPLE pid 0xa31 n 0x50 thread 0x3003 thread 0x3003 state-kr 0x0 pc 0x109895e22 leaf __semwait_signal+0xa frames: 0x109895e22 0x10409c9d5 0x103fcd562 0x10409fb49 0x10409ec36 0x10409e819 0x104033bfe 0x10409c3f9 0x109891e9e
  21.088 TIGER-SAMPLE pid 0xa30 n 0x4d main 0xd03 thread 0xd03 state-kr 0x0 pc 0x109a95e22 leaf __semwait_signal+0xa frames: 0x109a95e22 0x1042a1327 0x1041d56a2 0x1042a4329 0x1042a34a6 0x1042a3089 0x100046488 0x100001d0c 0x100001c21 0x3
  21.088 TIGER-SAMPLE pid 0xa30 n 0x4d thread 0xf03 thread 0xf03 state-kr 0x0 pc 0x109adfe4e leaf mach_msg_trap+0xa frames: 0x109adfe4e 0x10045c512 0x109a91e9e
  21.089 TIGER-SAMPLE pid 0xa30 n 0x4d thread 0x1103 thread 0x1103 state-kr 0x0 pc 0x109a95e22 leaf __semwait_signal+0xa frames: 0x109a95e22 0x1042a12e5 0x1041d56a2 0x1042a4329 0x1042a34a6 0x1042a3089 0x10423ab3e 0x1042a0d09 0x109a91e9e
  21.089 TIGER-SAMPLE pid 0xa30 n 0x4d thread 0x2303 thread 0x2303 state-kr 0x0 pc 0x109a95e22 leaf __semwait_signal+0xa frames: 0x109a95e22 0x1042a12e5 0x1041d56a2 0x1042a4329 0x1042a34a6 0x1042a3089 0x10423ab3e 0x1042a0d09 0x109a91e9e
  21.089 TIGER-SAMPLE pid 0xa30 n 0x4d thread 0x2403 thread 0x2403 state-kr 0x0 pc 0x109a95e22 leaf __semwait_signal+0xa frames: 0x109a95e22 0x1042a12e5 0x1041d56a2 0x1042a4329 0x1042a34a6 0x1042a3089 0x10423ab3e 0x1042a0d09 0x109a91e9e
  21.089 TIGER-SAMPLE pid 0xa30 n 0x4d thread 0x2503 thread 0x2503 state-kr 0x0 pc 0x109a467e6 leaf poll+0xa frames: 0x109a467e6 0x10423ab3e 0x1042a0d09 0x109a91e9e
  21.090 TIGER-SAMPLE pid 0xa30 n 0x4d thread 0x2603 thread 0x2603 state-kr 0x0 pc 0x109a95e22 leaf __semwait_signal+0xa frames: 0x109a95e22 0x1042a12e5 0x1041d56a2 0x1042a4329 0x1042a34a6 0x1042a3089 0x10423ab3e 0x1042a0d09 0x109a91e9e
  21.090 TIGER-SAMPLE pid 0xa30 n 0x4d thread 0x2703 thread 0x2703 state-kr 0x0 pc 0x109a467e6 leaf poll+0xa frames: 0x109a467e6 0x10423ab3e 0x1042a0d09 0x109a91e9e
  21.090 TIGER-SAMPLE pid 0xa30 n 0x4d thread 0x2807 thread 0x2807 state-kr 0x0 pc 0x109a95e22 leaf __semwait_signal+0xa frames: 0x109a95e22 0x1042a12e5 0x1041d56a2 0x1042a4329 0x1042a34a6 0x1042a3089 0x10423ab3e 0x1042a0d09 0x109a91e9e
  21.090 TIGER-SAMPLE pid 0xa30 n 0x4d thread 0x2903 thread 0x2903 state-kr 0x0 pc 0x109a95e22 leaf __semwait_signal+0xa frames: 0x109a95e22 0x1042a12e5 0x1041d56a2 0x1042a4329 0x1042a34a6 0x1042a3089 0x10423ab3e 0x1042a0d09 0x109a91e9e
  21.091 TIGER-SAMPLE pid 0xa30 n 0x4d thread 0x2a03 thread 0x2a03 state-kr 0x0 pc 0x109a95e22 leaf __semwait_signal+0xa frames: 0x109a95e22 0x1042a12e5 0x1041d56a2 0x1042a4329 0x1042a34a6 0x1042a3089 0x10423ab3e 0x1042a0d09 0x109a91e9e
  21.091 TIGER-SAMPLE pid 0xa30 n 0x4d thread 0x2b03 thread 0x2b03 state-kr 0x0 pc 0x109a46712 leaf recvmsg+0xa frames: 0x109a46712 0x10045e43e 0x10423ab3e 0x1042a0d09 0x109a91e9e
  21.091 TIGER-SAMPLE pid 0xa30 n 0x4d thread 0x2c03 thread 0x2c03 state-kr 0x0 pc 0x109a95e22 leaf __semwait_signal+0xa frames: 0x109a95e22 0x1042a12e5 0x1041d56a2 0x1042a4329 0x1042a34a6 0x1042a3089 0x10423ab3e 0x1042a0d09 0x109a91e9e
  21.092 TIGER-SAMPLE pid 0xa30 n 0x4d thread 0x2d03 thread 0x2d03 state-kr 0x0 pc 0x109a46712 leaf recvmsg+0xa frames: 0x109a46712 0x10045e43e 0x10423ab3e 0x1042a0d09 0x109a91e9e
  21.092 TIGER-SAMPLE pid 0xa30 n 0x4d thread 0x4103 thread 0x4103 state-kr 0x0 pc 0x109a95e22 leaf __semwait_signal+0xa frames: 0x109a95e22 0x1042a1327 0x1041d56a2 0x1041b2277 0x10423ab3e 0x1042a0d09 0x109a91e9e
  21.224 TIGER-SAMPLE pid 0xa2d n 0x52 main 0x117 thread 0x117 state-kr 0x0 pc 0x90009817 leaf mach_msg_trap+0x7 frames: 0x90009817 0x9082d227 0x9082ca42 0x92e06878 0x92e05f82 0x92e05dd9 0x9328cf45 0x9328cb37 0x932868c4 0x8af6 0x82f2 0x8219 0x5
  21.224 TIGER-SAMPLE pid 0xa2d n 0x52 thread 0x1203 thread 0x1203 state-kr 0x0 pc 0x90009817 leaf mach_msg_trap+0x7 frames: 0x90009817 0x2ca6d8 0x90023d67
  21.224 TIGER-SAMPLE pid 0xa2d n 0x52 thread 0x3207 thread 0x3207 state-kr 0x0 pc 0x90024407 leaf semaphore_wait_signal_trap+0x7 frames: 0x90024407 0x364de 0x90023d67
  21.225 TIGER-SAMPLE pid 0xa2d n 0x52 thread 0x3403 thread 0x3403 state-kr 0x0 pc 0x90024407 leaf semaphore_wait_signal_trap+0x7 frames: 0x90024407 0x364de 0x90023d67
  21.225 TIGER-SAMPLE pid 0xa2d n 0x52 thread 0x5103 thread 0x5103 state-kr 0x0 pc 0x900bc3fc leaf poll+0xc frames: 0x900bc3fc 0x2cd134 0x313210b 0x319b321 0x90023d67
  21.225 TIGER-SAMPLE pid 0xa2d n 0x52 thread 0x5203 thread 0x5203 state-kr 0x0 pc 0x90024407 leaf semaphore_wait_signal_trap+0x7 frames: 0x90024407 0x364de 0x90023d67
  21.225 TIGER-SAMPLE pid 0xa2d n 0x52 thread 0x5503 thread 0x5503 state-kr 0x0 pc 0x900bc3fc leaf poll+0xc frames: 0x900bc3fc 0x2cd134 0x313210b 0x319b321 0x90023d67
  21.226 TIGER-SAMPLE pid 0xa2d n 0x52 thread 0x5603 thread 0x5603 state-kr 0x0 pc 0x90024407 leaf semaphore_wait_signal_trap+0x7 frames: 0x90024407 0x364de 0x90023d67
  21.226 TIGER-SAMPLE pid 0xa2d n 0x52 thread 0x5c07 thread 0x5c07 state-kr 0x0 pc 0x900265fc leaf recvmsg+0xc frames: 0x900265fc 0x2cc6bb 0x2cd134 0x313210b 0x319b321 0x90023d67
  21.226 TIGER-SAMPLE pid 0xa2d n 0x52 thread 0x5e07 thread 0x5e07 state-kr 0x0 pc 0x90024407 leaf semaphore_wait_signal_trap+0x7 frames: 0x90024407 0x915a96ab 0x915c3ddc 0x90023d67
  21.285 TIGER-SAMPLE pid 0xa31 n 0x51 main 0xd03 thread 0xd03 state-kr 0x0 pc 0x109895e22 leaf __semwait_signal+0xa frames: 0x109895e22 0x10409c9d5 0x103fcd562 0x10409fb49 0x10409ec36 0x10409e819 0x10004a16b 0x10000154c 0x100001461 0x3
  21.285 TIGER-SAMPLE pid 0xa31 n 0x51 thread 0xf03 thread 0xf03 state-kr 0x0 pc 0x1098dfe4e leaf mach_msg_trap+0xa frames: 0x1098dfe4e 0x100327902 0x109891e9e
  21.285 TIGER-SAMPLE pid 0xa31 n 0x51 thread 0x1103 thread 0x1103 state-kr 0x0 pc 0x109895e22 leaf __semwait_signal+0xa frames: 0x109895e22 0x10409c9d5 0x103fcd562 0x10409fb49 0x10409ec36 0x10409e819 0x104033bfe 0x10409c3f9 0x109891e9e
  21.285 TIGER-SAMPLE pid 0xa31 n 0x51 thread 0x2303 thread 0x2303 state-kr 0x0 pc 0x1098467e6 leaf poll+0xa frames: 0x1098467e6 0x104033bfe 0x10409c3f9 0x109891e9e
  21.286 TIGER-SAMPLE pid 0xa31 n 0x51 thread 0x2407 thread 0x2407 state-kr 0x0 pc 0x109895e22 leaf __semwait_signal+0xa frames: 0x109895e22 0x10409c9d5 0x103fcd562 0x10409fb49 0x10409ec36 0x10409e819 0x104033bfe 0x10409c3f9 0x109891e9e
  21.286 TIGER-SAMPLE pid 0xa31 n 0x51 thread 0x2503 thread 0x2503 state-kr 0x0 pc 0x109895e22 leaf __semwait_signal+0xa frames: 0x109895e22 0x10409c9d5 0x103fcd562 0x10409fb49 0x10409ec36 0x10409e819 0x104033bfe 0x10409c3f9 0x109891e9e
  21.286 TIGER-SAMPLE pid 0xa31 n 0x51 thread 0x2603 thread 0x2603 state-kr 0x0 pc 0x109895e22 leaf __semwait_signal+0xa frames: 0x109895e22 0x10409c9d5 0x103fcd562 0x10409fb49 0x10409ec36 0x10409e819 0x104033bfe 0x10409c3f9 0x109891e9e
  21.286 TIGER-SAMPLE pid 0xa31 n 0x51 thread 0x2703 thread 0x2703 state-kr 0x0 pc 0x109895e22 leaf __semwait_signal+0xa frames: 0x109895e22 0x10409c9d5 0x103fcd562 0x10409fb49 0x10409ec36 0x10409e819 0x104033bfe 0x10409c3f9 0x109891e9e
  21.287 TIGER-SAMPLE pid 0xa31 n 0x51 thread 0x2903 thread 0x2903 state-kr 0x0 pc 0x109895e22 leaf __semwait_signal+0xa frames: 0x109895e22 0x10409c9d5 0x103fcd562 0x10409fb49 0x10409ec36 0x10409e819 0x104033bfe 0x10409c3f9 0x109891e9e
  21.287 TIGER-SAMPLE pid 0xa31 n 0x51 thread 0x2a03 thread 0x2a03 state-kr 0x0 pc 0x1098467e6 leaf poll+0xa frames: 0x1098467e6 0x104033bfe 0x10409c3f9 0x109891e9e
  21.287 TIGER-SAMPLE pid 0xa31 n 0x51 thread 0x2b03 thread 0x2b03 state-kr 0x0 pc 0x1098467e6 leaf poll+0xa frames: 0x1098467e6 0x104388627 0x1043887ea 0x101f32ba7 0x101f3e971 0x104033bfe 0x10409c3f9 0x109891e9e
  21.287 TIGER-SAMPLE pid 0xa31 n 0x51 thread 0x3003 thread 0x3003 state-kr 0x0 pc 0x109895e22 leaf __semwait_signal+0xa frames: 0x109895e22 0x10409c9d5 0x103fcd562 0x10409fb49 0x10409ec36 0x10409e819 0x104033bfe 0x10409c3f9 0x109891e9e
  21.342 TIGER-SAMPLE pid 0xa30 n 0x4e main 0xd03 thread 0xd03 state-kr 0x0 pc 0x109a95e22 leaf __semwait_signal+0xa frames: 0x109a95e22 0x1042a1327 0x1041d56a2 0x1042a4329 0x1042a34a6 0x1042a3089 0x100046488 0x100001d0c 0x100001c21 0x3
  21.342 TIGER-SAMPLE pid 0xa30 n 0x4e thread 0xf03 thread 0xf03 state-kr 0x0 pc 0x109adfe4e leaf mach_msg_trap+0xa frames: 0x109adfe4e 0x10045c512 0x109a91e9e
  21.342 TIGER-SAMPLE pid 0xa30 n 0x4e thread 0x1103 thread 0x1103 state-kr 0x0 pc 0x109a95e22 leaf __semwait_signal+0xa frames: 0x109a95e22 0x1042a12e5 0x1041d56a2 0x1042a4329 0x1042a34a6 0x1042a3089 0x10423ab3e 0x1042a0d09 0x109a91e9e
  21.343 TIGER-SAMPLE pid 0xa30 n 0x4e thread 0x2303 thread 0x2303 state-kr 0x0 pc 0x109a95e22 leaf __semwait_signal+0xa frames: 0x109a95e22 0x1042a12e5 0x1041d56a2 0x1042a4329 0x1042a34a6 0x1042a3089 0x10423ab3e 0x1042a0d09 0x109a91e9e
  21.343 TIGER-SAMPLE pid 0xa30 n 0x4e thread 0x2403 thread 0x2403 state-kr 0x0 pc 0x109a95e22 leaf __semwait_signal+0xa frames: 0x109a95e22 0x1042a12e5 0x1041d56a2 0x1042a4329 0x1042a34a6 0x1042a3089 0x10423ab3e 0x1042a0d09 0x109a91e9e
  21.343 TIGER-SAMPLE pid 0xa30 n 0x4e thread 0x2503 thread 0x2503 state-kr 0x0 pc 0x109a467e6 leaf poll+0xa frames: 0x109a467e6 0x10423ab3e 0x1042a0d09 0x109a91e9e
  21.343 TIGER-SAMPLE pid 0xa30 n 0x4e thread 0x2603 thread 0x2603 state-kr 0x0 pc 0x109a95e22 leaf __semwait_signal+0xa frames: 0x109a95e22 0x1042a12e5 0x1041d56a2 0x1042a4329 0x1042a34a6 0x1042a3089 0x10423ab3e 0x1042a0d09 0x109a91e9e
  21.344 TIGER-SAMPLE pid 0xa30 n 0x4e thread 0x2703 thread 0x2703 state-kr 0x0 pc 0x109a467e6 leaf poll+0xa frames: 0x109a467e6 0x10423ab3e 0x1042a0d09 0x109a91e9e
  21.344 TIGER-SAMPLE pid 0xa30 n 0x4e thread 0x2807 thread 0x2807 state-kr 0x0 pc 0x109a95e22 leaf __semwait_signal+0xa frames: 0x109a95e22 0x1042a12e5 0x1041d56a2 0x1042a4329 0x1042a34a6 0x1042a3089 0x10423ab3e 0x1042a0d09 0x109a91e9e
  21.344 TIGER-SAMPLE pid 0xa30 n 0x4e thread 0x2903 thread 0x2903 state-kr 0x0 pc 0x109a95e22 leaf __semwait_signal+0xa frames: 0x109a95e22 0x1042a12e5 0x1041d56a2 0x1042a4329 0x1042a34a6 0x1042a3089 0x10423ab3e 0x1042a0d09 0x109a91e9e
  21.344 TIGER-SAMPLE pid 0xa30 n 0x4e thread 0x2a03 thread 0x2a03 state-kr 0x0 pc 0x109a95e22 leaf __semwait_signal+0xa frames: 0x109a95e22 0x1042a12e5 0x1041d56a2 0x1042a4329 0x1042a34a6 0x1042a3089 0x10423ab3e 0x1042a0d09 0x109a91e9e
  21.345 TIGER-SAMPLE pid 0xa30 n 0x4e thread 0x2b03 thread 0x2b03 state-kr 0x0 pc 0x109a46712 leaf recvmsg+0xa frames: 0x109a46712 0x10045e43e 0x10423ab3e 0x1042a0d09 0x109a91e9e
  21.345 TIGER-SAMPLE pid 0xa30 n 0x4e thread 0x2c03 thread 0x2c03 state-kr 0x0 pc 0x109a95e22 leaf __semwait_signal+0xa frames: 0x109a95e22 0x1042a12e5 0x1041d56a2 0x1042a4329 0x1042a34a6 0x1042a3089 0x10423ab3e 0x1042a0d09 0x109a91e9e
  21.355 TIGER-SAMPLE pid 0xa30 n 0x4e thread 0x2d03 thread 0x2d03 state-kr 0x0 pc 0x109a46712 leaf recvmsg+0xa frames: 0x109a46712 0x10045e43e 0x10423ab3e 0x1042a0d09 0x109a91e9e
  21.355 TIGER-SAMPLE pid 0xa30 n 0x4e thread 0x4103 thread 0x4103 state-kr 0x0 pc 0x109a95e22 leaf __semwait_signal+0xa frames: 0x109a95e22 0x1042a1327 0x1041d56a2 0x1041b2277 0x10423ab3e 0x1042a0d09 0x109a91e9e
  21.477 TIGER-SAMPLE pid 0xa2d n 0x53 main 0x117 thread 0x117 state-kr 0x0 pc 0x90009817 leaf mach_msg_trap+0x7 frames: 0x90009817 0x9082d227 0x9082ca42 0x92e06878 0x92e05f82 0x92e05dd9 0x9328cf45 0x9328cb37 0x932868c4 0x8af6 0x82f2 0x8219 0x5
  21.477 TIGER-SAMPLE pid 0xa2d n 0x53 thread 0x1203 thread 0x1203 state-kr 0x0 pc 0x90009817 leaf mach_msg_trap+0x7 frames: 0x90009817 0x2ca6d8 0x90023d67
  21.477 TIGER-SAMPLE pid 0xa2d n 0x53 thread 0x3207 thread 0x3207 state-kr 0x0 pc 0x90024407 leaf semaphore_wait_signal_trap+0x7 frames: 0x90024407 0x364de 0x90023d67
  21.478 TIGER-SAMPLE pid 0xa2d n 0x53 thread 0x3403 thread 0x3403 state-kr 0x0 pc 0x90024407 leaf semaphore_wait_signal_trap+0x7 frames: 0x90024407 0x364de 0x90023d67
  21.478 TIGER-SAMPLE pid 0xa2d n 0x53 thread 0x5103 thread 0x5103 state-kr 0x0 pc 0x900bc3fc leaf poll+0xc frames: 0x900bc3fc 0x2cd134 0x313210b 0x319b321 0x90023d67
  21.478 TIGER-SAMPLE pid 0xa2d n 0x53 thread 0x5203 thread 0x5203 state-kr 0x0 pc 0x90024407 leaf semaphore_wait_signal_trap+0x7 frames: 0x90024407 0x364de 0x90023d67
  21.479 TIGER-SAMPLE pid 0xa2d n 0x53 thread 0x5503 thread 0x5503 state-kr 0x0 pc 0x900bc3fc leaf poll+0xc frames: 0x900bc3fc 0x2cd134 0x313210b 0x319b321 0x90023d67
  21.479 TIGER-SAMPLE pid 0xa2d n 0x53 thread 0x5603 thread 0x5603 state-kr 0x0 pc 0x90024407 leaf semaphore_wait_signal_trap+0x7 frames: 0x90024407 0x364de 0x90023d67
  21.479 TIGER-SAMPLE pid 0xa2d n 0x53 thread 0x5c07 thread 0x5c07 state-kr 0x0 pc 0x900265fc leaf recvmsg+0xc frames: 0x900265fc 0x2cc6bb 0x2cd134 0x313210b 0x319b321 0x90023d67
  21.479 TIGER-SAMPLE pid 0xa2d n 0x53 thread 0x5e07 thread 0x5e07 state-kr 0x0 pc 0x90024407 leaf semaphore_wait_signal_trap+0x7 frames: 0x90024407 0x915a96ab 0x915c3ddc 0x90023d67
  21.538 TIGER-SAMPLE pid 0xa31 n 0x52 main 0xd03 thread 0xd03 state-kr 0x0 pc 0x109895e22 leaf __semwait_signal+0xa frames: 0x109895e22 0x10409c9d5 0x103fcd562 0x10409fb49 0x10409ec36 0x10409e819 0x10004a16b 0x10000154c 0x100001461 0x3
  21.538 TIGER-SAMPLE pid 0xa31 n 0x52 thread 0xf03 thread 0xf03 state-kr 0x0 pc 0x1098dfe4e leaf mach_msg_trap+0xa frames: 0x1098dfe4e 0x100327902 0x109891e9e
  21.538 TIGER-SAMPLE pid 0xa31 n 0x52 thread 0x1103 thread 0x1103 state-kr 0x0 pc 0x109895e22 leaf __semwait_signal+0xa frames: 0x109895e22 0x10409c9d5 0x103fcd562 0x10409fb49 0x10409ec36 0x10409e819 0x104033bfe 0x10409c3f9 0x109891e9e
  21.538 TIGER-SAMPLE pid 0xa31 n 0x52 thread 0x2303 thread 0x2303 state-kr 0x0 pc 0x1098467e6 leaf poll+0xa frames: 0x1098467e6 0x104033bfe 0x10409c3f9 0x109891e9e
  21.539 TIGER-SAMPLE pid 0xa31 n 0x52 thread 0x2407 thread 0x2407 state-kr 0x0 pc 0x109895e22 leaf __semwait_signal+0xa frames: 0x109895e22 0x10409c9d5 0x103fcd562 0x10409fb49 0x10409ec36 0x10409e819 0x104033bfe 0x10409c3f9 0x109891e9e
  21.540 TIGER-SAMPLE pid 0xa31 n 0x52 thread 0x2503 thread 0x2503 state-kr 0x0 pc 0x109895e22 leaf __semwait_signal+0xa frames: 0x109895e22 0x10409c9d5 0x103fcd562 0x10409fb49 0x10409ec36 0x10409e819 0x104033bfe 0x10409c3f9 0x109891e9e
  21.540 TIGER-SAMPLE pid 0xa31 n 0x52 thread 0x2603 thread 0x2603 state-kr 0x0 pc 0x109895e22 leaf __semwait_signal+0xa frames: 0x109895e22 0x10409c9d5 0x103fcd562 0x10409fb49 0x10409ec36 0x10409e819 0x104033bfe 0x10409c3f9 0x109891e9e
  21.540 TIGER-SAMPLE pid 0xa31 n 0x52 thread 0x2703 thread 0x2703 state-kr 0x0 pc 0x109895e22 leaf __semwait_signal+0xa frames: 0x109895e22 0x10409c9d5 0x103fcd562 0x10409fb49 0x10409ec36 0x10409e819 0x104033bfe 0x10409c3f9 0x109891e9e
  21.540 TIGER-SAMPLE pid 0xa31 n 0x52 thread 0x2903 thread 0x2903 state-kr 0x0 pc 0x109895e22 leaf __semwait_signal+0xa frames: 0x109895e22 0x10409c9d5 0x103fcd562 0x10409fb49 0x10409ec36 0x10409e819 0x104033bfe 0x10409c3f9 0x109891e9e
  21.540 TIGER-SAMPLE pid 0xa31 n 0x52 thread 0x2a03 thread 0x2a03 state-kr 0x0 pc 0x1098467e6 leaf poll+0xa frames: 0x1098467e6 0x104033bfe 0x10409c3f9 0x109891e9e
  21.540 TIGER-SAMPLE pid 0xa31 n 0x52 thread 0x2b03 thread 0x2b03 state-kr 0x0 pc 0x1098467e6 leaf poll+0xa frames: 0x1098467e6 0x104388627 0x1043887ea 0x101f32ba7 0x101f3e971 0x104033bfe 0x10409c3f9 0x109891e9e
  21.540 TIGER-SAMPLE pid 0xa31 n 0x52 thread 0x3003 thread 0x3003 state-kr 0x0 pc 0x109895e22 leaf __semwait_signal+0xa frames: 0x109895e22 0x10409c9d5 0x103fcd562 0x10409fb49 0x10409ec36 0x10409e819 0x104033bfe 0x10409c3f9 0x109891e9e
  21.606 TIGER-SAMPLE pid 0xa30 n 0x4f main 0xd03 thread 0xd03 state-kr 0x0 pc 0x109a95e22 leaf __semwait_signal+0xa frames: 0x109a95e22 0x1042a1327 0x1041d56a2 0x1042a4329 0x1042a34a6 0x1042a3089 0x100046488 0x100001d0c 0x100001c21 0x3
  21.606 TIGER-SAMPLE pid 0xa30 n 0x4f thread 0xf03 thread 0xf03 state-kr 0x0 pc 0x109adfe4e leaf mach_msg_trap+0xa frames: 0x109adfe4e 0x10045c512 0x109a91e9e
  21.606 TIGER-SAMPLE pid 0xa30 n 0x4f thread 0x1103 thread 0x1103 state-kr 0x0 pc 0x109a95e22 leaf __semwait_signal+0xa frames: 0x109a95e22 0x1042a12e5 0x1041d56a2 0x1042a4329 0x1042a34a6 0x1042a3089 0x10423ab3e 0x1042a0d09 0x109a91e9e
  21.608 TIGER-SAMPLE pid 0xa30 n 0x4f thread 0x2303 thread 0x2303 state-kr 0x0 pc 0x109a95e22 leaf __semwait_signal+0xa frames: 0x109a95e22 0x1042a12e5 0x1041d56a2 0x1042a4329 0x1042a34a6 0x1042a3089 0x10423ab3e 0x1042a0d09 0x109a91e9e
  21.608 TIGER-SAMPLE pid 0xa30 n 0x4f thread 0x2403 thread 0x2403 state-kr 0x0 pc 0x109a95e22 leaf __semwait_signal+0xa frames: 0x109a95e22 0x1042a12e5 0x1041d56a2 0x1042a4329 0x1042a34a6 0x1042a3089 0x10423ab3e 0x1042a0d09 0x109a91e9e
  21.608 TIGER-SAMPLE pid 0xa30 n 0x4f thread 0x2503 thread 0x2503 state-kr 0x0 pc 0x109a467e6 leaf poll+0xa frames: 0x109a467e6 0x10423ab3e 0x1042a0d09 0x109a91e9e
  21.608 TIGER-SAMPLE pid 0xa30 n 0x4f thread 0x2603 thread 0x2603 state-kr 0x0 pc 0x109a95e22 leaf __semwait_signal+0xa frames: 0x109a95e22 0x1042a12e5 0x1041d56a2 0x1042a4329 0x1042a34a6 0x1042a3089 0x10423ab3e 0x1042a0d09 0x109a91e9e
  21.609 TIGER-SAMPLE pid 0xa30 n 0x4f thread 0x2703 thread 0x2703 state-kr 0x0 pc 0x109a467e6 leaf poll+0xa frames: 0x109a467e6 0x10423ab3e 0x1042a0d09 0x109a91e9e
  21.609 TIGER-SAMPLE pid 0xa30 n 0x4f thread 0x2807 thread 0x2807 state-kr 0x0 pc 0x109a95e22 leaf __semwait_signal+0xa frames: 0x109a95e22 0x1042a12e5 0x1041d56a2 0x1042a4329 0x1042a34a6 0x1042a3089 0x10423ab3e 0x1042a0d09 0x109a91e9e
  21.609 TIGER-SAMPLE pid 0xa30 n 0x4f thread 0x2903 thread 0x2903 state-kr 0x0 pc 0x109a95e22 leaf __semwait_signal+0xa frames: 0x109a95e22 0x1042a12e5 0x1041d56a2 0x1042a4329 0x1042a34a6 0x1042a3089 0x10423ab3e 0x1042a0d09 0x109a91e9e
  21.609 TIGER-SAMPLE pid 0xa30 n 0x4f thread 0x2a03 thread 0x2a03 state-kr 0x0 pc 0x109a95e22 leaf __semwait_signal+0xa frames: 0x109a95e22 0x1042a12e5 0x1041d56a2 0x1042a4329 0x1042a34a6 0x1042a3089 0x10423ab3e 0x1042a0d09 0x109a91e9e
  21.610 TIGER-SAMPLE pid 0xa30 n 0x4f thread 0x2b03 thread 0x2b03 state-kr 0x0 pc 0x109a46712 leaf recvmsg+0xa frames: 0x109a46712 0x10045e43e 0x10423ab3e 0x1042a0d09 0x109a91e9e
  21.610 TIGER-SAMPLE pid 0xa30 n 0x4f thread 0x2c03 thread 0x2c03 state-kr 0x0 pc 0x109a95e22 leaf __semwait_signal+0xa frames: 0x109a95e22 0x1042a12e5 0x1041d56a2 0x1042a4329 0x1042a34a6 0x1042a3089 0x10423ab3e 0x1042a0d09 0x109a91e9e
  21.610 TIGER-SAMPLE pid 0xa30 n 0x4f thread 0x2d03 thread 0x2d03 state-kr 0x0 pc 0x109a46712 leaf recvmsg+0xa frames: 0x109a46712 0x10045e43e 0x10423ab3e 0x1042a0d09 0x109a91e9e
  21.610 TIGER-SAMPLE pid 0xa30 n 0x4f thread 0x4103 thread 0x4103 state-kr 0x0 pc 0x109a95e22 leaf __semwait_signal+0xa frames: 0x109a95e22 0x1042a1327 0x1041d56a2 0x1041b2277 0x10423ab3e 0x1042a0d09 0x109a91e9e
  21.730 TIGER-SAMPLE pid 0xa2d n 0x54 main 0x117 thread 0x117 state-kr 0x0 pc 0x90009817 leaf mach_msg_trap+0x7 frames: 0x90009817 0x9082d227 0x9082ca42 0x92e06878 0x92e05f82 0x92e05dd9 0x9328cf45 0x9328cb37 0x932868c4 0x8af6 0x82f2 0x8219 0x5
  21.730 TIGER-SAMPLE pid 0xa2d n 0x54 thread 0x1203 thread 0x1203 state-kr 0x0 pc 0x90009817 leaf mach_msg_trap+0x7 frames: 0x90009817 0x2ca6d8 0x90023d67
  21.730 TIGER-SAMPLE pid 0xa2d n 0x54 thread 0x3207 thread 0x3207 state-kr 0x0 pc 0x90024407 leaf semaphore_wait_signal_trap+0x7 frames: 0x90024407 0x364de 0x90023d67
  21.731 TIGER-SAMPLE pid 0xa2d n 0x54 thread 0x3403 thread 0x3403 state-kr 0x0 pc 0x90024407 leaf semaphore_wait_signal_trap+0x7 frames: 0x90024407 0x364de 0x90023d67
  21.731 TIGER-SAMPLE pid 0xa2d n 0x54 thread 0x5103 thread 0x5103 state-kr 0x0 pc 0x900bc3fc leaf poll+0xc frames: 0x900bc3fc 0x2cd134 0x313210b 0x319b321 0x90023d67
  21.731 TIGER-SAMPLE pid 0xa2d n 0x54 thread 0x5203 thread 0x5203 state-kr 0x0 pc 0x90024407 leaf semaphore_wait_signal_trap+0x7 frames: 0x90024407 0x364de 0x90023d67
  21.732 TIGER-SAMPLE pid 0xa2d n 0x54 thread 0x5503 thread 0x5503 state-kr 0x0 pc 0x900bc3fc leaf poll+0xc frames: 0x900bc3fc 0x2cd134 0x313210b 0x319b321 0x90023d67
  21.732 TIGER-SAMPLE pid 0xa2d n 0x54 thread 0x5603 thread 0x5603 state-kr 0x0 pc 0x90024407 leaf semaphore_wait_signal_trap+0x7 frames: 0x90024407 0x364de 0x90023d67
  21.732 TIGER-SAMPLE pid 0xa2d n 0x54 thread 0x5c07 thread 0x5c07 state-kr 0x0 pc 0x90004e0f leaf free+0x1f frames: 0x90004e0f 0x2cc149 0x2cc6bb 0x2cd134 0x313210b 0x319b321 0x90023d67
  21.732 TIGER-SAMPLE pid 0xa2d n 0x54 thread 0x5e07 thread 0x5e07 state-kr 0x0 pc 0x90024407 leaf semaphore_wait_signal_trap+0x7 frames: 0x90024407 0x915a96ab 0x915c3ddc 0x90023d67
  21.790 TIGER-SAMPLE pid 0xa31 n 0x53 main 0xd03 thread 0xd03 state-kr 0x0 pc 0x109895e22 leaf __semwait_signal+0xa frames: 0x109895e22 0x10409c9d5 0x103fcd562 0x10409fb49 0x10409ec36 0x10409e819 0x10004a16b 0x10000154c 0x100001461 0x3
  21.790 TIGER-SAMPLE pid 0xa31 n 0x53 thread 0xf03 thread 0xf03 state-kr 0x0 pc 0x1098dfe4e leaf mach_msg_trap+0xa frames: 0x1098dfe4e 0x100327902 0x109891e9e
  21.790 TIGER-SAMPLE pid 0xa31 n 0x53 thread 0x1103 thread 0x1103 state-kr 0x0 pc 0x109895e22 leaf __semwait_signal+0xa frames: 0x109895e22 0x10409c9d5 0x103fcd562 0x10409fb49 0x10409ec36 0x10409e819 0x104033bfe 0x10409c3f9 0x109891e9e
  21.791 TIGER-SAMPLE pid 0xa31 n 0x53 thread 0x2303 thread 0x2303 state-kr 0x0 pc 0x1098467e6 leaf poll+0xa frames: 0x1098467e6 0x104033bfe 0x10409c3f9 0x109891e9e
  21.792 TIGER-SAMPLE pid 0xa31 n 0x53 thread 0x2407 thread 0x2407 state-kr 0x0 pc 0x109895e22 leaf __semwait_signal+0xa frames: 0x109895e22 0x10409c9d5 0x103fcd562 0x10409fb49 0x10409ec36 0x10409e819 0x104033bfe 0x10409c3f9 0x109891e9e
  21.792 TIGER-SAMPLE pid 0xa31 n 0x53 thread 0x2503 thread 0x2503 state-kr 0x0 pc 0x109895e22 leaf __semwait_signal+0xa frames: 0x109895e22 0x10409c9d5 0x103fcd562 0x10409fb49 0x10409ec36 0x10409e819 0x104033bfe 0x10409c3f9 0x109891e9e
  21.792 TIGER-SAMPLE pid 0xa31 n 0x53 thread 0x2603 thread 0x2603 state-kr 0x0 pc 0x109895e22 leaf __semwait_signal+0xa frames: 0x109895e22 0x10409c9d5 0x103fcd562 0x10409fb49 0x10409ec36 0x10409e819 0x104033bfe 0x10409c3f9 0x109891e9e
  21.792 TIGER-SAMPLE pid 0xa31 n 0x53 thread 0x2703 thread 0x2703 state-kr 0x0 pc 0x109895e22 leaf __semwait_signal+0xa frames: 0x109895e22 0x10409c9d5 0x103fcd562 0x10409fb49 0x10409ec36 0x10409e819 0x104033bfe 0x10409c3f9 0x109891e9e
  21.792 TIGER-SAMPLE pid 0xa31 n 0x53 thread 0x2903 thread 0x2903 state-kr 0x0 pc 0x109895e22 leaf __semwait_signal+0xa frames: 0x109895e22 0x10409c9d5 0x103fcd562 0x10409fb49 0x10409ec36 0x10409e819 0x104033bfe 0x10409c3f9 0x109891e9e
  21.792 TIGER-SAMPLE pid 0xa31 n 0x53 thread 0x2a03 thread 0x2a03 state-kr 0x0 pc 0x1098467e6 leaf poll+0xa frames: 0x1098467e6 0x104033bfe 0x10409c3f9 0x109891e9e
  21.792 TIGER-SAMPLE pid 0xa31 n 0x53 thread 0x2b03 thread 0x2b03 state-kr 0x0 pc 0x1098467e6 leaf poll+0xa frames: 0x1098467e6 0x104388627 0x1043887ea 0x101f32ba7 0x101f3e971 0x104033bfe 0x10409c3f9 0x109891e9e
  21.792 TIGER-SAMPLE pid 0xa31 n 0x53 thread 0x3003 thread 0x3003 state-kr 0x0 pc 0x109895e22 leaf __semwait_signal+0xa frames: 0x109895e22 0x10409c9d5 0x103fcd562 0x10409fb49 0x10409ec36 0x10409e819 0x104033bfe 0x10409c3f9 0x109891e9e
  21.861 TIGER-SAMPLE pid 0xa30 n 0x50 main 0xd03 thread 0xd03 state-kr 0x0 pc 0x109a95e22 leaf __semwait_signal+0xa frames: 0x109a95e22 0x1042a1327 0x1041d56a2 0x1042a4329 0x1042a34a6 0x1042a3089 0x100046488 0x100001d0c 0x100001c21 0x3
  21.861 TIGER-SAMPLE pid 0xa30 n 0x50 thread 0xf03 thread 0xf03 state-kr 0x0 pc 0x109adfe4e leaf mach_msg_trap+0xa frames: 0x109adfe4e 0x10045c512 0x109a91e9e
  21.861 TIGER-SAMPLE pid 0xa30 n 0x50 thread 0x1103 thread 0x1103 state-kr 0x0 pc 0x109a95e22 leaf __semwait_signal+0xa frames: 0x109a95e22 0x1042a12e5 0x1041d56a2 0x1042a4329 0x1042a34a6 0x1042a3089 0x10423ab3e 0x1042a0d09 0x109a91e9e
  21.861 TIGER-SAMPLE pid 0xa30 n 0x50 thread 0x2303 thread 0x2303 state-kr 0x0 pc 0x109a95e22 leaf __semwait_signal+0xa frames: 0x109a95e22 0x1042a12e5 0x1041d56a2 0x1042a4329 0x1042a34a6 0x1042a3089 0x10423ab3e 0x1042a0d09 0x109a91e9e
  21.861 TIGER-SAMPLE pid 0xa30 n 0x50 thread 0x2403 thread 0x2403 state-kr 0x0 pc 0x109a95e22 leaf __semwait_signal+0xa frames: 0x109a95e22 0x1042a12e5 0x1041d56a2 0x1042a4329 0x1042a34a6 0x1042a3089 0x10423ab3e 0x1042a0d09 0x109a91e9e
  21.862 TIGER-SAMPLE pid 0xa30 n 0x50 thread 0x2503 thread 0x2503 state-kr 0x0 pc 0x109a467e6 leaf poll+0xa frames: 0x109a467e6 0x10423ab3e 0x1042a0d09 0x109a91e9e
  21.862 TIGER-SAMPLE pid 0xa30 n 0x50 thread 0x2603 thread 0x2603 state-kr 0x0 pc 0x109a95e22 leaf __semwait_signal+0xa frames: 0x109a95e22 0x1042a12e5 0x1041d56a2 0x1042a4329 0x1042a34a6 0x1042a3089 0x10423ab3e 0x1042a0d09 0x109a91e9e
  21.862 TIGER-SAMPLE pid 0xa30 n 0x50 thread 0x2703 thread 0x2703 state-kr 0x0 pc 0x109a467e6 leaf poll+0xa frames: 0x109a467e6 0x10423ab3e 0x1042a0d09 0x109a91e9e
  21.862 TIGER-SAMPLE pid 0xa30 n 0x50 thread 0x2807 thread 0x2807 state-kr 0x0 pc 0x109a95e22 leaf __semwait_signal+0xa frames: 0x109a95e22 0x1042a12e5 0x1041d56a2 0x1042a4329 0x1042a34a6 0x1042a3089 0x10423ab3e 0x1042a0d09 0x109a91e9e
  21.863 TIGER-SAMPLE pid 0xa30 n 0x50 thread 0x2903 thread 0x2903 state-kr 0x0 pc 0x109a95e22 leaf __semwait_signal+0xa frames: 0x109a95e22 0x1042a12e5 0x1041d56a2 0x1042a4329 0x1042a34a6 0x1042a3089 0x10423ab3e 0x1042a0d09 0x109a91e9e
  21.863 TIGER-SAMPLE pid 0xa30 n 0x50 thread 0x2a03 thread 0x2a03 state-kr 0x0 pc 0x109a95e22 leaf __semwait_signal+0xa frames: 0x109a95e22 0x1042a12e5 0x1041d56a2 0x1042a4329 0x1042a34a6 0x1042a3089 0x10423ab3e 0x1042a0d09 0x109a91e9e
  21.863 TIGER-SAMPLE pid 0xa30 n 0x50 thread 0x2b03 thread 0x2b03 state-kr 0x0 pc 0x109a46712 leaf recvmsg+0xa frames: 0x109a46712 0x10045e43e 0x10423ab3e 0x1042a0d09 0x109a91e9e
  21.863 TIGER-SAMPLE pid 0xa30 n 0x50 thread 0x2c03 thread 0x2c03 state-kr 0x0 pc 0x109a95e22 leaf __semwait_signal+0xa frames: 0x109a95e22 0x1042a12e5 0x1041d56a2 0x1042a4329 0x1042a34a6 0x1042a3089 0x10423ab3e 0x1042a0d09 0x109a91e9e
  21.865 TIGER-SAMPLE pid 0xa30 n 0x50 thread 0x2d03 thread 0x2d03 state-kr 0x0 pc 0x109aa8671 leaf malloc_jumpstart+0x19c6 frames: 0x109aa8671 0x10045df8e 0x10045e43e 0x10423ab3e 0x1042a0d09 0x109a91e9e
  21.865 TIGER-SAMPLE pid 0xa30 n 0x50 thread 0x4103 thread 0x4103 state-kr 0x0 pc 0x109a95e22 leaf __semwait_signal+0xa frames: 0x109a95e22 0x1042a1327 0x1041d56a2 0x1041b2277 0x10423ab3e 0x1042a0d09 0x109a91e9e
  21.983 TIGER-SAMPLE pid 0xa2d n 0x55 main 0x117 thread 0x117 state-kr 0x0 pc 0x90009817 leaf mach_msg_trap+0x7 frames: 0x90009817 0x9082d227 0x9082ca42 0x92e06878 0x92e05f82 0x92e05dd9 0x9328cf45 0x9328cb37 0x932868c4 0x8af6 0x82f2 0x8219 0x5
  21.983 TIGER-SAMPLE pid 0xa2d n 0x55 thread 0x1203 thread 0x1203 state-kr 0x0 pc 0x90009817 leaf mach_msg_trap+0x7 frames: 0x90009817 0x2ca6d8 0x90023d67
  21.985 TIGER-SAMPLE pid 0xa2d n 0x55 thread 0x3207 thread 0x3207 state-kr 0x0 pc 0x90024407 leaf semaphore_wait_signal_trap+0x7 frames: 0x90024407 0x364de 0x90023d67
  21.985 TIGER-SAMPLE pid 0xa2d n 0x55 thread 0x3403 thread 0x3403 state-kr 0x0 pc 0x90024407 leaf semaphore_wait_signal_trap+0x7 frames: 0x90024407 0x364de 0x90023d67
  21.985 TIGER-SAMPLE pid 0xa2d n 0x55 thread 0x5103 thread 0x5103 state-kr 0x0 pc 0x900bc3fc leaf poll+0xc frames: 0x900bc3fc 0x2cd134 0x313210b 0x319b321 0x90023d67
  21.985 TIGER-SAMPLE pid 0xa2d n 0x55 thread 0x5203 thread 0x5203 state-kr 0x0 pc 0x90024407 leaf semaphore_wait_signal_trap+0x7 frames: 0x90024407 0x364de 0x90023d67
  21.985 TIGER-SAMPLE pid 0xa2d n 0x55 thread 0x5503 thread 0x5503 state-kr 0x0 pc 0x900bc3fc leaf poll+0xc frames: 0x900bc3fc 0x2cd134 0x313210b 0x319b321 0x90023d67
  21.985 TIGER-SAMPLE pid 0xa2d n 0x55 thread 0x5603 thread 0x5603 state-kr 0x0 pc 0x90024407 leaf semaphore_wait_signal_trap+0x7 frames: 0x90024407 0x364de 0x90023d67
  21.988 TIGER-SAMPLE pid 0xa2d n 0x55 thread 0x5c07 thread 0x5c07 state-kr 0x0 pc 0x2cc00f leaf _ZN3IPC10Connection16readyReadHandlerEv+0x1cf frames: 0x2cc00f 0x2cc6bb 0x2cd134 0x313210b 0x319b321 0x90023d67
  21.988 TIGER-SAMPLE pid 0xa2d n 0x55 thread 0x5e07 thread 0x5e07 state-kr 0x0 pc 0x90024407 leaf semaphore_wait_signal_trap+0x7 frames: 0x90024407 0x915a96ab 0x915c3ddc 0x90023d67
  22.042 TIGER-SAMPLE pid 0xa31 n 0x54 main 0xd03 thread 0xd03 state-kr 0x0 pc 0x109895e22 leaf __semwait_signal+0xa frames: 0x109895e22 0x10409c9d5 0x103fcd562 0x10409fb49 0x10409ec36 0x10409e819 0x10004a16b 0x10000154c 0x100001461 0x3
  22.042 TIGER-SAMPLE pid 0xa31 n 0x54 thread 0xf03 thread 0xf03 state-kr 0x0 pc 0x1098dfe4e leaf mach_msg_trap+0xa frames: 0x1098dfe4e 0x100327902 0x109891e9e
  22.043 TIGER-SAMPLE pid 0xa31 n 0x54 thread 0x1103 thread 0x1103 state-kr 0x0 pc 0x109895e22 leaf __semwait_signal+0xa frames: 0x109895e22 0x10409c9d5 0x103fcd562 0x10409fb49 0x10409ec36 0x10409e819 0x104033bfe 0x10409c3f9 0x109891e9e
  22.043 TIGER-SAMPLE pid 0xa31 n 0x54 thread 0x2303 thread 0x2303 state-kr 0x0 pc 0x1098467e6 leaf poll+0xa frames: 0x1098467e6 0x104033bfe 0x10409c3f9 0x109891e9e
  22.043 TIGER-SAMPLE pid 0xa31 n 0x54 thread 0x2407 thread 0x2407 state-kr 0x0 pc 0x109895e22 leaf __semwait_signal+0xa frames: 0x109895e22 0x10409c9d5 0x103fcd562 0x10409fb49 0x10409ec36 0x10409e819 0x104033bfe 0x10409c3f9 0x109891e9e
  22.043 TIGER-SAMPLE pid 0xa31 n 0x54 thread 0x2503 thread 0x2503 state-kr 0x0 pc 0x109895e22 leaf __semwait_signal+0xa frames: 0x109895e22 0x10409c9d5 0x103fcd562 0x10409fb49 0x10409ec36 0x10409e819 0x104033bfe 0x10409c3f9 0x109891e9e
  22.044 TIGER-SAMPLE pid 0xa31 n 0x54 thread 0x2603 thread 0x2603 state-kr 0x0 pc 0x109895e22 leaf __semwait_signal+0xa frames: 0x109895e22 0x10409c9d5 0x103fcd562 0x10409fb49 0x10409ec36 0x10409e819 0x104033bfe 0x10409c3f9 0x109891e9e
  22.044 TIGER-SAMPLE pid 0xa31 n 0x54 thread 0x2703 thread 0x2703 state-kr 0x0 pc 0x109895e22 leaf __semwait_signal+0xa frames: 0x109895e22 0x10409c9d5 0x103fcd562 0x10409fb49 0x10409ec36 0x10409e819 0x104033bfe 0x10409c3f9 0x109891e9e
  22.045 TIGER-SAMPLE pid 0xa31 n 0x54 thread 0x2903 thread 0x2903 state-kr 0x0 pc 0x109895e22 leaf __semwait_signal+0xa frames: 0x109895e22 0x10409c9d5 0x103fcd562 0x10409fb49 0x10409ec36 0x10409e819 0x104033bfe 0x10409c3f9 0x109891e9e
  22.045 TIGER-SAMPLE pid 0xa31 n 0x54 thread 0x2a03 thread 0x2a03 state-kr 0x0 pc 0x1098467e6 leaf poll+0xa frames: 0x1098467e6 0x104033bfe 0x10409c3f9 0x109891e9e
  22.045 TIGER-SAMPLE pid 0xa31 n 0x54 thread 0x2b03 thread 0x2b03 state-kr 0x0 pc 0x1098467e6 leaf poll+0xa frames: 0x1098467e6 0x104388627 0x1043887ea 0x101f32ba7 0x101f3e971 0x104033bfe 0x10409c3f9 0x109891e9e
  22.045 TIGER-SAMPLE pid 0xa31 n 0x54 thread 0x3003 thread 0x3003 state-kr 0x0 pc 0x109895e22 leaf __semwait_signal+0xa frames: 0x109895e22 0x10409c9d5 0x103fcd562 0x10409fb49 0x10409ec36 0x10409e819 0x104033bfe 0x10409c3f9 0x109891e9e
  22.115 TIGER-SAMPLE pid 0xa30 n 0x51 main 0xd03 thread 0xd03 state-kr 0x0 pc 0x109a95e22 leaf __semwait_signal+0xa frames: 0x109a95e22 0x1042a1327 0x1041d56a2 0x1042a4329 0x1042a34a6 0x1042a3089 0x100046488 0x100001d0c 0x100001c21 0x3
  22.116 TIGER-SAMPLE pid 0xa30 n 0x51 thread 0xf03 thread 0xf03 state-kr 0x0 pc 0x109adfe4e leaf mach_msg_trap+0xa frames: 0x109adfe4e 0x10045c512 0x109a91e9e
  22.116 TIGER-SAMPLE pid 0xa30 n 0x51 thread 0x1103 thread 0x1103 state-kr 0x0 pc 0x109a95e22 leaf __semwait_signal+0xa frames: 0x109a95e22 0x1042a12e5 0x1041d56a2 0x1042a4329 0x1042a34a6 0x1042a3089 0x10423ab3e 0x1042a0d09 0x109a91e9e
  22.116 TIGER-SAMPLE pid 0xa30 n 0x51 thread 0x2303 thread 0x2303 state-kr 0x0 pc 0x109a95e22 leaf __semwait_signal+0xa frames: 0x109a95e22 0x1042a12e5 0x1041d56a2 0x1042a4329 0x1042a34a6 0x1042a3089 0x10423ab3e 0x1042a0d09 0x109a91e9e
  22.116 TIGER-SAMPLE pid 0xa30 n 0x51 thread 0x2403 thread 0x2403 state-kr 0x0 pc 0x109a95e22 leaf __semwait_signal+0xa frames: 0x109a95e22 0x1042a12e5 0x1041d56a2 0x1042a4329 0x1042a34a6 0x1042a3089 0x10423ab3e 0x1042a0d09 0x109a91e9e
  22.117 TIGER-SAMPLE pid 0xa30 n 0x51 thread 0x2503 thread 0x2503 state-kr 0x0 pc 0x109a467e6 leaf poll+0xa frames: 0x109a467e6 0x10423ab3e 0x1042a0d09 0x109a91e9e
  22.117 TIGER-SAMPLE pid 0xa30 n 0x51 thread 0x2603 thread 0x2603 state-kr 0x0 pc 0x109a95e22 leaf __semwait_signal+0xa frames: 0x109a95e22 0x1042a12e5 0x1041d56a2 0x1042a4329 0x1042a34a6 0x1042a3089 0x10423ab3e 0x1042a0d09 0x109a91e9e
  22.117 TIGER-SAMPLE pid 0xa30 n 0x51 thread 0x2703 thread 0x2703 state-kr 0x0 pc 0x109a467e6 leaf poll+0xa frames: 0x109a467e6 0x10423ab3e 0x1042a0d09 0x109a91e9e
  22.117 TIGER-SAMPLE pid 0xa30 n 0x51 thread 0x2807 thread 0x2807 state-kr 0x0 pc 0x109a95e22 leaf __semwait_signal+0xa frames: 0x109a95e22 0x1042a12e5 0x1041d56a2 0x1042a4329 0x1042a34a6 0x1042a3089 0x10423ab3e 0x1042a0d09 0x109a91e9e
  22.118 TIGER-SAMPLE pid 0xa30 n 0x51 thread 0x2903 thread 0x2903 state-kr 0x0 pc 0x109a95e22 leaf __semwait_signal+0xa frames: 0x109a95e22 0x1042a12e5 0x1041d56a2 0x1042a4329 0x1042a34a6 0x1042a3089 0x10423ab3e 0x1042a0d09 0x109a91e9e
  22.118 TIGER-SAMPLE pid 0xa30 n 0x51 thread 0x2a03 thread 0x2a03 state-kr 0x0 pc 0x109a95e22 leaf __semwait_signal+0xa frames: 0x109a95e22 0x1042a12e5 0x1041d56a2 0x1042a4329 0x1042a34a6 0x1042a3089 0x10423ab3e 0x1042a0d09 0x109a91e9e
  22.119 TIGER-SAMPLE pid 0xa30 n 0x51 thread 0x2b03 thread 0x2b03 state-kr 0x0 pc 0x109a46712 leaf recvmsg+0xa frames: 0x109a46712 0x10045e43e 0x10423ab3e 0x1042a0d09 0x109a91e9e
  22.119 TIGER-SAMPLE pid 0xa30 n 0x51 thread 0x2c03 thread 0x2c03 state-kr 0x0 pc 0x109a95e22 leaf __semwait_signal+0xa frames: 0x109a95e22 0x1042a12e5 0x1041d56a2 0x1042a4329 0x1042a34a6 0x1042a3089 0x10423ab3e 0x1042a0d09 0x109a91e9e
  22.130 TIGER-SAMPLE pid 0xa30 n 0x51 thread 0x2d03 thread 0x2d03 state-kr 0x0 pc 0x109aa7c52 leaf malloc_jumpstart+0xfa7 frames: 0x109aa7c52 0x10045df8e 0x10045e43e 0x10423ab3e 0x1042a0d09 0x109a91e9e
  22.130 TIGER-SAMPLE pid 0xa30 n 0x51 thread 0x4103 thread 0x4103 state-kr 0x0 pc 0x109a95e22 leaf __semwait_signal+0xa frames: 0x109a95e22 0x1042a1327 0x1041d56a2 0x1041b2277 0x10423ab3e 0x1042a0d09 0x109a91e9e
  22.239 TIGER-SAMPLE pid 0xa2d n 0x56 main 0x117 thread 0x117 state-kr 0x0 pc 0x90009817 leaf mach_msg_trap+0x7 frames: 0x90009817 0x9082d227 0x9082ca42 0x92e06878 0x92e05f82 0x92e05dd9 0x9328cf45 0x9328cb37 0x932868c4 0x8af6 0x82f2 0x8219 0x5
  22.239 TIGER-SAMPLE pid 0xa2d n 0x56 thread 0x1203 thread 0x1203 state-kr 0x0 pc 0x90009817 leaf mach_msg_trap+0x7 frames: 0x90009817 0x2ca6d8 0x90023d67
  22.239 TIGER-SAMPLE pid 0xa2d n 0x56 thread 0x3207 thread 0x3207 state-kr 0x0 pc 0x90024407 leaf semaphore_wait_signal_trap+0x7 frames: 0x90024407 0x364de 0x90023d67
  22.239 TIGER-SAMPLE pid 0xa2d n 0x56 thread 0x3403 thread 0x3403 state-kr 0x0 pc 0x90024407 leaf semaphore_wait_signal_trap+0x7 frames: 0x90024407 0x364de 0x90023d67
  22.240 TIGER-SAMPLE pid 0xa2d n 0x56 thread 0x5103 thread 0x5103 state-kr 0x0 pc 0x900bc3fc leaf poll+0xc frames: 0x900bc3fc 0x2cd134 0x313210b 0x319b321 0x90023d67
  22.240 TIGER-SAMPLE pid 0xa2d n 0x56 thread 0x5203 thread 0x5203 state-kr 0x0 pc 0x90024407 leaf semaphore_wait_signal_trap+0x7 frames: 0x90024407 0x364de 0x90023d67
  22.240 TIGER-SAMPLE pid 0xa2d n 0x56 thread 0x5503 thread 0x5503 state-kr 0x0 pc 0x900bc3fc leaf poll+0xc frames: 0x900bc3fc 0x2cd134 0x313210b 0x319b321 0x90023d67
  22.241 TIGER-SAMPLE pid 0xa2d n 0x56 thread 0x5603 thread 0x5603 state-kr 0x0 pc 0x90024407 leaf semaphore_wait_signal_trap+0x7 frames: 0x90024407 0x364de 0x90023d67
  22.241 TIGER-SAMPLE pid 0xa2d n 0x56 thread 0x5c07 thread 0x5c07 state-kr 0x0 pc 0x900265fc leaf recvmsg+0xc frames: 0x900265fc 0x2cc6bb 0x2cd134 0x313210b 0x319b321 0x90023d67
  22.241 TIGER-SAMPLE pid 0xa2d n 0x56 thread 0x5e07 thread 0x5e07 state-kr 0x0 pc 0x90024407 leaf semaphore_wait_signal_trap+0x7 frames: 0x90024407 0x915a96ab 0x915c3ddc 0x90023d67
  22.295 TIGER-SAMPLE pid 0xa31 n 0x55 main 0xd03 thread 0xd03 state-kr 0x0 pc 0x109895e22 leaf __semwait_signal+0xa frames: 0x109895e22 0x10409c9d5 0x103fcd562 0x10409fb49 0x10409ec36 0x10409e819 0x10004a16b 0x10000154c 0x100001461 0x3
  22.295 TIGER-SAMPLE pid 0xa31 n 0x55 thread 0xf03 thread 0xf03 state-kr 0x0 pc 0x1098dfe4e leaf mach_msg_trap+0xa frames: 0x1098dfe4e 0x100327902 0x109891e9e
  22.295 TIGER-SAMPLE pid 0xa31 n 0x55 thread 0x1103 thread 0x1103 state-kr 0x0 pc 0x109895e22 leaf __semwait_signal+0xa frames: 0x109895e22 0x10409c9d5 0x103fcd562 0x10409fb49 0x10409ec36 0x10409e819 0x104033bfe 0x10409c3f9 0x109891e9e
  22.295 TIGER-SAMPLE pid 0xa31 n 0x55 thread 0x2303 thread 0x2303 state-kr 0x0 pc 0x1098467e6 leaf poll+0xa frames: 0x1098467e6 0x104033bfe 0x10409c3f9 0x109891e9e
  22.296 TIGER-SAMPLE pid 0xa31 n 0x55 thread 0x2407 thread 0x2407 state-kr 0x0 pc 0x109895e22 leaf __semwait_signal+0xa frames: 0x109895e22 0x10409c9d5 0x103fcd562 0x10409fb49 0x10409ec36 0x10409e819 0x104033bfe 0x10409c3f9 0x109891e9e
  22.296 TIGER-SAMPLE pid 0xa31 n 0x55 thread 0x2503 thread 0x2503 state-kr 0x0 pc 0x109895e22 leaf __semwait_signal+0xa frames: 0x109895e22 0x10409c9d5 0x103fcd562 0x10409fb49 0x10409ec36 0x10409e819 0x104033bfe 0x10409c3f9 0x109891e9e
  22.296 TIGER-SAMPLE pid 0xa31 n 0x55 thread 0x2603 thread 0x2603 state-kr 0x0 pc 0x109895e22 leaf __semwait_signal+0xa frames: 0x109895e22 0x10409c9d5 0x103fcd562 0x10409fb49 0x10409ec36 0x10409e819 0x104033bfe 0x10409c3f9 0x109891e9e
  22.296 TIGER-SAMPLE pid 0xa31 n 0x55 thread 0x2703 thread 0x2703 state-kr 0x0 pc 0x109895e22 leaf __semwait_signal+0xa frames: 0x109895e22 0x10409c9d5 0x103fcd562 0x10409fb49 0x10409ec36 0x10409e819 0x104033bfe 0x10409c3f9 0x109891e9e
  22.297 TIGER-SAMPLE pid 0xa31 n 0x55 thread 0x2903 thread 0x2903 state-kr 0x0 pc 0x109895e22 leaf __semwait_signal+0xa frames: 0x109895e22 0x10409c9d5 0x103fcd562 0x10409fb49 0x10409ec36 0x10409e819 0x104033bfe 0x10409c3f9 0x109891e9e
  22.297 TIGER-SAMPLE pid 0xa31 n 0x55 thread 0x2a03 thread 0x2a03 state-kr 0x0 pc 0x1098467e6 leaf poll+0xa frames: 0x1098467e6 0x104033bfe 0x10409c3f9 0x109891e9e
  22.297 TIGER-SAMPLE pid 0xa31 n 0x55 thread 0x2b03 thread 0x2b03 state-kr 0x0 pc 0x1098467e6 leaf poll+0xa frames: 0x1098467e6 0x104388627 0x1043887ea 0x101f32ba7 0x101f3e971 0x104033bfe 0x10409c3f9 0x109891e9e
  22.297 TIGER-SAMPLE pid 0xa31 n 0x55 thread 0x3003 thread 0x3003 state-kr 0x0 pc 0x109895e22 leaf __semwait_signal+0xa frames: 0x109895e22 0x10409c9d5 0x103fcd562 0x10409fb49 0x10409ec36 0x10409e819 0x104033bfe 0x10409c3f9 0x109891e9e
  22.381 TIGER-SAMPLE pid 0xa30 n 0x52 main 0xd03 thread 0xd03 state-kr 0x0 pc 0x109a95e22 leaf __semwait_signal+0xa frames: 0x109a95e22 0x1042a1327 0x1041d56a2 0x1042a4329 0x1042a34a6 0x1042a3089 0x100046488 0x100001d0c 0x100001c21 0x3
  22.381 TIGER-SAMPLE pid 0xa30 n 0x52 thread 0xf03 thread 0xf03 state-kr 0x0 pc 0x109adfe4e leaf mach_msg_trap+0xa frames: 0x109adfe4e 0x10045c512 0x109a91e9e
  22.381 TIGER-SAMPLE pid 0xa30 n 0x52 thread 0x1103 thread 0x1103 state-kr 0x0 pc 0x109a95e22 leaf __semwait_signal+0xa frames: 0x109a95e22 0x1042a12e5 0x1041d56a2 0x1042a4329 0x1042a34a6 0x1042a3089 0x10423ab3e 0x1042a0d09 0x109a91e9e
  22.381 TIGER-SAMPLE pid 0xa30 n 0x52 thread 0x2303 thread 0x2303 state-kr 0x0 pc 0x109a95e22 leaf __semwait_signal+0xa frames: 0x109a95e22 0x1042a12e5 0x1041d56a2 0x1042a4329 0x1042a34a6 0x1042a3089 0x10423ab3e 0x1042a0d09 0x109a91e9e
  22.381 TIGER-SAMPLE pid 0xa30 n 0x52 thread 0x2403 thread 0x2403 state-kr 0x0 pc 0x109a95e22 leaf __semwait_signal+0xa frames: 0x109a95e22 0x1042a12e5 0x1041d56a2 0x1042a4329 0x1042a34a6 0x1042a3089 0x10423ab3e 0x1042a0d09 0x109a91e9e
  22.381 TIGER-SAMPLE pid 0xa30 n 0x52 thread 0x2503 thread 0x2503 state-kr 0x0 pc 0x109a467e6 leaf poll+0xa frames: 0x109a467e6 0x10423ab3e 0x1042a0d09 0x109a91e9e
  22.381 TIGER-SAMPLE pid 0xa30 n 0x52 thread 0x2603 thread 0x2603 state-kr 0x0 pc 0x109a95e22 leaf __semwait_signal+0xa frames: 0x109a95e22 0x1042a12e5 0x1041d56a2 0x1042a4329 0x1042a34a6 0x1042a3089 0x10423ab3e 0x1042a0d09 0x109a91e9e
  22.381 TIGER-SAMPLE pid 0xa30 n 0x52 thread 0x2703 thread 0x2703 state-kr 0x0 pc 0x109a467e6 leaf poll+0xa frames: 0x109a467e6 0x10423ab3e 0x1042a0d09 0x109a91e9e
  22.382 TIGER-SAMPLE pid 0xa30 n 0x52 thread 0x2807 thread 0x2807 state-kr 0x0 pc 0x109a95e22 leaf __semwait_signal+0xa frames: 0x109a95e22 0x1042a12e5 0x1041d56a2 0x1042a4329 0x1042a34a6 0x1042a3089 0x10423ab3e 0x1042a0d09 0x109a91e9e
  22.382 TIGER-SAMPLE pid 0xa30 n 0x52 thread 0x2903 thread 0x2903 state-kr 0x0 pc 0x109a95e22 leaf __semwait_signal+0xa frames: 0x109a95e22 0x1042a12e5 0x1041d56a2 0x1042a4329 0x1042a34a6 0x1042a3089 0x10423ab3e 0x1042a0d09 0x109a91e9e
  22.382 TIGER-SAMPLE pid 0xa30 n 0x52 thread 0x2a03 thread 0x2a03 state-kr 0x0 pc 0x109a95e22 leaf __semwait_signal+0xa frames: 0x109a95e22 0x1042a12e5 0x1041d56a2 0x1042a4329 0x1042a34a6 0x1042a3089 0x10423ab3e 0x1042a0d09 0x109a91e9e
  22.382 TIGER-SAMPLE pid 0xa30 n 0x52 thread 0x2b03 thread 0x2b03 state-kr 0x0 pc 0x109a46712 leaf recvmsg+0xa frames: 0x109a46712 0x10045e43e 0x10423ab3e 0x1042a0d09 0x109a91e9e
  22.382 TIGER-SAMPLE pid 0xa30 n 0x52 thread 0x2c03 thread 0x2c03 state-kr 0x0 pc 0x109a95e22 leaf __semwait_signal+0xa frames: 0x109a95e22 0x1042a12e5 0x1041d56a2 0x1042a4329 0x1042a34a6 0x1042a3089 0x10423ab3e 0x1042a0d09 0x109a91e9e
  22.383 TIGER-SAMPLE pid 0xa30 n 0x52 thread 0x2d03 thread 0x2d03 state-kr 0x0 pc 0x109adb2d2 leaf free+0x33 frames: 0x109adb2d2 0x10045df8e 0x10045e43e 0x10423ab3e 0x1042a0d09 0x109a91e9e
  22.383 TIGER-SAMPLE pid 0xa30 n 0x52 thread 0x4103 thread 0x4103 state-kr 0x0 pc 0x109a95e22 leaf __semwait_signal+0xa frames: 0x109a95e22 0x1042a1327 0x1041d56a2 0x1041b2277 0x10423ab3e 0x1042a0d09 0x109a91e9e
  22.492 TIGER-SAMPLE pid 0xa2d n 0x57 main 0x117 thread 0x117 state-kr 0x0 pc 0x90009817 leaf mach_msg_trap+0x7 frames: 0x90009817 0x9082d227 0x9082ca42 0x92e06878 0x92e05f82 0x92e05dd9 0x9328cf45 0x9328cb37 0x932868c4 0x8af6 0x82f2 0x8219 0x5
  22.492 TIGER-SAMPLE pid 0xa2d n 0x57 thread 0x1203 thread 0x1203 state-kr 0x0 pc 0x90009817 leaf mach_msg_trap+0x7 frames: 0x90009817 0x2ca6d8 0x90023d67
  22.492 TIGER-SAMPLE pid 0xa2d n 0x57 thread 0x3207 thread 0x3207 state-kr 0x0 pc 0x90024407 leaf semaphore_wait_signal_trap+0x7 frames: 0x90024407 0x364de 0x90023d67
  22.492 TIGER-SAMPLE pid 0xa2d n 0x57 thread 0x3403 thread 0x3403 state-kr 0x0 pc 0x90024407 leaf semaphore_wait_signal_trap+0x7 frames: 0x90024407 0x364de 0x90023d67
  22.493 TIGER-SAMPLE pid 0xa2d n 0x57 thread 0x5103 thread 0x5103 state-kr 0x0 pc 0x900bc3fc leaf poll+0xc frames: 0x900bc3fc 0x2cd134 0x313210b 0x319b321 0x90023d67
  22.493 TIGER-SAMPLE pid 0xa2d n 0x57 thread 0x5203 thread 0x5203 state-kr 0x0 pc 0x90024407 leaf semaphore_wait_signal_trap+0x7 frames: 0x90024407 0x364de 0x90023d67
  22.493 TIGER-SAMPLE pid 0xa2d n 0x57 thread 0x5503 thread 0x5503 state-kr 0x0 pc 0x900bc3fc leaf poll+0xc frames: 0x900bc3fc 0x2cd134 0x313210b 0x319b321 0x90023d67
  22.493 TIGER-SAMPLE pid 0xa2d n 0x57 thread 0x5603 thread 0x5603 state-kr 0x0 pc 0x90024407 leaf semaphore_wait_signal_trap+0x7 frames: 0x90024407 0x364de 0x90023d67
  22.494 TIGER-SAMPLE pid 0xa2d n 0x57 thread 0x5c07 thread 0x5c07 state-kr 0x0 pc 0x900265fc leaf recvmsg+0xc frames: 0x900265fc 0x2cc6bb 0x2cd134 0x313210b 0x319b321 0x90023d67
  22.494 TIGER-SAMPLE pid 0xa2d n 0x57 thread 0x5e07 thread 0x5e07 state-kr 0x0 pc 0x90024407 leaf semaphore_wait_signal_trap+0x7 frames: 0x90024407 0x915a96ab 0x915c3ddc 0x90023d67
  22.548 TIGER-SAMPLE pid 0xa31 n 0x56 main 0xd03 thread 0xd03 state-kr 0x0 pc 0x109895e22 leaf __semwait_signal+0xa frames: 0x109895e22 0x10409c9d5 0x103fcd562 0x10409fb49 0x10409ec36 0x10409e819 0x10004a16b 0x10000154c 0x100001461 0x3
  22.548 TIGER-SAMPLE pid 0xa31 n 0x56 thread 0xf03 thread 0xf03 state-kr 0x0 pc 0x1098dfe4e leaf mach_msg_trap+0xa frames: 0x1098dfe4e 0x100327902 0x109891e9e
  22.549 TIGER-SAMPLE pid 0xa31 n 0x56 thread 0x1103 thread 0x1103 state-kr 0x0 pc 0x109895e22 leaf __semwait_signal+0xa frames: 0x109895e22 0x10409c9d5 0x103fcd562 0x10409fb49 0x10409ec36 0x10409e819 0x104033bfe 0x10409c3f9 0x109891e9e
  22.549 TIGER-SAMPLE pid 0xa31 n 0x56 thread 0x2303 thread 0x2303 state-kr 0x0 pc 0x1098467e6 leaf poll+0xa frames: 0x1098467e6 0x104033bfe 0x10409c3f9 0x109891e9e
  22.549 TIGER-SAMPLE pid 0xa31 n 0x56 thread 0x2407 thread 0x2407 state-kr 0x0 pc 0x109895e22 leaf __semwait_signal+0xa frames: 0x109895e22 0x10409c9d5 0x103fcd562 0x10409fb49 0x10409ec36 0x10409e819 0x104033bfe 0x10409c3f9 0x109891e9e
  22.549 TIGER-SAMPLE pid 0xa31 n 0x56 thread 0x2503 thread 0x2503 state-kr 0x0 pc 0x109895e22 leaf __semwait_signal+0xa frames: 0x109895e22 0x10409c9d5 0x103fcd562 0x10409fb49 0x10409ec36 0x10409e819 0x104033bfe 0x10409c3f9 0x109891e9e
  22.549 TIGER-SAMPLE pid 0xa31 n 0x56 thread 0x2603 thread 0x2603 state-kr 0x0 pc 0x109895e22 leaf __semwait_signal+0xa frames: 0x109895e22 0x10409c9d5 0x103fcd562 0x10409fb49 0x10409ec36 0x10409e819 0x104033bfe 0x10409c3f9 0x109891e9e
  22.549 TIGER-SAMPLE pid 0xa31 n 0x56 thread 0x2703 thread 0x2703 state-kr 0x0 pc 0x109895e22 leaf __semwait_signal+0xa frames: 0x109895e22 0x10409c9d5 0x103fcd562 0x10409fb49 0x10409ec36 0x10409e819 0x104033bfe 0x10409c3f9 0x109891e9e
  22.549 TIGER-SAMPLE pid 0xa31 n 0x56 thread 0x2903 thread 0x2903 state-kr 0x0 pc 0x109895e22 leaf __semwait_signal+0xa frames: 0x109895e22 0x10409c9d5 0x103fcd562 0x10409fb49 0x10409ec36 0x10409e819 0x104033bfe 0x10409c3f9 0x109891e9e
  22.549 TIGER-SAMPLE pid 0xa31 n 0x56 thread 0x2a03 thread 0x2a03 state-kr 0x0 pc 0x1098467e6 leaf poll+0xa frames: 0x1098467e6 0x104033bfe 0x10409c3f9 0x109891e9e
  22.549 TIGER-SAMPLE pid 0xa31 n 0x56 thread 0x2b03 thread 0x2b03 state-kr 0x0 pc 0x1098467e6 leaf poll+0xa frames: 0x1098467e6 0x104388627 0x1043887ea 0x101f32ba7 0x101f3e971 0x104033bfe 0x10409c3f9 0x109891e9e
  22.549 TIGER-SAMPLE pid 0xa31 n 0x56 thread 0x3003 thread 0x3003 state-kr 0x0 pc 0x109895e22 leaf __semwait_signal+0xa frames: 0x109895e22 0x10409c9d5 0x103fcd562 0x10409fb49 0x10409ec36 0x10409e819 0x104033bfe 0x10409c3f9 0x109891e9e
  22.633 TIGER-SAMPLE pid 0xa30 n 0x53 main 0xd03 thread 0xd03 state-kr 0x0 pc 0x109a95e22 leaf __semwait_signal+0xa frames: 0x109a95e22 0x1042a1327 0x1041d56a2 0x1042a4329 0x1042a34a6 0x1042a3089 0x100046488 0x100001d0c 0x100001c21 0x3
  22.633 TIGER-SAMPLE pid 0xa30 n 0x53 thread 0xf03 thread 0xf03 state-kr 0x0 pc 0x109adfe4e leaf mach_msg_trap+0xa frames: 0x109adfe4e 0x10045c512 0x109a91e9e
  22.634 TIGER-SAMPLE pid 0xa30 n 0x53 thread 0x1103 thread 0x1103 state-kr 0x0 pc 0x109a95e22 leaf __semwait_signal+0xa frames: 0x109a95e22 0x1042a12e5 0x1041d56a2 0x1042a4329 0x1042a34a6 0x1042a3089 0x10423ab3e 0x1042a0d09 0x109a91e9e
  22.634 TIGER-SAMPLE pid 0xa30 n 0x53 thread 0x2303 thread 0x2303 state-kr 0x0 pc 0x109a95e22 leaf __semwait_signal+0xa frames: 0x109a95e22 0x1042a12e5 0x1041d56a2 0x1042a4329 0x1042a34a6 0x1042a3089 0x10423ab3e 0x1042a0d09 0x109a91e9e
  22.634 TIGER-SAMPLE pid 0xa30 n 0x53 thread 0x2403 thread 0x2403 state-kr 0x0 pc 0x109a95e22 leaf __semwait_signal+0xa frames: 0x109a95e22 0x1042a12e5 0x1041d56a2 0x1042a4329 0x1042a34a6 0x1042a3089 0x10423ab3e 0x1042a0d09 0x109a91e9e
  22.634 TIGER-SAMPLE pid 0xa30 n 0x53 thread 0x2503 thread 0x2503 state-kr 0x0 pc 0x109a467e6 leaf poll+0xa frames: 0x109a467e6 0x10423ab3e 0x1042a0d09 0x109a91e9e
  22.635 TIGER-SAMPLE pid 0xa30 n 0x53 thread 0x2603 thread 0x2603 state-kr 0x0 pc 0x109a95e22 leaf __semwait_signal+0xa frames: 0x109a95e22 0x1042a12e5 0x1041d56a2 0x1042a4329 0x1042a34a6 0x1042a3089 0x10423ab3e 0x1042a0d09 0x109a91e9e
  22.635 TIGER-SAMPLE pid 0xa30 n 0x53 thread 0x2703 thread 0x2703 state-kr 0x0 pc 0x109a467e6 leaf poll+0xa frames: 0x109a467e6 0x10423ab3e 0x1042a0d09 0x109a91e9e
  22.635 TIGER-SAMPLE pid 0xa30 n 0x53 thread 0x2807 thread 0x2807 state-kr 0x0 pc 0x109a95e22 leaf __semwait_signal+0xa frames: 0x109a95e22 0x1042a12e5 0x1041d56a2 0x1042a4329 0x1042a34a6 0x1042a3089 0x10423ab3e 0x1042a0d09 0x109a91e9e
  22.635 TIGER-SAMPLE pid 0xa30 n 0x53 thread 0x2903 thread 0x2903 state-kr 0x0 pc 0x109a95e22 leaf __semwait_signal+0xa frames: 0x109a95e22 0x1042a12e5 0x1041d56a2 0x1042a4329 0x1042a34a6 0x1042a3089 0x10423ab3e 0x1042a0d09 0x109a91e9e
  22.636 TIGER-SAMPLE pid 0xa30 n 0x53 thread 0x2a03 thread 0x2a03 state-kr 0x0 pc 0x109a95e22 leaf __semwait_signal+0xa frames: 0x109a95e22 0x1042a12e5 0x1041d56a2 0x1042a4329 0x1042a34a6 0x1042a3089 0x10423ab3e 0x1042a0d09 0x109a91e9e
  22.636 TIGER-SAMPLE pid 0xa30 n 0x53 thread 0x2b03 thread 0x2b03 state-kr 0x0 pc 0x109aa7061 leaf malloc_jumpstart+0x3b6 frames: 0x109aa7061 0x10045df8e 0x10045e43e 0x10423ab3e 0x1042a0d09 0x109a91e9e
  22.636 TIGER-SAMPLE pid 0xa30 n 0x53 thread 0x2c03 thread 0x2c03 state-kr 0x0 pc 0x109a95e22 leaf __semwait_signal+0xa frames: 0x109a95e22 0x1042a12e5 0x1041d56a2 0x1042a4329 0x1042a34a6 0x1042a3089 0x10423ab3e 0x1042a0d09 0x109a91e9e
  22.644 TIGER-SAMPLE pid 0xa30 n 0x53 thread 0x2d03 thread 0x2d03 state-kr 0x0 pc 0x109a46712 leaf recvmsg+0xa frames: 0x109a46712 0x10045e43e 0x10423ab3e 0x1042a0d09 0x109a91e9e
  22.644 TIGER-SAMPLE pid 0xa30 n 0x53 thread 0x4103 thread 0x4103 state-kr 0x0 pc 0x109a95e22 leaf __semwait_signal+0xa frames: 0x109a95e22 0x1042a1327 0x1041d56a2 0x1041b2277 0x10423ab3e 0x1042a0d09 0x109a91e9e
  22.744 TIGER-SAMPLE pid 0xa2d n 0x58 main 0x117 thread 0x117 state-kr 0x0 pc 0x90009817 leaf mach_msg_trap+0x7 frames: 0x90009817 0x9082d227 0x9082ca42 0x92e06878 0x92e05f82 0x92e05dd9 0x9328cf45 0x9328cb37 0x932868c4 0x8af6 0x82f2 0x8219 0x5
  22.745 TIGER-SAMPLE pid 0xa2d n 0x58 thread 0x1203 thread 0x1203 state-kr 0x0 pc 0x90009817 leaf mach_msg_trap+0x7 frames: 0x90009817 0x2ca6d8 0x90023d67
  22.745 TIGER-SAMPLE pid 0xa2d n 0x58 thread 0x3207 thread 0x3207 state-kr 0x0 pc 0x90024407 leaf semaphore_wait_signal_trap+0x7 frames: 0x90024407 0x364de 0x90023d67
  22.745 TIGER-SAMPLE pid 0xa2d n 0x58 thread 0x3403 thread 0x3403 state-kr 0x0 pc 0x90024407 leaf semaphore_wait_signal_trap+0x7 frames: 0x90024407 0x364de 0x90023d67
  22.746 TIGER-SAMPLE pid 0xa2d n 0x58 thread 0x5103 thread 0x5103 state-kr 0x0 pc 0x900bc3fc leaf poll+0xc frames: 0x900bc3fc 0x2cd134 0x313210b 0x319b321 0x90023d67
  22.746 TIGER-SAMPLE pid 0xa2d n 0x58 thread 0x5203 thread 0x5203 state-kr 0x0 pc 0x90024407 leaf semaphore_wait_signal_trap+0x7 frames: 0x90024407 0x364de 0x90023d67
  22.746 TIGER-SAMPLE pid 0xa2d n 0x58 thread 0x5503 thread 0x5503 state-kr 0x0 pc 0x900bc3fc leaf poll+0xc frames: 0x900bc3fc 0x2cd134 0x313210b 0x319b321 0x90023d67
  22.746 TIGER-SAMPLE pid 0xa2d n 0x58 thread 0x5603 thread 0x5603 state-kr 0x0 pc 0x90024407 leaf semaphore_wait_signal_trap+0x7 frames: 0x90024407 0x364de 0x90023d67
  22.747 TIGER-SAMPLE pid 0xa2d n 0x58 thread 0x5c07 thread 0x5c07 state-kr 0x0 pc 0x900265fc leaf recvmsg+0xc frames: 0x900265fc 0x2cc6bb 0x2cd134 0x313210b 0x319b321 0x90023d67
  22.747 TIGER-SAMPLE pid 0xa2d n 0x58 thread 0x5e07 thread 0x5e07 state-kr 0x0 pc 0x90024407 leaf semaphore_wait_signal_trap+0x7 frames: 0x90024407 0x915a96ab 0x915c3ddc 0x90023d67
  22.800 TIGER-SAMPLE pid 0xa31 n 0x57 main 0xd03 thread 0xd03 state-kr 0x0 pc 0x109895e22 leaf __semwait_signal+0xa frames: 0x109895e22 0x10409c9d5 0x103fcd562 0x10409fb49 0x10409ec36 0x10409e819 0x10004a16b 0x10000154c 0x100001461 0x3
  22.800 TIGER-SAMPLE pid 0xa31 n 0x57 thread 0xf03 thread 0xf03 state-kr 0x0 pc 0x1098dfe4e leaf mach_msg_trap+0xa frames: 0x1098dfe4e 0x100327902 0x109891e9e
  22.800 TIGER-SAMPLE pid 0xa31 n 0x57 thread 0x1103 thread 0x1103 state-kr 0x0 pc 0x109895e22 leaf __semwait_signal+0xa frames: 0x109895e22 0x10409c9d5 0x103fcd562 0x10409fb49 0x10409ec36 0x10409e819 0x104033bfe 0x10409c3f9 0x109891e9e
  22.800 TIGER-SAMPLE pid 0xa31 n 0x57 thread 0x2303 thread 0x2303 state-kr 0x0 pc 0x1098467e6 leaf poll+0xa frames: 0x1098467e6 0x104033bfe 0x10409c3f9 0x109891e9e
  22.800 TIGER-SAMPLE pid 0xa31 n 0x57 thread 0x2407 thread 0x2407 state-kr 0x0 pc 0x109895e22 leaf __semwait_signal+0xa frames: 0x109895e22 0x10409c9d5 0x103fcd562 0x10409fb49 0x10409ec36 0x10409e819 0x104033bfe 0x10409c3f9 0x109891e9e
  22.801 TIGER-SAMPLE pid 0xa31 n 0x57 thread 0x2503 thread 0x2503 state-kr 0x0 pc 0x109895e22 leaf __semwait_signal+0xa frames: 0x109895e22 0x10409c9d5 0x103fcd562 0x10409fb49 0x10409ec36 0x10409e819 0x104033bfe 0x10409c3f9 0x109891e9e
  22.801 TIGER-SAMPLE pid 0xa31 n 0x57 thread 0x2603 thread 0x2603 state-kr 0x0 pc 0x109895e22 leaf __semwait_signal+0xa frames: 0x109895e22 0x10409c9d5 0x103fcd562 0x10409fb49 0x10409ec36 0x10409e819 0x104033bfe 0x10409c3f9 0x109891e9e
  22.801 TIGER-SAMPLE pid 0xa31 n 0x57 thread 0x2703 thread 0x2703 state-kr 0x0 pc 0x109895e22 leaf __semwait_signal+0xa frames: 0x109895e22 0x10409c9d5 0x103fcd562 0x10409fb49 0x10409ec36 0x10409e819 0x104033bfe 0x10409c3f9 0x109891e9e
  22.801 TIGER-SAMPLE pid 0xa31 n 0x57 thread 0x2903 thread 0x2903 state-kr 0x0 pc 0x109895e22 leaf __semwait_signal+0xa frames: 0x109895e22 0x10409c9d5 0x103fcd562 0x10409fb49 0x10409ec36 0x10409e819 0x104033bfe 0x10409c3f9 0x109891e9e
  22.802 TIGER-SAMPLE pid 0xa31 n 0x57 thread 0x2a03 thread 0x2a03 state-kr 0x0 pc 0x1098467e6 leaf poll+0xa frames: 0x1098467e6 0x104033bfe 0x10409c3f9 0x109891e9e
  22.802 TIGER-SAMPLE pid 0xa31 n 0x57 thread 0x2b03 thread 0x2b03 state-kr 0x0 pc 0x1098467e6 leaf poll+0xa frames: 0x1098467e6 0x104388627 0x1043887ea 0x101f32ba7 0x101f3e971 0x104033bfe 0x10409c3f9 0x109891e9e
  22.802 TIGER-SAMPLE pid 0xa31 n 0x57 thread 0x3003 thread 0x3003 state-kr 0x0 pc 0x109895e22 leaf __semwait_signal+0xa frames: 0x109895e22 0x10409c9d5 0x103fcd562 0x10409fb49 0x10409ec36 0x10409e819 0x104033bfe 0x10409c3f9 0x109891e9e
  22.894 TIGER-SAMPLE pid 0xa30 n 0x54 main 0xd03 thread 0xd03 state-kr 0x0 pc 0x109a95e22 leaf __semwait_signal+0xa frames: 0x109a95e22 0x1042a1327 0x1041d56a2 0x1042a4329 0x1042a34a6 0x1042a3089 0x100046488 0x100001d0c 0x100001c21 0x3
  22.895 TIGER-SAMPLE pid 0xa30 n 0x54 thread 0xf03 thread 0xf03 state-kr 0x0 pc 0x109adfe4e leaf mach_msg_trap+0xa frames: 0x109adfe4e 0x10045c512 0x109a91e9e
  22.895 TIGER-SAMPLE pid 0xa30 n 0x54 thread 0x1103 thread 0x1103 state-kr 0x0 pc 0x109a95e22 leaf __semwait_signal+0xa frames: 0x109a95e22 0x1042a12e5 0x1041d56a2 0x1042a4329 0x1042a34a6 0x1042a3089 0x10423ab3e 0x1042a0d09 0x109a91e9e
  22.895 TIGER-SAMPLE pid 0xa30 n 0x54 thread 0x2303 thread 0x2303 state-kr 0x0 pc 0x109a95e22 leaf __semwait_signal+0xa frames: 0x109a95e22 0x1042a12e5 0x1041d56a2 0x1042a4329 0x1042a34a6 0x1042a3089 0x10423ab3e 0x1042a0d09 0x109a91e9e
  22.895 TIGER-SAMPLE pid 0xa30 n 0x54 thread 0x2403 thread 0x2403 state-kr 0x0 pc 0x109a95e22 leaf __semwait_signal+0xa frames: 0x109a95e22 0x1042a12e5 0x1041d56a2 0x1042a4329 0x1042a34a6 0x1042a3089 0x10423ab3e 0x1042a0d09 0x109a91e9e
  22.895 TIGER-SAMPLE pid 0xa30 n 0x54 thread 0x2503 thread 0x2503 state-kr 0x0 pc 0x109a467e6 leaf poll+0xa frames: 0x109a467e6 0x10423ab3e 0x1042a0d09 0x109a91e9e
  22.896 TIGER-SAMPLE pid 0xa30 n 0x54 thread 0x2603 thread 0x2603 state-kr 0x0 pc 0x109a95e22 leaf __semwait_signal+0xa frames: 0x109a95e22 0x1042a12e5 0x1041d56a2 0x1042a4329 0x1042a34a6 0x1042a3089 0x10423ab3e 0x1042a0d09 0x109a91e9e
  22.896 TIGER-SAMPLE pid 0xa30 n 0x54 thread 0x2703 thread 0x2703 state-kr 0x0 pc 0x109a467e6 leaf poll+0xa frames: 0x109a467e6 0x10423ab3e 0x1042a0d09 0x109a91e9e
  22.896 TIGER-SAMPLE pid 0xa30 n 0x54 thread 0x2807 thread 0x2807 state-kr 0x0 pc 0x109a95e22 leaf __semwait_signal+0xa frames: 0x109a95e22 0x1042a12e5 0x1041d56a2 0x1042a4329 0x1042a34a6 0x1042a3089 0x10423ab3e 0x1042a0d09 0x109a91e9e
  22.896 TIGER-SAMPLE pid 0xa30 n 0x54 thread 0x2903 thread 0x2903 state-kr 0x0 pc 0x109a95e22 leaf __semwait_signal+0xa frames: 0x109a95e22 0x1042a12e5 0x1041d56a2 0x1042a4329 0x1042a34a6 0x1042a3089 0x10423ab3e 0x1042a0d09 0x109a91e9e
  22.897 TIGER-SAMPLE pid 0xa30 n 0x54 thread 0x2a03 thread 0x2a03 state-kr 0x0 pc 0x109a95e22 leaf __semwait_signal+0xa frames: 0x109a95e22 0x1042a12e5 0x1041d56a2 0x1042a4329 0x1042a34a6 0x1042a3089 0x10423ab3e 0x1042a0d09 0x109a91e9e
  22.897 TIGER-SAMPLE pid 0xa30 n 0x54 thread 0x2b03 thread 0x2b03 state-kr 0x0 pc 0x109adb2e4 leaf free+0x45 frames: 0x109adb2e4 0x10045df8e 0x10045e43e 0x10423ab3e 0x1042a0d09 0x109a91e9e
  22.897 TIGER-SAMPLE pid 0xa30 n 0x54 thread 0x2c03 thread 0x2c03 state-kr 0x0 pc 0x109a95e22 leaf __semwait_signal+0xa frames: 0x109a95e22 0x1042a12e5 0x1041d56a2 0x1042a4329 0x1042a34a6 0x1042a3089 0x10423ab3e 0x1042a0d09 0x109a91e9e
  22.897 TIGER-SAMPLE pid 0xa30 n 0x54 thread 0x2d03 thread 0x2d03 state-kr 0x0 pc 0x109a46712 leaf recvmsg+0xa frames: 0x109a46712 0x10045e43e 0x10423ab3e 0x1042a0d09 0x109a91e9e
  22.898 TIGER-SAMPLE pid 0xa30 n 0x54 thread 0x4103 thread 0x4103 state-kr 0x0 pc 0x109a95e22 leaf __semwait_signal+0xa frames: 0x109a95e22 0x1042a1327 0x1041d56a2 0x1041b2277 0x10423ab3e 0x1042a0d09 0x109a91e9e
  22.997 TIGER-SAMPLE pid 0xa2d n 0x59 main 0x117 thread 0x117 state-kr 0x0 pc 0x90009817 leaf mach_msg_trap+0x7 frames: 0x90009817 0x9082d227 0x9082ca42 0x92e06878 0x92e05f82 0x92e05dd9 0x9328cf45 0x9328cb37 0x932868c4 0x8af6 0x82f2 0x8219 0x5
  22.999 TIGER-SAMPLE pid 0xa2d n 0x59 thread 0x1203 thread 0x1203 state-kr 0x0 pc 0x90009817 leaf mach_msg_trap+0x7 frames: 0x90009817 0x2ca6d8 0x90023d67
  22.999 TIGER-SAMPLE pid 0xa2d n 0x59 thread 0x3207 thread 0x3207 state-kr 0x0 pc 0x90024407 leaf semaphore_wait_signal_trap+0x7 frames: 0x90024407 0x364de 0x90023d67
  22.999 TIGER-SAMPLE pid 0xa2d n 0x59 thread 0x3403 thread 0x3403 state-kr 0x0 pc 0x90024407 leaf semaphore_wait_signal_trap+0x7 frames: 0x90024407 0x364de 0x90023d67
  22.999 TIGER-SAMPLE pid 0xa2d n 0x59 thread 0x5103 thread 0x5103 state-kr 0x0 pc 0x900bc3fc leaf poll+0xc frames: 0x900bc3fc 0x2cd134 0x313210b 0x319b321 0x90023d67
  22.999 TIGER-SAMPLE pid 0xa2d n 0x59 thread 0x5203 thread 0x5203 state-kr 0x0 pc 0x90024407 leaf semaphore_wait_signal_trap+0x7 frames: 0x90024407 0x364de 0x90023d67
  22.999 TIGER-SAMPLE pid 0xa2d n 0x59 thread 0x5503 thread 0x5503 state-kr 0x0 pc 0x900bc3fc leaf poll+0xc frames: 0x900bc3fc 0x2cd134 0x313210b 0x319b321 0x90023d67
  22.999 TIGER-SAMPLE pid 0xa2d n 0x59 thread 0x5603 thread 0x5603 state-kr 0x0 pc 0x90024407 leaf semaphore_wait_signal_trap+0x7 frames: 0x90024407 0x364de 0x90023d67
  22.999 TIGER-SAMPLE pid 0xa2d n 0x59 thread 0x5c07 thread 0x5c07 state-kr 0x0 pc 0x900050db leaf free+0x2eb frames: 0x900050db 0x2cc149 0x2cc6bb 0x2cd134 0x313210b 0x319b321 0x90023d67
  23.000 TIGER-SAMPLE pid 0xa2d n 0x59 thread 0x5e07 thread 0x5e07 state-kr 0x0 pc 0x90024407 leaf semaphore_wait_signal_trap+0x7 frames: 0x90024407 0x915a96ab 0x915c3ddc 0x90023d67
  23.052 TIGER-SAMPLE pid 0xa31 n 0x58 main 0xd03 thread 0xd03 state-kr 0x0 pc 0x109895e22 leaf __semwait_signal+0xa frames: 0x109895e22 0x10409c9d5 0x103fcd562 0x10409fb49 0x10409ec36 0x10409e819 0x10004a16b 0x10000154c 0x100001461 0x3
  23.053 TIGER-SAMPLE pid 0xa31 n 0x58 thread 0xf03 thread 0xf03 state-kr 0x0 pc 0x1098dfe4e leaf mach_msg_trap+0xa frames: 0x1098dfe4e 0x100327902 0x109891e9e
  23.053 TIGER-SAMPLE pid 0xa31 n 0x58 thread 0x1103 thread 0x1103 state-kr 0x0 pc 0x109895e22 leaf __semwait_signal+0xa frames: 0x109895e22 0x10409c9d5 0x103fcd562 0x10409fb49 0x10409ec36 0x10409e819 0x104033bfe 0x10409c3f9 0x109891e9e
  23.053 TIGER-SAMPLE pid 0xa31 n 0x58 thread 0x2303 thread 0x2303 state-kr 0x0 pc 0x1098467e6 leaf poll+0xa frames: 0x1098467e6 0x104033bfe 0x10409c3f9 0x109891e9e
  23.053 TIGER-SAMPLE pid 0xa31 n 0x58 thread 0x2407 thread 0x2407 state-kr 0x0 pc 0x109895e22 leaf __semwait_signal+0xa frames: 0x109895e22 0x10409c9d5 0x103fcd562 0x10409fb49 0x10409ec36 0x10409e819 0x104033bfe 0x10409c3f9 0x109891e9e
  23.053 TIGER-SAMPLE pid 0xa31 n 0x58 thread 0x2503 thread 0x2503 state-kr 0x0 pc 0x109895e22 leaf __semwait_signal+0xa frames: 0x109895e22 0x10409c9d5 0x103fcd562 0x10409fb49 0x10409ec36 0x10409e819 0x104033bfe 0x10409c3f9 0x109891e9e
  23.054 TIGER-SAMPLE pid 0xa31 n 0x58 thread 0x2603 thread 0x2603 state-kr 0x0 pc 0x109895e22 leaf __semwait_signal+0xa frames: 0x109895e22 0x10409c9d5 0x103fcd562 0x10409fb49 0x10409ec36 0x10409e819 0x104033bfe 0x10409c3f9 0x109891e9e
  23.054 TIGER-SAMPLE pid 0xa31 n 0x58 thread 0x2703 thread 0x2703 state-kr 0x0 pc 0x109895e22 leaf __semwait_signal+0xa frames: 0x109895e22 0x10409c9d5 0x103fcd562 0x10409fb49 0x10409ec36 0x10409e819 0x104033bfe 0x10409c3f9 0x109891e9e
  23.054 TIGER-SAMPLE pid 0xa31 n 0x58 thread 0x2903 thread 0x2903 state-kr 0x0 pc 0x109895e22 leaf __semwait_signal+0xa frames: 0x109895e22 0x10409c9d5 0x103fcd562 0x10409fb49 0x10409ec36 0x10409e819 0x104033bfe 0x10409c3f9 0x109891e9e
  23.054 TIGER-SAMPLE pid 0xa31 n 0x58 thread 0x2a03 thread 0x2a03 state-kr 0x0 pc 0x1098467e6 leaf poll+0xa frames: 0x1098467e6 0x104033bfe 0x10409c3f9 0x109891e9e
  23.055 TIGER-SAMPLE pid 0xa31 n 0x58 thread 0x2b03 thread 0x2b03 state-kr 0x0 pc 0x1098467e6 leaf poll+0xa frames: 0x1098467e6 0x104388627 0x1043887ea 0x101f32ba7 0x101f3e971 0x104033bfe 0x10409c3f9 0x109891e9e
  23.055 TIGER-SAMPLE pid 0xa31 n 0x58 thread 0x3003 thread 0x3003 state-kr 0x0 pc 0x109895e22 leaf __semwait_signal+0xa frames: 0x109895e22 0x10409c9d5 0x103fcd562 0x10409fb49 0x10409ec36 0x10409e819 0x104033bfe 0x10409c3f9 0x109891e9e
  23.148 TIGER-SAMPLE pid 0xa30 n 0x55 main 0xd03 thread 0xd03 state-kr 0x0 pc 0x109a95e22 leaf __semwait_signal+0xa frames: 0x109a95e22 0x1042a1327 0x1041d56a2 0x1042a4329 0x1042a34a6 0x1042a3089 0x100046488 0x100001d0c 0x100001c21 0x3
  23.148 TIGER-SAMPLE pid 0xa30 n 0x55 thread 0xf03 thread 0xf03 state-kr 0x0 pc 0x109adfe4e leaf mach_msg_trap+0xa frames: 0x109adfe4e 0x10045c512 0x109a91e9e
  23.148 TIGER-SAMPLE pid 0xa30 n 0x55 thread 0x1103 thread 0x1103 state-kr 0x0 pc 0x109a95e22 leaf __semwait_signal+0xa frames: 0x109a95e22 0x1042a12e5 0x1041d56a2 0x1042a4329 0x1042a34a6 0x1042a3089 0x10423ab3e 0x1042a0d09 0x109a91e9e
  23.149 TIGER-SAMPLE pid 0xa30 n 0x55 thread 0x2303 thread 0x2303 state-kr 0x0 pc 0x109a95e22 leaf __semwait_signal+0xa frames: 0x109a95e22 0x1042a12e5 0x1041d56a2 0x1042a4329 0x1042a34a6 0x1042a3089 0x10423ab3e 0x1042a0d09 0x109a91e9e
  23.149 TIGER-SAMPLE pid 0xa30 n 0x55 thread 0x2403 thread 0x2403 state-kr 0x0 pc 0x109a95e22 leaf __semwait_signal+0xa frames: 0x109a95e22 0x1042a12e5 0x1041d56a2 0x1042a4329 0x1042a34a6 0x1042a3089 0x10423ab3e 0x1042a0d09 0x109a91e9e
  23.149 TIGER-SAMPLE pid 0xa30 n 0x55 thread 0x2503 thread 0x2503 state-kr 0x0 pc 0x109a467e6 leaf poll+0xa frames: 0x109a467e6 0x10423ab3e 0x1042a0d09 0x109a91e9e
  23.149 TIGER-SAMPLE pid 0xa30 n 0x55 thread 0x2603 thread 0x2603 state-kr 0x0 pc 0x109a95e22 leaf __semwait_signal+0xa frames: 0x109a95e22 0x1042a12e5 0x1041d56a2 0x1042a4329 0x1042a34a6 0x1042a3089 0x10423ab3e 0x1042a0d09 0x109a91e9e
  23.150 TIGER-SAMPLE pid 0xa30 n 0x55 thread 0x2703 thread 0x2703 state-kr 0x0 pc 0x109a467e6 leaf poll+0xa frames: 0x109a467e6 0x10423ab3e 0x1042a0d09 0x109a91e9e
  23.150 TIGER-SAMPLE pid 0xa30 n 0x55 thread 0x2807 thread 0x2807 state-kr 0x0 pc 0x109a95e22 leaf __semwait_signal+0xa frames: 0x109a95e22 0x1042a12e5 0x1041d56a2 0x1042a4329 0x1042a34a6 0x1042a3089 0x10423ab3e 0x1042a0d09 0x109a91e9e
  23.150 TIGER-SAMPLE pid 0xa30 n 0x55 thread 0x2903 thread 0x2903 state-kr 0x0 pc 0x109a95e22 leaf __semwait_signal+0xa frames: 0x109a95e22 0x1042a12e5 0x1041d56a2 0x1042a4329 0x1042a34a6 0x1042a3089 0x10423ab3e 0x1042a0d09 0x109a91e9e
  23.150 TIGER-SAMPLE pid 0xa30 n 0x55 thread 0x2a03 thread 0x2a03 state-kr 0x0 pc 0x109a95e22 leaf __semwait_signal+0xa frames: 0x109a95e22 0x1042a12e5 0x1041d56a2 0x1042a4329 0x1042a34a6 0x1042a3089 0x10423ab3e 0x1042a0d09 0x109a91e9e
  23.156 TIGER-SAMPLE pid 0xa30 n 0x55 thread 0x2b03 thread 0x2b03 state-kr 0x0 pc 0x109a46712 leaf recvmsg+0xa frames: 0x109a46712 0x10045e43e 0x10423ab3e 0x1042a0d09 0x109a91e9e
  23.157 TIGER-SAMPLE pid 0xa30 n 0x55 thread 0x2c03 thread 0x2c03 state-kr 0x0 pc 0x109a95e22 leaf __semwait_signal+0xa frames: 0x109a95e22 0x1042a12e5 0x1041d56a2 0x1042a4329 0x1042a34a6 0x1042a3089 0x10423ab3e 0x1042a0d09 0x109a91e9e
  23.157 TIGER-SAMPLE pid 0xa30 n 0x55 thread 0x2d03 thread 0x2d03 state-kr 0x0 pc 0x109a46712 leaf recvmsg+0xa frames: 0x109a46712 0x10045e43e 0x10423ab3e 0x1042a0d09 0x109a91e9e
  23.157 TIGER-SAMPLE pid 0xa30 n 0x55 thread 0x4103 thread 0x4103 state-kr 0x0 pc 0x109a95e22 leaf __semwait_signal+0xa frames: 0x109a95e22 0x1042a1327 0x1041d56a2 0x1041b2277 0x10423ab3e 0x1042a0d09 0x109a91e9e
  23.250 TIGER-SAMPLE pid 0xa2d n 0x5a main 0x117 thread 0x117 state-kr 0x0 pc 0x90009817 leaf mach_msg_trap+0x7 frames: 0x90009817 0x9082d227 0x9082ca42 0x92e06878 0x92e05f82 0x92e05dd9 0x9328cf45 0x9328cb37 0x932868c4 0x8af6 0x82f2 0x8219 0x5
  23.250 TIGER-SAMPLE pid 0xa2d n 0x5a thread 0x1203 thread 0x1203 state-kr 0x0 pc 0x90009817 leaf mach_msg_trap+0x7 frames: 0x90009817 0x2ca6d8 0x90023d67
  23.250 TIGER-SAMPLE pid 0xa2d n 0x5a thread 0x3207 thread 0x3207 state-kr 0x0 pc 0x90024407 leaf semaphore_wait_signal_trap+0x7 frames: 0x90024407 0x364de 0x90023d67
  23.251 TIGER-SAMPLE pid 0xa2d n 0x5a thread 0x3403 thread 0x3403 state-kr 0x0 pc 0x90024407 leaf semaphore_wait_signal_trap+0x7 frames: 0x90024407 0x364de 0x90023d67
  23.251 TIGER-SAMPLE pid 0xa2d n 0x5a thread 0x5103 thread 0x5103 state-kr 0x0 pc 0x900bc3fc leaf poll+0xc frames: 0x900bc3fc 0x2cd134 0x313210b 0x319b321 0x90023d67
  23.251 TIGER-SAMPLE pid 0xa2d n 0x5a thread 0x5203 thread 0x5203 state-kr 0x0 pc 0x90024407 leaf semaphore_wait_signal_trap+0x7 frames: 0x90024407 0x364de 0x90023d67
  23.251 TIGER-SAMPLE pid 0xa2d n 0x5a thread 0x5503 thread 0x5503 state-kr 0x0 pc 0x900bc3fc leaf poll+0xc frames: 0x900bc3fc 0x2cd134 0x313210b 0x319b321 0x90023d67
  23.252 TIGER-SAMPLE pid 0xa2d n 0x5a thread 0x5603 thread 0x5603 state-kr 0x0 pc 0x90024407 leaf semaphore_wait_signal_trap+0x7 frames: 0x90024407 0x364de 0x90023d67
  23.252 TIGER-SAMPLE pid 0xa2d n 0x5a thread 0x5c07 thread 0x5c07 state-kr 0x0 pc 0x900265fc leaf recvmsg+0xc frames: 0x900265fc 0x2cc6bb 0x2cd134 0x313210b 0x319b321 0x90023d67
  23.252 TIGER-SAMPLE pid 0xa2d n 0x5a thread 0x5e07 thread 0x5e07 state-kr 0x0 pc 0x90024407 leaf semaphore_wait_signal_trap+0x7 frames: 0x90024407 0x915a96ab 0x915c3ddc 0x90023d67
  23.305 TIGER-SAMPLE pid 0xa31 n 0x59 main 0xd03 thread 0xd03 state-kr 0x0 pc 0x109895e22 leaf __semwait_signal+0xa frames: 0x109895e22 0x10409c9d5 0x103fcd562 0x10409fb49 0x10409ec36 0x10409e819 0x10004a16b 0x10000154c 0x100001461 0x3
  23.305 TIGER-SAMPLE pid 0xa31 n 0x59 thread 0xf03 thread 0xf03 state-kr 0x0 pc 0x1098dfe4e leaf mach_msg_trap+0xa frames: 0x1098dfe4e 0x100327902 0x109891e9e
  23.306 TIGER-SAMPLE pid 0xa31 n 0x59 thread 0x1103 thread 0x1103 state-kr 0x0 pc 0x109895e22 leaf __semwait_signal+0xa frames: 0x109895e22 0x10409c9d5 0x103fcd562 0x10409fb49 0x10409ec36 0x10409e819 0x104033bfe 0x10409c3f9 0x109891e9e
  23.306 TIGER-SAMPLE pid 0xa31 n 0x59 thread 0x2303 thread 0x2303 state-kr 0x0 pc 0x1098467e6 leaf poll+0xa frames: 0x1098467e6 0x104033bfe 0x10409c3f9 0x109891e9e
  23.306 TIGER-SAMPLE pid 0xa31 n 0x59 thread 0x2407 thread 0x2407 state-kr 0x0 pc 0x109895e22 leaf __semwait_signal+0xa frames: 0x109895e22 0x10409c9d5 0x103fcd562 0x10409fb49 0x10409ec36 0x10409e819 0x104033bfe 0x10409c3f9 0x109891e9e
  23.306 TIGER-SAMPLE pid 0xa31 n 0x59 thread 0x2503 thread 0x2503 state-kr 0x0 pc 0x109895e22 leaf __semwait_signal+0xa frames: 0x109895e22 0x10409c9d5 0x103fcd562 0x10409fb49 0x10409ec36 0x10409e819 0x104033bfe 0x10409c3f9 0x109891e9e
  23.307 TIGER-SAMPLE pid 0xa31 n 0x59 thread 0x2603 thread 0x2603 state-kr 0x0 pc 0x109895e22 leaf __semwait_signal+0xa frames: 0x109895e22 0x10409c9d5 0x103fcd562 0x10409fb49 0x10409ec36 0x10409e819 0x104033bfe 0x10409c3f9 0x109891e9e
  23.307 TIGER-SAMPLE pid 0xa31 n 0x59 thread 0x2703 thread 0x2703 state-kr 0x0 pc 0x109895e22 leaf __semwait_signal+0xa frames: 0x109895e22 0x10409c9d5 0x103fcd562 0x10409fb49 0x10409ec36 0x10409e819 0x104033bfe 0x10409c3f9 0x109891e9e
  23.307 TIGER-SAMPLE pid 0xa31 n 0x59 thread 0x2903 thread 0x2903 state-kr 0x0 pc 0x109895e22 leaf __semwait_signal+0xa frames: 0x109895e22 0x10409c9d5 0x103fcd562 0x10409fb49 0x10409ec36 0x10409e819 0x104033bfe 0x10409c3f9 0x109891e9e
  23.307 TIGER-SAMPLE pid 0xa31 n 0x59 thread 0x2a03 thread 0x2a03 state-kr 0x0 pc 0x1098467e6 leaf poll+0xa frames: 0x1098467e6 0x104033bfe 0x10409c3f9 0x109891e9e
  23.307 TIGER-SAMPLE pid 0xa31 n 0x59 thread 0x2b03 thread 0x2b03 state-kr 0x0 pc 0x1098467e6 leaf poll+0xa frames: 0x1098467e6 0x104388627 0x1043887ea 0x101f32ba7 0x101f3e971 0x104033bfe 0x10409c3f9 0x109891e9e
  23.308 TIGER-SAMPLE pid 0xa31 n 0x59 thread 0x3003 thread 0x3003 state-kr 0x0 pc 0x109895e22 leaf __semwait_signal+0xa frames: 0x109895e22 0x10409c9d5 0x103fcd562 0x10409fb49 0x10409ec36 0x10409e819 0x104033bfe 0x10409c3f9 0x109891e9e
  23.407 TIGER-SAMPLE pid 0xa30 n 0x56 main 0xd03 thread 0xd03 state-kr 0x0 pc 0x109a95e22 leaf __semwait_signal+0xa frames: 0x109a95e22 0x1042a1327 0x1041d56a2 0x1042a4329 0x1042a34a6 0x1042a3089 0x100046488 0x100001d0c 0x100001c21 0x3
  23.407 TIGER-SAMPLE pid 0xa30 n 0x56 thread 0xf03 thread 0xf03 state-kr 0x0 pc 0x109adfe4e leaf mach_msg_trap+0xa frames: 0x109adfe4e 0x10045c512 0x109a91e9e
  23.408 TIGER-SAMPLE pid 0xa30 n 0x56 thread 0x1103 thread 0x1103 state-kr 0x0 pc 0x109a95e22 leaf __semwait_signal+0xa frames: 0x109a95e22 0x1042a12e5 0x1041d56a2 0x1042a4329 0x1042a34a6 0x1042a3089 0x10423ab3e 0x1042a0d09 0x109a91e9e
  23.408 TIGER-SAMPLE pid 0xa30 n 0x56 thread 0x2303 thread 0x2303 state-kr 0x0 pc 0x109a95e22 leaf __semwait_signal+0xa frames: 0x109a95e22 0x1042a12e5 0x1041d56a2 0x1042a4329 0x1042a34a6 0x1042a3089 0x10423ab3e 0x1042a0d09 0x109a91e9e
  23.409 TIGER-SAMPLE pid 0xa30 n 0x56 thread 0x2403 thread 0x2403 state-kr 0x0 pc 0x109a95e22 leaf __semwait_signal+0xa frames: 0x109a95e22 0x1042a12e5 0x1041d56a2 0x1042a4329 0x1042a34a6 0x1042a3089 0x10423ab3e 0x1042a0d09 0x109a91e9e
  23.409 TIGER-SAMPLE pid 0xa30 n 0x56 thread 0x2503 thread 0x2503 state-kr 0x0 pc 0x109a467e6 leaf poll+0xa frames: 0x109a467e6 0x10423ab3e 0x1042a0d09 0x109a91e9e
  23.409 TIGER-SAMPLE pid 0xa30 n 0x56 thread 0x2603 thread 0x2603 state-kr 0x0 pc 0x109a95e22 leaf __semwait_signal+0xa frames: 0x109a95e22 0x1042a12e5 0x1041d56a2 0x1042a4329 0x1042a34a6 0x1042a3089 0x10423ab3e 0x1042a0d09 0x109a91e9e
  23.409 TIGER-SAMPLE pid 0xa30 n 0x56 thread 0x2703 thread 0x2703 state-kr 0x0 pc 0x109a467e6 leaf poll+0xa frames: 0x109a467e6 0x10423ab3e 0x1042a0d09 0x109a91e9e
  23.409 TIGER-SAMPLE pid 0xa30 n 0x56 thread 0x2807 thread 0x2807 state-kr 0x0 pc 0x109a95e22 leaf __semwait_signal+0xa frames: 0x109a95e22 0x1042a12e5 0x1041d56a2 0x1042a4329 0x1042a34a6 0x1042a3089 0x10423ab3e 0x1042a0d09 0x109a91e9e
  23.409 TIGER-SAMPLE pid 0xa30 n 0x56 thread 0x2903 thread 0x2903 state-kr 0x0 pc 0x109a95e22 leaf __semwait_signal+0xa frames: 0x109a95e22 0x1042a12e5 0x1041d56a2 0x1042a4329 0x1042a34a6 0x1042a3089 0x10423ab3e 0x1042a0d09 0x109a91e9e
  23.409 TIGER-SAMPLE pid 0xa30 n 0x56 thread 0x2a03 thread 0x2a03 state-kr 0x0 pc 0x109a95e22 leaf __semwait_signal+0xa frames: 0x109a95e22 0x1042a12e5 0x1041d56a2 0x1042a4329 0x1042a34a6 0x1042a3089 0x10423ab3e 0x1042a0d09 0x109a91e9e
  23.412 TIGER-SAMPLE pid 0xa30 n 0x56 thread 0x2b03 thread 0x2b03 state-kr 0x0 pc 0x109aaba90 leaf malloc_jumpstart+0x4de5 frames: 0x109aaba90 0x109adafc8 0x1041bec11 0x10045dbf8 0x10045e43e 0x10423ab3e 0x1042a0d09 0x109a91e9e
  23.412 TIGER-SAMPLE pid 0xa30 n 0x56 thread 0x2c03 thread 0x2c03 state-kr 0x0 pc 0x109a95e22 leaf __semwait_signal+0xa frames: 0x109a95e22 0x1042a12e5 0x1041d56a2 0x1042a4329 0x1042a34a6 0x1042a3089 0x10423ab3e 0x1042a0d09 0x109a91e9e
  23.420 TIGER-SAMPLE pid 0xa30 n 0x56 thread 0x2d03 thread 0x2d03 state-kr 0x0 pc 0x109adb29f leaf free+0x0 frames: 0x109adb29f 0x10045e43e 0x10423ab3e 0x1042a0d09 0x109a91e9e
  23.421 TIGER-SAMPLE pid 0xa30 n 0x56 thread 0x4103 thread 0x4103 state-kr 0x0 pc 0x109a95e22 leaf __semwait_signal+0xa frames: 0x109a95e22 0x1042a1327 0x1041d56a2 0x1041b2277 0x10423ab3e 0x1042a0d09 0x109a91e9e
  23.503 TIGER-SAMPLE pid 0xa2d n 0x5b main 0x117 thread 0x117 state-kr 0x0 pc 0x90009817 leaf mach_msg_trap+0x7 frames: 0x90009817 0x9082d227 0x9082ca42 0x92e06878 0x92e05f82 0x92e05dd9 0x9328cf45 0x9328cb37 0x932868c4 0x8af6 0x82f2 0x8219 0x5
  23.503 TIGER-SAMPLE pid 0xa2d n 0x5b thread 0x1203 thread 0x1203 state-kr 0x0 pc 0x90009817 leaf mach_msg_trap+0x7 frames: 0x90009817 0x2ca6d8 0x90023d67
  23.503 TIGER-SAMPLE pid 0xa2d n 0x5b thread 0x3207 thread 0x3207 state-kr 0x0 pc 0x90024407 leaf semaphore_wait_signal_trap+0x7 frames: 0x90024407 0x364de 0x90023d67
  23.504 TIGER-SAMPLE pid 0xa2d n 0x5b thread 0x3403 thread 0x3403 state-kr 0x0 pc 0x90024407 leaf semaphore_wait_signal_trap+0x7 frames: 0x90024407 0x364de 0x90023d67
  23.504 TIGER-SAMPLE pid 0xa2d n 0x5b thread 0x5103 thread 0x5103 state-kr 0x0 pc 0x900bc3fc leaf poll+0xc frames: 0x900bc3fc 0x2cd134 0x313210b 0x319b321 0x90023d67
  23.504 TIGER-SAMPLE pid 0xa2d n 0x5b thread 0x5203 thread 0x5203 state-kr 0x0 pc 0x90024407 leaf semaphore_wait_signal_trap+0x7 frames: 0x90024407 0x364de 0x90023d67
  23.504 TIGER-SAMPLE pid 0xa2d n 0x5b thread 0x5503 thread 0x5503 state-kr 0x0 pc 0x900bc3fc leaf poll+0xc frames: 0x900bc3fc 0x2cd134 0x313210b 0x319b321 0x90023d67
  23.505 TIGER-SAMPLE pid 0xa2d n 0x5b thread 0x5603 thread 0x5603 state-kr 0x0 pc 0x90024407 leaf semaphore_wait_signal_trap+0x7 frames: 0x90024407 0x364de 0x90023d67
  23.505 TIGER-SAMPLE pid 0xa2d n 0x5b thread 0x5c07 thread 0x5c07 state-kr 0x0 pc 0x900265fc leaf recvmsg+0xc frames: 0x900265fc 0x2cc6bb 0x2cd134 0x313210b 0x319b321 0x90023d67
  23.505 TIGER-SAMPLE pid 0xa2d n 0x5b thread 0x5e07 thread 0x5e07 state-kr 0x0 pc 0x90024407 leaf semaphore_wait_signal_trap+0x7 frames: 0x90024407 0x915a96ab 0x915c3ddc 0x90023d67
  23.558 TIGER-SAMPLE pid 0xa31 n 0x5a main 0xd03 thread 0xd03 state-kr 0x0 pc 0x109895e22 leaf __semwait_signal+0xa frames: 0x109895e22 0x10409c9d5 0x103fcd562 0x10409fb49 0x10409ec36 0x10409e819 0x10004a16b 0x10000154c 0x100001461 0x3
  23.558 TIGER-SAMPLE pid 0xa31 n 0x5a thread 0xf03 thread 0xf03 state-kr 0x0 pc 0x1098dfe4e leaf mach_msg_trap+0xa frames: 0x1098dfe4e 0x100327902 0x109891e9e
  23.560 TIGER-SAMPLE pid 0xa31 n 0x5a thread 0x1103 thread 0x1103 state-kr 0x0 pc 0x109895e22 leaf __semwait_signal+0xa frames: 0x109895e22 0x10409c9d5 0x103fcd562 0x10409fb49 0x10409ec36 0x10409e819 0x104033bfe 0x10409c3f9 0x109891e9e
  23.560 TIGER-SAMPLE pid 0xa31 n 0x5a thread 0x2303 thread 0x2303 state-kr 0x0 pc 0x1098467e6 leaf poll+0xa frames: 0x1098467e6 0x104033bfe 0x10409c3f9 0x109891e9e
  23.560 TIGER-SAMPLE pid 0xa31 n 0x5a thread 0x2407 thread 0x2407 state-kr 0x0 pc 0x109895e22 leaf __semwait_signal+0xa frames: 0x109895e22 0x10409c9d5 0x103fcd562 0x10409fb49 0x10409ec36 0x10409e819 0x104033bfe 0x10409c3f9 0x109891e9e
  23.560 TIGER-SAMPLE pid 0xa31 n 0x5a thread 0x2503 thread 0x2503 state-kr 0x0 pc 0x109895e22 leaf __semwait_signal+0xa frames: 0x109895e22 0x10409c9d5 0x103fcd562 0x10409fb49 0x10409ec36 0x10409e819 0x104033bfe 0x10409c3f9 0x109891e9e
  23.560 TIGER-SAMPLE pid 0xa31 n 0x5a thread 0x2603 thread 0x2603 state-kr 0x0 pc 0x109895e22 leaf __semwait_signal+0xa frames: 0x109895e22 0x10409c9d5 0x103fcd562 0x10409fb49 0x10409ec36 0x10409e819 0x104033bfe 0x10409c3f9 0x109891e9e
  23.560 TIGER-SAMPLE pid 0xa31 n 0x5a thread 0x2703 thread 0x2703 state-kr 0x0 pc 0x109895e22 leaf __semwait_signal+0xa frames: 0x109895e22 0x10409c9d5 0x103fcd562 0x10409fb49 0x10409ec36 0x10409e819 0x104033bfe 0x10409c3f9 0x109891e9e
  23.560 TIGER-SAMPLE pid 0xa31 n 0x5a thread 0x2903 thread 0x2903 state-kr 0x0 pc 0x109895e22 leaf __semwait_signal+0xa frames: 0x109895e22 0x10409c9d5 0x103fcd562 0x10409fb49 0x10409ec36 0x10409e819 0x104033bfe 0x10409c3f9 0x109891e9e
  23.560 TIGER-SAMPLE pid 0xa31 n 0x5a thread 0x2a03 thread 0x2a03 state-kr 0x0 pc 0x1098467e6 leaf poll+0xa frames: 0x1098467e6 0x104033bfe 0x10409c3f9 0x109891e9e
  23.560 TIGER-SAMPLE pid 0xa31 n 0x5a thread 0x2b03 thread 0x2b03 state-kr 0x0 pc 0x1098467e6 leaf poll+0xa frames: 0x1098467e6 0x104388627 0x1043887ea 0x101f32ba7 0x101f3e971 0x104033bfe 0x10409c3f9 0x109891e9e
  23.560 TIGER-SAMPLE pid 0xa31 n 0x5a thread 0x3003 thread 0x3003 state-kr 0x0 pc 0x109895e22 leaf __semwait_signal+0xa frames: 0x109895e22 0x10409c9d5 0x103fcd562 0x10409fb49 0x10409ec36 0x10409e819 0x104033bfe 0x10409c3f9 0x109891e9e
  23.671 TIGER-SAMPLE pid 0xa30 n 0x57 main 0xd03 thread 0xd03 state-kr 0x0 pc 0x109a95e22 leaf __semwait_signal+0xa frames: 0x109a95e22 0x1042a1327 0x1041d56a2 0x1042a4329 0x1042a34a6 0x1042a3089 0x100046488 0x100001d0c 0x100001c21 0x3
  23.671 TIGER-SAMPLE pid 0xa30 n 0x57 thread 0xf03 thread 0xf03 state-kr 0x0 pc 0x109adfe4e leaf mach_msg_trap+0xa frames: 0x109adfe4e 0x10045c512 0x109a91e9e
  23.671 TIGER-SAMPLE pid 0xa30 n 0x57 thread 0x1103 thread 0x1103 state-kr 0x0 pc 0x109a95e22 leaf __semwait_signal+0xa frames: 0x109a95e22 0x1042a12e5 0x1041d56a2 0x1042a4329 0x1042a34a6 0x1042a3089 0x10423ab3e 0x1042a0d09 0x109a91e9e
  23.672 TIGER-SAMPLE pid 0xa30 n 0x57 thread 0x2303 thread 0x2303 state-kr 0x0 pc 0x109a95e22 leaf __semwait_signal+0xa frames: 0x109a95e22 0x1042a12e5 0x1041d56a2 0x1042a4329 0x1042a34a6 0x1042a3089 0x10423ab3e 0x1042a0d09 0x109a91e9e
  23.672 TIGER-SAMPLE pid 0xa30 n 0x57 thread 0x2403 thread 0x2403 state-kr 0x0 pc 0x109a95e22 leaf __semwait_signal+0xa frames: 0x109a95e22 0x1042a12e5 0x1041d56a2 0x1042a4329 0x1042a34a6 0x1042a3089 0x10423ab3e 0x1042a0d09 0x109a91e9e
  23.672 TIGER-SAMPLE pid 0xa30 n 0x57 thread 0x2503 thread 0x2503 state-kr 0x0 pc 0x109a467e6 leaf poll+0xa frames: 0x109a467e6 0x10423ab3e 0x1042a0d09 0x109a91e9e
  23.672 TIGER-SAMPLE pid 0xa30 n 0x57 thread 0x2603 thread 0x2603 state-kr 0x0 pc 0x109a95e22 leaf __semwait_signal+0xa frames: 0x109a95e22 0x1042a12e5 0x1041d56a2 0x1042a4329 0x1042a34a6 0x1042a3089 0x10423ab3e 0x1042a0d09 0x109a91e9e
  23.672 TIGER-SAMPLE pid 0xa30 n 0x57 thread 0x2703 thread 0x2703 state-kr 0x0 pc 0x109a467e6 leaf poll+0xa frames: 0x109a467e6 0x10423ab3e 0x1042a0d09 0x109a91e9e
  23.673 TIGER-SAMPLE pid 0xa30 n 0x57 thread 0x2807 thread 0x2807 state-kr 0x0 pc 0x109a95e22 leaf __semwait_signal+0xa frames: 0x109a95e22 0x1042a12e5 0x1041d56a2 0x1042a4329 0x1042a34a6 0x1042a3089 0x10423ab3e 0x1042a0d09 0x109a91e9e
  23.673 TIGER-SAMPLE pid 0xa30 n 0x57 thread 0x2903 thread 0x2903 state-kr 0x0 pc 0x109a95e22 leaf __semwait_signal+0xa frames: 0x109a95e22 0x1042a12e5 0x1041d56a2 0x1042a4329 0x1042a34a6 0x1042a3089 0x10423ab3e 0x1042a0d09 0x109a91e9e
  23.673 TIGER-SAMPLE pid 0xa30 n 0x57 thread 0x2a03 thread 0x2a03 state-kr 0x0 pc 0x109a95e22 leaf __semwait_signal+0xa frames: 0x109a95e22 0x1042a12e5 0x1041d56a2 0x1042a4329 0x1042a34a6 0x1042a3089 0x10423ab3e 0x1042a0d09 0x109a91e9e
  23.687 TIGER-SAMPLE pid 0xa30 n 0x57 thread 0x2b03 thread 0x2b03 state-kr 0x0 pc 0x109a46712 leaf recvmsg+0xa frames: 0x109a46712 0x10045e43e 0x10423ab3e 0x1042a0d09 0x109a91e9e
  23.687 TIGER-SAMPLE pid 0xa30 n 0x57 thread 0x2c03 thread 0x2c03 state-kr 0x0 pc 0x109a95e22 leaf __semwait_signal+0xa frames: 0x109a95e22 0x1042a12e5 0x1041d56a2 0x1042a4329 0x1042a34a6 0x1042a3089 0x10423ab3e 0x1042a0d09 0x109a91e9e
  23.708 TIGER-SAMPLE pid 0xa30 n 0x57 thread 0x2d03 thread 0x2d03 state-kr 0x0 pc 0x109a46712 leaf recvmsg+0xa frames: 0x109a46712 0x10045e43e 0x10423ab3e 0x1042a0d09 0x109a91e9e
  23.708 TIGER-SAMPLE pid 0xa30 n 0x57 thread 0x4103 thread 0x4103 state-kr 0x0 pc 0x109a95e22 leaf __semwait_signal+0xa frames: 0x109a95e22 0x1042a1327 0x1041d56a2 0x1041b2277 0x10423ab3e 0x1042a0d09 0x109a91e9e
  23.756 TIGER-SAMPLE pid 0xa2d n 0x5c main 0x117 thread 0x117 state-kr 0x0 pc 0x90009817 leaf mach_msg_trap+0x7 frames: 0x90009817 0x9082d227 0x9082ca42 0x92e06878 0x92e05f82 0x92e05dd9 0x9328cf45 0x9328cb37 0x932868c4 0x8af6 0x82f2 0x8219 0x5
  23.756 TIGER-SAMPLE pid 0xa2d n 0x5c thread 0x1203 thread 0x1203 state-kr 0x0 pc 0x90009817 leaf mach_msg_trap+0x7 frames: 0x90009817 0x2ca6d8 0x90023d67
  23.756 TIGER-SAMPLE pid 0xa2d n 0x5c thread 0x3207 thread 0x3207 state-kr 0x0 pc 0x90024407 leaf semaphore_wait_signal_trap+0x7 frames: 0x90024407 0x364de 0x90023d67
  23.756 TIGER-SAMPLE pid 0xa2d n 0x5c thread 0x3403 thread 0x3403 state-kr 0x0 pc 0x90024407 leaf semaphore_wait_signal_trap+0x7 frames: 0x90024407 0x364de 0x90023d67
  23.757 TIGER-SAMPLE pid 0xa2d n 0x5c thread 0x5103 thread 0x5103 state-kr 0x0 pc 0x900bc3fc leaf poll+0xc frames: 0x900bc3fc 0x2cd134 0x313210b 0x319b321 0x90023d67
  23.757 TIGER-SAMPLE pid 0xa2d n 0x5c thread 0x5203 thread 0x5203 state-kr 0x0 pc 0x90024407 leaf semaphore_wait_signal_trap+0x7 frames: 0x90024407 0x364de 0x90023d67
  23.757 TIGER-SAMPLE pid 0xa2d n 0x5c thread 0x5503 thread 0x5503 state-kr 0x0 pc 0x900bc3fc leaf poll+0xc frames: 0x900bc3fc 0x2cd134 0x313210b 0x319b321 0x90023d67
  23.757 TIGER-SAMPLE pid 0xa2d n 0x5c thread 0x5603 thread 0x5603 state-kr 0x0 pc 0x90024407 leaf semaphore_wait_signal_trap+0x7 frames: 0x90024407 0x364de 0x90023d67
  23.758 TIGER-SAMPLE pid 0xa2d n 0x5c thread 0x5c07 thread 0x5c07 state-kr 0x0 pc 0x900265fc leaf recvmsg+0xc frames: 0x900265fc 0x2cc6bb 0x2cd134 0x313210b 0x319b321 0x90023d67
  23.758 TIGER-SAMPLE pid 0xa2d n 0x5c thread 0x5e07 thread 0x5e07 state-kr 0x0 pc 0x90024407 leaf semaphore_wait_signal_trap+0x7 frames: 0x90024407 0x915a96ab 0x915c3ddc 0x90023d67
  23.810 TIGER-SAMPLE pid 0xa31 n 0x5b main 0xd03 thread 0xd03 state-kr 0x0 pc 0x109895e22 leaf __semwait_signal+0xa frames: 0x109895e22 0x10409c9d5 0x103fcd562 0x10409fb49 0x10409ec36 0x10409e819 0x10004a16b 0x10000154c 0x100001461 0x3
  23.810 TIGER-SAMPLE pid 0xa31 n 0x5b thread 0xf03 thread 0xf03 state-kr 0x0 pc 0x1098dfe4e leaf mach_msg_trap+0xa frames: 0x1098dfe4e 0x100327902 0x109891e9e
  23.811 TIGER-SAMPLE pid 0xa31 n 0x5b thread 0x1103 thread 0x1103 state-kr 0x0 pc 0x109895e22 leaf __semwait_signal+0xa frames: 0x109895e22 0x10409c9d5 0x103fcd562 0x10409fb49 0x10409ec36 0x10409e819 0x104033bfe 0x10409c3f9 0x109891e9e
  23.811 TIGER-SAMPLE pid 0xa31 n 0x5b thread 0x2303 thread 0x2303 state-kr 0x0 pc 0x1098467e6 leaf poll+0xa frames: 0x1098467e6 0x104033bfe 0x10409c3f9 0x109891e9e
  23.811 TIGER-SAMPLE pid 0xa31 n 0x5b thread 0x2407 thread 0x2407 state-kr 0x0 pc 0x109895e22 leaf __semwait_signal+0xa frames: 0x109895e22 0x10409c9d5 0x103fcd562 0x10409fb49 0x10409ec36 0x10409e819 0x104033bfe 0x10409c3f9 0x109891e9e
  23.811 TIGER-SAMPLE pid 0xa31 n 0x5b thread 0x2503 thread 0x2503 state-kr 0x0 pc 0x109895e22 leaf __semwait_signal+0xa frames: 0x109895e22 0x10409c9d5 0x103fcd562 0x10409fb49 0x10409ec36 0x10409e819 0x104033bfe 0x10409c3f9 0x109891e9e
  23.812 TIGER-SAMPLE pid 0xa31 n 0x5b thread 0x2603 thread 0x2603 state-kr 0x0 pc 0x109895e22 leaf __semwait_signal+0xa frames: 0x109895e22 0x10409c9d5 0x103fcd562 0x10409fb49 0x10409ec36 0x10409e819 0x104033bfe 0x10409c3f9 0x109891e9e
  23.812 TIGER-SAMPLE pid 0xa31 n 0x5b thread 0x2703 thread 0x2703 state-kr 0x0 pc 0x109895e22 leaf __semwait_signal+0xa frames: 0x109895e22 0x10409c9d5 0x103fcd562 0x10409fb49 0x10409ec36 0x10409e819 0x104033bfe 0x10409c3f9 0x109891e9e
  23.812 TIGER-SAMPLE pid 0xa31 n 0x5b thread 0x2903 thread 0x2903 state-kr 0x0 pc 0x109895e22 leaf __semwait_signal+0xa frames: 0x109895e22 0x10409c9d5 0x103fcd562 0x10409fb49 0x10409ec36 0x10409e819 0x104033bfe 0x10409c3f9 0x109891e9e
  23.812 TIGER-SAMPLE pid 0xa31 n 0x5b thread 0x2a03 thread 0x2a03 state-kr 0x0 pc 0x1098467e6 leaf poll+0xa frames: 0x1098467e6 0x104033bfe 0x10409c3f9 0x109891e9e
  23.812 TIGER-SAMPLE pid 0xa31 n 0x5b thread 0x2b03 thread 0x2b03 state-kr 0x0 pc 0x1098467e6 leaf poll+0xa frames: 0x1098467e6 0x104388627 0x1043887ea 0x101f32ba7 0x101f3e971 0x104033bfe 0x10409c3f9 0x109891e9e
  23.813 TIGER-SAMPLE pid 0xa31 n 0x5b thread 0x3003 thread 0x3003 state-kr 0x0 pc 0x109895e22 leaf __semwait_signal+0xa frames: 0x109895e22 0x10409c9d5 0x103fcd562 0x10409fb49 0x10409ec36 0x10409e819 0x104033bfe 0x10409c3f9 0x109891e9e
  23.958 TIGER-SAMPLE pid 0xa30 n 0x58 main 0xd03 thread 0xd03 state-kr 0x0 pc 0x109a95e22 leaf __semwait_signal+0xa frames: 0x109a95e22 0x1042a1327 0x1041d56a2 0x1042a4329 0x1042a34a6 0x1042a3089 0x100046488 0x100001d0c 0x100001c21 0x3
  23.958 TIGER-SAMPLE pid 0xa30 n 0x58 thread 0xf03 thread 0xf03 state-kr 0x0 pc 0x109adfe4e leaf mach_msg_trap+0xa frames: 0x109adfe4e 0x10045c512 0x109a91e9e
  23.959 TIGER-SAMPLE pid 0xa30 n 0x58 thread 0x1103 thread 0x1103 state-kr 0x0 pc 0x109a95e22 leaf __semwait_signal+0xa frames: 0x109a95e22 0x1042a12e5 0x1041d56a2 0x1042a4329 0x1042a34a6 0x1042a3089 0x10423ab3e 0x1042a0d09 0x109a91e9e
  23.959 TIGER-SAMPLE pid 0xa30 n 0x58 thread 0x2303 thread 0x2303 state-kr 0x0 pc 0x109a95e22 leaf __semwait_signal+0xa frames: 0x109a95e22 0x1042a12e5 0x1041d56a2 0x1042a4329 0x1042a34a6 0x1042a3089 0x10423ab3e 0x1042a0d09 0x109a91e9e
  23.959 TIGER-SAMPLE pid 0xa30 n 0x58 thread 0x2403 thread 0x2403 state-kr 0x0 pc 0x109a95e22 leaf __semwait_signal+0xa frames: 0x109a95e22 0x1042a12e5 0x1041d56a2 0x1042a4329 0x1042a34a6 0x1042a3089 0x10423ab3e 0x1042a0d09 0x109a91e9e
  23.959 TIGER-SAMPLE pid 0xa30 n 0x58 thread 0x2503 thread 0x2503 state-kr 0x0 pc 0x109a467e6 leaf poll+0xa frames: 0x109a467e6 0x10423ab3e 0x1042a0d09 0x109a91e9e
  23.960 TIGER-SAMPLE pid 0xa30 n 0x58 thread 0x2603 thread 0x2603 state-kr 0x0 pc 0x109a95e22 leaf __semwait_signal+0xa frames: 0x109a95e22 0x1042a12e5 0x1041d56a2 0x1042a4329 0x1042a34a6 0x1042a3089 0x10423ab3e 0x1042a0d09 0x109a91e9e
  23.960 TIGER-SAMPLE pid 0xa30 n 0x58 thread 0x2703 thread 0x2703 state-kr 0x0 pc 0x109a467e6 leaf poll+0xa frames: 0x109a467e6 0x10423ab3e 0x1042a0d09 0x109a91e9e
  23.960 TIGER-SAMPLE pid 0xa30 n 0x58 thread 0x2807 thread 0x2807 state-kr 0x0 pc 0x109a95e22 leaf __semwait_signal+0xa frames: 0x109a95e22 0x1042a12e5 0x1041d56a2 0x1042a4329 0x1042a34a6 0x1042a3089 0x10423ab3e 0x1042a0d09 0x109a91e9e
  23.960 TIGER-SAMPLE pid 0xa30 n 0x58 thread 0x2903 thread 0x2903 state-kr 0x0 pc 0x109a95e22 leaf __semwait_signal+0xa frames: 0x109a95e22 0x1042a12e5 0x1041d56a2 0x1042a4329 0x1042a34a6 0x1042a3089 0x10423ab3e 0x1042a0d09 0x109a91e9e
  23.961 TIGER-SAMPLE pid 0xa30 n 0x58 thread 0x2a03 thread 0x2a03 state-kr 0x0 pc 0x109a95e22 leaf __semwait_signal+0xa frames: 0x109a95e22 0x1042a12e5 0x1041d56a2 0x1042a4329 0x1042a34a6 0x1042a3089 0x10423ab3e 0x1042a0d09 0x109a91e9e
  23.971 TIGER-SAMPLE pid 0xa30 n 0x58 thread 0x2b03 thread 0x2b03 state-kr 0x0 pc 0x109a46712 leaf recvmsg+0xa frames: 0x109a46712 0x10045e43e 0x10423ab3e 0x1042a0d09 0x109a91e9e
  23.971 TIGER-SAMPLE pid 0xa30 n 0x58 thread 0x2c03 thread 0x2c03 state-kr 0x0 pc 0x109a95e22 leaf __semwait_signal+0xa frames: 0x109a95e22 0x1042a12e5 0x1041d56a2 0x1042a4329 0x1042a34a6 0x1042a3089 0x10423ab3e 0x1042a0d09 0x109a91e9e
  23.971 TIGER-SAMPLE pid 0xa30 n 0x58 thread 0x2d03 thread 0x2d03 state-kr 0x0 pc 0x7fffffe0069b frames: 0x7fffffe0069b 0x109aab293 0x109adafc8 0x1041bec11 0x10045dbf8 0x10045e43e 0x10423ab3e 0x1042a0d09 0x109a91e9e
  23.971 TIGER-SAMPLE pid 0xa30 n 0x58 thread 0x4103 thread 0x4103 state-kr 0x0 pc 0x109a95e22 leaf __semwait_signal+0xa frames: 0x109a95e22 0x1042a1327 0x1041d56a2 0x1041b2277 0x10423ab3e 0x1042a0d09 0x109a91e9e
  24.008 TIGER-SAMPLE pid 0xa2d n 0x5d main 0x117 thread 0x117 state-kr 0x0 pc 0x90009817 leaf mach_msg_trap+0x7 frames: 0x90009817 0x9082d227 0x9082ca42 0x92e06878 0x92e05f82 0x92e05dd9 0x9328cf45 0x9328cb37 0x932868c4 0x8af6 0x82f2 0x8219 0x5
  24.009 TIGER-SAMPLE pid 0xa2d n 0x5d thread 0x1203 thread 0x1203 state-kr 0x0 pc 0x90009817 leaf mach_msg_trap+0x7 frames: 0x90009817 0x2ca6d8 0x90023d67
  24.009 TIGER-SAMPLE pid 0xa2d n 0x5d thread 0x3207 thread 0x3207 state-kr 0x0 pc 0x90024407 leaf semaphore_wait_signal_trap+0x7 frames: 0x90024407 0x364de 0x90023d67
  24.010 TIGER-SAMPLE pid 0xa2d n 0x5d thread 0x3403 thread 0x3403 state-kr 0x0 pc 0x90024407 leaf semaphore_wait_signal_trap+0x7 frames: 0x90024407 0x364de 0x90023d67
  24.010 TIGER-SAMPLE pid 0xa2d n 0x5d thread 0x5103 thread 0x5103 state-kr 0x0 pc 0x900bc3fc leaf poll+0xc frames: 0x900bc3fc 0x2cd134 0x313210b 0x319b321 0x90023d67
  24.010 TIGER-SAMPLE pid 0xa2d n 0x5d thread 0x5203 thread 0x5203 state-kr 0x0 pc 0x90024407 leaf semaphore_wait_signal_trap+0x7 frames: 0x90024407 0x364de 0x90023d67
  24.010 TIGER-SAMPLE pid 0xa2d n 0x5d thread 0x5503 thread 0x5503 state-kr 0x0 pc 0x900bc3fc leaf poll+0xc frames: 0x900bc3fc 0x2cd134 0x313210b 0x319b321 0x90023d67
  24.010 TIGER-SAMPLE pid 0xa2d n 0x5d thread 0x5603 thread 0x5603 state-kr 0x0 pc 0x90024407 leaf semaphore_wait_signal_trap+0x7 frames: 0x90024407 0x364de 0x90023d67
  24.010 TIGER-SAMPLE pid 0xa2d n 0x5d thread 0x5c07 thread 0x5c07 state-kr 0x0 pc 0x900265fc leaf recvmsg+0xc frames: 0x900265fc 0x2cc6bb 0x2cd134 0x313210b 0x319b321 0x90023d67
  24.011 TIGER-SAMPLE pid 0xa2d n 0x5d thread 0x5e07 thread 0x5e07 state-kr 0x0 pc 0x90024407 leaf semaphore_wait_signal_trap+0x7 frames: 0x90024407 0x915a96ab 0x915c3ddc 0x90023d67
  24.063 TIGER-SAMPLE pid 0xa31 n 0x5c main 0xd03 thread 0xd03 state-kr 0x0 pc 0x109895e22 leaf __semwait_signal+0xa frames: 0x109895e22 0x10409c9d5 0x103fcd562 0x10409fb49 0x10409ec36 0x10409e819 0x10004a16b 0x10000154c 0x100001461 0x3
  24.063 TIGER-SAMPLE pid 0xa31 n 0x5c thread 0xf03 thread 0xf03 state-kr 0x0 pc 0x1098dfe4e leaf mach_msg_trap+0xa frames: 0x1098dfe4e 0x100327902 0x109891e9e
  24.063 TIGER-SAMPLE pid 0xa31 n 0x5c thread 0x1103 thread 0x1103 state-kr 0x0 pc 0x109895e22 leaf __semwait_signal+0xa frames: 0x109895e22 0x10409c9d5 0x103fcd562 0x10409fb49 0x10409ec36 0x10409e819 0x104033bfe 0x10409c3f9 0x109891e9e
  24.064 TIGER-SAMPLE pid 0xa31 n 0x5c thread 0x2303 thread 0x2303 state-kr 0x0 pc 0x1098467e6 leaf poll+0xa frames: 0x1098467e6 0x104033bfe 0x10409c3f9 0x109891e9e
  24.064 TIGER-SAMPLE pid 0xa31 n 0x5c thread 0x2407 thread 0x2407 state-kr 0x0 pc 0x109895e22 leaf __semwait_signal+0xa frames: 0x109895e22 0x10409c9d5 0x103fcd562 0x10409fb49 0x10409ec36 0x10409e819 0x104033bfe 0x10409c3f9 0x109891e9e
  24.064 TIGER-SAMPLE pid 0xa31 n 0x5c thread 0x2503 thread 0x2503 state-kr 0x0 pc 0x109895e22 leaf __semwait_signal+0xa frames: 0x109895e22 0x10409c9d5 0x103fcd562 0x10409fb49 0x10409ec36 0x10409e819 0x104033bfe 0x10409c3f9 0x109891e9e
  24.064 TIGER-SAMPLE pid 0xa31 n 0x5c thread 0x2603 thread 0x2603 state-kr 0x0 pc 0x109895e22 leaf __semwait_signal+0xa frames: 0x109895e22 0x10409c9d5 0x103fcd562 0x10409fb49 0x10409ec36 0x10409e819 0x104033bfe 0x10409c3f9 0x109891e9e
  24.064 TIGER-SAMPLE pid 0xa31 n 0x5c thread 0x2703 thread 0x2703 state-kr 0x0 pc 0x109895e22 leaf __semwait_signal+0xa frames: 0x109895e22 0x10409c9d5 0x103fcd562 0x10409fb49 0x10409ec36 0x10409e819 0x104033bfe 0x10409c3f9 0x109891e9e
  24.065 TIGER-SAMPLE pid 0xa31 n 0x5c thread 0x2903 thread 0x2903 state-kr 0x0 pc 0x109895e22 leaf __semwait_signal+0xa frames: 0x109895e22 0x10409c9d5 0x103fcd562 0x10409fb49 0x10409ec36 0x10409e819 0x104033bfe 0x10409c3f9 0x109891e9e
  24.065 TIGER-SAMPLE pid 0xa31 n 0x5c thread 0x2a03 thread 0x2a03 state-kr 0x0 pc 0x1098467e6 leaf poll+0xa frames: 0x1098467e6 0x104033bfe 0x10409c3f9 0x109891e9e
  24.065 TIGER-SAMPLE pid 0xa31 n 0x5c thread 0x2b03 thread 0x2b03 state-kr 0x0 pc 0x1098467e6 leaf poll+0xa frames: 0x1098467e6 0x104388627 0x1043887ea 0x101f32ba7 0x101f3e971 0x104033bfe 0x10409c3f9 0x109891e9e
  24.065 TIGER-SAMPLE pid 0xa31 n 0x5c thread 0x3003 thread 0x3003 state-kr 0x0 pc 0x109895e22 leaf __semwait_signal+0xa frames: 0x109895e22 0x10409c9d5 0x103fcd562 0x10409fb49 0x10409ec36 0x10409e819 0x104033bfe 0x10409c3f9 0x109891e9e
  24.222 TIGER-SAMPLE pid 0xa30 n 0x59 main 0xd03 thread 0xd03 state-kr 0x0 pc 0x109a95e22 leaf __semwait_signal+0xa frames: 0x109a95e22 0x1042a1327 0x1041d56a2 0x1042a4329 0x1042a34a6 0x1042a3089 0x100046488 0x100001d0c 0x100001c21 0x3
  24.222 TIGER-SAMPLE pid 0xa30 n 0x59 thread 0xf03 thread 0xf03 state-kr 0x0 pc 0x109adfe4e leaf mach_msg_trap+0xa frames: 0x109adfe4e 0x10045c512 0x109a91e9e
  24.225 TIGER-SAMPLE pid 0xa30 n 0x59 thread 0x1103 thread 0x1103 state-kr 0x0 pc 0x109a95e22 leaf __semwait_signal+0xa frames: 0x109a95e22 0x1042a12e5 0x1041d56a2 0x1042a4329 0x1042a34a6 0x1042a3089 0x10423ab3e 0x1042a0d09 0x109a91e9e
  24.225 TIGER-SAMPLE pid 0xa30 n 0x59 thread 0x2303 thread 0x2303 state-kr 0x0 pc 0x109a95e22 leaf __semwait_signal+0xa frames: 0x109a95e22 0x1042a12e5 0x1041d56a2 0x1042a4329 0x1042a34a6 0x1042a3089 0x10423ab3e 0x1042a0d09 0x109a91e9e
  24.225 TIGER-SAMPLE pid 0xa30 n 0x59 thread 0x2403 thread 0x2403 state-kr 0x0 pc 0x109a95e22 leaf __semwait_signal+0xa frames: 0x109a95e22 0x1042a12e5 0x1041d56a2 0x1042a4329 0x1042a34a6 0x1042a3089 0x10423ab3e 0x1042a0d09 0x109a91e9e
  24.225 TIGER-SAMPLE pid 0xa30 n 0x59 thread 0x2503 thread 0x2503 state-kr 0x0 pc 0x109a467e6 leaf poll+0xa frames: 0x109a467e6 0x10423ab3e 0x1042a0d09 0x109a91e9e
  24.225 TIGER-SAMPLE pid 0xa30 n 0x59 thread 0x2603 thread 0x2603 state-kr 0x0 pc 0x109a95e22 leaf __semwait_signal+0xa frames: 0x109a95e22 0x1042a12e5 0x1041d56a2 0x1042a4329 0x1042a34a6 0x1042a3089 0x10423ab3e 0x1042a0d09 0x109a91e9e
  24.225 TIGER-SAMPLE pid 0xa30 n 0x59 thread 0x2703 thread 0x2703 state-kr 0x0 pc 0x109a467e6 leaf poll+0xa frames: 0x109a467e6 0x10423ab3e 0x1042a0d09 0x109a91e9e
  24.225 TIGER-SAMPLE pid 0xa30 n 0x59 thread 0x2807 thread 0x2807 state-kr 0x0 pc 0x109a95e22 leaf __semwait_signal+0xa frames: 0x109a95e22 0x1042a12e5 0x1041d56a2 0x1042a4329 0x1042a34a6 0x1042a3089 0x10423ab3e 0x1042a0d09 0x109a91e9e
  24.225 TIGER-SAMPLE pid 0xa30 n 0x59 thread 0x2903 thread 0x2903 state-kr 0x0 pc 0x109a95e22 leaf __semwait_signal+0xa frames: 0x109a95e22 0x1042a12e5 0x1041d56a2 0x1042a4329 0x1042a34a6 0x1042a3089 0x10423ab3e 0x1042a0d09 0x109a91e9e
  24.225 TIGER-SAMPLE pid 0xa30 n 0x59 thread 0x2a03 thread 0x2a03 state-kr 0x0 pc 0x109a95e22 leaf __semwait_signal+0xa frames: 0x109a95e22 0x1042a12e5 0x1041d56a2 0x1042a4329 0x1042a34a6 0x1042a3089 0x10423ab3e 0x1042a0d09 0x109a91e9e
  24.226 TIGER-SAMPLE pid 0xa30 n 0x59 thread 0x2b03 thread 0x2b03 state-kr 0x0 pc 0x109a46712 leaf recvmsg+0xa frames: 0x109a46712 0x10045e43e 0x10423ab3e 0x1042a0d09 0x109a91e9e
  24.226 TIGER-SAMPLE pid 0xa30 n 0x59 thread 0x2c03 thread 0x2c03 state-kr 0x0 pc 0x109a95e22 leaf __semwait_signal+0xa frames: 0x109a95e22 0x1042a12e5 0x1041d56a2 0x1042a4329 0x1042a34a6 0x1042a3089 0x10423ab3e 0x1042a0d09 0x109a91e9e
  24.226 TIGER-SAMPLE pid 0xa30 n 0x59 thread 0x2d03 thread 0x2d03 state-kr 0x0 pc 0x109a46712 leaf recvmsg+0xa frames: 0x109a46712 0x10045e43e 0x10423ab3e 0x1042a0d09 0x109a91e9e
  24.226 TIGER-SAMPLE pid 0xa30 n 0x59 thread 0x4103 thread 0x4103 state-kr 0x0 pc 0x109a95e22 leaf __semwait_signal+0xa frames: 0x109a95e22 0x1042a1327 0x1041d56a2 0x1041b2277 0x10423ab3e 0x1042a0d09 0x109a91e9e
  24.261 TIGER-SAMPLE pid 0xa2d n 0x5e main 0x117 thread 0x117 state-kr 0x0 pc 0x90009817 leaf mach_msg_trap+0x7 frames: 0x90009817 0x9082d227 0x9082ca42 0x92e06878 0x92e05f82 0x92e05dd9 0x9328cf45 0x9328cb37 0x932868c4 0x8af6 0x82f2 0x8219 0x5
  24.261 TIGER-SAMPLE pid 0xa2d n 0x5e thread 0x1203 thread 0x1203 state-kr 0x0 pc 0x90009817 leaf mach_msg_trap+0x7 frames: 0x90009817 0x2ca6d8 0x90023d67
  24.261 TIGER-SAMPLE pid 0xa2d n 0x5e thread 0x3207 thread 0x3207 state-kr 0x0 pc 0x90024407 leaf semaphore_wait_signal_trap+0x7 frames: 0x90024407 0x364de 0x90023d67
  24.262 TIGER-SAMPLE pid 0xa2d n 0x5e thread 0x3403 thread 0x3403 state-kr 0x0 pc 0x90024407 leaf semaphore_wait_signal_trap+0x7 frames: 0x90024407 0x364de 0x90023d67
  24.262 TIGER-SAMPLE pid 0xa2d n 0x5e thread 0x5103 thread 0x5103 state-kr 0x0 pc 0x900bc3fc leaf poll+0xc frames: 0x900bc3fc 0x2cd134 0x313210b 0x319b321 0x90023d67
  24.262 TIGER-SAMPLE pid 0xa2d n 0x5e thread 0x5203 thread 0x5203 state-kr 0x0 pc 0x90024407 leaf semaphore_wait_signal_trap+0x7 frames: 0x90024407 0x364de 0x90023d67
  24.263 TIGER-SAMPLE pid 0xa2d n 0x5e thread 0x5503 thread 0x5503 state-kr 0x0 pc 0x900bc3fc leaf poll+0xc frames: 0x900bc3fc 0x2cd134 0x313210b 0x319b321 0x90023d67
  24.263 TIGER-SAMPLE pid 0xa2d n 0x5e thread 0x5603 thread 0x5603 state-kr 0x0 pc 0x90024407 leaf semaphore_wait_signal_trap+0x7 frames: 0x90024407 0x364de 0x90023d67
  24.263 TIGER-SAMPLE pid 0xa2d n 0x5e thread 0x5c07 thread 0x5c07 state-kr 0x0 pc 0xffff026d frames: 0xffff026d 0x900075bb 0x310b193 0x2cbe89 0x2cc6bb 0x2cd134 0x313210b 0x319b321 0x90023d67
  24.263 TIGER-SAMPLE pid 0xa2d n 0x5e thread 0x5e07 thread 0x5e07 state-kr 0x0 pc 0x90024407 leaf semaphore_wait_signal_trap+0x7 frames: 0x90024407 0x915a96ab 0x915c3ddc 0x90023d67
  24.316 TIGER-SAMPLE pid 0xa31 n 0x5d main 0xd03 thread 0xd03 state-kr 0x0 pc 0x109895e22 leaf __semwait_signal+0xa frames: 0x109895e22 0x10409c9d5 0x103fcd562 0x10409fb49 0x10409ec36 0x10409e819 0x10004a16b 0x10000154c 0x100001461 0x3
  24.316 TIGER-SAMPLE pid 0xa31 n 0x5d thread 0xf03 thread 0xf03 state-kr 0x0 pc 0x1098dfe4e leaf mach_msg_trap+0xa frames: 0x1098dfe4e 0x100327902 0x109891e9e
  24.316 TIGER-SAMPLE pid 0xa31 n 0x5d thread 0x1103 thread 0x1103 state-kr 0x0 pc 0x109895e22 leaf __semwait_signal+0xa frames: 0x109895e22 0x10409c9d5 0x103fcd562 0x10409fb49 0x10409ec36 0x10409e819 0x104033bfe 0x10409c3f9 0x109891e9e
  24.316 TIGER-SAMPLE pid 0xa31 n 0x5d thread 0x2303 thread 0x2303 state-kr 0x0 pc 0x1098467e6 leaf poll+0xa frames: 0x1098467e6 0x104033bfe 0x10409c3f9 0x109891e9e
  24.316 TIGER-SAMPLE pid 0xa31 n 0x5d thread 0x2407 thread 0x2407 state-kr 0x0 pc 0x109895e22 leaf __semwait_signal+0xa frames: 0x109895e22 0x10409c9d5 0x103fcd562 0x10409fb49 0x10409ec36 0x10409e819 0x104033bfe 0x10409c3f9 0x109891e9e
  24.317 TIGER-SAMPLE pid 0xa31 n 0x5d thread 0x2503 thread 0x2503 state-kr 0x0 pc 0x109895e22 leaf __semwait_signal+0xa frames: 0x109895e22 0x10409c9d5 0x103fcd562 0x10409fb49 0x10409ec36 0x10409e819 0x104033bfe 0x10409c3f9 0x109891e9e
  24.317 TIGER-SAMPLE pid 0xa31 n 0x5d thread 0x2603 thread 0x2603 state-kr 0x0 pc 0x109895e22 leaf __semwait_signal+0xa frames: 0x109895e22 0x10409c9d5 0x103fcd562 0x10409fb49 0x10409ec36 0x10409e819 0x104033bfe 0x10409c3f9 0x109891e9e
  24.317 TIGER-SAMPLE pid 0xa31 n 0x5d thread 0x2703 thread 0x2703 state-kr 0x0 pc 0x109895e22 leaf __semwait_signal+0xa frames: 0x109895e22 0x10409c9d5 0x103fcd562 0x10409fb49 0x10409ec36 0x10409e819 0x104033bfe 0x10409c3f9 0x109891e9e
  24.317 TIGER-SAMPLE pid 0xa31 n 0x5d thread 0x2903 thread 0x2903 state-kr 0x0 pc 0x109895e22 leaf __semwait_signal+0xa frames: 0x109895e22 0x10409c9d5 0x103fcd562 0x10409fb49 0x10409ec36 0x10409e819 0x104033bfe 0x10409c3f9 0x109891e9e
  24.317 TIGER-SAMPLE pid 0xa31 n 0x5d thread 0x2a03 thread 0x2a03 state-kr 0x0 pc 0x1098467e6 leaf poll+0xa frames: 0x1098467e6 0x104033bfe 0x10409c3f9 0x109891e9e
  24.318 TIGER-SAMPLE pid 0xa31 n 0x5d thread 0x2b03 thread 0x2b03 state-kr 0x0 pc 0x1098467e6 leaf poll+0xa frames: 0x1098467e6 0x104388627 0x1043887ea 0x101f32ba7 0x101f3e971 0x104033bfe 0x10409c3f9 0x109891e9e
  24.318 TIGER-SAMPLE pid 0xa31 n 0x5d thread 0x3003 thread 0x3003 state-kr 0x0 pc 0x109895e22 leaf __semwait_signal+0xa frames: 0x109895e22 0x10409c9d5 0x103fcd562 0x10409fb49 0x10409ec36 0x10409e819 0x104033bfe 0x10409c3f9 0x109891e9e
  24.346 Optimized K#D53X5y:[0x14f49b900->0x14ed6f040->0x10bea6c80, NoneFunctionCall, 67 (StrictMode)] using DFG with DFG into 736 bytes in 0.919544 ms.
  24.346 Optimized ig#AkBzUF:[0x14f49bac0->0x14d8cb9e0->0x10beffd00, NoneFunctionCall, 21 (StrictMode)] using DFG with DFG into 352 bytes in 0.488201 ms.
  24.347 [com.apple.WebKit:Loading:4] 0x109a12080 - [webProcessIdentifier=3] NetworkConnectionToWebProcess::scheduleResourceLoad: (parentPID=2605, pageProxyID=4, webPageID=5, frameID=4294967297, resourceID=143, existingLoaderToResume=0)
  24.347 [com.apple.WebKit:Loading:4] 0x109a12080 - [webProcessIdentifier=3] NetworkConnectionToWebProcess::resolveBlobReferences: (parentPID=2605, pageProxyID=4, webPageID=5, frameID=4294967297, resourceID=143)
  24.349 [com.apple.WebKit:Loading:4] 0x109a12080 - [webProcessIdentifier=3] NetworkConnectionToWebProcess::scheduleResourceLoad: (parentPID=2605, pageProxyID=4, webPageID=5, frameID=4294967297, resourceID=144, existingLoaderToResume=0)
  24.349 [com.apple.WebKit:Loading:4] 0x109a12080 - [webProcessIdentifier=3] NetworkConnectionToWebProcess::resolveBlobReferences: (parentPID=2605, pageProxyID=4, webPageID=5, frameID=4294967297, resourceID=144)
  24.349 [com.apple.WebKit:Loading:4] 0x109a12080 - [webProcessIdentifier=3] NetworkConnectionToWebProcess::scheduleResourceLoad: (parentPID=2605, pageProxyID=4, webPageID=5, frameID=4294967297, resourceID=145, existingLoaderToResume=0)
  24.349 [com.apple.WebKit:Loading:4] 0x109a12080 - [webProcessIdentifier=3] NetworkConnectionToWebProcess::resolveBlobReferences: (parentPID=2605, pageProxyID=4, webPageID=5, frameID=4294967297, resourceID=145)
  24.350 [com.apple.WebKit:Loading:4] 0x109a12080 - [webProcessIdentifier=3] NetworkConnectionToWebProcess::scheduleResourceLoad: (parentPID=2605, pageProxyID=4, webPageID=5, frameID=4294967297, resourceID=146, existingLoaderToResume=0)
  24.350 [com.apple.WebKit:Loading:4] 0x109a12080 - [webProcessIdentifier=3] NetworkConnectionToWebProcess::resolveBlobReferences: (parentPID=2605, pageProxyID=4, webPageID=5, frameID=4294967297, resourceID=146)
  24.350 [com.apple.WebKit:Loading:4] 0x109a12080 - [webProcessIdentifier=3] NetworkConnectionToWebProcess::scheduleResourceLoad: (parentPID=2605, pageProxyID=4, webPageID=5, frameID=4294967297, resourceID=147, existingLoaderToResume=0)
  24.350 [com.apple.WebKit:Loading:4] 0x109a12080 - [webProcessIdentifier=3] NetworkConnectionToWebProcess::resolveBlobReferences: (parentPID=2605, pageProxyID=4, webPageID=5, frameID=4294967297, resourceID=147)
  24.350 [com.apple.WebKit:Loading:4] 0x109a12080 - [webProcessIdentifier=3] NetworkConnectionToWebProcess::scheduleResourceLoad: (parentPID=2605, pageProxyID=4, webPageID=5, frameID=4294967297, resourceID=148, existingLoaderToResume=0)
  24.350 [com.apple.WebKit:Loading:4] 0x109a12080 - [webProcessIdentifier=3] NetworkConnectionToWebProcess::resolveBlobReferences: (parentPID=2605, pageProxyID=4, webPageID=5, frameID=4294967297, resourceID=148)
  24.350 [com.apple.WebKit:Loading:4] 0x109a12080 - [webProcessIdentifier=3] NetworkConnectionToWebProcess::scheduleResourceLoad: (parentPID=2605, pageProxyID=4, webPageID=5, frameID=4294967297, resourceID=149, existingLoaderToResume=0)
  24.350 [com.apple.WebKit:Loading:4] 0x109a12080 - [webProcessIdentifier=3] NetworkConnectionToWebProcess::resolveBlobReferences: (parentPID=2605, pageProxyID=4, webPageID=5, frameID=4294967297, resourceID=149)
  24.350 [com.apple.WebKit:Loading:4] 0x109a12080 - [webProcessIdentifier=3] NetworkConnectionToWebProcess::scheduleResourceLoad: (parentPID=2605, pageProxyID=4, webPageID=5, frameID=4294967297, resourceID=150, existingLoaderToResume=0)
  24.350 [com.apple.WebKit:Loading:4] 0x109a12080 - [webProcessIdentifier=3] NetworkConnectionToWebProcess::resolveBlobReferences: (parentPID=2605, pageProxyID=4, webPageID=5, frameID=4294967297, resourceID=150)
  24.365 Optimized oB#Cn8bF0:[0x14f49bba0->0x14d950c60->0x10befee00, NoneFunctionCall, 1131 (StrictMode)] using DFG with DFG into 6784 bytes in 13.846318 ms.
  24.397 Optimized sG#AwoRmq:[0x14f49bd60->0x14d4a0560->0x10bf03080, NoneFunctionCall, 223 (StrictMode)] using DFG with DFG into 1536 bytes in 2.822401 ms.
  24.405 Optimized I#Bul6GO:[0x14f49be40->0x14d4a0720->0x10bea6a00, NoneFunctionCall, 105 (StrictMode)] using DFG with DFG into 1024 bytes in 1.319028 ms.
  24.477 TIGER-SAMPLE pid 0xa30 n 0x5a main 0xd03 thread 0xd03 state-kr 0x0 pc 0x109a95e22 leaf __semwait_signal+0xa frames: 0x109a95e22 0x1042a1327 0x1041d56a2 0x1042a4329 0x1042a34a6 0x1042a3089 0x100046488 0x100001d0c 0x100001c21 0x3
  24.477 TIGER-SAMPLE pid 0xa30 n 0x5a thread 0xf03 thread 0xf03 state-kr 0x0 pc 0x109adfe4e leaf mach_msg_trap+0xa frames: 0x109adfe4e 0x10045c512 0x109a91e9e
  24.477 TIGER-SAMPLE pid 0xa30 n 0x5a thread 0x1103 thread 0x1103 state-kr 0x0 pc 0x109a95e22 leaf __semwait_signal+0xa frames: 0x109a95e22 0x1042a12e5 0x1041d56a2 0x1042a4329 0x1042a34a6 0x1042a3089 0x10423ab3e 0x1042a0d09 0x109a91e9e
  24.477 TIGER-SAMPLE pid 0xa30 n 0x5a thread 0x2303 thread 0x2303 state-kr 0x0 pc 0x109a95e22 leaf __semwait_signal+0xa frames: 0x109a95e22 0x1042a12e5 0x1041d56a2 0x1042a4329 0x1042a34a6 0x1042a3089 0x10423ab3e 0x1042a0d09 0x109a91e9e
  24.478 TIGER-SAMPLE pid 0xa30 n 0x5a thread 0x2403 thread 0x2403 state-kr 0x0 pc 0x109a95e22 leaf __semwait_signal+0xa frames: 0x109a95e22 0x1042a12e5 0x1041d56a2 0x1042a4329 0x1042a34a6 0x1042a3089 0x10423ab3e 0x1042a0d09 0x109a91e9e
  24.478 TIGER-SAMPLE pid 0xa30 n 0x5a thread 0x2503 thread 0x2503 state-kr 0x0 pc 0x109a467e6 leaf poll+0xa frames: 0x109a467e6 0x10423ab3e 0x1042a0d09 0x109a91e9e
  24.478 TIGER-SAMPLE pid 0xa30 n 0x5a thread 0x2603 thread 0x2603 state-kr 0x0 pc 0x109a95e22 leaf __semwait_signal+0xa frames: 0x109a95e22 0x1042a12e5 0x1041d56a2 0x1042a4329 0x1042a34a6 0x1042a3089 0x10423ab3e 0x1042a0d09 0x109a91e9e
  24.478 TIGER-SAMPLE pid 0xa30 n 0x5a thread 0x2703 thread 0x2703 state-kr 0x0 pc 0x109a467e6 leaf poll+0xa frames: 0x109a467e6 0x10423ab3e 0x1042a0d09 0x109a91e9e
  24.479 TIGER-SAMPLE pid 0xa30 n 0x5a thread 0x2807 thread 0x2807 state-kr 0x0 pc 0x109a95e22 leaf __semwait_signal+0xa frames: 0x109a95e22 0x1042a12e5 0x1041d56a2 0x1042a4329 0x1042a34a6 0x1042a3089 0x10423ab3e 0x1042a0d09 0x109a91e9e
  24.479 TIGER-SAMPLE pid 0xa30 n 0x5a thread 0x2903 thread 0x2903 state-kr 0x0 pc 0x109a95e22 leaf __semwait_signal+0xa frames: 0x109a95e22 0x1042a12e5 0x1041d56a2 0x1042a4329 0x1042a34a6 0x1042a3089 0x10423ab3e 0x1042a0d09 0x109a91e9e
  24.479 TIGER-SAMPLE pid 0xa30 n 0x5a thread 0x2a03 thread 0x2a03 state-kr 0x0 pc 0x109a95e22 leaf __semwait_signal+0xa frames: 0x109a95e22 0x1042a12e5 0x1041d56a2 0x1042a4329 0x1042a34a6 0x1042a3089 0x10423ab3e 0x1042a0d09 0x109a91e9e
  24.480 TIGER-SAMPLE pid 0xa30 n 0x5a thread 0x2b03 thread 0x2b03 state-kr 0x0 pc 0x109a46712 leaf recvmsg+0xa frames: 0x109a46712 0x10045e43e 0x10423ab3e 0x1042a0d09 0x109a91e9e
  24.480 TIGER-SAMPLE pid 0xa30 n 0x5a thread 0x2c03 thread 0x2c03 state-kr 0x0 pc 0x109a95e22 leaf __semwait_signal+0xa frames: 0x109a95e22 0x1042a12e5 0x1041d56a2 0x1042a4329 0x1042a34a6 0x1042a3089 0x10423ab3e 0x1042a0d09 0x109a91e9e
  24.480 TIGER-SAMPLE pid 0xa30 n 0x5a thread 0x2d03 thread 0x2d03 state-kr 0x0 pc 0x109adada9 leaf calloc+0x38 frames: 0x109adada9 0x1041bec11 0x10045dbf8 0x10045e43e 0x10423ab3e 0x1042a0d09 0x109a91e9e
  24.480 TIGER-SAMPLE pid 0xa30 n 0x5a thread 0x4103 thread 0x4103 state-kr 0x0 pc 0x109a95e22 leaf __semwait_signal+0xa frames: 0x109a95e22 0x1042a1327 0x1041d56a2 0x1041b2277 0x10423ab3e 0x1042a0d09 0x109a91e9e
  24.514 TIGER-SAMPLE pid 0xa2d n 0x5f main 0x117 thread 0x117 state-kr 0x0 pc 0x90009817 leaf mach_msg_trap+0x7 frames: 0x90009817 0x9082d227 0x9082ca42 0x92e06878 0x92e05f82 0x92e05dd9 0x9328cf45 0x9328cb37 0x932868c4 0x8af6 0x82f2 0x8219 0x5
  24.514 TIGER-SAMPLE pid 0xa2d n 0x5f thread 0x1203 thread 0x1203 state-kr 0x0 pc 0x90009817 leaf mach_msg_trap+0x7 frames: 0x90009817 0x2ca6d8 0x90023d67
  24.514 TIGER-SAMPLE pid 0xa2d n 0x5f thread 0x3207 thread 0x3207 state-kr 0x0 pc 0x90024407 leaf semaphore_wait_signal_trap+0x7 frames: 0x90024407 0x364de 0x90023d67
  24.515 TIGER-SAMPLE pid 0xa2d n 0x5f thread 0x3403 thread 0x3403 state-kr 0x0 pc 0x90024407 leaf semaphore_wait_signal_trap+0x7 frames: 0x90024407 0x364de 0x90023d67
  24.515 TIGER-SAMPLE pid 0xa2d n 0x5f thread 0x5103 thread 0x5103 state-kr 0x0 pc 0x900bc3fc leaf poll+0xc frames: 0x900bc3fc 0x2cd134 0x313210b 0x319b321 0x90023d67
  24.515 TIGER-SAMPLE pid 0xa2d n 0x5f thread 0x5203 thread 0x5203 state-kr 0x0 pc 0x90024407 leaf semaphore_wait_signal_trap+0x7 frames: 0x90024407 0x364de 0x90023d67
  24.515 TIGER-SAMPLE pid 0xa2d n 0x5f thread 0x5503 thread 0x5503 state-kr 0x0 pc 0x900bc3fc leaf poll+0xc frames: 0x900bc3fc 0x2cd134 0x313210b 0x319b321 0x90023d67
  24.516 TIGER-SAMPLE pid 0xa2d n 0x5f thread 0x5603 thread 0x5603 state-kr 0x0 pc 0x90024407 leaf semaphore_wait_signal_trap+0x7 frames: 0x90024407 0x364de 0x90023d67
  24.516 TIGER-SAMPLE pid 0xa2d n 0x5f thread 0x5c07 thread 0x5c07 state-kr 0x0 pc 0x900265fc leaf recvmsg+0xc frames: 0x900265fc 0x2cc6bb 0x2cd134 0x313210b 0x319b321 0x90023d67
  24.516 TIGER-SAMPLE pid 0xa2d n 0x5f thread 0x5e07 thread 0x5e07 state-kr 0x0 pc 0x90024407 leaf semaphore_wait_signal_trap+0x7 frames: 0x90024407 0x915a96ab 0x915c3ddc 0x90023d67
  24.568 TIGER-SAMPLE pid 0xa31 n 0x5e main 0xd03 thread 0xd03 state-kr 0x0 pc 0x109895e22 leaf __semwait_signal+0xa frames: 0x109895e22 0x10409ca17 0x103fcd562 0x10409fb49 0x10409ec36 0x10409e819 0x10004a16b 0x10000154c 0x100001461 0x3
  24.568 TIGER-SAMPLE pid 0xa31 n 0x5e thread 0xf03 thread 0xf03 state-kr 0x0 pc 0x1098dfe4e leaf mach_msg_trap+0xa frames: 0x1098dfe4e 0x100327902 0x109891e9e
  24.569 TIGER-SAMPLE pid 0xa31 n 0x5e thread 0x1103 thread 0x1103 state-kr 0x0 pc 0x109895e22 leaf __semwait_signal+0xa frames: 0x109895e22 0x10409c9d5 0x103fcd562 0x10409fb49 0x10409ec36 0x10409e819 0x104033bfe 0x10409c3f9 0x109891e9e
  24.569 TIGER-SAMPLE pid 0xa31 n 0x5e thread 0x2303 thread 0x2303 state-kr 0x0 pc 0x1098467e6 leaf poll+0xa frames: 0x1098467e6 0x104033bfe 0x10409c3f9 0x109891e9e
  24.569 TIGER-SAMPLE pid 0xa31 n 0x5e thread 0x2407 thread 0x2407 state-kr 0x0 pc 0x109895e22 leaf __semwait_signal+0xa frames: 0x109895e22 0x10409c9d5 0x103fcd562 0x10409fb49 0x10409ec36 0x10409e819 0x104033bfe 0x10409c3f9 0x109891e9e
  24.569 TIGER-SAMPLE pid 0xa31 n 0x5e thread 0x2503 thread 0x2503 state-kr 0x0 pc 0x109895e22 leaf __semwait_signal+0xa frames: 0x109895e22 0x10409c9d5 0x103fcd562 0x10409fb49 0x10409ec36 0x10409e819 0x104033bfe 0x10409c3f9 0x109891e9e
  24.570 TIGER-SAMPLE pid 0xa31 n 0x5e thread 0x2603 thread 0x2603 state-kr 0x0 pc 0x109895e22 leaf __semwait_signal+0xa frames: 0x109895e22 0x10409c9d5 0x103fcd562 0x10409fb49 0x10409ec36 0x10409e819 0x104033bfe 0x10409c3f9 0x109891e9e
  24.570 TIGER-SAMPLE pid 0xa31 n 0x5e thread 0x2703 thread 0x2703 state-kr 0x0 pc 0x109895e22 leaf __semwait_signal+0xa frames: 0x109895e22 0x10409c9d5 0x103fcd562 0x10409fb49 0x10409ec36 0x10409e819 0x104033bfe 0x10409c3f9 0x109891e9e
  24.570 TIGER-SAMPLE pid 0xa31 n 0x5e thread 0x2903 thread 0x2903 state-kr 0x0 pc 0x109895e22 leaf __semwait_signal+0xa frames: 0x109895e22 0x10409c9d5 0x103fcd562 0x10409fb49 0x10409ec36 0x10409e819 0x104033bfe 0x10409c3f9 0x109891e9e
  24.570 TIGER-SAMPLE pid 0xa31 n 0x5e thread 0x2a03 thread 0x2a03 state-kr 0x0 pc 0x1098467e6 leaf poll+0xa frames: 0x1098467e6 0x104033bfe 0x10409c3f9 0x109891e9e
  24.571 TIGER-SAMPLE pid 0xa31 n 0x5e thread 0x2b03 thread 0x2b03 state-kr 0x0 pc 0x1098467e6 leaf poll+0xa frames: 0x1098467e6 0x104388627 0x1043887ea 0x101f32ba7 0x101f3e971 0x104033bfe 0x10409c3f9 0x109891e9e
  24.571 TIGER-SAMPLE pid 0xa31 n 0x5e thread 0x3003 thread 0x3003 state-kr 0x0 pc 0x109895e22 leaf __semwait_signal+0xa frames: 0x109895e22 0x10409c9d5 0x103fcd562 0x10409fb49 0x10409ec36 0x10409e819 0x104033bfe 0x10409c3f9 0x109891e9e
  24.731 TIGER-SAMPLE pid 0xa30 n 0x5b main 0xd03 thread 0xd03 state-kr 0x0 pc 0x109a95e22 leaf __semwait_signal+0xa frames: 0x109a95e22 0x1042a1327 0x1041d56a2 0x1042a4329 0x1042a34a6 0x1042a3089 0x100046488 0x100001d0c 0x100001c21 0x3
  24.731 TIGER-SAMPLE pid 0xa30 n 0x5b thread 0xf03 thread 0xf03 state-kr 0x0 pc 0x109adfe4e leaf mach_msg_trap+0xa frames: 0x109adfe4e 0x10045c512 0x109a91e9e
  24.732 TIGER-SAMPLE pid 0xa30 n 0x5b thread 0x1103 thread 0x1103 state-kr 0x0 pc 0x109a95e22 leaf __semwait_signal+0xa frames: 0x109a95e22 0x1042a12e5 0x1041d56a2 0x1042a4329 0x1042a34a6 0x1042a3089 0x10423ab3e 0x1042a0d09 0x109a91e9e
  24.732 TIGER-SAMPLE pid 0xa30 n 0x5b thread 0x2303 thread 0x2303 state-kr 0x0 pc 0x109a95e22 leaf __semwait_signal+0xa frames: 0x109a95e22 0x1042a12e5 0x1041d56a2 0x1042a4329 0x1042a34a6 0x1042a3089 0x10423ab3e 0x1042a0d09 0x109a91e9e
  24.732 TIGER-SAMPLE pid 0xa30 n 0x5b thread 0x2403 thread 0x2403 state-kr 0x0 pc 0x109a95e22 leaf __semwait_signal+0xa frames: 0x109a95e22 0x1042a12e5 0x1041d56a2 0x1042a4329 0x1042a34a6 0x1042a3089 0x10423ab3e 0x1042a0d09 0x109a91e9e
  24.732 TIGER-SAMPLE pid 0xa30 n 0x5b thread 0x2503 thread 0x2503 state-kr 0x0 pc 0x109a467e6 leaf poll+0xa frames: 0x109a467e6 0x10423ab3e 0x1042a0d09 0x109a91e9e
  24.732 TIGER-SAMPLE pid 0xa30 n 0x5b thread 0x2603 thread 0x2603 state-kr 0x0 pc 0x109a95e22 leaf __semwait_signal+0xa frames: 0x109a95e22 0x1042a12e5 0x1041d56a2 0x1042a4329 0x1042a34a6 0x1042a3089 0x10423ab3e 0x1042a0d09 0x109a91e9e
  24.732 TIGER-SAMPLE pid 0xa30 n 0x5b thread 0x2703 thread 0x2703 state-kr 0x0 pc 0x109a467e6 leaf poll+0xa frames: 0x109a467e6 0x10423ab3e 0x1042a0d09 0x109a91e9e
  24.732 TIGER-SAMPLE pid 0xa30 n 0x5b thread 0x2807 thread 0x2807 state-kr 0x0 pc 0x109a95e22 leaf __semwait_signal+0xa frames: 0x109a95e22 0x1042a12e5 0x1041d56a2 0x1042a4329 0x1042a34a6 0x1042a3089 0x10423ab3e 0x1042a0d09 0x109a91e9e
  24.732 TIGER-SAMPLE pid 0xa30 n 0x5b thread 0x2903 thread 0x2903 state-kr 0x0 pc 0x109a95e22 leaf __semwait_signal+0xa frames: 0x109a95e22 0x1042a12e5 0x1041d56a2 0x1042a4329 0x1042a34a6 0x1042a3089 0x10423ab3e 0x1042a0d09 0x109a91e9e
  24.732 TIGER-SAMPLE pid 0xa30 n 0x5b thread 0x2a03 thread 0x2a03 state-kr 0x0 pc 0x109a95e22 leaf __semwait_signal+0xa frames: 0x109a95e22 0x1042a12e5 0x1041d56a2 0x1042a4329 0x1042a34a6 0x1042a3089 0x10423ab3e 0x1042a0d09 0x109a91e9e
  24.733 TIGER-SAMPLE pid 0xa30 n 0x5b thread 0x2b03 thread 0x2b03 state-kr 0x0 pc 0x109a46712 leaf recvmsg+0xa frames: 0x109a46712 0x10045e43e 0x10423ab3e 0x1042a0d09 0x109a91e9e
  24.733 TIGER-SAMPLE pid 0xa30 n 0x5b thread 0x2c03 thread 0x2c03 state-kr 0x0 pc 0x109a95e22 leaf __semwait_signal+0xa frames: 0x109a95e22 0x1042a12e5 0x1041d56a2 0x1042a4329 0x1042a34a6 0x1042a3089 0x10423ab3e 0x1042a0d09 0x109a91e9e
  24.733 TIGER-SAMPLE pid 0xa30 n 0x5b thread 0x2d03 thread 0x2d03 state-kr 0x0 pc 0x109a46712 leaf recvmsg+0xa frames: 0x109a46712 0x10045e43e 0x10423ab3e 0x1042a0d09 0x109a91e9e
  24.733 TIGER-SAMPLE pid 0xa30 n 0x5b thread 0x4103 thread 0x4103 state-kr 0x0 pc 0x109a95e22 leaf __semwait_signal+0xa frames: 0x109a95e22 0x1042a1327 0x1041d56a2 0x1041b2277 0x10423ab3e 0x1042a0d09 0x109a91e9e
  24.767 TIGER-SAMPLE pid 0xa2d n 0x60 main 0x117 thread 0x117 state-kr 0x0 pc 0x90009817 leaf mach_msg_trap+0x7 frames: 0x90009817 0x9082d227 0x9082ca42 0x92e06878 0x92e05f82 0x92e05dd9 0x9328cf45 0x9328cb37 0x932868c4 0x8af6 0x82f2 0x8219 0x5
  24.767 TIGER-SAMPLE pid 0xa2d n 0x60 thread 0x1203 thread 0x1203 state-kr 0x0 pc 0x90009817 leaf mach_msg_trap+0x7 frames: 0x90009817 0x2ca6d8 0x90023d67
  24.767 TIGER-SAMPLE pid 0xa2d n 0x60 thread 0x3207 thread 0x3207 state-kr 0x0 pc 0x90024407 leaf semaphore_wait_signal_trap+0x7 frames: 0x90024407 0x364de 0x90023d67
  24.768 TIGER-SAMPLE pid 0xa2d n 0x60 thread 0x3403 thread 0x3403 state-kr 0x0 pc 0x90024407 leaf semaphore_wait_signal_trap+0x7 frames: 0x90024407 0x364de 0x90023d67
  24.768 TIGER-SAMPLE pid 0xa2d n 0x60 thread 0x5103 thread 0x5103 state-kr 0x0 pc 0x900bc3fc leaf poll+0xc frames: 0x900bc3fc 0x2cd134 0x313210b 0x319b321 0x90023d67
  24.768 TIGER-SAMPLE pid 0xa2d n 0x60 thread 0x5203 thread 0x5203 state-kr 0x0 pc 0x90024407 leaf semaphore_wait_signal_trap+0x7 frames: 0x90024407 0x364de 0x90023d67
  24.768 TIGER-SAMPLE pid 0xa2d n 0x60 thread 0x5503 thread 0x5503 state-kr 0x0 pc 0x900bc3fc leaf poll+0xc frames: 0x900bc3fc 0x2cd134 0x313210b 0x319b321 0x90023d67
  24.769 TIGER-SAMPLE pid 0xa2d n 0x60 thread 0x5603 thread 0x5603 state-kr 0x0 pc 0x90024407 leaf semaphore_wait_signal_trap+0x7 frames: 0x90024407 0x364de 0x90023d67
  24.772 TIGER-SAMPLE pid 0xa2d n 0x60 thread 0x5c07 thread 0x5c07 state-kr 0x0 pc 0x2cbe64 leaf _ZN3IPC10Connection16readyReadHandlerEv+0x24 frames: 0x2cbe64 0x2cc6bb 0x2cd134 0x313210b 0x319b321 0x90023d67
  24.772 TIGER-SAMPLE pid 0xa2d n 0x60 thread 0x5e07 thread 0x5e07 state-kr 0x0 pc 0x90024407 leaf semaphore_wait_signal_trap+0x7 frames: 0x90024407 0x915a96ab 0x915c3ddc 0x90023d67
  24.821 TIGER-SAMPLE pid 0xa31 n 0x5f main 0xd03 thread 0xd03 state-kr 0x0 pc 0x109895e22 leaf __semwait_signal+0xa frames: 0x109895e22 0x10409ca17 0x103fcd562 0x10409fb49 0x10409ec36 0x10409e819 0x10004a16b 0x10000154c 0x100001461 0x3
  24.821 TIGER-SAMPLE pid 0xa31 n 0x5f thread 0xf03 thread 0xf03 state-kr 0x0 pc 0x1098dfe4e leaf mach_msg_trap+0xa frames: 0x1098dfe4e 0x100327902 0x109891e9e
  24.822 TIGER-SAMPLE pid 0xa31 n 0x5f thread 0x1103 thread 0x1103 state-kr 0x0 pc 0x109895e22 leaf __semwait_signal+0xa frames: 0x109895e22 0x10409c9d5 0x103fcd562 0x10409fb49 0x10409ec36 0x10409e819 0x104033bfe 0x10409c3f9 0x109891e9e
  24.822 TIGER-SAMPLE pid 0xa31 n 0x5f thread 0x2303 thread 0x2303 state-kr 0x0 pc 0x1098467e6 leaf poll+0xa frames: 0x1098467e6 0x104033bfe 0x10409c3f9 0x109891e9e
  24.822 TIGER-SAMPLE pid 0xa31 n 0x5f thread 0x2407 thread 0x2407 state-kr 0x0 pc 0x109895e22 leaf __semwait_signal+0xa frames: 0x109895e22 0x10409c9d5 0x103fcd562 0x10409fb49 0x10409ec36 0x10409e819 0x104033bfe 0x10409c3f9 0x109891e9e
  24.822 TIGER-SAMPLE pid 0xa31 n 0x5f thread 0x2503 thread 0x2503 state-kr 0x0 pc 0x109895e22 leaf __semwait_signal+0xa frames: 0x109895e22 0x10409c9d5 0x103fcd562 0x10409fb49 0x10409ec36 0x10409e819 0x104033bfe 0x10409c3f9 0x109891e9e
  24.823 TIGER-SAMPLE pid 0xa31 n 0x5f thread 0x2603 thread 0x2603 state-kr 0x0 pc 0x109895e22 leaf __semwait_signal+0xa frames: 0x109895e22 0x10409c9d5 0x103fcd562 0x10409fb49 0x10409ec36 0x10409e819 0x104033bfe 0x10409c3f9 0x109891e9e
  24.823 TIGER-SAMPLE pid 0xa31 n 0x5f thread 0x2703 thread 0x2703 state-kr 0x0 pc 0x109895e22 leaf __semwait_signal+0xa frames: 0x109895e22 0x10409c9d5 0x103fcd562 0x10409fb49 0x10409ec36 0x10409e819 0x104033bfe 0x10409c3f9 0x109891e9e
  24.823 TIGER-SAMPLE pid 0xa31 n 0x5f thread 0x2903 thread 0x2903 state-kr 0x0 pc 0x109895e22 leaf __semwait_signal+0xa frames: 0x109895e22 0x10409c9d5 0x103fcd562 0x10409fb49 0x10409ec36 0x10409e819 0x104033bfe 0x10409c3f9 0x109891e9e
  24.823 TIGER-SAMPLE pid 0xa31 n 0x5f thread 0x2a03 thread 0x2a03 state-kr 0x0 pc 0x1098467e6 leaf poll+0xa frames: 0x1098467e6 0x104033bfe 0x10409c3f9 0x109891e9e
  24.823 TIGER-SAMPLE pid 0xa31 n 0x5f thread 0x2b03 thread 0x2b03 state-kr 0x0 pc 0x1098467e6 leaf poll+0xa frames: 0x1098467e6 0x104388627 0x1043887ea 0x101f32ba7 0x101f3e971 0x104033bfe 0x10409c3f9 0x109891e9e
  24.824 TIGER-SAMPLE pid 0xa31 n 0x5f thread 0x3003 thread 0x3003 state-kr 0x0 pc 0x109895e22 leaf __semwait_signal+0xa frames: 0x109895e22 0x10409c9d5 0x103fcd562 0x10409fb49 0x10409ec36 0x10409e819 0x104033bfe 0x10409c3f9 0x109891e9e
  24.984 TIGER-SAMPLE pid 0xa30 n 0x5c main 0xd03 thread 0xd03 state-kr 0x0 pc 0x109a95e22 leaf __semwait_signal+0xa frames: 0x109a95e22 0x1042a1327 0x1041d56a2 0x1042a4329 0x1042a34a6 0x1042a3089 0x100046488 0x100001d0c 0x100001c21 0x3
  24.984 TIGER-SAMPLE pid 0xa30 n 0x5c thread 0xf03 thread 0xf03 state-kr 0x0 pc 0x109adfe4e leaf mach_msg_trap+0xa frames: 0x109adfe4e 0x10045c512 0x109a91e9e
  24.984 TIGER-SAMPLE pid 0xa30 n 0x5c thread 0x1103 thread 0x1103 state-kr 0x0 pc 0x109a95e22 leaf __semwait_signal+0xa frames: 0x109a95e22 0x1042a12e5 0x1041d56a2 0x1042a4329 0x1042a34a6 0x1042a3089 0x10423ab3e 0x1042a0d09 0x109a91e9e
  24.984 TIGER-SAMPLE pid 0xa30 n 0x5c thread 0x2303 thread 0x2303 state-kr 0x0 pc 0x109a95e22 leaf __semwait_signal+0xa frames: 0x109a95e22 0x1042a12e5 0x1041d56a2 0x1042a4329 0x1042a34a6 0x1042a3089 0x10423ab3e 0x1042a0d09 0x109a91e9e
  24.985 TIGER-SAMPLE pid 0xa30 n 0x5c thread 0x2403 thread 0x2403 state-kr 0x0 pc 0x109a95e22 leaf __semwait_signal+0xa frames: 0x109a95e22 0x1042a12e5 0x1041d56a2 0x1042a4329 0x1042a34a6 0x1042a3089 0x10423ab3e 0x1042a0d09 0x109a91e9e
  24.985 TIGER-SAMPLE pid 0xa30 n 0x5c thread 0x2503 thread 0x2503 state-kr 0x0 pc 0x109a467e6 leaf poll+0xa frames: 0x109a467e6 0x10423ab3e 0x1042a0d09 0x109a91e9e
  24.985 TIGER-SAMPLE pid 0xa30 n 0x5c thread 0x2603 thread 0x2603 state-kr 0x0 pc 0x109a95e22 leaf __semwait_signal+0xa frames: 0x109a95e22 0x1042a12e5 0x1041d56a2 0x1042a4329 0x1042a34a6 0x1042a3089 0x10423ab3e 0x1042a0d09 0x109a91e9e
  24.985 TIGER-SAMPLE pid 0xa30 n 0x5c thread 0x2703 thread 0x2703 state-kr 0x0 pc 0x109a467e6 leaf poll+0xa frames: 0x109a467e6 0x10423ab3e 0x1042a0d09 0x109a91e9e
  24.985 TIGER-SAMPLE pid 0xa30 n 0x5c thread 0x2807 thread 0x2807 state-kr 0x0 pc 0x109a95e22 leaf __semwait_signal+0xa frames: 0x109a95e22 0x1042a12e5 0x1041d56a2 0x1042a4329 0x1042a34a6 0x1042a3089 0x10423ab3e 0x1042a0d09 0x109a91e9e
  24.986 TIGER-SAMPLE pid 0xa30 n 0x5c thread 0x2903 thread 0x2903 state-kr 0x0 pc 0x109a95e22 leaf __semwait_signal+0xa frames: 0x109a95e22 0x1042a12e5 0x1041d56a2 0x1042a4329 0x1042a34a6 0x1042a3089 0x10423ab3e 0x1042a0d09 0x109a91e9e
  24.986 TIGER-SAMPLE pid 0xa30 n 0x5c thread 0x2a03 thread 0x2a03 state-kr 0x0 pc 0x109a95e22 leaf __semwait_signal+0xa frames: 0x109a95e22 0x1042a12e5 0x1041d56a2 0x1042a4329 0x1042a34a6 0x1042a3089 0x10423ab3e 0x1042a0d09 0x109a91e9e
  24.994 TIGER-SAMPLE pid 0xa30 n 0x5c thread 0x2b03 thread 0x2b03 state-kr 0x0 pc 0x109a46712 leaf recvmsg+0xa frames: 0x109a46712 0x10045e43e 0x10423ab3e 0x1042a0d09 0x109a91e9e
  24.994 TIGER-SAMPLE pid 0xa30 n 0x5c thread 0x2c03 thread 0x2c03 state-kr 0x0 pc 0x109a95e22 leaf __semwait_signal+0xa frames: 0x109a95e22 0x1042a12e5 0x1041d56a2 0x1042a4329 0x1042a34a6 0x1042a3089 0x10423ab3e 0x1042a0d09 0x109a91e9e
  24.994 TIGER-SAMPLE pid 0xa30 n 0x5c thread 0x2d03 thread 0x2d03 state-kr 0x0 pc 0x7fffffe0026d frames: 0x7fffffe0026d 0x10045df8e 0x10045e43e 0x10423ab3e 0x1042a0d09 0x109a91e9e
  24.994 TIGER-SAMPLE pid 0xa30 n 0x5c thread 0x4103 thread 0x4103 state-kr 0x0 pc 0x109a95e22 leaf __semwait_signal+0xa frames: 0x109a95e22 0x1042a1327 0x1041d56a2 0x1041b2277 0x10423ab3e 0x1042a0d09 0x109a91e9e
  25.022 TIGER-SAMPLE pid 0xa2d n 0x61 main 0x117 thread 0x117 state-kr 0x0 pc 0x90009817 leaf mach_msg_trap+0x7 frames: 0x90009817 0x9082d227 0x9082ca42 0x92e06878 0x92e05f82 0x92e05dd9 0x9328cf45 0x9328cb37 0x932868c4 0x8af6 0x82f2 0x8219 0x5
  25.023 TIGER-SAMPLE pid 0xa2d n 0x61 thread 0x1203 thread 0x1203 state-kr 0x0 pc 0x90009817 leaf mach_msg_trap+0x7 frames: 0x90009817 0x2ca6d8 0x90023d67
  25.023 TIGER-SAMPLE pid 0xa2d n 0x61 thread 0x3207 thread 0x3207 state-kr 0x0 pc 0x90024407 leaf semaphore_wait_signal_trap+0x7 frames: 0x90024407 0x364de 0x90023d67
  25.023 TIGER-SAMPLE pid 0xa2d n 0x61 thread 0x3403 thread 0x3403 state-kr 0x0 pc 0x90024407 leaf semaphore_wait_signal_trap+0x7 frames: 0x90024407 0x364de 0x90023d67
  25.023 TIGER-SAMPLE pid 0xa2d n 0x61 thread 0x5103 thread 0x5103 state-kr 0x0 pc 0x900bc3fc leaf poll+0xc frames: 0x900bc3fc 0x2cd134 0x313210b 0x319b321 0x90023d67
  25.024 TIGER-SAMPLE pid 0xa2d n 0x61 thread 0x5203 thread 0x5203 state-kr 0x0 pc 0x90024407 leaf semaphore_wait_signal_trap+0x7 frames: 0x90024407 0x364de 0x90023d67
  25.024 TIGER-SAMPLE pid 0xa2d n 0x61 thread 0x5503 thread 0x5503 state-kr 0x0 pc 0x900bc3fc leaf poll+0xc frames: 0x900bc3fc 0x2cd134 0x313210b 0x319b321 0x90023d67
  25.024 TIGER-SAMPLE pid 0xa2d n 0x61 thread 0x5603 thread 0x5603 state-kr 0x0 pc 0x90024407 leaf semaphore_wait_signal_trap+0x7 frames: 0x90024407 0x364de 0x90023d67
  25.025 TIGER-SAMPLE pid 0xa2d n 0x61 thread 0x5c07 thread 0x5c07 state-kr 0x0 pc 0x90008527 leaf calloc+0x11c8 frames: 0x90008527 0x900075bb 0x310b193 0x2cbe89 0x2cc6bb 0x2cd134 0x313210b 0x319b321 0x90023d67
  25.025 TIGER-SAMPLE pid 0xa2d n 0x61 thread 0x5e07 thread 0x5e07 state-kr 0x0 pc 0x90024407 leaf semaphore_wait_signal_trap+0x7 frames: 0x90024407 0x915a96ab 0x915c3ddc 0x90023d67
  25.074 TIGER-SAMPLE pid 0xa31 n 0x60 main 0xd03 thread 0xd03 state-kr 0x0 pc 0x109895e22 leaf __semwait_signal+0xa frames: 0x109895e22 0x10409ca17 0x103fcd562 0x10409fb49 0x10409ec36 0x10409e819 0x10004a16b 0x10000154c 0x100001461 0x3
  25.074 TIGER-SAMPLE pid 0xa31 n 0x60 thread 0xf03 thread 0xf03 state-kr 0x0 pc 0x1098dfe4e leaf mach_msg_trap+0xa frames: 0x1098dfe4e 0x100327902 0x109891e9e
  25.075 TIGER-SAMPLE pid 0xa31 n 0x60 thread 0x1103 thread 0x1103 state-kr 0x0 pc 0x109895e22 leaf __semwait_signal+0xa frames: 0x109895e22 0x10409c9d5 0x103fcd562 0x10409fb49 0x10409ec36 0x10409e819 0x104033bfe 0x10409c3f9 0x109891e9e
  25.075 TIGER-SAMPLE pid 0xa31 n 0x60 thread 0x2303 thread 0x2303 state-kr 0x0 pc 0x1098467e6 leaf poll+0xa frames: 0x1098467e6 0x104033bfe 0x10409c3f9 0x109891e9e
  25.075 TIGER-SAMPLE pid 0xa31 n 0x60 thread 0x2407 thread 0x2407 state-kr 0x0 pc 0x109895e22 leaf __semwait_signal+0xa frames: 0x109895e22 0x10409c9d5 0x103fcd562 0x10409fb49 0x10409ec36 0x10409e819 0x104033bfe 0x10409c3f9 0x109891e9e
  25.075 TIGER-SAMPLE pid 0xa31 n 0x60 thread 0x2503 thread 0x2503 state-kr 0x0 pc 0x109895e22 leaf __semwait_signal+0xa frames: 0x109895e22 0x10409c9d5 0x103fcd562 0x10409fb49 0x10409ec36 0x10409e819 0x104033bfe 0x10409c3f9 0x109891e9e
  25.075 TIGER-SAMPLE pid 0xa31 n 0x60 thread 0x2603 thread 0x2603 state-kr 0x0 pc 0x109895e22 leaf __semwait_signal+0xa frames: 0x109895e22 0x10409c9d5 0x103fcd562 0x10409fb49 0x10409ec36 0x10409e819 0x104033bfe 0x10409c3f9 0x109891e9e
  25.076 TIGER-SAMPLE pid 0xa31 n 0x60 thread 0x2703 thread 0x2703 state-kr 0x0 pc 0x109895e22 leaf __semwait_signal+0xa frames: 0x109895e22 0x10409c9d5 0x103fcd562 0x10409fb49 0x10409ec36 0x10409e819 0x104033bfe 0x10409c3f9 0x109891e9e
  25.076 TIGER-SAMPLE pid 0xa31 n 0x60 thread 0x2903 thread 0x2903 state-kr 0x0 pc 0x109895e22 leaf __semwait_signal+0xa frames: 0x109895e22 0x10409c9d5 0x103fcd562 0x10409fb49 0x10409ec36 0x10409e819 0x104033bfe 0x10409c3f9 0x109891e9e
  25.076 TIGER-SAMPLE pid 0xa31 n 0x60 thread 0x2a03 thread 0x2a03 state-kr 0x0 pc 0x1098467e6 leaf poll+0xa frames: 0x1098467e6 0x104033bfe 0x10409c3f9 0x109891e9e
  25.076 TIGER-SAMPLE pid 0xa31 n 0x60 thread 0x2b03 thread 0x2b03 state-kr 0x0 pc 0x1098467e6 leaf poll+0xa frames: 0x1098467e6 0x104388627 0x1043887ea 0x101f32ba7 0x101f3e971 0x104033bfe 0x10409c3f9 0x109891e9e
  25.076 TIGER-SAMPLE pid 0xa31 n 0x60 thread 0x3003 thread 0x3003 state-kr 0x0 pc 0x109895e22 leaf __semwait_signal+0xa frames: 0x109895e22 0x10409c9d5 0x103fcd562 0x10409fb49 0x10409ec36 0x10409e819 0x104033bfe 0x10409c3f9 0x109891e9e
  25.245 TIGER-SAMPLE pid 0xa30 n 0x5d main 0xd03 thread 0xd03 state-kr 0x0 pc 0x109a95e22 leaf __semwait_signal+0xa frames: 0x109a95e22 0x1042a1327 0x1041d56a2 0x1042a4329 0x1042a34a6 0x1042a3089 0x100046488 0x100001d0c 0x100001c21 0x3
  25.245 TIGER-SAMPLE pid 0xa30 n 0x5d thread 0xf03 thread 0xf03 state-kr 0x0 pc 0x109adfe4e leaf mach_msg_trap+0xa frames: 0x109adfe4e 0x10045c512 0x109a91e9e
  25.245 TIGER-SAMPLE pid 0xa30 n 0x5d thread 0x1103 thread 0x1103 state-kr 0x0 pc 0x109a95e22 leaf __semwait_signal+0xa frames: 0x109a95e22 0x1042a12e5 0x1041d56a2 0x1042a4329 0x1042a34a6 0x1042a3089 0x10423ab3e 0x1042a0d09 0x109a91e9e
  25.246 TIGER-SAMPLE pid 0xa30 n 0x5d thread 0x2303 thread 0x2303 state-kr 0x0 pc 0x109a95e22 leaf __semwait_signal+0xa frames: 0x109a95e22 0x1042a12e5 0x1041d56a2 0x1042a4329 0x1042a34a6 0x1042a3089 0x10423ab3e 0x1042a0d09 0x109a91e9e
  25.246 TIGER-SAMPLE pid 0xa30 n 0x5d thread 0x2403 thread 0x2403 state-kr 0x0 pc 0x109a95e22 leaf __semwait_signal+0xa frames: 0x109a95e22 0x1042a12e5 0x1041d56a2 0x1042a4329 0x1042a34a6 0x1042a3089 0x10423ab3e 0x1042a0d09 0x109a91e9e
  25.246 TIGER-SAMPLE pid 0xa30 n 0x5d thread 0x2503 thread 0x2503 state-kr 0x0 pc 0x109a467e6 leaf poll+0xa frames: 0x109a467e6 0x10423ab3e 0x1042a0d09 0x109a91e9e
  25.246 TIGER-SAMPLE pid 0xa30 n 0x5d thread 0x2603 thread 0x2603 state-kr 0x0 pc 0x109a95e22 leaf __semwait_signal+0xa frames: 0x109a95e22 0x1042a12e5 0x1041d56a2 0x1042a4329 0x1042a34a6 0x1042a3089 0x10423ab3e 0x1042a0d09 0x109a91e9e
  25.246 TIGER-SAMPLE pid 0xa30 n 0x5d thread 0x2703 thread 0x2703 state-kr 0x0 pc 0x109a467e6 leaf poll+0xa frames: 0x109a467e6 0x10423ab3e 0x1042a0d09 0x109a91e9e
  25.247 TIGER-SAMPLE pid 0xa30 n 0x5d thread 0x2807 thread 0x2807 state-kr 0x0 pc 0x109a95e22 leaf __semwait_signal+0xa frames: 0x109a95e22 0x1042a12e5 0x1041d56a2 0x1042a4329 0x1042a34a6 0x1042a3089 0x10423ab3e 0x1042a0d09 0x109a91e9e
  25.247 TIGER-SAMPLE pid 0xa30 n 0x5d thread 0x2903 thread 0x2903 state-kr 0x0 pc 0x109a95e22 leaf __semwait_signal+0xa frames: 0x109a95e22 0x1042a12e5 0x1041d56a2 0x1042a4329 0x1042a34a6 0x1042a3089 0x10423ab3e 0x1042a0d09 0x109a91e9e
  25.247 TIGER-SAMPLE pid 0xa30 n 0x5d thread 0x2a03 thread 0x2a03 state-kr 0x0 pc 0x109a95e22 leaf __semwait_signal+0xa frames: 0x109a95e22 0x1042a12e5 0x1041d56a2 0x1042a4329 0x1042a34a6 0x1042a3089 0x10423ab3e 0x1042a0d09 0x109a91e9e
  25.251 TIGER-SAMPLE pid 0xa30 n 0x5d thread 0x2b03 thread 0x2b03 state-kr 0x0 pc 0x109a46712 leaf recvmsg+0xa frames: 0x109a46712 0x10045e43e 0x10423ab3e 0x1042a0d09 0x109a91e9e
  25.251 TIGER-SAMPLE pid 0xa30 n 0x5d thread 0x2c03 thread 0x2c03 state-kr 0x0 pc 0x109a95e22 leaf __semwait_signal+0xa frames: 0x109a95e22 0x1042a12e5 0x1041d56a2 0x1042a4329 0x1042a34a6 0x1042a3089 0x10423ab3e 0x1042a0d09 0x109a91e9e
  25.252 TIGER-SAMPLE pid 0xa30 n 0x5d thread 0x2d03 thread 0x2d03 state-kr 0x0 pc 0x109b4338d leaf _keymgr_set_and_unlock_processwide_ptr+0x82f9 frames: 0x109b4338d 0x10045df8e 0x10045e43e 0x10423ab3e 0x1042a0d09 0x109a91e9e
  25.252 TIGER-SAMPLE pid 0xa30 n 0x5d thread 0x4103 thread 0x4103 state-kr 0x0 pc 0x109a95e22 leaf __semwait_signal+0xa frames: 0x109a95e22 0x1042a1327 0x1041d56a2 0x1041b2277 0x10423ab3e 0x1042a0d09 0x109a91e9e
  25.275 TIGER-SAMPLE pid 0xa2d n 0x62 main 0x117 thread 0x117 state-kr 0x0 pc 0x90009817 leaf mach_msg_trap+0x7 frames: 0x90009817 0x9082d227 0x9082ca42 0x92e06878 0x92e05f82 0x92e05dd9 0x9328cf45 0x9328cb37 0x932868c4 0x8af6 0x82f2 0x8219 0x5
  25.276 TIGER-SAMPLE pid 0xa2d n 0x62 thread 0x1203 thread 0x1203 state-kr 0x0 pc 0x90009817 leaf mach_msg_trap+0x7 frames: 0x90009817 0x2ca6d8 0x90023d67
  25.276 TIGER-SAMPLE pid 0xa2d n 0x62 thread 0x3207 thread 0x3207 state-kr 0x0 pc 0x90024407 leaf semaphore_wait_signal_trap+0x7 frames: 0x90024407 0x364de 0x90023d67
  25.276 TIGER-SAMPLE pid 0xa2d n 0x62 thread 0x3403 thread 0x3403 state-kr 0x0 pc 0x90024407 leaf semaphore_wait_signal_trap+0x7 frames: 0x90024407 0x364de 0x90023d67
  25.276 TIGER-SAMPLE pid 0xa2d n 0x62 thread 0x5103 thread 0x5103 state-kr 0x0 pc 0x900bc3fc leaf poll+0xc frames: 0x900bc3fc 0x2cd134 0x313210b 0x319b321 0x90023d67
  25.277 TIGER-SAMPLE pid 0xa2d n 0x62 thread 0x5203 thread 0x5203 state-kr 0x0 pc 0x90024407 leaf semaphore_wait_signal_trap+0x7 frames: 0x90024407 0x364de 0x90023d67
  25.277 TIGER-SAMPLE pid 0xa2d n 0x62 thread 0x5503 thread 0x5503 state-kr 0x0 pc 0x900bc3fc leaf poll+0xc frames: 0x900bc3fc 0x2cd134 0x313210b 0x319b321 0x90023d67
  25.277 TIGER-SAMPLE pid 0xa2d n 0x62 thread 0x5603 thread 0x5603 state-kr 0x0 pc 0x90024407 leaf semaphore_wait_signal_trap+0x7 frames: 0x90024407 0x364de 0x90023d67
  25.277 TIGER-SAMPLE pid 0xa2d n 0x62 thread 0x5c07 thread 0x5c07 state-kr 0x0 pc 0x900265fc leaf recvmsg+0xc frames: 0x900265fc 0x2cc6bb 0x2cd134 0x313210b 0x319b321 0x90023d67
  25.278 TIGER-SAMPLE pid 0xa2d n 0x62 thread 0x5e07 thread 0x5e07 state-kr 0x0 pc 0x90024407 leaf semaphore_wait_signal_trap+0x7 frames: 0x90024407 0x915a96ab 0x915c3ddc 0x90023d67
  25.327 TIGER-SAMPLE pid 0xa31 n 0x61 main 0xd03 thread 0xd03 state-kr 0x0 pc 0x109895e22 leaf __semwait_signal+0xa frames: 0x109895e22 0x10409ca17 0x103fcd562 0x10409fb49 0x10409ec36 0x10409e819 0x10004a16b 0x10000154c 0x100001461 0x3
  25.327 TIGER-SAMPLE pid 0xa31 n 0x61 thread 0xf03 thread 0xf03 state-kr 0x0 pc 0x1098dfe4e leaf mach_msg_trap+0xa frames: 0x1098dfe4e 0x100327902 0x109891e9e
  25.327 TIGER-SAMPLE pid 0xa31 n 0x61 thread 0x1103 thread 0x1103 state-kr 0x0 pc 0x109895e22 leaf __semwait_signal+0xa frames: 0x109895e22 0x10409c9d5 0x103fcd562 0x10409fb49 0x10409ec36 0x10409e819 0x104033bfe 0x10409c3f9 0x109891e9e
  25.327 TIGER-SAMPLE pid 0xa31 n 0x61 thread 0x2303 thread 0x2303 state-kr 0x0 pc 0x1098467e6 leaf poll+0xa frames: 0x1098467e6 0x104033bfe 0x10409c3f9 0x109891e9e
  25.328 TIGER-SAMPLE pid 0xa31 n 0x61 thread 0x2407 thread 0x2407 state-kr 0x0 pc 0x109895e22 leaf __semwait_signal+0xa frames: 0x109895e22 0x10409c9d5 0x103fcd562 0x10409fb49 0x10409ec36 0x10409e819 0x104033bfe 0x10409c3f9 0x109891e9e
  25.328 TIGER-SAMPLE pid 0xa31 n 0x61 thread 0x2503 thread 0x2503 state-kr 0x0 pc 0x109895e22 leaf __semwait_signal+0xa frames: 0x109895e22 0x10409c9d5 0x103fcd562 0x10409fb49 0x10409ec36 0x10409e819 0x104033bfe 0x10409c3f9 0x109891e9e
  25.328 TIGER-SAMPLE pid 0xa31 n 0x61 thread 0x2603 thread 0x2603 state-kr 0x0 pc 0x109895e22 leaf __semwait_signal+0xa frames: 0x109895e22 0x10409c9d5 0x103fcd562 0x10409fb49 0x10409ec36 0x10409e819 0x104033bfe 0x10409c3f9 0x109891e9e
  25.328 TIGER-SAMPLE pid 0xa31 n 0x61 thread 0x2703 thread 0x2703 state-kr 0x0 pc 0x109895e22 leaf __semwait_signal+0xa frames: 0x109895e22 0x10409c9d5 0x103fcd562 0x10409fb49 0x10409ec36 0x10409e819 0x104033bfe 0x10409c3f9 0x109891e9e
  25.329 TIGER-SAMPLE pid 0xa31 n 0x61 thread 0x2903 thread 0x2903 state-kr 0x0 pc 0x109895e22 leaf __semwait_signal+0xa frames: 0x109895e22 0x10409c9d5 0x103fcd562 0x10409fb49 0x10409ec36 0x10409e819 0x104033bfe 0x10409c3f9 0x109891e9e
  25.329 TIGER-SAMPLE pid 0xa31 n 0x61 thread 0x2a03 thread 0x2a03 state-kr 0x0 pc 0x1098467e6 leaf poll+0xa frames: 0x1098467e6 0x104033bfe 0x10409c3f9 0x109891e9e
  25.329 TIGER-SAMPLE pid 0xa31 n 0x61 thread 0x2b03 thread 0x2b03 state-kr 0x0 pc 0x1098467e6 leaf poll+0xa frames: 0x1098467e6 0x104388627 0x1043887ea 0x101f32ba7 0x101f3e971 0x104033bfe 0x10409c3f9 0x109891e9e
  25.329 TIGER-SAMPLE pid 0xa31 n 0x61 thread 0x3003 thread 0x3003 state-kr 0x0 pc 0x109895e22 leaf __semwait_signal+0xa frames: 0x109895e22 0x10409c9d5 0x103fcd562 0x10409fb49 0x10409ec36 0x10409e819 0x104033bfe 0x10409c3f9 0x109891e9e
  25.502 TIGER-SAMPLE pid 0xa30 n 0x5e main 0xd03 thread 0xd03 state-kr 0x0 pc 0x109a95e22 leaf __semwait_signal+0xa frames: 0x109a95e22 0x1042a1327 0x1041d56a2 0x1042a4329 0x1042a34a6 0x1042a3089 0x100046488 0x100001d0c 0x100001c21 0x3
  25.502 TIGER-SAMPLE pid 0xa30 n 0x5e thread 0xf03 thread 0xf03 state-kr 0x0 pc 0x109adfe4e leaf mach_msg_trap+0xa frames: 0x109adfe4e 0x10045c512 0x109a91e9e
  25.503 TIGER-SAMPLE pid 0xa30 n 0x5e thread 0x1103 thread 0x1103 state-kr 0x0 pc 0x109a95e22 leaf __semwait_signal+0xa frames: 0x109a95e22 0x1042a12e5 0x1041d56a2 0x1042a4329 0x1042a34a6 0x1042a3089 0x10423ab3e 0x1042a0d09 0x109a91e9e
  25.503 TIGER-SAMPLE pid 0xa30 n 0x5e thread 0x2303 thread 0x2303 state-kr 0x0 pc 0x109a95e22 leaf __semwait_signal+0xa frames: 0x109a95e22 0x1042a12e5 0x1041d56a2 0x1042a4329 0x1042a34a6 0x1042a3089 0x10423ab3e 0x1042a0d09 0x109a91e9e
  25.503 TIGER-SAMPLE pid 0xa30 n 0x5e thread 0x2403 thread 0x2403 state-kr 0x0 pc 0x109a95e22 leaf __semwait_signal+0xa frames: 0x109a95e22 0x1042a12e5 0x1041d56a2 0x1042a4329 0x1042a34a6 0x1042a3089 0x10423ab3e 0x1042a0d09 0x109a91e9e
  25.503 TIGER-SAMPLE pid 0xa30 n 0x5e thread 0x2503 thread 0x2503 state-kr 0x0 pc 0x109a467e6 leaf poll+0xa frames: 0x109a467e6 0x10423ab3e 0x1042a0d09 0x109a91e9e
  25.504 TIGER-SAMPLE pid 0xa30 n 0x5e thread 0x2603 thread 0x2603 state-kr 0x0 pc 0x109a95e22 leaf __semwait_signal+0xa frames: 0x109a95e22 0x1042a12e5 0x1041d56a2 0x1042a4329 0x1042a34a6 0x1042a3089 0x10423ab3e 0x1042a0d09 0x109a91e9e
  25.504 TIGER-SAMPLE pid 0xa30 n 0x5e thread 0x2703 thread 0x2703 state-kr 0x0 pc 0x109a467e6 leaf poll+0xa frames: 0x109a467e6 0x10423ab3e 0x1042a0d09 0x109a91e9e
  25.504 TIGER-SAMPLE pid 0xa30 n 0x5e thread 0x2807 thread 0x2807 state-kr 0x0 pc 0x109a95e22 leaf __semwait_signal+0xa frames: 0x109a95e22 0x1042a12e5 0x1041d56a2 0x1042a4329 0x1042a34a6 0x1042a3089 0x10423ab3e 0x1042a0d09 0x109a91e9e
  25.504 TIGER-SAMPLE pid 0xa30 n 0x5e thread 0x2903 thread 0x2903 state-kr 0x0 pc 0x109a95e22 leaf __semwait_signal+0xa frames: 0x109a95e22 0x1042a12e5 0x1041d56a2 0x1042a4329 0x1042a34a6 0x1042a3089 0x10423ab3e 0x1042a0d09 0x109a91e9e
  25.504 TIGER-SAMPLE pid 0xa30 n 0x5e thread 0x2a03 thread 0x2a03 state-kr 0x0 pc 0x109a95e22 leaf __semwait_signal+0xa frames: 0x109a95e22 0x1042a12e5 0x1041d56a2 0x1042a4329 0x1042a34a6 0x1042a3089 0x10423ab3e 0x1042a0d09 0x109a91e9e
  25.505 TIGER-SAMPLE pid 0xa30 n 0x5e thread 0x2b03 thread 0x2b03 state-kr 0x0 pc 0x109a46712 leaf recvmsg+0xa frames: 0x109a46712 0x10045e43e 0x10423ab3e 0x1042a0d09 0x109a91e9e
  25.505 TIGER-SAMPLE pid 0xa30 n 0x5e thread 0x2c03 thread 0x2c03 state-kr 0x0 pc 0x109a95e22 leaf __semwait_signal+0xa frames: 0x109a95e22 0x1042a12e5 0x1041d56a2 0x1042a4329 0x1042a34a6 0x1042a3089 0x10423ab3e 0x1042a0d09 0x109a91e9e
  25.505 TIGER-SAMPLE pid 0xa30 n 0x5e thread 0x2d03 thread 0x2d03 state-kr 0x0 pc 0x109aa7c74 leaf malloc_jumpstart+0xfc9 frames: 0x109aa7c74 0x10045df8e 0x10045e43e 0x10423ab3e 0x1042a0d09 0x109a91e9e
  25.505 TIGER-SAMPLE pid 0xa30 n 0x5e thread 0x4103 thread 0x4103 state-kr 0x0 pc 0x109a95e22 leaf __semwait_signal+0xa frames: 0x109a95e22 0x1042a1327 0x1041d56a2 0x1041b2277 0x10423ab3e 0x1042a0d09 0x109a91e9e
  25.528 TIGER-SAMPLE pid 0xa2d n 0x63 main 0x117 thread 0x117 state-kr 0x0 pc 0x90009817 leaf mach_msg_trap+0x7 frames: 0x90009817 0x9082d227 0x9082ca42 0x92e06878 0x92e05f82 0x92e05dd9 0x9328cf45 0x9328cb37 0x932868c4 0x8af6 0x82f2 0x8219 0x5
  25.528 TIGER-SAMPLE pid 0xa2d n 0x63 thread 0x1203 thread 0x1203 state-kr 0x0 pc 0x90009817 leaf mach_msg_trap+0x7 frames: 0x90009817 0x2ca6d8 0x90023d67
  25.529 TIGER-SAMPLE pid 0xa2d n 0x63 thread 0x3207 thread 0x3207 state-kr 0x0 pc 0x90024407 leaf semaphore_wait_signal_trap+0x7 frames: 0x90024407 0x364de 0x90023d67
  25.529 TIGER-SAMPLE pid 0xa2d n 0x63 thread 0x3403 thread 0x3403 state-kr 0x0 pc 0x90024407 leaf semaphore_wait_signal_trap+0x7 frames: 0x90024407 0x364de 0x90023d67
  25.529 TIGER-SAMPLE pid 0xa2d n 0x63 thread 0x5103 thread 0x5103 state-kr 0x0 pc 0x900bc3fc leaf poll+0xc frames: 0x900bc3fc 0x2cd134 0x313210b 0x319b321 0x90023d67
  25.529 TIGER-SAMPLE pid 0xa2d n 0x63 thread 0x5203 thread 0x5203 state-kr 0x0 pc 0x90024407 leaf semaphore_wait_signal_trap+0x7 frames: 0x90024407 0x364de 0x90023d67
  25.530 TIGER-SAMPLE pid 0xa2d n 0x63 thread 0x5503 thread 0x5503 state-kr 0x0 pc 0x900bc3fc leaf poll+0xc frames: 0x900bc3fc 0x2cd134 0x313210b 0x319b321 0x90023d67
  25.530 TIGER-SAMPLE pid 0xa2d n 0x63 thread 0x5603 thread 0x5603 state-kr 0x0 pc 0x90024407 leaf semaphore_wait_signal_trap+0x7 frames: 0x90024407 0x364de 0x90023d67
  25.530 TIGER-SAMPLE pid 0xa2d n 0x63 thread 0x5c07 thread 0x5c07 state-kr 0x0 pc 0x900265fc leaf recvmsg+0xc frames: 0x900265fc 0x2cc6bb 0x2cd134 0x313210b 0x319b321 0x90023d67
  25.531 TIGER-SAMPLE pid 0xa2d n 0x63 thread 0x5e07 thread 0x5e07 state-kr 0x0 pc 0x90024407 leaf semaphore_wait_signal_trap+0x7 frames: 0x90024407 0x915a96ab 0x915c3ddc 0x90023d67
  25.580 TIGER-SAMPLE pid 0xa31 n 0x62 main 0xd03 thread 0xd03 state-kr 0x0 pc 0x109895e22 leaf __semwait_signal+0xa frames: 0x109895e22 0x10409c9d5 0x103fcd562 0x10409fb49 0x10409ec36 0x10409e819 0x10004a16b 0x10000154c 0x100001461 0x3
  25.580 TIGER-SAMPLE pid 0xa31 n 0x62 thread 0xf03 thread 0xf03 state-kr 0x0 pc 0x1098dfe4e leaf mach_msg_trap+0xa frames: 0x1098dfe4e 0x100327902 0x109891e9e
  25.580 TIGER-SAMPLE pid 0xa31 n 0x62 thread 0x1103 thread 0x1103 state-kr 0x0 pc 0x109895e22 leaf __semwait_signal+0xa frames: 0x109895e22 0x10409c9d5 0x103fcd562 0x10409fb49 0x10409ec36 0x10409e819 0x104033bfe 0x10409c3f9 0x109891e9e
  25.580 TIGER-SAMPLE pid 0xa31 n 0x62 thread 0x2303 thread 0x2303 state-kr 0x0 pc 0x1098467e6 leaf poll+0xa frames: 0x1098467e6 0x104033bfe 0x10409c3f9 0x109891e9e
  25.580 TIGER-SAMPLE pid 0xa31 n 0x62 thread 0x2407 thread 0x2407 state-kr 0x0 pc 0x109895e22 leaf __semwait_signal+0xa frames: 0x109895e22 0x10409c9d5 0x103fcd562 0x10409fb49 0x10409ec36 0x10409e819 0x104033bfe 0x10409c3f9 0x109891e9e
  25.581 TIGER-SAMPLE pid 0xa31 n 0x62 thread 0x2503 thread 0x2503 state-kr 0x0 pc 0x109895e22 leaf __semwait_signal+0xa frames: 0x109895e22 0x10409c9d5 0x103fcd562 0x10409fb49 0x10409ec36 0x10409e819 0x104033bfe 0x10409c3f9 0x109891e9e
  25.581 TIGER-SAMPLE pid 0xa31 n 0x62 thread 0x2603 thread 0x2603 state-kr 0x0 pc 0x109895e22 leaf __semwait_signal+0xa frames: 0x109895e22 0x10409c9d5 0x103fcd562 0x10409fb49 0x10409ec36 0x10409e819 0x104033bfe 0x10409c3f9 0x109891e9e
  25.581 TIGER-SAMPLE pid 0xa31 n 0x62 thread 0x2703 thread 0x2703 state-kr 0x0 pc 0x109895e22 leaf __semwait_signal+0xa frames: 0x109895e22 0x10409c9d5 0x103fcd562 0x10409fb49 0x10409ec36 0x10409e819 0x104033bfe 0x10409c3f9 0x109891e9e
  25.581 TIGER-SAMPLE pid 0xa31 n 0x62 thread 0x2903 thread 0x2903 state-kr 0x0 pc 0x109895e22 leaf __semwait_signal+0xa frames: 0x109895e22 0x10409c9d5 0x103fcd562 0x10409fb49 0x10409ec36 0x10409e819 0x104033bfe 0x10409c3f9 0x109891e9e
  25.581 TIGER-SAMPLE pid 0xa31 n 0x62 thread 0x2a03 thread 0x2a03 state-kr 0x0 pc 0x1098467e6 leaf poll+0xa frames: 0x1098467e6 0x104033bfe 0x10409c3f9 0x109891e9e
  25.582 TIGER-SAMPLE pid 0xa31 n 0x62 thread 0x2b03 thread 0x2b03 state-kr 0x0 pc 0x1098467e6 leaf poll+0xa frames: 0x1098467e6 0x104388627 0x1043887ea 0x101f32ba7 0x101f3e971 0x104033bfe 0x10409c3f9 0x109891e9e
  25.582 TIGER-SAMPLE pid 0xa31 n 0x62 thread 0x3003 thread 0x3003 state-kr 0x0 pc 0x109895e22 leaf __semwait_signal+0xa frames: 0x109895e22 0x10409c9d5 0x103fcd562 0x10409fb49 0x10409ec36 0x10409e819 0x104033bfe 0x10409c3f9 0x109891e9e
  25.756 TIGER-SAMPLE pid 0xa30 n 0x5f main 0xd03 thread 0xd03 state-kr 0x0 pc 0x109a95e22 leaf __semwait_signal+0xa frames: 0x109a95e22 0x1042a1327 0x1041d56a2 0x1042a4329 0x1042a34a6 0x1042a3089 0x100046488 0x100001d0c 0x100001c21 0x3
  25.756 TIGER-SAMPLE pid 0xa30 n 0x5f thread 0xf03 thread 0xf03 state-kr 0x0 pc 0x109adfe4e leaf mach_msg_trap+0xa frames: 0x109adfe4e 0x10045c512 0x109a91e9e
  25.757 TIGER-SAMPLE pid 0xa30 n 0x5f thread 0x1103 thread 0x1103 state-kr 0x0 pc 0x109a95e22 leaf __semwait_signal+0xa frames: 0x109a95e22 0x1042a12e5 0x1041d56a2 0x1042a4329 0x1042a34a6 0x1042a3089 0x10423ab3e 0x1042a0d09 0x109a91e9e
  25.757 TIGER-SAMPLE pid 0xa30 n 0x5f thread 0x2303 thread 0x2303 state-kr 0x0 pc 0x109a95e22 leaf __semwait_signal+0xa frames: 0x109a95e22 0x1042a12e5 0x1041d56a2 0x1042a4329 0x1042a34a6 0x1042a3089 0x10423ab3e 0x1042a0d09 0x109a91e9e
  25.757 TIGER-SAMPLE pid 0xa30 n 0x5f thread 0x2403 thread 0x2403 state-kr 0x0 pc 0x109a95e22 leaf __semwait_signal+0xa frames: 0x109a95e22 0x1042a12e5 0x1041d56a2 0x1042a4329 0x1042a34a6 0x1042a3089 0x10423ab3e 0x1042a0d09 0x109a91e9e
  25.757 TIGER-SAMPLE pid 0xa30 n 0x5f thread 0x2503 thread 0x2503 state-kr 0x0 pc 0x109a467e6 leaf poll+0xa frames: 0x109a467e6 0x10423ab3e 0x1042a0d09 0x109a91e9e
  25.757 TIGER-SAMPLE pid 0xa30 n 0x5f thread 0x2603 thread 0x2603 state-kr 0x0 pc 0x109a95e22 leaf __semwait_signal+0xa frames: 0x109a95e22 0x1042a12e5 0x1041d56a2 0x1042a4329 0x1042a34a6 0x1042a3089 0x10423ab3e 0x1042a0d09 0x109a91e9e
  25.757 TIGER-SAMPLE pid 0xa30 n 0x5f thread 0x2703 thread 0x2703 state-kr 0x0 pc 0x109a467e6 leaf poll+0xa frames: 0x109a467e6 0x10423ab3e 0x1042a0d09 0x109a91e9e
  25.757 TIGER-SAMPLE pid 0xa30 n 0x5f thread 0x2807 thread 0x2807 state-kr 0x0 pc 0x109a95e22 leaf __semwait_signal+0xa frames: 0x109a95e22 0x1042a12e5 0x1041d56a2 0x1042a4329 0x1042a34a6 0x1042a3089 0x10423ab3e 0x1042a0d09 0x109a91e9e
  25.757 TIGER-SAMPLE pid 0xa30 n 0x5f thread 0x2903 thread 0x2903 state-kr 0x0 pc 0x109a95e22 leaf __semwait_signal+0xa frames: 0x109a95e22 0x1042a12e5 0x1041d56a2 0x1042a4329 0x1042a34a6 0x1042a3089 0x10423ab3e 0x1042a0d09 0x109a91e9e
  25.757 TIGER-SAMPLE pid 0xa30 n 0x5f thread 0x2a03 thread 0x2a03 state-kr 0x0 pc 0x109a95e22 leaf __semwait_signal+0xa frames: 0x109a95e22 0x1042a12e5 0x1041d56a2 0x1042a4329 0x1042a34a6 0x1042a3089 0x10423ab3e 0x1042a0d09 0x109a91e9e
  25.758 TIGER-SAMPLE pid 0xa30 n 0x5f thread 0x2b03 thread 0x2b03 state-kr 0x0 pc 0x109a46712 leaf recvmsg+0xa frames: 0x109a46712 0x10045e43e 0x10423ab3e 0x1042a0d09 0x109a91e9e
  25.758 TIGER-SAMPLE pid 0xa30 n 0x5f thread 0x2c03 thread 0x2c03 state-kr 0x0 pc 0x109a95e22 leaf __semwait_signal+0xa frames: 0x109a95e22 0x1042a12e5 0x1041d56a2 0x1042a4329 0x1042a34a6 0x1042a3089 0x10423ab3e 0x1042a0d09 0x109a91e9e
  25.758 TIGER-SAMPLE pid 0xa30 n 0x5f thread 0x2d03 thread 0x2d03 state-kr 0x0 pc 0x109ad4f1e leaf memset+0x6 frames: 0x109ad4f1e 0x109adafc8 0x1041bec11 0x10045dbf8 0x10045e43e 0x10423ab3e 0x1042a0d09 0x109a91e9e
  25.758 TIGER-SAMPLE pid 0xa30 n 0x5f thread 0x4103 thread 0x4103 state-kr 0x0 pc 0x109a95e22 leaf __semwait_signal+0xa frames: 0x109a95e22 0x1042a1327 0x1041d56a2 0x1041b2277 0x10423ab3e 0x1042a0d09 0x109a91e9e
  25.832 TIGER-SAMPLE pid 0xa31 n 0x63 main 0xd03 thread 0xd03 state-kr 0x0 pc 0x109895e22 leaf __semwait_signal+0xa frames: 0x109895e22 0x10409c9d5 0x103fcd562 0x10409fb49 0x10409ec36 0x10409e819 0x10004a16b 0x10000154c 0x100001461 0x3
  25.832 TIGER-SAMPLE pid 0xa31 n 0x63 thread 0xf03 thread 0xf03 state-kr 0x0 pc 0x1098dfe4e leaf mach_msg_trap+0xa frames: 0x1098dfe4e 0x100327902 0x109891e9e
  25.833 TIGER-SAMPLE pid 0xa31 n 0x63 thread 0x1103 thread 0x1103 state-kr 0x0 pc 0x109895e22 leaf __semwait_signal+0xa frames: 0x109895e22 0x10409c9d5 0x103fcd562 0x10409fb49 0x10409ec36 0x10409e819 0x104033bfe 0x10409c3f9 0x109891e9e
  25.833 TIGER-SAMPLE pid 0xa31 n 0x63 thread 0x2303 thread 0x2303 state-kr 0x0 pc 0x1098467e6 leaf poll+0xa frames: 0x1098467e6 0x104033bfe 0x10409c3f9 0x109891e9e
  25.833 TIGER-SAMPLE pid 0xa31 n 0x63 thread 0x2407 thread 0x2407 state-kr 0x0 pc 0x109895e22 leaf __semwait_signal+0xa frames: 0x109895e22 0x10409c9d5 0x103fcd562 0x10409fb49 0x10409ec36 0x10409e819 0x104033bfe 0x10409c3f9 0x109891e9e
  25.833 TIGER-SAMPLE pid 0xa31 n 0x63 thread 0x2503 thread 0x2503 state-kr 0x0 pc 0x109895e22 leaf __semwait_signal+0xa frames: 0x109895e22 0x10409c9d5 0x103fcd562 0x10409fb49 0x10409ec36 0x10409e819 0x104033bfe 0x10409c3f9 0x109891e9e
  25.833 TIGER-SAMPLE pid 0xa31 n 0x63 thread 0x2603 thread 0x2603 state-kr 0x0 pc 0x109895e22 leaf __semwait_signal+0xa frames: 0x109895e22 0x10409c9d5 0x103fcd562 0x10409fb49 0x10409ec36 0x10409e819 0x104033bfe 0x10409c3f9 0x109891e9e
  25.834 TIGER-SAMPLE pid 0xa31 n 0x63 thread 0x2703 thread 0x2703 state-kr 0x0 pc 0x109895e22 leaf __semwait_signal+0xa frames: 0x109895e22 0x10409c9d5 0x103fcd562 0x10409fb49 0x10409ec36 0x10409e819 0x104033bfe 0x10409c3f9 0x109891e9e
  25.834 TIGER-SAMPLE pid 0xa31 n 0x63 thread 0x2903 thread 0x2903 state-kr 0x0 pc 0x109895e22 leaf __semwait_signal+0xa frames: 0x109895e22 0x10409c9d5 0x103fcd562 0x10409fb49 0x10409ec36 0x10409e819 0x104033bfe 0x10409c3f9 0x109891e9e
  25.834 TIGER-SAMPLE pid 0xa31 n 0x63 thread 0x2a03 thread 0x2a03 state-kr 0x0 pc 0x1098467e6 leaf poll+0xa frames: 0x1098467e6 0x104033bfe 0x10409c3f9 0x109891e9e
  25.834 TIGER-SAMPLE pid 0xa31 n 0x63 thread 0x2b03 thread 0x2b03 state-kr 0x0 pc 0x1098467e6 leaf poll+0xa frames: 0x1098467e6 0x104388627 0x1043887ea 0x101f32ba7 0x101f3e971 0x104033bfe 0x10409c3f9 0x109891e9e
  25.834 TIGER-SAMPLE pid 0xa31 n 0x63 thread 0x3003 thread 0x3003 state-kr 0x0 pc 0x109895e22 leaf __semwait_signal+0xa frames: 0x109895e22 0x10409c9d5 0x103fcd562 0x10409fb49 0x10409ec36 0x10409e819 0x104033bfe 0x10409c3f9 0x109891e9e
  26.009 TIGER-SAMPLE pid 0xa30 n 0x60 main 0xd03 thread 0xd03 state-kr 0x0 pc 0x109a95e22 leaf __semwait_signal+0xa frames: 0x109a95e22 0x1042a1327 0x1041d56a2 0x1042a4329 0x1042a34a6 0x1042a3089 0x100046488 0x100001d0c 0x100001c21 0x3
  26.009 TIGER-SAMPLE pid 0xa30 n 0x60 thread 0xf03 thread 0xf03 state-kr 0x0 pc 0x109adfe4e leaf mach_msg_trap+0xa frames: 0x109adfe4e 0x10045c512 0x109a91e9e
  26.009 TIGER-SAMPLE pid 0xa30 n 0x60 thread 0x1103 thread 0x1103 state-kr 0x0 pc 0x109a95e22 leaf __semwait_signal+0xa frames: 0x109a95e22 0x1042a12e5 0x1041d56a2 0x1042a4329 0x1042a34a6 0x1042a3089 0x10423ab3e 0x1042a0d09 0x109a91e9e
  26.009 TIGER-SAMPLE pid 0xa30 n 0x60 thread 0x2303 thread 0x2303 state-kr 0x0 pc 0x109a95e22 leaf __semwait_signal+0xa frames: 0x109a95e22 0x1042a12e5 0x1041d56a2 0x1042a4329 0x1042a34a6 0x1042a3089 0x10423ab3e 0x1042a0d09 0x109a91e9e
  26.010 TIGER-SAMPLE pid 0xa30 n 0x60 thread 0x2403 thread 0x2403 state-kr 0x0 pc 0x109a95e22 leaf __semwait_signal+0xa frames: 0x109a95e22 0x1042a12e5 0x1041d56a2 0x1042a4329 0x1042a34a6 0x1042a3089 0x10423ab3e 0x1042a0d09 0x109a91e9e
  26.010 TIGER-SAMPLE pid 0xa30 n 0x60 thread 0x2503 thread 0x2503 state-kr 0x0 pc 0x109a467e6 leaf poll+0xa frames: 0x109a467e6 0x10423ab3e 0x1042a0d09 0x109a91e9e
  26.010 TIGER-SAMPLE pid 0xa30 n 0x60 thread 0x2603 thread 0x2603 state-kr 0x0 pc 0x109a95e22 leaf __semwait_signal+0xa frames: 0x109a95e22 0x1042a12e5 0x1041d56a2 0x1042a4329 0x1042a34a6 0x1042a3089 0x10423ab3e 0x1042a0d09 0x109a91e9e
  26.010 TIGER-SAMPLE pid 0xa30 n 0x60 thread 0x2703 thread 0x2703 state-kr 0x0 pc 0x109a467e6 leaf poll+0xa frames: 0x109a467e6 0x10423ab3e 0x1042a0d09 0x109a91e9e
  26.010 TIGER-SAMPLE pid 0xa30 n 0x60 thread 0x2807 thread 0x2807 state-kr 0x0 pc 0x109a95e22 leaf __semwait_signal+0xa frames: 0x109a95e22 0x1042a12e5 0x1041d56a2 0x1042a4329 0x1042a34a6 0x1042a3089 0x10423ab3e 0x1042a0d09 0x109a91e9e
  26.011 TIGER-SAMPLE pid 0xa30 n 0x60 thread 0x2903 thread 0x2903 state-kr 0x0 pc 0x109a95e22 leaf __semwait_signal+0xa frames: 0x109a95e22 0x1042a12e5 0x1041d56a2 0x1042a4329 0x1042a34a6 0x1042a3089 0x10423ab3e 0x1042a0d09 0x109a91e9e
  26.011 TIGER-SAMPLE pid 0xa30 n 0x60 thread 0x2a03 thread 0x2a03 state-kr 0x0 pc 0x109a95e22 leaf __semwait_signal+0xa frames: 0x109a95e22 0x1042a12e5 0x1041d56a2 0x1042a4329 0x1042a34a6 0x1042a3089 0x10423ab3e 0x1042a0d09 0x109a91e9e
  26.025 TIGER-SAMPLE pid 0xa30 n 0x60 thread 0x2b03 thread 0x2b03 state-kr 0x0 pc 0x109a46712 leaf recvmsg+0xa frames: 0x109a46712 0x10045e43e 0x10423ab3e 0x1042a0d09 0x109a91e9e
  26.026 TIGER-SAMPLE pid 0xa30 n 0x60 thread 0x2c03 thread 0x2c03 state-kr 0x0 pc 0x109a95e22 leaf __semwait_signal+0xa frames: 0x109a95e22 0x1042a12e5 0x1041d56a2 0x1042a4329 0x1042a34a6 0x1042a3089 0x10423ab3e 0x1042a0d09 0x109a91e9e
  26.026 TIGER-SAMPLE pid 0xa30 n 0x60 thread 0x2d03 thread 0x2d03 state-kr 0x0 pc 0x109a46712 leaf recvmsg+0xa frames: 0x109a46712 0x10045e43e 0x10423ab3e 0x1042a0d09 0x109a91e9e
  26.026 TIGER-SAMPLE pid 0xa30 n 0x60 thread 0x4103 thread 0x4103 state-kr 0x0 pc 0x109a95e22 leaf __semwait_signal+0xa frames: 0x109a95e22 0x1042a1327 0x1041d56a2 0x1041b2277 0x10423ab3e 0x1042a0d09 0x109a91e9e
  26.276 TIGER-SAMPLE pid 0xa30 n 0x61 main 0xd03 thread 0xd03 state-kr 0x0 pc 0x109a95e22 leaf __semwait_signal+0xa frames: 0x109a95e22 0x1042a1327 0x1041d56a2 0x1042a4329 0x1042a34a6 0x1042a3089 0x100046488 0x100001d0c 0x100001c21 0x3
  26.277 TIGER-SAMPLE pid 0xa30 n 0x61 thread 0xf03 thread 0xf03 state-kr 0x0 pc 0x109adfe4e leaf mach_msg_trap+0xa frames: 0x109adfe4e 0x10045c512 0x109a91e9e
  26.277 TIGER-SAMPLE pid 0xa30 n 0x61 thread 0x1103 thread 0x1103 state-kr 0x0 pc 0x109a95e22 leaf __semwait_signal+0xa frames: 0x109a95e22 0x1042a12e5 0x1041d56a2 0x1042a4329 0x1042a34a6 0x1042a3089 0x10423ab3e 0x1042a0d09 0x109a91e9e
  26.277 TIGER-SAMPLE pid 0xa30 n 0x61 thread 0x2303 thread 0x2303 state-kr 0x0 pc 0x109a95e22 leaf __semwait_signal+0xa frames: 0x109a95e22 0x1042a12e5 0x1041d56a2 0x1042a4329 0x1042a34a6 0x1042a3089 0x10423ab3e 0x1042a0d09 0x109a91e9e
  26.277 TIGER-SAMPLE pid 0xa30 n 0x61 thread 0x2403 thread 0x2403 state-kr 0x0 pc 0x109a95e22 leaf __semwait_signal+0xa frames: 0x109a95e22 0x1042a12e5 0x1041d56a2 0x1042a4329 0x1042a34a6 0x1042a3089 0x10423ab3e 0x1042a0d09 0x109a91e9e
  26.278 TIGER-SAMPLE pid 0xa30 n 0x61 thread 0x2503 thread 0x2503 state-kr 0x0 pc 0x109a467e6 leaf poll+0xa frames: 0x109a467e6 0x10423ab3e 0x1042a0d09 0x109a91e9e
  26.278 TIGER-SAMPLE pid 0xa30 n 0x61 thread 0x2603 thread 0x2603 state-kr 0x0 pc 0x109a95e22 leaf __semwait_signal+0xa frames: 0x109a95e22 0x1042a12e5 0x1041d56a2 0x1042a4329 0x1042a34a6 0x1042a3089 0x10423ab3e 0x1042a0d09 0x109a91e9e
  26.278 TIGER-SAMPLE pid 0xa30 n 0x61 thread 0x2703 thread 0x2703 state-kr 0x0 pc 0x109a467e6 leaf poll+0xa frames: 0x109a467e6 0x10423ab3e 0x1042a0d09 0x109a91e9e
  26.278 TIGER-SAMPLE pid 0xa30 n 0x61 thread 0x2807 thread 0x2807 state-kr 0x0 pc 0x109a95e22 leaf __semwait_signal+0xa frames: 0x109a95e22 0x1042a12e5 0x1041d56a2 0x1042a4329 0x1042a34a6 0x1042a3089 0x10423ab3e 0x1042a0d09 0x109a91e9e
  26.278 TIGER-SAMPLE pid 0xa30 n 0x61 thread 0x2903 thread 0x2903 state-kr 0x0 pc 0x109a95e22 leaf __semwait_signal+0xa frames: 0x109a95e22 0x1042a12e5 0x1041d56a2 0x1042a4329 0x1042a34a6 0x1042a3089 0x10423ab3e 0x1042a0d09 0x109a91e9e
  26.279 TIGER-SAMPLE pid 0xa30 n 0x61 thread 0x2a03 thread 0x2a03 state-kr 0x0 pc 0x109a95e22 leaf __semwait_signal+0xa frames: 0x109a95e22 0x1042a12e5 0x1041d56a2 0x1042a4329 0x1042a34a6 0x1042a3089 0x10423ab3e 0x1042a0d09 0x109a91e9e
  26.279 TIGER-SAMPLE pid 0xa30 n 0x61 thread 0x2b03 thread 0x2b03 state-kr 0x0 pc 0x109a46719 leaf recvmsg+0x11 frames: 0x109a46719 0x10045e43e 0x10423ab3e 0x1042a0d09 0x109a91e9e
  26.279 TIGER-SAMPLE pid 0xa30 n 0x61 thread 0x2c03 thread 0x2c03 state-kr 0x0 pc 0x109a95e22 leaf __semwait_signal+0xa frames: 0x109a95e22 0x1042a12e5 0x1041d56a2 0x1042a4329 0x1042a34a6 0x1042a3089 0x10423ab3e 0x1042a0d09 0x109a91e9e
  26.280 TIGER-SAMPLE pid 0xa30 n 0x61 thread 0x2d03 thread 0x2d03 state-kr 0x0 pc 0x109a46712 leaf recvmsg+0xa frames: 0x109a46712 0x10045e43e 0x10423ab3e 0x1042a0d09 0x109a91e9e
  26.280 TIGER-SAMPLE pid 0xa30 n 0x61 thread 0x4103 thread 0x4103 state-kr 0x0 pc 0x109a95e22 leaf __semwait_signal+0xa frames: 0x109a95e22 0x1042a1327 0x1041d56a2 0x1041b2277 0x10423ab3e 0x1042a0d09 0x109a91e9e
  26.530 TIGER-SAMPLE pid 0xa30 n 0x62 main 0xd03 thread 0xd03 state-kr 0x0 pc 0x109a95e22 leaf __semwait_signal+0xa frames: 0x109a95e22 0x1042a1327 0x1041d56a2 0x1042a4329 0x1042a34a6 0x1042a3089 0x100046488 0x100001d0c 0x100001c21 0x3
  26.530 TIGER-SAMPLE pid 0xa30 n 0x62 thread 0xf03 thread 0xf03 state-kr 0x0 pc 0x109adfe4e leaf mach_msg_trap+0xa frames: 0x109adfe4e 0x10045c512 0x109a91e9e
  26.531 TIGER-SAMPLE pid 0xa30 n 0x62 thread 0x1103 thread 0x1103 state-kr 0x0 pc 0x109a95e22 leaf __semwait_signal+0xa frames: 0x109a95e22 0x1042a12e5 0x1041d56a2 0x1042a4329 0x1042a34a6 0x1042a3089 0x10423ab3e 0x1042a0d09 0x109a91e9e
  26.531 TIGER-SAMPLE pid 0xa30 n 0x62 thread 0x2303 thread 0x2303 state-kr 0x0 pc 0x109a95e22 leaf __semwait_signal+0xa frames: 0x109a95e22 0x1042a12e5 0x1041d56a2 0x1042a4329 0x1042a34a6 0x1042a3089 0x10423ab3e 0x1042a0d09 0x109a91e9e
  26.531 TIGER-SAMPLE pid 0xa30 n 0x62 thread 0x2403 thread 0x2403 state-kr 0x0 pc 0x109a95e22 leaf __semwait_signal+0xa frames: 0x109a95e22 0x1042a12e5 0x1041d56a2 0x1042a4329 0x1042a34a6 0x1042a3089 0x10423ab3e 0x1042a0d09 0x109a91e9e
  26.531 TIGER-SAMPLE pid 0xa30 n 0x62 thread 0x2503 thread 0x2503 state-kr 0x0 pc 0x109a467e6 leaf poll+0xa frames: 0x109a467e6 0x10423ab3e 0x1042a0d09 0x109a91e9e
  26.531 TIGER-SAMPLE pid 0xa30 n 0x62 thread 0x2603 thread 0x2603 state-kr 0x0 pc 0x109a95e22 leaf __semwait_signal+0xa frames: 0x109a95e22 0x1042a12e5 0x1041d56a2 0x1042a4329 0x1042a34a6 0x1042a3089 0x10423ab3e 0x1042a0d09 0x109a91e9e
  26.532 TIGER-SAMPLE pid 0xa30 n 0x62 thread 0x2703 thread 0x2703 state-kr 0x0 pc 0x109a467e6 leaf poll+0xa frames: 0x109a467e6 0x10423ab3e 0x1042a0d09 0x109a91e9e
  26.532 TIGER-SAMPLE pid 0xa30 n 0x62 thread 0x2807 thread 0x2807 state-kr 0x0 pc 0x109a95e22 leaf __semwait_signal+0xa frames: 0x109a95e22 0x1042a12e5 0x1041d56a2 0x1042a4329 0x1042a34a6 0x1042a3089 0x10423ab3e 0x1042a0d09 0x109a91e9e
  26.532 TIGER-SAMPLE pid 0xa30 n 0x62 thread 0x2903 thread 0x2903 state-kr 0x0 pc 0x109a95e22 leaf __semwait_signal+0xa frames: 0x109a95e22 0x1042a12e5 0x1041d56a2 0x1042a4329 0x1042a34a6 0x1042a3089 0x10423ab3e 0x1042a0d09 0x109a91e9e
  26.532 TIGER-SAMPLE pid 0xa30 n 0x62 thread 0x2a03 thread 0x2a03 state-kr 0x0 pc 0x109a95e22 leaf __semwait_signal+0xa frames: 0x109a95e22 0x1042a12e5 0x1041d56a2 0x1042a4329 0x1042a34a6 0x1042a3089 0x10423ab3e 0x1042a0d09 0x109a91e9e
  26.535 TIGER-SAMPLE pid 0xa30 n 0x62 thread 0x2b03 thread 0x2b03 state-kr 0x0 pc 0x109a46712 leaf recvmsg+0xa frames: 0x109a46712 0x10045e43e 0x10423ab3e 0x1042a0d09 0x109a91e9e
  26.535 TIGER-SAMPLE pid 0xa30 n 0x62 thread 0x2c03 thread 0x2c03 state-kr 0x0 pc 0x109a95e22 leaf __semwait_signal+0xa frames: 0x109a95e22 0x1042a12e5 0x1041d56a2 0x1042a4329 0x1042a34a6 0x1042a3089 0x10423ab3e 0x1042a0d09 0x109a91e9e
  26.556 TIGER-SAMPLE pid 0xa30 n 0x62 thread 0x2d03 thread 0x2d03 state-kr 0x0 pc 0x109adc95a leaf _spin_unlock+0x6 frames: 0x109adc95a 0x109adafc8 0x1041bec11 0x10045dbf8 0x10045e43e 0x10423ab3e 0x1042a0d09 0x109a91e9e
  26.556 TIGER-SAMPLE pid 0xa30 n 0x62 thread 0x4103 thread 0x4103 state-kr 0x0 pc 0x109a95e22 leaf __semwait_signal+0xa frames: 0x109a95e22 0x1042a1327 0x1041d56a2 0x1041b2277 0x10423ab3e 0x1042a0d09 0x109a91e9e
  26.806 TIGER-SAMPLE pid 0xa30 n 0x63 main 0xd03 thread 0xd03 state-kr 0x0 pc 0x109a95e22 leaf __semwait_signal+0xa frames: 0x109a95e22 0x1042a1327 0x1041d56a2 0x1042a4329 0x1042a34a6 0x1042a3089 0x100046488 0x100001d0c 0x100001c21 0x3
  26.806 TIGER-SAMPLE pid 0xa30 n 0x63 thread 0xf03 thread 0xf03 state-kr 0x0 pc 0x109adfe4e leaf mach_msg_trap+0xa frames: 0x109adfe4e 0x10045c512 0x109a91e9e
  26.807 TIGER-SAMPLE pid 0xa30 n 0x63 thread 0x1103 thread 0x1103 state-kr 0x0 pc 0x109a95e22 leaf __semwait_signal+0xa frames: 0x109a95e22 0x1042a12e5 0x1041d56a2 0x1042a4329 0x1042a34a6 0x1042a3089 0x10423ab3e 0x1042a0d09 0x109a91e9e
  26.807 TIGER-SAMPLE pid 0xa30 n 0x63 thread 0x2303 thread 0x2303 state-kr 0x0 pc 0x109a95e22 leaf __semwait_signal+0xa frames: 0x109a95e22 0x1042a12e5 0x1041d56a2 0x1042a4329 0x1042a34a6 0x1042a3089 0x10423ab3e 0x1042a0d09 0x109a91e9e
  26.807 TIGER-SAMPLE pid 0xa30 n 0x63 thread 0x2403 thread 0x2403 state-kr 0x0 pc 0x109a95e22 leaf __semwait_signal+0xa frames: 0x109a95e22 0x1042a12e5 0x1041d56a2 0x1042a4329 0x1042a34a6 0x1042a3089 0x10423ab3e 0x1042a0d09 0x109a91e9e
  26.807 TIGER-SAMPLE pid 0xa30 n 0x63 thread 0x2503 thread 0x2503 state-kr 0x0 pc 0x109a467e6 leaf poll+0xa frames: 0x109a467e6 0x10423ab3e 0x1042a0d09 0x109a91e9e
  26.808 TIGER-SAMPLE pid 0xa30 n 0x63 thread 0x2603 thread 0x2603 state-kr 0x0 pc 0x109a95e22 leaf __semwait_signal+0xa frames: 0x109a95e22 0x1042a12e5 0x1041d56a2 0x1042a4329 0x1042a34a6 0x1042a3089 0x10423ab3e 0x1042a0d09 0x109a91e9e
  26.808 TIGER-SAMPLE pid 0xa30 n 0x63 thread 0x2703 thread 0x2703 state-kr 0x0 pc 0x109a467e6 leaf poll+0xa frames: 0x109a467e6 0x10423ab3e 0x1042a0d09 0x109a91e9e
  26.808 TIGER-SAMPLE pid 0xa30 n 0x63 thread 0x2807 thread 0x2807 state-kr 0x0 pc 0x109a95e22 leaf __semwait_signal+0xa frames: 0x109a95e22 0x1042a12e5 0x1041d56a2 0x1042a4329 0x1042a34a6 0x1042a3089 0x10423ab3e 0x1042a0d09 0x109a91e9e
  26.808 TIGER-SAMPLE pid 0xa30 n 0x63 thread 0x2903 thread 0x2903 state-kr 0x0 pc 0x109a95e22 leaf __semwait_signal+0xa frames: 0x109a95e22 0x1042a12e5 0x1041d56a2 0x1042a4329 0x1042a34a6 0x1042a3089 0x10423ab3e 0x1042a0d09 0x109a91e9e
  26.809 TIGER-SAMPLE pid 0xa30 n 0x63 thread 0x2a03 thread 0x2a03 state-kr 0x0 pc 0x109a95e22 leaf __semwait_signal+0xa frames: 0x109a95e22 0x1042a12e5 0x1041d56a2 0x1042a4329 0x1042a34a6 0x1042a3089 0x10423ab3e 0x1042a0d09 0x109a91e9e
  26.811 TIGER-SAMPLE pid 0xa30 n 0x63 thread 0x2b03 thread 0x2b03 state-kr 0x0 pc 0x10045dbdf leaf _ZN3IPC10Connection16readyReadHandlerEv+0x1f frames: 0x10045dbdf 0x10045e43e 0x10423ab3e 0x1042a0d09 0x109a91e9e
  26.811 TIGER-SAMPLE pid 0xa30 n 0x63 thread 0x2c03 thread 0x2c03 state-kr 0x0 pc 0x109a95e22 leaf __semwait_signal+0xa frames: 0x109a95e22 0x1042a12e5 0x1041d56a2 0x1042a4329 0x1042a34a6 0x1042a3089 0x10423ab3e 0x1042a0d09 0x109a91e9e
  26.820 TIGER-SAMPLE pid 0xa30 n 0x63 thread 0x2d03 thread 0x2d03 state-kr 0x0 pc 0x109a46712 leaf recvmsg+0xa frames: 0x109a46712 0x10045e43e 0x10423ab3e 0x1042a0d09 0x109a91e9e
  26.820 TIGER-SAMPLE pid 0xa30 n 0x63 thread 0x4103 thread 0x4103 state-kr 0x0 pc 0x109a95e22 leaf __semwait_signal+0xa frames: 0x109a95e22 0x1042a1327 0x1041d56a2 0x1041b2277 0x10423ab3e 0x1042a0d09 0x109a91e9e
  30.425 [com.apple.WebKit:Loading:4] 0x109c011a0 - [sessionID=1] WebProcess::networkProcessConnectionClosed: NetworkProcess closed its connection (Crashed)
