   0.354 TigerWK2App: loading https://www.theverge.com/
   0.442 TIGER-SAMPLE pid 0xcd7 n 0x0 main 0x117 thread 0x117 state-kr 0x0 pc 0x90009817 leaf mach_msg_trap+0x7 frames: 0x90009817 0x90c87648 0x90c81061 0x9328fad0 0x9328fa14 0x9328f922 0x9328f860 0x9328f35d 0x9328ef28 0x927f9881 0x927f96ab 0x915237c9 0x915236fa 0x915235c6 0x92e09084 0x9328d11d 0x9328cb37 0x932868c4 0x8af6 0x82f2 0x8219 0x5
   0.442 TIGER-SAMPLE pid 0xcd7 n 0x0 thread 0x1203 thread 0x1203 state-kr 0x0 pc 0x90009817 leaf mach_msg_trap+0x7 frames: 0x90009817 0x2ca6d8 0x90023d67
   0.442 TIGER-SAMPLE pid 0xcd7 n 0x0 thread 0x3207 thread 0x3207 state-kr 0x0 pc 0x90024407 leaf semaphore_wait_signal_trap+0x7 frames: 0x90024407 0x364de 0x90023d67
   0.442 TIGER-SAMPLE pid 0xcd7 n 0x0 thread 0x3403 thread 0x3403 state-kr 0x0 pc 0x90024407 leaf semaphore_wait_signal_trap+0x7 frames: 0x90024407 0x364de 0x90023d67
   0.512 Unknown logging channel: Loading
   0.513 Unknown logging channel: Layout
   0.515 [com.apple.WebKit:Process:4] getNetworkProcessConnection: Request connection for core identifier 3
   0.521 Unknown logging channel: Loading
   0.521 Unknown logging channel: Layout
   0.527 [com.apple.WebKit:Process:4] 0x109a011a0 - NetworkProcess::initializeNetworkProcess: Presenting processPID=3291
   0.528 [com.apple.WebKit:Process:4] 0x109a011a0 - NetworkProcess::createNetworkConnectionToWebProcess: Create connection for web process core identifier 3
   0.530 [com.apple.WebKit:Process:4] 0x109a129c0 - NetworkConnectionToWebProcess::NetworkConnectionToWebProcess: Create connection for web process core identifier 3
   0.530 [com.apple.WebKit:Process:4] 0x109a129c0 - NetworkConnectionToWebProcess::NetworkConnectionToWebProcess: Connection for web process core identifier 3 established service worker server connection
   0.530 [com.apple.WebKit:Process:4] 0x109a129c0 - NetworkConnectionToWebProcess::NetworkConnectionToWebProcess: Connection for web process core identifier 3 established shared worker connection
   0.530 [com.apple.WebKit:Process:4] 0x109a011a0 - NetworkProcess::createNetworkConnectionToWebProcess: Finished creating connection for web process core identifier 3, notifying the UI process
   0.544 [com.apple.WebKit:Process:4] 0x109a011a0 - NetworkProcess::createNetworkConnectionToWebProcess: Handed off connect for web process core identifier 3 to the UI process
   0.603 [com.apple.WebKit:Process:4] 0x109c011a0 - [sessionID=1] WebProcess::initializeWebProcess: Presenting processPID=3287
   0.604 [com.apple.WebKit:Loading:4] 0x10c024c00 - [webPageID=5] WebPage::constructor:
   0.609 [com.apple.WebKit:Loading:4] WebPreferencesStore: non-default preferences: UseGPUProcessForDOMRenderingEnabled=false, AcceleratedCompositingEnabled=false
   0.635 [com.apple.WebKit:Layout:4] [webFrameID=4294967297, webPageID=5] WebLocalFrameLoaderClient::completePageTransitionIfNeeded: dispatching didCompletePageTransition
   0.637 [com.apple.WebKit:Loading:4] [webPageID=5] WebPage::loadRequest: navigationID=11, shouldTreatAsContinuingLoad=0, lastNavigationWasAppInitiated=1, existingNetworkResourceLoadIdentifierToResume=0
   0.648 [com.apple.WebKit:Process:4] GPUProcessConnection::create(12)
   0.649 [com.apple.WebKit:Loading:4] [pageID=5, frameID=4294967297] PolicyChecker::checkNavigationPolicy: continuing because this policyAction from dispatchDecidePolicyForNavigationAction is Use
   0.653 [com.apple.WebKit:Loading:4] 0x109a129c0 - [webProcessIdentifier=3] NetworkConnectionToWebProcess::scheduleResourceLoad: (parentPID=3287, pageProxyID=4, webPageID=5, frameID=4294967297, resourceID=13, existingLoaderToResume=0)
   0.654 [com.apple.WebKit:Loading:4] 0x109a129c0 - [webProcessIdentifier=3] NetworkConnectionToWebProcess::scheduleResourceLoad: Deferring resource load until service worker registrations for origin are imported
   0.654 [com.apple.WebKit:Loading:4] 0x109a129c0 - [webProcessIdentifier=3] NetworkConnectionToWebProcess::scheduleResourceLoad: (parentPID=3287, pageProxyID=4, webPageID=5, frameID=4294967297, resourceID=13, existingLoaderToResume=0)
   0.654 [com.apple.WebKit:Loading:4] 0x109a129c0 - [webProcessIdentifier=3] NetworkConnectionToWebProcess::resolveBlobReferences: (parentPID=3287, pageProxyID=4, webPageID=5, frameID=4294967297, resourceID=13)
   0.687 TIGER-SAMPLE pid 0xcd7 n 0x1 main 0x117 thread 0x117 state-kr 0x0 pc 0x90374e6d leaf decode_data+0x3ec frames: 0x90374e6d 0x9037c6e2 0x9037c503 0x9037b196 0x90339b44 0x9033840d 0x948ca1dc 0x948c7f42 0x90336ac1 0x246197a 0x44367 0x43c51 0x43a7b 0x162cfa 0x1627d8 0x2ba886 0x4c7ab 0x144288 0x18ec60 0x18f86b 0x2b4424 0x2b4821 0x2b5068 0x2b9404 0x3126812 0x319401e 0x9082cf06 0x9082ca42 0x92e06878 0x92e05f82 0x92e05dd9 0x9328cf45 0x9328cb37 0x932868c4 0x8af6 0x82f2 0x8219 0x5
   0.687 TIGER-SAMPLE pid 0xcd7 n 0x1 thread 0x1203 thread 0x1203 state-kr 0x0 pc 0x90009817 leaf mach_msg_trap+0x7 frames: 0x90009817 0x2ca6d8 0x90023d67
   0.687 TIGER-SAMPLE pid 0xcd7 n 0x1 thread 0x3207 thread 0x3207 state-kr 0x0 pc 0x90024407 leaf semaphore_wait_signal_trap+0x7 frames: 0x90024407 0x364de 0x90023d67
   0.687 TIGER-SAMPLE pid 0xcd7 n 0x1 thread 0x3403 thread 0x3403 state-kr 0x0 pc 0x90024407 leaf semaphore_wait_signal_trap+0x7 frames: 0x90024407 0x364de 0x90023d67
   0.687 TIGER-SAMPLE pid 0xcd7 n 0x1 thread 0x5103 thread 0x5103 state-kr 0x0 pc 0x900bc3fc leaf poll+0xc frames: 0x900bc3fc 0x2cd134 0x313210b 0x319b321 0x90023d67
   0.687 TIGER-SAMPLE pid 0xcd7 n 0x1 thread 0x5203 thread 0x5203 state-kr 0x0 pc 0x90024407 leaf semaphore_wait_signal_trap+0x7 frames: 0x90024407 0x364de 0x90023d67
   0.687 TIGER-SAMPLE pid 0xcd7 n 0x1 thread 0x5403 thread 0x5403 state-kr 0x0 pc 0x900bc3fc leaf poll+0xc frames: 0x900bc3fc 0x2cd134 0x313210b 0x319b321 0x90023d67
   0.687 TIGER-SAMPLE pid 0xcd7 n 0x1 thread 0x5503 thread 0x5503 state-kr 0x0 pc 0x90024407 leaf semaphore_wait_signal_trap+0x7 frames: 0x90024407 0x364de 0x90023d67
   0.687 TIGER-SAMPLE pid 0xcd7 n 0x1 thread 0x5307 thread 0x5307 state-kr 0x0 pc 0x900bc3fc leaf poll+0xc frames: 0x900bc3fc 0x2cd134 0x313210b 0x319b321 0x90023d67
   0.768 TIGER-SAMPLE pid 0xcda n 0x0 main 0xd03 thread 0xd03 state-kr 0x0 pc 0x109a95e22 leaf __semwait_signal+0xa frames: 0x109a95e22 0x1042a0d27 0x1041d50a2 0x1042a3d29 0x1042a2ea6 0x1042a2a89 0x100045e88 0x10000170c 0x100001621 0x3
   0.768 TIGER-SAMPLE pid 0xcda n 0x0 thread 0xf03 thread 0xf03 state-kr 0x0 pc 0x109adfe4e leaf mach_msg_trap+0xa frames: 0x109adfe4e 0x10045bf12 0x109a91e9e
   0.768 TIGER-SAMPLE pid 0xcda n 0x0 thread 0x1103 thread 0x1103 state-kr 0x0 pc 0x109a95e22 leaf __semwait_signal+0xa frames: 0x109a95e22 0x1042a0ce5 0x1041d50a2 0x1042a3d29 0x1042a2ea6 0x1042a2a89 0x10423a53e 0x1042a0709 0x109a91e9e
   0.768 TIGER-SAMPLE pid 0xcda n 0x0 thread 0x2303 thread 0x2303 state-kr 0x0 pc 0x109a95e22 leaf __semwait_signal+0xa frames: 0x109a95e22 0x1042a0ce5 0x1041d50a2 0x1042a3d29 0x1042a2ea6 0x1042a2a89 0x10423a53e 0x1042a0709 0x109a91e9e
   0.768 TIGER-SAMPLE pid 0xcda n 0x0 thread 0x2403 thread 0x2403 state-kr 0x0 pc 0x109a95e22 leaf __semwait_signal+0xa frames: 0x109a95e22 0x1042a0ce5 0x1041d50a2 0x1042a3d29 0x1042a2ea6 0x1042a2a89 0x10423a53e 0x1042a0709 0x109a91e9e
   0.768 TIGER-SAMPLE pid 0xcda n 0x0 thread 0x2503 thread 0x2503 state-kr 0x0 pc 0x109a467e6 leaf poll+0xa frames: 0x109a467e6 0x10423a53e 0x1042a0709 0x109a91e9e
   0.768 TIGER-SAMPLE pid 0xcda n 0x0 thread 0x2603 thread 0x2603 state-kr 0x0 pc 0x109a95e22 leaf __semwait_signal+0xa frames: 0x109a95e22 0x1042a0ce5 0x1041d50a2 0x1042a3d29 0x1042a2ea6 0x1042a2a89 0x10423a53e 0x1042a0709 0x109a91e9e
   0.768 TIGER-SAMPLE pid 0xcda n 0x0 thread 0x2703 thread 0x2703 state-kr 0x0 pc 0x109a467e6 leaf poll+0xa frames: 0x109a467e6 0x10423a53e 0x1042a0709 0x109a91e9e
   0.768 TIGER-SAMPLE pid 0xcda n 0x0 thread 0x2807 thread 0x2807 state-kr 0x0 pc 0x109a95e22 leaf __semwait_signal+0xa frames: 0x109a95e22 0x1042a0ce5 0x1041d50a2 0x1042a3d29 0x1042a2ea6 0x1042a2a89 0x10423a53e 0x1042a0709 0x109a91e9e
   0.768 TIGER-SAMPLE pid 0xcda n 0x0 thread 0x2903 thread 0x2903 state-kr 0x0 pc 0x109a95e22 leaf __semwait_signal+0xa frames: 0x109a95e22 0x1042a0ce5 0x1041d50a2 0x1042a3d29 0x1042a2ea6 0x1042a2a89 0x10423a53e 0x1042a0709 0x109a91e9e
   0.768 TIGER-SAMPLE pid 0xcda n 0x0 thread 0x2a03 thread 0x2a03 state-kr 0x0 pc 0x109a95e22 leaf __semwait_signal+0xa frames: 0x109a95e22 0x1042a0ce5 0x1041d50a2 0x1042a3d29 0x1042a2ea6 0x1042a2a89 0x10423a53e 0x1042a0709 0x109a91e9e
   0.768 TIGER-SAMPLE pid 0xcda n 0x0 thread 0x2b03 thread 0x2b03 state-kr 0x0 pc 0x109a467e6 leaf poll+0xa frames: 0x109a467e6 0x10423a53e 0x1042a0709 0x109a91e9e
   0.768 TIGER-SAMPLE pid 0xcda n 0x0 thread 0x2c03 thread 0x2c03 state-kr 0x0 pc 0x109a95e22 leaf __semwait_signal+0xa frames: 0x109a95e22 0x1042a0ce5 0x1041d50a2 0x1042a3d29 0x1042a2ea6 0x1042a2a89 0x10423a53e 0x1042a0709 0x109a91e9e
   0.768 TIGER-SAMPLE pid 0xcda n 0x0 thread 0x2d03 thread 0x2d03 state-kr 0x0 pc 0x109a467e6 leaf poll+0xa frames: 0x109a467e6 0x10423a53e 0x1042a0709 0x109a91e9e
   0.770 TIGER-SAMPLE pid 0xcdb n 0x0 main 0xd03 thread 0xd03 state-kr 0x0 pc 0x109895e22 leaf __semwait_signal+0xa frames: 0x109895e22 0x10409d117 0x103fcdc62 0x1040a0249 0x10409f336 0x10409ef19 0x10004a86b 0x100001c4c 0x100001b61 0x3
   0.770 TIGER-SAMPLE pid 0xcdb n 0x0 thread 0xf03 thread 0xf03 state-kr 0x0 pc 0x1098dfe4e leaf mach_msg_trap+0xa frames: 0x1098dfe4e 0x100328002 0x109891e9e
   0.770 TIGER-SAMPLE pid 0xcdb n 0x0 thread 0x1103 thread 0x1103 state-kr 0x0 pc 0x109895e22 leaf __semwait_signal+0xa frames: 0x109895e22 0x10409d0d5 0x103fcdc62 0x1040a0249 0x10409f336 0x10409ef19 0x1040342fe 0x10409caf9 0x109891e9e
   0.770 TIGER-SAMPLE pid 0xcdb n 0x0 thread 0x2303 thread 0x2303 state-kr 0x0 pc 0x1098467e6 leaf poll+0xa frames: 0x1098467e6 0x1040342fe 0x10409caf9 0x109891e9e
   0.770 TIGER-SAMPLE pid 0xcdb n 0x0 thread 0x2407 thread 0x2407 state-kr 0x0 pc 0x109895e22 leaf __semwait_signal+0xa frames: 0x109895e22 0x10409d0d5 0x103fcdc62 0x1040a0249 0x10409f336 0x10409ef19 0x1040342fe 0x10409caf9 0x109891e9e
   0.770 TIGER-SAMPLE pid 0xcdb n 0x0 thread 0x2503 thread 0x2503 state-kr 0x0 pc 0x109895e22 leaf __semwait_signal+0xa frames: 0x109895e22 0x10409d0d5 0x103fcdc62 0x1040a0249 0x10409f336 0x10409ef19 0x1040342fe 0x10409caf9 0x109891e9e
   0.770 TIGER-SAMPLE pid 0xcdb n 0x0 thread 0x2603 thread 0x2603 state-kr 0x0 pc 0x109895e22 leaf __semwait_signal+0xa frames: 0x109895e22 0x10409d0d5 0x103fcdc62 0x1040a0249 0x10409f336 0x10409ef19 0x1040342fe 0x10409caf9 0x109891e9e
   0.770 TIGER-SAMPLE pid 0xcdb n 0x0 thread 0x2703 thread 0x2703 state-kr 0x0 pc 0x109895e22 leaf __semwait_signal+0xa frames: 0x109895e22 0x10409d0d5 0x103fcdc62 0x1040a0249 0x10409f336 0x10409ef19 0x1040342fe 0x10409caf9 0x109891e9e
   0.770 TIGER-SAMPLE pid 0xcdb n 0x0 thread 0x2903 thread 0x2903 state-kr 0x0 pc 0x109895e22 leaf __semwait_signal+0xa frames: 0x109895e22 0x10409d0d5 0x103fcdc62 0x1040a0249 0x10409f336 0x10409ef19 0x1040342fe 0x10409caf9 0x109891e9e
   0.770 TIGER-SAMPLE pid 0xcdb n 0x0 thread 0x2a03 thread 0x2a03 state-kr 0x0 pc 0x1098467e6 leaf poll+0xa frames: 0x1098467e6 0x1040342fe 0x10409caf9 0x109891e9e
   0.770 TIGER-SAMPLE pid 0xcdb n 0x0 thread 0x2b03 thread 0x2b03 state-kr 0x0 pc 0x1098467e6 leaf poll+0xa frames: 0x1098467e6 0x104388d27 0x104388eea 0x101f332a7 0x101f3f071 0x1040342fe 0x10409caf9 0x109891e9e
   0.876 [com.apple.WebKit:Loading:4] 0x109a129c0 - [webProcessIdentifier=3] NetworkConnectionToWebProcess::scheduleResourceLoad: (parentPID=3287, pageProxyID=4, webPageID=5, frameID=4294967297, resourceID=18, existingLoaderToResume=0)
   0.876 [com.apple.WebKit:Loading:4] 0x109a129c0 - [webProcessIdentifier=3] NetworkConnectionToWebProcess::resolveBlobReferences: (parentPID=3287, pageProxyID=4, webPageID=5, frameID=4294967297, resourceID=18)
   0.876 [com.apple.WebKit:Loading:4] 0x109a129c0 - [webProcessIdentifier=3] NetworkConnectionToWebProcess::scheduleResourceLoad: (parentPID=3287, pageProxyID=4, webPageID=5, frameID=4294967297, resourceID=19, existingLoaderToResume=0)
   0.876 [com.apple.WebKit:Loading:4] 0x109a129c0 - [webProcessIdentifier=3] NetworkConnectionToWebProcess::resolveBlobReferences: (parentPID=3287, pageProxyID=4, webPageID=5, frameID=4294967297, resourceID=19)
   0.877 [com.apple.WebKit:Loading:4] 0x109a129c0 - [webProcessIdentifier=3] NetworkConnectionToWebProcess::scheduleResourceLoad: (parentPID=3287, pageProxyID=4, webPageID=5, frameID=4294967297, resourceID=20, existingLoaderToResume=0)
   0.877 [com.apple.WebKit:Loading:4] 0x109a129c0 - [webProcessIdentifier=3] NetworkConnectionToWebProcess::resolveBlobReferences: (parentPID=3287, pageProxyID=4, webPageID=5, frameID=4294967297, resourceID=20)
   0.877 [com.apple.WebKit:Loading:4] 0x109a129c0 - [webProcessIdentifier=3] NetworkConnectionToWebProcess::scheduleResourceLoad: (parentPID=3287, pageProxyID=4, webPageID=5, frameID=4294967297, resourceID=21, existingLoaderToResume=0)
   0.877 [com.apple.WebKit:Loading:4] 0x109a129c0 - [webProcessIdentifier=3] NetworkConnectionToWebProcess::resolveBlobReferences: (parentPID=3287, pageProxyID=4, webPageID=5, frameID=4294967297, resourceID=21)
   0.878 [com.apple.WebKit:Loading:4] 0x109a129c0 - [webProcessIdentifier=3] NetworkConnectionToWebProcess::scheduleResourceLoad: (parentPID=3287, pageProxyID=4, webPageID=5, frameID=4294967297, resourceID=22, existingLoaderToResume=0)
   0.878 [com.apple.WebKit:Loading:4] 0x109a129c0 - [webProcessIdentifier=3] NetworkConnectionToWebProcess::resolveBlobReferences: (parentPID=3287, pageProxyID=4, webPageID=5, frameID=4294967297, resourceID=22)
   0.878 [com.apple.WebKit:Loading:4] 0x109a129c0 - [webProcessIdentifier=3] NetworkConnectionToWebProcess::scheduleResourceLoad: (parentPID=3287, pageProxyID=4, webPageID=5, frameID=4294967297, resourceID=23, existingLoaderToResume=0)
   0.878 [com.apple.WebKit:Loading:4] 0x109a129c0 - [webProcessIdentifier=3] NetworkConnectionToWebProcess::resolveBlobReferences: (parentPID=3287, pageProxyID=4, webPageID=5, frameID=4294967297, resourceID=23)
   0.880 [com.apple.WebKit:Loading:4] 0x109a129c0 - [webProcessIdentifier=3] NetworkConnectionToWebProcess::scheduleResourceLoad: (parentPID=3287, pageProxyID=4, webPageID=5, frameID=4294967297, resourceID=24, existingLoaderToResume=0)
   0.880 [com.apple.WebKit:Loading:4] 0x109a129c0 - [webProcessIdentifier=3] NetworkConnectionToWebProcess::resolveBlobReferences: (parentPID=3287, pageProxyID=4, webPageID=5, frameID=4294967297, resourceID=24)
   0.881 [com.apple.WebKit:Loading:4] 0x109a129c0 - [webProcessIdentifier=3] NetworkConnectionToWebProcess::scheduleResourceLoad: (parentPID=3287, pageProxyID=4, webPageID=5, frameID=4294967297, resourceID=25, existingLoaderToResume=0)
   0.881 [com.apple.WebKit:Loading:4] 0x109a129c0 - [webProcessIdentifier=3] NetworkConnectionToWebProcess::resolveBlobReferences: (parentPID=3287, pageProxyID=4, webPageID=5, frameID=4294967297, resourceID=25)
   0.881 [com.apple.WebKit:Loading:4] 0x109a129c0 - [webProcessIdentifier=3] NetworkConnectionToWebProcess::scheduleResourceLoad: (parentPID=3287, pageProxyID=4, webPageID=5, frameID=4294967297, resourceID=26, existingLoaderToResume=0)
   0.881 [com.apple.WebKit:Loading:4] 0x109a129c0 - [webProcessIdentifier=3] NetworkConnectionToWebProcess::resolveBlobReferences: (parentPID=3287, pageProxyID=4, webPageID=5, frameID=4294967297, resourceID=26)
   0.881 [com.apple.WebKit:Loading:4] 0x109a129c0 - [webProcessIdentifier=3] NetworkConnectionToWebProcess::scheduleResourceLoad: (parentPID=3287, pageProxyID=4, webPageID=5, frameID=4294967297, resourceID=27, existingLoaderToResume=0)
   0.882 [com.apple.WebKit:Loading:4] 0x109a129c0 - [webProcessIdentifier=3] NetworkConnectionToWebProcess::resolveBlobReferences: (parentPID=3287, pageProxyID=4, webPageID=5, frameID=4294967297, resourceID=27)
   0.882 [com.apple.WebKit:Loading:4] 0x109a129c0 - [webProcessIdentifier=3] NetworkConnectionToWebProcess::scheduleResourceLoad: (parentPID=3287, pageProxyID=4, webPageID=5, frameID=4294967297, resourceID=28, existingLoaderToResume=0)
   0.882 [com.apple.WebKit:Loading:4] 0x109a129c0 - [webProcessIdentifier=3] NetworkConnectionToWebProcess::resolveBlobReferences: (parentPID=3287, pageProxyID=4, webPageID=5, frameID=4294967297, resourceID=28)
   0.909 [com.apple.WebKit:Loading:4] 0x109a129c0 - [webProcessIdentifier=3] NetworkConnectionToWebProcess::scheduleResourceLoad: (parentPID=3287, pageProxyID=4, webPageID=5, frameID=4294967297, resourceID=30, existingLoaderToResume=0)
   0.909 [com.apple.WebKit:Loading:4] 0x109a129c0 - [webProcessIdentifier=3] NetworkConnectionToWebProcess::resolveBlobReferences: (parentPID=3287, pageProxyID=4, webPageID=5, frameID=4294967297, resourceID=30)
   0.909 [com.apple.WebKit:Loading:4] 0x109a129c0 - [webProcessIdentifier=3] NetworkConnectionToWebProcess::scheduleResourceLoad: (parentPID=3287, pageProxyID=4, webPageID=5, frameID=4294967297, resourceID=31, existingLoaderToResume=0)
   0.910 [com.apple.WebKit:Loading:4] 0x109a129c0 - [webProcessIdentifier=3] NetworkConnectionToWebProcess::resolveBlobReferences: (parentPID=3287, pageProxyID=4, webPageID=5, frameID=4294967297, resourceID=31)
   0.910 [com.apple.WebKit:Loading:4] 0x109a129c0 - [webProcessIdentifier=3] NetworkConnectionToWebProcess::scheduleResourceLoad: (parentPID=3287, pageProxyID=4, webPageID=5, frameID=4294967297, resourceID=32, existingLoaderToResume=0)
   0.910 [com.apple.WebKit:Loading:4] 0x109a129c0 - [webProcessIdentifier=3] NetworkConnectionToWebProcess::resolveBlobReferences: (parentPID=3287, pageProxyID=4, webPageID=5, frameID=4294967297, resourceID=32)
   0.911 [com.apple.WebKit:Loading:4] 0x109a129c0 - [webProcessIdentifier=3] NetworkConnectionToWebProcess::scheduleResourceLoad: (parentPID=3287, pageProxyID=4, webPageID=5, frameID=4294967297, resourceID=33, existingLoaderToResume=0)
   0.911 [com.apple.WebKit:Loading:4] 0x109a129c0 - [webProcessIdentifier=3] NetworkConnectionToWebProcess::resolveBlobReferences: (parentPID=3287, pageProxyID=4, webPageID=5, frameID=4294967297, resourceID=33)
   0.914 [com.apple.WebKit:Loading:4] 0x109a129c0 - [webProcessIdentifier=3] NetworkConnectionToWebProcess::scheduleResourceLoad: (parentPID=3287, pageProxyID=4, webPageID=5, frameID=4294967297, resourceID=34, existingLoaderToResume=0)
   0.914 [com.apple.WebKit:Loading:4] 0x109a129c0 - [webProcessIdentifier=3] NetworkConnectionToWebProcess::resolveBlobReferences: (parentPID=3287, pageProxyID=4, webPageID=5, frameID=4294967297, resourceID=34)
   0.915 [com.apple.WebKit:Loading:4] 0x109a129c0 - [webProcessIdentifier=3] NetworkConnectionToWebProcess::scheduleResourceLoad: (parentPID=3287, pageProxyID=4, webPageID=5, frameID=4294967297, resourceID=35, existingLoaderToResume=0)
   0.915 [com.apple.WebKit:Loading:4] 0x109a129c0 - [webProcessIdentifier=3] NetworkConnectionToWebProcess::resolveBlobReferences: (parentPID=3287, pageProxyID=4, webPageID=5, frameID=4294967297, resourceID=35)
   0.915 [com.apple.WebKit:Loading:4] 0x109a129c0 - [webProcessIdentifier=3] NetworkConnectionToWebProcess::scheduleResourceLoad: (parentPID=3287, pageProxyID=4, webPageID=5, frameID=4294967297, resourceID=36, existingLoaderToResume=0)
   0.915 [com.apple.WebKit:Loading:4] 0x109a129c0 - [webProcessIdentifier=3] NetworkConnectionToWebProcess::resolveBlobReferences: (parentPID=3287, pageProxyID=4, webPageID=5, frameID=4294967297, resourceID=36)
   0.916 [com.apple.WebKit:Loading:4] 0x109a129c0 - [webProcessIdentifier=3] NetworkConnectionToWebProcess::scheduleResourceLoad: (parentPID=3287, pageProxyID=4, webPageID=5, frameID=4294967297, resourceID=37, existingLoaderToResume=0)
   0.916 [com.apple.WebKit:Loading:4] 0x109a129c0 - [webProcessIdentifier=3] NetworkConnectionToWebProcess::resolveBlobReferences: (parentPID=3287, pageProxyID=4, webPageID=5, frameID=4294967297, resourceID=37)
   0.916 [com.apple.WebKit:Loading:4] 0x109a129c0 - [webProcessIdentifier=3] NetworkConnectionToWebProcess::scheduleResourceLoad: (parentPID=3287, pageProxyID=4, webPageID=5, frameID=4294967297, resourceID=38, existingLoaderToResume=0)
   0.916 [com.apple.WebKit:Loading:4] 0x109a129c0 - [webProcessIdentifier=3] NetworkConnectionToWebProcess::resolveBlobReferences: (parentPID=3287, pageProxyID=4, webPageID=5, frameID=4294967297, resourceID=38)
   0.916 [com.apple.WebKit:Loading:4] 0x109a129c0 - [webProcessIdentifier=3] NetworkConnectionToWebProcess::scheduleResourceLoad: (parentPID=3287, pageProxyID=4, webPageID=5, frameID=4294967297, resourceID=39, existingLoaderToResume=0)
   0.916 [com.apple.WebKit:Loading:4] 0x109a129c0 - [webProcessIdentifier=3] NetworkConnectionToWebProcess::resolveBlobReferences: (parentPID=3287, pageProxyID=4, webPageID=5, frameID=4294967297, resourceID=39)
   0.918 [com.apple.WebKit:Loading:4] 0x109a129c0 - [webProcessIdentifier=3] NetworkConnectionToWebProcess::scheduleResourceLoad: (parentPID=3287, pageProxyID=4, webPageID=5, frameID=4294967297, resourceID=40, existingLoaderToResume=0)
   0.919 [com.apple.WebKit:Loading:4] 0x109a129c0 - [webProcessIdentifier=3] NetworkConnectionToWebProcess::resolveBlobReferences: (parentPID=3287, pageProxyID=4, webPageID=5, frameID=4294967297, resourceID=40)
   0.924 [com.apple.WebKit:Loading:4] 0x109a129c0 - [webProcessIdentifier=3] NetworkConnectionToWebProcess::scheduleResourceLoad: (parentPID=3287, pageProxyID=4, webPageID=5, frameID=4294967297, resourceID=41, existingLoaderToResume=0)
   0.924 [com.apple.WebKit:Loading:4] 0x109a129c0 - [webProcessIdentifier=3] NetworkConnectionToWebProcess::resolveBlobReferences: (parentPID=3287, pageProxyID=4, webPageID=5, frameID=4294967297, resourceID=41)
   0.924 [com.apple.WebKit:Loading:4] 0x109a129c0 - [webProcessIdentifier=3] NetworkConnectionToWebProcess::scheduleResourceLoad: (parentPID=3287, pageProxyID=4, webPageID=5, frameID=4294967297, resourceID=42, existingLoaderToResume=0)
   0.924 [com.apple.WebKit:Loading:4] 0x109a129c0 - [webProcessIdentifier=3] NetworkConnectionToWebProcess::resolveBlobReferences: (parentPID=3287, pageProxyID=4, webPageID=5, frameID=4294967297, resourceID=42)
   0.925 [com.apple.WebKit:Loading:4] 0x109a129c0 - [webProcessIdentifier=3] NetworkConnectionToWebProcess::scheduleResourceLoad: (parentPID=3287, pageProxyID=4, webPageID=5, frameID=4294967297, resourceID=43, existingLoaderToResume=0)
   0.925 [com.apple.WebKit:Loading:4] 0x109a129c0 - [webProcessIdentifier=3] NetworkConnectionToWebProcess::resolveBlobReferences: (parentPID=3287, pageProxyID=4, webPageID=5, frameID=4294967297, resourceID=43)
   0.929 [com.apple.WebKit:Loading:4] 0x109a129c0 - [webProcessIdentifier=3] NetworkConnectionToWebProcess::scheduleResourceLoad: (parentPID=3287, pageProxyID=4, webPageID=5, frameID=4294967297, resourceID=44, existingLoaderToResume=0)
   0.929 [com.apple.WebKit:Loading:4] 0x109a129c0 - [webProcessIdentifier=3] NetworkConnectionToWebProcess::resolveBlobReferences: (parentPID=3287, pageProxyID=4, webPageID=5, frameID=4294967297, resourceID=44)
   0.932 [com.apple.WebKit:Loading:4] 0x109a129c0 - [webProcessIdentifier=3] NetworkConnectionToWebProcess::scheduleResourceLoad: (parentPID=3287, pageProxyID=4, webPageID=5, frameID=4294967297, resourceID=45, existingLoaderToResume=0)
   0.933 [com.apple.WebKit:Loading:4] 0x109a129c0 - [webProcessIdentifier=3] NetworkConnectionToWebProcess::resolveBlobReferences: (parentPID=3287, pageProxyID=4, webPageID=5, frameID=4294967297, resourceID=45)
   0.933 [com.apple.WebKit:Loading:4] 0x109a129c0 - [webProcessIdentifier=3] NetworkConnectionToWebProcess::scheduleResourceLoad: (parentPID=3287, pageProxyID=4, webPageID=5, frameID=4294967297, resourceID=46, existingLoaderToResume=0)
   0.933 [com.apple.WebKit:Loading:4] 0x109a129c0 - [webProcessIdentifier=3] NetworkConnectionToWebProcess::resolveBlobReferences: (parentPID=3287, pageProxyID=4, webPageID=5, frameID=4294967297, resourceID=46)
   0.938 TIGER-SAMPLE pid 0xcd7 n 0x2 main 0x117 thread 0x117 state-kr 0x0 pc 0x90009817 leaf mach_msg_trap+0x7 frames: 0x90009817 0x9082d227 0x9082ca42 0x92e06878 0x92e05f82 0x92e05dd9 0x9328cf45 0x9328cb37 0x932868c4 0x8af6 0x82f2 0x8219 0x5
   0.938 TIGER-SAMPLE pid 0xcd7 n 0x2 thread 0x1203 thread 0x1203 state-kr 0x0 pc 0x90009817 leaf mach_msg_trap+0x7 frames: 0x90009817 0x2ca6d8 0x90023d67
   0.938 TIGER-SAMPLE pid 0xcd7 n 0x2 thread 0x3207 thread 0x3207 state-kr 0x0 pc 0x90024407 leaf semaphore_wait_signal_trap+0x7 frames: 0x90024407 0x364de 0x90023d67
   0.938 TIGER-SAMPLE pid 0xcd7 n 0x2 thread 0x3403 thread 0x3403 state-kr 0x0 pc 0x90024407 leaf semaphore_wait_signal_trap+0x7 frames: 0x90024407 0x364de 0x90023d67
   0.938 TIGER-SAMPLE pid 0xcd7 n 0x2 thread 0x5103 thread 0x5103 state-kr 0x0 pc 0x900bc3fc leaf poll+0xc frames: 0x900bc3fc 0x2cd134 0x313210b 0x319b321 0x90023d67
   0.938 TIGER-SAMPLE pid 0xcd7 n 0x2 thread 0x5203 thread 0x5203 state-kr 0x0 pc 0x90024407 leaf semaphore_wait_signal_trap+0x7 frames: 0x90024407 0x364de 0x90023d67
   0.938 TIGER-SAMPLE pid 0xcd7 n 0x2 thread 0x5403 thread 0x5403 state-kr 0x0 pc 0x900bc3fc leaf poll+0xc frames: 0x900bc3fc 0x2cd134 0x313210b 0x319b321 0x90023d67
   0.938 TIGER-SAMPLE pid 0xcd7 n 0x2 thread 0x5503 thread 0x5503 state-kr 0x0 pc 0x90024407 leaf semaphore_wait_signal_trap+0x7 frames: 0x90024407 0x364de 0x90023d67
   0.938 TIGER-SAMPLE pid 0xcd7 n 0x2 thread 0x5307 thread 0x5307 state-kr 0x0 pc 0x900bc3fc leaf poll+0xc frames: 0x900bc3fc 0x2cd134 0x313210b 0x319b321 0x90023d67
   0.938 TIGER-SAMPLE pid 0xcd7 n 0x2 thread 0x5e07 thread 0x5e07 state-kr 0x0 pc 0x90024407 leaf semaphore_wait_signal_trap+0x7 frames: 0x90024407 0x915a96ab 0x915c3ddc 0x90023d67
   0.966 [com.apple.WebKit:Loading:4] 0x109a129c0 - [webProcessIdentifier=3] NetworkConnectionToWebProcess::scheduleResourceLoad: (parentPID=3287, pageProxyID=4, webPageID=5, frameID=4294967297, resourceID=47, existingLoaderToResume=0)
   0.966 [com.apple.WebKit:Loading:4] 0x109a129c0 - [webProcessIdentifier=3] NetworkConnectionToWebProcess::resolveBlobReferences: (parentPID=3287, pageProxyID=4, webPageID=5, frameID=4294967297, resourceID=47)
   0.966 [com.apple.WebKit:Loading:4] 0x109a129c0 - [webProcessIdentifier=3] NetworkConnectionToWebProcess::scheduleResourceLoad: (parentPID=3287, pageProxyID=4, webPageID=5, frameID=4294967297, resourceID=48, existingLoaderToResume=0)
   0.966 [com.apple.WebKit:Loading:4] 0x109a129c0 - [webProcessIdentifier=3] NetworkConnectionToWebProcess::resolveBlobReferences: (parentPID=3287, pageProxyID=4, webPageID=5, frameID=4294967297, resourceID=48)
   0.967 [com.apple.WebKit:Loading:4] 0x109a129c0 - [webProcessIdentifier=3] NetworkConnectionToWebProcess::scheduleResourceLoad: (parentPID=3287, pageProxyID=4, webPageID=5, frameID=4294967297, resourceID=49, existingLoaderToResume=0)
   0.967 [com.apple.WebKit:Loading:4] 0x109a129c0 - [webProcessIdentifier=3] NetworkConnectionToWebProcess::resolveBlobReferences: (parentPID=3287, pageProxyID=4, webPageID=5, frameID=4294967297, resourceID=49)
   0.968 [com.apple.WebKit:Loading:4] 0x109a129c0 - [webProcessIdentifier=3] NetworkConnectionToWebProcess::scheduleResourceLoad: (parentPID=3287, pageProxyID=4, webPageID=5, frameID=4294967297, resourceID=50, existingLoaderToResume=0)
   0.968 [com.apple.WebKit:Loading:4] 0x109a129c0 - [webProcessIdentifier=3] NetworkConnectionToWebProcess::resolveBlobReferences: (parentPID=3287, pageProxyID=4, webPageID=5, frameID=4294967297, resourceID=50)
   0.972 [com.apple.WebKit:Loading:4] 0x109a129c0 - [webProcessIdentifier=3] NetworkConnectionToWebProcess::scheduleResourceLoad: (parentPID=3287, pageProxyID=4, webPageID=5, frameID=4294967297, resourceID=51, existingLoaderToResume=0)
   0.972 [com.apple.WebKit:Loading:4] 0x109a129c0 - [webProcessIdentifier=3] NetworkConnectionToWebProcess::resolveBlobReferences: (parentPID=3287, pageProxyID=4, webPageID=5, frameID=4294967297, resourceID=51)
   0.973 [com.apple.WebKit:Loading:4] 0x109a129c0 - [webProcessIdentifier=3] NetworkConnectionToWebProcess::scheduleResourceLoad: (parentPID=3287, pageProxyID=4, webPageID=5, frameID=4294967297, resourceID=52, existingLoaderToResume=0)
   0.973 [com.apple.WebKit:Loading:4] 0x109a129c0 - [webProcessIdentifier=3] NetworkConnectionToWebProcess::resolveBlobReferences: (parentPID=3287, pageProxyID=4, webPageID=5, frameID=4294967297, resourceID=52)
   0.974 [com.apple.WebKit:Loading:4] 0x109a129c0 - [webProcessIdentifier=3] NetworkConnectionToWebProcess::scheduleResourceLoad: (parentPID=3287, pageProxyID=4, webPageID=5, frameID=4294967297, resourceID=53, existingLoaderToResume=0)
   0.974 [com.apple.WebKit:Loading:4] 0x109a129c0 - [webProcessIdentifier=3] NetworkConnectionToWebProcess::resolveBlobReferences: (parentPID=3287, pageProxyID=4, webPageID=5, frameID=4294967297, resourceID=53)
   0.974 [com.apple.WebKit:Loading:4] 0x109a129c0 - [webProcessIdentifier=3] NetworkConnectionToWebProcess::scheduleResourceLoad: (parentPID=3287, pageProxyID=4, webPageID=5, frameID=4294967297, resourceID=54, existingLoaderToResume=0)
   0.974 [com.apple.WebKit:Loading:4] 0x109a129c0 - [webProcessIdentifier=3] NetworkConnectionToWebProcess::resolveBlobReferences: (parentPID=3287, pageProxyID=4, webPageID=5, frameID=4294967297, resourceID=54)
   0.975 [com.apple.WebKit:Loading:4] 0x109a129c0 - [webProcessIdentifier=3] NetworkConnectionToWebProcess::scheduleResourceLoad: (parentPID=3287, pageProxyID=4, webPageID=5, frameID=4294967297, resourceID=55, existingLoaderToResume=0)
   0.975 [com.apple.WebKit:Loading:4] 0x109a129c0 - [webProcessIdentifier=3] NetworkConnectionToWebProcess::resolveBlobReferences: (parentPID=3287, pageProxyID=4, webPageID=5, frameID=4294967297, resourceID=55)
   0.975 [com.apple.WebKit:Loading:4] 0x109a129c0 - [webProcessIdentifier=3] NetworkConnectionToWebProcess::scheduleResourceLoad: (parentPID=3287, pageProxyID=4, webPageID=5, frameID=4294967297, resourceID=56, existingLoaderToResume=0)
   0.975 [com.apple.WebKit:Loading:4] 0x109a129c0 - [webProcessIdentifier=3] NetworkConnectionToWebProcess::resolveBlobReferences: (parentPID=3287, pageProxyID=4, webPageID=5, frameID=4294967297, resourceID=56)
   0.976 [com.apple.WebKit:Loading:4] 0x109a129c0 - [webProcessIdentifier=3] NetworkConnectionToWebProcess::scheduleResourceLoad: (parentPID=3287, pageProxyID=4, webPageID=5, frameID=4294967297, resourceID=57, existingLoaderToResume=0)
   0.976 [com.apple.WebKit:Loading:4] 0x109a129c0 - [webProcessIdentifier=3] NetworkConnectionToWebProcess::resolveBlobReferences: (parentPID=3287, pageProxyID=4, webPageID=5, frameID=4294967297, resourceID=57)
   0.980 [com.apple.WebKit:Loading:4] 0x109a129c0 - [webProcessIdentifier=3] NetworkConnectionToWebProcess::scheduleResourceLoad: (parentPID=3287, pageProxyID=4, webPageID=5, frameID=4294967297, resourceID=58, existingLoaderToResume=0)
   0.980 [com.apple.WebKit:Loading:4] 0x109a129c0 - [webProcessIdentifier=3] NetworkConnectionToWebProcess::resolveBlobReferences: (parentPID=3287, pageProxyID=4, webPageID=5, frameID=4294967297, resourceID=58)
   0.980 [com.apple.WebKit:Loading:4] 0x109a129c0 - [webProcessIdentifier=3] NetworkConnectionToWebProcess::scheduleResourceLoad: (parentPID=3287, pageProxyID=4, webPageID=5, frameID=4294967297, resourceID=59, existingLoaderToResume=0)
   0.981 [com.apple.WebKit:Loading:4] 0x109a129c0 - [webProcessIdentifier=3] NetworkConnectionToWebProcess::resolveBlobReferences: (parentPID=3287, pageProxyID=4, webPageID=5, frameID=4294967297, resourceID=59)
   0.981 [com.apple.WebKit:Loading:4] 0x109a129c0 - [webProcessIdentifier=3] NetworkConnectionToWebProcess::scheduleResourceLoad: (parentPID=3287, pageProxyID=4, webPageID=5, frameID=4294967297, resourceID=60, existingLoaderToResume=0)
   0.981 [com.apple.WebKit:Loading:4] 0x109a129c0 - [webProcessIdentifier=3] NetworkConnectionToWebProcess::resolveBlobReferences: (parentPID=3287, pageProxyID=4, webPageID=5, frameID=4294967297, resourceID=60)
   0.981 [com.apple.WebKit:Loading:4] 0x109a129c0 - [webProcessIdentifier=3] NetworkConnectionToWebProcess::scheduleResourceLoad: (parentPID=3287, pageProxyID=4, webPageID=5, frameID=4294967297, resourceID=61, existingLoaderToResume=0)
   0.981 [com.apple.WebKit:Loading:4] 0x109a129c0 - [webProcessIdentifier=3] NetworkConnectionToWebProcess::resolveBlobReferences: (parentPID=3287, pageProxyID=4, webPageID=5, frameID=4294967297, resourceID=61)
   0.981 [com.apple.WebKit:Loading:4] 0x109a129c0 - [webProcessIdentifier=3] NetworkConnectionToWebProcess::scheduleResourceLoad: (parentPID=3287, pageProxyID=4, webPageID=5, frameID=4294967297, resourceID=62, existingLoaderToResume=0)
   0.981 [com.apple.WebKit:Loading:4] 0x109a129c0 - [webProcessIdentifier=3] NetworkConnectionToWebProcess::resolveBlobReferences: (parentPID=3287, pageProxyID=4, webPageID=5, frameID=4294967297, resourceID=62)
   0.982 [com.apple.WebKit:Loading:4] 0x109a129c0 - [webProcessIdentifier=3] NetworkConnectionToWebProcess::scheduleResourceLoad: (parentPID=3287, pageProxyID=4, webPageID=5, frameID=4294967297, resourceID=63, existingLoaderToResume=0)
   0.982 [com.apple.WebKit:Loading:4] 0x109a129c0 - [webProcessIdentifier=3] NetworkConnectionToWebProcess::resolveBlobReferences: (parentPID=3287, pageProxyID=4, webPageID=5, frameID=4294967297, resourceID=63)
   0.982 [com.apple.WebKit:Loading:4] 0x109a129c0 - [webProcessIdentifier=3] NetworkConnectionToWebProcess::scheduleResourceLoad: (parentPID=3287, pageProxyID=4, webPageID=5, frameID=4294967297, resourceID=64, existingLoaderToResume=0)
   0.983 [com.apple.WebKit:Loading:4] 0x109a129c0 - [webProcessIdentifier=3] NetworkConnectionToWebProcess::resolveBlobReferences: (parentPID=3287, pageProxyID=4, webPageID=5, frameID=4294967297, resourceID=64)
   0.987 [com.apple.WebKit:Loading:4] 0x109a129c0 - [webProcessIdentifier=3] NetworkConnectionToWebProcess::scheduleResourceLoad: (parentPID=3287, pageProxyID=4, webPageID=5, frameID=4294967297, resourceID=65, existingLoaderToResume=0)
   0.987 [com.apple.WebKit:Loading:4] 0x109a129c0 - [webProcessIdentifier=3] NetworkConnectionToWebProcess::resolveBlobReferences: (parentPID=3287, pageProxyID=4, webPageID=5, frameID=4294967297, resourceID=65)
   0.987 [com.apple.WebKit:Loading:4] 0x109a129c0 - [webProcessIdentifier=3] NetworkConnectionToWebProcess::scheduleResourceLoad: (parentPID=3287, pageProxyID=4, webPageID=5, frameID=4294967297, resourceID=66, existingLoaderToResume=0)
   0.987 [com.apple.WebKit:Loading:4] 0x109a129c0 - [webProcessIdentifier=3] NetworkConnectionToWebProcess::resolveBlobReferences: (parentPID=3287, pageProxyID=4, webPageID=5, frameID=4294967297, resourceID=66)
   0.987 [com.apple.WebKit:Loading:4] 0x109a129c0 - [webProcessIdentifier=3] NetworkConnectionToWebProcess::scheduleResourceLoad: (parentPID=3287, pageProxyID=4, webPageID=5, frameID=4294967297, resourceID=67, existingLoaderToResume=0)
   0.987 [com.apple.WebKit:Loading:4] 0x109a129c0 - [webProcessIdentifier=3] NetworkConnectionToWebProcess::resolveBlobReferences: (parentPID=3287, pageProxyID=4, webPageID=5, frameID=4294967297, resourceID=67)
   0.989 [com.apple.WebKit:Loading:4] 0x109a129c0 - [webProcessIdentifier=3] NetworkConnectionToWebProcess::scheduleResourceLoad: (parentPID=3287, pageProxyID=4, webPageID=5, frameID=4294967297, resourceID=68, existingLoaderToResume=0)
   0.989 [com.apple.WebKit:Loading:4] 0x109a129c0 - [webProcessIdentifier=3] NetworkConnectionToWebProcess::resolveBlobReferences: (parentPID=3287, pageProxyID=4, webPageID=5, frameID=4294967297, resourceID=68)
   0.990 [com.apple.WebKit:Loading:4] 0x109a129c0 - [webProcessIdentifier=3] NetworkConnectionToWebProcess::scheduleResourceLoad: (parentPID=3287, pageProxyID=4, webPageID=5, frameID=4294967297, resourceID=69, existingLoaderToResume=0)
   0.990 [com.apple.WebKit:Loading:4] 0x109a129c0 - [webProcessIdentifier=3] NetworkConnectionToWebProcess::resolveBlobReferences: (parentPID=3287, pageProxyID=4, webPageID=5, frameID=4294967297, resourceID=69)
   0.990 [com.apple.WebKit:Loading:4] 0x109a129c0 - [webProcessIdentifier=3] NetworkConnectionToWebProcess::scheduleResourceLoad: (parentPID=3287, pageProxyID=4, webPageID=5, frameID=4294967297, resourceID=70, existingLoaderToResume=0)
   0.990 [com.apple.WebKit:Loading:4] 0x109a129c0 - [webProcessIdentifier=3] NetworkConnectionToWebProcess::resolveBlobReferences: (parentPID=3287, pageProxyID=4, webPageID=5, frameID=4294967297, resourceID=70)
   0.991 [com.apple.WebKit:Loading:4] 0x109a129c0 - [webProcessIdentifier=3] NetworkConnectionToWebProcess::scheduleResourceLoad: (parentPID=3287, pageProxyID=4, webPageID=5, frameID=4294967297, resourceID=71, existingLoaderToResume=0)
   0.991 [com.apple.WebKit:Loading:4] 0x109a129c0 - [webProcessIdentifier=3] NetworkConnectionToWebProcess::resolveBlobReferences: (parentPID=3287, pageProxyID=4, webPageID=5, frameID=4294967297, resourceID=71)
   0.991 [com.apple.WebKit:Loading:4] 0x109a129c0 - [webProcessIdentifier=3] NetworkConnectionToWebProcess::scheduleResourceLoad: (parentPID=3287, pageProxyID=4, webPageID=5, frameID=4294967297, resourceID=72, existingLoaderToResume=0)
   0.991 [com.apple.WebKit:Loading:4] 0x109a129c0 - [webProcessIdentifier=3] NetworkConnectionToWebProcess::resolveBlobReferences: (parentPID=3287, pageProxyID=4, webPageID=5, frameID=4294967297, resourceID=72)
   0.995 [com.apple.WebKit:Loading:4] 0x109a129c0 - [webProcessIdentifier=3] NetworkConnectionToWebProcess::scheduleResourceLoad: (parentPID=3287, pageProxyID=4, webPageID=5, frameID=4294967297, resourceID=73, existingLoaderToResume=0)
   0.995 [com.apple.WebKit:Loading:4] 0x109a129c0 - [webProcessIdentifier=3] NetworkConnectionToWebProcess::resolveBlobReferences: (parentPID=3287, pageProxyID=4, webPageID=5, frameID=4294967297, resourceID=73)
   0.995 [com.apple.WebKit:Loading:4] 0x109a129c0 - [webProcessIdentifier=3] NetworkConnectionToWebProcess::scheduleResourceLoad: (parentPID=3287, pageProxyID=4, webPageID=5, frameID=4294967297, resourceID=74, existingLoaderToResume=0)
   0.995 [com.apple.WebKit:Loading:4] 0x109a129c0 - [webProcessIdentifier=3] NetworkConnectionToWebProcess::resolveBlobReferences: (parentPID=3287, pageProxyID=4, webPageID=5, frameID=4294967297, resourceID=74)
   0.995 [com.apple.WebKit:Loading:4] 0x109a129c0 - [webProcessIdentifier=3] NetworkConnectionToWebProcess::scheduleResourceLoad: (parentPID=3287, pageProxyID=4, webPageID=5, frameID=4294967297, resourceID=75, existingLoaderToResume=0)
   0.995 [com.apple.WebKit:Loading:4] 0x109a129c0 - [webProcessIdentifier=3] NetworkConnectionToWebProcess::resolveBlobReferences: (parentPID=3287, pageProxyID=4, webPageID=5, frameID=4294967297, resourceID=75)
   0.995 [com.apple.WebKit:Loading:4] 0x109a129c0 - [webProcessIdentifier=3] NetworkConnectionToWebProcess::scheduleResourceLoad: (parentPID=3287, pageProxyID=4, webPageID=5, frameID=4294967297, resourceID=76, existingLoaderToResume=0)
   0.996 [com.apple.WebKit:Loading:4] 0x109a129c0 - [webProcessIdentifier=3] NetworkConnectionToWebProcess::resolveBlobReferences: (parentPID=3287, pageProxyID=4, webPageID=5, frameID=4294967297, resourceID=76)
   0.996 [com.apple.WebKit:Loading:4] 0x109a129c0 - [webProcessIdentifier=3] NetworkConnectionToWebProcess::scheduleResourceLoad: (parentPID=3287, pageProxyID=4, webPageID=5, frameID=4294967297, resourceID=77, existingLoaderToResume=0)
   0.996 [com.apple.WebKit:Loading:4] 0x109a129c0 - [webProcessIdentifier=3] NetworkConnectionToWebProcess::resolveBlobReferences: (parentPID=3287, pageProxyID=4, webPageID=5, frameID=4294967297, resourceID=77)
   0.999 [com.apple.WebKit:Loading:4] 0x109a129c0 - [webProcessIdentifier=3] NetworkConnectionToWebProcess::scheduleResourceLoad: (parentPID=3287, pageProxyID=4, webPageID=5, frameID=4294967297, resourceID=78, existingLoaderToResume=0)
   0.999 [com.apple.WebKit:Loading:4] 0x109a129c0 - [webProcessIdentifier=3] NetworkConnectionToWebProcess::resolveBlobReferences: (parentPID=3287, pageProxyID=4, webPageID=5, frameID=4294967297, resourceID=78)
   0.999 [com.apple.WebKit:Loading:4] 0x109a129c0 - [webProcessIdentifier=3] NetworkConnectionToWebProcess::scheduleResourceLoad: (parentPID=3287, pageProxyID=4, webPageID=5, frameID=4294967297, resourceID=79, existingLoaderToResume=0)
   0.999 [com.apple.WebKit:Loading:4] 0x109a129c0 - [webProcessIdentifier=3] NetworkConnectionToWebProcess::resolveBlobReferences: (parentPID=3287, pageProxyID=4, webPageID=5, frameID=4294967297, resourceID=79)
   1.001 [com.apple.WebKit:Loading:4] 0x109a129c0 - [webProcessIdentifier=3] NetworkConnectionToWebProcess::scheduleResourceLoad: (parentPID=3287, pageProxyID=4, webPageID=5, frameID=4294967297, resourceID=80, existingLoaderToResume=0)
   1.001 [com.apple.WebKit:Loading:4] 0x109a129c0 - [webProcessIdentifier=3] NetworkConnectionToWebProcess::resolveBlobReferences: (parentPID=3287, pageProxyID=4, webPageID=5, frameID=4294967297, resourceID=80)
   1.005 [com.apple.WebKit:Loading:4] 0x109a129c0 - [webProcessIdentifier=3] NetworkConnectionToWebProcess::scheduleResourceLoad: (parentPID=3287, pageProxyID=4, webPageID=5, frameID=4294967297, resourceID=81, existingLoaderToResume=0)
   1.005 [com.apple.WebKit:Loading:4] 0x109a129c0 - [webProcessIdentifier=3] NetworkConnectionToWebProcess::resolveBlobReferences: (parentPID=3287, pageProxyID=4, webPageID=5, frameID=4294967297, resourceID=81)
   1.006 [com.apple.WebKit:Loading:4] 0x109a129c0 - [webProcessIdentifier=3] NetworkConnectionToWebProcess::scheduleResourceLoad: (parentPID=3287, pageProxyID=4, webPageID=5, frameID=4294967297, resourceID=82, existingLoaderToResume=0)
   1.006 [com.apple.WebKit:Loading:4] 0x109a129c0 - [webProcessIdentifier=3] NetworkConnectionToWebProcess::resolveBlobReferences: (parentPID=3287, pageProxyID=4, webPageID=5, frameID=4294967297, resourceID=82)
   1.006 [com.apple.WebKit:Loading:4] 0x109a129c0 - [webProcessIdentifier=3] NetworkConnectionToWebProcess::scheduleResourceLoad: (parentPID=3287, pageProxyID=4, webPageID=5, frameID=4294967297, resourceID=83, existingLoaderToResume=0)
   1.007 [com.apple.WebKit:Loading:4] 0x109a129c0 - [webProcessIdentifier=3] NetworkConnectionToWebProcess::resolveBlobReferences: (parentPID=3287, pageProxyID=4, webPageID=5, frameID=4294967297, resourceID=83)
   1.008 [com.apple.WebKit:Loading:4] 0x109a129c0 - [webProcessIdentifier=3] NetworkConnectionToWebProcess::scheduleResourceLoad: (parentPID=3287, pageProxyID=4, webPageID=5, frameID=4294967297, resourceID=84, existingLoaderToResume=0)
   1.008 [com.apple.WebKit:Loading:4] 0x109a129c0 - [webProcessIdentifier=3] NetworkConnectionToWebProcess::resolveBlobReferences: (parentPID=3287, pageProxyID=4, webPageID=5, frameID=4294967297, resourceID=84)
   1.008 [com.apple.WebKit:Loading:4] 0x109a129c0 - [webProcessIdentifier=3] NetworkConnectionToWebProcess::scheduleResourceLoad: (parentPID=3287, pageProxyID=4, webPageID=5, frameID=4294967297, resourceID=85, existingLoaderToResume=0)
   1.008 [com.apple.WebKit:Loading:4] 0x109a129c0 - [webProcessIdentifier=3] NetworkConnectionToWebProcess::resolveBlobReferences: (parentPID=3287, pageProxyID=4, webPageID=5, frameID=4294967297, resourceID=85)
   1.015 [com.apple.WebKit:Loading:4] 0x109a129c0 - [webProcessIdentifier=3] NetworkConnectionToWebProcess::scheduleResourceLoad: (parentPID=3287, pageProxyID=4, webPageID=5, frameID=4294967297, resourceID=86, existingLoaderToResume=0)
   1.015 [com.apple.WebKit:Loading:4] 0x109a129c0 - [webProcessIdentifier=3] NetworkConnectionToWebProcess::resolveBlobReferences: (parentPID=3287, pageProxyID=4, webPageID=5, frameID=4294967297, resourceID=86)
   1.015 [com.apple.WebKit:Loading:4] 0x109a129c0 - [webProcessIdentifier=3] NetworkConnectionToWebProcess::scheduleResourceLoad: (parentPID=3287, pageProxyID=4, webPageID=5, frameID=4294967297, resourceID=87, existingLoaderToResume=0)
   1.015 [com.apple.WebKit:Loading:4] 0x109a129c0 - [webProcessIdentifier=3] NetworkConnectionToWebProcess::resolveBlobReferences: (parentPID=3287, pageProxyID=4, webPageID=5, frameID=4294967297, resourceID=87)
   1.015 [com.apple.WebKit:Loading:4] 0x109a129c0 - [webProcessIdentifier=3] NetworkConnectionToWebProcess::scheduleResourceLoad: (parentPID=3287, pageProxyID=4, webPageID=5, frameID=4294967297, resourceID=88, existingLoaderToResume=0)
   1.015 [com.apple.WebKit:Loading:4] 0x109a129c0 - [webProcessIdentifier=3] NetworkConnectionToWebProcess::resolveBlobReferences: (parentPID=3287, pageProxyID=4, webPageID=5, frameID=4294967297, resourceID=88)
   1.016 [com.apple.WebKit:Loading:4] 0x109a129c0 - [webProcessIdentifier=3] NetworkConnectionToWebProcess::scheduleResourceLoad: (parentPID=3287, pageProxyID=4, webPageID=5, frameID=4294967297, resourceID=89, existingLoaderToResume=0)
   1.016 [com.apple.WebKit:Loading:4] 0x109a129c0 - [webProcessIdentifier=3] NetworkConnectionToWebProcess::resolveBlobReferences: (parentPID=3287, pageProxyID=4, webPageID=5, frameID=4294967297, resourceID=89)
   1.016 [com.apple.WebKit:Loading:4] 0x109a129c0 - [webProcessIdentifier=3] NetworkConnectionToWebProcess::scheduleResourceLoad: (parentPID=3287, pageProxyID=4, webPageID=5, frameID=4294967297, resourceID=90, existingLoaderToResume=0)
   1.016 [com.apple.WebKit:Loading:4] 0x109a129c0 - [webProcessIdentifier=3] NetworkConnectionToWebProcess::resolveBlobReferences: (parentPID=3287, pageProxyID=4, webPageID=5, frameID=4294967297, resourceID=90)
   1.016 [com.apple.WebKit:Loading:4] 0x109a129c0 - [webProcessIdentifier=3] NetworkConnectionToWebProcess::scheduleResourceLoad: (parentPID=3287, pageProxyID=4, webPageID=5, frameID=4294967297, resourceID=91, existingLoaderToResume=0)
   1.017 [com.apple.WebKit:Loading:4] 0x109a129c0 - [webProcessIdentifier=3] NetworkConnectionToWebProcess::resolveBlobReferences: (parentPID=3287, pageProxyID=4, webPageID=5, frameID=4294967297, resourceID=91)
   1.017 [com.apple.WebKit:Loading:4] 0x109a129c0 - [webProcessIdentifier=3] NetworkConnectionToWebProcess::scheduleResourceLoad: (parentPID=3287, pageProxyID=4, webPageID=5, frameID=4294967297, resourceID=92, existingLoaderToResume=0)
   1.017 [com.apple.WebKit:Loading:4] 0x109a129c0 - [webProcessIdentifier=3] NetworkConnectionToWebProcess::resolveBlobReferences: (parentPID=3287, pageProxyID=4, webPageID=5, frameID=4294967297, resourceID=92)
   1.021 TIGER-SAMPLE pid 0xcda n 0x1 main 0xd03 thread 0xd03 state-kr 0x0 pc 0x101d40abeTIGER-SAMPLE pid 0xcdb n 0x1 main 0xd03 thread 0xd03 state-kr 0x0 pc 0x7fffffe0026d frames: 0x7fffffe0026d 0x100315e17 0x1000319b2 0x1000cf66d 0x1000ceb52 0x1000e6b21 0x1001d204b 0x1001dcc97 0x1001e09ff 0x103fd4d88 0x10409ef06 0x10004a86b 0x100001c4c 0x100001b61 0x3
   1.021 TIGER-SAMPLE pid 0xcdb n 0x1 thread 0xf03 thread 0xf03 state-kr 0x0 pc 0x1098dfe4e leaf mach_msg_trap+0xa frames: 0x1098dfe4e 0x100328002 0x109891e9e
   1.021 TIGER-SAMPLE pid 0xcdb n 0x1 thread 0x1103 thread 0x1103 state-kr 0x0 pc 0x109895e22 leaf __semwait_signal+0xa frames: 0x109895e22 0x10409d0d5 0x103fcdc62 0x1040a0249 0x10409f336 0x10409ef19 0x1040342fe 0x10409caf9 0x109891e9e
   1.021 TIGER-SAMPLE pid 0xcdb n 0x1 thread 0x2303 thread 0x2303 state-kr 0x0 pc 0x1098467e6 leaf poll+0xa frames: 0x1098467e6 0x1040342fe 0x10409caf9 0x109891e9e
   1.021 TIGER-SAMPLE pid 0xcdb n 0x1 thread 0x2407 thread 0x2407 state-kr 0x0 pc 0x109895e22 leaf __semwait_signal+0xa frames: 0x109895e22 0x10409d0d5 0x103fcdc62 0x1040a0249 0x10409f336 0x10409ef19 0x1040342fe 0x10409caf9 0x109891e9e
   1.021 TIGER-SAMPLE pid 0xcdb n 0x1 thread 0x2503 thread 0x2503 state-kr 0x0 pc 0x109895e22 leaf __semwait_signal+0xa frames: 0x109895e22 0x10409d0d5 0x103fcdc62 0x1040a0249 0x10409f336 0x10409ef19 0x1040342fe 0x10409caf9 0x109891e9e
   1.021 TIGER-SAMPLE pid 0xcdb n 0x1 thread 0x2603 thread 0x2603 state-kr 0x0 pc 0x109895e22 leaf __semwait_signal+0xa frames: 0x109895e22 0x10409d0d5 0x103fcdc62 0x1040a0249 0x10409f336 0x10409ef19 0x1040342fe 0x10409caf9 0x109891e9e
   1.021 TIGER-SAMPLE pid 0xcdb n 0x1 thread 0x2703 thread 0x2703 state-kr 0x0 pc 0x1098dfef6 leaf syscall_thread_switch+0xa frames: 0x1098dfef6 0x1040a02a5 0x10409f336 0x10409ef19 0x1040342fe 0x10409caf9 0x109891e9e
   1.021  leaf _ZNK7WebCore14SecurityOrigin20isSameSchemeHostPortERKS0_+0x4e frames: 0x101d40abe 0x101be9bdc 0x101be9837TIGER-SAMPLE pid  0xcdb n 0x101bbf114 0x101bbf2bf 0x100195c860x1 thread  0x29030x101bd6d77 0x101be68f5 thread  0x29030x101bedc7c state-kr  0x00x101b9061f pc  0x7fffffe002960x101b91fcb  frames:0x10195f905  0x7fffffe002960x101961bc7  0x103fd4d330x101631edd  0x10409ef060x101aa806c  0x1040342fe0x101a94361  0x10409caf90x101a94308  0x109891e9e0x101a9c04a
   1.022  0x101a9bc03 0x101a9b292 0x101a9cdb8 0x1016561af 0x101b577ee 0x101b34c0f 0x100263adc 0x101b3bf84 0x101bddb19 0x101bdd7b9 TIGER-SAMPLE pid 0x101bc42c1 0x1001a00d1 0x1001b352f 0x10019443b0xcdb 0x1001b2e22 0x100433f93 n  0x1 thread0x1004342cf  0x2a030x100434707 0x1041dc1a8 0x1042a2a76 0x100045e88 0x10000170c thread 0x2a03 state-kr 0x0 pc 0x1098467e6 0x100001621
   1.022 TIGER-SAMPLE pid 0xcda n 0x1 thread 0xf03 leaf poll thread 0xf03+0xa frames: 0x1098467e6 0x1040342fe 0x10409caf9 0x109891e9e state-kr 
   1.022 0x0 pc 0x109adfe4eTIGER-SAMPLE pid 0xcdb n 0x1 thread 0x2b03 thread 0x2b03 state-kr 0x0 pc 0x1098467e6 leaf mach_msg_trap+0xa frames: 0x109adfe4e 0x10045bf12 0x109a91e9e
   1.022 TIGER-SAMPLE pid 0xcda n  leaf poll+0xa frames:0x1 thread 0x1103 thread 0x1103 state-kr 0x0 pc 0x109a95e22 leaf __semwait_signal+0xa frames: 0x109a95e22 0x1042a0ce5  0x1041d50a20x1098467e6  0x104388d27 0x1042a3d290x104388eea  0x1042a2ea60x101f332a7  0x1042a2a890x101f3f071  0x10423a53e0x1040342fe  0x1042a07090x10409caf9  0x109a91e9e0x109891e9e
   1.022 
   1.022 TIGER-SAMPLE pid 0xcda n 0x1 thread 0x2303 thread 0x2303 state-kr 0x0 pc 0x109a95e22 leaf __semwait_signal+0xa frames: 0x109a95e22 0x1042a0ce5 0x1041d50a2 0x1042a3d29 0x1042a2ea6 0x1042a2a89 0x10423a53e 0x1042a0709 0x109a91e9e
   1.023 TIGER-SAMPLE pid 0xcda n 0x1 thread 0x2403 thread 0x2403 state-kr 0x0 pc 0x109a95e22 leaf __semwait_signal+0xa frames: 0x109a95e22 0x1042a0ce5 0x1041d50a2 0x1042a3d29 0x1042a2ea6 0x1042a2a89 0x10423a53e 0x1042a0709 0x109a91e9e
   1.023 TIGER-SAMPLE pid 0xcda n 0x1 thread 0x2503 thread 0x2503 state-kr 0x0 pc 0x109a467e6 leaf poll+0xa frames: 0x109a467e6 0x10423a53e 0x1042a0709 0x109a91e9e
   1.023 TIGER-SAMPLE pid 0xcda n 0x1 thread 0x2603 thread 0x2603 state-kr 0x0 pc 0x109a95e22 leaf __semwait_signal+0xa frames: 0x109a95e22 0x1042a0ce5 0x1041d50a2 0x1042a3d29 0x1042a2ea6 0x1042a2a89 0x10423a53e 0x1042a0709 0x109a91e9e
   1.024 TIGER-SAMPLE pid 0xcda n 0x1 thread 0x2703 thread 0x2703 state-kr 0x0 pc 0x109a467e6 leaf poll+0xa frames: 0x109a467e6 0x10423a53e 0x1042a0709 0x109a91e9e
   1.024 TIGER-SAMPLE pid 0xcda n 0x1 thread 0x2807 thread 0x2807 state-kr 0x0 pc 0x109a95e22 leaf __semwait_signal+0xa frames: 0x109a95e22 0x1042a0ce5 0x1041d50a2 0x1042a3d29 0x1042a2ea6 0x1042a2a89 0x10423a53e 0x1042a0709 0x109a91e9e
   1.024 TIGER-SAMPLE pid 0xcda n 0x1 thread 0x2903 thread 0x2903 state-kr 0x0 pc 0x109a95e22 leaf __semwait_signal+0xa frames: 0x109a95e22 0x1042a0ce5 0x1041d50a2 0x1042a3d29 0x1042a2ea6 0x1042a2a89 0x10423a53e 0x1042a0709 0x109a91e9e
   1.024 TIGER-SAMPLE pid 0xcda n 0x1 thread 0x2a03 thread 0x2a03 state-kr 0x0 pc 0x109a95e22 leaf __semwait_signal+0xa frames: 0x109a95e22 0x1042a0ce5 0x1041d50a2 0x1042a3d29 0x1042a2ea6 0x1042a2a89 0x10423a53e 0x1042a0709 0x109a91e9e
   1.024 TIGER-SAMPLE pid 0xcda n 0x1 thread 0x2b03 thread 0x2b03 state-kr 0x0 pc 0x109a467e6 leaf poll+0xa frames: 0x109a467e6 0x10423a53e 0x1042a0709 0x109a91e9e
   1.024 TIGER-SAMPLE pid 0xcda n 0x1 thread 0x2c03 thread 0x2c03 state-kr 0x0 pc 0x109a95e22 leaf __semwait_signal+0xa frames: 0x109a95e22 0x1042a0ce5 0x1041d50a2 0x1042a3d29 0x1042a2ea6 0x1042a2a89 0x10423a53e 0x1042a0709 0x109a91e9e
   1.024 TIGER-SAMPLE pid 0xcda n 0x1 thread 0x2d03 thread 0x2d03 state-kr 0x0 pc 0x109a467e6 leaf poll+0xa frames: 0x109a467e6 0x10423a53e 0x1042a0709 0x109a91e9e
   1.026 [com.apple.WebKit:Loading:4] 0x109a129c0 - [webProcessIdentifier=3] NetworkConnectionToWebProcess::scheduleResourceLoad: (parentPID=3287, pageProxyID=4, webPageID=5, frameID=4294967297, resourceID=93, existingLoaderToResume=0)
   1.026 [com.apple.WebKit:Loading:4] 0x109a129c0 - [webProcessIdentifier=3] NetworkConnectionToWebProcess::resolveBlobReferences: (parentPID=3287, pageProxyID=4, webPageID=5, frameID=4294967297, resourceID=93)
   1.026 [com.apple.WebKit:Loading:4] 0x109a129c0 - [webProcessIdentifier=3] NetworkConnectionToWebProcess::scheduleResourceLoad: (parentPID=3287, pageProxyID=4, webPageID=5, frameID=4294967297, resourceID=94, existingLoaderToResume=0)
   1.026 [com.apple.WebKit:Loading:4] 0x109a129c0 - [webProcessIdentifier=3] NetworkConnectionToWebProcess::resolveBlobReferences: (parentPID=3287, pageProxyID=4, webPageID=5, frameID=4294967297, resourceID=94)
   1.026 [com.apple.WebKit:Loading:4] 0x109a129c0 - [webProcessIdentifier=3] NetworkConnectionToWebProcess::scheduleResourceLoad: (parentPID=3287, pageProxyID=4, webPageID=5, frameID=4294967297, resourceID=95, existingLoaderToResume=0)
   1.027 [com.apple.WebKit:Loading:4] 0x109a129c0 - [webProcessIdentifier=3] NetworkConnectionToWebProcess::resolveBlobReferences: (parentPID=3287, pageProxyID=4, webPageID=5, frameID=4294967297, resourceID=95)
   1.027 [com.apple.WebKit:Loading:4] 0x109a129c0 - [webProcessIdentifier=3] NetworkConnectionToWebProcess::scheduleResourceLoad: (parentPID=3287, pageProxyID=4, webPageID=5, frameID=4294967297, resourceID=96, existingLoaderToResume=0)
   1.027 [com.apple.WebKit:Loading:4] 0x109a129c0 - [webProcessIdentifier=3] NetworkConnectionToWebProcess::resolveBlobReferences: (parentPID=3287, pageProxyID=4, webPageID=5, frameID=4294967297, resourceID=96)
   1.028 [com.apple.WebKit:Loading:4] 0x109a129c0 - [webProcessIdentifier=3] NetworkConnectionToWebProcess::scheduleResourceLoad: (parentPID=3287, pageProxyID=4, webPageID=5, frameID=4294967297, resourceID=97, existingLoaderToResume=0)
   1.028 [com.apple.WebKit:Loading:4] 0x109a129c0 - [webProcessIdentifier=3] NetworkConnectionToWebProcess::resolveBlobReferences: (parentPID=3287, pageProxyID=4, webPageID=5, frameID=4294967297, resourceID=97)
   1.028 [com.apple.WebKit:Loading:4] 0x109a129c0 - [webProcessIdentifier=3] NetworkConnectionToWebProcess::scheduleResourceLoad: (parentPID=3287, pageProxyID=4, webPageID=5, frameID=4294967297, resourceID=98, existingLoaderToResume=0)
   1.028 [com.apple.WebKit:Loading:4] 0x109a129c0 - [webProcessIdentifier=3] NetworkConnectionToWebProcess::resolveBlobReferences: (parentPID=3287, pageProxyID=4, webPageID=5, frameID=4294967297, resourceID=98)
   1.029 [com.apple.WebKit:Loading:4] 0x109a129c0 - [webProcessIdentifier=3] NetworkConnectionToWebProcess::scheduleResourceLoad: (parentPID=3287, pageProxyID=4, webPageID=5, frameID=4294967297, resourceID=99, existingLoaderToResume=0)
   1.029 [com.apple.WebKit:Loading:4] 0x109a129c0 - [webProcessIdentifier=3] NetworkConnectionToWebProcess::resolveBlobReferences: (parentPID=3287, pageProxyID=4, webPageID=5, frameID=4294967297, resourceID=99)
   1.029 [com.apple.WebKit:Loading:4] 0x109a129c0 - [webProcessIdentifier=3] NetworkConnectionToWebProcess::scheduleResourceLoad: (parentPID=3287, pageProxyID=4, webPageID=5, frameID=4294967297, resourceID=100, existingLoaderToResume=0)
   1.029 [com.apple.WebKit:Loading:4] 0x109a129c0 - [webProcessIdentifier=3] NetworkConnectionToWebProcess::resolveBlobReferences: (parentPID=3287, pageProxyID=4, webPageID=5, frameID=4294967297, resourceID=100)
   1.043 [com.apple.WebKit:Loading:4] 0x109a129c0 - [webProcessIdentifier=3] NetworkConnectionToWebProcess::scheduleResourceLoad: (parentPID=3287, pageProxyID=4, webPageID=5, frameID=4294967297, resourceID=101, existingLoaderToResume=0)
   1.043 [com.apple.WebKit:Loading:4] 0x109a129c0 - [webProcessIdentifier=3] NetworkConnectionToWebProcess::resolveBlobReferences: (parentPID=3287, pageProxyID=4, webPageID=5, frameID=4294967297, resourceID=101)
   1.043 [com.apple.WebKit:Loading:4] 0x109a129c0 - [webProcessIdentifier=3] NetworkConnectionToWebProcess::scheduleResourceLoad: (parentPID=3287, pageProxyID=4, webPageID=5, frameID=4294967297, resourceID=102, existingLoaderToResume=0)
   1.043 [com.apple.WebKit:Loading:4] 0x109a129c0 - [webProcessIdentifier=3] NetworkConnectionToWebProcess::resolveBlobReferences: (parentPID=3287, pageProxyID=4, webPageID=5, frameID=4294967297, resourceID=102)
   1.052 [com.apple.WebKit:Loading:4] 0x109a129c0 - [webProcessIdentifier=3] NetworkConnectionToWebProcess::scheduleResourceLoad: (parentPID=3287, pageProxyID=4, webPageID=5, frameID=4294967297, resourceID=103, existingLoaderToResume=0)
   1.052 [com.apple.WebKit:Loading:4] 0x109a129c0 - [webProcessIdentifier=3] NetworkConnectionToWebProcess::resolveBlobReferences: (parentPID=3287, pageProxyID=4, webPageID=5, frameID=4294967297, resourceID=103)
   1.053 [com.apple.WebKit:Loading:4] 0x109a129c0 - [webProcessIdentifier=3] NetworkConnectionToWebProcess::scheduleResourceLoad: (parentPID=3287, pageProxyID=4, webPageID=5, frameID=4294967297, resourceID=104, existingLoaderToResume=0)
   1.053 [com.apple.WebKit:Loading:4] 0x109a129c0 - [webProcessIdentifier=3] NetworkConnectionToWebProcess::resolveBlobReferences: (parentPID=3287, pageProxyID=4, webPageID=5, frameID=4294967297, resourceID=104)
   1.053 [com.apple.WebKit:Loading:4] 0x109a129c0 - [webProcessIdentifier=3] NetworkConnectionToWebProcess::scheduleResourceLoad: (parentPID=3287, pageProxyID=4, webPageID=5, frameID=4294967297, resourceID=105, existingLoaderToResume=0)
   1.053 [com.apple.WebKit:Loading:4] 0x109a129c0 - [webProcessIdentifier=3] NetworkConnectionToWebProcess::resolveBlobReferences: (parentPID=3287, pageProxyID=4, webPageID=5, frameID=4294967297, resourceID=105)
   1.053 [com.apple.WebKit:Loading:4] 0x109a129c0 - [webProcessIdentifier=3] NetworkConnectionToWebProcess::scheduleResourceLoad: (parentPID=3287, pageProxyID=4, webPageID=5, frameID=4294967297, resourceID=106, existingLoaderToResume=0)
   1.053 [com.apple.WebKit:Loading:4] 0x109a129c0 - [webProcessIdentifier=3] NetworkConnectionToWebProcess::resolveBlobReferences: (parentPID=3287, pageProxyID=4, webPageID=5, frameID=4294967297, resourceID=106)
   1.054 [com.apple.WebKit:Loading:4] 0x109a129c0 - [webProcessIdentifier=3] NetworkConnectionToWebProcess::scheduleResourceLoad: (parentPID=3287, pageProxyID=4, webPageID=5, frameID=4294967297, resourceID=107, existingLoaderToResume=0)
   1.054 [com.apple.WebKit:Loading:4] 0x109a129c0 - [webProcessIdentifier=3] NetworkConnectionToWebProcess::resolveBlobReferences: (parentPID=3287, pageProxyID=4, webPageID=5, frameID=4294967297, resourceID=107)
   1.054 [com.apple.WebKit:Loading:4] 0x109a129c0 - [webProcessIdentifier=3] NetworkConnectionToWebProcess::scheduleResourceLoad: (parentPID=3287, pageProxyID=4, webPageID=5, frameID=4294967297, resourceID=108, existingLoaderToResume=0)
   1.054 [com.apple.WebKit:Loading:4] 0x109a129c0 - [webProcessIdentifier=3] NetworkConnectionToWebProcess::resolveBlobReferences: (parentPID=3287, pageProxyID=4, webPageID=5, frameID=4294967297, resourceID=108)
   1.054 [com.apple.WebKit:Loading:4] 0x109a129c0 - [webProcessIdentifier=3] NetworkConnectionToWebProcess::scheduleResourceLoad: (parentPID=3287, pageProxyID=4, webPageID=5, frameID=4294967297, resourceID=109, existingLoaderToResume=0)
   1.054 [com.apple.WebKit:Loading:4] 0x109a129c0 - [webProcessIdentifier=3] NetworkConnectionToWebProcess::resolveBlobReferences: (parentPID=3287, pageProxyID=4, webPageID=5, frameID=4294967297, resourceID=109)
   1.054 [com.apple.WebKit:Loading:4] 0x109a129c0 - [webProcessIdentifier=3] NetworkConnectionToWebProcess::scheduleResourceLoad: (parentPID=3287, pageProxyID=4, webPageID=5, frameID=4294967297, resourceID=110, existingLoaderToResume=0)
   1.054 [com.apple.WebKit:Loading:4] 0x109a129c0 - [webProcessIdentifier=3] NetworkConnectionToWebProcess::resolveBlobReferences: (parentPID=3287, pageProxyID=4, webPageID=5, frameID=4294967297, resourceID=110)
   1.055 [com.apple.WebKit:Loading:4] 0x109a129c0 - [webProcessIdentifier=3] NetworkConnectionToWebProcess::scheduleResourceLoad: (parentPID=3287, pageProxyID=4, webPageID=5, frameID=4294967297, resourceID=111, existingLoaderToResume=0)
   1.055 [com.apple.WebKit:Loading:4] 0x109a129c0 - [webProcessIdentifier=3] NetworkConnectionToWebProcess::resolveBlobReferences: (parentPID=3287, pageProxyID=4, webPageID=5, frameID=4294967297, resourceID=111)
   1.055 [com.apple.WebKit:Loading:4] 0x109a129c0 - [webProcessIdentifier=3] NetworkConnectionToWebProcess::scheduleResourceLoad: (parentPID=3287, pageProxyID=4, webPageID=5, frameID=4294967297, resourceID=112, existingLoaderToResume=0)
   1.055 [com.apple.WebKit:Loading:4] 0x109a129c0 - [webProcessIdentifier=3] NetworkConnectionToWebProcess::resolveBlobReferences: (parentPID=3287, pageProxyID=4, webPageID=5, frameID=4294967297, resourceID=112)
   1.055 [com.apple.WebKit:Loading:4] 0x109a129c0 - [webProcessIdentifier=3] NetworkConnectionToWebProcess::scheduleResourceLoad: (parentPID=3287, pageProxyID=4, webPageID=5, frameID=4294967297, resourceID=113, existingLoaderToResume=0)
   1.055 [com.apple.WebKit:Loading:4] 0x109a129c0 - [webProcessIdentifier=3] NetworkConnectionToWebProcess::resolveBlobReferences: (parentPID=3287, pageProxyID=4, webPageID=5, frameID=4294967297, resourceID=113)
   1.056 [com.apple.WebKit:Loading:4] 0x109a129c0 - [webProcessIdentifier=3] NetworkConnectionToWebProcess::scheduleResourceLoad: (parentPID=3287, pageProxyID=4, webPageID=5, frameID=4294967297, resourceID=114, existingLoaderToResume=0)
   1.056 [com.apple.WebKit:Loading:4] 0x109a129c0 - [webProcessIdentifier=3] NetworkConnectionToWebProcess::resolveBlobReferences: (parentPID=3287, pageProxyID=4, webPageID=5, frameID=4294967297, resourceID=114)
   1.056 [com.apple.WebKit:Loading:4] 0x109a129c0 - [webProcessIdentifier=3] NetworkConnectionToWebProcess::scheduleResourceLoad: (parentPID=3287, pageProxyID=4, webPageID=5, frameID=4294967297, resourceID=115, existingLoaderToResume=0)
   1.056 [com.apple.WebKit:Loading:4] 0x109a129c0 - [webProcessIdentifier=3] NetworkConnectionToWebProcess::resolveBlobReferences: (parentPID=3287, pageProxyID=4, webPageID=5, frameID=4294967297, resourceID=115)
   1.056 [com.apple.WebKit:Loading:4] 0x109a129c0 - [webProcessIdentifier=3] NetworkConnectionToWebProcess::scheduleResourceLoad: (parentPID=3287, pageProxyID=4, webPageID=5, frameID=4294967297, resourceID=116, existingLoaderToResume=0)
   1.056 [com.apple.WebKit:Loading:4] 0x109a129c0 - [webProcessIdentifier=3] NetworkConnectionToWebProcess::resolveBlobReferences: (parentPID=3287, pageProxyID=4, webPageID=5, frameID=4294967297, resourceID=116)
   1.056 [com.apple.WebKit:Loading:4] 0x109a129c0 - [webProcessIdentifier=3] NetworkConnectionToWebProcess::scheduleResourceLoad: (parentPID=3287, pageProxyID=4, webPageID=5, frameID=4294967297, resourceID=117, existingLoaderToResume=0)
   1.057 [com.apple.WebKit:Loading:4] 0x109a129c0 - [webProcessIdentifier=3] NetworkConnectionToWebProcess::resolveBlobReferences: (parentPID=3287, pageProxyID=4, webPageID=5, frameID=4294967297, resourceID=117)
   1.058 [com.apple.WebKit:Loading:4] 0x109a129c0 - [webProcessIdentifier=3] NetworkConnectionToWebProcess::scheduleResourceLoad: (parentPID=3287, pageProxyID=4, webPageID=5, frameID=4294967297, resourceID=118, existingLoaderToResume=0)
   1.058 [com.apple.WebKit:Loading:4] 0x109a129c0 - [webProcessIdentifier=3] NetworkConnectionToWebProcess::resolveBlobReferences: (parentPID=3287, pageProxyID=4, webPageID=5, frameID=4294967297, resourceID=118)
   1.058 [com.apple.WebKit:Loading:4] 0x109a129c0 - [webProcessIdentifier=3] NetworkConnectionToWebProcess::scheduleResourceLoad: (parentPID=3287, pageProxyID=4, webPageID=5, frameID=4294967297, resourceID=119, existingLoaderToResume=0)
   1.058 [com.apple.WebKit:Loading:4] 0x109a129c0 - [webProcessIdentifier=3] NetworkConnectionToWebProcess::resolveBlobReferences: (parentPID=3287, pageProxyID=4, webPageID=5, frameID=4294967297, resourceID=119)
   1.059 [com.apple.WebKit:Loading:4] 0x109a129c0 - [webProcessIdentifier=3] NetworkConnectionToWebProcess::scheduleResourceLoad: (parentPID=3287, pageProxyID=4, webPageID=5, frameID=4294967297, resourceID=120, existingLoaderToResume=0)
   1.059 [com.apple.WebKit:Loading:4] 0x109a129c0 - [webProcessIdentifier=3] NetworkConnectionToWebProcess::resolveBlobReferences: (parentPID=3287, pageProxyID=4, webPageID=5, frameID=4294967297, resourceID=120)
   1.059 [com.apple.WebKit:Loading:4] 0x109a129c0 - [webProcessIdentifier=3] NetworkConnectionToWebProcess::scheduleResourceLoad: (parentPID=3287, pageProxyID=4, webPageID=5, frameID=4294967297, resourceID=121, existingLoaderToResume=0)
   1.059 [com.apple.WebKit:Loading:4] 0x109a129c0 - [webProcessIdentifier=3] NetworkConnectionToWebProcess::resolveBlobReferences: (parentPID=3287, pageProxyID=4, webPageID=5, frameID=4294967297, resourceID=121)
   1.059 [com.apple.WebKit:Loading:4] 0x109a129c0 - [webProcessIdentifier=3] NetworkConnectionToWebProcess::scheduleResourceLoad: (parentPID=3287, pageProxyID=4, webPageID=5, frameID=4294967297, resourceID=122, existingLoaderToResume=0)
   1.059 [com.apple.WebKit:Loading:4] 0x109a129c0 - [webProcessIdentifier=3] NetworkConnectionToWebProcess::resolveBlobReferences: (parentPID=3287, pageProxyID=4, webPageID=5, frameID=4294967297, resourceID=122)
   1.060 [com.apple.WebKit:Loading:4] 0x109a129c0 - [webProcessIdentifier=3] NetworkConnectionToWebProcess::scheduleResourceLoad: (parentPID=3287, pageProxyID=4, webPageID=5, frameID=4294967297, resourceID=123, existingLoaderToResume=0)
   1.060 [com.apple.WebKit:Loading:4] 0x109a129c0 - [webProcessIdentifier=3] NetworkConnectionToWebProcess::resolveBlobReferences: (parentPID=3287, pageProxyID=4, webPageID=5, frameID=4294967297, resourceID=123)
   1.060 [com.apple.WebKit:Loading:4] 0x109a129c0 - [webProcessIdentifier=3] NetworkConnectionToWebProcess::scheduleResourceLoad: (parentPID=3287, pageProxyID=4, webPageID=5, frameID=4294967297, resourceID=124, existingLoaderToResume=0)
   1.060 [com.apple.WebKit:Loading:4] 0x109a129c0 - [webProcessIdentifier=3] NetworkConnectionToWebProcess::resolveBlobReferences: (parentPID=3287, pageProxyID=4, webPageID=5, frameID=4294967297, resourceID=124)
   1.118 [com.apple.WebKit:Loading:4] 0x109a129c0 - [webProcessIdentifier=3] NetworkConnectionToWebProcess::scheduleResourceLoad: (parentPID=3287, pageProxyID=4, webPageID=5, frameID=4294967297, resourceID=125, existingLoaderToResume=0)
   1.118 [com.apple.WebKit:Loading:4] 0x109a129c0 - [webProcessIdentifier=3] NetworkConnectionToWebProcess::resolveBlobReferences: (parentPID=3287, pageProxyID=4, webPageID=5, frameID=4294967297, resourceID=125)
   1.141 [com.apple.WebKit:Loading:4] 0x109a129c0 - [webProcessIdentifier=3] NetworkConnectionToWebProcess::scheduleResourceLoad: (parentPID=3287, pageProxyID=4, webPageID=5, frameID=4294967297, resourceID=126, existingLoaderToResume=0)
   1.141 [com.apple.WebKit:Loading:4] 0x109a129c0 - [webProcessIdentifier=3] NetworkConnectionToWebProcess::resolveBlobReferences: (parentPID=3287, pageProxyID=4, webPageID=5, frameID=4294967297, resourceID=126)
   1.141 [com.apple.WebKit:Loading:4] 0x109a129c0 - [webProcessIdentifier=3] NetworkConnectionToWebProcess::scheduleResourceLoad: (parentPID=3287, pageProxyID=4, webPageID=5, frameID=4294967297, resourceID=127, existingLoaderToResume=0)
   1.141 [com.apple.WebKit:Loading:4] 0x109a129c0 - [webProcessIdentifier=3] NetworkConnectionToWebProcess::resolveBlobReferences: (parentPID=3287, pageProxyID=4, webPageID=5, frameID=4294967297, resourceID=127)
   1.141 [com.apple.WebKit:Loading:4] 0x109a129c0 - [webProcessIdentifier=3] NetworkConnectionToWebProcess::scheduleResourceLoad: (parentPID=3287, pageProxyID=4, webPageID=5, frameID=4294967297, resourceID=128, existingLoaderToResume=0)
   1.145 [com.apple.WebKit:Loading:4] 0x109a129c0 - [webProcessIdentifier=3] NetworkConnectionToWebProcess::resolveBlobReferences: (parentPID=3287, pageProxyID=4, webPageID=5, frameID=4294967297, resourceID=128)
   1.145 [com.apple.WebKit:Loading:4] 0x109a129c0 - [webProcessIdentifier=3] NetworkConnectionToWebProcess::scheduleResourceLoad: (parentPID=3287, pageProxyID=4, webPageID=5, frameID=4294967297, resourceID=129, existingLoaderToResume=0)
   1.145 [com.apple.WebKit:Loading:4] 0x109a129c0 - [webProcessIdentifier=3] NetworkConnectionToWebProcess::resolveBlobReferences: (parentPID=3287, pageProxyID=4, webPageID=5, frameID=4294967297, resourceID=129)
   1.145 [com.apple.WebKit:Loading:4] 0x109a129c0 - [webProcessIdentifier=3] NetworkConnectionToWebProcess::scheduleResourceLoad: (parentPID=3287, pageProxyID=4, webPageID=5, frameID=4294967297, resourceID=130, existingLoaderToResume=0)
   1.145 [com.apple.WebKit:Loading:4] 0x109a129c0 - [webProcessIdentifier=3] NetworkConnectionToWebProcess::resolveBlobReferences: (parentPID=3287, pageProxyID=4, webPageID=5, frameID=4294967297, resourceID=130)
   1.146 [com.apple.WebKit:Loading:4] 0x109a129c0 - [webProcessIdentifier=3] NetworkConnectionToWebProcess::scheduleResourceLoad: (parentPID=3287, pageProxyID=4, webPageID=5, frameID=4294967297, resourceID=131, existingLoaderToResume=0)
   1.146 [com.apple.WebKit:Loading:4] 0x109a129c0 - [webProcessIdentifier=3] NetworkConnectionToWebProcess::resolveBlobReferences: (parentPID=3287, pageProxyID=4, webPageID=5, frameID=4294967297, resourceID=131)
   1.146 [com.apple.WebKit:Loading:4] 0x109a129c0 - [webProcessIdentifier=3] NetworkConnectionToWebProcess::scheduleResourceLoad: (parentPID=3287, pageProxyID=4, webPageID=5, frameID=4294967297, resourceID=132, existingLoaderToResume=0)
   1.147 [com.apple.WebKit:Loading:4] 0x109a129c0 - [webProcessIdentifier=3] NetworkConnectionToWebProcess::resolveBlobReferences: (parentPID=3287, pageProxyID=4, webPageID=5, frameID=4294967297, resourceID=132)
   1.147 [com.apple.WebKit:Loading:4] 0x109a129c0 - [webProcessIdentifier=3] NetworkConnectionToWebProcess::scheduleResourceLoad: (parentPID=3287, pageProxyID=4, webPageID=5, frameID=4294967297, resourceID=133, existingLoaderToResume=0)
   1.147 [com.apple.WebKit:Loading:4] 0x109a129c0 - [webProcessIdentifier=3] NetworkConnectionToWebProcess::resolveBlobReferences: (parentPID=3287, pageProxyID=4, webPageID=5, frameID=4294967297, resourceID=133)
   1.147 [com.apple.WebKit:Loading:4] 0x109a129c0 - [webProcessIdentifier=3] NetworkConnectionToWebProcess::scheduleResourceLoad: (parentPID=3287, pageProxyID=4, webPageID=5, frameID=4294967297, resourceID=134, existingLoaderToResume=0)
   1.147 [com.apple.WebKit:Loading:4] 0x109a129c0 - [webProcessIdentifier=3] NetworkConnectionToWebProcess::resolveBlobReferences: (parentPID=3287, pageProxyID=4, webPageID=5, frameID=4294967297, resourceID=134)
   1.148 [com.apple.WebKit:Loading:4] 0x109a129c0 - [webProcessIdentifier=3] NetworkConnectionToWebProcess::scheduleResourceLoad: (parentPID=3287, pageProxyID=4, webPageID=5, frameID=4294967297, resourceID=135, existingLoaderToResume=0)
   1.148 [com.apple.WebKit:Loading:4] 0x109a129c0 - [webProcessIdentifier=3] NetworkConnectionToWebProcess::resolveBlobReferences: (parentPID=3287, pageProxyID=4, webPageID=5, frameID=4294967297, resourceID=135)
   1.148 [com.apple.WebKit:Loading:4] 0x109a129c0 - [webProcessIdentifier=3] NetworkConnectionToWebProcess::scheduleResourceLoad: (parentPID=3287, pageProxyID=4, webPageID=5, frameID=4294967297, resourceID=136, existingLoaderToResume=0)
   1.148 [com.apple.WebKit:Loading:4] 0x109a129c0 - [webProcessIdentifier=3] NetworkConnectionToWebProcess::resolveBlobReferences: (parentPID=3287, pageProxyID=4, webPageID=5, frameID=4294967297, resourceID=136)
   1.148 [com.apple.WebKit:Loading:4] 0x109a129c0 - [webProcessIdentifier=3] NetworkConnectionToWebProcess::scheduleResourceLoad: (parentPID=3287, pageProxyID=4, webPageID=5, frameID=4294967297, resourceID=137, existingLoaderToResume=0)
   1.148 [com.apple.WebKit:Loading:4] 0x109a129c0 - [webProcessIdentifier=3] NetworkConnectionToWebProcess::resolveBlobReferences: (parentPID=3287, pageProxyID=4, webPageID=5, frameID=4294967297, resourceID=137)
   1.148 [com.apple.WebKit:Loading:4] 0x109a129c0 - [webProcessIdentifier=3] NetworkConnectionToWebProcess::scheduleResourceLoad: (parentPID=3287, pageProxyID=4, webPageID=5, frameID=4294967297, resourceID=138, existingLoaderToResume=0)
   1.148 [com.apple.WebKit:Loading:4] 0x109a129c0 - [webProcessIdentifier=3] NetworkConnectionToWebProcess::resolveBlobReferences: (parentPID=3287, pageProxyID=4, webPageID=5, frameID=4294967297, resourceID=138)
   1.149 [com.apple.WebKit:Loading:4] 0x109a129c0 - [webProcessIdentifier=3] NetworkConnectionToWebProcess::scheduleResourceLoad: (parentPID=3287, pageProxyID=4, webPageID=5, frameID=4294967297, resourceID=139, existingLoaderToResume=0)
   1.149 [com.apple.WebKit:Loading:4] 0x109a129c0 - [webProcessIdentifier=3] NetworkConnectionToWebProcess::resolveBlobReferences: (parentPID=3287, pageProxyID=4, webPageID=5, frameID=4294967297, resourceID=139)
   1.149 [com.apple.WebKit:Loading:4] 0x109a129c0 - [webProcessIdentifier=3] NetworkConnectionToWebProcess::scheduleResourceLoad: (parentPID=3287, pageProxyID=4, webPageID=5, frameID=4294967297, resourceID=140, existingLoaderToResume=0)
   1.149 [com.apple.WebKit:Loading:4] 0x109a129c0 - [webProcessIdentifier=3] NetworkConnectionToWebProcess::resolveBlobReferences: (parentPID=3287, pageProxyID=4, webPageID=5, frameID=4294967297, resourceID=140)
   1.149 [com.apple.WebKit:Loading:4] 0x109a129c0 - [webProcessIdentifier=3] NetworkConnectionToWebProcess::scheduleResourceLoad: (parentPID=3287, pageProxyID=4, webPageID=5, frameID=4294967297, resourceID=141, existingLoaderToResume=0)
   1.149 [com.apple.WebKit:Loading:4] 0x109a129c0 - [webProcessIdentifier=3] NetworkConnectionToWebProcess::resolveBlobReferences: (parentPID=3287, pageProxyID=4, webPageID=5, frameID=4294967297, resourceID=141)
   1.149 [com.apple.WebKit:Loading:4] 0x109a129c0 - [webProcessIdentifier=3] NetworkConnectionToWebProcess::scheduleResourceLoad: (parentPID=3287, pageProxyID=4, webPageID=5, frameID=4294967297, resourceID=142, existingLoaderToResume=0)
   1.149 [com.apple.WebKit:Loading:4] 0x109a129c0 - [webProcessIdentifier=3] NetworkConnectionToWebProcess::resolveBlobReferences: (parentPID=3287, pageProxyID=4, webPageID=5, frameID=4294967297, resourceID=142)
   1.150 [com.apple.WebKit:Loading:4] 0x109a129c0 - [webProcessIdentifier=3] NetworkConnectionToWebProcess::scheduleResourceLoad: (parentPID=3287, pageProxyID=4, webPageID=5, frameID=4294967297, resourceID=143, existingLoaderToResume=0)
   1.150 [com.apple.WebKit:Loading:4] 0x109a129c0 - [webProcessIdentifier=3] NetworkConnectionToWebProcess::resolveBlobReferences: (parentPID=3287, pageProxyID=4, webPageID=5, frameID=4294967297, resourceID=143)
   1.150 [com.apple.WebKit:Loading:4] 0x109a129c0 - [webProcessIdentifier=3] NetworkConnectionToWebProcess::scheduleResourceLoad: (parentPID=3287, pageProxyID=4, webPageID=5, frameID=4294967297, resourceID=144, existingLoaderToResume=0)
   1.150 [com.apple.WebKit:Loading:4] 0x109a129c0 - [webProcessIdentifier=3] NetworkConnectionToWebProcess::resolveBlobReferences: (parentPID=3287, pageProxyID=4, webPageID=5, frameID=4294967297, resourceID=144)
   1.150 [com.apple.WebKit:Loading:4] 0x109a129c0 - [webProcessIdentifier=3] NetworkConnectionToWebProcess::scheduleResourceLoad: (parentPID=3287, pageProxyID=4, webPageID=5, frameID=4294967297, resourceID=145, existingLoaderToResume=0)
   1.150 [com.apple.WebKit:Loading:4] 0x109a129c0 - [webProcessIdentifier=3] NetworkConnectionToWebProcess::resolveBlobReferences: (parentPID=3287, pageProxyID=4, webPageID=5, frameID=4294967297, resourceID=145)
   1.150 [com.apple.WebKit:Loading:4] 0x109a129c0 - [webProcessIdentifier=3] NetworkConnectionToWebProcess::scheduleResourceLoad: (parentPID=3287, pageProxyID=4, webPageID=5, frameID=4294967297, resourceID=146, existingLoaderToResume=0)
   1.150 [com.apple.WebKit:Loading:4] 0x109a129c0 - [webProcessIdentifier=3] NetworkConnectionToWebProcess::resolveBlobReferences: (parentPID=3287, pageProxyID=4, webPageID=5, frameID=4294967297, resourceID=146)
   1.151 [com.apple.WebKit:Loading:4] 0x109a129c0 - [webProcessIdentifier=3] NetworkConnectionToWebProcess::scheduleResourceLoad: (parentPID=3287, pageProxyID=4, webPageID=5, frameID=4294967297, resourceID=147, existingLoaderToResume=0)
   1.151 [com.apple.WebKit:Loading:4] 0x109a129c0 - [webProcessIdentifier=3] NetworkConnectionToWebProcess::resolveBlobReferences: (parentPID=3287, pageProxyID=4, webPageID=5, frameID=4294967297, resourceID=147)
   1.188 TIGER-SAMPLE pid 0xcd7 n 0x3 main 0x117 thread 0x117 state-kr 0x0 pc 0x90009817 leaf mach_msg_trap+0x7 frames: 0x90009817 0x9082d227 0x9082ca42 0x92e06878 0x92e05f82 0x92e05dd9 0x9328cf45 0x9328cb37 0x932868c4 0x8af6 0x82f2 0x8219 0x5
   1.188 TIGER-SAMPLE pid 0xcd7 n 0x3 thread 0x1203 thread 0x1203 state-kr 0x0 pc 0x90009817 leaf mach_msg_trap+0x7 frames: 0x90009817 0x2ca6d8 0x90023d67
   1.189 TIGER-SAMPLE pid 0xcd7 n 0x3 thread 0x3207 thread 0x3207 state-kr 0x0 pc 0x90024407 leaf semaphore_wait_signal_trap+0x7 frames: 0x90024407 0x364de 0x90023d67
   1.189 TIGER-SAMPLE pid 0xcd7 n 0x3 thread 0x3403 thread 0x3403 state-kr 0x0 pc 0x90024407 leaf semaphore_wait_signal_trap+0x7 frames: 0x90024407 0x364de 0x90023d67
   1.189 TIGER-SAMPLE pid 0xcd7 n 0x3 thread 0x5103 thread 0x5103 state-kr 0x0 pc 0x900bc3fc leaf poll+0xc frames: 0x900bc3fc 0x2cd134 0x313210b 0x319b321 0x90023d67
   1.190 TIGER-SAMPLE pid 0xcd7 n 0x3 thread 0x5203 thread 0x5203 state-kr 0x0 pc 0x90024407 leaf semaphore_wait_signal_trap+0x7 frames: 0x90024407 0x364de 0x90023d67
   1.191 TIGER-SAMPLE pid 0xcd7 n 0x3 thread 0x5403 thread 0x5403 state-kr 0x0 pc 0x900bc3fc leaf poll+0xc frames: 0x900bc3fc 0x2cd134 0x313210b 0x319b321 0x90023d67
   1.191 TIGER-SAMPLE pid 0xcd7 n 0x3 thread 0x5503 thread 0x5503 state-kr 0x0 pc 0x90024407 leaf semaphore_wait_signal_trap+0x7 frames: 0x90024407 0x364de 0x90023d67
   1.191 TIGER-SAMPLE pid 0xcd7 n 0x3 thread 0x5307 thread 0x5307 state-kr 0x0 pc 0x900bc3fc leaf poll+0xc frames: 0x900bc3fc 0x2cd134 0x313210b 0x319b321 0x90023d67
   1.191 TIGER-SAMPLE pid 0xcd7 n 0x3 thread 0x5e07 thread 0x5e07 state-kr 0x0 pc 0x90024407 leaf semaphore_wait_signal_trap+0x7 frames: 0x90024407 0x915a96ab 0x915c3ddc 0x90023d67
   1.272 TIGER-SAMPLE pid 0xcdb n 0x2 main 0xd03 thread 0xd03 state-kr 0x0 pc 0x109895e22 leaf __semwait_signal+0xa frames: 0x109895e22 0x10409d117 0x103fcdc62 0x1040a0249 0x10409f336 0x10409ef19 0x10004a86b 0x100001c4c 0x100001b61 0x3
   1.273 TIGER-SAMPLE pid 0xcdb n 0x2 thread 0xf03 thread 0xf03 state-kr 0x0 pc 0x1098dfe4e leaf mach_msg_trap+0xa frames: 0x1098dfe4e 0x100328002 0x109891e9e
   1.273 TIGER-SAMPLE pid 0xcdb n 0x2 thread 0x1103 thread 0x1103 state-kr 0x0 pc 0x109895e22 leaf __semwait_signal+0xa frames: 0x109895e22 0x10409d0d5 0x103fcdc62 0x1040a0249 0x10409f336 0x10409ef19 0x1040342fe 0x10409caf9 0x109891e9e
   1.273 TIGER-SAMPLE pid 0xcdb n 0x2 thread 0x2303 thread 0x2303 state-kr 0x0 pc 0x1098467e6 leaf poll+0xa frames: 0x1098467e6 0x1040342fe 0x10409caf9 0x109891e9e
   1.273 TIGER-SAMPLE pid 0xcdb n 0x2 thread 0x2407 thread 0x2407 state-kr 0x0 pc 0x109895e22 leaf __semwait_signal+0xa frames: 0x109895e22 0x10409d0d5 0x103fcdc62 0x1040a0249 0x10409f336 0x10409ef19 0x1040342fe 0x10409caf9 0x109891e9e
   1.273 TIGER-SAMPLE pid 0xcdb n 0x2 thread 0x2503 thread 0x2503 state-kr 0x0 pc 0x7fffffe00673 frames: 0x7fffffe00673 0x103fd579a 0x103fd5756 0x1001d477d 0x1001cc63c 0x1001e07ad 0x1001f175d 0x103fd4d88 0x10409ef06 0x1040342fe 0x10409caf9 0x109891e9e
   1.274 TIGER-SAMPLE pid 0xcdb n 0x2 thread 0x2603 thread 0x2603 state-kr 0x0 pc 0x109895e22 leaf __semwait_signal+0xa frames: 0x109895e22 0x10409d0d5 0x103fcdc62 0x1040a0249 0x10409f336 0x10409ef19 0x1040342fe 0x10409caf9 0x109891e9e
   1.274 TIGER-SAMPLE pid 0xcdb n 0x2 thread 0x2703 thread 0x2703 state-kr 0x0 pc 0x109895e22 leaf __semwait_signalTIGER-SAMPLE pid 0xcda+0xa frames: 0x109895e22 0x10409d0d5 0x103fcdc62 0x1040a0249 0x10409f336 0x10409ef19 0x1040342fe 0x10409caf9 0x109891e9e
   1.274 TIGER-SAMPLE pid 0xcdb n 0x2 thread n  0x29030x2 main thread 0x2903 state-kr 0x0 pc 0x109895e22 0xd03 thread 0xd03 state-kr 0x0 pc 0x101ad00c0 leaf __semwait_signal+0xa frames: 0x109895e22 0x10409d0d5 0x103fcdc62 0x1040a0249 0x10409f336 0x10409ef19 0x1040342fe 0x10409caf9 0x109891e9e
   1.274 TIGER-SAMPLE pid 0xcdb n 0x2 thread 0x2a03 thread 0x2a03 state-kr 0x0 pc 0x1098467e6 leaf poll+0xa frames: 0x1098467e6 0x1040342fe 0x10409caf9 0x109891e9e
   1.274 TIGER-SAMPLE pid 0xcdb n 0x2 thread 0x2b03 thread 0x2b03 state-kr 0x0 pc 0x1098467e6 leaf poll+0xa frames: 0x1098467e6 0x104388d27 0x104388eea 0x101f332a7 0x101f3f071 0x1040342fe 0x10409caf9 0x109891e9e
   1.278  leaf _ZN7WebCore13HTMLTokenizer12processTokenERNS_15SegmentedStringE+0x67d0 frames: 0x101ad00c0 0x101a9c117 0x101a9cb18 0x1016561af 0x101b577ee 0x101b34c0f 0x100263adc 0x101b3bf84 0x101bddb19 0x101bdd7b9 0x101bc42c1 0x1001a00d1 0x1001b352f 0x10019443b 0x1001b2e22 0x100433f93 0x1004342cf 0x100434707 0x1041dc1a8 0x1042a2a76 0x100045e88 0x10000170c 0x100001621 0x3
   1.278 TIGER-SAMPLE pid 0xcda n 0x2 thread 0xf03 thread 0xf03 state-kr 0x0 pc 0x109adfe4e leaf mach_msg_trap+0xa frames: 0x109adfe4e 0x10045bf12 0x109a91e9e
   1.278 TIGER-SAMPLE pid 0xcda n 0x2 thread 0x1103 thread 0x1103 state-kr 0x0 pc 0x109a95e22 leaf __semwait_signal+0xa frames: 0x109a95e22 0x1042a0ce5 0x1041d50a2 0x1042a3d29 0x1042a2ea6 0x1042a2a89 0x10423a53e 0x1042a0709 0x109a91e9e
   1.279 TIGER-SAMPLE pid 0xcda n 0x2 thread 0x2303 thread 0x2303 state-kr 0x0 pc 0x109a95e22 leaf __semwait_signal+0xa frames: 0x109a95e22 0x1042a0ce5 0x1041d50a2 0x1042a3d29 0x1042a2ea6 0x1042a2a89 0x10423a53e 0x1042a0709 0x109a91e9e
   1.279 TIGER-SAMPLE pid 0xcda n 0x2 thread 0x2403 thread 0x2403 state-kr 0x0 pc 0x109a95e22 leaf __semwait_signal+0xa frames: 0x109a95e22 0x1042a0ce5 0x1041d50a2 0x1042a3d29 0x1042a2ea6 0x1042a2a89 0x10423a53e 0x1042a0709 0x109a91e9e
   1.279 TIGER-SAMPLE pid 0xcda n 0x2 thread 0x2503 thread 0x2503 state-kr 0x0 pc 0x109a467e6 leaf poll+0xa frames: 0x109a467e6 0x10423a53e 0x1042a0709 0x109a91e9e
   1.279 TIGER-SAMPLE pid 0xcda n 0x2 thread 0x2603 thread 0x2603 state-kr 0x0 pc 0x109a95e22 leaf __semwait_signal+0xa frames: 0x109a95e22 0x1042a0ce5 0x1041d50a2 0x1042a3d29 0x1042a2ea6 0x1042a2a89 0x10423a53e 0x1042a0709 0x109a91e9e
   1.279 TIGER-SAMPLE pid 0xcda n 0x2 thread 0x2703 thread 0x2703 state-kr 0x0 pc 0x109a467e6 leaf poll+0xa frames: 0x109a467e6 0x10423a53e 0x1042a0709 0x109a91e9e
   1.279 TIGER-SAMPLE pid 0xcda n 0x2 thread 0x2807 thread 0x2807 state-kr 0x0 pc 0x109a95e22 leaf __semwait_signal+0xa frames: 0x109a95e22 0x1042a0ce5 0x1041d50a2 0x1042a3d29 0x1042a2ea6 0x1042a2a89 0x10423a53e 0x1042a0709 0x109a91e9e
   1.279 TIGER-SAMPLE pid 0xcda n 0x2 thread 0x2903 thread 0x2903 state-kr 0x0 pc 0x109a95e22 leaf __semwait_signal+0xa frames: 0x109a95e22 0x1042a0ce5 0x1041d50a2 0x1042a3d29 0x1042a2ea6 0x1042a2a89 0x10423a53e 0x1042a0709 0x109a91e9e
   1.279 TIGER-SAMPLE pid 0xcda n 0x2 thread 0x2a03 thread 0x2a03 state-kr 0x0 pc 0x109a95e22 leaf __semwait_signal+0xa frames: 0x109a95e22 0x1042a0ce5 0x1041d50a2 0x1042a3d29 0x1042a2ea6 0x1042a2a89 0x10423a53e 0x1042a0709 0x109a91e9e
   1.279 TIGER-SAMPLE pid 0xcda n 0x2 thread 0x2b03 thread 0x2b03 state-kr 0x0 pc 0x109a467e6 leaf poll+0xa frames: 0x109a467e6 0x10423a53e 0x1042a0709 0x109a91e9e
   1.279 TIGER-SAMPLE pid 0xcda n 0x2 thread 0x2c03 thread 0x2c03 state-kr 0x0 pc 0x109a95e22 leaf __semwait_signal+0xa frames: 0x109a95e22 0x1042a0ce5 0x1041d50a2 0x1042a3d29 0x1042a2ea6 0x1042a2a89 0x10423a53e 0x1042a0709 0x109a91e9e
   1.279 TIGER-SAMPLE pid 0xcda n 0x2 thread 0x2d03 thread 0x2d03 state-kr 0x0 pc 0x109a467e6 leaf poll+0xa frames: 0x109a467e6 0x10423a53e 0x1042a0709 0x109a91e9e
   1.433 TIGER-SAMPLE pid 0xcdc n 0x0 main 0xd03 thread 0xd03 state-kr 0x0 pc 0x90009817 leaf mach_msg_trap+0x7 frames: 0x90009817 0x9082d227 0x9083e100 0x300dd27 0x45d1f 0x8d14 0x8ce2 0x8c09 0x3
   1.433 TIGER-SAMPLE pid 0xcdc n 0x0 thread 0x1103 thread 0x1103 state-kr 0x0 pc 0x90009817 leaf mach_msg_trap+0x7 frames: 0x90009817 0x149388 0x90023d67
   1.434 TIGER-SAMPLE pid 0xcdc n 0x0 thread 0x1303 thread 0x1303 state-kr 0x0 pc 0x900bc3fc leaf poll+0xc frames: 0x900bc3fc 0x14c054 0x2fac96b 0x3014931 0x90023d67
   1.434 TIGER-SAMPLE pid 0xcdc n 0x0 thread 0x2507 thread 0x2507 state-kr 0x0 pc 0x90024407 leaf semaphore_wait_signal_trap+0x7 frames: 0x90024407 0x3577e 0x90023d67
   1.434 TIGER-SAMPLE pid 0xcdc n 0x0 thread 0x2703 thread 0x2703 state-kr 0x0 pc 0x900bc3fc leaf poll+0xc frames: 0x900bc3fc 0x14c054 0x2fac96b 0x3014931 0x90023d67
   1.434 TIGER-SAMPLE pid 0xcdc n 0x0 thread 0x2903 thread 0x2903 state-kr 0x0 pc 0x90024407 leaf semaphore_wait_signal_trap+0x7 frames: 0x90024407 0x3577e 0x90023d67
   1.435 TIGER-SAMPLE pid 0xcdc n 0x0 thread 0x2b03 thread 0x2b03 state-kr 0x0 pc 0x90024407 leaf semaphore_wait_signal_trap+0x7 frames: 0x90024407 0x3577e 0x90023d67
   1.435 TIGER-SAMPLE pid 0xcdc n 0x0 thread 0x2d03 thread 0x2d03 state-kr 0x0 pc 0x90024407 leaf semaphore_wait_signal_trap+0x7 frames: 0x90024407 0x3577e 0x90023d67
   1.435 TIGER-SAMPLE pid 0xcdc n 0x0 thread 0x2f03 thread 0x2f03 state-kr 0x0 pc 0x900bc3fc leaf poll+0xc frames: 0x900bc3fc 0x14c525 0x13f788 0x2fac96b 0x3014931 0x90023d67
   1.436 TIGER-SAMPLE pid 0xcdc n 0x0 thread 0x3103 thread 0x3103 state-kr 0x0 pc 0x900bc3fc leaf poll+0xc frames: 0x900bc3fc 0x14c054 0x2fac96b 0x3014931 0x90023d67
   1.441 TIGER-SAMPLE pid 0xcd7 n 0x4 main 0x117 thread 0x117 state-kr 0x0 pc 0x90009817 leaf mach_msg_trap+0x7 frames: 0x90009817 0x9082d227 0x9082ca42 0x92e06878 0x92e05f82 0x92e05dd9 0x9328cf45 0x9328cb37 0x932868c4 0x8af6 0x82f2 0x8219 0x5
   1.441 TIGER-SAMPLE pid 0xcd7 n 0x4 thread 0x1203 thread 0x1203 state-kr 0x0 pc 0x90009817 leaf mach_msg_trap+0x7 frames: 0x90009817 0x2ca6d8 0x90023d67
   1.442 TIGER-SAMPLE pid 0xcd7 n 0x4 thread 0x3207 thread 0x3207 state-kr 0x0 pc 0x90024407 leaf semaphore_wait_signal_trap+0x7 frames: 0x90024407 0x364de 0x90023d67
   1.442 TIGER-SAMPLE pid 0xcd7 n 0x4 thread 0x3403 thread 0x3403 state-kr 0x0 pc 0x90024407 leaf semaphore_wait_signal_trap+0x7 frames: 0x90024407 0x364de 0x90023d67
   1.442 TIGER-SAMPLE pid 0xcd7 n 0x4 thread 0x5103 thread 0x5103 state-kr 0x0 pc 0x900bc3fc leaf poll+0xc frames: 0x900bc3fc 0x2cd134 0x313210b 0x319b321 0x90023d67
   1.442 TIGER-SAMPLE pid 0xcd7 n 0x4 thread 0x5203 thread 0x5203 state-kr 0x0 pc 0x90024407 leaf semaphore_wait_signal_trap+0x7 frames: 0x90024407 0x364de 0x90023d67
   1.443 TIGER-SAMPLE pid 0xcd7 n 0x4 thread 0x5403 thread 0x5403 state-kr 0x0 pc 0x900bc3fc leaf poll+0xc frames: 0x900bc3fc 0x2cd134 0x313210b 0x319b321 0x90023d67
   1.443 TIGER-SAMPLE pid 0xcd7 n 0x4 thread 0x5503 thread 0x5503 state-kr 0x0 pc 0x90024407 leaf semaphore_wait_signal_trap+0x7 frames: 0x90024407 0x364de 0x90023d67
   1.443 TIGER-SAMPLE pid 0xcd7 n 0x4 thread 0x5307 thread 0x5307 state-kr 0x0 pc 0x900bc3fc leaf poll+0xc frames: 0x900bc3fc 0x2cd134 0x313210b 0x319b321 0x90023d67
   1.444 TIGER-SAMPLE pid 0xcd7 n 0x4 thread 0x5e07 thread 0x5e07 state-kr 0x0 pc 0x90024407 leaf semaphore_wait_signal_trap+0x7 frames: 0x90024407 0x915a96ab 0x915c3ddc 0x90023d67
   1.507 [com.apple.WebKit:Process:4] GPUProcessConnection::didInitialize(12)
   1.525 TIGER-SAMPLE pid 0xcdb n 0x3 main 0xd03 thread 0xd03 state-kr 0x0 pc 0x109895e22 leaf __semwait_signal+0xa frames: 0x109895e22 0x10409d117 0x103fcdc62 0x1040a0249 0x10409f336 0x10409ef19 0x10004a86b 0x100001c4c 0x100001b61 0x3
   1.525 TIGER-SAMPLE pid 0xcdb n 0x3 thread 0xf03 thread 0xf03 state-kr 0x0 pc 0x1098dfe4e leaf mach_msg_trap+0xa frames: 0x1098dfe4e 0x100328002 0x109891e9e
   1.525 TIGER-SAMPLE pid 0xcdb n 0x3 thread 0x1103 thread 0x1103 state-kr 0x0 pc 0x109895e22 leaf __semwait_signal+0xa frames: 0x109895e22 0x10409d0d5 0x103fcdc62 0x1040a0249 0x10409f336 0x10409ef19 0x1040342fe 0x10409caf9 0x109891e9e
   1.525 TIGER-SAMPLE pid 0xcdb n 0x3 thread 0x2303 thread 0x2303 state-kr 0x0 pc 0x1098467e6 leaf poll+0xa frames: 0x1098467e6 0x1040342fe 0x10409caf9 0x109891e9e
   1.526 TIGER-SAMPLE pid 0xcdb n 0x3 thread 0x2407 thread 0x2407 state-kr 0x0 pc 0x109895e22 leaf __semwait_signal+0xa frames: 0x109895e22 0x10409d0d5 0x103fcdc62 0x1040a0249 0x10409f336 0x10409ef19 0x1040342fe 0x10409caf9 0x109891e9e
   1.526 TIGER-SAMPLE pid 0xcdb n 0x3 thread 0x2503 thread 0x2503 state-kr 0x0 pc 0x109895e22 leaf __semwait_signal+0xa frames: 0x109895e22 0x10409d0d5 0x103fcdc62 0x1040a0249 0x10409f336 0x10409ef19 0x1040342fe 0x10409caf9 0x109891e9e
   1.526 TIGER-SAMPLE pid 0xcdb n 0x3 thread 0x2603 thread 0x2603 state-kr 0x0 pc 0x109895e22 leaf __semwait_signal+0xa frames: 0x109895e22 0x10409d0d5 0x103fcdc62 0x1040a0249 0x10409f336 0x10409ef19 0x1040342fe 0x10409caf9 0x109891e9e
   1.526 TIGER-SAMPLE pid 0xcdb n 0x3 thread 0x2703 thread 0x2703 state-kr 0x0 pc 0x109895e22 leaf __semwait_signal+0xa frames: 0x109895e22 0x10409d0d5 0x103fcdc62 0x1040a0249 0x10409f336 0x10409ef19 0x1040342fe 0x10409caf9 0x109891e9e
   1.526 TIGER-SAMPLE pid 0xcdb n 0x3 thread 0x2903 thread 0x2903 state-kr 0x0 pc 0x109895e22 leaf __semwait_signal+0xa frames: 0x109895e22 0x10409d0d5 0x103fcdc62 0x1040a0249 0x10409f336 0x10409ef19 0x1040342fe 0x10409caf9 0x109891e9e
   1.527 TIGER-SAMPLE pid 0xcdb n 0x3 thread 0x2a03 thread 0x2a03 state-kr 0x0 pc 0x1098467e6 leaf poll+0xa frames: 0x1098467e6 0x1040342fe 0x10409caf9 0x109891e9e
   1.527 TIGER-SAMPLE pid 0xcdb n 0x3 thread 0x2b03 thread 0x2b03 state-kr 0x0 pc 0x1098467e6 leaf poll+0xa frames: 0x1098467e6 0x104388d27 0x104388eea 0x101f332a7 0x101f3f071 0x1040342fe 0x10409caf9 0x109891e9e
   1.529 TIGER-SAMPLE pid 0xcda n 0x3 main 0xd03 thread 0xd03 state-kr 0x0 pc 0x109aac347 leaf malloc_jumpstart+0x569c frames: 0x109aac347 0x109ada7db 0x1041be5e9 0x1042828be 0x1042991e7 0x10042b0f4 0x1003fe4da 0x100402750 0x1003fe7a4 0x1004000d4 0x100403492 0x1003ff696 0x1001fd0b0 0x1001b360a 0x10019443b 0x1001b2e22 0x100433f93 0x1004342cf 0x100434707 0x1041dc1a8 0x1042a2a76 0x100045e88 0x10000170c 0x100001621 0x3
   1.529 TIGER-SAMPLE pid 0xcda n 0x3 thread 0xf03 thread 0xf03 state-kr 0x0 pc 0x109adfe4e leaf mach_msg_trap+0xa frames: 0x109adfe4e 0x10045bf12 0x109a91e9e
   1.529 TIGER-SAMPLE pid 0xcda n 0x3 thread 0x1103 thread 0x1103 state-kr 0x0 pc 0x109a95e22 leaf __semwait_signal+0xa frames: 0x109a95e22 0x1042a0ce5 0x1041d50a2 0x1042a3d29 0x1042a2ea6 0x1042a2a89 0x10423a53e 0x1042a0709 0x109a91e9e
   1.530 TIGER-SAMPLE pid 0xcda n 0x3 thread 0x2303 thread 0x2303 state-kr 0x0 pc 0x109a95e22 leaf __semwait_signal+0xa frames: 0x109a95e22 0x1042a0ce5 0x1041d50a2 0x1042a3d29 0x1042a2ea6 0x1042a2a89 0x10423a53e 0x1042a0709 0x109a91e9e
   1.530 TIGER-SAMPLE pid 0xcda n 0x3 thread 0x2403 thread 0x2403 state-kr 0x0 pc 0x109a95e22 leaf __semwait_signal+0xa frames: 0x109a95e22 0x1042a0ce5 0x1041d50a2 0x1042a3d29 0x1042a2ea6 0x1042a2a89 0x10423a53e 0x1042a0709 0x109a91e9e
   1.530 TIGER-SAMPLE pid 0xcda n 0x3 thread 0x2503 thread 0x2503 state-kr 0x0 pc 0x109a467e6 leaf poll+0xa frames: 0x109a467e6 0x10423a53e 0x1042a0709 0x109a91e9e
   1.530 TIGER-SAMPLE pid 0xcda n 0x3 thread 0x2603 thread 0x2603 state-kr 0x0 pc 0x109a95e22 leaf __semwait_signal+0xa frames: 0x109a95e22 0x1042a0ce5 0x1041d50a2 0x1042a3d29 0x1042a2ea6 0x1042a2a89 0x10423a53e 0x1042a0709 0x109a91e9e
   1.531 TIGER-SAMPLE pid 0xcda n 0x3 thread 0x2703 thread 0x2703 state-kr 0x0 pc 0x109a467e6 leaf poll+0xa frames: 0x109a467e6 0x10423a53e 0x1042a0709 0x109a91e9e
   1.531 TIGER-SAMPLE pid 0xcda n 0x3 thread 0x2807 thread 0x2807 state-kr 0x0 pc 0x109a95e22 leaf __semwait_signal+0xa frames: 0x109a95e22 0x1042a0ce5 0x1041d50a2 0x1042a3d29 0x1042a2ea6 0x1042a2a89 0x10423a53e 0x1042a0709 0x109a91e9e
   1.531 TIGER-SAMPLE pid 0xcda n 0x3 thread 0x2903 thread 0x2903 state-kr 0x0 pc 0x109a95e22 leaf __semwait_signal+0xa frames: 0x109a95e22 0x1042a0ce5 0x1041d50a2 0x1042a3d29 0x1042a2ea6 0x1042a2a89 0x10423a53e 0x1042a0709 0x109a91e9e
   1.533 TIGER-SAMPLE pid 0xcda n 0x3 thread 0x2a03 thread 0x2a03 state-kr 0x0 pc 0x109a95e22 leaf __semwait_signal+0xa frames: 0x109a95e22 0x1042a0ce5 0x1041d50a2 0x1042a3d29 0x1042a2ea6 0x1042a2a89 0x10423a53e 0x1042a0709 0x109a91e9e
   1.533 TIGER-SAMPLE pid 0xcda n 0x3 thread 0x2b03 thread 0x2b03 state-kr 0x0 pc 0x109a467e6 leaf poll+0xa frames: 0x109a467e6 0x10423a53e 0x1042a0709 0x109a91e9e
   1.533 TIGER-SAMPLE pid 0xcda n 0x3 thread 0x2c03 thread 0x2c03 state-kr 0x0 pc 0x109a95e22 leaf __semwait_signal+0xa frames: 0x109a95e22 0x1042a0ce5 0x1041d50a2 0x1042a3d29 0x1042a2ea6 0x1042a2a89 0x10423a53e 0x1042a0709 0x109a91e9e
   1.533 TIGER-SAMPLE pid 0xcda n 0x3 thread 0x2d03 thread 0x2d03 state-kr 0x0 pc 0x109a467e6 leaf poll+0xa frames: 0x109a467e6 0x10423a53e 0x1042a0709 0x109a91e9e
   1.686 TIGER-SAMPLE pid 0xcdc n 0x1 main 0xd03 thread 0xd03 state-kr 0x0 pc 0x90009817 leaf mach_msg_trap+0x7 frames: 0x90009817 0x9082d227 0x9083e100 0x300dd27 0x45d1f 0x8d14 0x8ce2 0x8c09 0x3
   1.686 TIGER-SAMPLE pid 0xcdc n 0x1 thread 0x1103 thread 0x1103 state-kr 0x0 pc 0x90009817 leaf mach_msg_trap+0x7 frames: 0x90009817 0x149388 0x90023d67
   1.687 TIGER-SAMPLE pid 0xcdc n 0x1 thread 0x1303 thread 0x1303 state-kr 0x0 pc 0x900bc3fc leaf poll+0xc frames: 0x900bc3fc 0x14c054 0x2fac96b 0x3014931 0x90023d67
   1.687 TIGER-SAMPLE pid 0xcdc n 0x1 thread 0x2507 thread 0x2507 state-kr 0x0 pc 0x90024407 leaf semaphore_wait_signal_trap+0x7 frames: 0x90024407 0x3577e 0x90023d67
   1.687 TIGER-SAMPLE pid 0xcdc n 0x1 thread 0x2703 thread 0x2703 state-kr 0x0 pc 0x900bc3fc leaf poll+0xc frames: 0x900bc3fc 0x14c054 0x2fac96b 0x3014931 0x90023d67
   1.688 TIGER-SAMPLE pid 0xcdc n 0x1 thread 0x2903 thread 0x2903 state-kr 0x0 pc 0x90024407 leaf semaphore_wait_signal_trap+0x7 frames: 0x90024407 0x3577e 0x90023d67
   1.688 TIGER-SAMPLE pid 0xcdc n 0x1 thread 0x2b03 thread 0x2b03 state-kr 0x0 pc 0x90024407 leaf semaphore_wait_signal_trap+0x7 frames: 0x90024407 0x3577e 0x90023d67
   1.688 TIGER-SAMPLE pid 0xcdc n 0x1 thread 0x2d03 thread 0x2d03 state-kr 0x0 pc 0x90024407 leaf semaphore_wait_signal_trap+0x7 frames: 0x90024407 0x3577e 0x90023d67
   1.688 TIGER-SAMPLE pid 0xcdc n 0x1 thread 0x2f03 thread 0x2f03 state-kr 0x0 pc 0x90005346 leaf free+0x556 frames: 0x90005346 0x900050c8 0x13bcdd 0x13f790 0x2fac96b 0x3014931 0x90023d67
   1.689 TIGER-SAMPLE pid 0xcdc n 0x1 thread 0x3103 thread 0x3103 state-kr 0x0 pc 0x900bc3fc leaf poll+0xc frames: 0x900bc3fc 0x14c054 0x2fac96b 0x3014931 0x90023d67
   1.694 TIGER-SAMPLE pid 0xcd7 n 0x5 main 0x117 thread 0x117 state-kr 0x0 pc 0x90009817 leaf mach_msg_trap+0x7 frames: 0x90009817 0x9082d227 0x9082ca42 0x92e06878 0x92e05f82 0x92e05dd9 0x9328cf45 0x9328cb37 0x932868c4 0x8af6 0x82f2 0x8219 0x5
   1.694 TIGER-SAMPLE pid 0xcd7 n 0x5 thread 0x1203 thread 0x1203 state-kr 0x0 pc 0x90009817 leaf mach_msg_trap+0x7 frames: 0x90009817 0x2ca6d8 0x90023d67
   1.695 TIGER-SAMPLE pid 0xcd7 n 0x5 thread 0x3207 thread 0x3207 state-kr 0x0 pc 0x90024407 leaf semaphore_wait_signal_trap+0x7 frames: 0x90024407 0x364de 0x90023d67
   1.695 TIGER-SAMPLE pid 0xcd7 n 0x5 thread 0x3403 thread 0x3403 state-kr 0x0 pc 0x90024407 leaf semaphore_wait_signal_trap+0x7 frames: 0x90024407 0x364de 0x90023d67
   1.695 TIGER-SAMPLE pid 0xcd7 n 0x5 thread 0x5103 thread 0x5103 state-kr 0x0 pc 0x900bc3fc leaf poll+0xc frames: 0x900bc3fc 0x2cd134 0x313210b 0x319b321 0x90023d67
   1.695 TIGER-SAMPLE pid 0xcd7 n 0x5 thread 0x5203 thread 0x5203 state-kr 0x0 pc 0x90024407 leaf semaphore_wait_signal_trap+0x7 frames: 0x90024407 0x364de 0x90023d67
   1.696 TIGER-SAMPLE pid 0xcd7 n 0x5 thread 0x5403 thread 0x5403 state-kr 0x0 pc 0x900bc3fc leaf poll+0xc frames: 0x900bc3fc 0x2cd134 0x313210b 0x319b321 0x90023d67
   1.696 TIGER-SAMPLE pid 0xcd7 n 0x5 thread 0x5503 thread 0x5503 state-kr 0x0 pc 0x90024407 leaf semaphore_wait_signal_trap+0x7 frames: 0x90024407 0x364de 0x90023d67
   1.696 TIGER-SAMPLE pid 0xcd7 n 0x5 thread 0x5307 thread 0x5307 state-kr 0x0 pc 0x900bc3fc leaf poll+0xc frames: 0x900bc3fc 0x2cd134 0x313210b 0x319b321 0x90023d67
   1.697 TIGER-SAMPLE pid 0xcd7 n 0x5 thread 0x5e07 thread 0x5e07 state-kr 0x0 pc 0x90024407 leaf semaphore_wait_signal_trap+0x7 frames: 0x90024407 0x915a96ab 0x915c3ddc 0x90023d67
   1.777 TIGER-SAMPLE pid 0xcdb n 0x4 main 0xd03 thread 0xd03 state-kr 0x0 pc 0x109895e22 leaf __semwait_signal+0xa frames: 0x109895e22 0x10409d117 0x103fcdc62 0x1040a0249 0x10409f336 0x10409ef19 0x10004a86b 0x100001c4c 0x100001b61 0x3
   1.778 TIGER-SAMPLE pid 0xcdb n 0x4 thread 0xf03 thread 0xf03 state-kr 0x0 pc 0x1098dfe4e leaf mach_msg_trap+0xa frames: 0x1098dfe4e 0x100328002 0x109891e9e
   1.778 TIGER-SAMPLE pid 0xcdb n 0x4 thread 0x1103 thread 0x1103 state-kr 0x0 pc 0x109895e22 leaf __semwait_signal+0xa frames: 0x109895e22 0x10409d0d5 0x103fcdc62 0x1040a0249 0x10409f336 0x10409ef19 0x1040342fe 0x10409caf9 0x109891e9e
   1.778 TIGER-SAMPLE pid 0xcdb n 0x4 thread 0x2303 thread 0x2303 state-kr 0x0 pc 0x1098467e6 leaf poll+0xa frames: 0x1098467e6 0x1040342fe 0x10409caf9 0x109891e9e
   1.778 TIGER-SAMPLE pid 0xcdb n 0x4 thread 0x2407 thread 0x2407 state-kr 0x0 pc 0x109895e22 leaf __semwait_signal+0xa frames: 0x109895e22 0x10409d0d5 0x103fcdc62 0x1040a0249 0x10409f336 0x10409ef19 0x1040342fe 0x10409caf9 0x109891e9e
   1.779 TIGER-SAMPLE pid 0xcdb n 0x4 thread 0x2503 thread 0x2503 state-kr 0x0 pc 0x109895e22 leaf __semwait_signal+0xa frames: 0x109895e22 0x10409d0d5 0x103fcdc62 0x1040a0249 0x10409f336 0x10409ef19 0x1040342fe 0x10409caf9 0x109891e9e
   1.779 TIGER-SAMPLE pid 0xcdb n 0x4 thread 0x2603 thread 0x2603 state-kr 0x0 pc 0x109895e22 leaf __semwait_signal+0xa frames: 0x109895e22 0x10409d0d5 0x103fcdc62 0x1040a0249 0x10409f336 0x10409ef19 0x1040342fe 0x10409caf9 0x109891e9e
   1.779 TIGER-SAMPLE pid 0xcdb n 0x4 thread 0x2703 thread 0x2703 state-kr 0x0 pc 0x109895e22 leaf __semwait_signal+0xa frames: 0x109895e22 0x10409d0d5 0x103fcdc62 0x1040a0249 0x10409f336 0x10409ef19 0x1040342fe 0x10409caf9 0x109891e9e
   1.779 TIGER-SAMPLE pid 0xcdb n 0x4 thread 0x2903 thread 0x2903 state-kr 0x0 pc 0x109895e22 leaf __semwait_signal+0xa frames: 0x109895e22 0x10409d0d5 0x103fcdc62 0x1040a0249 0x10409f336 0x10409ef19 0x1040342fe 0x10409caf9 0x109891e9e
   1.779 TIGER-SAMPLE pid 0xcdb n 0x4 thread 0x2a03 thread 0x2a03 state-kr 0x0 pc 0x1098467e6 leaf poll+0xa frames: 0x1098467e6 0x1040342fe 0x10409caf9 0x109891e9e
   1.780 TIGER-SAMPLE pid 0xcdb n 0x4 thread 0x2b03 thread 0x2b03 state-kr 0x0 pc 0x1098467e6 leaf poll+0xa frames: 0x1098467e6 0x104388d27 0x104388eea 0x101f332a7 0x101f3f071 0x1040342fe 0x10409caf9 0x109891e9e
   1.784 TIGER-SAMPLE pid 0xcda n 0x4 main 0xd03 thread 0xd03 state-kr 0x0 pc 0x109aac25a leaf malloc_jumpstart+0x55af frames: 0x109aac25a 0x109ada7db 0x1041be5c9 0x1013b3fd5 0x10139aeac 0x10139b48b 0x101408f15 0x10142c99f 0x10142c414 0x10142a2ee 0x101430269 0x101431e77 0x1016697ff 0x10166a51e 0x1016a3a56 0x10261cc2f 0x1042a2c47 0x100045e88 0x10000170c 0x100001621 0x3
   1.784 TIGER-SAMPLE pid 0xcda n 0x4 thread 0xf03 thread 0xf03 state-kr 0x0 pc 0x109adfe4e leaf mach_msg_trap+0xa frames: 0x109adfe4e 0x10045bf12 0x109a91e9e
   1.784 TIGER-SAMPLE pid 0xcda n 0x4 thread 0x1103 thread 0x1103 state-kr 0x0 pc 0x109a95e22 leaf __semwait_signal+0xa frames: 0x109a95e22 0x1042a0ce5 0x1041d50a2 0x1042a3d29 0x1042a2ea6 0x1042a2a89 0x10423a53e 0x1042a0709 0x109a91e9e
   1.784 TIGER-SAMPLE pid 0xcda n 0x4 thread 0x2303 thread 0x2303 state-kr 0x0 pc 0x109a95e22 leaf __semwait_signal+0xa frames: 0x109a95e22 0x1042a0ce5 0x1041d50a2 0x1042a3d29 0x1042a2ea6 0x1042a2a89 0x10423a53e 0x1042a0709 0x109a91e9e
   1.785 TIGER-SAMPLE pid 0xcda n 0x4 thread 0x2403 thread 0x2403 state-kr 0x0 pc 0x109a95e22 leaf __semwait_signal+0xa frames: 0x109a95e22 0x1042a0ce5 0x1041d50a2 0x1042a3d29 0x1042a2ea6 0x1042a2a89 0x10423a53e 0x1042a0709 0x109a91e9e
   1.785 TIGER-SAMPLE pid 0xcda n 0x4 thread 0x2503 thread 0x2503 state-kr 0x0 pc 0x109a467e6 leaf poll+0xa frames: 0x109a467e6 0x10423a53e 0x1042a0709 0x109a91e9e
   1.785 TIGER-SAMPLE pid 0xcda n 0x4 thread 0x2603 thread 0x2603 state-kr 0x0 pc 0x109a95e22 leaf __semwait_signal+0xa frames: 0x109a95e22 0x1042a0ce5 0x1041d50a2 0x1042a3d29 0x1042a2ea6 0x1042a2a89 0x10423a53e 0x1042a0709 0x109a91e9e
   1.785 TIGER-SAMPLE pid 0xcda n 0x4 thread 0x2703 thread 0x2703 state-kr 0x0 pc 0x109a467e6 leaf poll+0xa frames: 0x109a467e6 0x10423a53e 0x1042a0709 0x109a91e9e
   1.785 TIGER-SAMPLE pid 0xcda n 0x4 thread 0x2807 thread 0x2807 state-kr 0x0 pc 0x109a95e22 leaf __semwait_signal+0xa frames: 0x109a95e22 0x1042a0ce5 0x1041d50a2 0x1042a3d29 0x1042a2ea6 0x1042a2a89 0x10423a53e 0x1042a0709 0x109a91e9e
   1.786 TIGER-SAMPLE pid 0xcda n 0x4 thread 0x2903 thread 0x2903 state-kr 0x0 pc 0x109a95e22 leaf __semwait_signal+0xa frames: 0x109a95e22 0x1042a0ce5 0x1041d50a2 0x1042a3d29 0x1042a2ea6 0x1042a2a89 0x10423a53e 0x1042a0709 0x109a91e9e
   1.786 TIGER-SAMPLE pid 0xcda n 0x4 thread 0x2a03 thread 0x2a03 state-kr 0x0 pc 0x109a95e22 leaf __semwait_signal+0xa frames: 0x109a95e22 0x1042a0ce5 0x1041d50a2 0x1042a3d29 0x1042a2ea6 0x1042a2a89 0x10423a53e 0x1042a0709 0x109a91e9e
   1.786 TIGER-SAMPLE pid 0xcda n 0x4 thread 0x2b03 thread 0x2b03 state-kr 0x0 pc 0x109a467e6 leaf poll+0xa frames: 0x109a467e6 0x10423a53e 0x1042a0709 0x109a91e9e
   1.786 TIGER-SAMPLE pid 0xcda n 0x4 thread 0x2c03 thread 0x2c03 state-kr 0x0 pc 0x109a95e22 leaf __semwait_signal+0xa frames: 0x109a95e22 0x1042a0ce5 0x1041d50a2 0x1042a3d29 0x1042a2ea6 0x1042a2a89 0x10423a53e 0x1042a0709 0x109a91e9e
   1.786 TIGER-SAMPLE pid 0xcda n 0x4 thread 0x2d03 thread 0x2d03 state-kr 0x0 pc 0x109a467e6 leaf poll+0xa frames: 0x109a467e6 0x10423a53e 0x1042a0709 0x109a91e9e
   1.896 [com.apple.WebKit:Layout:4] [pageID=5, frameID=4294967297, isMainFrame=1] LocalFrameView::fireLayoutRelatedMilestonesIfNeeded: Firing first visually non-empty layout milestone on the main frame
   1.896 [com.apple.WebKit:Layout:4] [webFrameID=4294967297, webPageID=5] WebLocalFrameLoaderClient::dispatchDidReachLayoutMilestone: dispatching DidFirstLayoutForFrame
   1.896 [com.apple.WebKit:Layout:4] [webFrameID=4294967297, webPageID=5] WebLocalFrameLoaderClient::dispatchDidReachLayoutMilestone: dispatching DidReachLayoutMilestone (milestones=DidFirstLayout, DidFirstVisuallyNonEmptyLayout)
   1.896 [com.apple.WebKit:Layout:4] [webFrameID=4294967297, webPageID=5] WebLocalFrameLoaderClient::dispatchDidReachLayoutMilestone: dispatching DidFirstVisuallyNonEmptyLayoutForFrame
   1.896 [com.apple.WebKit:Layout:4] [webFrameID=4294967297, webPageID=5] WebLocalFrameLoaderClient::completePageTransitionIfNeeded: dispatching didCompletePageTransition
   1.917 [com.apple.WebKit:Loading:4] 0x109a129c0 - [webProcessIdentifier=3] NetworkConnectionToWebProcess::scheduleResourceLoad: (parentPID=3287, pageProxyID=4, webPageID=5, frameID=4294967297, resourceID=177, existingLoaderToResume=0)
   1.917 [com.apple.WebKit:Loading:4] 0x109a129c0 - [webProcessIdentifier=3] NetworkConnectionToWebProcess::resolveBlobReferences: (parentPID=3287, pageProxyID=4, webPageID=5, frameID=4294967297, resourceID=177)
   1.917 [com.apple.WebKit:Loading:4] 0x109a129c0 - [webProcessIdentifier=3] NetworkConnectionToWebProcess::scheduleResourceLoad: (parentPID=3287, pageProxyID=4, webPageID=5, frameID=4294967297, resourceID=178, existingLoaderToResume=0)
   1.917 [com.apple.WebKit:Loading:4] 0x109a129c0 - [webProcessIdentifier=3] NetworkConnectionToWebProcess::resolveBlobReferences: (parentPID=3287, pageProxyID=4, webPageID=5, frameID=4294967297, resourceID=178)
   1.939 TIGER-SAMPLE pid 0xcdc n 0x2 main 0xd03 thread 0xd03 state-kr 0x0 pc 0x90009817 leaf mach_msg_trap+0x7 frames: 0x90009817 0x9082d227 0x9083e100 0x300dd27 0x45d1f 0x8d14 0x8ce2 0x8c09 0x3
   1.939 TIGER-SAMPLE pid 0xcdc n 0x2 thread 0x1103 thread 0x1103 state-kr 0x0 pc 0x90009817 leaf mach_msg_trap+0x7 frames: 0x90009817 0x149388 0x90023d67
   1.940 TIGER-SAMPLE pid 0xcdc n 0x2 thread 0x1303 thread 0x1303 state-kr 0x0 pc 0x900bc3fc leaf poll+0xc frames: 0x900bc3fc 0x14c054 0x2fac96b 0x3014931 0x90023d67
   1.940 TIGER-SAMPLE pid 0xcdc n 0x2 thread 0x2507 thread 0x2507 state-kr 0x0 pc 0x90024407 leaf semaphore_wait_signal_trap+0x7 frames: 0x90024407 0x3577e 0x90023d67
   1.940 TIGER-SAMPLE pid 0xcdc n 0x2 thread 0x2703 thread 0x2703 state-kr 0x0 pc 0x900bc3fc leaf poll+0xc frames: 0x900bc3fc 0x14c054 0x2fac96b 0x3014931 0x90023d67
   1.940 TIGER-SAMPLE pid 0xcdc n 0x2 thread 0x2903 thread 0x2903 state-kr 0x0 pc 0x90024407 leaf semaphore_wait_signal_trap+0x7 frames: 0x90024407 0x3577e 0x90023d67
   1.941 TIGER-SAMPLE pid 0xcdc n 0x2 thread 0x2b03 thread 0x2b03 state-kr 0x0 pc 0x90024407 leaf semaphore_wait_signal_trap+0x7 frames: 0x90024407 0x3577e 0x90023d67
   1.941 TIGER-SAMPLE pid 0xcdc n 0x2 thread 0x2d03 thread 0x2d03 state-kr 0x0 pc 0x90024407 leaf semaphore_wait_signal_trap+0x7 frames: 0x90024407 0x3577e 0x90023d67
   1.941 TIGER-SAMPLE pid 0xcdc n 0x2 thread 0x2f03 thread 0x2f03 state-kr 0x0 pc 0x90a594b0 leaf objc_msgSend+0x0 frames: 0x90a594b0 0x300e693 0x13bb2b 0x13f790 0x2fac96b 0x3014931 0x90023d67
   1.942 TIGER-SAMPLE pid 0xcdc n 0x2 thread 0x3103 thread 0x3103 state-kr 0x0 pc 0x900bc3fc leaf poll+0xc frames: 0x900bc3fc 0x14c054 0x2fac96b 0x3014931 0x90023d67
   1.947 TIGER-SAMPLE pid 0xcd7 n 0x6 main 0x117 thread 0x117 state-kr 0x0 pc 0x90009817 leaf mach_msg_trap+0x7 frames: 0x90009817 0x9082d227 0x9082ca42 0x92e06878 0x92e05f82 0x92e05dd9 0x9328cf45 0x9328cb37 0x932868c4 0x8af6 0x82f2 0x8219 0x5
   1.947 TIGER-SAMPLE pid 0xcd7 n 0x6 thread 0x1203 thread 0x1203 state-kr 0x0 pc 0x90009817 leaf mach_msg_trap+0x7 frames: 0x90009817 0x2ca6d8 0x90023d67
   1.948 TIGER-SAMPLE pid 0xcd7 n 0x6 thread 0x3207 thread 0x3207 state-kr 0x0 pc 0x90024407 leaf semaphore_wait_signal_trap+0x7 frames: 0x90024407 0x364de 0x90023d67
   1.948 TIGER-SAMPLE pid 0xcd7 n 0x6 thread 0x3403 thread 0x3403 state-kr 0x0 pc 0x90024407 leaf semaphore_wait_signal_trap+0x7 frames: 0x90024407 0x364de 0x90023d67
   1.948 TIGER-SAMPLE pid 0xcd7 n 0x6 thread 0x5103 thread 0x5103 state-kr 0x0 pc 0x900bc3fc leaf poll+0xc frames: 0x900bc3fc 0x2cd134 0x313210b 0x319b321 0x90023d67
   1.949 TIGER-SAMPLE pid 0xcd7 n 0x6 thread 0x5203 thread 0x5203 state-kr 0x0 pc 0x90024407 leaf semaphore_wait_signal_trap+0x7 frames: 0x90024407 0x364de 0x90023d67
   1.949 TIGER-SAMPLE pid 0xcd7 n 0x6 thread 0x5403 thread 0x5403 state-kr 0x0 pc 0x900bc3fc leaf poll+0xc frames: 0x900bc3fc 0x2cd134 0x313210b 0x319b321 0x90023d67
   1.949 TIGER-SAMPLE pid 0xcd7 n 0x6 thread 0x5503 thread 0x5503 state-kr 0x0 pc 0x90024407 leaf semaphore_wait_signal_trap+0x7 frames: 0x90024407 0x364de 0x90023d67
   1.950 TIGER-SAMPLE pid 0xcd7 n 0x6 thread 0x5307 thread 0x5307 state-kr 0x0 pc 0x900bc3fc leaf poll+0xc frames: 0x900bc3fc 0x2cd134 0x313210b 0x319b321 0x90023d67
   1.950 TIGER-SAMPLE pid 0xcd7 n 0x6 thread 0x5e07 thread 0x5e07 state-kr 0x0 pc 0x90024407 leaf semaphore_wait_signal_trap+0x7 frames: 0x90024407 0x915a96ab 0x915c3ddc 0x90023d67
   2.030 TIGER-SAMPLE pid 0xcdb n 0x5 main 0xd03 thread 0xd03 state-kr 0x0 pc 0x109895e22 leaf __semwait_signal+0xa frames: 0x109895e22 0x10409d117 0x103fcdc62 0x1040a0249 0x10409f336 0x10409ef19 0x10004a86b 0x100001c4c 0x100001b61 0x3
   2.030 TIGER-SAMPLE pid 0xcdb n 0x5 thread 0xf03 thread 0xf03 state-kr 0x0 pc 0x1098dfe4e leaf mach_msg_trap+0xa frames: 0x1098dfe4e 0x100328002 0x109891e9e
   2.031 TIGER-SAMPLE pid 0xcdb n 0x5 thread 0x1103 thread 0x1103 state-kr 0x0 pc 0x109895e22 leaf __semwait_signal+0xa frames: 0x109895e22 0x10409d0d5 0x103fcdc62 0x1040a0249 0x10409f336 0x10409ef19 0x1040342fe 0x10409caf9 0x109891e9e
   2.031 TIGER-SAMPLE pid 0xcdb n 0x5 thread 0x2303 thread 0x2303 state-kr 0x0 pc 0x1098467e6 leaf poll+0xa frames: 0x1098467e6 0x1040342fe 0x10409caf9 0x109891e9e
   2.031 TIGER-SAMPLE pid 0xcdb n 0x5 thread 0x2407 thread 0x2407 state-kr 0x0 pc 0x109895e22 leaf __semwait_signal+0xa frames: 0x109895e22 0x10409d0d5 0x103fcdc62 0x1040a0249 0x10409f336 0x10409ef19 0x1040342fe 0x10409caf9 0x109891e9e
   2.031 TIGER-SAMPLE pid 0xcdb n 0x5 thread 0x2503 thread 0x2503 state-kr 0x0 pc 0x109895e22 leaf __semwait_signal+0xa frames: 0x109895e22 0x10409d0d5 0x103fcdc62 0x1040a0249 0x10409f336 0x10409ef19 0x1040342fe 0x10409caf9 0x109891e9e
   2.032 TIGER-SAMPLE pid 0xcdb n 0x5 thread 0x2603 thread 0x2603 state-kr 0x0 pc 0x109895e22 leaf __semwait_signal+0xa frames: 0x109895e22 0x10409d0d5 0x103fcdc62 0x1040a0249 0x10409f336 0x10409ef19 0x1040342fe 0x10409caf9 0x109891e9e
   2.032 TIGER-SAMPLE pid 0xcdb n 0x5 thread 0x2703 thread 0x2703 state-kr 0x0 pc 0x109895e22 leaf __semwait_signal+0xa frames: 0x109895e22 0x10409d0d5 0x103fcdc62 0x1040a0249 0x10409f336 0x10409ef19 0x1040342fe 0x10409caf9 0x109891e9e
   2.032 TIGER-SAMPLE pid 0xcdb n 0x5 thread 0x2903 thread 0x2903 state-kr 0x0 pc 0x109895e22 leaf __semwait_signal+0xa frames: 0x109895e22 0x10409d0d5 0x103fcdc62 0x1040a0249 0x10409f336 0x10409ef19 0x1040342fe 0x10409caf9 0x109891e9e
   2.032 TIGER-SAMPLE pid 0xcdb n 0x5 thread 0x2a03 thread 0x2a03 state-kr 0x0 pc 0x1098467e6 leaf poll+0xa frames: 0x1098467e6 0x1040342fe 0x10409caf9 0x109891e9e
   2.032 TIGER-SAMPLE pid 0xcdb n 0x5 thread 0x2b03 thread 0x2b03 state-kr 0x0 pc 0x1098467e6 leaf poll+0xa frames: 0x1098467e6 0x104388d27 0x104388eea 0x101f332a7 0x101f3f071 0x1040342fe 0x10409caf9 0x109891e9e
   2.039 TIGER-SAMPLE pid 0xcda n 0x5 main 0xd03 thread 0xd03 state-kr 0x0 pc 0x102775540 leaf _ZN7WebCore10ShadowBlur14blurLayerImageENSt3__14spanIhLm18446744073709551615EEERKNS_7IntSizeEi+0x580 frames: 0x102775540 0x1027eb3c2 0x1027e1675 0x1027e1194 0x10105da0f 0x1027e0b99 0x102728257 0x10273a854 0x1011cc6e0 0x101183fcf 0x1011824fc 0x1011854f3 0x101182441 0x1011854f3 0x101182441 0x1011a9416 0x1011a8dda 0x1011a9a25 0x1027302a0 0x100043c82 0x100043577 0x100042e22 0x100042e8c 0x100042e8c 0x100042e8c 0x100042e8c 0x100042d0c 0x1011b2bf3 0x101cb0794 0x101cfb0df 0x1002cd5c7 0x10003baff 0x10003f304 0x10261cc2f 0x1042a2c47 0x100045e88 0x10000170c 0x100001621 0x3
   2.039 TIGER-SAMPLE pid 0xcda n 0x5 thread 0xf03 thread 0xf03 state-kr 0x0 pc 0x109adfe4e leaf mach_msg_trap+0xa frames: 0x109adfe4e 0x10045bf12 0x109a91e9e
   2.040 TIGER-SAMPLE pid 0xcda n 0x5 thread 0x1103 thread 0x1103 state-kr 0x0 pc 0x109a95e22 leaf __semwait_signal+0xa frames: 0x109a95e22 0x1042a0ce5 0x1041d50a2 0x1042a3d29 0x1042a2ea6 0x1042a2a89 0x10423a53e 0x1042a0709 0x109a91e9e
   2.040 TIGER-SAMPLE pid 0xcda n 0x5 thread 0x2303 thread 0x2303 state-kr 0x0 pc 0x109a95e22 leaf __semwait_signal+0xa frames: 0x109a95e22 0x1042a0ce5 0x1041d50a2 0x1042a3d29 0x1042a2ea6 0x1042a2a89 0x10423a53e 0x1042a0709 0x109a91e9e
   2.040 TIGER-SAMPLE pid 0xcda n 0x5 thread 0x2403 thread 0x2403 state-kr 0x0 pc 0x109a95e22 leaf __semwait_signal+0xa frames: 0x109a95e22 0x1042a0ce5 0x1041d50a2 0x1042a3d29 0x1042a2ea6 0x1042a2a89 0x10423a53e 0x1042a0709 0x109a91e9e
   2.040 TIGER-SAMPLE pid 0xcda n 0x5 thread 0x2503 thread 0x2503 state-kr 0x0 pc 0x109a467e6 leaf poll+0xa frames: 0x109a467e6 0x10423a53e 0x1042a0709 0x109a91e9e
   2.041 TIGER-SAMPLE pid 0xcda n 0x5 thread 0x2603 thread 0x2603 state-kr 0x0 pc 0x109a95e22 leaf __semwait_signal+0xa frames: 0x109a95e22 0x1042a0ce5 0x1041d50a2 0x1042a3d29 0x1042a2ea6 0x1042a2a89 0x10423a53e 0x1042a0709 0x109a91e9e
   2.041 TIGER-SAMPLE pid 0xcda n 0x5 thread 0x2703 thread 0x2703 state-kr 0x0 pc 0x109a467e6 leaf poll+0xa frames: 0x109a467e6 0x10423a53e 0x1042a0709 0x109a91e9e
   2.041 TIGER-SAMPLE pid 0xcda n 0x5 thread 0x2807 thread 0x2807 state-kr 0x0 pc 0x109a95e22 leaf __semwait_signal+0xa frames: 0x109a95e22 0x1042a0ce5 0x1041d50a2 0x1042a3d29 0x1042a2ea6 0x1042a2a89 0x10423a53e 0x1042a0709 0x109a91e9e
   2.041 TIGER-SAMPLE pid 0xcda n 0x5 thread 0x2903 thread 0x2903 state-kr 0x0 pc 0x109a95e22 leaf __semwait_signal+0xa frames: 0x109a95e22 0x1042a0ce5 0x1041d50a2 0x1042a3d29 0x1042a2ea6 0x1042a2a89 0x10423a53e 0x1042a0709 0x109a91e9e
   2.042 TIGER-SAMPLE pid 0xcda n 0x5 thread 0x2a03 thread 0x2a03 state-kr 0x0 pc 0x109a95e22 leaf __semwait_signal+0xa frames: 0x109a95e22 0x1042a0ce5 0x1041d50a2 0x1042a3d29 0x1042a2ea6 0x1042a2a89 0x10423a53e 0x1042a0709 0x109a91e9e
   2.042 TIGER-SAMPLE pid 0xcda n 0x5 thread 0x2b03 thread 0x2b03 state-kr 0x0 pc 0x109a467e6 leaf poll+0xa frames: 0x109a467e6 0x10423a53e 0x1042a0709 0x109a91e9e
   2.042 TIGER-SAMPLE pid 0xcda n 0x5 thread 0x2c03 thread 0x2c03 state-kr 0x0 pc 0x109a95e22 leaf __semwait_signal+0xa frames: 0x109a95e22 0x1042a0ce5 0x1041d50a2 0x1042a3d29 0x1042a2ea6 0x1042a2a89 0x10423a53e 0x1042a0709 0x109a91e9e
   2.042 TIGER-SAMPLE pid 0xcda n 0x5 thread 0x2d03 thread 0x2d03 state-kr 0x0 pc 0x109a467e6 leaf poll+0xa frames: 0x109a467e6 0x10423a53e 0x1042a0709 0x109a91e9e
   2.043 TIGER-SAMPLE pid 0xcda n 0x5 thread 0x4003 thread 0x4003 state-kr 0x0 pc 0x109a95e22 leaf __semwait_signal+0xa frames: 0x109a95e22 0x1042a0ce5 0x1041d50a2 0x1042a3d29 0x1042a2ea6 0x1042a2a89 0x10423a53e 0x1042a0709 0x109a91e9e
   2.192 TIGER-SAMPLE pid 0xcdc n 0x3 main 0xd03 thread 0xd03 state-kr 0x0 pc 0x90009817 leaf mach_msg_trap+0x7 frames: 0x90009817 0x9082d227 0x9083e100 0x300dd27 0x45d1f 0x8d14 0x8ce2 0x8c09 0x3
   2.192 TIGER-SAMPLE pid 0xcdc n 0x3 thread 0x1103 thread 0x1103 state-kr 0x0 pc 0x90009817 leaf mach_msg_trap+0x7 frames: 0x90009817 0x149388 0x90023d67
   2.193 TIGER-SAMPLE pid 0xcdc n 0x3 thread 0x1303 thread 0x1303 state-kr 0x0 pc 0x900bc3fc leaf poll+0xc frames: 0x900bc3fc 0x14c054 0x2fac96b 0x3014931 0x90023d67
   2.193 TIGER-SAMPLE pid 0xcdc n 0x3 thread 0x2507 thread 0x2507 state-kr 0x0 pc 0x90024407 leaf semaphore_wait_signal_trap+0x7 frames: 0x90024407 0x3577e 0x90023d67
   2.193 TIGER-SAMPLE pid 0xcdc n 0x3 thread 0x2703 thread 0x2703 state-kr 0x0 pc 0x900bc3fc leaf poll+0xc frames: 0x900bc3fc 0x14c054 0x2fac96b 0x3014931 0x90023d67
   2.193 TIGER-SAMPLE pid 0xcdc n 0x3 thread 0x2903 thread 0x2903 state-kr 0x0 pc 0x90024407 leaf semaphore_wait_signal_trap+0x7 frames: 0x90024407 0x3577e 0x90023d67
   2.194 TIGER-SAMPLE pid 0xcdc n 0x3 thread 0x2b03 thread 0x2b03 state-kr 0x0 pc 0x90024407 leaf semaphore_wait_signal_trap+0x7 frames: 0x90024407 0x3577e 0x90023d67
   2.194 TIGER-SAMPLE pid 0xcdc n 0x3 thread 0x2d03 thread 0x2d03 state-kr 0x0 pc 0x90024407 leaf semaphore_wait_signal_trap+0x7 frames: 0x90024407 0x3577e 0x90023d67
   2.197 TIGER-SAMPLE pid 0xcdc n 0x3 thread 0x2f03 thread 0x2f03 state-kr 0x0 pc 0x14c59d leaf _ZN3IPC9Semaphore4waitEv+0x8d frames: 0x14c59d 0x14c525 0x13f788 0x2fac96b 0x3014931 0x90023d67
   2.197 TIGER-SAMPLE pid 0xcdc n 0x3 thread 0x3103 thread 0x3103 state-kr 0x0 pc 0x900bc3fc leaf poll+0xc frames: 0x900bc3fc 0x14c054 0x2fac96b 0x3014931 0x90023d67
   2.200 TIGER-SAMPLE pid 0xcd7 n 0x7 main 0x117 thread 0x117 state-kr 0x0 pc 0x90009817 leaf mach_msg_trap+0x7 frames: 0x90009817 0x9082d227 0x9082ca42 0x92e06878 0x92e05f82 0x92e05dd9 0x9328cf45 0x9328cb37 0x932868c4 0x8af6 0x82f2 0x8219 0x5
   2.201 TIGER-SAMPLE pid 0xcd7 n 0x7 thread 0x1203 thread 0x1203 state-kr 0x0 pc 0x90009817 leaf mach_msg_trap+0x7 frames: 0x90009817 0x2ca6d8 0x90023d67
   2.201 TIGER-SAMPLE pid 0xcd7 n 0x7 thread 0x3207 thread 0x3207 state-kr 0x0 pc 0x90024407 leaf semaphore_wait_signal_trap+0x7 frames: 0x90024407 0x364de 0x90023d67
   2.201 TIGER-SAMPLE pid 0xcd7 n 0x7 thread 0x3403 thread 0x3403 state-kr 0x0 pc 0x90024407 leaf semaphore_wait_signal_trap+0x7 frames: 0x90024407 0x364de 0x90023d67
   2.201 TIGER-SAMPLE pid 0xcd7 n 0x7 thread 0x5103 thread 0x5103 state-kr 0x0 pc 0x900bc3fc leaf poll+0xc frames: 0x900bc3fc 0x2cd134 0x313210b 0x319b321 0x90023d67
   2.202 TIGER-SAMPLE pid 0xcd7 n 0x7 thread 0x5203 thread 0x5203 state-kr 0x0 pc 0x90024407 leaf semaphore_wait_signal_trap+0x7 frames: 0x90024407 0x364de 0x90023d67
   2.202 TIGER-SAMPLE pid 0xcd7 n 0x7 thread 0x5403 thread 0x5403 state-kr 0x0 pc 0x900bc3fc leaf poll+0xc frames: 0x900bc3fc 0x2cd134 0x313210b 0x319b321 0x90023d67
   2.202 TIGER-SAMPLE pid 0xcd7 n 0x7 thread 0x5503 thread 0x5503 state-kr 0x0 pc 0x90024407 leaf semaphore_wait_signal_trap+0x7 frames: 0x90024407 0x364de 0x90023d67
   2.203 TIGER-SAMPLE pid 0xcd7 n 0x7 thread 0x5307 thread 0x5307 state-kr 0x0 pc 0x900bc3fc leaf poll+0xc frames: 0x900bc3fc 0x2cd134 0x313210b 0x319b321 0x90023d67
   2.203 TIGER-SAMPLE pid 0xcd7 n 0x7 thread 0x5e07 thread 0x5e07 state-kr 0x0 pc 0x90024407 leaf semaphore_wait_signal_trap+0x7 frames: 0x90024407 0x915a96ab 0x915c3ddc 0x90023d67
   2.283 TIGER-SAMPLE pid 0xcdb n 0x6 main 0xd03 thread 0xd03 state-kr 0x0 pc 0x109895e22 leaf __semwait_signal+0xa frames: 0x109895e22 0x10409d117 0x103fcdc62 0x1040a0249 0x10409f336 0x10409ef19 0x10004a86b 0x100001c4c 0x100001b61 0x3
   2.283 TIGER-SAMPLE pid 0xcdb n 0x6 thread 0xf03 thread 0xf03 state-kr 0x0 pc 0x1098dfe4e leaf mach_msg_trap+0xa frames: 0x1098dfe4e 0x100328002 0x109891e9e
   2.283 TIGER-SAMPLE pid 0xcdb n 0x6 thread 0x1103 thread 0x1103 state-kr 0x0 pc 0x109895e22 leaf __semwait_signal+0xa frames: 0x109895e22 0x10409d0d5 0x103fcdc62 0x1040a0249 0x10409f336 0x10409ef19 0x1040342fe 0x10409caf9 0x109891e9e
   2.284 TIGER-SAMPLE pid 0xcdb n 0x6 thread 0x2303 thread 0x2303 state-kr 0x0 pc 0x1098467e6 leaf poll+0xa frames: 0x1098467e6 0x1040342fe 0x10409caf9 0x109891e9e
   2.284 TIGER-SAMPLE pid 0xcdb n 0x6 thread 0x2407 thread 0x2407 state-kr 0x0 pc 0x109895e22 leaf __semwait_signal+0xa frames: 0x109895e22 0x10409d0d5 0x103fcdc62 0x1040a0249 0x10409f336 0x10409ef19 0x1040342fe 0x10409caf9 0x109891e9e
   2.284 TIGER-SAMPLE pid 0xcdb n 0x6 thread 0x2503 thread 0x2503 state-kr 0x0 pc 0x109895e22 leaf __semwait_signal+0xa frames: 0x109895e22 0x10409d0d5 0x103fcdc62 0x1040a0249 0x10409f336 0x10409ef19 0x1040342fe 0x10409caf9 0x109891e9e
   2.285 TIGER-SAMPLE pid 0xcdb n 0x6 thread 0x2603 thread 0x2603 state-kr 0x0 pc 0x109895e22 leaf __semwait_signal+0xa frames: 0x109895e22 0x10409d0d5 0x103fcdc62 0x1040a0249 0x10409f336 0x10409ef19 0x1040342fe 0x10409caf9 0x109891e9e
   2.285 TIGER-SAMPLE pid 0xcdb n 0x6 thread 0x2703 thread 0x2703 state-kr 0x0 pc 0x109895e22 leaf __semwait_signal+0xa frames: 0x109895e22 0x10409d0d5 0x103fcdc62 0x1040a0249 0x10409f336 0x10409ef19 0x1040342fe 0x10409caf9 0x109891e9e
   2.285 TIGER-SAMPLE pid 0xcdb n 0x6 thread 0x2903 thread 0x2903 state-kr 0x0 pc 0x109895e22 leaf __semwait_signal+0xa frames: 0x109895e22 0x10409d0d5 0x103fcdc62 0x1040a0249 0x10409f336 0x10409ef19 0x1040342fe 0x10409caf9 0x109891e9e
   2.285 TIGER-SAMPLE pid 0xcdb n 0x6 thread 0x2a03 thread 0x2a03 state-kr 0x0 pc 0x1098467e6 leaf poll+0xa frames: 0x1098467e6 0x1040342fe 0x10409caf9 0x109891e9e
   2.285 TIGER-SAMPLE pid 0xcdb n 0x6 thread 0x2b03 thread 0x2b03 state-kr 0x0 pc 0x1098467e6 leaf poll+0xa frames: 0x1098467e6 0x104388d27 0x104388eea 0x101f332a7 0x101f3f071 0x1040342fe 0x10409caf9 0x109891e9e
   2.341 TIGER-SAMPLE pid 0xcda n 0x6 main 0xd03 thread 0xd03 state-kr 0x0 pc 0x1027f4b63 leaf _ZN7WebCore29FEGaussianBlurSoftwareApplier7boxBlurERKNS_11PixelBufferERS1_jiiiiiibNS_12EdgeModeTypeE+0x403 frames: 0x1027f4b63 0x1027f44de 0x1027f41e9 0x1041d464f 0x1027ede2b 0x1027ed7a7 0x1027e1675 0x101f76af1 0x1027e0b99 0x102728257 0x10273a854 0x10132b07a 0x101344599 0x10135bc9a 0x1012106ce 0x101187922 0x1011858a3 0x10118232a 0x1011854f3 0x101182441 0x10117f15a 0x101cc1372 0x10260733a 0x101f719e8 0x101f712f7 0x101f73a76 0x1027351b3 0x1010427b3 0x1010407c6 0x10103fbf5 0x1010fe63a 0x101210418 0x10116f458 0x101187922 0x1011858a3 0x10118232a 0x1011854f3 0x101182441 0x1011854f3 0x101182295 0x1011854f3
   2.341 TIGER-SAMPLE pid 0xcda n 0x6 thread 0xf03 thread 0xf03 state-kr 0x0 pc 0x109adfe4e leaf mach_msg_trap+0xa frames: 0x109adfe4e 0x10045bf12 0x109a91e9e
   2.342 TIGER-SAMPLE pid 0xcda n 0x6 thread 0x1103 thread 0x1103 state-kr 0x0 pc 0x109a95e22 leaf __semwait_signal+0xa frames: 0x109a95e22 0x1042a0ce5 0x1041d50a2 0x1042a3d29 0x1042a2ea6 0x1042a2a89 0x10423a53e 0x1042a0709 0x109a91e9e
   2.342 TIGER-SAMPLE pid 0xcda n 0x6 thread 0x2303 thread 0x2303 state-kr 0x0 pc 0x109a95e22 leaf __semwait_signal+0xa frames: 0x109a95e22 0x1042a0ce5 0x1041d50a2 0x1042a3d29 0x1042a2ea6 0x1042a2a89 0x10423a53e 0x1042a0709 0x109a91e9e
   2.342 TIGER-SAMPLE pid 0xcda n 0x6 thread 0x2403 thread 0x2403 state-kr 0x0 pc 0x109a95e22 leaf __semwait_signal+0xa frames: 0x109a95e22 0x1042a0ce5 0x1041d50a2 0x1042a3d29 0x1042a2ea6 0x1042a2a89 0x10423a53e 0x1042a0709 0x109a91e9e
   2.342 TIGER-SAMPLE pid 0xcda n 0x6 thread 0x2503 thread 0x2503 state-kr 0x0 pc 0x109a467e6 leaf poll+0xa frames: 0x109a467e6 0x10423a53e 0x1042a0709 0x109a91e9e
   2.343 TIGER-SAMPLE pid 0xcda n 0x6 thread 0x2603 thread 0x2603 state-kr 0x0 pc 0x109a95e22 leaf __semwait_signal+0xa frames: 0x109a95e22 0x1042a0ce5 0x1041d50a2 0x1042a3d29 0x1042a2ea6 0x1042a2a89 0x10423a53e 0x1042a0709 0x109a91e9e
   2.343 TIGER-SAMPLE pid 0xcda n 0x6 thread 0x2703 thread 0x2703 state-kr 0x0 pc 0x109a467e6 leaf poll+0xa frames: 0x109a467e6 0x10423a53e 0x1042a0709 0x109a91e9e
   2.343 TIGER-SAMPLE pid 0xcda n 0x6 thread 0x2807 thread 0x2807 state-kr 0x0 pc 0x109a95e22 leaf __semwait_signal+0xa frames: 0x109a95e22 0x1042a0ce5 0x1041d50a2 0x1042a3d29 0x1042a2ea6 0x1042a2a89 0x10423a53e 0x1042a0709 0x109a91e9e
   2.343 TIGER-SAMPLE pid 0xcda n 0x6 thread 0x2903 thread 0x2903 state-kr 0x0 pc 0x109a95e22 leaf __semwait_signal+0xa frames: 0x109a95e22 0x1042a0ce5 0x1041d50a2 0x1042a3d29 0x1042a2ea6 0x1042a2a89 0x10423a53e 0x1042a0709 0x109a91e9e
   2.344 TIGER-SAMPLE pid 0xcda n 0x6 thread 0x2a03 thread 0x2a03 state-kr 0x0 pc 0x109a95e22 leaf __semwait_signal+0xa frames: 0x109a95e22 0x1042a0ce5 0x1041d50a2 0x1042a3d29 0x1042a2ea6 0x1042a2a89 0x10423a53e 0x1042a0709 0x109a91e9e
   2.344 TIGER-SAMPLE pid 0xcda n 0x6 thread 0x2b03 thread 0x2b03 state-kr 0x0 pc 0x109a467e6 leaf poll+0xa frames: 0x109a467e6 0x10423a53e 0x1042a0709 0x109a91e9e
   2.344 TIGER-SAMPLE pid 0xcda n 0x6 thread 0x2c03 thread 0x2c03 state-kr 0x0 pc 0x109a95e22 leaf __semwait_signal+0xa frames: 0x109a95e22 0x1042a0ce5 0x1041d50a2 0x1042a3d29 0x1042a2ea6 0x1042a2a89 0x10423a53e 0x1042a0709 0x109a91e9e
   2.344 TIGER-SAMPLE pid 0xcda n 0x6 thread 0x2d03 thread 0x2d03 state-kr 0x0 pc 0x109a467e6 leaf poll+0xa frames: 0x109a467e6 0x10423a53e 0x1042a0709 0x109a91e9e
   2.345 TIGER-SAMPLE pid 0xcda n 0x6 thread 0x4003 thread 0x4003 state-kr 0x0 pc 0x109a95e22 leaf __semwait_signal+0xa frames: 0x109a95e22 0x1042a0ce5 0x1041d50a2 0x1042a3d29 0x1042a2ea6 0x1042a2a89 0x10423a53e 0x1042a0709 0x109a91e9e
   2.345 TIGER-SAMPLE pid 0xcda n 0x6 thread 0x4103 thread 0x4103 state-kr 0x0 pc 0x109a95e22 leaf __semwait_signal+0xa frames: 0x109a95e22 0x1042a0ce5 0x1041d50a2 0x1041d4b56 0x10423a53e 0x1042a0709 0x109a91e9e
   2.425 [com.apple.WebKit:Layout:4] [webFrameID=4294967297, webPageID=5] WebLocalFrameLoaderClient::dispatchDidReachLayoutMilestone: dispatching DidReachLayoutMilestone (milestones=DidFirstMeaningfulPaint)
   2.448 TIGER-SAMPLE pid 0xcdc n 0x4 main 0xd03 thread 0xd03 state-kr 0x0 pc 0x90009817 leaf mach_msg_trap+0x7 frames: 0x90009817 0x9082d227 0x9083e100 0x300dd27 0x45d1f 0x8d14 0x8ce2 0x8c09 0x3
   2.448 TIGER-SAMPLE pid 0xcdc n 0x4 thread 0x1103 thread 0x1103 state-kr 0x0 pc 0x90009817 leaf mach_msg_trap+0x7 frames: 0x90009817 0x149388 0x90023d67
   2.448 TIGER-SAMPLE pid 0xcdc n 0x4 thread 0x1303 thread 0x1303 state-kr 0x0 pc 0x900bc3fc leaf poll+0xc frames: 0x900bc3fc 0x14c054 0x2fac96b 0x3014931 0x90023d67
   2.449 TIGER-SAMPLE pid 0xcdc n 0x4 thread 0x2507 thread 0x2507 state-kr 0x0 pc 0x90024407 leaf semaphore_wait_signal_trap+0x7 frames: 0x90024407 0x3577e 0x90023d67
   2.449 TIGER-SAMPLE pid 0xcdc n 0x4 thread 0x2703 thread 0x2703 state-kr 0x0 pc 0x900bc3fc leaf poll+0xc frames: 0x900bc3fc 0x14c054 0x2fac96b 0x3014931 0x90023d67
   2.449 TIGER-SAMPLE pid 0xcdc n 0x4 thread 0x2903 thread 0x2903 state-kr 0x0 pc 0x90024407 leaf semaphore_wait_signal_trap+0x7 frames: 0x90024407 0x3577e 0x90023d67
   2.449 TIGER-SAMPLE pid 0xcdc n 0x4 thread 0x2b03 thread 0x2b03 state-kr 0x0 pc 0x90024407 leaf semaphore_wait_signal_trap+0x7 frames: 0x90024407 0x3577e 0x90023d67
   2.450 TIGER-SAMPLE pid 0xcdc n 0x4 thread 0x2d03 thread 0x2d03 state-kr 0x0 pc 0x90024407 leaf semaphore_wait_signal_trap+0x7 frames: 0x90024407 0x3577e 0x90023d67
   2.453 TIGER-SAMPLE pid 0xcdc n 0x4 thread 0x2f03 thread 0x2f03 state-kr 0x0 pc 0x13bb3c leaf _ZN3IPC25StreamConnectionWorkQueue14processStreamsEv+0x3c frames: 0x13bb3c 0x13f790 0x2fac96b 0x3014931 0x90023d67
   2.453 TIGER-SAMPLE pid 0xcdc n 0x4 thread 0x3103 thread 0x3103 state-kr 0x0 pc 0x900bc3fcTIGER-SAMPLE pid 0xcd7 n 0x8 main  leaf 0x117poll+0xc thread  frames:0x117  state-kr 0x900bc3fc0x0  pc 0x14c0540x90009817 0x2fac96b 0x3014931 0x90023d67
   2.453  leaf mach_msg_trap+0x7 frames: 0x90009817 0x9082d227 0x9082ca42 0x92e06878 0x92e05f82 0x92e05dd9 0x9328cf45 0x9328cb37 0x932868c4 0x8af6 0x82f2 0x8219 0x5
   2.454 TIGER-SAMPLE pid 0xcd7 n 0x8 thread 0x1203 thread 0x1203 state-kr 0x0 pc 0x90009817 leaf mach_msg_trap+0x7 frames: 0x90009817 0x2ca6d8 0x90023d67
   2.454 TIGER-SAMPLE pid 0xcd7 n 0x8 thread 0x3207 thread 0x3207 state-kr 0x0 pc 0x90024407 leaf semaphore_wait_signal_trap+0x7 frames: 0x90024407 0x364de 0x90023d67
   2.454 TIGER-SAMPLE pid 0xcd7 n 0x8 thread 0x3403 thread 0x3403 state-kr 0x0 pc 0x90024407 leaf semaphore_wait_signal_trap+0x7 frames: 0x90024407 0x364de 0x90023d67
   2.455 TIGER-SAMPLE pid 0xcd7 n 0x8 thread 0x5103 thread 0x5103 state-kr 0x0 pc 0x900bc3fc leaf poll+0xc frames: 0x900bc3fc 0x2cd134 0x313210b 0x319b321 0x90023d67
   2.455 TIGER-SAMPLE pid 0xcd7 n 0x8 thread 0x5203 thread 0x5203 state-kr 0x0 pc 0x90024407 leaf semaphore_wait_signal_trap+0x7 frames: 0x90024407 0x364de 0x90023d67
   2.455 TIGER-SAMPLE pid 0xcd7 n 0x8 thread 0x5403 thread 0x5403 state-kr 0x0 pc 0x900bc3fc leaf poll+0xc frames: 0x900bc3fc 0x2cd134 0x313210b 0x319b321 0x90023d67
   2.456 TIGER-SAMPLE pid 0xcd7 n 0x8 thread 0x5503 thread 0x5503 state-kr 0x0 pc 0x90024407 leaf semaphore_wait_signal_trap+0x7 frames: 0x90024407 0x364de 0x90023d67
   2.456 TIGER-SAMPLE pid 0xcd7 n 0x8 thread 0x5307 thread 0x5307 state-kr 0x0 pc 0x900bc3fc leaf poll+0xc frames: 0x900bc3fc 0x2cd134 0x313210b 0x319b321 0x90023d67
   2.456 TIGER-SAMPLE pid 0xcd7 n 0x8 thread 0x5e07 thread 0x5e07 state-kr 0x0 pc 0x90024407 leaf semaphore_wait_signal_trap+0x7 frames: 0x90024407 0x915a96ab 0x915c3ddc 0x90023d67
   2.535 TIGER-SAMPLE pid 0xcdb n 0x7 main 0xd03 thread 0xd03 state-kr 0x0 pc 0x109895e22 leaf __semwait_signal+0xa frames: 0x109895e22 0x10409d117 0x103fcdc62 0x1040a0249 0x10409f336 0x10409ef19 0x10004a86b 0x100001c4c 0x100001b61 0x3
   2.535 TIGER-SAMPLE pid 0xcdb n 0x7 thread 0xf03 thread 0xf03 state-kr 0x0 pc 0x1098dfe4e leaf mach_msg_trap+0xa frames: 0x1098dfe4e 0x100328002 0x109891e9e
   2.536 TIGER-SAMPLE pid 0xcdb n 0x7 thread 0x1103 thread 0x1103 state-kr 0x0 pc 0x109895e22 leaf __semwait_signal+0xa frames: 0x109895e22 0x10409d0d5 0x103fcdc62 0x1040a0249 0x10409f336 0x10409ef19 0x1040342fe 0x10409caf9 0x109891e9e
   2.536 TIGER-SAMPLE pid 0xcdb n 0x7 thread 0x2303 thread 0x2303 state-kr 0x0 pc 0x1098467e6 leaf poll+0xa frames: 0x1098467e6 0x1040342fe 0x10409caf9 0x109891e9e
   2.544 TIGER-SAMPLE pid 0xcdb n 0x7 thread 0x2407 thread 0x2407 state-kr 0x0 pc 0x109895e22 leaf __semwait_signal+0xa frames: 0x109895e22 0x10409d0d5 0x103fcdc62 0x1040a0249 0x10409f336 0x10409ef19 0x1040342fe 0x10409caf9 0x109891e9e
   2.544 TIGER-SAMPLE pid 0xcdb n 0x7 thread 0x2503 thread 0x2503 state-kr 0x0 pc 0x109895e22 leaf __semwait_signal+0xa frames: 0x109895e22 0x10409d0d5 0x103fcdc62 0x1040a0249 0x10409f336 0x10409ef19 0x1040342fe 0x10409caf9 0x109891e9e
   2.544 TIGER-SAMPLE pid 0xcdb n 0x7 thread 0x2603 thread 0x2603 state-kr 0x0 pc 0x109895e22 leaf __semwait_signal+0xa frames: 0x109895e22 0x10409d0d5 0x103fcdc62 0x1040a0249 0x10409f336 0x10409ef19 0x1040342fe 0x10409caf9 0x109891e9e
   2.544 TIGER-SAMPLE pid 0xcdb n 0x7 thread 0x2703 thread 0x2703 state-kr 0x0 pc 0x109895e22 leaf __semwait_signal+0xa frames: 0x109895e22 0x10409d0d5 0x103fcdc62 0x1040a0249 0x10409f336 0x10409ef19 0x1040342fe 0x10409caf9 0x109891e9e
   2.544 TIGER-SAMPLE pid 0xcdb n 0x7 thread 0x2903 thread 0x2903 state-kr 0x0 pc 0x109895e22 leaf __semwait_signal+0xa frames: 0x109895e22 0x10409d0d5 0x103fcdc62 0x1040a0249 0x10409f336 0x10409ef19 0x1040342fe 0x10409caf9 0x109891e9e
   2.544 TIGER-SAMPLE pid 0xcdb n 0x7 thread 0x2a03 thread 0x2a03 state-kr 0x0 pc 0x1098467e6 leaf poll+0xa frames: 0x1098467e6 0x1040342fe 0x10409caf9 0x109891e9e
   2.544 TIGER-SAMPLE pid 0xcdb n 0x7 thread 0x2b03 thread 0x2b03 state-kr 0x0 pc 0x1098467e6 leaf poll+0xa frames: 0x1098467e6 0x104388d27 0x104388eea 0x101f332a7 0x101f3f071 0x1040342fe 0x10409caf9 0x109891e9e
   2.558 
   2.559 TIGER-CRASH pid 0xcdc msgid 0x961 size 0x4c descriptors 0x2 exception 0x1 code 0x1 0x4107f4e0 thread 0x3303 state-kr 0x0 pc 0x90a594c0 leaf objc_msgSend+0x10 frames: 0x90a594c0 0x6027e8c0 0x6026afe3 0x468dd 0x45034 0x13bc2b 0x13f790 0x2fac96b 0x3014931 0x90023d67
   2.600 TIGER-SAMPLE pid 0xcda n 0x7 main 0xd03 thread 0xd03 state-kr 0x0 pc 0x1036bbd41 leaf _ZN3JSC6ParserINS_5LexerIhEEE28parseVariableDeclarationListINS_13SyntaxCheckerEEENT_10ExpressionERS6_RiRNS6_20DestructuringPatternERS7_RNS_14JSTextPositionESE_SE_NS3_25VarDeclarationListContextENS_15DeclarationTypeENS3_10ExportTypeERb+0x621 frames: 0x1036bbd41 0x1036b9b72 0x1036b89b5 0x1036b7f80 0x1036b7cfd 0x1036b4f92 0x1036d3ddb 0x1036d2be4 0x1036af2d2 0x1036b2b13 0x1036aec88 0x1036bbd53 0x1036b9b72 0x1036b89b5 0x1036b8004 0x1036ac2a4 0x1036a8136 0x1036e00ec 0x1036dea16 0x10369a720 0x10369ef4f 0x103698b27 0x1036a0dfd 0x103698b27 0x1036a41eb 0x1036ebaf3 0x1036eb59b 0x1036e3e4e 0x103676f7f 0x103671be4 0x103318ad7 0x103811bf4 0x103812e7f 0x1037d0a2d 0x1037d07c5 0x103cf3b94 0x10364511b 0x1037f61db 0x100c1613d 0x100c16518 0x10176df0e
   2.600 TIGER-SAMPLE pid 0xcda n 0x7 thread 0xf03 thread 0xf03 state-kr 0x0 pc 0x109adfe4e leaf mach_msg_trap+0xa frames: 0x109adfe4e 0x10045bf12 0x109a91e9e
   2.600 TIGER-SAMPLE pid 0xcda n 0x7 thread 0x1103 thread 0x1103 state-kr 0x0 pc 0x109a95e22 leaf __semwait_signal+0xa frames: 0x109a95e22 0x1042a0ce5 0x1041d50a2 0x1042a3d29 0x1042a2ea6 0x1042a2a89 0x10423a53e 0x1042a0709 0x109a91e9e
   2.600 TIGER-SAMPLE pid 0xcda n 0x7 thread 0x2303 thread 0x2303 state-kr 0x0 pc 0x109a95e22 leaf __semwait_signal+0xa frames: 0x109a95e22 0x1042a0ce5 0x1041d50a2 0x1042a3d29 0x1042a2ea6 0x1042a2a89 0x10423a53e 0x1042a0709 0x109a91e9e
   2.600 TIGER-SAMPLE pid 0xcda n 0x7 thread 0x2403 thread 0x2403 state-kr 0x0 pc 0x109a95e22 leaf __semwait_signal+0xa frames: 0x109a95e22 0x1042a0ce5 0x1041d50a2 0x1042a3d29 0x1042a2ea6 0x1042a2a89 0x10423a53e 0x1042a0709 0x109a91e9e
   2.600 TIGER-SAMPLE pid 0xcda n 0x7 thread 0x2503 thread 0x2503 state-kr 0x0 pc 0x109a467e6 leaf poll+0xa frames: 0x109a467e6 0x10423a53e 0x1042a0709 0x109a91e9e
   2.600 TIGER-SAMPLE pid 0xcda n 0x7 thread 0x2603 thread 0x2603 state-kr 0x0 pc 0x109a95e22 leaf __semwait_signal+0xa frames: 0x109a95e22 0x1042a0ce5 0x1041d50a2 0x1042a3d29 0x1042a2ea6 0x1042a2a89 0x10423a53e 0x1042a0709 0x109a91e9e
   2.600 TIGER-SAMPLE pid 0xcda n 0x7 thread 0x2703 thread 0x2703 state-kr 0x0 pc 0x109a467e6 leaf poll+0xa frames: 0x109a467e6 0x10423a53e 0x1042a0709 0x109a91e9e
   2.600 TIGER-SAMPLE pid 0xcda n 0x7 thread 0x2807 thread 0x2807 state-kr 0x0 pc 0x109a95e22 leaf __semwait_signal+0xa frames: 0x109a95e22 0x1042a0ce5 0x1041d50a2 0x1042a3d29 0x1042a2ea6 0x1042a2a89 0x10423a53e 0x1042a0709 0x109a91e9e
   2.600 TIGER-SAMPLE pid 0xcda n 0x7 thread 0x2903 thread 0x2903 state-kr 0x0 pc 0x109a95e22 leaf __semwait_signal+0xa frames: 0x109a95e22 0x1042a0ce5 0x1041d50a2 0x1042a3d29 0x1042a2ea6 0x1042a2a89 0x10423a53e 0x1042a0709 0x109a91e9e
   2.600 TIGER-SAMPLE pid 0xcda n 0x7 thread 0x2a03 thread 0x2a03 state-kr 0x0 pc 0x109a95e22 leaf __semwait_signal+0xa frames: 0x109a95e22 0x1042a0ce5 0x1041d50a2 0x1042a3d29 0x1042a2ea6 0x1042a2a89 0x10423a53e 0x1042a0709 0x109a91e9e
   2.600 TIGER-SAMPLE pid 0xcda n 0x7 thread 0x2c03 thread 0x2c03 state-kr 0x0 pc 0x109a95e22 leaf __semwait_signal+0xa frames: 0x109a95e22 0x1042a0ce5 0x1041d50a2 0x1042a3d29 0x1042a2ea6 0x1042a2a89 0x10423a53e 0x1042a0709 0x109a91e9e
   2.600 TIGER-SAMPLE pid 0xcda n 0x7 thread 0x4003 thread 0x4003 state-kr 0x0 pc 0x109a95e22 leaf __semwait_signal+0xa frames: 0x109a95e22 0x1042a0ce5 0x1041d50a2 0x1042a3d29 0x1042a2ea6 0x1042a2a89 0x10423a53e 0x1042a0709 0x109a91e9e
   2.600 TIGER-SAMPLE pid 0xcda n 0x7 thread 0x4103 thread 0x4103 state-kr 0x0 pc 0x109a95e22 leaf __semwait_signal+0xa frames: 0x109a95e22 0x1042a0ce5 0x1041d50a2 0x1041d4b56 0x10423a53e 0x1042a0709 0x109a91e9e
   2.708 TIGER-SAMPLE pid 0xcd7 n 0x9 main 0x117 thread 0x117 state-kr 0x0 pc 0x90009817 leaf mach_msg_trap+0x7 frames: 0x90009817 0x9082d227 0x9082ca42 0x92e06878 0x92e05f82 0x92e05dd9 0x9328cf45 0x9328cb37 0x932868c4 0x8af6 0x82f2 0x8219 0x5
   2.708 TIGER-SAMPLE pid 0xcd7 n 0x9 thread 0x1203 thread 0x1203 state-kr 0x0 pc 0x90009817 leaf mach_msg_trap+0x7 frames: 0x90009817 0x2ca6d8 0x90023d67
   2.708 TIGER-SAMPLE pid 0xcd7 n 0x9 thread 0x3207 thread 0x3207 state-kr 0x0 pc 0x90024407 leaf semaphore_wait_signal_trap+0x7 frames: 0x90024407 0x364de 0x90023d67
   2.708 TIGER-SAMPLE pid 0xcd7 n 0x9 thread 0x3403 thread 0x3403 state-kr 0x0 pc 0x90024407 leaf semaphore_wait_signal_trap+0x7 frames: 0x90024407 0x364de 0x90023d67
   2.708 TIGER-SAMPLE pid 0xcd7 n 0x9 thread 0x5103 thread 0x5103 state-kr 0x0 pc 0x900bc3fc leaf poll+0xc frames: 0x900bc3fc 0x2cd134 0x313210b 0x319b321 0x90023d67
   2.708 TIGER-SAMPLE pid 0xcd7 n 0x9 thread 0x5203 thread 0x5203 state-kr 0x0 pc 0x90024407 leaf semaphore_wait_signal_trap+0x7 frames: 0x90024407 0x364de 0x90023d67
   2.708 TIGER-SAMPLE pid 0xcd7 n 0x9 thread 0x5403 thread 0x5403 state-kr 0x0 pc 0x900bc3fc leaf poll+0xc frames: 0x900bc3fc 0x2cd134 0x313210b 0x319b321 0x90023d67
   2.708 TIGER-SAMPLE pid 0xcd7 n 0x9 thread 0x5503 thread 0x5503 state-kr 0x0 pc 0x90024407 leaf semaphore_wait_signal_trap+0x7 frames: 0x90024407 0x364de 0x90023d67
   2.708 TIGER-SAMPLE pid 0xcd7 n 0x9 thread 0x5307 thread 0x5307 state-kr 0x0 pc 0x900265fc leaf recvmsg+0xc frames: 0x900265fc 0x2cc6bb 0x2cd134 0x313210b 0x319b321 0x90023d67
   2.709 TIGER-SAMPLE pid 0xcd7 n 0x9 thread 0x5e07 thread 0x5e07 state-kr 0x0 pc 0x90024407 leaf semaphore_wait_signal_trap+0x7 frames: 0x90024407 0x915a96ab 0x915c3ddc 0x90023d67
   2.787 TIGER-SAMPLE pid 0xcdb n 0x8 main 0xd03 thread 0xd03 state-kr 0x0 pc 0x109895e22 leaf __semwait_signal+0xa frames: 0x109895e22 0x10409d117 0x103fcdc62 0x1040a0249 0x10409f336 0x10409ef19 0x10004a86b 0x100001c4c 0x100001b61 0x3
   2.787 TIGER-SAMPLE pid 0xcdb n 0x8 thread 0xf03 thread 0xf03 state-kr 0x0 pc 0x1098dfe4e leaf mach_msg_trap+0xa frames: 0x1098dfe4e 0x100328002 0x109891e9e
   2.788 TIGER-SAMPLE pid 0xcdb n 0x8 thread 0x1103 thread 0x1103 state-kr 0x0 pc 0x109895e22 leaf __semwait_signal+0xa frames: 0x109895e22 0x10409d0d5 0x103fcdc62 0x1040a0249 0x10409f336 0x10409ef19 0x1040342fe 0x10409caf9 0x109891e9e
   2.788 TIGER-SAMPLE pid 0xcdb n 0x8 thread 0x2303 thread 0x2303 state-kr 0x0 pc 0x1098467e6 leaf poll+0xa frames: 0x1098467e6 0x1040342fe 0x10409caf9 0x109891e9e
   2.788 TIGER-SAMPLE pid 0xcdb n 0x8 thread 0x2407 thread 0x2407 state-kr 0x0 pc 0x109895e22 leaf __semwait_signal+0xa frames: 0x109895e22 0x10409d0d5 0x103fcdc62 0x1040a0249 0x10409f336 0x10409ef19 0x1040342fe 0x10409caf9 0x109891e9e
   2.788 TIGER-SAMPLE pid 0xcdb n 0x8 thread 0x2503 thread 0x2503 state-kr 0x0 pc 0x109895e22 leaf __semwait_signal+0xa frames: 0x109895e22 0x10409d0d5 0x103fcdc62 0x1040a0249 0x10409f336 0x10409ef19 0x1040342fe 0x10409caf9 0x109891e9e
   2.789 TIGER-SAMPLE pid 0xcdb n 0x8 thread 0x2603 thread 0x2603 state-kr 0x0 pc 0x109895e22 leaf __semwait_signal+0xa frames: 0x109895e22 0x10409d0d5 0x103fcdc62 0x1040a0249 0x10409f336 0x10409ef19 0x1040342fe 0x10409caf9 0x109891e9e
   2.789 TIGER-SAMPLE pid 0xcdb n 0x8 thread 0x2703 thread 0x2703 state-kr 0x0 pc 0x109895e22 leaf __semwait_signal+0xa frames: 0x109895e22 0x10409d0d5 0x103fcdc62 0x1040a0249 0x10409f336 0x10409ef19 0x1040342fe 0x10409caf9 0x109891e9e
   2.789 TIGER-SAMPLE pid 0xcdb n 0x8 thread 0x2903 thread 0x2903 state-kr 0x0 pc 0x109895e22 leaf __semwait_signal+0xa frames: 0x109895e22 0x10409d0d5 0x103fcdc62 0x1040a0249 0x10409f336 0x10409ef19 0x1040342fe 0x10409caf9 0x109891e9e
   2.789 TIGER-SAMPLE pid 0xcdb n 0x8 thread 0x2a03 thread 0x2a03 state-kr 0x0 pc 0x1098467e6 leaf poll+0xa frames: 0x1098467e6 0x1040342fe 0x10409caf9 0x109891e9e
   2.790 TIGER-SAMPLE pid 0xcdb n 0x8 thread 0x2b03 thread 0x2b03 state-kr 0x0 pc 0x1098467e6 leaf poll+0xa frames: 0x1098467e6 0x104388d27 0x104388eea 0x101f332a7 0x101f3f071 0x1040342fe 0x10409caf9 0x109891e9e
   2.855 TIGER-SAMPLE pid 0xcda n 0x8 main 0xd03 thread 0xd03 state-kr 0x0 pc 0x1037102e6 leaf _ZN3JSC6ParserINS_5LexerIDsEEE21parseMemberExpressionINS_13SyntaxCheckerEEENT_10ExpressionERS6_+0x6 frames: 0x1037102e6 0x10370eba8 0x10371393e 0x1037274f9 0x10371b3f4 0x103718303 0x103717de0 0x103717b5d 0x103714df2 0x103710d6f 0x10370eba8 0x10372ca18 0x10371148f 0x10370eba8 0x103712a33 0x10370eba8 0x10371bc03 0x1037199c2 0x103718809 0x103717e64 0x10370c6c4 0x103708736 0x10373b16c 0x10373a2a8 0x1036fbd10 0x1037001a2 0x1036fa117 0x10370205d 0x1036fa117 0x10370545b 0x10374537f 0x103744e2b 0x10373e56e 0x10368149f 0x10367c0d1 0x103318fc7 0x103811b62 0x103812e7f 0x1037d0a2d 0x1037d07c5 0x103cf3b94
   2.855 TIGER-SAMPLE pid 0xcda n 0x8 thread 0xf03 thread 0xf03 state-kr 0x0 pc 0x109adfe4e leaf mach_msg_trap+0xa frames: 0x109adfe4e 0x10045bf12 0x109a91e9e
   2.855 TIGER-SAMPLE pid 0xcda n 0x8 thread 0x1103 thread 0x1103 state-kr 0x0 pc 0x109a95e22 leaf __semwait_signal+0xa frames: 0x109a95e22 0x1042a0ce5 0x1041d50a2 0x1042a3d29 0x1042a2ea6 0x1042a2a89 0x10423a53e 0x1042a0709 0x109a91e9e
   2.855 TIGER-SAMPLE pid 0xcda n 0x8 thread 0x2303 thread 0x2303 state-kr 0x0 pc 0x109a95e22 leaf __semwait_signal+0xa frames: 0x109a95e22 0x1042a0ce5 0x1041d50a2 0x1042a3d29 0x1042a2ea6 0x1042a2a89 0x10423a53e 0x1042a0709 0x109a91e9e
   2.855 TIGER-SAMPLE pid 0xcda n 0x8 thread 0x2403 thread 0x2403 state-kr 0x0 pc 0x109a95e22 leaf __semwait_signal+0xa frames: 0x109a95e22 0x1042a0ce5 0x1041d50a2 0x1042a3d29 0x1042a2ea6 0x1042a2a89 0x10423a53e 0x1042a0709 0x109a91e9e
   2.855 TIGER-SAMPLE pid 0xcda n 0x8 thread 0x2503 thread 0x2503 state-kr 0x0 pc 0x109a467e6 leaf poll+0xa frames: 0x109a467e6 0x10423a53e 0x1042a0709 0x109a91e9e
   2.855 TIGER-SAMPLE pid 0xcda n 0x8 thread 0x2603 thread 0x2603 state-kr 0x0 pc 0x109a95e22 leaf __semwait_signal+0xa frames: 0x109a95e22 0x1042a0ce5 0x1041d50a2 0x1042a3d29 0x1042a2ea6 0x1042a2a89 0x10423a53e 0x1042a0709 0x109a91e9e
   2.855 TIGER-SAMPLE pid 0xcda n 0x8 thread 0x2703 thread 0x2703 state-kr 0x0 pc 0x109a467e6 leaf poll+0xa frames: 0x109a467e6 0x10423a53e 0x1042a0709 0x109a91e9e
   2.855 TIGER-SAMPLE pid 0xcda n 0x8 thread 0x2807 thread 0x2807 state-kr 0x0 pc 0x109a95e22 leaf __semwait_signal+0xa frames: 0x109a95e22 0x1042a0ce5 0x1041d50a2 0x1042a3d29 0x1042a2ea6 0x1042a2a89 0x10423a53e 0x1042a0709 0x109a91e9e
   2.855 TIGER-SAMPLE pid 0xcda n 0x8 thread 0x2903 thread 0x2903 state-kr 0x0 pc 0x109a95e22 leaf __semwait_signal+0xa frames: 0x109a95e22 0x1042a0ce5 0x1041d50a2 0x1042a3d29 0x1042a2ea6 0x1042a2a89 0x10423a53e 0x1042a0709 0x109a91e9e
   2.855 TIGER-SAMPLE pid 0xcda n 0x8 thread 0x2a03 thread 0x2a03 state-kr 0x0 pc 0x109a95e22 leaf __semwait_signal+0xa frames: 0x109a95e22 0x1042a0ce5 0x1041d50a2 0x1042a3d29 0x1042a2ea6 0x1042a2a89 0x10423a53e 0x1042a0709 0x109a91e9e
   2.855 TIGER-SAMPLE pid 0xcda n 0x8 thread 0x2c03 thread 0x2c03 state-kr 0x0 pc 0x109a95e22 leaf __semwait_signal+0xa frames: 0x109a95e22 0x1042a0ce5 0x1041d50a2 0x1042a3d29 0x1042a2ea6 0x1042a2a89 0x10423a53e 0x1042a0709 0x109a91e9e
   2.855 TIGER-SAMPLE pid 0xcda n 0x8 thread 0x4003 thread 0x4003 state-kr 0x0 pc 0x109a95e22 leaf __semwait_signal+0xa frames: 0x109a95e22 0x1042a0ce5 0x1041d50a2 0x1042a3d29 0x1042a2ea6 0x1042a2a89 0x10423a53e 0x1042a0709 0x109a91e9e
   2.855 TIGER-SAMPLE pid 0xcda n 0x8 thread 0x4103 thread 0x4103 state-kr 0x0 pc 0x109a95e22 leaf __semwait_signal+0xa frames: 0x109a95e22 0x1042a0ce5 0x1041d50a2 0x1041d4b56 0x10423a53e 0x1042a0709 0x109a91e9e
   2.960 TIGER-SAMPLE pid 0xcd7 n 0xa main 0x117 thread 0x117 state-kr 0x0 pc 0x90009817 leaf mach_msg_trap+0x7 frames: 0x90009817 0x9082d227 0x9082ca42 0x92e06878 0x92e05f82 0x92e05dd9 0x9328cf45 0x9328cb37 0x932868c4 0x8af6 0x82f2 0x8219 0x5
   2.961 TIGER-SAMPLE pid 0xcd7 n 0xa thread 0x1203 thread 0x1203 state-kr 0x0 pc 0x90009817 leaf mach_msg_trap+0x7 frames: 0x90009817 0x2ca6d8 0x90023d67
   2.961 TIGER-SAMPLE pid 0xcd7 n 0xa thread 0x3207 thread 0x3207 state-kr 0x0 pc 0x90024407 leaf semaphore_wait_signal_trap+0x7 frames: 0x90024407 0x364de 0x90023d67
   2.961 TIGER-SAMPLE pid 0xcd7 n 0xa thread 0x3403 thread 0x3403 state-kr 0x0 pc 0x90024407 leaf semaphore_wait_signal_trap+0x7 frames: 0x90024407 0x364de 0x90023d67
   2.961 TIGER-SAMPLE pid 0xcd7 n 0xa thread 0x5103 thread 0x5103 state-kr 0x0 pc 0x900bc3fc leaf poll+0xc frames: 0x900bc3fc 0x2cd134 0x313210b 0x319b321 0x90023d67
   2.961 TIGER-SAMPLE pid 0xcd7 n 0xa thread 0x5203 thread 0x5203 state-kr 0x0 pc 0x90024407 leaf semaphore_wait_signal_trap+0x7 frames: 0x90024407 0x364de 0x90023d67
   2.961 TIGER-SAMPLE pid 0xcd7 n 0xa thread 0x5403 thread 0x5403 state-kr 0x0 pc 0x900bc3fc leaf poll+0xc frames: 0x900bc3fc 0x2cd134 0x313210b 0x319b321 0x90023d67
   2.961 TIGER-SAMPLE pid 0xcd7 n 0xa thread 0x5503 thread 0x5503 state-kr 0x0 pc 0x90024407 leaf semaphore_wait_signal_trap+0x7 frames: 0x90024407 0x364de 0x90023d67
   2.965 TIGER-SAMPLE pid 0xcd7 n 0xa thread 0x5307 thread 0x5307 state-kr 0x0 pc 0x310b211 leaf _ZN3WTF8fastFreeEPv+0x1 frames: 0x310b211 0x2cc6bb 0x2cd134 0x313210b 0x319b321 0x90023d67
   2.965 TIGER-SAMPLE pid 0xcd7 n 0xa thread 0x5e07 thread 0x5e07 state-kr 0x0 pc 0x90024407 leaf semaphore_wait_signal_trap+0x7 frames: 0x90024407 0x915a96ab 0x915c3ddc 0x90023d67
   3.041 TIGER-SAMPLE pid 0xcdb n 0x9 main 0xd03 thread 0xd03 state-kr 0x0 pc 0x109895e22 leaf __semwait_signal+0xa frames: 0x109895e22 0x10409d117 0x103fcdc62 0x1040a0249 0x10409f336 0x10409ef19 0x10004a86b 0x100001c4c 0x100001b61 0x3
   3.041 TIGER-SAMPLE pid 0xcdb n 0x9 thread 0xf03 thread 0xf03 state-kr 0x0 pc 0x1098dfe4e leaf mach_msg_trap+0xa frames: 0x1098dfe4e 0x100328002 0x109891e9e
   3.041 TIGER-SAMPLE pid 0xcdb n 0x9 thread 0x1103 thread 0x1103 state-kr 0x0 pc 0x109895e22 leaf __semwait_signal+0xa frames: 0x109895e22 0x10409d0d5 0x103fcdc62 0x1040a0249 0x10409f336 0x10409ef19 0x1040342fe 0x10409caf9 0x109891e9e
   3.041 TIGER-SAMPLE pid 0xcdb n 0x9 thread 0x2303 thread 0x2303 state-kr 0x0 pc 0x1098467e6 leaf poll+0xa frames: 0x1098467e6 0x1040342fe 0x10409caf9 0x109891e9e
   3.041 TIGER-SAMPLE pid 0xcdb n 0x9 thread 0x2407 thread 0x2407 state-kr 0x0 pc 0x109895e22 leaf __semwait_signal+0xa frames: 0x109895e22 0x10409d0d5 0x103fcdc62 0x1040a0249 0x10409f336 0x10409ef19 0x1040342fe 0x10409caf9 0x109891e9e
   3.041 TIGER-SAMPLE pid 0xcdb n 0x9 thread 0x2503 thread 0x2503 state-kr 0x0 pc 0x109895e22 leaf __semwait_signal+0xa frames: 0x109895e22 0x10409d0d5 0x103fcdc62 0x1040a0249 0x10409f336 0x10409ef19 0x1040342fe 0x10409caf9 0x109891e9e
   3.041 TIGER-SAMPLE pid 0xcdb n 0x9 thread 0x2603 thread 0x2603 state-kr 0x0 pc 0x109895e22 leaf __semwait_signal+0xa frames: 0x109895e22 0x10409d0d5 0x103fcdc62 0x1040a0249 0x10409f336 0x10409ef19 0x1040342fe 0x10409caf9 0x109891e9e
   3.042 TIGER-SAMPLE pid 0xcdb n 0x9 thread 0x2703 thread 0x2703 state-kr 0x0 pc 0x109895e22 leaf __semwait_signal+0xa frames: 0x109895e22 0x10409d0d5 0x103fcdc62 0x1040a0249 0x10409f336 0x10409ef19 0x1040342fe 0x10409caf9 0x109891e9e
   3.042 TIGER-SAMPLE pid 0xcdb n 0x9 thread 0x2903 thread 0x2903 state-kr 0x0 pc 0x109895e22 leaf __semwait_signal+0xa frames: 0x109895e22 0x10409d0d5 0x103fcdc62 0x1040a0249 0x10409f336 0x10409ef19 0x1040342fe 0x10409caf9 0x109891e9e
   3.042 TIGER-SAMPLE pid 0xcdb n 0x9 thread 0x2a03 thread 0x2a03 state-kr 0x0 pc 0x1098467e6 leaf poll+0xa frames: 0x1098467e6 0x1040342fe 0x10409caf9 0x109891e9e
   3.042 TIGER-SAMPLE pid 0xcdb n 0x9 thread 0x2b03 thread 0x2b03 state-kr 0x0 pc 0x1098467e6 leaf poll+0xa frames: 0x1098467e6 0x104388d27 0x104388eea 0x101f332a7 0x101f3f071 0x1040342fe 0x10409caf9 0x109891e9e
   3.110 TIGER-SAMPLE pid 0xcda n 0x9 main 0xd03 thread 0xd03 state-kr 0x0 pc 0x10364e21f leaf _ZN3JSC5LexerIhE32lexWithoutClearingLineTerminatorEPNS_7JSTokenEN3WTF9OptionSetINS_10LexerFlagsELNS4_14ConcurrencyTagE0EEEb+0xe3f frames: 0x10364e21f 0x10369ae9e 0x1036a41eb 0x1036f1004 0x1036eb484 0x1036e3e4e 0x103676f7f 0x1036d7f72 0x1036eb313 0x1036e3e4e 0x103676eea 0x103671be4 0x102a3da12 0x102a3d594 0x102a3b1c9 0x103d53956 0x103d5464d 0x10319a92a 0x10d009017 0x1049e96a8 0x1049e96a8 0x1049e9a03 0x1049e96a8 0x1049e96a8 0x1049e96a8 0x1049e96a8 0x1049ea828 0x1049ea828 0x1049ea828 0x1049ea828 0x1049e96a8 0x1049e96a8 0x1049e96a8 0x1049e96a8 0x1049ea828 0x1049e96a8 0x1049e96a8 0x1049ea828 0x1049ea828 0x1049ea828 0x10d015cc5
   3.110 TIGER-SAMPLE pid 0xcda n 0x9 thread 0xf03 thread 0xf03 state-kr 0x0 pc 0x109adfe4e leaf mach_msg_trap+0xa frames: 0x109adfe4e 0x10045bf12 0x109a91e9e
   3.110 TIGER-SAMPLE pid 0xcda n 0x9 thread 0x1103 thread 0x1103 state-kr 0x0 pc 0x109a95e22 leaf __semwait_signal+0xa frames: 0x109a95e22 0x1042a0ce5 0x1041d50a2 0x1042a3d29 0x1042a2ea6 0x1042a2a89 0x10423a53e 0x1042a0709 0x109a91e9e
   3.110 TIGER-SAMPLE pid 0xcda n 0x9 thread 0x2303 thread 0x2303 state-kr 0x0 pc 0x109a95e22 leaf __semwait_signal+0xa frames: 0x109a95e22 0x1042a0ce5 0x1041d50a2 0x1042a3d29 0x1042a2ea6 0x1042a2a89 0x10423a53e 0x1042a0709 0x109a91e9e
   3.110 TIGER-SAMPLE pid 0xcda n 0x9 thread 0x2403 thread 0x2403 state-kr 0x0 pc 0x109a95e22 leaf __semwait_signal+0xa frames: 0x109a95e22 0x1042a0ce5 0x1041d50a2 0x1042a3d29 0x1042a2ea6 0x1042a2a89 0x10423a53e 0x1042a0709 0x109a91e9e
   3.110 TIGER-SAMPLE pid 0xcda n 0x9 thread 0x2503 thread 0x2503 state-kr 0x0 pc 0x109a467e6 leaf poll+0xa frames: 0x109a467e6 0x10423a53e 0x1042a0709 0x109a91e9e
   3.110 TIGER-SAMPLE pid 0xcda n 0x9 thread 0x2603 thread 0x2603 state-kr 0x0 pc 0x109a95e22 leaf __semwait_signal+0xa frames: 0x109a95e22 0x1042a0ce5 0x1041d50a2 0x1042a3d29 0x1042a2ea6 0x1042a2a89 0x10423a53e 0x1042a0709 0x109a91e9e
   3.110 TIGER-SAMPLE pid 0xcda n 0x9 thread 0x2703 thread 0x2703 state-kr 0x0 pc 0x109a467e6 leaf poll+0xa frames: 0x109a467e6 0x10423a53e 0x1042a0709 0x109a91e9e
   3.110 TIGER-SAMPLE pid 0xcda n 0x9 thread 0x2807 thread 0x2807 state-kr 0x0 pc 0x109a95e22 leaf __semwait_signal+0xa frames: 0x109a95e22 0x1042a0ce5 0x1041d50a2 0x1042a3d29 0x1042a2ea6 0x1042a2a89 0x10423a53e 0x1042a0709 0x109a91e9e
   3.110 TIGER-SAMPLE pid 0xcda n 0x9 thread 0x2903 thread 0x2903 state-kr 0x0 pc 0x109a95e22 leaf __semwait_signal+0xa frames: 0x109a95e22 0x1042a0ce5 0x1041d50a2 0x1042a3d29 0x1042a2ea6 0x1042a2a89 0x10423a53e 0x1042a0709 0x109a91e9e
   3.110 TIGER-SAMPLE pid 0xcda n 0x9 thread 0x2a03 thread 0x2a03 state-kr 0x0 pc 0x109a95e22 leaf __semwait_signal+0xa frames: 0x109a95e22 0x1042a0ce5 0x1041d50a2 0x1042a3d29 0x1042a2ea6 0x1042a2a89 0x10423a53e 0x1042a0709 0x109a91e9e
   3.110 TIGER-SAMPLE pid 0xcda n 0x9 thread 0x2c03 thread 0x2c03 state-kr 0x0 pc 0x109a95e22 leaf __semwait_signal+0xa frames: 0x109a95e22 0x1042a0ce5 0x1041d50a2 0x1042a3d29 0x1042a2ea6 0x1042a2a89 0x10423a53e 0x1042a0709 0x109a91e9e
   3.110 TIGER-SAMPLE pid 0xcda n 0x9 thread 0x4003 thread 0x4003 state-kr 0x0 pc 0x109a95e22 leaf __semwait_signal+0xa frames: 0x109a95e22 0x1042a0ce5 0x1041d50a2 0x1042a3d29 0x1042a2ea6 0x1042a2a89 0x10423a53e 0x1042a0709 0x109a91e9e
   3.110 TIGER-SAMPLE pid 0xcda n 0x9 thread 0x4103 thread 0x4103 state-kr 0x0 pc 0x109a95e22 leaf __semwait_signal+0xa frames: 0x109a95e22 0x1042a0ce5 0x1041d50a2 0x1041d4b56 0x10423a53e 0x1042a0709 0x109a91e9e
   3.110 TIGER-SAMPLE pid 0xcda n 0x9 thread 0x2d0b thread 0x2d0b state-kr 0x0 pc 0x109a95e22 leaf __semwait_signal+0xa frames: 0x109a95e22 0x1042a0d27 0x1041d50a2 0x1041b1c77 0x10423a53e 0x1042a0709 0x109a91e9e
   3.110 TIGER-SAMPLE pid 0xcda n 0x9 thread 0x4303 thread 0x4303 state-kr 0x0 pc 0x109a95e22 leaf __semwait_signal+0xa frames: 0x109a95e22 0x1042a0d27 0x1041d50a2 0x1041b1c77 0x10423a53e 0x1042a0709 0x109a91e9e
   3.110 TIGER-SAMPLE pid 0xcda n 0x9 thread 0x4503 thread 0x4503 state-kr 0x0 pc 0x109a95e22 leaf __semwait_signal+0xa frames: 0x109a95e22 0x1042a0ce5 0x1041d50a2 0x1042a3d29 0x1042a2ea6 0x1042a2a89 0x10423a53e 0x1042a0709 0x109a91e9e
   3.216 TIGER-SAMPLE pid 0xcd7 n 0xb main 0x117 thread 0x117 state-kr 0x0 pc 0x90009817 leaf mach_msg_trap+0x7 frames: 0x90009817 0x9082d227 0x9082ca42 0x92e06878 0x92e05f82 0x92e05dd9 0x9328cf45 0x9328cb37 0x932868c4 0x8af6 0x82f2 0x8219 0x5
   3.216 TIGER-SAMPLE pid 0xcd7 n 0xb thread 0x1203 thread 0x1203 state-kr 0x0 pc 0x90009817 leaf mach_msg_trap+0x7 frames: 0x90009817 0x2ca6d8 0x90023d67
   3.216 TIGER-SAMPLE pid 0xcd7 n 0xb thread 0x3207 thread 0x3207 state-kr 0x0 pc 0x90024407 leaf semaphore_wait_signal_trap+0x7 frames: 0x90024407 0x364de 0x90023d67
   3.216 TIGER-SAMPLE pid 0xcd7 n 0xb thread 0x3403 thread 0x3403 state-kr 0x0 pc 0x90024407 leaf semaphore_wait_signal_trap+0x7 frames: 0x90024407 0x364de 0x90023d67
   3.216 TIGER-SAMPLE pid 0xcd7 n 0xb thread 0x5103 thread 0x5103 state-kr 0x0 pc 0x900bc3fc leaf poll+0xc frames: 0x900bc3fc 0x2cd134 0x313210b 0x319b321 0x90023d67
   3.216 TIGER-SAMPLE pid 0xcd7 n 0xb thread 0x5203 thread 0x5203 state-kr 0x0 pc 0x90024407 leaf semaphore_wait_signal_trap+0x7 frames: 0x90024407 0x364de 0x90023d67
   3.216 TIGER-SAMPLE pid 0xcd7 n 0xb thread 0x5403 thread 0x5403 state-kr 0x0 pc 0x900bc3fc leaf poll+0xc frames: 0x900bc3fc 0x2cd134 0x313210b 0x319b321 0x90023d67
   3.216 TIGER-SAMPLE pid 0xcd7 n 0xb thread 0x5503 thread 0x5503 state-kr 0x0 pc 0x90024407 leaf semaphore_wait_signal_trap+0x7 frames: 0x90024407 0x364de 0x90023d67
   3.216 TIGER-SAMPLE pid 0xcd7 n 0xb thread 0x5307 thread 0x5307 state-kr 0x0 pc 0x900265fc leaf recvmsg+0xc frames: 0x900265fc 0x2cc6bb 0x2cd134 0x313210b 0x319b321 0x90023d67
   3.216 TIGER-SAMPLE pid 0xcd7 n 0xb thread 0x5e07 thread 0x5e07 state-kr 0x0 pc 0x90024407 leaf semaphore_wait_signal_trap+0x7 frames: 0x90024407 0x915a96ab 0x915c3ddc 0x90023d67
   3.293 TIGER-SAMPLE pid 0xcdb n 0xa main 0xd03 thread 0xd03 state-kr 0x0 pc 0x109895e22 leaf __semwait_signal+0xa frames: 0x109895e22 0x10409d117 0x103fcdc62 0x1040a0249 0x10409f336 0x10409ef19 0x10004a86b 0x100001c4c 0x100001b61 0x3
   3.293 TIGER-SAMPLE pid 0xcdb n 0xa thread 0xf03 thread 0xf03 state-kr 0x0 pc 0x1098dfe4e leaf mach_msg_trap+0xa frames: 0x1098dfe4e 0x100328002 0x109891e9e
   3.293 TIGER-SAMPLE pid 0xcdb n 0xa thread 0x1103 thread 0x1103 state-kr 0x0 pc 0x109895e22 leaf __semwait_signal+0xa frames: 0x109895e22 0x10409d0d5 0x103fcdc62 0x1040a0249 0x10409f336 0x10409ef19 0x1040342fe 0x10409caf9 0x109891e9e
   3.293 TIGER-SAMPLE pid 0xcdb n 0xa thread 0x2303 thread 0x2303 state-kr 0x0 pc 0x1098467e6 leaf poll+0xa frames: 0x1098467e6 0x1040342fe 0x10409caf9 0x109891e9e
   3.293 TIGER-SAMPLE pid 0xcdb n 0xa thread 0x2407 thread 0x2407 state-kr 0x0 pc 0x109895e22 leaf __semwait_signal+0xa frames: 0x109895e22 0x10409d0d5 0x103fcdc62 0x1040a0249 0x10409f336 0x10409ef19 0x1040342fe 0x10409caf9 0x109891e9e
   3.293 TIGER-SAMPLE pid 0xcdb n 0xa thread 0x2503 thread 0x2503 state-kr 0x0 pc 0x109895e22 leaf __semwait_signal+0xa frames: 0x109895e22 0x10409d0d5 0x103fcdc62 0x1040a0249 0x10409f336 0x10409ef19 0x1040342fe 0x10409caf9 0x109891e9e
   3.293 TIGER-SAMPLE pid 0xcdb n 0xa thread 0x2603 thread 0x2603 state-kr 0x0 pc 0x109895e22 leaf __semwait_signal+0xa frames: 0x109895e22 0x10409d0d5 0x103fcdc62 0x1040a0249 0x10409f336 0x10409ef19 0x1040342fe 0x10409caf9 0x109891e9e
   3.293 TIGER-SAMPLE pid 0xcdb n 0xa thread 0x2703 thread 0x2703 state-kr 0x0 pc 0x109895e22 leaf __semwait_signal+0xa frames: 0x109895e22 0x10409d0d5 0x103fcdc62 0x1040a0249 0x10409f336 0x10409ef19 0x1040342fe 0x10409caf9 0x109891e9e
   3.293 TIGER-SAMPLE pid 0xcdb n 0xa thread 0x2903 thread 0x2903 state-kr 0x0 pc 0x109895e22 leaf __semwait_signal+0xa frames: 0x109895e22 0x10409d0d5 0x103fcdc62 0x1040a0249 0x10409f336 0x10409ef19 0x1040342fe 0x10409caf9 0x109891e9e
   3.293 TIGER-SAMPLE pid 0xcdb n 0xa thread 0x2a03 thread 0x2a03 state-kr 0x0 pc 0x1098467e6 leaf poll+0xa frames: 0x1098467e6 0x1040342fe 0x10409caf9 0x109891e9e
   3.293 TIGER-SAMPLE pid 0xcdb n 0xa thread 0x2b03 thread 0x2b03 state-kr 0x0 pc 0x1098467e6 leaf poll+0xa frames: 0x1098467e6 0x104388d27 0x104388eea 0x101f332a7 0x101f3f071 0x1040342fe 0x10409caf9 0x109891e9e
   3.335 [com.apple.WebKit:Loading:4] 0x109a129c0 - [webProcessIdentifier=3] NetworkConnectionToWebProcess::scheduleResourceLoad: (parentPID=3287, pageProxyID=4, webPageID=5, frameID=4294967297, resourceID=264, existingLoaderToResume=0)
   3.335 [com.apple.WebKit:Loading:4] 0x109a129c0 - [webProcessIdentifier=3] NetworkConnectionToWebProcess::resolveBlobReferences: (parentPID=3287, pageProxyID=4, webPageID=5, frameID=4294967297, resourceID=264)
   3.365 TIGER-SAMPLE pid 0xcda n 0xa main 0xd03 thread 0xd03 state-kr 0x0 pc 0x102a6ec72 leaf _ZN3JSC16PropertyListNode23emitPutConstantPropertyERNS_17BytecodeGeneratorEPNS_10RegisterIDERNS_12PropertyNodeE+0x742 frames: 0x102a6ec72 0x102a6ce6c 0x102a6c0ab 0x102a8d973 0x102a91573 0x102a91987 0x102aa5c7c 0x102a91852 0x102aa5c7c 0x102a984c1 0x102a40120 0x102a3d879 0x102a3b3bd 0x103d53956 0x103d5464d 0x10319a4e6 0x10d00a616 0x10d029e11 0x10d0294f4 0x10d02a5ad 0x1049e96a8 0x1049c81c4 0x1039a8297 0x103cbf4ce 0x1017269d5 0x1016fe653 0x100bfd310 0x100beb9e2 0x100c16148 0x100c16518 0x10176df0e 0x10171b447 0x10176ea4c 0x10176ef0f 0x101ac61a1 0x101ac6e8a 0x101a9b02e 0x101aa6260 0x101ac4e84 0x10261cc2f 0x1042a2c47
   3.365 TIGER-SAMPLE pid 0xcda n 0xa thread 0xf03 thread 0xf03 state-kr 0x0 pc 0x109adfe4e leaf mach_msg_trap+0xa frames: 0x109adfe4e 0x10045bf12 0x109a91e9e
   3.365 TIGER-SAMPLE pid 0xcda n 0xa thread 0x1103 thread 0x1103 state-kr 0x0 pc 0x109a95e22 leaf __semwait_signal+0xa frames: 0x109a95e22 0x1042a0ce5 0x1041d50a2 0x1042a3d29 0x1042a2ea6 0x1042a2a89 0x10423a53e 0x1042a0709 0x109a91e9e
   3.365 TIGER-SAMPLE pid 0xcda n 0xa thread 0x2303 thread 0x2303 state-kr 0x0 pc 0x109a95e22 leaf __semwait_signal+0xa frames: 0x109a95e22 0x1042a0ce5 0x1041d50a2 0x1042a3d29 0x1042a2ea6 0x1042a2a89 0x10423a53e 0x1042a0709 0x109a91e9e
   3.365 TIGER-SAMPLE pid 0xcda n 0xa thread 0x2403 thread 0x2403 state-kr 0x0 pc 0x109a95e22 leaf __semwait_signal+0xa frames: 0x109a95e22 0x1042a0ce5 0x1041d50a2 0x1042a3d29 0x1042a2ea6 0x1042a2a89 0x10423a53e 0x1042a0709 0x109a91e9e
   3.365 TIGER-SAMPLE pid 0xcda n 0xa thread 0x2503 thread 0x2503 state-kr 0x0 pc 0x109a467e6 leaf poll+0xa frames: 0x109a467e6 0x10423a53e 0x1042a0709 0x109a91e9e
   3.365 TIGER-SAMPLE pid 0xcda n 0xa thread 0x2603 thread 0x2603 state-kr 0x0 pc 0x109a95e22 leaf __semwait_signal+0xa frames: 0x109a95e22 0x1042a0ce5 0x1041d50a2 0x1042a3d29 0x1042a2ea6 0x1042a2a89 0x10423a53e 0x1042a0709 0x109a91e9e
   3.365 TIGER-SAMPLE pid 0xcda n 0xa thread 0x2703 thread 0x2703 state-kr 0x0 pc 0x109a467e6 leaf poll+0xa frames: 0x109a467e6 0x10423a53e 0x1042a0709 0x109a91e9e
   3.365 TIGER-SAMPLE pid 0xcda n 0xa thread 0x2807 thread 0x2807 state-kr 0x0 pc 0x109a95e22 leaf __semwait_signal+0xa frames: 0x109a95e22 0x1042a0ce5 0x1041d50a2 0x1042a3d29 0x1042a2ea6 0x1042a2a89 0x10423a53e 0x1042a0709 0x109a91e9e
   3.365 TIGER-SAMPLE pid 0xcda n 0xa thread 0x2903 thread 0x2903 state-kr 0x0 pc 0x109a95e22 leaf __semwait_signal+0xa frames: 0x109a95e22 0x1042a0ce5 0x1041d50a2 0x1042a3d29 0x1042a2ea6 0x1042a2a89 0x10423a53e 0x1042a0709 0x109a91e9e
   3.365 TIGER-SAMPLE pid 0xcda n 0xa thread 0x2a03 thread 0x2a03 state-kr 0x0 pc 0x109a95e22 leaf __semwait_signal+0xa frames: 0x109a95e22 0x1042a0ce5 0x1041d50a2 0x1042a3d29 0x1042a2ea6 0x1042a2a89 0x10423a53e 0x1042a0709 0x109a91e9e
   3.365 TIGER-SAMPLE pid 0xcda n 0xa thread 0x2c03 thread 0x2c03 state-kr 0x0 pc 0x109a95e22 leaf __semwait_signal+0xa frames: 0x109a95e22 0x1042a0ce5 0x1041d50a2 0x1042a3d29 0x1042a2ea6 0x1042a2a89 0x10423a53e 0x1042a0709 0x109a91e9e
   3.365 TIGER-SAMPLE pid 0xcda n 0xa thread 0x4003 thread 0x4003 state-kr 0x0 pc 0x109a95e22 leaf __semwait_signal+0xa frames: 0x109a95e22 0x1042a0ce5 0x1041d50a2 0x1042a3d29 0x1042a2ea6 0x1042a2a89 0x10423a53e 0x1042a0709 0x109a91e9e
   3.365 TIGER-SAMPLE pid 0xcda n 0xa thread 0x4103 thread 0x4103 state-kr 0x0 pc 0x109a95e22 leaf __semwait_signal+0xa frames: 0x109a95e22 0x1042a0ce5 0x1041d50a2 0x1041d4b56 0x10423a53e 0x1042a0709 0x109a91e9e
   3.365 TIGER-SAMPLE pid 0xcda n 0xa thread 0x2d0b thread 0x2d0b state-kr 0x0 pc 0x109a95e22 leaf __semwait_signal+0xa frames: 0x109a95e22 0x1042a0d27 0x1041d50a2 0x1041b1c77 0x10423a53e 0x1042a0709 0x109a91e9e
   3.365 TIGER-SAMPLE pid 0xcda n 0xa thread 0x4303 thread 0x4303 state-kr 0x0 pc 0x109a95e22 leaf __semwait_signal+0xa frames: 0x109a95e22 0x1042a0d27 0x1041d50a2 0x1041b1c77 0x10423a53e 0x1042a0709 0x109a91e9e
   3.365 TIGER-SAMPLE pid 0xcda n 0xa thread 0x4503 thread 0x4503 state-kr 0x0 pc 0x109a95e22 leaf __semwait_signal+0xa frames: 0x109a95e22 0x1042a0ce5 0x1041d50a2 0x1042a3d29 0x1042a2ea6 0x1042a2a89 0x10423a53e 0x1042a0709 0x109a91e9e
   3.468 TIGER-SAMPLE pid 0xcd7 n 0xc main 0x117 thread 0x117 state-kr 0x0 pc 0x90009817 leaf mach_msg_trap+0x7 frames: 0x90009817 0x9082d227 0x9082ca42 0x92e06878 0x92e05f82 0x92e05dd9 0x9328cf45 0x9328cb37 0x932868c4 0x8af6 0x82f2 0x8219 0x5
   3.468 TIGER-SAMPLE pid 0xcd7 n 0xc thread 0x1203 thread 0x1203 state-kr 0x0 pc 0x90009817 leaf mach_msg_trap+0x7 frames: 0x90009817 0x2ca6d8 0x90023d67
   3.468 TIGER-SAMPLE pid 0xcd7 n 0xc thread 0x3207 thread 0x3207 state-kr 0x0 pc 0x90024407 leaf semaphore_wait_signal_trap+0x7 frames: 0x90024407 0x364de 0x90023d67
   3.468 TIGER-SAMPLE pid 0xcd7 n 0xc thread 0x3403 thread 0x3403 state-kr 0x0 pc 0x90024407 leaf semaphore_wait_signal_trap+0x7 frames: 0x90024407 0x364de 0x90023d67
   3.468 TIGER-SAMPLE pid 0xcd7 n 0xc thread 0x5103 thread 0x5103 state-kr 0x0 pc 0x900bc3fc leaf poll+0xc frames: 0x900bc3fc 0x2cd134 0x313210b 0x319b321 0x90023d67
   3.468 TIGER-SAMPLE pid 0xcd7 n 0xc thread 0x5203 thread 0x5203 state-kr 0x0 pc 0x90024407 leaf semaphore_wait_signal_trap+0x7 frames: 0x90024407 0x364de 0x90023d67
   3.468 TIGER-SAMPLE pid 0xcd7 n 0xc thread 0x5403 thread 0x5403 state-kr 0x0 pc 0x900bc3fc leaf poll+0xc frames: 0x900bc3fc 0x2cd134 0x313210b 0x319b321 0x90023d67
   3.468 TIGER-SAMPLE pid 0xcd7 n 0xc thread 0x5503 thread 0x5503 state-kr 0x0 pc 0x90024407 leaf semaphore_wait_signal_trap+0x7 frames: 0x90024407 0x364de 0x90023d67
   3.469 TIGER-SAMPLE pid 0xcd7 n 0xc thread 0x5307 thread 0x5307 state-kr 0x0 pc 0x900265fc leaf recvmsg+0xc frames: 0x900265fc 0x2cc6bb 0x2cd134 0x313210b 0x319b321 0x90023d67
   3.469 TIGER-SAMPLE pid 0xcd7 n 0xc thread 0x5e07 thread 0x5e07 state-kr 0x0 pc 0x90024407 leaf semaphore_wait_signal_trap+0x7 frames: 0x90024407 0x915a96ab 0x915c3ddc 0x90023d67
   3.546 TIGER-SAMPLE pid 0xcdb n 0xb main 0xd03 thread 0xd03 state-kr 0x0 pc 0x109895e22 leaf __semwait_signal+0xa frames: 0x109895e22 0x10409d117 0x103fcdc62 0x1040a0249 0x10409f336 0x10409ef19 0x10004a86b 0x100001c4c 0x100001b61 0x3
   3.546 TIGER-SAMPLE pid 0xcdb n 0xb thread 0xf03 thread 0xf03 state-kr 0x0 pc 0x1098dfe4e leaf mach_msg_trap+0xa frames: 0x1098dfe4e 0x100328002 0x109891e9e
   3.546 TIGER-SAMPLE pid 0xcdb n 0xb thread 0x1103 thread 0x1103 state-kr 0x0 pc 0x109895e22 leaf __semwait_signal+0xa frames: 0x109895e22 0x10409d0d5 0x103fcdc62 0x1040a0249 0x10409f336 0x10409ef19 0x1040342fe 0x10409caf9 0x109891e9e
   3.546 TIGER-SAMPLE pid 0xcdb n 0xb thread 0x2303 thread 0x2303 state-kr 0x0 pc 0x1098467e6 leaf poll+0xa frames: 0x1098467e6 0x1040342fe 0x10409caf9 0x109891e9e
   3.546 TIGER-SAMPLE pid 0xcdb n 0xb thread 0x2407 thread 0x2407 state-kr 0x0 pc 0x109895e22 leaf __semwait_signal+0xa frames: 0x109895e22 0x10409d0d5 0x103fcdc62 0x1040a0249 0x10409f336 0x10409ef19 0x1040342fe 0x10409caf9 0x109891e9e
   3.546 TIGER-SAMPLE pid 0xcdb n 0xb thread 0x2503 thread 0x2503 state-kr 0x0 pc 0x109895e22 leaf __semwait_signal+0xa frames: 0x109895e22 0x10409d0d5 0x103fcdc62 0x1040a0249 0x10409f336 0x10409ef19 0x1040342fe 0x10409caf9 0x109891e9e
   3.546 TIGER-SAMPLE pid 0xcdb n 0xb thread 0x2603 thread 0x2603 state-kr 0x0 pc 0x109895e22 leaf __semwait_signal+0xa frames: 0x109895e22 0x10409d0d5 0x103fcdc62 0x1040a0249 0x10409f336 0x10409ef19 0x1040342fe 0x10409caf9 0x109891e9e
   3.546 TIGER-SAMPLE pid 0xcdb n 0xb thread 0x2703 thread 0x2703 state-kr 0x0 pc 0x109895e22 leaf __semwait_signal+0xa frames: 0x109895e22 0x10409d0d5 0x103fcdc62 0x1040a0249 0x10409f336 0x10409ef19 0x1040342fe 0x10409caf9 0x109891e9e
   3.546 TIGER-SAMPLE pid 0xcdb n 0xb thread 0x2903 thread 0x2903 state-kr 0x0 pc 0x109895e22 leaf __semwait_signal+0xa frames: 0x109895e22 0x10409d0d5 0x103fcdc62 0x1040a0249 0x10409f336 0x10409ef19 0x1040342fe 0x10409caf9 0x109891e9e
   3.546 TIGER-SAMPLE pid 0xcdb n 0xb thread 0x2a03 thread 0x2a03 state-kr 0x0 pc 0x1098467e6 leaf poll+0xa frames: 0x1098467e6 0x1040342fe 0x10409caf9 0x109891e9e
   3.546 TIGER-SAMPLE pid 0xcdb n 0xb thread 0x2b03 thread 0x2b03 state-kr 0x0 pc 0x1098467e6 leaf poll+0xa frames: 0x1098467e6 0x104388d27 0x104388eea 0x101f332a7 0x101f3f071 0x1040342fe 0x10409caf9 0x109891e9e
   3.620 TIGER-SAMPLE pid 0xcda n 0xb main 0xd03 thread 0xd03 state-kr 0x0 pc 0x10416a4c1 leaf _ZN3JSC4Yarr22YarrPatternConstructor20atomPatternCharacterEDib+0x261 frames: 0x10416a4c1 0x1041687ec 0x104167efd 0x1040d9c63 0x1040d971b 0x1040d6bf8 0x103d272cc 0x103d27786 0x103d278e6 0x102a68300 0x102a8d973 0x102a91573 0x102a91987 0x102aa5c7c 0x102a91852 0x102aa5c7c 0x102a984c1 0x102a40120 0x102a3d879 0x102a3b3bd 0x103d53956 0x103d5464d 0x10319a4e6 0x10d00a616 0x10d041409 0x10d0294f4 0x10d02a5ad 0x1049e96a8 0x10d041409 0x10d0294f4 0x10d038f3d 0x1049e97d0 0x10d029e11 0x10d0294f4 0x10d02a5ad 0x1049e96a8 0x1049c81c4 0x1039a8297 0x103cbf4ce 0x1017269d5 0x1016fe653
   3.620 TIGER-SAMPLE pid 0xcda n 0xb thread 0xf03 thread 0xf03 state-kr 0x0 pc 0x109adfe4e leaf mach_msg_trap+0xa frames: 0x109adfe4e 0x10045bf12 0x109a91e9e
   3.620 TIGER-SAMPLE pid 0xcda n 0xb thread 0x1103 thread 0x1103 state-kr 0x0 pc 0x109a95e22 leaf __semwait_signal+0xa frames: 0x109a95e22 0x1042a0ce5 0x1041d50a2 0x1042a3d29 0x1042a2ea6 0x1042a2a89 0x10423a53e 0x1042a0709 0x109a91e9e
   3.620 TIGER-SAMPLE pid 0xcda n 0xb thread 0x2303 thread 0x2303 state-kr 0x0 pc 0x109a95e22 leaf __semwait_signal+0xa frames: 0x109a95e22 0x1042a0ce5 0x1041d50a2 0x1042a3d29 0x1042a2ea6 0x1042a2a89 0x10423a53e 0x1042a0709 0x109a91e9e
   3.620 TIGER-SAMPLE pid 0xcda n 0xb thread 0x2403 thread 0x2403 state-kr 0x0 pc 0x109a95e22 leaf __semwait_signal+0xa frames: 0x109a95e22 0x1042a0ce5 0x1041d50a2 0x1042a3d29 0x1042a2ea6 0x1042a2a89 0x10423a53e 0x1042a0709 0x109a91e9e
   3.620 TIGER-SAMPLE pid 0xcda n 0xb thread 0x2503 thread 0x2503 state-kr 0x0 pc 0x109a467e6 leaf poll+0xa frames: 0x109a467e6 0x10423a53e 0x1042a0709 0x109a91e9e
   3.620 TIGER-SAMPLE pid 0xcda n 0xb thread 0x2603 thread 0x2603 state-kr 0x0 pc 0x109a95e22 leaf __semwait_signal+0xa frames: 0x109a95e22 0x1042a0ce5 0x1041d50a2 0x1042a3d29 0x1042a2ea6 0x1042a2a89 0x10423a53e 0x1042a0709 0x109a91e9e
   3.620 TIGER-SAMPLE pid 0xcda n 0xb thread 0x2703 thread 0x2703 state-kr 0x0 pc 0x109a467e6 leaf poll+0xa frames: 0x109a467e6 0x10423a53e 0x1042a0709 0x109a91e9e
   3.620 TIGER-SAMPLE pid 0xcda n 0xb thread 0x2807 thread 0x2807 state-kr 0x0 pc 0x109a95e22 leaf __semwait_signal+0xa frames: 0x109a95e22 0x1042a0ce5 0x1041d50a2 0x1042a3d29 0x1042a2ea6 0x1042a2a89 0x10423a53e 0x1042a0709 0x109a91e9e
   3.620 TIGER-SAMPLE pid 0xcda n 0xb thread 0x2903 thread 0x2903 state-kr 0x0 pc 0x109a95e22 leaf __semwait_signal+0xa frames: 0x109a95e22 0x1042a0ce5 0x1041d50a2 0x1042a3d29 0x1042a2ea6 0x1042a2a89 0x10423a53e 0x1042a0709 0x109a91e9e
   3.620 TIGER-SAMPLE pid 0xcda n 0xb thread 0x2a03 thread 0x2a03 state-kr 0x0 pc 0x109a95e22 leaf __semwait_signal+0xa frames: 0x109a95e22 0x1042a0ce5 0x1041d50a2 0x1042a3d29 0x1042a2ea6 0x1042a2a89 0x10423a53e 0x1042a0709 0x109a91e9e
   3.620 TIGER-SAMPLE pid 0xcda n 0xb thread 0x2c03 thread 0x2c03 state-kr 0x0 pc 0x109a95e22 leaf __semwait_signal+0xa frames: 0x109a95e22 0x1042a0ce5 0x1041d50a2 0x1042a3d29 0x1042a2ea6 0x1042a2a89 0x10423a53e 0x1042a0709 0x109a91e9e
   3.620 TIGER-SAMPLE pid 0xcda n 0xb thread 0x4003 thread 0x4003 state-kr 0x0 pc 0x109a95e22 leaf __semwait_signal+0xa frames: 0x109a95e22 0x1042a0ce5 0x1041d50a2 0x1042a3d29 0x1042a2ea6 0x1042a2a89 0x10423a53e 0x1042a0709 0x109a91e9e
   3.620 TIGER-SAMPLE pid 0xcda n 0xb thread 0x4103 thread 0x4103 state-kr 0x0 pc 0x109a95e22 leaf __semwait_signal+0xa frames: 0x109a95e22 0x1042a0ce5 0x1041d50a2 0x1041d4b56 0x10423a53e 0x1042a0709 0x109a91e9e
   3.620 TIGER-SAMPLE pid 0xcda n 0xb thread 0x2d0b thread 0x2d0b state-kr 0x0 pc 0x109a95e22 leaf __semwait_signal+0xa frames: 0x109a95e22 0x1042a0d27 0x1041d50a2 0x1041b1c77 0x10423a53e 0x1042a0709 0x109a91e9e
   3.620 TIGER-SAMPLE pid 0xcda n 0xb thread 0x4303 thread 0x4303 state-kr 0x0 pc 0x109a95e22 leaf __semwait_signal+0xa frames: 0x109a95e22 0x1042a0d27 0x1041d50a2 0x1041b1c77 0x10423a53e 0x1042a0709 0x109a91e9e
   3.620 TIGER-SAMPLE pid 0xcda n 0xb thread 0x4503 thread 0x4503 state-kr 0x0 pc 0x109a95e22 leaf __semwait_signal+0xa frames: 0x109a95e22 0x1042a0ce5 0x1041d50a2 0x1042a3d29 0x1042a2ea6 0x1042a2a89 0x10423a53e 0x1042a0709 0x109a91e9e
   3.722 TIGER-SAMPLE pid 0xcd7 n 0xd main 0x117 thread 0x117 state-kr 0x0 pc 0x90009817 leaf mach_msg_trap+0x7 frames: 0x90009817 0x9082d227 0x9082ca42 0x92e06878 0x92e05f82 0x92e05dd9 0x9328cf45 0x9328cb37 0x932868c4 0x8af6 0x82f2 0x8219 0x5
   3.722 TIGER-SAMPLE pid 0xcd7 n 0xd thread 0x1203 thread 0x1203 state-kr 0x0 pc 0x90009817 leaf mach_msg_trap+0x7 frames: 0x90009817 0x2ca6d8 0x90023d67
   3.722 TIGER-SAMPLE pid 0xcd7 n 0xd thread 0x3207 thread 0x3207 state-kr 0x0 pc 0x90024407 leaf semaphore_wait_signal_trap+0x7 frames: 0x90024407 0x364de 0x90023d67
   3.722 TIGER-SAMPLE pid 0xcd7 n 0xd thread 0x3403 thread 0x3403 state-kr 0x0 pc 0x90024407 leaf semaphore_wait_signal_trap+0x7 frames: 0x90024407 0x364de 0x90023d67
   3.722 TIGER-SAMPLE pid 0xcd7 n 0xd thread 0x5103 thread 0x5103 state-kr 0x0 pc 0x900bc3fc leaf poll+0xc frames: 0x900bc3fc 0x2cd134 0x313210b 0x319b321 0x90023d67
   3.722 TIGER-SAMPLE pid 0xcd7 n 0xd thread 0x5203 thread 0x5203 state-kr 0x0 pc 0x90024407 leaf semaphore_wait_signal_trap+0x7 frames: 0x90024407 0x364de 0x90023d67
   3.722 TIGER-SAMPLE pid 0xcd7 n 0xd thread 0x5403 thread 0x5403 state-kr 0x0 pc 0x900bc3fc leaf poll+0xc frames: 0x900bc3fc 0x2cd134 0x313210b 0x319b321 0x90023d67
   3.722 TIGER-SAMPLE pid 0xcd7 n 0xd thread 0x5503 thread 0x5503 state-kr 0x0 pc 0x90024407 leaf semaphore_wait_signal_trap+0x7 frames: 0x90024407 0x364de 0x90023d67
   3.724 TIGER-SAMPLE pid 0xcd7 n 0xd thread 0x5307 thread 0x5307 state-kr 0x0 pc 0x2cbfb4 leaf _ZN3IPC10Connection16readyReadHandlerEv+0x174 frames: 0x2cbfb4 0x2cc6bb 0x2cd134 0x313210b 0x319b321 0x90023d67
   3.724 TIGER-SAMPLE pid 0xcd7 n 0xd thread 0x5e07 thread 0x5e07 state-kr 0x0 pc 0x90024407 leaf semaphore_wait_signal_trap+0x7 frames: 0x90024407 0x915a96ab 0x915c3ddc 0x90023d67
   3.796 TIGER-SAMPLE pid 0xcdb n 0xc main 0xd03 thread 0xd03 state-kr 0x0 pc 0x109895e22 leaf __semwait_signal+0xa frames: 0x109895e22 0x10409d117 0x103fcdc62 0x1040a0249 0x10409f336 0x10409ef19 0x10004a86b 0x100001c4c 0x100001b61 0x3
   3.796 TIGER-SAMPLE pid 0xcdb n 0xc thread 0xf03 thread 0xf03 state-kr 0x0 pc 0x1098dfe4e leaf mach_msg_trap+0xa frames: 0x1098dfe4e 0x100328002 0x109891e9e
   3.796 TIGER-SAMPLE pid 0xcdb n 0xc thread 0x1103 thread 0x1103 state-kr 0x0 pc 0x109895e22 leaf __semwait_signal+0xa frames: 0x109895e22 0x10409d0d5 0x103fcdc62 0x1040a0249 0x10409f336 0x10409ef19 0x1040342fe 0x10409caf9 0x109891e9e
   3.797 TIGER-SAMPLE pid 0xcdb n 0xc thread 0x2303 thread 0x2303 state-kr 0x0 pc 0x1098467e6 leaf poll+0xa frames: 0x1098467e6 0x1040342fe 0x10409caf9 0x109891e9e
   3.797 TIGER-SAMPLE pid 0xcdb n 0xc thread 0x2407 thread 0x2407 state-kr 0x0 pc 0x109895e22 leaf __semwait_signal+0xa frames: 0x109895e22 0x10409d0d5 0x103fcdc62 0x1040a0249 0x10409f336 0x10409ef19 0x1040342fe 0x10409caf9 0x109891e9e
   3.797 TIGER-SAMPLE pid 0xcdb n 0xc thread 0x2503 thread 0x2503 state-kr 0x0 pc 0x109895e22 leaf __semwait_signal+0xa frames: 0x109895e22 0x10409d0d5 0x103fcdc62 0x1040a0249 0x10409f336 0x10409ef19 0x1040342fe 0x10409caf9 0x109891e9e
   3.797 TIGER-SAMPLE pid 0xcdb n 0xc thread 0x2603 thread 0x2603 state-kr 0x0 pc 0x109895e22 leaf __semwait_signal+0xa frames: 0x109895e22 0x10409d0d5 0x103fcdc62 0x1040a0249 0x10409f336 0x10409ef19 0x1040342fe 0x10409caf9 0x109891e9e
   3.797 TIGER-SAMPLE pid 0xcdb n 0xc thread 0x2703 thread 0x2703 state-kr 0x0 pc 0x109895e22 leaf __semwait_signal+0xa frames: 0x109895e22 0x10409d0d5 0x103fcdc62 0x1040a0249 0x10409f336 0x10409ef19 0x1040342fe 0x10409caf9 0x109891e9e
   3.798 TIGER-SAMPLE pid 0xcdb n 0xc thread 0x2903 thread 0x2903 state-kr 0x0 pc 0x109895e22 leaf __semwait_signal+0xa frames: 0x109895e22 0x10409d0d5 0x103fcdc62 0x1040a0249 0x10409f336 0x10409ef19 0x1040342fe 0x10409caf9 0x109891e9e
   3.798 TIGER-SAMPLE pid 0xcdb n 0xc thread 0x2a03 thread 0x2a03 state-kr 0x0 pc 0x1098467e6 leaf poll+0xa frames: 0x1098467e6 0x1040342fe 0x10409caf9 0x109891e9e
   3.798 TIGER-SAMPLE pid 0xcdb n 0xc thread 0x2b03 thread 0x2b03 state-kr 0x0 pc 0x1098467e6 leaf poll+0xa frames: 0x1098467e6 0x104388d27 0x104388eea 0x101f332a7 0x101f3f071 0x1040342fe 0x10409caf9 0x109891e9e
   3.875 TIGER-SAMPLE pid 0xcda n 0xc main 0xd03 thread 0xd03 state-kr 0x0 pc 0x102a590db leaf _ZN3JSC17BytecodeGenerator8emitCallINS_18OpCallIgnoreResultEEEPNS_10RegisterIDES4_S4_NS_16ExpectedFunctionERNS_13CallArgumentsERKNS_14JSTextPositionESA_SA_NS_14DebuggableCallE+0x29b frames: 0x102a590db 0x102a7ca6f 0x102a91573 0x102a918e6 0x102aa5c7c 0x102a91852 0x102aa5c7c 0x102a984c1 0x102a40120 0x102a3d879 0x102a3b3bd 0x103d53956 0x103d5464d 0x10319a4e6 0x10d00a616 0x10d041409 0x10d0294f4 0x10d038f3d 0x1049e96a8 0x10d041409 0x10d0294f4 0x10d038f3d 0x1049e96a8 0x10d041409 0x10d0294f4 0x10d02a5ad 0x1049e96a8 0x1049c81c4 0x1039a8297 0x103cbf4ce 0x1017269d5 0x1016fe653 0x100bfd310 0x100beb9e2 0x100c16148 0x100c16518 0x10176df0e 0x10171b447 0x10176ea4c 0x10176ef0f 0x101ac61a1
   3.875 TIGER-SAMPLE pid 0xcda n 0xc thread 0xf03 thread 0xf03 state-kr 0x0 pc 0x109adfe4e leaf mach_msg_trap+0xa frames: 0x109adfe4e 0x10045bf12 0x109a91e9e
   3.875 TIGER-SAMPLE pid 0xcda n 0xc thread 0x1103 thread 0x1103 state-kr 0x0 pc 0x109a95e22 leaf __semwait_signal+0xa frames: 0x109a95e22 0x1042a0ce5 0x1041d50a2 0x1042a3d29 0x1042a2ea6 0x1042a2a89 0x10423a53e 0x1042a0709 0x109a91e9e
   3.875 TIGER-SAMPLE pid 0xcda n 0xc thread 0x2303 thread 0x2303 state-kr 0x0 pc 0x109a95e22 leaf __semwait_signal+0xa frames: 0x109a95e22 0x1042a0ce5 0x1041d50a2 0x1042a3d29 0x1042a2ea6 0x1042a2a89 0x10423a53e 0x1042a0709 0x109a91e9e
   3.875 TIGER-SAMPLE pid 0xcda n 0xc thread 0x2403 thread 0x2403 state-kr 0x0 pc 0x109a95e22 leaf __semwait_signal+0xa frames: 0x109a95e22 0x1042a0ce5 0x1041d50a2 0x1042a3d29 0x1042a2ea6 0x1042a2a89 0x10423a53e 0x1042a0709 0x109a91e9e
   3.875 TIGER-SAMPLE pid 0xcda n 0xc thread 0x2503 thread 0x2503 state-kr 0x0 pc 0x109a467e6 leaf poll+0xa frames: 0x109a467e6 0x10423a53e 0x1042a0709 0x109a91e9e
   3.875 TIGER-SAMPLE pid 0xcda n 0xc thread 0x2603 thread 0x2603 state-kr 0x0 pc 0x109a95e22 leaf __semwait_signal+0xa frames: 0x109a95e22 0x1042a0ce5 0x1041d50a2 0x1042a3d29 0x1042a2ea6 0x1042a2a89 0x10423a53e 0x1042a0709 0x109a91e9e
   3.875 TIGER-SAMPLE pid 0xcda n 0xc thread 0x2703 thread 0x2703 state-kr 0x0 pc 0x109a467e6 leaf poll+0xa frames: 0x109a467e6 0x10423a53e 0x1042a0709 0x109a91e9e
   3.875 TIGER-SAMPLE pid 0xcda n 0xc thread 0x2807 thread 0x2807 state-kr 0x0 pc 0x109a95e22 leaf __semwait_signal+0xa frames: 0x109a95e22 0x1042a0ce5 0x1041d50a2 0x1042a3d29 0x1042a2ea6 0x1042a2a89 0x10423a53e 0x1042a0709 0x109a91e9e
   3.875 TIGER-SAMPLE pid 0xcda n 0xc thread 0x2903 thread 0x2903 state-kr 0x0 pc 0x109a95e22 leaf __semwait_signal+0xa frames: 0x109a95e22 0x1042a0ce5 0x1041d50a2 0x1042a3d29 0x1042a2ea6 0x1042a2a89 0x10423a53e 0x1042a0709 0x109a91e9e
   3.875 TIGER-SAMPLE pid 0xcda n 0xc thread 0x2a03 thread 0x2a03 state-kr 0x0 pc 0x109a95e22 leaf __semwait_signal+0xa frames: 0x109a95e22 0x1042a0ce5 0x1041d50a2 0x1042a3d29 0x1042a2ea6 0x1042a2a89 0x10423a53e 0x1042a0709 0x109a91e9e
   3.875 TIGER-SAMPLE pid 0xcda n 0xc thread 0x2c03 thread 0x2c03 state-kr 0x0 pc 0x109a95e22 leaf __semwait_signal+0xa frames: 0x109a95e22 0x1042a0ce5 0x1041d50a2 0x1042a3d29 0x1042a2ea6 0x1042a2a89 0x10423a53e 0x1042a0709 0x109a91e9e
   3.875 TIGER-SAMPLE pid 0xcda n 0xc thread 0x4003 thread 0x4003 state-kr 0x0 pc 0x109a95e22 leaf __semwait_signal+0xa frames: 0x109a95e22 0x1042a0ce5 0x1041d50a2 0x1042a3d29 0x1042a2ea6 0x1042a2a89 0x10423a53e 0x1042a0709 0x109a91e9e
   3.875 TIGER-SAMPLE pid 0xcda n 0xc thread 0x4103 thread 0x4103 state-kr 0x0 pc 0x109a95e22 leaf __semwait_signal+0xa frames: 0x109a95e22 0x1042a0ce5 0x1041d50a2 0x1041d4b56 0x10423a53e 0x1042a0709 0x109a91e9e
   3.875 TIGER-SAMPLE pid 0xcda n 0xc thread 0x2d0b thread 0x2d0b state-kr 0x0 pc 0x109a95e22 leaf __semwait_signal+0xa frames: 0x109a95e22 0x1042a0d27 0x1041d50a2 0x1041b1c77 0x10423a53e 0x1042a0709 0x109a91e9e
   3.875 TIGER-SAMPLE pid 0xcda n 0xc thread 0x4303 thread 0x4303 state-kr 0x0 pc 0x109a95e22 leaf __semwait_signal+0xa frames: 0x109a95e22 0x1042a0d27 0x1041d50a2 0x1041b1c77 0x10423a53e 0x1042a0709 0x109a91e9e
   3.875 TIGER-SAMPLE pid 0xcda n 0xc thread 0x4503 thread 0x4503 state-kr 0x0 pc 0x109a95e22 leaf __semwait_signal+0xa frames: 0x109a95e22 0x1042a0ce5 0x1041d50a2 0x1042a3d29 0x1042a2ea6 0x1042a2a89 0x10423a53e 0x1042a0709 0x109a91e9e
   3.976 TIGER-SAMPLE pid 0xcd7 n 0xe main 0x117 thread 0x117 state-kr 0x0 pc 0x90009817 leaf mach_msg_trap+0x7 frames: 0x90009817 0x9082d227 0x9082ca42 0x92e06878 0x92e05f82 0x92e05dd9 0x9328cf45 0x9328cb37 0x932868c4 0x8af6 0x82f2 0x8219 0x5
   3.976 TIGER-SAMPLE pid 0xcd7 n 0xe thread 0x1203 thread 0x1203 state-kr 0x0 pc 0x90009817 leaf mach_msg_trap+0x7 frames: 0x90009817 0x2ca6d8 0x90023d67
   3.976 TIGER-SAMPLE pid 0xcd7 n 0xe thread 0x3207 thread 0x3207 state-kr 0x0 pc 0x90024407 leaf semaphore_wait_signal_trap+0x7 frames: 0x90024407 0x364de 0x90023d67
   3.976 TIGER-SAMPLE pid 0xcd7 n 0xe thread 0x3403 thread 0x3403 state-kr 0x0 pc 0x90024407 leaf semaphore_wait_signal_trap+0x7 frames: 0x90024407 0x364de 0x90023d67
   3.976 TIGER-SAMPLE pid 0xcd7 n 0xe thread 0x5103 thread 0x5103 state-kr 0x0 pc 0x900bc3fc leaf poll+0xc frames: 0x900bc3fc 0x2cd134 0x313210b 0x319b321 0x90023d67
   3.976 TIGER-SAMPLE pid 0xcd7 n 0xe thread 0x5203 thread 0x5203 state-kr 0x0 pc 0x90024407 leaf semaphore_wait_signal_trap+0x7 frames: 0x90024407 0x364de 0x90023d67
   3.976 TIGER-SAMPLE pid 0xcd7 n 0xe thread 0x5403 thread 0x5403 state-kr 0x0 pc 0x900bc3fc leaf poll+0xc frames: 0x900bc3fc 0x2cd134 0x313210b 0x319b321 0x90023d67
   3.976 TIGER-SAMPLE pid 0xcd7 n 0xe thread 0x5503 thread 0x5503 state-kr 0x0 pc 0x90024407 leaf semaphore_wait_signal_trap+0x7 frames: 0x90024407 0x364de 0x90023d67
   3.977 TIGER-SAMPLE pid 0xcd7 n 0xe thread 0x5307 thread 0x5307 state-kr 0x0 pc 0x900265fc leaf recvmsg+0xc frames: 0x900265fc 0x2cc6bb 0x2cd134 0x313210b 0x319b321 0x90023d67
   3.977 TIGER-SAMPLE pid 0xcd7 n 0xe thread 0x5e07 thread 0x5e07 state-kr 0x0 pc 0x90024407 leaf semaphore_wait_signal_trap+0x7 frames: 0x90024407 0x915a96ab 0x915c3ddc 0x90023d67
   3.978 [com.apple.WebKit:Process:1] 0x109ce4fa0 - GPUProcessConnection::didClose
   4.000 [com.apple.WebKit:Loading:4] 0x109a129c0 - [webProcessIdentifier=3] NetworkConnectionToWebProcess::scheduleResourceLoad: (parentPID=3287, pageProxyID=4, webPageID=5, frameID=4294967297, resourceID=268, existingLoaderToResume=0)
   4.000 [com.apple.WebKit:Loading:4] 0x109a129c0 - [webProcessIdentifier=3] NetworkConnectionToWebProcess::resolveBlobReferences: (parentPID=3287, pageProxyID=4, webPageID=5, frameID=4294967297, resourceID=268)
   4.050 TIGER-SAMPLE pid 0xcdb n 0xd main 0xd03 thread 0xd03 state-kr 0x0 pc 0x109895e22 leaf __semwait_signal+0xa frames: 0x109895e22 0x10409d117 0x103fcdc62 0x1040a0249 0x10409f336 0x10409ef19 0x10004a86b 0x100001c4c 0x100001b61 0x3
   4.050 TIGER-SAMPLE pid 0xcdb n 0xd thread 0xf03 thread 0xf03 state-kr 0x0 pc 0x1098dfe4e leaf mach_msg_trap+0xa frames: 0x1098dfe4e 0x100328002 0x109891e9e
   4.050 TIGER-SAMPLE pid 0xcdb n 0xd thread 0x1103 thread 0x1103 state-kr 0x0 pc 0x109895e22 leaf __semwait_signal+0xa frames: 0x109895e22 0x10409d0d5 0x103fcdc62 0x1040a0249 0x10409f336 0x10409ef19 0x1040342fe 0x10409caf9 0x109891e9e
   4.050 TIGER-SAMPLE pid 0xcdb n 0xd thread 0x2303 thread 0x2303 state-kr 0x0 pc 0x1098467e6 leaf poll+0xa frames: 0x1098467e6 0x1040342fe 0x10409caf9 0x109891e9e
   4.051 TIGER-SAMPLE pid 0xcdb n 0xd thread 0x2407 thread 0x2407 state-kr 0x0 pc 0x109895e22 leaf __semwait_signal+0xa frames: 0x109895e22 0x10409d0d5 0x103fcdc62 0x1040a0249 0x10409f336 0x10409ef19 0x1040342fe 0x10409caf9 0x109891e9e
   4.051 TIGER-SAMPLE pid 0xcdb n 0xd thread 0x2503 thread 0x2503 state-kr 0x0 pc 0x109895e22 leaf __semwait_signal+0xa frames: 0x109895e22 0x10409d0d5 0x103fcdc62 0x1040a0249 0x10409f336 0x10409ef19 0x1040342fe 0x10409caf9 0x109891e9e
   4.051 TIGER-SAMPLE pid 0xcdb n 0xd thread 0x2603 thread 0x2603 state-kr 0x0 pc 0x109895e22 leaf __semwait_signal+0xa frames: 0x109895e22 0x10409d0d5 0x103fcdc62 0x1040a0249 0x10409f336 0x10409ef19 0x1040342fe 0x10409caf9 0x109891e9e
   4.051 TIGER-SAMPLE pid 0xcdb n 0xd thread 0x2703 thread 0x2703 state-kr 0x0 pc 0x109895e22 leaf __semwait_signal+0xa frames: 0x109895e22 0x10409d0d5 0x103fcdc62 0x1040a0249 0x10409f336 0x10409ef19 0x1040342fe 0x10409caf9 0x109891e9e
   4.051 TIGER-SAMPLE pid 0xcdb n 0xd thread 0x2903 thread 0x2903 state-kr 0x0 pc 0x109895e22 leaf __semwait_signal+0xa frames: 0x109895e22 0x10409d0d5 0x103fcdc62 0x1040a0249 0x10409f336 0x10409ef19 0x1040342fe 0x10409caf9 0x109891e9e
   4.051 TIGER-SAMPLE pid 0xcdb n 0xd thread 0x2a03 thread 0x2a03 state-kr 0x0 pc 0x1098467e6 leaf poll+0xa frames: 0x1098467e6 0x1040342fe 0x10409caf9 0x109891e9e
   4.051 TIGER-SAMPLE pid 0xcdb n 0xd thread 0x2b03 thread 0x2b03 state-kr 0x0 pc 0x1098467e6 leaf poll+0xa frames: 0x1098467e6 0x104388d27 0x104388eea 0x101f332a7 0x101f3f071 0x1040342fe 0x10409caf9 0x109891e9e
   4.128 TIGER-SAMPLE pid 0xcda n 0xd main 0xd03 thread 0xd03 state-kr 0x0 pc 0x102ab5491 leaf _ZN3JSC21BytecodeGeneratorBaseINS_17JSGeneratorTraitsEE11writeOpcodeILNS_10OpcodeSizeE1EJNS_15VirtualRegisterES5_jNS_11ResolveTypeEjjEEEvNS_8OpcodeIDEDpT0_+0xf1 frames: 0x102ab5491 0x102ab5290 0x102a414eb 0x102a8d8b3 0x102a918e6 0x102aa5c7c 0x102a91852 0x102a92013 0x102aa5c7c 0x102a91852 0x102a95b06 0x102aa5c7c 0x102a91852 0x102a92013 0x102aa5c7c 0x102a91852 0x102aa5c7c 0x102a984c1 0x102a40120 0x102a3d879 0x102a3b3bd 0x103d53956 0x103d5464d 0x10319a92a 0x10d009017 0x1049e9a03 0x1049ea828 0x1049ea828 0x1049ea828 0x1049ea828 0x1049e96a8 0x1049c81c4 0x103645272 0x1037f61db 0x100c1613d 0x100c16518 0x10176df0e 0x10171b447 0x10176ea4c 0x10176ef0f 0x10177445c
   4.128 TIGER-SAMPLE pid 0xcda n 0xd thread 0xf03 thread 0xf03 state-kr 0x0 pc 0x109adfe4e leaf mach_msg_trap+0xa frames: 0x109adfe4e 0x10045bf12 0x109a91e9e
   4.129 TIGER-SAMPLE pid 0xcda n 0xd thread 0x1103 thread 0x1103 state-kr 0x0 pc 0x109a95e22 leaf __semwait_signal+0xa frames: 0x109a95e22 0x1042a0ce5 0x1041d50a2 0x1042a3d29 0x1042a2ea6 0x1042a2a89 0x10423a53e 0x1042a0709 0x109a91e9e
   4.129 TIGER-SAMPLE pid 0xcda n 0xd thread 0x2303 thread 0x2303 state-kr 0x0 pc 0x109a95e22 leaf __semwait_signal+0xa frames: 0x109a95e22 0x1042a0ce5 0x1041d50a2 0x1042a3d29 0x1042a2ea6 0x1042a2a89 0x10423a53e 0x1042a0709 0x109a91e9e
   4.129 TIGER-SAMPLE pid 0xcda n 0xd thread 0x2403 thread 0x2403 state-kr 0x0 pc 0x109a95e22 leaf __semwait_signal+0xa frames: 0x109a95e22 0x1042a0ce5 0x1041d50a2 0x1042a3d29 0x1042a2ea6 0x1042a2a89 0x10423a53e 0x1042a0709 0x109a91e9e
   4.129 TIGER-SAMPLE pid 0xcda n 0xd thread 0x2503 thread 0x2503 state-kr 0x0 pc 0x109a467e6 leaf poll+0xa frames: 0x109a467e6 0x10423a53e 0x1042a0709 0x109a91e9e
   4.130 TIGER-SAMPLE pid 0xcda n 0xd thread 0x2603 thread 0x2603 state-kr 0x0 pc 0x109a95e22 leaf __semwait_signal+0xa frames: 0x109a95e22 0x1042a0ce5 0x1041d50a2 0x1042a3d29 0x1042a2ea6 0x1042a2a89 0x10423a53e 0x1042a0709 0x109a91e9e
   4.130 TIGER-SAMPLE pid 0xcda n 0xd thread 0x2703 thread 0x2703 state-kr 0x0 pc 0x109a467e6 leaf poll+0xa frames: 0x109a467e6 0x10423a53e 0x1042a0709 0x109a91e9e
   4.130 TIGER-SAMPLE pid 0xcda n 0xd thread 0x2807 thread 0x2807 state-kr 0x0 pc 0x109a95e22 leaf __semwait_signal+0xa frames: 0x109a95e22 0x1042a0ce5 0x1041d50a2 0x1042a3d29 0x1042a2ea6 0x1042a2a89 0x10423a53e 0x1042a0709 0x109a91e9e
   4.130 TIGER-SAMPLE pid 0xcda n 0xd thread 0x2903 thread 0x2903 state-kr 0x0 pc 0x109a95e22 leaf __semwait_signal+0xa frames: 0x109a95e22 0x1042a0ce5 0x1041d50a2 0x1042a3d29 0x1042a2ea6 0x1042a2a89 0x10423a53e 0x1042a0709 0x109a91e9e
   4.130 TIGER-SAMPLE pid 0xcda n 0xd thread 0x2c03 thread 0x2c03 state-kr 0x0 pc 0x109a95e22 leaf __semwait_signal+0xa frames: 0x109a95e22 0x1042a0ce5 0x1041d50a2 0x1042a3d29 0x1042a2ea6 0x1042a2a89 0x10423a53e 0x1042a0709 0x109a91e9e
   4.131 TIGER-SAMPLE pid 0xcda n 0xd thread 0x4003 thread 0x4003 state-kr 0x0 pc 0x109a95e22 leaf __semwait_signal+0xa frames: 0x109a95e22 0x1042a0ce5 0x1041d50a2 0x1042a3d29 0x1042a2ea6 0x1042a2a89 0x10423a53e 0x1042a0709 0x109a91e9e
   4.131 TIGER-SAMPLE pid 0xcda n 0xd thread 0x4103 thread 0x4103 state-kr 0x0 pc 0x109a95e22 leaf __semwait_signal+0xa frames: 0x109a95e22 0x1042a0ce5 0x1041d50a2 0x1041d4b56 0x10423a53e 0x1042a0709 0x109a91e9e
   4.131 TIGER-SAMPLE pid 0xcda n 0xd thread 0x2d0b thread 0x2d0b state-kr 0x0 pc 0x109a95e22 leaf __semwait_signal+0xa frames: 0x109a95e22 0x1042a0d27 0x1041d50a2 0x1041b1c77 0x10423a53e 0x1042a0709 0x109a91e9e
   4.131 TIGER-SAMPLE pid 0xcda n 0xd thread 0x4303 thread 0x4303 state-kr 0x0 pc 0x109a95e22 leaf __semwait_signal+0xa frames: 0x109a95e22 0x1042a0d27 0x1041d50a2 0x1041b1c77 0x10423a53e 0x1042a0709 0x109a91e9e
   4.131 TIGER-SAMPLE pid 0xcda n 0xd thread 0x4503 thread 0x4503 state-kr 0x0 pc 0x109a95e22 leaf __semwait_signal+0xa frames: 0x109a95e22 0x1042a0ce5 0x1041d50a2 0x1042a3d29 0x1042a2ea6 0x1042a2a89 0x10423a53e 0x1042a0709 0x109a91e9e
   4.221 [com.apple.WebKit:Loading:4] 0x109a129c0 - [webProcessIdentifier=3] NetworkConnectionToWebProcess::scheduleResourceLoad: (parentPID=3287, pageProxyID=4, webPageID=5, frameID=4294967297, resourceID=269, existingLoaderToResume=0)
   4.221 [com.apple.WebKit:Loading:4] 0x109a129c0 - [webProcessIdentifier=3] NetworkConnectionToWebProcess::resolveBlobReferences: (parentPID=3287, pageProxyID=4, webPageID=5, frameID=4294967297, resourceID=269)
   4.232 TIGER-SAMPLE pid 0xcd7 n 0xf main 0x117 thread 0x117 state-kr 0x0 pc 0x90009817 leaf mach_msg_trap+0x7 frames: 0x90009817 0x9082d227 0x9082ca42 0x92e06878 0x92e05f82 0x92e05dd9 0x9328cf45 0x9328cb37 0x932868c4 0x8af6 0x82f2 0x8219 0x5
   4.232 TIGER-SAMPLE pid 0xcd7 n 0xf thread 0x1203 thread 0x1203 state-kr 0x0 pc 0x90009817 leaf mach_msg_trap+0x7 frames: 0x90009817 0x2ca6d8 0x90023d67
   4.232 TIGER-SAMPLE pid 0xcd7 n 0xf thread 0x3207 thread 0x3207 state-kr 0x0 pc 0x90024407 leaf semaphore_wait_signal_trap+0x7 frames: 0x90024407 0x364de 0x90023d67
   4.232 TIGER-SAMPLE pid 0xcd7 n 0xf thread 0x3403 thread 0x3403 state-kr 0x0 pc 0x90024407 leaf semaphore_wait_signal_trap+0x7 frames: 0x90024407 0x364de 0x90023d67
   4.232 TIGER-SAMPLE pid 0xcd7 n 0xf thread 0x5103 thread 0x5103 state-kr 0x0 pc 0x900bc3fc leaf poll+0xc frames: 0x900bc3fc 0x2cd134 0x313210b 0x319b321 0x90023d67
   4.232 TIGER-SAMPLE pid 0xcd7 n 0xf thread 0x5203 thread 0x5203 state-kr 0x0 pc 0x90024407 leaf semaphore_wait_signal_trap+0x7 frames: 0x90024407 0x364de 0x90023d67
   4.232 TIGER-SAMPLE pid 0xcd7 n 0xf thread 0x5403 thread 0x5403 state-kr 0x0 pc 0x900bc3fc leaf poll+0xc frames: 0x900bc3fc 0x2cd134 0x313210b 0x319b321 0x90023d67
   4.232 TIGER-SAMPLE pid 0xcd7 n 0xf thread 0x5503 thread 0x5503 state-kr 0x0 pc 0x90024407 leaf semaphore_wait_signal_trap+0x7 frames: 0x90024407 0x364de 0x90023d67
   4.232 TIGER-SAMPLE pid 0xcd7 n 0xf thread 0x5307 thread 0x5307 state-kr 0x0 pc 0x9016a983 leaf kUNCTokenKey+0x61b frames: 0x9016a983 0x2cc149 0x2cc6bb 0x2cd134 0x313210b 0x319b321 0x90023d67
   4.232 TIGER-SAMPLE pid 0xcd7 n 0xf thread 0x5e07 thread 0x5e07 state-kr 0x0 pc 0x90024407 leaf semaphore_wait_signal_trap+0x7 frames: 0x90024407 0x915a96ab 0x915c3ddc 0x90023d67
   4.301 TIGER-SAMPLE pid 0xcdb n 0xe main 0xd03 thread 0xd03 state-kr 0x0 pc 0x109895e22 leaf __semwait_signal+0xa frames: 0x109895e22 0x10409d117 0x103fcdc62 0x1040a0249 0x10409f336 0x10409ef19 0x10004a86b 0x100001c4c 0x100001b61 0x3
   4.301 TIGER-SAMPLE pid 0xcdb n 0xe thread 0xf03 thread 0xf03 state-kr 0x0 pc 0x1098dfe4e leaf mach_msg_trap+0xa frames: 0x1098dfe4e 0x100328002 0x109891e9e
   4.301 TIGER-SAMPLE pid 0xcdb n 0xe thread 0x1103 thread 0x1103 state-kr 0x0 pc 0x109895e22 leaf __semwait_signal+0xa frames: 0x109895e22 0x10409d0d5 0x103fcdc62 0x1040a0249 0x10409f336 0x10409ef19 0x1040342fe 0x10409caf9 0x109891e9e
   4.301 TIGER-SAMPLE pid 0xcdb n 0xe thread 0x2303 thread 0x2303 state-kr 0x0 pc 0x1098467e6 leaf poll+0xa frames: 0x1098467e6 0x1040342fe 0x10409caf9 0x109891e9e
   4.302 TIGER-SAMPLE pid 0xcdb n 0xe thread 0x2407 thread 0x2407 state-kr 0x0 pc 0x109895e22 leaf __semwait_signal+0xa frames: 0x109895e22 0x10409d0d5 0x103fcdc62 0x1040a0249 0x10409f336 0x10409ef19 0x1040342fe 0x10409caf9 0x109891e9e
   4.302 TIGER-SAMPLE pid 0xcdb n 0xe thread 0x2503 thread 0x2503 state-kr 0x0 pc 0x109895e22 leaf __semwait_signal+0xa frames: 0x109895e22 0x10409d0d5 0x103fcdc62 0x1040a0249 0x10409f336 0x10409ef19 0x1040342fe 0x10409caf9 0x109891e9e
   4.302 TIGER-SAMPLE pid 0xcdb n 0xe thread 0x2603 thread 0x2603 state-kr 0x0 pc 0x109895e22 leaf __semwait_signal+0xa frames: 0x109895e22 0x10409d0d5 0x103fcdc62 0x1040a0249 0x10409f336 0x10409ef19 0x1040342fe 0x10409caf9 0x109891e9e
   4.302 TIGER-SAMPLE pid 0xcdb n 0xe thread 0x2703 thread 0x2703 state-kr 0x0 pc 0x109895e22 leaf __semwait_signal+0xa frames: 0x109895e22 0x10409d0d5 0x103fcdc62 0x1040a0249 0x10409f336 0x10409ef19 0x1040342fe 0x10409caf9 0x109891e9e
   4.303 TIGER-SAMPLE pid 0xcdb n 0xe thread 0x2903 thread 0x2903 state-kr 0x0 pc 0x109895e22 leaf __semwait_signal+0xa frames: 0x109895e22 0x10409d0d5 0x103fcdc62 0x1040a0249 0x10409f336 0x10409ef19 0x1040342fe 0x10409caf9 0x109891e9e
   4.303 TIGER-SAMPLE pid 0xcdb n 0xe thread 0x2a03 thread 0x2a03 state-kr 0x0 pc 0x1098467e6 leaf poll+0xa frames: 0x1098467e6 0x1040342fe 0x10409caf9 0x109891e9e
   4.303 TIGER-SAMPLE pid 0xcdb n 0xe thread 0x2b03 thread 0x2b03 state-kr 0x0 pc 0x1098467e6 leaf poll+0xa frames: 0x1098467e6 0x104388d27 0x104388eea 0x101f332a7 0x101f3f071 0x1040342fe 0x10409caf9 0x109891e9e
   4.370 [com.apple.WebKit:Loading:4] 0x109a129c0 - [webProcessIdentifier=3] NetworkConnectionToWebProcess::scheduleResourceLoad: (parentPID=3287, pageProxyID=4, webPageID=5, frameID=4294967297, resourceID=270, existingLoaderToResume=0)
   4.370 [com.apple.WebKit:Loading:4] 0x109a129c0 - [webProcessIdentifier=3] NetworkConnectionToWebProcess::resolveBlobReferences: (parentPID=3287, pageProxyID=4, webPageID=5, frameID=4294967297, resourceID=270)
   4.378 [com.apple.WebKit:Loading:4] 0x109a129c0 - [webProcessIdentifier=3] NetworkConnectionToWebProcess::scheduleResourceLoad: (parentPID=3287, pageProxyID=4, webPageID=5, frameID=4294967297, resourceID=271, existingLoaderToResume=0)
   4.378 [com.apple.WebKit:Loading:4] 0x109a129c0 - [webProcessIdentifier=3] NetworkConnectionToWebProcess::resolveBlobReferences: (parentPID=3287, pageProxyID=4, webPageID=5, frameID=4294967297, resourceID=271)
   4.382 TIGER-SAMPLE pid 0xcda n 0xe main 0xd03 thread 0xd03 state-kr 0x0 pc 0x7fffffe00639 frames: 0x7fffffe00639 0x102a315af 0x102a37fba 0x102a40a20 0x102a3d879 0x102a3b3bd 0x103d53956 0x103d5464d 0x10319a4e6 0x10d00a616 0x1049e96a8 0x1049e96a8 0x10d01313b 0x1049e9a03 0x10d00a87e 0x10d0ab625 0x10d0ab625 0x1049ea828 0x10d00a87e 0x10d0ab625 0x10d0ab625 0x1049e96a8 0x1049ea828 0x1049ea936 0x1049e96a8 0x1049c81c4 0x103645272 0x1037f61db 0x100c1613d 0x100c16518 0x10176df0e 0x10171b447 0x10176ea4c 0x10176ef0f 0x10177445c 0x10261cc2f 0x1042a2c47 0x100045e88 0x10000170c 0x100001621 0x3
   4.384 TIGER-SAMPLE pid 0xcda n 0xe thread 0xf03 thread 0xf03 state-kr 0x0 pc 0x109adfe4e leaf mach_msg_trap+0xa frames: 0x109adfe4e 0x10045bf12 0x109a91e9e
   4.384 TIGER-SAMPLE pid 0xcda n 0xe thread 0x1103 thread 0x1103 state-kr 0x0 pc 0x109a95e22 leaf __semwait_signal+0xa frames: 0x109a95e22 0x1042a0ce5 0x1041d50a2 0x1042a3d29 0x1042a2ea6 0x1042a2a89 0x10423a53e 0x1042a0709 0x109a91e9e
   4.384 TIGER-SAMPLE pid 0xcda n 0xe thread 0x2303 thread 0x2303 state-kr 0x0 pc 0x109a95e22 leaf __semwait_signal+0xa frames: 0x109a95e22 0x1042a0ce5 0x1041d50a2 0x1042a3d29 0x1042a2ea6 0x1042a2a89 0x10423a53e 0x1042a0709 0x109a91e9e
   4.384 TIGER-SAMPLE pid 0xcda n 0xe thread 0x2403 thread 0x2403 state-kr 0x0 pc 0x109a95e22 leaf __semwait_signal+0xa frames: 0x109a95e22 0x1042a0ce5 0x1041d50a2 0x1042a3d29 0x1042a2ea6 0x1042a2a89 0x10423a53e 0x1042a0709 0x109a91e9e
   4.384 TIGER-SAMPLE pid 0xcda n 0xe thread 0x2503 thread 0x2503 state-kr 0x0 pc 0x109a467e6 leaf poll+0xa frames: 0x109a467e6 0x10423a53e 0x1042a0709 0x109a91e9e
   4.384 TIGER-SAMPLE pid 0xcda n 0xe thread 0x2603 thread 0x2603 state-kr 0x0 pc 0x109a95e22 leaf __semwait_signal+0xa frames: 0x109a95e22 0x1042a0ce5 0x1041d50a2 0x1042a3d29 0x1042a2ea6 0x1042a2a89 0x10423a53e 0x1042a0709 0x109a91e9e
   4.384 TIGER-SAMPLE pid 0xcda n 0xe thread 0x2703 thread 0x2703 state-kr 0x0 pc 0x109a467e6 leaf poll+0xa frames: 0x109a467e6 0x10423a53e 0x1042a0709 0x109a91e9e
   4.384 TIGER-SAMPLE pid 0xcda n 0xe thread 0x2807 thread 0x2807 state-kr 0x0 pc 0x109a95e22 leaf __semwait_signal+0xa frames: 0x109a95e22 0x1042a0ce5 0x1041d50a2 0x1042a3d29 0x1042a2ea6 0x1042a2a89 0x10423a53e 0x1042a0709 0x109a91e9e
   4.384 TIGER-SAMPLE pid 0xcda n 0xe thread 0x2903 thread 0x2903 state-kr 0x0 pc 0x109a95e22 leaf __semwait_signal+0xa frames: 0x109a95e22 0x1042a0ce5 0x1041d50a2 0x1042a3d29 0x1042a2ea6 0x1042a2a89 0x10423a53e 0x1042a0709 0x109a91e9e
   4.384 TIGER-SAMPLE pid 0xcda n 0xe thread 0x2c03 thread 0x2c03 state-kr 0x0 pc 0x109a95e22 leaf __semwait_signal+0xa frames: 0x109a95e22 0x1042a0ce5 0x1041d50a2 0x1042a3d29 0x1042a2ea6 0x1042a2a89 0x10423a53e 0x1042a0709 0x109a91e9e
   4.384 TIGER-SAMPLE pid 0xcda n 0xe thread 0x4003 thread 0x4003 state-kr 0x0 pc 0x109a95e22 leaf __semwait_signal+0xa frames: 0x109a95e22 0x1042a0ce5 0x1041d50a2 0x1042a3d29 0x1042a2ea6 0x1042a2a89 0x10423a53e 0x1042a0709 0x109a91e9e
   4.384 TIGER-SAMPLE pid 0xcda n 0xe thread 0x4103 thread 0x4103 state-kr 0x0 pc 0x109a95e22 leaf __semwait_signal+0xa frames: 0x109a95e22 0x1042a0ce5 0x1041d50a2 0x1041d4b56 0x10423a53e 0x1042a0709 0x109a91e9e
   4.384 TIGER-SAMPLE pid 0xcda n 0xe thread 0x2d0b thread 0x2d0b state-kr 0x0 pc 0x109a95e22 leaf __semwait_signal+0xa frames: 0x109a95e22 0x1042a0d27 0x1041d50a2 0x1041b1c77 0x10423a53e 0x1042a0709 0x109a91e9e
   4.384 TIGER-SAMPLE pid 0xcda n 0xe thread 0x4303 thread 0x4303 state-kr 0x0 pc 0x109a95e22 leaf __semwait_signal+0xa frames: 0x109a95e22 0x1042a0d27 0x1041d50a2 0x1041b1c77 0x10423a53e 0x1042a0709 0x109a91e9e
   4.384 TIGER-SAMPLE pid 0xcda n 0xe thread 0x4503 thread 0x4503 state-kr 0x0 pc 0x109a95e22 leaf __semwait_signal+0xa frames: 0x109a95e22 0x1042a0ce5 0x1041d50a2 0x1042a3d29 0x1042a2ea6 0x1042a2a89 0x10423a53e 0x1042a0709 0x109a91e9e
   4.481 TIGER-SAMPLE pid 0xcd7 n 0x10 main 0x117 thread 0x117 state-kr 0x0 pc 0x90009817 leaf mach_msg_trap+0x7 frames: 0x90009817 0x9082d227 0x9082ca42 0x92e06878 0x92e05f82 0x92e05dd9 0x9328cf45 0x9328cb37 0x932868c4 0x8af6 0x82f2 0x8219 0x5
   4.481 TIGER-SAMPLE pid 0xcd7 n 0x10 thread 0x1203 thread 0x1203 state-kr 0x0 pc 0x90009817 leaf mach_msg_trap+0x7 frames: 0x90009817 0x2ca6d8 0x90023d67
   4.481 TIGER-SAMPLE pid 0xcd7 n 0x10 thread 0x3207 thread 0x3207 state-kr 0x0 pc 0x90024407 leaf semaphore_wait_signal_trap+0x7 frames: 0x90024407 0x364de 0x90023d67
   4.481 TIGER-SAMPLE pid 0xcd7 n 0x10 thread 0x3403 thread 0x3403 state-kr 0x0 pc 0x90024407 leaf semaphore_wait_signal_trap+0x7 frames: 0x90024407 0x364de 0x90023d67
   4.481 TIGER-SAMPLE pid 0xcd7 n 0x10 thread 0x5103 thread 0x5103 state-kr 0x0 pc 0x900bc3fc leaf poll+0xc frames: 0x900bc3fc 0x2cd134 0x313210b 0x319b321 0x90023d67
   4.481 TIGER-SAMPLE pid 0xcd7 n 0x10 thread 0x5203 thread 0x5203 state-kr 0x0 pc 0x90024407 leaf semaphore_wait_signal_trap+0x7 frames: 0x90024407 0x364de 0x90023d67
   4.481 TIGER-SAMPLE pid 0xcd7 n 0x10 thread 0x5403 thread 0x5403 state-kr 0x0 pc 0x900bc3fc leaf poll+0xc frames: 0x900bc3fc 0x2cd134 0x313210b 0x319b321 0x90023d67
   4.481 TIGER-SAMPLE pid 0xcd7 n 0x10 thread 0x5503 thread 0x5503 state-kr 0x0 pc 0x90024407 leaf semaphore_wait_signal_trap+0x7 frames: 0x90024407 0x364de 0x90023d67
   4.481 TIGER-SAMPLE pid 0xcd7 n 0x10 thread 0x5307 thread 0x5307 state-kr 0x0 pc 0x900265fc leaf recvmsg+0xc frames: 0x900265fc 0x2cc6bb 0x2cd134 0x313210b 0x319b321 0x90023d67
   4.481 TIGER-SAMPLE pid 0xcd7 n 0x10 thread 0x5e07 thread 0x5e07 state-kr 0x0 pc 0x90024407 leaf semaphore_wait_signal_trap+0x7 frames: 0x90024407 0x915a96ab 0x915c3ddc 0x90023d67
   4.555 TIGER-SAMPLE pid 0xcdb n 0xf main 0xd03 thread 0xd03 state-kr 0x0 pc 0x109895e22 leaf __semwait_signal+0xa frames: 0x109895e22 0x10409d117 0x103fcdc62 0x1040a0249 0x10409f336 0x10409ef19 0x10004a86b 0x100001c4c 0x100001b61 0x3
   4.555 TIGER-SAMPLE pid 0xcdb n 0xf thread 0xf03 thread 0xf03 state-kr 0x0 pc 0x1098dfe4e leaf mach_msg_trap+0xa frames: 0x1098dfe4e 0x100328002 0x109891e9e
   4.555 TIGER-SAMPLE pid 0xcdb n 0xf thread 0x1103 thread 0x1103 state-kr 0x0 pc 0x109895e22 leaf __semwait_signal+0xa frames: 0x109895e22 0x10409d0d5 0x103fcdc62 0x1040a0249 0x10409f336 0x10409ef19 0x1040342fe 0x10409caf9 0x109891e9e
   4.555 TIGER-SAMPLE pid 0xcdb n 0xf thread 0x2303 thread 0x2303 state-kr 0x0 pc 0x1098467e6 leaf poll+0xa frames: 0x1098467e6 0x1040342fe 0x10409caf9 0x109891e9e
   4.555 TIGER-SAMPLE pid 0xcdb n 0xf thread 0x2407 thread 0x2407 state-kr 0x0 pc 0x109895e22 leaf __semwait_signal+0xa frames: 0x109895e22 0x10409d0d5 0x103fcdc62 0x1040a0249 0x10409f336 0x10409ef19 0x1040342fe 0x10409caf9 0x109891e9e
   4.555 TIGER-SAMPLE pid 0xcdb n 0xf thread 0x2503 thread 0x2503 state-kr 0x0 pc 0x109895e22 leaf __semwait_signal+0xa frames: 0x109895e22 0x10409d0d5 0x103fcdc62 0x1040a0249 0x10409f336 0x10409ef19 0x1040342fe 0x10409caf9 0x109891e9e
   4.555 TIGER-SAMPLE pid 0xcdb n 0xf thread 0x2603 thread 0x2603 state-kr 0x0 pc 0x109895e22 leaf __semwait_signal+0xa frames: 0x109895e22 0x10409d0d5 0x103fcdc62 0x1040a0249 0x10409f336 0x10409ef19 0x1040342fe 0x10409caf9 0x109891e9e
   4.555 TIGER-SAMPLE pid 0xcdb n 0xf thread 0x2703 thread 0x2703 state-kr 0x0 pc 0x109895e22 leaf __semwait_signal+0xa frames: 0x109895e22 0x10409d0d5 0x103fcdc62 0x1040a0249 0x10409f336 0x10409ef19 0x1040342fe 0x10409caf9 0x109891e9e
   4.555 TIGER-SAMPLE pid 0xcdb n 0xf thread 0x2903 thread 0x2903 state-kr 0x0 pc 0x109895e22 leaf __semwait_signal+0xa frames: 0x109895e22 0x10409d0d5 0x103fcdc62 0x1040a0249 0x10409f336 0x10409ef19 0x1040342fe 0x10409caf9 0x109891e9e
   4.555 TIGER-SAMPLE pid 0xcdb n 0xf thread 0x2a03 thread 0x2a03 state-kr 0x0 pc 0x1098467e6 leaf poll+0xa frames: 0x1098467e6 0x1040342fe 0x10409caf9 0x109891e9e
   4.555 TIGER-SAMPLE pid 0xcdb n 0xf thread 0x2b03 thread 0x2b03 state-kr 0x0 pc 0x1098467e6 leaf poll+0xa frames: 0x1098467e6 0x104388d27 0x104388eea 0x101f332a7 0x101f3f071 0x1040342fe 0x10409caf9 0x109891e9e
   4.616 [com.apple.WebKit:Loading:4] 0x109a129c0 - [webProcessIdentifier=3] NetworkConnectionToWebProcess::scheduleResourceLoad: (parentPID=3287, pageProxyID=4, webPageID=5, frameID=4294967297, resourceID=272, existingLoaderToResume=0)
   4.616 [com.apple.WebKit:Loading:4] 0x109a129c0 - [webProcessIdentifier=3] NetworkConnectionToWebProcess::resolveBlobReferences: (parentPID=3287, pageProxyID=4, webPageID=5, frameID=4294967297, resourceID=272)
   4.639 TIGER-SAMPLE pid 0xcda n 0xf main 0xd03 thread 0xd03 state-kr 0x0 pc 0x103685744 leaf _ZN3WTF7HashMapIiNSt3__110unique_ptrIN3JSC23SourceProviderCacheItemENS1_14default_deleteIS4_EEEENS_7IntHashIiEENS_29UnsignedWithZeroKeyHashTraitsIiEENS_10HashTraitsIS7_EENS_15HashTableTraitsELNS_17ShouldValidateKeyE0ENS_10FastMallocEE3addIS7_EENS_18HashTableAddResultINS_17HashTableIteratorINS_9HashTableIiNS_12KeyValuePairIiS7_EENS_24KeyValuePairKeyExtractorISN_EES9_NSH_18KeyValuePairTraitsESB_SG_EEiSN_SP_S9_SQ_SB_EEEERKiOT_+0x234 frames: 0x103685744 0x10371543b 0x103710d6f 0x10370eba8 0x10370f86f 0x10370f8f1 0x10370f8f1 0x10370f8f1 0x103712e02 0x10370eba8 0x10371393e 0x10371d397 0x10371a02c 0x103718634 0x103717e64 0x103717b5d 0x103714df2 0x103710d6f 0x10370eba8 0x10371bc03 0x1037199c2 0x10371b3e7 0x103718303 0x103717de0 0x103717b5d 0x103714df2 0x103710d6f 0x10370eba8 0x10370f3a7 0x10371393e 0x10371d397 0x10371a02c 0x103718634 0x103717e64 0x103717b5d 0x103714df2 0x1037324bb 0x1037312a3 0x10370f1f2 0x10372c8b3 0x10371148f
   4.639 TIGER-SAMPLE pid 0xcda n 0xf thread 0xf03 thread 0xf03 state-kr 0x0 pc 0x109adfe4e leaf mach_msg_trap+0xa frames: 0x109adfe4e 0x10045bf12 0x109a91e9e
   4.639 TIGER-SAMPLE pid 0xcda n 0xf thread 0x1103 thread 0x1103 state-kr 0x0 pc 0x109a95e22 leaf __semwait_signal+0xa frames: 0x109a95e22 0x1042a0ce5 0x1041d50a2 0x1042a3d29 0x1042a2ea6 0x1042a2a89 0x10423a53e 0x1042a0709 0x109a91e9e
   4.639 TIGER-SAMPLE pid 0xcda n 0xf thread 0x2303 thread 0x2303 state-kr 0x0 pc 0x109a95e22 leaf __semwait_signal+0xa frames: 0x109a95e22 0x1042a0ce5 0x1041d50a2 0x1042a3d29 0x1042a2ea6 0x1042a2a89 0x10423a53e 0x1042a0709 0x109a91e9e
   4.639 TIGER-SAMPLE pid 0xcda n 0xf thread 0x2403 thread 0x2403 state-kr 0x0 pc 0x109a95e22 leaf __semwait_signal+0xa frames: 0x109a95e22 0x1042a0ce5 0x1041d50a2 0x1042a3d29 0x1042a2ea6 0x1042a2a89 0x10423a53e 0x1042a0709 0x109a91e9e
   4.639 TIGER-SAMPLE pid 0xcda n 0xf thread 0x2503 thread 0x2503 state-kr 0x0 pc 0x109a467e6 leaf poll+0xa frames: 0x109a467e6 0x10423a53e 0x1042a0709 0x109a91e9e
   4.639 TIGER-SAMPLE pid 0xcda n 0xf thread 0x2603 thread 0x2603 state-kr 0x0 pc 0x109a95e22 leaf __semwait_signal+0xa frames: 0x109a95e22 0x1042a0ce5 0x1041d50a2 0x1042a3d29 0x1042a2ea6 0x1042a2a89 0x10423a53e 0x1042a0709 0x109a91e9e
   4.639 TIGER-SAMPLE pid 0xcda n 0xf thread 0x2703 thread 0x2703 state-kr 0x0 pc 0x109a467e6 leaf poll+0xa frames: 0x109a467e6 0x10423a53e 0x1042a0709 0x109a91e9e
   4.639 TIGER-SAMPLE pid 0xcda n 0xf thread 0x2807 thread 0x2807 state-kr 0x0 pc 0x109a95e22 leaf __semwait_signal+0xa frames: 0x109a95e22 0x1042a0ce5 0x1041d50a2 0x1042a3d29 0x1042a2ea6 0x1042a2a89 0x10423a53e 0x1042a0709 0x109a91e9e
   4.639 TIGER-SAMPLE pid 0xcda n 0xf thread 0x2903 thread 0x2903 state-kr 0x0 pc 0x109a95e22 leaf __semwait_signal+0xa frames: 0x109a95e22 0x1042a0ce5 0x1041d50a2 0x1042a3d29 0x1042a2ea6 0x1042a2a89 0x10423a53e 0x1042a0709 0x109a91e9e
   4.639 TIGER-SAMPLE pid 0xcda n 0xf thread 0x2c03 thread 0x2c03 state-kr 0x0 pc 0x109a95e22 leaf __semwait_signal+0xa frames: 0x109a95e22 0x1042a0ce5 0x1041d50a2 0x1042a3d29 0x1042a2ea6 0x1042a2a89 0x10423a53e 0x1042a0709 0x109a91e9e
   4.639 TIGER-SAMPLE pid 0xcda n 0xf thread 0x4003 thread 0x4003 state-kr 0x0 pc 0x109a95e22 leaf __semwait_signal+0xa frames: 0x109a95e22 0x1042a0ce5 0x1041d50a2 0x1042a3d29 0x1042a2ea6 0x1042a2a89 0x10423a53e 0x1042a0709 0x109a91e9e
   4.639 TIGER-SAMPLE pid 0xcda n 0xf thread 0x4103 thread 0x4103 state-kr 0x0 pc 0x109a95e22 leaf __semwait_signal+0xa frames: 0x109a95e22 0x1042a0ce5 0x1041d50a2 0x1041d4b56 0x10423a53e 0x1042a0709 0x109a91e9e
   4.639 TIGER-SAMPLE pid 0xcda n 0xf thread 0x2d0b thread 0x2d0b state-kr 0x0 pc 0x109a95e22 leaf __semwait_signal+0xa frames: 0x109a95e22 0x1042a0d27 0x1041d50a2 0x1041b1c77 0x10423a53e 0x1042a0709 0x109a91e9e
   4.639 TIGER-SAMPLE pid 0xcda n 0xf thread 0x4303 thread 0x4303 state-kr 0x0 pc 0x109a95e22 leaf __semwait_signal+0xa frames: 0x109a95e22 0x1042a0d27 0x1041d50a2 0x1041b1c77 0x10423a53e 0x1042a0709 0x109a91e9e
   4.639 TIGER-SAMPLE pid 0xcda n 0xf thread 0x4503 thread 0x4503 state-kr 0x0 pc 0x109a95e22 leaf __semwait_signal+0xa frames: 0x109a95e22 0x1042a0ce5 0x1041d50a2 0x1042a3d29 0x1042a2ea6 0x1042a2a89 0x10423a53e 0x1042a0709 0x109a91e9e
   4.732 TIGER-SAMPLE pid 0xcd7 n 0x11 main 0x117 thread 0x117 state-kr 0x0 pc 0x90009817 leaf mach_msg_trap+0x7 frames: 0x90009817 0x9082d227 0x9082ca42 0x92e06878 0x92e05f82 0x92e05dd9 0x9328cf45 0x9328cb37 0x932868c4 0x8af6 0x82f2 0x8219 0x5
   4.732 TIGER-SAMPLE pid 0xcd7 n 0x11 thread 0x1203 thread 0x1203 state-kr 0x0 pc 0x90009817 leaf mach_msg_trap+0x7 frames: 0x90009817 0x2ca6d8 0x90023d67
   4.732 TIGER-SAMPLE pid 0xcd7 n 0x11 thread 0x3207 thread 0x3207 state-kr 0x0 pc 0x90024407 leaf semaphore_wait_signal_trap+0x7 frames: 0x90024407 0x364de 0x90023d67
   4.733 TIGER-SAMPLE pid 0xcd7 n 0x11 thread 0x3403 thread 0x3403 state-kr 0x0 pc 0x90024407 leaf semaphore_wait_signal_trap+0x7 frames: 0x90024407 0x364de 0x90023d67
   4.733 TIGER-SAMPLE pid 0xcd7 n 0x11 thread 0x5103 thread 0x5103 state-kr 0x0 pc 0x900bc3fc leaf poll+0xc frames: 0x900bc3fc 0x2cd134 0x313210b 0x319b321 0x90023d67
   4.734 TIGER-SAMPLE pid 0xcd7 n 0x11 thread 0x5203 thread 0x5203 state-kr 0x0 pc 0x90024407 leaf semaphore_wait_signal_trap+0x7 frames: 0x90024407 0x364de 0x90023d67
   4.734 TIGER-SAMPLE pid 0xcd7 n 0x11 thread 0x5403 thread 0x5403 state-kr 0x0 pc 0x900bc3fc leaf poll+0xc frames: 0x900bc3fc 0x2cd134 0x313210b 0x319b321 0x90023d67
   4.734 TIGER-SAMPLE pid 0xcd7 n 0x11 thread 0x5503 thread 0x5503 state-kr 0x0 pc 0x90024407 leaf semaphore_wait_signal_trap+0x7 frames: 0x90024407 0x364de 0x90023d67
   4.734 TIGER-SAMPLE pid 0xcd7 n 0x11 thread 0x5307 thread 0x5307 state-kr 0x0 pc 0x900265fc leaf recvmsg+0xc frames: 0x900265fc 0x2cc6bb 0x2cd134 0x313210b 0x319b321 0x90023d67
   4.734 TIGER-SAMPLE pid 0xcd7 n 0x11 thread 0x5e07 thread 0x5e07 state-kr 0x0 pc 0x90024407 leaf semaphore_wait_signal_trap+0x7 frames: 0x90024407 0x915a96ab 0x915c3ddc 0x90023d67
   4.807 TIGER-SAMPLE pid 0xcdb n 0x10 main 0xd03 thread 0xd03 state-kr 0x0 pc 0x109895e22 leaf __semwait_signal+0xa frames: 0x109895e22 0x10409d117 0x103fcdc62 0x1040a0249 0x10409f336 0x10409ef19 0x10004a86b 0x100001c4c 0x100001b61 0x3
   4.807 TIGER-SAMPLE pid 0xcdb n 0x10 thread 0xf03 thread 0xf03 state-kr 0x0 pc 0x1098dfe4e leaf mach_msg_trap+0xa frames: 0x1098dfe4e 0x100328002 0x109891e9e
   4.807 TIGER-SAMPLE pid 0xcdb n 0x10 thread 0x1103 thread 0x1103 state-kr 0x0 pc 0x109895e22 leaf __semwait_signal+0xa frames: 0x109895e22 0x10409d0d5 0x103fcdc62 0x1040a0249 0x10409f336 0x10409ef19 0x1040342fe 0x10409caf9 0x109891e9e
   4.807 TIGER-SAMPLE pid 0xcdb n 0x10 thread 0x2303 thread 0x2303 state-kr 0x0 pc 0x1098467e6 leaf poll+0xa frames: 0x1098467e6 0x1040342fe 0x10409caf9 0x109891e9e
   4.807 TIGER-SAMPLE pid 0xcdb n 0x10 thread 0x2407 thread 0x2407 state-kr 0x0 pc 0x109895e22 leaf __semwait_signal+0xa frames: 0x109895e22 0x10409d0d5 0x103fcdc62 0x1040a0249 0x10409f336 0x10409ef19 0x1040342fe 0x10409caf9 0x109891e9e
   4.807 TIGER-SAMPLE pid 0xcdb n 0x10 thread 0x2503 thread 0x2503 state-kr 0x0 pc 0x109895e22 leaf __semwait_signal+0xa frames: 0x109895e22 0x10409d0d5 0x103fcdc62 0x1040a0249 0x10409f336 0x10409ef19 0x1040342fe 0x10409caf9 0x109891e9e
   4.807 TIGER-SAMPLE pid 0xcdb n 0x10 thread 0x2603 thread 0x2603 state-kr 0x0 pc 0x109895e22 leaf __semwait_signal+0xa frames: 0x109895e22 0x10409d0d5 0x103fcdc62 0x1040a0249 0x10409f336 0x10409ef19 0x1040342fe 0x10409caf9 0x109891e9e
   4.807 TIGER-SAMPLE pid 0xcdb n 0x10 thread 0x2703 thread 0x2703 state-kr 0x0 pc 0x109895e22 leaf __semwait_signal+0xa frames: 0x109895e22 0x10409d0d5 0x103fcdc62 0x1040a0249 0x10409f336 0x10409ef19 0x1040342fe 0x10409caf9 0x109891e9e
   4.807 TIGER-SAMPLE pid 0xcdb n 0x10 thread 0x2903 thread 0x2903 state-kr 0x0 pc 0x109895e22 leaf __semwait_signal+0xa frames: 0x109895e22 0x10409d0d5 0x103fcdc62 0x1040a0249 0x10409f336 0x10409ef19 0x1040342fe 0x10409caf9 0x109891e9e
   4.807 TIGER-SAMPLE pid 0xcdb n 0x10 thread 0x2a03 thread 0x2a03 state-kr 0x0 pc 0x1098467e6 leaf poll+0xa frames: 0x1098467e6 0x1040342fe 0x10409caf9 0x109891e9e
   4.807 TIGER-SAMPLE pid 0xcdb n 0x10 thread 0x2b03 thread 0x2b03 state-kr 0x0 pc 0x1098467e6 leaf poll+0xa frames: 0x1098467e6 0x104388d27 0x104388eea 0x101f332a7 0x101f3f071 0x1040342fe 0x10409caf9 0x109891e9e
   4.894 TIGER-SAMPLE pid 0xcda n 0x10 main 0xd03 thread 0xd03 state-kr 0x0 pc 0x103a138d6 leaf _ZN3JSC7JSScope15abstractResolveEPNS_14JSGlobalObjectEmPS0_RKNS_10IdentifierENS_8GetOrPutENS_11ResolveTypeENS_18InitializationModeE+0x716 frames: 0x103a138d6 0x102976a38 0x103d54081 0x103d53a35 0x103d5464d 0x10319a4e6 0x10d00a616 0x10d0c4e5b 0x1049ea828 0x1049ea828 0x1049e96a8 0x1049e96a8 0x1049e96a8 0x1049e96a8 0x1049c81c4 0x103645272 0x1037f61db 0x100c1613d 0x100c16518 0x10176df0e 0x10171b447 0x10176ea4c 0x10176ef0f 0x10177445c 0x10261cc2f 0x1042a2c47 0x100045e88 0x10000170c 0x100001621 0x3
   4.894 TIGER-SAMPLE pid 0xcda n 0x10 thread 0xf03 thread 0xf03 state-kr 0x0 pc 0x109adfe4e leaf mach_msg_trap+0xa frames: 0x109adfe4e 0x10045bf12 0x109a91e9e
   4.894 TIGER-SAMPLE pid 0xcda n 0x10 thread 0x1103 thread 0x1103 state-kr 0x0 pc 0x109a95e22 leaf __semwait_signal+0xa frames: 0x109a95e22 0x1042a0ce5 0x1041d50a2 0x1042a3d29 0x1042a2ea6 0x1042a2a89 0x10423a53e 0x1042a0709 0x109a91e9e
   4.894 TIGER-SAMPLE pid 0xcda n 0x10 thread 0x2303 thread 0x2303 state-kr 0x0 pc 0x109a95e22 leaf __semwait_signal+0xa frames: 0x109a95e22 0x1042a0ce5 0x1041d50a2 0x1042a3d29 0x1042a2ea6 0x1042a2a89 0x10423a53e 0x1042a0709 0x109a91e9e
   4.894 TIGER-SAMPLE pid 0xcda n 0x10 thread 0x2403 thread 0x2403 state-kr 0x0 pc 0x109a95e22 leaf __semwait_signal+0xa frames: 0x109a95e22 0x1042a0ce5 0x1041d50a2 0x1042a3d29 0x1042a2ea6 0x1042a2a89 0x10423a53e 0x1042a0709 0x109a91e9e
   4.894 TIGER-SAMPLE pid 0xcda n 0x10 thread 0x2503 thread 0x2503 state-kr 0x0 pc 0x109a467e6 leaf poll+0xa frames: 0x109a467e6 0x10423a53e 0x1042a0709 0x109a91e9e
   4.894 TIGER-SAMPLE pid 0xcda n 0x10 thread 0x2603 thread 0x2603 state-kr 0x0 pc 0x109a95e22 leaf __semwait_signal+0xa frames: 0x109a95e22 0x1042a0ce5 0x1041d50a2 0x1042a3d29 0x1042a2ea6 0x1042a2a89 0x10423a53e 0x1042a0709 0x109a91e9e
   4.894 TIGER-SAMPLE pid 0xcda n 0x10 thread 0x2703 thread 0x2703 state-kr 0x0 pc 0x109a467e6 leaf poll+0xa frames: 0x109a467e6 0x10423a53e 0x1042a0709 0x109a91e9e
   4.894 TIGER-SAMPLE pid 0xcda n 0x10 thread 0x2807 thread 0x2807 state-kr 0x0 pc 0x109a95e22 leaf __semwait_signal+0xa frames: 0x109a95e22 0x1042a0ce5 0x1041d50a2 0x1042a3d29 0x1042a2ea6 0x1042a2a89 0x10423a53e 0x1042a0709 0x109a91e9e
   4.894 TIGER-SAMPLE pid 0xcda n 0x10 thread 0x2903 thread 0x2903 state-kr 0x0 pc 0x109a95e22 leaf __semwait_signal+0xa frames: 0x109a95e22 0x1042a0ce5 0x1041d50a2 0x1042a3d29 0x1042a2ea6 0x1042a2a89 0x10423a53e 0x1042a0709 0x109a91e9e
   4.894 TIGER-SAMPLE pid 0xcda n 0x10 thread 0x2c03 thread 0x2c03 state-kr 0x0 pc 0x109a95e22 leaf __semwait_signal+0xa frames: 0x109a95e22 0x1042a0ce5 0x1041d50a2 0x1042a3d29 0x1042a2ea6 0x1042a2a89 0x10423a53e 0x1042a0709 0x109a91e9e
   4.894 TIGER-SAMPLE pid 0xcda n 0x10 thread 0x4003 thread 0x4003 state-kr 0x0 pc 0x109a95e22 leaf __semwait_signal+0xa frames: 0x109a95e22 0x1042a0ce5 0x1041d50a2 0x1042a3d29 0x1042a2ea6 0x1042a2a89 0x10423a53e 0x1042a0709 0x109a91e9e
   4.894 TIGER-SAMPLE pid 0xcda n 0x10 thread 0x4103 thread 0x4103 state-kr 0x0 pc 0x109a95e22 leaf __semwait_signal+0xa frames: 0x109a95e22 0x1042a0ce5 0x1041d50a2 0x1041d4b56 0x10423a53e 0x1042a0709 0x109a91e9e
   4.894 TIGER-SAMPLE pid 0xcda n 0x10 thread 0x2d0b thread 0x2d0b state-kr 0x0 pc 0x109a95e22 leaf __semwait_signal+0xa frames: 0x109a95e22 0x1042a0d27 0x1041d50a2 0x1041b1c77 0x10423a53e 0x1042a0709 0x109a91e9e
   4.894 TIGER-SAMPLE pid 0xcda n 0x10 thread 0x4303 thread 0x4303 state-kr 0x0 pc 0x109a95e22 leaf __semwait_signal+0xa frames: 0x109a95e22 0x1042a0d27 0x1041d50a2 0x1041b1c77 0x10423a53e 0x1042a0709 0x109a91e9e
   4.894 TIGER-SAMPLE pid 0xcda n 0x10 thread 0x4503 thread 0x4503 state-kr 0x0 pc 0x109a95e22 leaf __semwait_signal+0xa frames: 0x109a95e22 0x1042a0ce5 0x1041d50a2 0x1042a3d29 0x1042a2ea6 0x1042a2a89 0x10423a53e 0x1042a0709 0x109a91e9e
   4.986 TIGER-SAMPLE pid 0xcd7 n 0x12 main 0x117 thread 0x117 state-kr 0x0 pc 0x90009817 leaf mach_msg_trap+0x7 frames: 0x90009817 0x9082d227 0x9082ca42 0x92e06878 0x92e05f82 0x92e05dd9 0x9328cf45 0x9328cb37 0x932868c4 0x8af6 0x82f2 0x8219 0x5
   4.986 TIGER-SAMPLE pid 0xcd7 n 0x12 thread 0x1203 thread 0x1203 state-kr 0x0 pc 0x90009817 leaf mach_msg_trap+0x7 frames: 0x90009817 0x2ca6d8 0x90023d67
   4.986 TIGER-SAMPLE pid 0xcd7 n 0x12 thread 0x3207 thread 0x3207 state-kr 0x0 pc 0x90024407 leaf semaphore_wait_signal_trap+0x7 frames: 0x90024407 0x364de 0x90023d67
   4.986 TIGER-SAMPLE pid 0xcd7 n 0x12 thread 0x3403 thread 0x3403 state-kr 0x0 pc 0x90024407 leaf semaphore_wait_signal_trap+0x7 frames: 0x90024407 0x364de 0x90023d67
   4.986 TIGER-SAMPLE pid 0xcd7 n 0x12 thread 0x5103 thread 0x5103 state-kr 0x0 pc 0x900bc3fc leaf poll+0xc frames: 0x900bc3fc 0x2cd134 0x313210b 0x319b321 0x90023d67
   4.986 TIGER-SAMPLE pid 0xcd7 n 0x12 thread 0x5203 thread 0x5203 state-kr 0x0 pc 0x90024407 leaf semaphore_wait_signal_trap+0x7 frames: 0x90024407 0x364de 0x90023d67
   4.986 TIGER-SAMPLE pid 0xcd7 n 0x12 thread 0x5403 thread 0x5403 state-kr 0x0 pc 0x900bc3fc leaf poll+0xc frames: 0x900bc3fc 0x2cd134 0x313210b 0x319b321 0x90023d67
   4.986 TIGER-SAMPLE pid 0xcd7 n 0x12 thread 0x5503 thread 0x5503 state-kr 0x0 pc 0x90024407 leaf semaphore_wait_signal_trap+0x7 frames: 0x90024407 0x364de 0x90023d67
   4.986 TIGER-SAMPLE pid 0xcd7 n 0x12 thread 0x5307 thread 0x5307 state-kr 0x0 pc 0x900265fc leaf recvmsg+0xc frames: 0x900265fc 0x2cc6bb 0x2cd134 0x313210b 0x319b321 0x90023d67
   4.986 TIGER-SAMPLE pid 0xcd7 n 0x12 thread 0x5e07 thread 0x5e07 state-kr 0x0 pc 0x90024407 leaf semaphore_wait_signal_trap+0x7 frames: 0x90024407 0x915a96ab 0x915c3ddc 0x90023d67
   5.067 TIGER-SAMPLE pid 0xcdb n 0x11 main 0xd03 thread 0xd03 state-kr 0x0 pc 0x109895e22 leaf __semwait_signal+0xa frames: 0x109895e22 0x10409d117 0x103fcdc62 0x1040a0249 0x10409f336 0x10409ef19 0x10004a86b 0x100001c4c 0x100001b61 0x3
   5.067 TIGER-SAMPLE pid 0xcdb n 0x11 thread 0xf03 thread 0xf03 state-kr 0x0 pc 0x1098dfe4e leaf mach_msg_trap+0xa frames: 0x1098dfe4e 0x100328002 0x109891e9e
   5.067 TIGER-SAMPLE pid 0xcdb n 0x11 thread 0x1103 thread 0x1103 state-kr 0x0 pc 0x109895e22 leaf __semwait_signal+0xa frames: 0x109895e22 0x10409d0d5 0x103fcdc62 0x1040a0249 0x10409f336 0x10409ef19 0x1040342fe 0x10409caf9 0x109891e9e
   5.067 TIGER-SAMPLE pid 0xcdb n 0x11 thread 0x2303 thread 0x2303 state-kr 0x0 pc 0x1098467e6 leaf poll+0xa frames: 0x1098467e6 0x1040342fe 0x10409caf9 0x109891e9e
   5.067 TIGER-SAMPLE pid 0xcdb n 0x11 thread 0x2407 thread 0x2407 state-kr 0x0 pc 0x109895e22 leaf __semwait_signal+0xa frames: 0x109895e22 0x10409d0d5 0x103fcdc62 0x1040a0249 0x10409f336 0x10409ef19 0x1040342fe 0x10409caf9 0x109891e9e
   5.067 TIGER-SAMPLE pid 0xcdb n 0x11 thread 0x2503 thread 0x2503 state-kr 0x0 pc 0x109895e22 leaf __semwait_signal+0xa frames: 0x109895e22 0x10409d0d5 0x103fcdc62 0x1040a0249 0x10409f336 0x10409ef19 0x1040342fe 0x10409caf9 0x109891e9e
   5.067 TIGER-SAMPLE pid 0xcdb n 0x11 thread 0x2603 thread 0x2603 state-kr 0x0 pc 0x109895e22 leaf __semwait_signal+0xa frames: 0x109895e22 0x10409d0d5 0x103fcdc62 0x1040a0249 0x10409f336 0x10409ef19 0x1040342fe 0x10409caf9 0x109891e9e
   5.067 TIGER-SAMPLE pid 0xcdb n 0x11 thread 0x2703 thread 0x2703 state-kr 0x0 pc 0x109895e22 leaf __semwait_signal+0xa frames: 0x109895e22 0x10409d0d5 0x103fcdc62 0x1040a0249 0x10409f336 0x10409ef19 0x1040342fe 0x10409caf9 0x109891e9e
   5.067 TIGER-SAMPLE pid 0xcdb n 0x11 thread 0x2903 thread 0x2903 state-kr 0x0 pc 0x109895e22 leaf __semwait_signal+0xa frames: 0x109895e22 0x10409d0d5 0x103fcdc62 0x1040a0249 0x10409f336 0x10409ef19 0x1040342fe 0x10409caf9 0x109891e9e
   5.067 TIGER-SAMPLE pid 0xcdb n 0x11 thread 0x2a03 thread 0x2a03 state-kr 0x0 pc 0x1098467e6 leaf poll+0xa frames: 0x1098467e6 0x1040342fe 0x10409caf9 0x109891e9e
   5.067 TIGER-SAMPLE pid 0xcdb n 0x11 thread 0x2b03 thread 0x2b03 state-kr 0x0 pc 0x1098467e6 leaf poll+0xa frames: 0x1098467e6 0x104388d27 0x104388eea 0x101f332a7 0x101f3f071 0x1040342fe 0x10409caf9 0x109891e9e
   5.165 TIGER-SAMPLE pid 0xcda n 0x11 main 0xd03 thread 0xd03 state-kr 0x0 pc 0x109adfef6 leaf syscall_thread_switch+0xa frames: 0x109adfef6 0x103534be0 0x103535827 0x103534a36 0x103561d9d 0x1035709a5 0x1035395e1 0x10353946a 0x103530e6f 0x10356ee6a 0x103d0245c 0x102cc7c1e 0x10d0d7332 0x10d0cad38 0x10d0cb14c 0x10d0d2edc 0x1049e96a8 0x1049ea828 0x1049e96a8 0x1049c81c4 0x103645272 0x1037f61db 0x100c1613d 0x100c16518 0x10176df0e 0x10171b447 0x10176ea4c 0x10176ef0f 0x10177445c 0x10261cc2f 0x1042a2c47 0x100045e88 0x10000170c 0x100001621 0x3
   5.165 TIGER-SAMPLE pid 0xcda n 0x11 thread 0xf03 thread 0xf03 state-kr 0x0 pc 0x109adfe4e leaf mach_msg_trap+0xa frames: 0x109adfe4e 0x10045bf12 0x109a91e9e
   5.165 TIGER-SAMPLE pid 0xcda n 0x11 thread 0x1103 thread 0x1103 state-kr 0x0 pc 0x109a95e22 leaf __semwait_signal+0xa frames: 0x109a95e22 0x1042a0ce5 0x1041d50a2 0x1042a3d29 0x1042a2ea6 0x1042a2a89 0x10423a53e 0x1042a0709 0x109a91e9e
   5.165 TIGER-SAMPLE pid 0xcda n 0x11 thread 0x2303 thread 0x2303 state-kr 0x0 pc 0x109a95e22 leaf __semwait_signal+0xa frames: 0x109a95e22 0x1042a0ce5 0x1041d50a2 0x1042a3d29 0x1042a2ea6 0x1042a2a89 0x10423a53e 0x1042a0709 0x109a91e9e
   5.165 TIGER-SAMPLE pid 0xcda n 0x11 thread 0x2403 thread 0x2403 state-kr 0x0 pc 0x109a95e22 leaf __semwait_signal+0xa frames: 0x109a95e22 0x1042a0ce5 0x1041d50a2 0x1042a3d29 0x1042a2ea6 0x1042a2a89 0x10423a53e 0x1042a0709 0x109a91e9e
   5.165 TIGER-SAMPLE pid 0xcda n 0x11 thread 0x2503 thread 0x2503 state-kr 0x0 pc 0x109a467e6 leaf poll+0xa frames: 0x109a467e6 0x10423a53e 0x1042a0709 0x109a91e9e
   5.166 TIGER-SAMPLE pid 0xcda n 0x11 thread 0x2603 thread 0x2603 state-kr 0x0 pc 0x109a95e22 leaf __semwait_signal+0xa frames: 0x109a95e22 0x1042a0ce5 0x1041d50a2 0x1042a3d29 0x1042a2ea6 0x1042a2a89 0x10423a53e 0x1042a0709 0x109a91e9e
   5.166 TIGER-SAMPLE pid 0xcda n 0x11 thread 0x2703 thread 0x2703 state-kr 0x0 pc 0x109a467e6 leaf poll+0xa frames: 0x109a467e6 0x10423a53e 0x1042a0709 0x109a91e9e
   5.166 TIGER-SAMPLE pid 0xcda n 0x11 thread 0x2807 thread 0x2807 state-kr 0x0 pc 0x109a95e22 leaf __semwait_signal+0xa frames: 0x109a95e22 0x1042a0ce5 0x1041d50a2 0x1042a3d29 0x1042a2ea6 0x1042a2a89 0x10423a53e 0x1042a0709 0x109a91e9e
   5.166 TIGER-SAMPLE pid 0xcda n 0x11 thread 0x2903 thread 0x2903 state-kr 0x0 pc 0x109a95e22 leaf __semwait_signal+0xa frames: 0x109a95e22 0x1042a0ce5 0x1041d50a2 0x1042a3d29 0x1042a2ea6 0x1042a2a89 0x10423a53e 0x1042a0709 0x109a91e9e
   5.166 TIGER-SAMPLE pid 0xcda n 0x11 thread 0x2c03 thread 0x2c03 state-kr 0x0 pc 0x109a95e22 leaf __semwait_signal+0xa frames: 0x109a95e22 0x1042a0ce5 0x1041d50a2 0x1042a3d29 0x1042a2ea6 0x1042a2a89 0x10423a53e 0x1042a0709 0x109a91e9e
   5.166 TIGER-SAMPLE pid 0xcda n 0x11 thread 0x4003 thread 0x4003 state-kr 0x0 pc 0x109a95e22 leaf __semwait_signal+0xa frames: 0x109a95e22 0x1042a0ce5 0x1041d50a2 0x1042a3d29 0x1042a2ea6 0x1042a2a89 0x10423a53e 0x1042a0709 0x109a91e9e
   5.166 TIGER-SAMPLE pid 0xcda n 0x11 thread 0x4103 thread 0x4103 state-kr 0x0 pc 0x109a95e22 leaf __semwait_signal+0xa frames: 0x109a95e22 0x1042a0ce5 0x1041d50a2 0x1041d4b56 0x10423a53e 0x1042a0709 0x109a91e9e
   5.166 TIGER-SAMPLE pid 0xcda n 0x11 thread 0x2d0b thread 0x2d0b state-kr 0x0 pc 0x109a95e22 leaf __semwait_signal+0xa frames: 0x109a95e22 0x1042a0d27 0x1041d50a2 0x1041b1c77 0x10423a53e 0x1042a0709 0x109a91e9e
   5.167 TIGER-SAMPLE pid 0xcda n 0x11 thread 0x4303 thread 0x4303 state-kr 0x0 pc 0x109adfef6 leaf syscall_thread_switch+0xa frames: 0x109adfef6 0x1031ef8b5 0x102f7db36 0x102d6e5d3 0x1031cdd14 0x103213138 0x1041b1d44 0x10423a53e 0x1042a0709 0x109a91e9e
   5.167 TIGER-SAMPLE pid 0xcda n 0x11 thread 0x4503 thread 0x4503 state-kr 0x0 pc 0x109a95e22 leaf __semwait_signal+0xa frames: 0x109a95e22 0x1042a0ce5 0x1041d50a2 0x1042a3d29 0x1042a2ea6 0x1042a2a89 0x10423a53e 0x1042a0709 0x109a91e9e
   5.167 TIGER-SAMPLE pid 0xcda n 0x11 thread 0x2a0b thread 0x2a0b state-kr 0x0 pc 0x109a95e22 leaf __semwait_signal+0xa frames: 0x109a95e22 0x1042a0ce5 0x1041d50a2 0x103585f31 0x103560134 0x1041d351c 0x1041d3ed6 0x1041b1d44 0x10423a53e 0x1042a0709 0x109a91e9e
   5.238 TIGER-SAMPLE pid 0xcd7 n 0x13 main 0x117 thread 0x117 state-kr 0x0 pc 0x90009817 leaf mach_msg_trap+0x7 frames: 0x90009817 0x9082d227 0x9082ca42 0x92e06878 0x92e05f82 0x92e05dd9 0x9328cf45 0x9328cb37 0x932868c4 0x8af6 0x82f2 0x8219 0x5
   5.238 TIGER-SAMPLE pid 0xcd7 n 0x13 thread 0x1203 thread 0x1203 state-kr 0x0 pc 0x90009817 leaf mach_msg_trap+0x7 frames: 0x90009817 0x2ca6d8 0x90023d67
   5.238 TIGER-SAMPLE pid 0xcd7 n 0x13 thread 0x3207 thread 0x3207 state-kr 0x0 pc 0x90024407 leaf semaphore_wait_signal_trap+0x7 frames: 0x90024407 0x364de 0x90023d67
   5.239 TIGER-SAMPLE pid 0xcd7 n 0x13 thread 0x3403 thread 0x3403 state-kr 0x0 pc 0x90024407 leaf semaphore_wait_signal_trap+0x7 frames: 0x90024407 0x364de 0x90023d67
   5.239 TIGER-SAMPLE pid 0xcd7 n 0x13 thread 0x5103 thread 0x5103 state-kr 0x0 pc 0x900bc3fc leaf poll+0xc frames: 0x900bc3fc 0x2cd134 0x313210b 0x319b321 0x90023d67
   5.239 TIGER-SAMPLE pid 0xcd7 n 0x13 thread 0x5203 thread 0x5203 state-kr 0x0 pc 0x90024407 leaf semaphore_wait_signal_trap+0x7 frames: 0x90024407 0x364de 0x90023d67
   5.239 TIGER-SAMPLE pid 0xcd7 n 0x13 thread 0x5403 thread 0x5403 state-kr 0x0 pc 0x900bc3fc leaf poll+0xc frames: 0x900bc3fc 0x2cd134 0x313210b 0x319b321 0x90023d67
   5.239 TIGER-SAMPLE pid 0xcd7 n 0x13 thread 0x5503 thread 0x5503 state-kr 0x0 pc 0x90024407 leaf semaphore_wait_signal_trap+0x7 frames: 0x90024407 0x364de 0x90023d67
   5.239 TIGER-SAMPLE pid 0xcd7 n 0x13 thread 0x5307 thread 0x5307 state-kr 0x0 pc 0x900265fc leaf recvmsg+0xc frames: 0x900265fc 0x2cc6bb 0x2cd134 0x313210b 0x319b321 0x90023d67
   5.239 TIGER-SAMPLE pid 0xcd7 n 0x13 thread 0x5e07 thread 0x5e07 state-kr 0x0 pc 0x90024407 leaf semaphore_wait_signal_trap+0x7 frames: 0x90024407 0x915a96ab 0x915c3ddc 0x90023d67
   5.318 TIGER-SAMPLE pid 0xcdb n 0x12 main 0xd03 thread 0xd03 state-kr 0x0 pc 0x109895e22 leaf __semwait_signal+0xa frames: 0x109895e22 0x10409d117 0x103fcdc62 0x1040a0249 0x10409f336 0x10409ef19 0x10004a86b 0x100001c4c 0x100001b61 0x3
   5.318 TIGER-SAMPLE pid 0xcdb n 0x12 thread 0xf03 thread 0xf03 state-kr 0x0 pc 0x1098dfe4e leaf mach_msg_trap+0xa frames: 0x1098dfe4e 0x100328002 0x109891e9e
   5.318 TIGER-SAMPLE pid 0xcdb n 0x12 thread 0x1103 thread 0x1103 state-kr 0x0 pc 0x109895e22 leaf __semwait_signal+0xa frames: 0x109895e22 0x10409d0d5 0x103fcdc62 0x1040a0249 0x10409f336 0x10409ef19 0x1040342fe 0x10409caf9 0x109891e9e
   5.318 TIGER-SAMPLE pid 0xcdb n 0x12 thread 0x2303 thread 0x2303 state-kr 0x0 pc 0x1098467e6 leaf poll+0xa frames: 0x1098467e6 0x1040342fe 0x10409caf9 0x109891e9e
   5.318 TIGER-SAMPLE pid 0xcdb n 0x12 thread 0x2407 thread 0x2407 state-kr 0x0 pc 0x109895e22 leaf __semwait_signal+0xa frames: 0x109895e22 0x10409d0d5 0x103fcdc62 0x1040a0249 0x10409f336 0x10409ef19 0x1040342fe 0x10409caf9 0x109891e9e
   5.318 TIGER-SAMPLE pid 0xcdb n 0x12 thread 0x2503 thread 0x2503 state-kr 0x0 pc 0x109895e22 leaf __semwait_signal+0xa frames: 0x109895e22 0x10409d0d5 0x103fcdc62 0x1040a0249 0x10409f336 0x10409ef19 0x1040342fe 0x10409caf9 0x109891e9e
   5.319 TIGER-SAMPLE pid 0xcdb n 0x12 thread 0x2603 thread 0x2603 state-kr 0x0 pc 0x109895e22 leaf __semwait_signal+0xa frames: 0x109895e22 0x10409d0d5 0x103fcdc62 0x1040a0249 0x10409f336 0x10409ef19 0x1040342fe 0x10409caf9 0x109891e9e
   5.319 TIGER-SAMPLE pid 0xcdb n 0x12 thread 0x2703 thread 0x2703 state-kr 0x0 pc 0x109895e22 leaf __semwait_signal+0xa frames: 0x109895e22 0x10409d0d5 0x103fcdc62 0x1040a0249 0x10409f336 0x10409ef19 0x1040342fe 0x10409caf9 0x109891e9e
   5.319 TIGER-SAMPLE pid 0xcdb n 0x12 thread 0x2903 thread 0x2903 state-kr 0x0 pc 0x109895e22 leaf __semwait_signal+0xa frames: 0x109895e22 0x10409d0d5 0x103fcdc62 0x1040a0249 0x10409f336 0x10409ef19 0x1040342fe 0x10409caf9 0x109891e9e
   5.319 TIGER-SAMPLE pid 0xcdb n 0x12 thread 0x2a03 thread 0x2a03 state-kr 0x0 pc 0x1098467e6 leaf poll+0xa frames: 0x1098467e6 0x1040342fe 0x10409caf9 0x109891e9e
   5.319 TIGER-SAMPLE pid 0xcdb n 0x12 thread 0x2b03 thread 0x2b03 state-kr 0x0 pc 0x1098467e6 leaf poll+0xa frames: 0x1098467e6 0x104388d27 0x104388eea 0x101f332a7 0x101f3f071 0x1040342fe 0x10409caf9 0x109891e9e
   5.331 [com.apple.WebKit:Loading:4] 0x109a129c0 - [webProcessIdentifier=3] NetworkConnectionToWebProcess::scheduleResourceLoad: (parentPID=3287, pageProxyID=4, webPageID=5, frameID=4294967297, resourceID=275, existingLoaderToResume=0)
   5.331 [com.apple.WebKit:Loading:4] 0x109a129c0 - [webProcessIdentifier=3] NetworkConnectionToWebProcess::resolveBlobReferences: (parentPID=3287, pageProxyID=4, webPageID=5, frameID=4294967297, resourceID=275)
   5.338 [com.apple.WebKit:Loading:4] 0x109a129c0 - [webProcessIdentifier=3] NetworkConnectionToWebProcess::scheduleResourceLoad: (parentPID=3287, pageProxyID=4, webPageID=5, frameID=4294967297, resourceID=276, existingLoaderToResume=0)
   5.338 [com.apple.WebKit:Loading:4] 0x109a129c0 - [webProcessIdentifier=3] NetworkConnectionToWebProcess::resolveBlobReferences: (parentPID=3287, pageProxyID=4, webPageID=5, frameID=4294967297, resourceID=276)
   5.420 TIGER-SAMPLE pid 0xcda n 0x12 main 0xd03 thread 0xd03 state-kr 0x0 pc 0x10364f7f0 leaf _ZN3JSC5LexerIhE32lexWithoutClearingLineTerminatorEPNS_7JSTokenEN3WTF9OptionSetINS_10LexerFlagsELNS4_14ConcurrencyTagE0EEEb+0x2410 frames: 0x10364f7f0 0x1036a0216 0x103698b27 0x1036e8f26 0x1036e77ab 0x1036eb474 0x1036e3e4e 0x103676eea 0x1036d7f72 0x1036eb313 0x1036e3e4e 0x103676eea 0x103671be4 0x102a3da12 0x102a3d594 0x102a3b1c9 0x103d53956 0x103d5464d 0x10319a92a 0x10d009017 0x1049e96a8 0x1049e96a8 0x1049e96a8 0x10d0e952a 0x10d082fc0 0x1049ea828 0x1049e96a8 0x10d00a87e 0x1049e96a8 0x1049e96a8 0x1049c81c4 0x103647079 0x1037ce804 0x100be8740 0x101702686 0x1016f8a17 0x1017022b6 0x101725e36 0x1016fd1be 0x1017c48c4 0x1017ca304
   5.421 TIGER-SAMPLE pid 0xcda n 0x12 thread 0xf03 thread 0xf03 state-kr 0x0 pc 0x109adfe4e leaf mach_msg_trap+0xa frames: 0x109adfe4e 0x10045bf12 0x109a91e9e
   5.421 TIGER-SAMPLE pid 0xcda n 0x12 thread 0x1103 thread 0x1103 state-kr 0x0 pc 0x109a95e22 leaf __semwait_signal+0xa frames: 0x109a95e22 0x1042a0ce5 0x1041d50a2 0x1042a3d29 0x1042a2ea6 0x1042a2a89 0x10423a53e 0x1042a0709 0x109a91e9e
   5.421 TIGER-SAMPLE pid 0xcda n 0x12 thread 0x2303 thread 0x2303 state-kr 0x0 pc 0x109a95e22 leaf __semwait_signal+0xa frames: 0x109a95e22 0x1042a0ce5 0x1041d50a2 0x1042a3d29 0x1042a2ea6 0x1042a2a89 0x10423a53e 0x1042a0709 0x109a91e9e
   5.421 TIGER-SAMPLE pid 0xcda n 0x12 thread 0x2403 thread 0x2403 state-kr 0x0 pc 0x109a95e22 leaf __semwait_signal+0xa frames: 0x109a95e22 0x1042a0ce5 0x1041d50a2 0x1042a3d29 0x1042a2ea6 0x1042a2a89 0x10423a53e 0x1042a0709 0x109a91e9e
   5.421 TIGER-SAMPLE pid 0xcda n 0x12 thread 0x2503 thread 0x2503 state-kr 0x0 pc 0x109a467e6 leaf poll+0xa frames: 0x109a467e6 0x10423a53e 0x1042a0709 0x109a91e9e
   5.421 TIGER-SAMPLE pid 0xcda n 0x12 thread 0x2603 thread 0x2603 state-kr 0x0 pc 0x109a95e22 leaf __semwait_signal+0xa frames: 0x109a95e22 0x1042a0ce5 0x1041d50a2 0x1042a3d29 0x1042a2ea6 0x1042a2a89 0x10423a53e 0x1042a0709 0x109a91e9e
   5.422 TIGER-SAMPLE pid 0xcda n 0x12 thread 0x2703 thread 0x2703 state-kr 0x0 pc 0x109a467e6 leaf poll+0xa frames: 0x109a467e6 0x10423a53e 0x1042a0709 0x109a91e9e
   5.422 TIGER-SAMPLE pid 0xcda n 0x12 thread 0x2807 thread 0x2807 state-kr 0x0 pc 0x109a95e22 leaf __semwait_signal+0xa frames: 0x109a95e22 0x1042a0ce5 0x1041d50a2 0x1042a3d29 0x1042a2ea6 0x1042a2a89 0x10423a53e 0x1042a0709 0x109a91e9e
   5.422 TIGER-SAMPLE pid 0xcda n 0x12 thread 0x2903 thread 0x2903 state-kr 0x0 pc 0x109a95e22 leaf __semwait_signal+0xa frames: 0x109a95e22 0x1042a0ce5 0x1041d50a2 0x1042a3d29 0x1042a2ea6 0x1042a2a89 0x10423a53e 0x1042a0709 0x109a91e9e
   5.422 TIGER-SAMPLE pid 0xcda n 0x12 thread 0x2c03 thread 0x2c03 state-kr 0x0 pc 0x109a95e22 leaf __semwait_signal+0xa frames: 0x109a95e22 0x1042a0ce5 0x1041d50a2 0x1042a3d29 0x1042a2ea6 0x1042a2a89 0x10423a53e 0x1042a0709 0x109a91e9e
   5.423 TIGER-SAMPLE pid 0xcda n 0x12 thread 0x4003 thread 0x4003 state-kr 0x0 pc 0x109a95e22 leaf __semwait_signal+0xa frames: 0x109a95e22 0x1042a0ce5 0x1041d50a2 0x1042a3d29 0x1042a2ea6 0x1042a2a89 0x10423a53e 0x1042a0709 0x109a91e9e
   5.423 TIGER-SAMPLE pid 0xcda n 0x12 thread 0x4103 thread 0x4103 state-kr 0x0 pc 0x109a95e22 leaf __semwait_signal+0xa frames: 0x109a95e22 0x1042a0ce5 0x1041d50a2 0x1041d4b56 0x10423a53e 0x1042a0709 0x109a91e9e
   5.423 TIGER-SAMPLE pid 0xcda n 0x12 thread 0x2d0b thread 0x2d0b state-kr 0x0 pc 0x109a95e22 leaf __semwait_signal+0xa frames: 0x109a95e22 0x1042a0d27 0x1041d50a2 0x1041b1c77 0x10423a53e 0x1042a0709 0x109a91e9e
   5.423 TIGER-SAMPLE pid 0xcda n 0x12 thread 0x4303 thread 0x4303 state-kr 0x0 pc 0x109a95e22 leaf __semwait_signal+0xa frames: 0x109a95e22 0x1042a0d27 0x1041d50a2 0x1041b1c77 0x10423a53e 0x1042a0709 0x109a91e9e
   5.423 TIGER-SAMPLE pid 0xcda n 0x12 thread 0x4503 thread 0x4503 state-kr 0x0 pc 0x109a95e22 leaf __semwait_signal+0xa frames: 0x109a95e22 0x1042a0ce5 0x1041d50a2 0x1042a3d29 0x1042a2ea6 0x1042a2a89 0x10423a53e 0x1042a0709 0x109a91e9e
   5.424 TIGER-SAMPLE pid 0xcda n 0x12 thread 0x2a0b thread 0x2a0b state-kr 0x0 pc 0x109a95e22 leaf __semwait_signal+0xa frames: 0x109a95e22 0x1042a0d27 0x1041d50a2 0x1041b1c77 0x10423a53e 0x1042a0709 0x109a91e9e
   5.489 TIGER-SAMPLE pid 0xcd7 n 0x14 main 0x117 thread 0x117 state-kr 0x0 pc 0x90009817 leaf mach_msg_trap+0x7 frames: 0x90009817 0x9082d227 0x9082ca42 0x92e06878 0x92e05f82 0x92e05dd9 0x9328cf45 0x9328cb37 0x932868c4 0x8af6 0x82f2 0x8219 0x5
   5.489 TIGER-SAMPLE pid 0xcd7 n 0x14 thread 0x1203 thread 0x1203 state-kr 0x0 pc 0x90009817 leaf mach_msg_trap+0x7 frames: 0x90009817 0x2ca6d8 0x90023d67
   5.489 TIGER-SAMPLE pid 0xcd7 n 0x14 thread 0x3207 thread 0x3207 state-kr 0x0 pc 0x90024407 leaf semaphore_wait_signal_trap+0x7 frames: 0x90024407 0x364de 0x90023d67
   5.490 TIGER-SAMPLE pid 0xcd7 n 0x14 thread 0x3403 thread 0x3403 state-kr 0x0 pc 0x90024407 leaf semaphore_wait_signal_trap+0x7 frames: 0x90024407 0x364de 0x90023d67
   5.490 TIGER-SAMPLE pid 0xcd7 n 0x14 thread 0x5103 thread 0x5103 state-kr 0x0 pc 0x900bc3fc leaf poll+0xc frames: 0x900bc3fc 0x2cd134 0x313210b 0x319b321 0x90023d67
   5.490 TIGER-SAMPLE pid 0xcd7 n 0x14 thread 0x5203 thread 0x5203 state-kr 0x0 pc 0x90024407 leaf semaphore_wait_signal_trap+0x7 frames: 0x90024407 0x364de 0x90023d67
   5.490 TIGER-SAMPLE pid 0xcd7 n 0x14 thread 0x5403 thread 0x5403 state-kr 0x0 pc 0x900bc3fc leaf poll+0xc frames: 0x900bc3fc 0x2cd134 0x313210b 0x319b321 0x90023d67
   5.491 TIGER-SAMPLE pid 0xcd7 n 0x14 thread 0x5503 thread 0x5503 state-kr 0x0 pc 0x90024407 leaf semaphore_wait_signal_trap+0x7 frames: 0x90024407 0x364de 0x90023d67
   5.491 TIGER-SAMPLE pid 0xcd7 n 0x14 thread 0x5307 thread 0x5307 state-kr 0x0 pc 0x900265fc leaf recvmsg+0xc frames: 0x900265fc 0x2cc6bb 0x2cd134 0x313210b 0x319b321 0x90023d67
   5.491 TIGER-SAMPLE pid 0xcd7 n 0x14 thread 0x5e07 thread 0x5e07 state-kr 0x0 pc 0x90024407 leaf semaphore_wait_signal_trap+0x7 frames: 0x90024407 0x915a96ab 0x915c3ddc 0x90023d67
   5.570 TIGER-SAMPLE pid 0xcdb n 0x13 main 0xd03 thread 0xd03 state-kr 0x0 pc 0x109895e22 leaf __semwait_signal+0xa frames: 0x109895e22 0x10409d0d5 0x103fcdc62 0x1040a0249 0x10409f336 0x10409ef19 0x10004a86b 0x100001c4c 0x100001b61 0x3
   5.570 TIGER-SAMPLE pid 0xcdb n 0x13 thread 0xf03 thread 0xf03 state-kr 0x0 pc 0x1098dfe4e leaf mach_msg_trap+0xa frames: 0x1098dfe4e 0x100328002 0x109891e9e
   5.570 TIGER-SAMPLE pid 0xcdb n 0x13 thread 0x1103 thread 0x1103 state-kr 0x0 pc 0x109895e22 leaf __semwait_signal+0xa frames: 0x109895e22 0x10409d0d5 0x103fcdc62 0x1040a0249 0x10409f336 0x10409ef19 0x1040342fe 0x10409caf9 0x109891e9e
   5.570 TIGER-SAMPLE pid 0xcdb n 0x13 thread 0x2303 thread 0x2303 state-kr 0x0 pc 0x1098467e6 leaf poll+0xa frames: 0x1098467e6 0x1040342fe 0x10409caf9 0x109891e9e
   5.570 TIGER-SAMPLE pid 0xcdb n 0x13 thread 0x2407 thread 0x2407 state-kr 0x0 pc 0x109895e22 leaf __semwait_signal+0xa frames: 0x109895e22 0x10409d0d5 0x103fcdc62 0x1040a0249 0x10409f336 0x10409ef19 0x1040342fe 0x10409caf9 0x109891e9e
   5.570 TIGER-SAMPLE pid 0xcdb n 0x13 thread 0x2503 thread 0x2503 state-kr 0x0 pc 0x109895e22 leaf __semwait_signal+0xa frames: 0x109895e22 0x10409d0d5 0x103fcdc62 0x1040a0249 0x10409f336 0x10409ef19 0x1040342fe 0x10409caf9 0x109891e9e
   5.570 TIGER-SAMPLE pid 0xcdb n 0x13 thread 0x2603 thread 0x2603 state-kr 0x0 pc 0x109895e22 leaf __semwait_signal+0xa frames: 0x109895e22 0x10409d0d5 0x103fcdc62 0x1040a0249 0x10409f336 0x10409ef19 0x1040342fe 0x10409caf9 0x109891e9e
   5.570 TIGER-SAMPLE pid 0xcdb n 0x13 thread 0x2703 thread 0x2703 state-kr 0x0 pc 0x109895e22 leaf __semwait_signal+0xa frames: 0x109895e22 0x10409d0d5 0x103fcdc62 0x1040a0249 0x10409f336 0x10409ef19 0x1040342fe 0x10409caf9 0x109891e9e
   5.570 TIGER-SAMPLE pid 0xcdb n 0x13 thread 0x2903 thread 0x2903 state-kr 0x0 pc 0x109895e22 leaf __semwait_signal+0xa frames: 0x109895e22 0x10409d0d5 0x103fcdc62 0x1040a0249 0x10409f336 0x10409ef19 0x1040342fe 0x10409caf9 0x109891e9e
   5.570 TIGER-SAMPLE pid 0xcdb n 0x13 thread 0x2a03 thread 0x2a03 state-kr 0x0 pc 0x1098467e6 leaf poll+0xa frames: 0x1098467e6 0x1040342fe 0x10409caf9 0x109891e9e
   5.571 TIGER-SAMPLE pid 0xcdb n 0x13 thread 0x2b03 thread 0x2b03 state-kr 0x0 pc 0x1098467e6 leaf poll+0xa frames: 0x1098467e6 0x104388d27 0x104388eea 0x101f332a7 0x101f3f071 0x1040342fe 0x10409caf9 0x109891e9e
   5.571 TIGER-SAMPLE pid 0xcdb n 0x13 thread 0x331b thread 0x331b state-kr 0x0 pc 0x109895e22 leaf __semwait_signal+0xa frames: 0x109895e22 0x10409d0d5 0x103fcdc62 0x1040a0249 0x10409f336 0x10409ef19 0x1040342fe 0x10409caf9 0x109891e9e
   5.695 TIGER-SAMPLE pid 0xcda n 0x13 main 0xd03 thread 0xd03 state-kr 0x0 pc 0x10d0e2792 frames: 0x10d0e2792 0x10d0e5943 0x10d15079c 0x10d15f876 0x10d137b94 0x10d150f39 0x1049e96a8 0x10d00a87e 0x1049e96a8 0x1049e96a8 0x1049c81c4 0x103647079 0x1037ce804 0x100be8740 0x101702686 0x1016f8a17 0x1017022b6 0x101725e36 0x1016fd1be 0x1017c48c4 0x1017ca304 0x10261cc2f 0x1042a2c47 0x100045e88 0x10000170c 0x100001621 0x3
   5.695 TIGER-SAMPLE pid 0xcda n 0x13 thread 0xf03 thread 0xf03 state-kr 0x0 pc 0x109adfe4e leaf mach_msg_trap+0xa frames: 0x109adfe4e 0x10045bf12 0x109a91e9e
   5.695 TIGER-SAMPLE pid 0xcda n 0x13 thread 0x1103 thread 0x1103 state-kr 0x0 pc 0x109a95e22 leaf __semwait_signal+0xa frames: 0x109a95e22 0x1042a0ce5 0x1041d50a2 0x1042a3d29 0x1042a2ea6 0x1042a2a89 0x10423a53e 0x1042a0709 0x109a91e9e
   5.698 TIGER-SAMPLE pid 0xcda n 0x13 thread 0x2303 thread 0x2303 state-kr 0x0 pc 0x109a95e22 leaf __semwait_signal+0xa frames: 0x109a95e22 0x1042a0ce5 0x1041d50a2 0x1042a3d29 0x1042a2ea6 0x1042a2a89 0x10423a53e 0x1042a0709 0x109a91e9e
   5.698 TIGER-SAMPLE pid 0xcda n 0x13 thread 0x2403 thread 0x2403 state-kr 0x0 pc 0x109a95e22 leaf __semwait_signal+0xa frames: 0x109a95e22 0x1042a0ce5 0x1041d50a2 0x1042a3d29 0x1042a2ea6 0x1042a2a89 0x10423a53e 0x1042a0709 0x109a91e9e
   5.698 TIGER-SAMPLE pid 0xcda n 0x13 thread 0x2503 thread 0x2503 state-kr 0x0 pc 0x109a467e6 leaf poll+0xa frames: 0x109a467e6 0x10423a53e 0x1042a0709 0x109a91e9e
   5.698 TIGER-SAMPLE pid 0xcda n 0x13 thread 0x2603 thread 0x2603 state-kr 0x0 pc 0x109a95e22 leaf __semwait_signal+0xa frames: 0x109a95e22 0x1042a0ce5 0x1041d50a2 0x1042a3d29 0x1042a2ea6 0x1042a2a89 0x10423a53e 0x1042a0709 0x109a91e9e
   5.698 TIGER-SAMPLE pid 0xcda n 0x13 thread 0x2703 thread 0x2703 state-kr 0x0 pc 0x109a467e6 leaf poll+0xa frames: 0x109a467e6 0x10423a53e 0x1042a0709 0x109a91e9e
   5.698 TIGER-SAMPLE pid 0xcda n 0x13 thread 0x2807 thread 0x2807 state-kr 0x0 pc 0x109a95e22 leaf __semwait_signal+0xa frames: 0x109a95e22 0x1042a0ce5 0x1041d50a2 0x1042a3d29 0x1042a2ea6 0x1042a2a89 0x10423a53e 0x1042a0709 0x109a91e9e
   5.698 TIGER-SAMPLE pid 0xcda n 0x13 thread 0x2903 thread 0x2903 state-kr 0x0 pc 0x109a95e22 leaf __semwait_signal+0xa frames: 0x109a95e22 0x1042a0ce5 0x1041d50a2 0x1042a3d29 0x1042a2ea6 0x1042a2a89 0x10423a53e 0x1042a0709 0x109a91e9e
   5.698 TIGER-SAMPLE pid 0xcda n 0x13 thread 0x2c03 thread 0x2c03 state-kr 0x0 pc 0x109a95e22 leaf __semwait_signal+0xa frames: 0x109a95e22 0x1042a0ce5 0x1041d50a2 0x1042a3d29 0x1042a2ea6 0x1042a2a89 0x10423a53e 0x1042a0709 0x109a91e9e
   5.698 TIGER-SAMPLE pid 0xcda n 0x13 thread 0x4003 thread 0x4003 state-kr 0x0 pc 0x109a95e22 leaf __semwait_signal+0xa frames: 0x109a95e22 0x1042a0ce5 0x1041d50a2 0x1042a3d29 0x1042a2ea6 0x1042a2a89 0x10423a53e 0x1042a0709 0x109a91e9e
   5.698 TIGER-SAMPLE pid 0xcda n 0x13 thread 0x4103 thread 0x4103 state-kr 0x0 pc 0x109a95e22 leaf __semwait_signal+0xa frames: 0x109a95e22 0x1042a0ce5 0x1041d50a2 0x1041d4b56 0x10423a53e 0x1042a0709 0x109a91e9e
   5.698 TIGER-SAMPLE pid 0xcda n 0x13 thread 0x2d0b thread 0x2d0b state-kr 0x0 pc 0x109a95e22 leaf __semwait_signal+0xa frames: 0x109a95e22 0x1042a0d27 0x1041d50a2 0x1041b1c77 0x10423a53e 0x1042a0709 0x109a91e9e
   5.698 TIGER-SAMPLE pid 0xcda n 0x13 thread 0x4303 thread 0x4303 state-kr 0x0 pc 0x109a95e22 leaf __semwait_signal+0xa frames: 0x109a95e22 0x1042a0d27 0x1041d50a2 0x1041b1c77 0x10423a53e 0x1042a0709 0x109a91e9e
   5.698 TIGER-SAMPLE pid 0xcda n 0x13 thread 0x4503 thread 0x4503 state-kr 0x0 pc 0x109a95e22 leaf __semwait_signal+0xa frames: 0x109a95e22 0x1042a0ce5 0x1041d50a2 0x1042a3d29 0x1042a2ea6 0x1042a2a89 0x10423a53e 0x1042a0709 0x109a91e9e
   5.698 TIGER-SAMPLE pid 0xcda n 0x13 thread 0x2a0b thread 0x2a0b state-kr 0x0 pc 0x109a95e22 leaf __semwait_signal+0xa frames: 0x109a95e22 0x1042a0d27 0x1041d50a2 0x1041b1c77 0x10423a53e 0x1042a0709 0x109a91e9e
   5.742 TIGER-SAMPLE pid 0xcd7 n 0x15 main 0x117 thread 0x117 state-kr 0x0 pc 0x90009817 leaf mach_msg_trap+0x7 frames: 0x90009817 0x9082d227 0x9082ca42 0x92e06878 0x92e05f82 0x92e05dd9 0x9328cf45 0x9328cb37 0x932868c4 0x8af6 0x82f2 0x8219 0x5
   5.742 TIGER-SAMPLE pid 0xcd7 n 0x15 thread 0x1203 thread 0x1203 state-kr 0x0 pc 0x90009817 leaf mach_msg_trap+0x7 frames: 0x90009817 0x2ca6d8 0x90023d67
   5.742 TIGER-SAMPLE pid 0xcd7 n 0x15 thread 0x3207 thread 0x3207 state-kr 0x0 pc 0x90024407 leaf semaphore_wait_signal_trap+0x7 frames: 0x90024407 0x364de 0x90023d67
   5.743 TIGER-SAMPLE pid 0xcd7 n 0x15 thread 0x3403 thread 0x3403 state-kr 0x0 pc 0x90024407 leaf semaphore_wait_signal_trap+0x7 frames: 0x90024407 0x364de 0x90023d67
   5.743 TIGER-SAMPLE pid 0xcd7 n 0x15 thread 0x5103 thread 0x5103 state-kr 0x0 pc 0x900bc3fc leaf poll+0xc frames: 0x900bc3fc 0x2cd134 0x313210b 0x319b321 0x90023d67
   5.743 TIGER-SAMPLE pid 0xcd7 n 0x15 thread 0x5203 thread 0x5203 state-kr 0x0 pc 0x90024407 leaf semaphore_wait_signal_trap+0x7 frames: 0x90024407 0x364de 0x90023d67
   5.743 TIGER-SAMPLE pid 0xcd7 n 0x15 thread 0x5403 thread 0x5403 state-kr 0x0 pc 0x900bc3fc leaf poll+0xc frames: 0x900bc3fc 0x2cd134 0x313210b 0x319b321 0x90023d67
   5.744 TIGER-SAMPLE pid 0xcd7 n 0x15 thread 0x5503 thread 0x5503 state-kr 0x0 pc 0x90024407 leaf semaphore_wait_signal_trap+0x7 frames: 0x90024407 0x364de 0x90023d67
   5.744 TIGER-SAMPLE pid 0xcd7 n 0x15 thread 0x5307 thread 0x5307 state-kr 0x0 pc 0x900265fc leaf recvmsg+0xc frames: 0x900265fc 0x2cc6bb 0x2cd134 0x313210b 0x319b321 0x90023d67
   5.744 TIGER-SAMPLE pid 0xcd7 n 0x15 thread 0x5e07 thread 0x5e07 state-kr 0x0 pc 0x90024407 leaf semaphore_wait_signal_trap+0x7 frames: 0x90024407 0x915a96ab 0x915c3ddc 0x90023d67
   5.821 TIGER-SAMPLE pid 0xcdb n 0x14 main 0xd03 thread 0xd03 state-kr 0x0 pc 0x109895e22 leaf __semwait_signal+0xa frames: 0x109895e22 0x10409d0d5 0x103fcdc62 0x1040a0249 0x10409f336 0x10409ef19 0x10004a86b 0x100001c4c 0x100001b61 0x3
   5.821 TIGER-SAMPLE pid 0xcdb n 0x14 thread 0xf03 thread 0xf03 state-kr 0x0 pc 0x1098dfe4e leaf mach_msg_trap+0xa frames: 0x1098dfe4e 0x100328002 0x109891e9e
   5.821 TIGER-SAMPLE pid 0xcdb n 0x14 thread 0x1103 thread 0x1103 state-kr 0x0 pc 0x109895e22 leaf __semwait_signal+0xa frames: 0x109895e22 0x10409d0d5 0x103fcdc62 0x1040a0249 0x10409f336 0x10409ef19 0x1040342fe 0x10409caf9 0x109891e9e
   5.821 TIGER-SAMPLE pid 0xcdb n 0x14 thread 0x2303 thread 0x2303 state-kr 0x0 pc 0x1098467e6 leaf poll+0xa frames: 0x1098467e6 0x1040342fe 0x10409caf9 0x109891e9e
   5.821 TIGER-SAMPLE pid 0xcdb n 0x14 thread 0x2407 thread 0x2407 state-kr 0x0 pc 0x109895e22 leaf __semwait_signal+0xa frames: 0x109895e22 0x10409d0d5 0x103fcdc62 0x1040a0249 0x10409f336 0x10409ef19 0x1040342fe 0x10409caf9 0x109891e9e
   5.822 TIGER-SAMPLE pid 0xcdb n 0x14 thread 0x2503 thread 0x2503 state-kr 0x0 pc 0x109895e22 leaf __semwait_signal+0xa frames: 0x109895e22 0x10409d0d5 0x103fcdc62 0x1040a0249 0x10409f336 0x10409ef19 0x1040342fe 0x10409caf9 0x109891e9e
   5.822 TIGER-SAMPLE pid 0xcdb n 0x14 thread 0x2603 thread 0x2603 state-kr 0x0 pc 0x109895e22 leaf __semwait_signal+0xa frames: 0x109895e22 0x10409d0d5 0x103fcdc62 0x1040a0249 0x10409f336 0x10409ef19 0x1040342fe 0x10409caf9 0x109891e9e
   5.822 TIGER-SAMPLE pid 0xcdb n 0x14 thread 0x2703 thread 0x2703 state-kr 0x0 pc 0x109895e22 leaf __semwait_signal+0xa frames: 0x109895e22 0x10409d0d5 0x103fcdc62 0x1040a0249 0x10409f336 0x10409ef19 0x1040342fe 0x10409caf9 0x109891e9e
   5.822 TIGER-SAMPLE pid 0xcdb n 0x14 thread 0x2903 thread 0x2903 state-kr 0x0 pc 0x109895e22 leaf __semwait_signal+0xa frames: 0x109895e22 0x10409d0d5 0x103fcdc62 0x1040a0249 0x10409f336 0x10409ef19 0x1040342fe 0x10409caf9 0x109891e9e
   5.823 TIGER-SAMPLE pid 0xcdb n 0x14 thread 0x2a03 thread 0x2a03 state-kr 0x0 pc 0x1098467e6 leaf poll+0xa frames: 0x1098467e6 0x1040342fe 0x10409caf9 0x109891e9e
   5.823 TIGER-SAMPLE pid 0xcdb n 0x14 thread 0x2b03 thread 0x2b03 state-kr 0x0 pc 0x1098467e6 leaf poll+0xa frames: 0x1098467e6 0x104388d27 0x104388eea 0x101f332a7 0x101f3f071 0x1040342fe 0x10409caf9 0x109891e9e
   5.823 TIGER-SAMPLE pid 0xcdb n 0x14 thread 0x331b thread 0x331b state-kr 0x0 pc 0x109895e22 leaf __semwait_signal+0xa frames: 0x109895e22 0x10409d0d5 0x103fcdc62 0x1040a0249 0x10409f336 0x10409ef19 0x1040342fe 0x10409caf9 0x109891e9e
   5.954 TIGER-SAMPLE pid 0xcda n 0x14 main 0xd03 thread 0xd03 state-kr 0x0 pc 0x10319a741 leaf _ZN3JSC3JIT24emit_op_get_prototype_ofEPKNS_15BaseInstructionINS_14JSOpcodeTraitsEEE+0x27fd1 frames: 0x10319a741 0x10d009017 0x10d151aca 0x1049e96a8 0x1049e96a8 0x1049e96a8 0x10d10ed63 0x10d0e952a 0x10d137b94 0x10d150f39 0x1049e96a8 0x10d00a87e 0x1049e96a8 0x1049e96a8 0x1049c81c4 0x103647079 0x1037ce804 0x100be8740 0x101702686 0x1016f8a17 0x1017022b6 0x101725e36 0x1016fd1be 0x1017c48c4 0x1017ca304 0x10261cc2f 0x1042a2c47 0x100045e88 0x10000170c 0x100001621 0x3
   5.954 TIGER-SAMPLE pid 0xcda n 0x14 thread 0xf03 thread 0xf03 state-kr 0x0 pc 0x109adfe4e leaf mach_msg_trap+0xa frames: 0x109adfe4e 0x10045bf12 0x109a91e9e
   5.954 TIGER-SAMPLE pid 0xcda n 0x14 thread 0x1103 thread 0x1103 state-kr 0x0 pc 0x109a95e22 leaf __semwait_signal+0xa frames: 0x109a95e22 0x1042a0ce5 0x1041d50a2 0x1042a3d29 0x1042a2ea6 0x1042a2a89 0x10423a53e 0x1042a0709 0x109a91e9e
   5.954 TIGER-SAMPLE pid 0xcda n 0x14 thread 0x2303 thread 0x2303 state-kr 0x0 pc 0x109a95e22 leaf __semwait_signal+0xa frames: 0x109a95e22 0x1042a0ce5 0x1041d50a2 0x1042a3d29 0x1042a2ea6 0x1042a2a89 0x10423a53e 0x1042a0709 0x109a91e9e
   5.954 TIGER-SAMPLE pid 0xcda n 0x14 thread 0x2403 thread 0x2403 state-kr 0x0 pc 0x109a95e22 leaf __semwait_signal+0xa frames: 0x109a95e22 0x1042a0ce5 0x1041d50a2 0x1042a3d29 0x1042a2ea6 0x1042a2a89 0x10423a53e 0x1042a0709 0x109a91e9e
   5.954 TIGER-SAMPLE pid 0xcda n 0x14 thread 0x2503 thread 0x2503 state-kr 0x0 pc 0x109a467e6 leaf poll+0xa frames: 0x109a467e6 0x10423a53e 0x1042a0709 0x109a91e9e
   5.954 TIGER-SAMPLE pid 0xcda n 0x14 thread 0x2603 thread 0x2603 state-kr 0x0 pc 0x109a95e22 leaf __semwait_signal+0xa frames: 0x109a95e22 0x1042a0ce5 0x1041d50a2 0x1042a3d29 0x1042a2ea6 0x1042a2a89 0x10423a53e 0x1042a0709 0x109a91e9e
   5.954 TIGER-SAMPLE pid 0xcda n 0x14 thread 0x2703 thread 0x2703 state-kr 0x0 pc 0x109a467e6 leaf poll+0xa frames: 0x109a467e6 0x10423a53e 0x1042a0709 0x109a91e9e
   5.954 TIGER-SAMPLE pid 0xcda n 0x14 thread 0x2807 thread 0x2807 state-kr 0x0 pc 0x109a95e22 leaf __semwait_signal+0xa frames: 0x109a95e22 0x1042a0ce5 0x1041d50a2 0x1042a3d29 0x1042a2ea6 0x1042a2a89 0x10423a53e 0x1042a0709 0x109a91e9e
   5.954 TIGER-SAMPLE pid 0xcda n 0x14 thread 0x2903 thread 0x2903 state-kr 0x0 pc 0x109a95e22 leaf __semwait_signal+0xa frames: 0x109a95e22 0x1042a0ce5 0x1041d50a2 0x1042a3d29 0x1042a2ea6 0x1042a2a89 0x10423a53e 0x1042a0709 0x109a91e9e
   5.954 TIGER-SAMPLE pid 0xcda n 0x14 thread 0x2c03 thread 0x2c03 state-kr 0x0 pc 0x109a95e22 leaf __semwait_signal+0xa frames: 0x109a95e22 0x1042a0ce5 0x1041d50a2 0x1042a3d29 0x1042a2ea6 0x1042a2a89 0x10423a53e 0x1042a0709 0x109a91e9e
   5.954 TIGER-SAMPLE pid 0xcda n 0x14 thread 0x4003 thread 0x4003 state-kr 0x0 pc 0x109a95e22 leaf __semwait_signal+0xa frames: 0x109a95e22 0x1042a0ce5 0x1041d50a2 0x1042a3d29 0x1042a2ea6 0x1042a2a89 0x10423a53e 0x1042a0709 0x109a91e9e
   5.954 TIGER-SAMPLE pid 0xcda n 0x14 thread 0x4103 thread 0x4103 state-kr 0x0 pc 0x109a95e22 leaf __semwait_signal+0xa frames: 0x109a95e22 0x1042a0ce5 0x1041d50a2 0x1041d4b56 0x10423a53e 0x1042a0709 0x109a91e9e
   5.954 TIGER-SAMPLE pid 0xcda n 0x14 thread 0x2d0b thread 0x2d0b state-kr 0x0 pc 0x109a95e22 leaf __semwait_signal+0xa frames: 0x109a95e22 0x1042a0d27 0x1041d50a2 0x1041b1c77 0x10423a53e 0x1042a0709 0x109a91e9e
   5.954 TIGER-SAMPLE pid 0xcda n 0x14 thread 0x4303 thread 0x4303 state-kr 0x0 pc 0x109a95e22 leaf __semwait_signal+0xa frames: 0x109a95e22 0x1042a0d27 0x1041d50a2 0x1041b1c77 0x10423a53e 0x1042a0709 0x109a91e9e
   5.954 TIGER-SAMPLE pid 0xcda n 0x14 thread 0x4503 thread 0x4503 state-kr 0x0 pc 0x109a95e22 leaf __semwait_signal+0xa frames: 0x109a95e22 0x1042a0ce5 0x1041d50a2 0x1042a3d29 0x1042a2ea6 0x1042a2a89 0x10423a53e 0x1042a0709 0x109a91e9e
   5.954 TIGER-SAMPLE pid 0xcda n 0x14 thread 0x2a0b thread 0x2a0b state-kr 0x0 pc 0x109a95e22 leaf __semwait_signal+0xa frames: 0x109a95e22 0x1042a0d27 0x1041d50a2 0x1041b1c77 0x10423a53e 0x1042a0709 0x109a91e9e
   5.996 TIGER-SAMPLE pid 0xcd7 n 0x16 main 0x117 thread 0x117 state-kr 0x0 pc 0x90009817 leaf mach_msg_trap+0x7 frames: 0x90009817 0x9082d227 0x9082ca42 0x92e06878 0x92e05f82 0x92e05dd9 0x9328cf45 0x9328cb37 0x932868c4 0x8af6 0x82f2 0x8219 0x5
   5.996 TIGER-SAMPLE pid 0xcd7 n 0x16 thread 0x1203 thread 0x1203 state-kr 0x0 pc 0x90009817 leaf mach_msg_trap+0x7 frames: 0x90009817 0x2ca6d8 0x90023d67
   5.996 TIGER-SAMPLE pid 0xcd7 n 0x16 thread 0x3207 thread 0x3207 state-kr 0x0 pc 0x90024407 leaf semaphore_wait_signal_trap+0x7 frames: 0x90024407 0x364de 0x90023d67
   5.996 TIGER-SAMPLE pid 0xcd7 n 0x16 thread 0x3403 thread 0x3403 state-kr 0x0 pc 0x90024407 leaf semaphore_wait_signal_trap+0x7 frames: 0x90024407 0x364de 0x90023d67
   5.996 TIGER-SAMPLE pid 0xcd7 n 0x16 thread 0x5103 thread 0x5103 state-kr 0x0 pc 0x900bc3fc leaf poll+0xc frames: 0x900bc3fc 0x2cd134 0x313210b 0x319b321 0x90023d67
   5.996 TIGER-SAMPLE pid 0xcd7 n 0x16 thread 0x5203 thread 0x5203 state-kr 0x0 pc 0x90024407 leaf semaphore_wait_signal_trap+0x7 frames: 0x90024407 0x364de 0x90023d67
   5.996 TIGER-SAMPLE pid 0xcd7 n 0x16 thread 0x5403 thread 0x5403 state-kr 0x0 pc 0x900bc3fc leaf poll+0xc frames: 0x900bc3fc 0x2cd134 0x313210b 0x319b321 0x90023d67
   5.996 TIGER-SAMPLE pid 0xcd7 n 0x16 thread 0x5503 thread 0x5503 state-kr 0x0 pc 0x90024407 leaf semaphore_wait_signal_trap+0x7 frames: 0x90024407 0x364de 0x90023d67
   5.997 TIGER-SAMPLE pid 0xcd7 n 0x16 thread 0x5307 thread 0x5307 state-kr 0x0 pc 0x900265fc leaf recvmsg+0xc frames: 0x900265fc 0x2cc6bb 0x2cd134 0x313210b 0x319b321 0x90023d67
   5.997 TIGER-SAMPLE pid 0xcd7 n 0x16 thread 0x5e07 thread 0x5e07 state-kr 0x0 pc 0x90024407 leaf semaphore_wait_signal_trap+0x7 frames: 0x90024407 0x915a96ab 0x915c3ddc 0x90023d67
   6.073 TIGER-SAMPLE pid 0xcdb n 0x15 main 0xd03 thread 0xd03 state-kr 0x0 pc 0x109895e22 leaf __semwait_signal+0xa frames: 0x109895e22 0x10409d0d5 0x103fcdc62 0x1040a0249 0x10409f336 0x10409ef19 0x10004a86b 0x100001c4c 0x100001b61 0x3
   6.074 TIGER-SAMPLE pid 0xcdb n 0x15 thread 0xf03 thread 0xf03 state-kr 0x0 pc 0x1098dfe4e leaf mach_msg_trap+0xa frames: 0x1098dfe4e 0x100328002 0x109891e9e
   6.074 TIGER-SAMPLE pid 0xcdb n 0x15 thread 0x1103 thread 0x1103 state-kr 0x0 pc 0x109895e22 leaf __semwait_signal+0xa frames: 0x109895e22 0x10409d0d5 0x103fcdc62 0x1040a0249 0x10409f336 0x10409ef19 0x1040342fe 0x10409caf9 0x109891e9e
   6.074 TIGER-SAMPLE pid 0xcdb n 0x15 thread 0x2303 thread 0x2303 state-kr 0x0 pc 0x1098467e6 leaf poll+0xa frames: 0x1098467e6 0x1040342fe 0x10409caf9 0x109891e9e
   6.074 TIGER-SAMPLE pid 0xcdb n 0x15 thread 0x2407 thread 0x2407 state-kr 0x0 pc 0x109895e22 leaf __semwait_signal+0xa frames: 0x109895e22 0x10409d0d5 0x103fcdc62 0x1040a0249 0x10409f336 0x10409ef19 0x1040342fe 0x10409caf9 0x109891e9e
   6.076 TIGER-SAMPLE pid 0xcdb n 0x15 thread 0x2503 thread 0x2503 state-kr 0x0 pc 0x109895e22 leaf __semwait_signal+0xa frames: 0x109895e22 0x10409d0d5 0x103fcdc62 0x1040a0249 0x10409f336 0x10409ef19 0x1040342fe 0x10409caf9 0x109891e9e
   6.076 TIGER-SAMPLE pid 0xcdb n 0x15 thread 0x2603 thread 0x2603 state-kr 0x0 pc 0x109895e22 leaf __semwait_signal+0xa frames: 0x109895e22 0x10409d0d5 0x103fcdc62 0x1040a0249 0x10409f336 0x10409ef19 0x1040342fe 0x10409caf9 0x109891e9e
   6.076 TIGER-SAMPLE pid 0xcdb n 0x15 thread 0x2703 thread 0x2703 state-kr 0x0 pc 0x109895e22 leaf __semwait_signal+0xa frames: 0x109895e22 0x10409d0d5 0x103fcdc62 0x1040a0249 0x10409f336 0x10409ef19 0x1040342fe 0x10409caf9 0x109891e9e
   6.076 TIGER-SAMPLE pid 0xcdb n 0x15 thread 0x2903 thread 0x2903 state-kr 0x0 pc 0x109895e22 leaf __semwait_signal+0xa frames: 0x109895e22 0x10409d0d5 0x103fcdc62 0x1040a0249 0x10409f336 0x10409ef19 0x1040342fe 0x10409caf9 0x109891e9e
   6.076 TIGER-SAMPLE pid 0xcdb n 0x15 thread 0x2a03 thread 0x2a03 state-kr 0x0 pc 0x1098467e6 leaf poll+0xa frames: 0x1098467e6 0x1040342fe 0x10409caf9 0x109891e9e
   6.076 TIGER-SAMPLE pid 0xcdb n 0x15 thread 0x2b03 thread 0x2b03 state-kr 0x0 pc 0x1098467e6 leaf poll+0xa frames: 0x1098467e6 0x104388d27 0x104388eea 0x101f332a7 0x101f3f071 0x1040342fe 0x10409caf9 0x109891e9e
   6.076 TIGER-SAMPLE pid 0xcdb n 0x15 thread 0x331b thread 0x331b state-kr 0x0 pc 0x109895e22 leaf __semwait_signal+0xa frames: 0x109895e22 0x10409d0d5 0x103fcdc62 0x1040a0249 0x10409f336 0x10409ef19 0x1040342fe 0x10409caf9 0x109891e9e
   6.208 TIGER-SAMPLE pid 0xcda n 0x15 main 0xd03 thread 0xd03 state-kr 0x0 pc 0x10356de0e leaf _ZN3JSC17JITStubRoutineSet3addEPNS_21GCAwareJITStubRoutineE+0x7e frames: 0x10356de0e 0x1030e1f65 0x1029be704 0x1029f681e 0x1029f5400 0x1029f1616 0x102a11f47 0x102a21a12 0x103176a65 0x10d0100e4 0x10d10ed63 0x10d1afaf4 0x10d137b94 0x10d150f39 0x1049e96a8 0x10d00a87e 0x1049e96a8 0x1049e96a8 0x1049c81c4 0x103647079 0x1037ce804 0x100be8740 0x101702686 0x1016f8a17 0x1017022b6 0x101725e36 0x1016fd1be 0x1017c48c4 0x1017ca304 0x10261cc2f 0x1042a2c47 0x100045e88 0x10000170c 0x100001621 0x3
   6.210 TIGER-SAMPLE pid 0xcda n 0x15 thread 0xf03 thread 0xf03 state-kr 0x0 pc 0x109adfe4e leaf mach_msg_trap+0xa frames: 0x109adfe4e 0x10045bf12 0x109a91e9e
   6.210 TIGER-SAMPLE pid 0xcda n 0x15 thread 0x1103 thread 0x1103 state-kr 0x0 pc 0x109a95e22 leaf __semwait_signal+0xa frames: 0x109a95e22 0x1042a0ce5 0x1041d50a2 0x1042a3d29 0x1042a2ea6 0x1042a2a89 0x10423a53e 0x1042a0709 0x109a91e9e
   6.210 TIGER-SAMPLE pid 0xcda n 0x15 thread 0x2303 thread 0x2303 state-kr 0x0 pc 0x109a95e22 leaf __semwait_signal+0xa frames: 0x109a95e22 0x1042a0ce5 0x1041d50a2 0x1042a3d29 0x1042a2ea6 0x1042a2a89 0x10423a53e 0x1042a0709 0x109a91e9e
   6.210 TIGER-SAMPLE pid 0xcda n 0x15 thread 0x2403 thread 0x2403 state-kr 0x0 pc 0x109a95e22 leaf __semwait_signal+0xa frames: 0x109a95e22 0x1042a0ce5 0x1041d50a2 0x1042a3d29 0x1042a2ea6 0x1042a2a89 0x10423a53e 0x1042a0709 0x109a91e9e
   6.210 TIGER-SAMPLE pid 0xcda n 0x15 thread 0x2503 thread 0x2503 state-kr 0x0 pc 0x109a467e6 leaf poll+0xa frames: 0x109a467e6 0x10423a53e 0x1042a0709 0x109a91e9e
   6.210 TIGER-SAMPLE pid 0xcda n 0x15 thread 0x2603 thread 0x2603 state-kr 0x0 pc 0x109a95e22 leaf __semwait_signal+0xa frames: 0x109a95e22 0x1042a0ce5 0x1041d50a2 0x1042a3d29 0x1042a2ea6 0x1042a2a89 0x10423a53e 0x1042a0709 0x109a91e9e
   6.210 TIGER-SAMPLE pid 0xcda n 0x15 thread 0x2703 thread 0x2703 state-kr 0x0 pc 0x109a467e6 leaf poll+0xa frames: 0x109a467e6 0x10423a53e 0x1042a0709 0x109a91e9e
   6.210 TIGER-SAMPLE pid 0xcda n 0x15 thread 0x2807 thread 0x2807 state-kr 0x0 pc 0x109a95e22 leaf __semwait_signal+0xa frames: 0x109a95e22 0x1042a0ce5 0x1041d50a2 0x1042a3d29 0x1042a2ea6 0x1042a2a89 0x10423a53e 0x1042a0709 0x109a91e9e
   6.210 TIGER-SAMPLE pid 0xcda n 0x15 thread 0x2903 thread 0x2903 state-kr 0x0 pc 0x109a95e22 leaf __semwait_signal+0xa frames: 0x109a95e22 0x1042a0ce5 0x1041d50a2 0x1042a3d29 0x1042a2ea6 0x1042a2a89 0x10423a53e 0x1042a0709 0x109a91e9e
   6.210 TIGER-SAMPLE pid 0xcda n 0x15 thread 0x2c03 thread 0x2c03 state-kr 0x0 pc 0x109a95e22 leaf __semwait_signal+0xa frames: 0x109a95e22 0x1042a0ce5 0x1041d50a2 0x1042a3d29 0x1042a2ea6 0x1042a2a89 0x10423a53e 0x1042a0709 0x109a91e9e
   6.210 TIGER-SAMPLE pid 0xcda n 0x15 thread 0x4003 thread 0x4003 state-kr 0x0 pc 0x109a95e22 leaf __semwait_signal+0xa frames: 0x109a95e22 0x1042a0ce5 0x1041d50a2 0x1042a3d29 0x1042a2ea6 0x1042a2a89 0x10423a53e 0x1042a0709 0x109a91e9e
   6.210 TIGER-SAMPLE pid 0xcda n 0x15 thread 0x4103 thread 0x4103 state-kr 0x0 pc 0x109a95e22 leaf __semwait_signal+0xa frames: 0x109a95e22 0x1042a0ce5 0x1041d50a2 0x1041d4b56 0x10423a53e 0x1042a0709 0x109a91e9e
   6.210 TIGER-SAMPLE pid 0xcda n 0x15 thread 0x2d0b thread 0x2d0b state-kr 0x0 pc 0x109a95e22 leaf __semwait_signal+0xa frames: 0x109a95e22 0x1042a0d27 0x1041d50a2 0x1041b1c77 0x10423a53e 0x1042a0709 0x109a91e9e
   6.210 TIGER-SAMPLE pid 0xcda n 0x15 thread 0x4303 thread 0x4303 state-kr 0x0 pc 0x109a95e22 leaf __semwait_signal+0xa frames: 0x109a95e22 0x1042a0d27 0x1041d50a2 0x1041b1c77 0x10423a53e 0x1042a0709 0x109a91e9e
   6.210 TIGER-SAMPLE pid 0xcda n 0x15 thread 0x4503 thread 0x4503 state-kr 0x0 pc 0x109a95e22 leaf __semwait_signal+0xa frames: 0x109a95e22 0x1042a0ce5 0x1041d50a2 0x1042a3d29 0x1042a2ea6 0x1042a2a89 0x10423a53e 0x1042a0709 0x109a91e9e
   6.210 TIGER-SAMPLE pid 0xcda n 0x15 thread 0x2a0b thread 0x2a0b state-kr 0x0 pc 0x109a95e22 leaf __semwait_signal+0xa frames: 0x109a95e22 0x1042a0d27 0x1041d50a2 0x1041b1c77 0x10423a53e 0x1042a0709 0x109a91e9e
   6.247 TIGER-SAMPLE pid 0xcd7 n 0x17 main 0x117 thread 0x117 state-kr 0x0 pc 0x90009817 leaf mach_msg_trap+0x7 frames: 0x90009817 0x9082d227 0x9082ca42 0x92e06878 0x92e05f82 0x92e05dd9 0x9328cf45 0x9328cb37 0x932868c4 0x8af6 0x82f2 0x8219 0x5
   6.248 TIGER-SAMPLE pid 0xcd7 n 0x17 thread 0x1203 thread 0x1203 state-kr 0x0 pc 0x90009817 leaf mach_msg_trap+0x7 frames: 0x90009817 0x2ca6d8 0x90023d67
   6.248 TIGER-SAMPLE pid 0xcd7 n 0x17 thread 0x3207 thread 0x3207 state-kr 0x0 pc 0x90024407 leaf semaphore_wait_signal_trap+0x7 frames: 0x90024407 0x364de 0x90023d67
   6.248 TIGER-SAMPLE pid 0xcd7 n 0x17 thread 0x3403 thread 0x3403 state-kr 0x0 pc 0x90024407 leaf semaphore_wait_signal_trap+0x7 frames: 0x90024407 0x364de 0x90023d67
   6.248 TIGER-SAMPLE pid 0xcd7 n 0x17 thread 0x5103 thread 0x5103 state-kr 0x0 pc 0x900bc3fc leaf poll+0xc frames: 0x900bc3fc 0x2cd134 0x313210b 0x319b321 0x90023d67
   6.249 TIGER-SAMPLE pid 0xcd7 n 0x17 thread 0x5203 thread 0x5203 state-kr 0x0 pc 0x90024407 leaf semaphore_wait_signal_trap+0x7 frames: 0x90024407 0x364de 0x90023d67
   6.249 TIGER-SAMPLE pid 0xcd7 n 0x17 thread 0x5403 thread 0x5403 state-kr 0x0 pc 0x900bc3fc leaf poll+0xc frames: 0x900bc3fc 0x2cd134 0x313210b 0x319b321 0x90023d67
   6.249 TIGER-SAMPLE pid 0xcd7 n 0x17 thread 0x5503 thread 0x5503 state-kr 0x0 pc 0x90024407 leaf semaphore_wait_signal_trap+0x7 frames: 0x90024407 0x364de 0x90023d67
   6.250 TIGER-SAMPLE pid 0xcd7 n 0x17 thread 0x5307 thread 0x5307 state-kr 0x0 pc 0x900265fc leaf recvmsg+0xc frames: 0x900265fc 0x2cc6bb 0x2cd134 0x313210b 0x319b321 0x90023d67
   6.250 TIGER-SAMPLE pid 0xcd7 n 0x17 thread 0x5e07 thread 0x5e07 state-kr 0x0 pc 0x90024407 leaf semaphore_wait_signal_trap+0x7 frames: 0x90024407 0x915a96ab 0x915c3ddc 0x90023d67
   6.326 TIGER-SAMPLE pid 0xcdb n 0x16 main 0xd03 thread 0xd03 state-kr 0x0 pc 0x109895e22 leaf __semwait_signal+0xa frames: 0x109895e22 0x10409d0d5 0x103fcdc62 0x1040a0249 0x10409f336 0x10409ef19 0x10004a86b 0x100001c4c 0x100001b61 0x3
   6.326 TIGER-SAMPLE pid 0xcdb n 0x16 thread 0xf03 thread 0xf03 state-kr 0x0 pc 0x1098dfe4e leaf mach_msg_trap+0xa frames: 0x1098dfe4e 0x100328002 0x109891e9e
   6.326 TIGER-SAMPLE pid 0xcdb n 0x16 thread 0x1103 thread 0x1103 state-kr 0x0 pc 0x109895e22 leaf __semwait_signal+0xa frames: 0x109895e22 0x10409d0d5 0x103fcdc62 0x1040a0249 0x10409f336 0x10409ef19 0x1040342fe 0x10409caf9 0x109891e9e
   6.328 TIGER-SAMPLE pid 0xcdb n 0x16 thread 0x2303 thread 0x2303 state-kr 0x0 pc 0x1098467e6 leaf poll+0xa frames: 0x1098467e6 0x1040342fe 0x10409caf9 0x109891e9e
   6.328 TIGER-SAMPLE pid 0xcdb n 0x16 thread 0x2407 thread 0x2407 state-kr 0x0 pc 0x109895e22 leaf __semwait_signal+0xa frames: 0x109895e22 0x10409d0d5 0x103fcdc62 0x1040a0249 0x10409f336 0x10409ef19 0x1040342fe 0x10409caf9 0x109891e9e
   6.328 TIGER-SAMPLE pid 0xcdb n 0x16 thread 0x2503 thread 0x2503 state-kr 0x0 pc 0x109895e22 leaf __semwait_signal+0xa frames: 0x109895e22 0x10409d0d5 0x103fcdc62 0x1040a0249 0x10409f336 0x10409ef19 0x1040342fe 0x10409caf9 0x109891e9e
   6.328 TIGER-SAMPLE pid 0xcdb n 0x16 thread 0x2603 thread 0x2603 state-kr 0x0 pc 0x109895e22 leaf __semwait_signal+0xa frames: 0x109895e22 0x10409d0d5 0x103fcdc62 0x1040a0249 0x10409f336 0x10409ef19 0x1040342fe 0x10409caf9 0x109891e9e
   6.328 TIGER-SAMPLE pid 0xcdb n 0x16 thread 0x2703 thread 0x2703 state-kr 0x0 pc 0x109895e22 leaf __semwait_signal+0xa frames: 0x109895e22 0x10409d0d5 0x103fcdc62 0x1040a0249 0x10409f336 0x10409ef19 0x1040342fe 0x10409caf9 0x109891e9e
   6.328 TIGER-SAMPLE pid 0xcdb n 0x16 thread 0x2903 thread 0x2903 state-kr 0x0 pc 0x109895e22 leaf __semwait_signal+0xa frames: 0x109895e22 0x10409d0d5 0x103fcdc62 0x1040a0249 0x10409f336 0x10409ef19 0x1040342fe 0x10409caf9 0x109891e9e
   6.328 TIGER-SAMPLE pid 0xcdb n 0x16 thread 0x2a03 thread 0x2a03 state-kr 0x0 pc 0x1098467e6 leaf poll+0xa frames: 0x1098467e6 0x1040342fe 0x10409caf9 0x109891e9e
   6.328 TIGER-SAMPLE pid 0xcdb n 0x16 thread 0x2b03 thread 0x2b03 state-kr 0x0 pc 0x1098467e6 leaf poll+0xa frames: 0x1098467e6 0x104388d27 0x104388eea 0x101f332a7 0x101f3f071 0x1040342fe 0x10409caf9 0x109891e9e
   6.328 TIGER-SAMPLE pid 0xcdb n 0x16 thread 0x331b thread 0x331b state-kr 0x0 pc 0x109895e22 leaf __semwait_signal+0xa frames: 0x109895e22 0x10409d0d5 0x103fcdc62 0x1040a0249 0x10409f336 0x10409ef19 0x1040342fe 0x10409caf9 0x109891e9e
   6.463 TIGER-SAMPLE pid 0xcda n 0x16 main 0xd03 thread 0xd03 state-kr 0x0 pc 0x10d011f8f frames: 0x10d011f8f 0x10d1a091a 0x10d23389e 0x10d23f71e 0x10d21cdd8 0x10d137c67 0x10d150f39 0x1049e96a8 0x10d00a87e 0x1049e96a8 0x1049e96a8 0x1049c81c4 0x103647079 0x1037ce804 0x100be8740 0x101702686 0x1016f8a17 0x1017022b6 0x101725e36 0x1016fd1be 0x1017c48c4 0x1017ca304 0x10261cc2f 0x1042a2c47 0x100045e88 0x10000170c 0x100001621 0x3
   6.463 TIGER-SAMPLE pid 0xcda n 0x16 thread 0xf03 thread 0xf03 state-kr 0x0 pc 0x109adfe4e leaf mach_msg_trap+0xa frames: 0x109adfe4e 0x10045bf12 0x109a91e9e
   6.463 TIGER-SAMPLE pid 0xcda n 0x16 thread 0x1103 thread 0x1103 state-kr 0x0 pc 0x109a95e22 leaf __semwait_signal+0xa frames: 0x109a95e22 0x1042a0ce5 0x1041d50a2 0x1042a3d29 0x1042a2ea6 0x1042a2a89 0x10423a53e 0x1042a0709 0x109a91e9e
   6.463 TIGER-SAMPLE pid 0xcda n 0x16 thread 0x2303 thread 0x2303 state-kr 0x0 pc 0x109a95e22 leaf __semwait_signal+0xa frames: 0x109a95e22 0x1042a0ce5 0x1041d50a2 0x1042a3d29 0x1042a2ea6 0x1042a2a89 0x10423a53e 0x1042a0709 0x109a91e9e
   6.463 TIGER-SAMPLE pid 0xcda n 0x16 thread 0x2403 thread 0x2403 state-kr 0x0 pc 0x109a95e22 leaf __semwait_signal+0xa frames: 0x109a95e22 0x1042a0ce5 0x1041d50a2 0x1042a3d29 0x1042a2ea6 0x1042a2a89 0x10423a53e 0x1042a0709 0x109a91e9e
   6.463 TIGER-SAMPLE pid 0xcda n 0x16 thread 0x2503 thread 0x2503 state-kr 0x0 pc 0x109a467e6 leaf poll+0xa frames: 0x109a467e6 0x10423a53e 0x1042a0709 0x109a91e9e
   6.463 TIGER-SAMPLE pid 0xcda n 0x16 thread 0x2603 thread 0x2603 state-kr 0x0 pc 0x109a95e22 leaf __semwait_signal+0xa frames: 0x109a95e22 0x1042a0ce5 0x1041d50a2 0x1042a3d29 0x1042a2ea6 0x1042a2a89 0x10423a53e 0x1042a0709 0x109a91e9e
   6.463 TIGER-SAMPLE pid 0xcda n 0x16 thread 0x2703 thread 0x2703 state-kr 0x0 pc 0x109a467e6 leaf poll+0xa frames: 0x109a467e6 0x10423a53e 0x1042a0709 0x109a91e9e
   6.463 TIGER-SAMPLE pid 0xcda n 0x16 thread 0x2807 thread 0x2807 state-kr 0x0 pc 0x109a95e22 leaf __semwait_signal+0xa frames: 0x109a95e22 0x1042a0ce5 0x1041d50a2 0x1042a3d29 0x1042a2ea6 0x1042a2a89 0x10423a53e 0x1042a0709 0x109a91e9e
   6.463 TIGER-SAMPLE pid 0xcda n 0x16 thread 0x2903 thread 0x2903 state-kr 0x0 pc 0x109a95e22 leaf __semwait_signal+0xa frames: 0x109a95e22 0x1042a0ce5 0x1041d50a2 0x1042a3d29 0x1042a2ea6 0x1042a2a89 0x10423a53e 0x1042a0709 0x109a91e9e
   6.463 TIGER-SAMPLE pid 0xcda n 0x16 thread 0x2c03 thread 0x2c03 state-kr 0x0 pc 0x109a95e22 leaf __semwait_signal+0xa frames: 0x109a95e22 0x1042a0ce5 0x1041d50a2 0x1042a3d29 0x1042a2ea6 0x1042a2a89 0x10423a53e 0x1042a0709 0x109a91e9e
   6.464 TIGER-SAMPLE pid 0xcda n 0x16 thread 0x4003 thread 0x4003 state-kr 0x0 pc 0x109a95e22 leaf __semwait_signal+0xa frames: 0x109a95e22 0x1042a0ce5 0x1041d50a2 0x1042a3d29 0x1042a2ea6 0x1042a2a89 0x10423a53e 0x1042a0709 0x109a91e9e
   6.464 TIGER-SAMPLE pid 0xcda n 0x16 thread 0x4103 thread 0x4103 state-kr 0x0 pc 0x109a95e22 leaf __semwait_signal+0xa frames: 0x109a95e22 0x1042a0ce5 0x1041d50a2 0x1041d4b56 0x10423a53e 0x1042a0709 0x109a91e9e
   6.464 TIGER-SAMPLE pid 0xcda n 0x16 thread 0x2d0b thread 0x2d0b state-kr 0x0 pc 0x109a95e22 leaf __semwait_signal+0xa frames: 0x109a95e22 0x1042a0d27 0x1041d50a2 0x1041b1c77 0x10423a53e 0x1042a0709 0x109a91e9e
   6.464 TIGER-SAMPLE pid 0xcda n 0x16 thread 0x4303 thread 0x4303 state-kr 0x0 pc 0x109a95e22 leaf __semwait_signal+0xa frames: 0x109a95e22 0x1042a0d27 0x1041d50a2 0x1041b1c77 0x10423a53e 0x1042a0709 0x109a91e9e
   6.464 TIGER-SAMPLE pid 0xcda n 0x16 thread 0x4503 thread 0x4503 state-kr 0x0 pc 0x109a95e22 leaf __semwait_signal+0xa frames: 0x109a95e22 0x1042a0ce5 0x1041d50a2 0x1042a3d29 0x1042a2ea6 0x1042a2a89 0x10423a53e 0x1042a0709 0x109a91e9e
   6.464 TIGER-SAMPLE pid 0xcda n 0x16 thread 0x2a0b thread 0x2a0b state-kr 0x0 pc 0x109a95e22 leaf __semwait_signal+0xa frames: 0x109a95e22 0x1042a0d27 0x1041d50a2 0x1041b1c77 0x10423a53e 0x1042a0709 0x109a91e9e
   6.502 TIGER-SAMPLE pid 0xcd7 n 0x18 main 0x117 thread 0x117 state-kr 0x0 pc 0x90009817 leaf mach_msg_trap+0x7 frames: 0x90009817 0x9082d227 0x9082ca42 0x92e06878 0x92e05f82 0x92e05dd9 0x9328cf45 0x9328cb37 0x932868c4 0x8af6 0x82f2 0x8219 0x5
   6.502 TIGER-SAMPLE pid 0xcd7 n 0x18 thread 0x1203 thread 0x1203 state-kr 0x0 pc 0x90009817 leaf mach_msg_trap+0x7 frames: 0x90009817 0x2ca6d8 0x90023d67
   6.502 TIGER-SAMPLE pid 0xcd7 n 0x18 thread 0x3207 thread 0x3207 state-kr 0x0 pc 0x90024407 leaf semaphore_wait_signal_trap+0x7 frames: 0x90024407 0x364de 0x90023d67
   6.502 TIGER-SAMPLE pid 0xcd7 n 0x18 thread 0x3403 thread 0x3403 state-kr 0x0 pc 0x90024407 leaf semaphore_wait_signal_trap+0x7 frames: 0x90024407 0x364de 0x90023d67
   6.502 TIGER-SAMPLE pid 0xcd7 n 0x18 thread 0x5103 thread 0x5103 state-kr 0x0 pc 0x900bc3fc leaf poll+0xc frames: 0x900bc3fc 0x2cd134 0x313210b 0x319b321 0x90023d67
   6.502 TIGER-SAMPLE pid 0xcd7 n 0x18 thread 0x5203 thread 0x5203 state-kr 0x0 pc 0x90024407 leaf semaphore_wait_signal_trap+0x7 frames: 0x90024407 0x364de 0x90023d67
   6.502 TIGER-SAMPLE pid 0xcd7 n 0x18 thread 0x5403 thread 0x5403 state-kr 0x0 pc 0x900bc3fc leaf poll+0xc frames: 0x900bc3fc 0x2cd134 0x313210b 0x319b321 0x90023d67
   6.502 TIGER-SAMPLE pid 0xcd7 n 0x18 thread 0x5503 thread 0x5503 state-kr 0x0 pc 0x90024407 leaf semaphore_wait_signal_trap+0x7 frames: 0x90024407 0x364de 0x90023d67
   6.503 TIGER-SAMPLE pid 0xcd7 n 0x18 thread 0x5307 thread 0x5307 state-kr 0x0 pc 0x90006326 leaf free+0x1536 frames: 0x90006326 0x900050c8 0x2cc149 0x2cc6bb 0x2cd134 0x313210b 0x319b321 0x90023d67
   6.503 TIGER-SAMPLE pid 0xcd7 n 0x18 thread 0x5e07 thread 0x5e07 state-kr 0x0 pc 0x90024407 leaf semaphore_wait_signal_trap+0x7 frames: 0x90024407 0x915a96ab 0x915c3ddc 0x90023d67
   6.580 TIGER-SAMPLE pid 0xcdb n 0x17 main 0xd03 thread 0xd03 state-kr 0x0 pc 0x109895e22 leaf __semwait_signal+0xa frames: 0x109895e22 0x10409d0d5 0x103fcdc62 0x1040a0249 0x10409f336 0x10409ef19 0x10004a86b 0x100001c4c 0x100001b61 0x3
   6.580 TIGER-SAMPLE pid 0xcdb n 0x17 thread 0xf03 thread 0xf03 state-kr 0x0 pc 0x1098dfe4e leaf mach_msg_trap+0xa frames: 0x1098dfe4e 0x100328002 0x109891e9e
   6.580 TIGER-SAMPLE pid 0xcdb n 0x17 thread 0x1103 thread 0x1103 state-kr 0x0 pc 0x109895e22 leaf __semwait_signal+0xa frames: 0x109895e22 0x10409d0d5 0x103fcdc62 0x1040a0249 0x10409f336 0x10409ef19 0x1040342fe 0x10409caf9 0x109891e9e
   6.580 TIGER-SAMPLE pid 0xcdb n 0x17 thread 0x2303 thread 0x2303 state-kr 0x0 pc 0x1098467e6 leaf poll+0xa frames: 0x1098467e6 0x1040342fe 0x10409caf9 0x109891e9e
   6.580 TIGER-SAMPLE pid 0xcdb n 0x17 thread 0x2407 thread 0x2407 state-kr 0x0 pc 0x109895e22 leaf __semwait_signal+0xa frames: 0x109895e22 0x10409d0d5 0x103fcdc62 0x1040a0249 0x10409f336 0x10409ef19 0x1040342fe 0x10409caf9 0x109891e9e
   6.580 TIGER-SAMPLE pid 0xcdb n 0x17 thread 0x2503 thread 0x2503 state-kr 0x0 pc 0x109895e22 leaf __semwait_signal+0xa frames: 0x109895e22 0x10409d0d5 0x103fcdc62 0x1040a0249 0x10409f336 0x10409ef19 0x1040342fe 0x10409caf9 0x109891e9e
   6.580 TIGER-SAMPLE pid 0xcdb n 0x17 thread 0x2603 thread 0x2603 state-kr 0x0 pc 0x109895e22 leaf __semwait_signal+0xa frames: 0x109895e22 0x10409d0d5 0x103fcdc62 0x1040a0249 0x10409f336 0x10409ef19 0x1040342fe 0x10409caf9 0x109891e9e
   6.580 TIGER-SAMPLE pid 0xcdb n 0x17 thread 0x2703 thread 0x2703 state-kr 0x0 pc 0x109895e22 leaf __semwait_signal+0xa frames: 0x109895e22 0x10409d0d5 0x103fcdc62 0x1040a0249 0x10409f336 0x10409ef19 0x1040342fe 0x10409caf9 0x109891e9e
   6.580 TIGER-SAMPLE pid 0xcdb n 0x17 thread 0x2903 thread 0x2903 state-kr 0x0 pc 0x109895e22 leaf __semwait_signal+0xa frames: 0x109895e22 0x10409d0d5 0x103fcdc62 0x1040a0249 0x10409f336 0x10409ef19 0x1040342fe 0x10409caf9 0x109891e9e
   6.580 TIGER-SAMPLE pid 0xcdb n 0x17 thread 0x2a03 thread 0x2a03 state-kr 0x0 pc 0x1098467e6 leaf poll+0xa frames: 0x1098467e6 0x1040342fe 0x10409caf9 0x109891e9e
   6.580 TIGER-SAMPLE pid 0xcdb n 0x17 thread 0x2b03 thread 0x2b03 state-kr 0x0 pc 0x1098467e6 leaf poll+0xa frames: 0x1098467e6 0x104388d27 0x104388eea 0x101f332a7 0x101f3f071 0x1040342fe 0x10409caf9 0x109891e9e
   6.580 TIGER-SAMPLE pid 0xcdb n 0x17 thread 0x331b thread 0x331b state-kr 0x0 pc 0x109895e22 leaf __semwait_signal+0xa frames: 0x109895e22 0x10409d0d5 0x103fcdc62 0x1040a0249 0x10409f336 0x10409ef19 0x1040342fe 0x10409caf9 0x109891e9e
   6.659 [com.apple.WebKit:Loading:4] 0x109a129c0 - [webProcessIdentifier=3] NetworkConnectionToWebProcess::scheduleResourceLoad: (parentPID=3287, pageProxyID=4, webPageID=5, frameID=4294967297, resourceID=277, existingLoaderToResume=0)
   6.659 [com.apple.WebKit:Loading:4] 0x109a129c0 - [webProcessIdentifier=3] NetworkConnectionToWebProcess::resolveBlobReferences: (parentPID=3287, pageProxyID=4, webPageID=5, frameID=4294967297, resourceID=277)
   6.683 [com.apple.WebKit:Loading:4] 0x109a129c0 - [webProcessIdentifier=3] NetworkConnectionToWebProcess::scheduleResourceLoad: (parentPID=3287, pageProxyID=4, webPageID=5, frameID=4294967297, resourceID=278, existingLoaderToResume=0)
   6.683 [com.apple.WebKit:Loading:4] 0x109a129c0 - [webProcessIdentifier=3] NetworkConnectionToWebProcess::resolveBlobReferences: (parentPID=3287, pageProxyID=4, webPageID=5, frameID=4294967297, resourceID=278)
   6.718 TIGER-SAMPLE pid 0xcda n 0x17 main 0xd03 thread 0xd03 state-kr 0x0 pc 0x103699d32 leaf _ZN3JSC6ParserINS_5LexerIhEEE25parseAssignmentExpressionINS_10ASTBuilderEEENT_10ExpressionERS6_+0x1802 frames: 0x103699d32 0x1036d9eff 0x10369ed9e 0x103698b27 0x10369ab48 0x1036a41eb 0x10369e91a 0x103698b27 0x1036a41eb 0x1036f1004 0x1036eb484 0x1036e3e4e 0x103676eea 0x1036d7f72 0x1036eb313 0x1036e3e4e 0x103676eea 0x103671be4 0x102a3da12 0x102a3d594 0x102a3b1c9 0x103d53956 0x103d5464d 0x10319a4e6 0x10d00a616 0x10d286b23 0x10d29e2a3 0x1049ea828 0x10d00a87e 0x1049e96a8 0x1049ea828 0x1049ea828 0x1049ea828 0x10d00a87e 0x1049e96a8 0x1049e96a8 0x1049c81c4 0x103647079 0x1037ce804 0x100be8740 0x101702686
   6.719 TIGER-SAMPLE pid 0xcda n 0x17 thread 0xf03 thread 0xf03 state-kr 0x0 pc 0x109adfe4e leaf mach_msg_trap+0xa frames: 0x109adfe4e 0x10045bf12 0x109a91e9e
   6.719 TIGER-SAMPLE pid 0xcda n 0x17 thread 0x1103 thread 0x1103 state-kr 0x0 pc 0x109a95e22 leaf __semwait_signal+0xa frames: 0x109a95e22 0x1042a0ce5 0x1041d50a2 0x1042a3d29 0x1042a2ea6 0x1042a2a89 0x10423a53e 0x1042a0709 0x109a91e9e
   6.719 TIGER-SAMPLE pid 0xcda n 0x17 thread 0x2303 thread 0x2303 state-kr 0x0 pc 0x109a95e22 leaf __semwait_signal+0xa frames: 0x109a95e22 0x1042a0ce5 0x1041d50a2 0x1042a3d29 0x1042a2ea6 0x1042a2a89 0x10423a53e 0x1042a0709 0x109a91e9e
   6.719 TIGER-SAMPLE pid 0xcda n 0x17 thread 0x2403 thread 0x2403 state-kr 0x0 pc 0x109a95e22 leaf __semwait_signal+0xa frames: 0x109a95e22 0x1042a0ce5 0x1041d50a2 0x1042a3d29 0x1042a2ea6 0x1042a2a89 0x10423a53e 0x1042a0709 0x109a91e9e
   6.719 TIGER-SAMPLE pid 0xcda n 0x17 thread 0x2503 thread 0x2503 state-kr 0x0 pc 0x109a467e6 leaf poll+0xa frames: 0x109a467e6 0x10423a53e 0x1042a0709 0x109a91e9e
   6.719 TIGER-SAMPLE pid 0xcda n 0x17 thread 0x2603 thread 0x2603 state-kr 0x0 pc 0x109a95e22 leaf __semwait_signal+0xa frames: 0x109a95e22 0x1042a0ce5 0x1041d50a2 0x1042a3d29 0x1042a2ea6 0x1042a2a89 0x10423a53e 0x1042a0709 0x109a91e9e
   6.719 TIGER-SAMPLE pid 0xcda n 0x17 thread 0x2703 thread 0x2703 state-kr 0x0 pc 0x109a467e6 leaf poll+0xa frames: 0x109a467e6 0x10423a53e 0x1042a0709 0x109a91e9e
   6.719 TIGER-SAMPLE pid 0xcda n 0x17 thread 0x2807 thread 0x2807 state-kr 0x0 pc 0x109a95e22 leaf __semwait_signal+0xa frames: 0x109a95e22 0x1042a0ce5 0x1041d50a2 0x1042a3d29 0x1042a2ea6 0x1042a2a89 0x10423a53e 0x1042a0709 0x109a91e9e
   6.719 TIGER-SAMPLE pid 0xcda n 0x17 thread 0x2903 thread 0x2903 state-kr 0x0 pc 0x109a95e22 leaf __semwait_signal+0xa frames: 0x109a95e22 0x1042a0ce5 0x1041d50a2 0x1042a3d29 0x1042a2ea6 0x1042a2a89 0x10423a53e 0x1042a0709 0x109a91e9e
   6.719 TIGER-SAMPLE pid 0xcda n 0x17 thread 0x2c03 thread 0x2c03 state-kr 0x0 pc 0x109a95e22 leaf __semwait_signal+0xa frames: 0x109a95e22 0x1042a0ce5 0x1041d50a2 0x1042a3d29 0x1042a2ea6 0x1042a2a89 0x10423a53e 0x1042a0709 0x109a91e9e
   6.719 TIGER-SAMPLE pid 0xcda n 0x17 thread 0x4003 thread 0x4003 state-kr 0x0 pc 0x109a95e22 leaf __semwait_signal+0xa frames: 0x109a95e22 0x1042a0ce5 0x1041d50a2 0x1042a3d29 0x1042a2ea6 0x1042a2a89 0x10423a53e 0x1042a0709 0x109a91e9e
   6.719 TIGER-SAMPLE pid 0xcda n 0x17 thread 0x4103 thread 0x4103 state-kr 0x0 pc 0x109a95e22 leaf __semwait_signal+0xa frames: 0x109a95e22 0x1042a0ce5 0x1041d50a2 0x1041d4b56 0x10423a53e 0x1042a0709 0x109a91e9e
   6.719 TIGER-SAMPLE pid 0xcda n 0x17 thread 0x2d0b thread 0x2d0b state-kr 0x0 pc 0x109a95e22 leaf __semwait_signal+0xa frames: 0x109a95e22 0x1042a0d27 0x1041d50a2 0x1041b1c77 0x10423a53e 0x1042a0709 0x109a91e9e
   6.719 TIGER-SAMPLE pid 0xcda n 0x17 thread 0x4303 thread 0x4303 state-kr 0x0 pc 0x109a95e22 leaf __semwait_signal+0xa frames: 0x109a95e22 0x1042a0d27 0x1041d50a2 0x1041b1c77 0x10423a53e 0x1042a0709 0x109a91e9e
   6.719 TIGER-SAMPLE pid 0xcda n 0x17 thread 0x4503 thread 0x4503 state-kr 0x0 pc 0x109a95e22 leaf __semwait_signal+0xa frames: 0x109a95e22 0x1042a0ce5 0x1041d50a2 0x1042a3d29 0x1042a2ea6 0x1042a2a89 0x10423a53e 0x1042a0709 0x109a91e9e
   6.719 TIGER-SAMPLE pid 0xcda n 0x17 thread 0x2a0b thread 0x2a0b state-kr 0x0 pc 0x109a95e22 leaf __semwait_signal+0xa frames: 0x109a95e22 0x1042a0d27 0x1041d50a2 0x1041b1c77 0x10423a53e 0x1042a0709 0x109a91e9e
   6.748 [com.apple.WebKit:Loading:4] 0x109a129c0 - [webProcessIdentifier=3] NetworkConnectionToWebProcess::scheduleResourceLoad: (parentPID=3287, pageProxyID=4, webPageID=5, frameID=4294967297, resourceID=279, existingLoaderToResume=0)
   6.748 [com.apple.WebKit:Loading:4] 0x109a129c0 - [webProcessIdentifier=3] NetworkConnectionToWebProcess::resolveBlobReferences: (parentPID=3287, pageProxyID=4, webPageID=5, frameID=4294967297, resourceID=279)
   6.756 TIGER-SAMPLE pid 0xcd7 n 0x19 main 0x117 thread 0x117 state-kr 0x0 pc 0x90009817 leaf mach_msg_trap+0x7 frames: 0x90009817 0x9082d227 0x9082ca42 0x92e06878 0x92e05f82 0x92e05dd9 0x9328cf45 0x9328cb37 0x932868c4 0x8af6 0x82f2 0x8219 0x5
   6.756 TIGER-SAMPLE pid 0xcd7 n 0x19 thread 0x1203 thread 0x1203 state-kr 0x0 pc 0x90009817 leaf mach_msg_trap+0x7 frames: 0x90009817 0x2ca6d8 0x90023d67
   6.756 TIGER-SAMPLE pid 0xcd7 n 0x19 thread 0x3207 thread 0x3207 state-kr 0x0 pc 0x90024407 leaf semaphore_wait_signal_trap+0x7 frames: 0x90024407 0x364de 0x90023d67
   6.756 TIGER-SAMPLE pid 0xcd7 n 0x19 thread 0x3403 thread 0x3403 state-kr 0x0 pc 0x90024407 leaf semaphore_wait_signal_trap+0x7 frames: 0x90024407 0x364de 0x90023d67
   6.756 TIGER-SAMPLE pid 0xcd7 n 0x19 thread 0x5103 thread 0x5103 state-kr 0x0 pc 0x900bc3fc leaf poll+0xc frames: 0x900bc3fc 0x2cd134 0x313210b 0x319b321 0x90023d67
   6.756 TIGER-SAMPLE pid 0xcd7 n 0x19 thread 0x5203 thread 0x5203 state-kr 0x0 pc 0x90024407 leaf semaphore_wait_signal_trap+0x7 frames: 0x90024407 0x364de 0x90023d67
   6.756 TIGER-SAMPLE pid 0xcd7 n 0x19 thread 0x5403 thread 0x5403 state-kr 0x0 pc 0x900bc3fc leaf poll+0xc frames: 0x900bc3fc 0x2cd134 0x313210b 0x319b321 0x90023d67
   6.756 TIGER-SAMPLE pid 0xcd7 n 0x19 thread 0x5503 thread 0x5503 state-kr 0x0 pc 0x90024407 leaf semaphore_wait_signal_trap+0x7 frames: 0x90024407 0x364de 0x90023d67
   6.756 TIGER-SAMPLE pid 0xcd7 n 0x19 thread 0x5307 thread 0x5307 state-kr 0x0 pc 0x900265fc leaf recvmsg+0xc frames: 0x900265fc 0x2cc6bb 0x2cd134 0x313210b 0x319b321 0x90023d67
   6.756 TIGER-SAMPLE pid 0xcd7 n 0x19 thread 0x5e07 thread 0x5e07 state-kr 0x0 pc 0x90024407 leaf semaphore_wait_signal_trap+0x7 frames: 0x90024407 0x915a96ab 0x915c3ddc 0x90023d67
   6.783 [com.apple.WebKit:Loading:4] 0x109a129c0 - [webProcessIdentifier=3] NetworkConnectionToWebProcess::scheduleResourceLoad: (parentPID=3287, pageProxyID=4, webPageID=5, frameID=4294967297, resourceID=280, existingLoaderToResume=0)
   6.783 [com.apple.WebKit:Loading:4] 0x109a129c0 - [webProcessIdentifier=3] NetworkConnectionToWebProcess::resolveBlobReferences: (parentPID=3287, pageProxyID=4, webPageID=5, frameID=4294967297, resourceID=280)
   6.790 [com.apple.WebKit:Loading:4] 0x109a129c0 - [webProcessIdentifier=3] NetworkConnectionToWebProcess::scheduleResourceLoad: (parentPID=3287, pageProxyID=4, webPageID=5, frameID=4294967297, resourceID=281, existingLoaderToResume=0)
   6.790 [com.apple.WebKit:Loading:4] 0x109a129c0 - [webProcessIdentifier=3] NetworkConnectionToWebProcess::resolveBlobReferences: (parentPID=3287, pageProxyID=4, webPageID=5, frameID=4294967297, resourceID=281)
   6.833 TIGER-SAMPLE pid 0xcdb n 0x18 main 0xd03 thread 0xd03 state-kr 0x0 pc 0x109895e22 leaf __semwait_signal+0xa frames: 0x109895e22 0x10409d0d5 0x103fcdc62 0x1040a0249 0x10409f336 0x10409ef19 0x10004a86b 0x100001c4c 0x100001b61 0x3
   6.833 TIGER-SAMPLE pid 0xcdb n 0x18 thread 0xf03 thread 0xf03 state-kr 0x0 pc 0x1098dfe4e leaf mach_msg_trap+0xa frames: 0x1098dfe4e 0x100328002 0x109891e9e
   6.833 TIGER-SAMPLE pid 0xcdb n 0x18 thread 0x1103 thread 0x1103 state-kr 0x0 pc 0x109895e22 leaf __semwait_signal+0xa frames: 0x109895e22 0x10409d0d5 0x103fcdc62 0x1040a0249 0x10409f336 0x10409ef19 0x1040342fe 0x10409caf9 0x109891e9e
   6.833 TIGER-SAMPLE pid 0xcdb n 0x18 thread 0x2303 thread 0x2303 state-kr 0x0 pc 0x1098467e6 leaf poll+0xa frames: 0x1098467e6 0x1040342fe 0x10409caf9 0x109891e9e
   6.833 TIGER-SAMPLE pid 0xcdb n 0x18 thread 0x2407 thread 0x2407 state-kr 0x0 pc 0x109895e22 leaf __semwait_signal+0xa frames: 0x109895e22 0x10409d0d5 0x103fcdc62 0x1040a0249 0x10409f336 0x10409ef19 0x1040342fe 0x10409caf9 0x109891e9e
   6.833 TIGER-SAMPLE pid 0xcdb n 0x18 thread 0x2503 thread 0x2503 state-kr 0x0 pc 0x109895e22 leaf __semwait_signal+0xa frames: 0x109895e22 0x10409d0d5 0x103fcdc62 0x1040a0249 0x10409f336 0x10409ef19 0x1040342fe 0x10409caf9 0x109891e9e
   6.833 TIGER-SAMPLE pid 0xcdb n 0x18 thread 0x2603 thread 0x2603 state-kr 0x0 pc 0x109895e22 leaf __semwait_signal+0xa frames: 0x109895e22 0x10409d0d5 0x103fcdc62 0x1040a0249 0x10409f336 0x10409ef19 0x1040342fe 0x10409caf9 0x109891e9e
   6.833 TIGER-SAMPLE pid 0xcdb n 0x18 thread 0x2703 thread 0x2703 state-kr 0x0 pc 0x109895e22 leaf __semwait_signal+0xa frames: 0x109895e22 0x10409d0d5 0x103fcdc62 0x1040a0249 0x10409f336 0x10409ef19 0x1040342fe 0x10409caf9 0x109891e9e
   6.833 TIGER-SAMPLE pid 0xcdb n 0x18 thread 0x2903 thread 0x2903 state-kr 0x0 pc 0x109895e22 leaf __semwait_signal+0xa frames: 0x109895e22 0x10409d0d5 0x103fcdc62 0x1040a0249 0x10409f336 0x10409ef19 0x1040342fe 0x10409caf9 0x109891e9e
   6.834 TIGER-SAMPLE pid 0xcdb n 0x18 thread 0x2a03 thread 0x2a03 state-kr 0x0 pc 0x1098467e6 leaf poll+0xa frames: 0x1098467e6 0x1040342fe 0x10409caf9 0x109891e9e
   6.834 TIGER-SAMPLE pid 0xcdb n 0x18 thread 0x2b03 thread 0x2b03 state-kr 0x0 pc 0x1098467e6 leaf poll+0xa frames: 0x1098467e6 0x104388d27 0x104388eea 0x101f332a7 0x101f3f071 0x1040342fe 0x10409caf9 0x109891e9e
   6.834 TIGER-SAMPLE pid 0xcdb n 0x18 thread 0x331b thread 0x331b state-kr 0x0 pc 0x109895e22 leaf __semwait_signal+0xa frames: 0x109895e22 0x10409d0d5 0x103fcdc62 0x1040a0249 0x10409f336 0x10409ef19 0x1040342fe 0x10409caf9 0x109891e9e
   6.864 [com.apple.WebKit:Loading:4] 0x109a129c0 - [webProcessIdentifier=3] NetworkConnectionToWebProcess::scheduleResourceLoad: (parentPID=3287, pageProxyID=4, webPageID=5, frameID=4294967297, resourceID=282, existingLoaderToResume=0)
   6.864 [com.apple.WebKit:Loading:4] 0x109a129c0 - [webProcessIdentifier=3] NetworkConnectionToWebProcess::resolveBlobReferences: (parentPID=3287, pageProxyID=4, webPageID=5, frameID=4294967297, resourceID=282)
   6.996 TIGER-SAMPLE pid 0xcda n 0x18 main 0xd03 thread 0xd03 state-kr 0x0 pc 0x1042837a4 leaf _ZN3WTF10StringImpl31convertToLowercaseWithoutLocaleEv+0x24 frames: 0x1042837a4 0x10429974a 0x103d8011f 0x10d00a038 0x1049e96a8 0x10d2e872e 0x1049e96a8 0x10d10ed63 0x10d15f3e8 0x10d137b94 0x10d150f39 0x1049e96a8 0x10d00a87e 0x1049e96a8 0x1049ea828 0x1049ea828 0x1049ea828 0x10d00a87e 0x1049e96a8 0x1049e96a8 0x1049c81c4 0x103647079 0x1037ce804 0x100be8740 0x101702686 0x1016f8a17 0x1017022b6 0x101725e36 0x1016fd1be 0x1017c48c4 0x1017ca304 0x10261cc2f 0x1042a2c47 0x100045e88 0x10000170c 0x100001621 0x3
   6.996 TIGER-SAMPLE pid 0xcda n 0x18 thread 0xf03 thread 0xf03 state-kr 0x0 pc 0x109adfe4e leaf mach_msg_trap+0xa frames: 0x109adfe4e 0x10045bf12 0x109a91e9e
   6.996 TIGER-SAMPLE pid 0xcda n 0x18 thread 0x1103 thread 0x1103 state-kr 0x0 pc 0x109a95e22 leaf __semwait_signal+0xa frames: 0x109a95e22 0x1042a0ce5 0x1041d50a2 0x1042a3d29 0x1042a2ea6 0x1042a2a89 0x10423a53e 0x1042a0709 0x109a91e9e
   6.996 TIGER-SAMPLE pid 0xcda n 0x18 thread 0x2303 thread 0x2303 state-kr 0x0 pc 0x109a95e22 leaf __semwait_signal+0xa frames: 0x109a95e22 0x1042a0ce5 0x1041d50a2 0x1042a3d29 0x1042a2ea6 0x1042a2a89 0x10423a53e 0x1042a0709 0x109a91e9e
   6.996 TIGER-SAMPLE pid 0xcda n 0x18 thread 0x2403 thread 0x2403 state-kr 0x0 pc 0x109a95e22 leaf __semwait_signal+0xa frames: 0x109a95e22 0x1042a0ce5 0x1041d50a2 0x1042a3d29 0x1042a2ea6 0x1042a2a89 0x10423a53e 0x1042a0709 0x109a91e9e
   6.996 TIGER-SAMPLE pid 0xcda n 0x18 thread 0x2503 thread 0x2503 state-kr 0x0 pc 0x109a467e6 leaf poll+0xa frames: 0x109a467e6 0x10423a53e 0x1042a0709 0x109a91e9e
   6.996 TIGER-SAMPLE pid 0xcda n 0x18 thread 0x2603 thread 0x2603 state-kr 0x0 pc 0x109a95e22 leaf __semwait_signal+0xa frames: 0x109a95e22 0x1042a0ce5 0x1041d50a2 0x1042a3d29 0x1042a2ea6 0x1042a2a89 0x10423a53e 0x1042a0709 0x109a91e9e
   6.996 TIGER-SAMPLE pid 0xcda n 0x18 thread 0x2703 thread 0x2703 state-kr 0x0 pc 0x109a467e6 leaf poll+0xa frames: 0x109a467e6 0x10423a53e 0x1042a0709 0x109a91e9e
   6.996 TIGER-SAMPLE pid 0xcda n 0x18 thread 0x2807 thread 0x2807 state-kr 0x0 pc 0x109a95e22 leaf __semwait_signal+0xa frames: 0x109a95e22 0x1042a0ce5 0x1041d50a2 0x1042a3d29 0x1042a2ea6 0x1042a2a89 0x10423a53e 0x1042a0709 0x109a91e9e
   6.996 TIGER-SAMPLE pid 0xcda n 0x18 thread 0x2903 thread 0x2903 state-kr 0x0 pc 0x109a95e22 leaf __semwait_signal+0xa frames: 0x109a95e22 0x1042a0ce5 0x1041d50a2 0x1042a3d29 0x1042a2ea6 0x1042a2a89 0x10423a53e 0x1042a0709 0x109a91e9e
   6.996 TIGER-SAMPLE pid 0xcda n 0x18 thread 0x2c03 thread 0x2c03 state-kr 0x0 pc 0x109a95e22 leaf __semwait_signal+0xa frames: 0x109a95e22 0x1042a0ce5 0x1041d50a2 0x1042a3d29 0x1042a2ea6 0x1042a2a89 0x10423a53e 0x1042a0709 0x109a91e9e
   6.996 TIGER-SAMPLE pid 0xcda n 0x18 thread 0x4003 thread 0x4003 state-kr 0x0 pc 0x109a95e22 leaf __semwait_signal+0xa frames: 0x109a95e22 0x1042a0ce5 0x1041d50a2 0x1042a3d29 0x1042a2ea6 0x1042a2a89 0x10423a53e 0x1042a0709 0x109a91e9e
   6.997 TIGER-SAMPLE pid 0xcda n 0x18 thread 0x4103 thread 0x4103 state-kr 0x0 pc 0x109a95e22 leaf __semwait_signal+0xa frames: 0x109a95e22 0x1042a0ce5 0x1041d50a2 0x1041d4b56 0x10423a53e 0x1042a0709 0x109a91e9e
   6.997 TIGER-SAMPLE pid 0xcda n 0x18 thread 0x2d0b thread 0x2d0b state-kr 0x0 pc 0x109a95e22 leaf __semwait_signal+0xa frames: 0x109a95e22 0x1042a0d27 0x1041d50a2 0x1041b1c77 0x10423a53e 0x1042a0709 0x109a91e9e
   6.997 TIGER-SAMPLE pid 0xcda n 0x18 thread 0x4303 thread 0x4303 state-kr 0x0 pc 0x109a95e22 leaf __semwait_signal+0xa frames: 0x109a95e22 0x1042a0d27 0x1041d50a2 0x1041b1c77 0x10423a53e 0x1042a0709 0x109a91e9e
   6.997 TIGER-SAMPLE pid 0xcda n 0x18 thread 0x4503 thread 0x4503 state-kr 0x0 pc 0x109a95e22 leaf __semwait_signal+0xa frames: 0x109a95e22 0x1042a0ce5 0x1041d50a2 0x1042a3d29 0x1042a2ea6 0x1042a2a89 0x10423a53e 0x1042a0709 0x109a91e9e
   6.997 TIGER-SAMPLE pid 0xcda n 0x18 thread 0x2a0b thread 0x2a0b state-kr 0x0 pc 0x109a95e22 leaf __semwait_signal+0xa frames: 0x109a95e22 0x1042a0d27 0x1041d50a2 0x1041b1c77 0x10423a53e 0x1042a0709 0x109a91e9e
   7.006 TIGER-SAMPLE pid 0xcd7 n 0x1a main 0x117 thread 0x117 state-kr 0x0 pc 0x90009817 leaf mach_msg_trap+0x7 frames: 0x90009817 0x9082d227 0x9082ca42 0x92e06878 0x92e05f82 0x92e05dd9 0x9328cf45 0x9328cb37 0x932868c4 0x8af6 0x82f2 0x8219 0x5
   7.006 TIGER-SAMPLE pid 0xcd7 n 0x1a thread 0x1203 thread 0x1203 state-kr 0x0 pc 0x90009817 leaf mach_msg_trap+0x7 frames: 0x90009817 0x2ca6d8 0x90023d67
   7.006 TIGER-SAMPLE pid 0xcd7 n 0x1a thread 0x3207 thread 0x3207 state-kr 0x0 pc 0x90024407 leaf semaphore_wait_signal_trap+0x7 frames: 0x90024407 0x364de 0x90023d67
   7.006 TIGER-SAMPLE pid 0xcd7 n 0x1a thread 0x3403 thread 0x3403 state-kr 0x0 pc 0x90024407 leaf semaphore_wait_signal_trap+0x7 frames: 0x90024407 0x364de 0x90023d67
   7.006 TIGER-SAMPLE pid 0xcd7 n 0x1a thread 0x5103 thread 0x5103 state-kr 0x0 pc 0x900bc3fc leaf poll+0xc frames: 0x900bc3fc 0x2cd134 0x313210b 0x319b321 0x90023d67
   7.006 TIGER-SAMPLE pid 0xcd7 n 0x1a thread 0x5203 thread 0x5203 state-kr 0x0 pc 0x90024407 leaf semaphore_wait_signal_trap+0x7 frames: 0x90024407 0x364de 0x90023d67
   7.007 TIGER-SAMPLE pid 0xcd7 n 0x1a thread 0x5403 thread 0x5403 state-kr 0x0 pc 0x900bc3fc leaf poll+0xc frames: 0x900bc3fc 0x2cd134 0x313210b 0x319b321 0x90023d67
   7.007 TIGER-SAMPLE pid 0xcd7 n 0x1a thread 0x5503 thread 0x5503 state-kr 0x0 pc 0x90024407 leaf semaphore_wait_signal_trap+0x7 frames: 0x90024407 0x364de 0x90023d67
   7.007 TIGER-SAMPLE pid 0xcd7 n 0x1a thread 0x5307 thread 0x5307 state-kr 0x0 pc 0x900265fc leaf recvmsg+0xc frames: 0x900265fc 0x2cc6bb 0x2cd134 0x313210b 0x319b321 0x90023d67
   7.007 TIGER-SAMPLE pid 0xcd7 n 0x1a thread 0x5e07 thread 0x5e07 state-kr 0x0 pc 0x90024407 leaf semaphore_wait_signal_trap+0x7 frames: 0x90024407 0x915a96ab 0x915c3ddc 0x90023d67
   7.048 [com.apple.WebKit:Loading:4] [pageID=5, frameID=12884901890] PolicyChecker::checkNavigationPolicy: continuing because this is an initial empty document
   7.054 [com.apple.WebKit:Loading:4] 0x109a129c0 - [webProcessIdentifier=3] NetworkConnectionToWebProcess::scheduleResourceLoad: (parentPID=3287, pageProxyID=4, webPageID=5, frameID=4294967297, resourceID=298, existingLoaderToResume=0)
   7.054 [com.apple.WebKit:Loading:4] 0x109a129c0 - [webProcessIdentifier=3] NetworkConnectionToWebProcess::resolveBlobReferences: (parentPID=3287, pageProxyID=4, webPageID=5, frameID=4294967297, resourceID=298)
   7.086 TIGER-SAMPLE pid 0xcdb n 0x19 main 0xd03 thread 0xd03 state-kr 0x0 pc 0x109895e22 leaf __semwait_signal+0xa frames: 0x109895e22 0x10409d117 0x103fcdc62 0x1040a0249 0x10409f336 0x10409ef19 0x10004a86b 0x100001c4c 0x100001b61 0x3
   7.086 TIGER-SAMPLE pid 0xcdb n 0x19 thread 0xf03 thread 0xf03 state-kr 0x0 pc 0x1098dfe4e leaf mach_msg_trap+0xa frames: 0x1098dfe4e 0x100328002 0x109891e9e
   7.086 TIGER-SAMPLE pid 0xcdb n 0x19 thread 0x1103 thread 0x1103 state-kr 0x0 pc 0x109895e22 leaf __semwait_signal+0xa frames: 0x109895e22 0x10409d0d5 0x103fcdc62 0x1040a0249 0x10409f336 0x10409ef19 0x1040342fe 0x10409caf9 0x109891e9e
   7.086 TIGER-SAMPLE pid 0xcdb n 0x19 thread 0x2303 thread 0x2303 state-kr 0x0 pc 0x1098467e6 leaf poll+0xa frames: 0x1098467e6 0x1040342fe 0x10409caf9 0x109891e9e
   7.086 TIGER-SAMPLE pid 0xcdb n 0x19 thread 0x2407 thread 0x2407 state-kr 0x0 pc 0x109895e22 leaf __semwait_signal+0xa frames: 0x109895e22 0x10409d0d5 0x103fcdc62 0x1040a0249 0x10409f336 0x10409ef19 0x1040342fe 0x10409caf9 0x109891e9e
   7.086 TIGER-SAMPLE pid 0xcdb n 0x19 thread 0x2503 thread 0x2503 state-kr 0x0 pc 0x109895e22 leaf __semwait_signal+0xa frames: 0x109895e22 0x10409d0d5 0x103fcdc62 0x1040a0249 0x10409f336 0x10409ef19 0x1040342fe 0x10409caf9 0x109891e9e
   7.086 TIGER-SAMPLE pid 0xcdb n 0x19 thread 0x2603 thread 0x2603 state-kr 0x0 pc 0x109895e22 leaf __semwait_signal+0xa frames: 0x109895e22 0x10409d0d5 0x103fcdc62 0x1040a0249 0x10409f336 0x10409ef19 0x1040342fe 0x10409caf9 0x109891e9e
   7.086 TIGER-SAMPLE pid 0xcdb n 0x19 thread 0x2703 thread 0x2703 state-kr 0x0 pc 0x109895e22 leaf __semwait_signal+0xa frames: 0x109895e22 0x10409d0d5 0x103fcdc62 0x1040a0249 0x10409f336 0x10409ef19 0x1040342fe 0x10409caf9 0x109891e9e
   7.086 TIGER-SAMPLE pid 0xcdb n 0x19 thread 0x2903 thread 0x2903 state-kr 0x0 pc 0x109895e22 leaf __semwait_signal+0xa frames: 0x109895e22 0x10409d0d5 0x103fcdc62 0x1040a0249 0x10409f336 0x10409ef19 0x1040342fe 0x10409caf9 0x109891e9e
   7.086 TIGER-SAMPLE pid 0xcdb n 0x19 thread 0x2a03 thread 0x2a03 state-kr 0x0 pc 0x1098467e6 leaf poll+0xa frames: 0x1098467e6 0x1040342fe 0x10409caf9 0x109891e9e
   7.086 TIGER-SAMPLE pid 0xcdb n 0x19 thread 0x2b03 thread 0x2b03 state-kr 0x0 pc 0x1098467e6 leaf poll+0xa frames: 0x1098467e6 0x104388d27 0x104388eea 0x101f332a7 0x101f3f071 0x1040342fe 0x10409caf9 0x109891e9e
   7.086 TIGER-SAMPLE pid 0xcdb n 0x19 thread 0x331b thread 0x331b state-kr 0x0 pc 0x109895e22 leaf __semwait_signal+0xa frames: 0x109895e22 0x10409d0d5 0x103fcdc62 0x1040a0249 0x10409f336 0x10409ef19 0x1040342fe 0x10409caf9 0x109891e9e
   7.258 TIGER-SAMPLE pid 0xcd7 n 0x1b main 0x117 thread 0x117 state-kr 0x0 pc 0x90009817 leaf mach_msg_trap+0x7 frames: 0x90009817 0x9082d227 0x9082ca42 0x92e06878 0x92e05f82 0x92e05dd9 0x9328cf45 0x9328cb37 0x932868c4 0x8af6 0x82f2 0x8219 0x5
   7.258 TIGER-SAMPLE pid 0xcd7 n 0x1b thread 0x1203 thread 0x1203 state-kr 0x0 pc 0x90009817 leaf mach_msg_trap+0x7 frames: 0x90009817 0x2ca6d8 0x90023d67
   7.258 TIGER-SAMPLE pid 0xcd7 n 0x1b thread 0x3207 thread 0x3207 state-kr 0x0 pc 0x90024407 leaf semaphore_wait_signal_trap+0x7 frames: 0x90024407 0x364de 0x90023d67
   7.259 TIGER-SAMPLE pid 0xcd7 n 0x1b thread 0x3403 thread 0x3403 state-kr 0x0 pc 0x90024407 leaf semaphore_wait_signal_trap+0x7 frames: 0x90024407 0x364de 0x90023d67
   7.259 TIGER-SAMPLE pid 0xcd7 n 0x1b thread 0x5103 thread 0x5103 state-kr 0x0 pc 0x900bc3fc leaf poll+0xc frames: 0x900bc3fc 0x2cd134 0x313210b 0x319b321 0x90023d67
   7.259 TIGER-SAMPLE pid 0xcd7 n 0x1b thread 0x5203 thread 0x5203 state-kr 0x0 pc 0x90024407 leaf semaphore_wait_signal_trap+0x7 frames: 0x90024407 0x364de 0x90023d67
   7.259 TIGER-SAMPLE pid 0xcd7 n 0x1b thread 0x5403 thread 0x5403 state-kr 0x0 pc 0x900bc3fc leaf poll+0xc frames: 0x900bc3fc 0x2cd134 0x313210b 0x319b321 0x90023d67
   7.260 TIGER-SAMPLE pid 0xcd7 n 0x1b thread 0x5503 thread 0x5503 state-kr 0x0 pc 0x90024407 leaf semaphore_wait_signal_trap+0x7 frames: 0x90024407 0x364de 0x90023d67
   7.260 TIGER-SAMPLE pid TIGER-SAMPLE pid 0xcda n 0x190xcd7 main  n 0xd030x1b thread thread 0xd03 state-kr  0x5307 thread 0x00x5307 pc  state-kr 0x1027f4a830x0 pc 0x90005117 leaf free+0x327 frames: 0x90005117 0x90004e2f 0x2cc149 0x2cc6bb 0x2cd134 0x313210b 0x319b321 0x90023d67
   7.260 TIGER-SAMPLE pid 0xcd7 n 0x1b thread 0x5e07 thread 0x5e07 state-kr 0x0 pc 0x90024407 leaf semaphore_wait_signal_trap+0x7 frames: 0x90024407 0x915a96ab 0x915c3ddc 0x90023d67
   7.262  leaf _ZN7WebCore29FEGaussianBlurSoftwareApplier7boxBlurERKNS_11PixelBufferERS1_jiiiiiibNS_12EdgeModeTypeE+0x323 frames: 0x1027f4a83 0x1027f44de 0x1027f41e9 0x1041d464f 0x1027ede2b 0x1027ed7a7 0x1027e1675 0x101f76af1 0x1027e0b99 0x102728257 0x10273a854 0x10132b07a 0x101344599 0x10135bc9a 0x1012106ce 0x101187922 0x1011858a3 0x10118232a 0x1011854f3 0x101182441 0x10117f15a 0x101cc1372 0x10260733a 0x101f719e8 0x101f712f7 0x101f73a76 0x1027351b3 0x1010427b3 0x1010407c6 0x10103fbf5 0x1010fe63a 0x101210418 0x10116f458 0x101187922 0x1011858a3 0x10118232a 0x1011854f3 0x101182441 0x1011854f3 0x101182295 0x1011854f3
   7.262 TIGER-SAMPLE pid 0xcda n 0x19 thread 0xf03 thread 0xf03 state-kr 0x0 pc 0x109adfe4e leaf mach_msg_trap+0xa frames: 0x109adfe4e 0x10045bf12 0x109a91e9e
   7.263 TIGER-SAMPLE pid 0xcda n 0x19 thread 0x1103 thread 0x1103 state-kr 0x0 pc 0x109a95e22 leaf __semwait_signal+0xa frames: 0x109a95e22 0x1042a0ce5 0x1041d50a2 0x1042a3d29 0x1042a2ea6 0x1042a2a89 0x10423a53e 0x1042a0709 0x109a91e9e
   7.264 TIGER-SAMPLE pid 0xcda n 0x19 thread 0x2303 thread 0x2303 state-kr 0x0 pc 0x109a95e22 leaf __semwait_signal+0xa frames: 0x109a95e22 0x1042a0ce5 0x1041d50a2 0x1042a3d29 0x1042a2ea6 0x1042a2a89 0x10423a53e 0x1042a0709 0x109a91e9e
   7.264 TIGER-SAMPLE pid 0xcda n 0x19 thread 0x2403 thread 0x2403 state-kr 0x0 pc 0x109a95e22 leaf __semwait_signal+0xa frames: 0x109a95e22 0x1042a0ce5 0x1041d50a2 0x1042a3d29 0x1042a2ea6 0x1042a2a89 0x10423a53e 0x1042a0709 0x109a91e9e
   7.264 TIGER-SAMPLE pid 0xcda n 0x19 thread 0x2503 thread 0x2503 state-kr 0x0 pc 0x109a467e6 leaf poll+0xa frames: 0x109a467e6 0x10423a53e 0x1042a0709 0x109a91e9e
   7.264 TIGER-SAMPLE pid 0xcda n 0x19 thread 0x2603 thread 0x2603 state-kr 0x0 pc 0x109a95e22 leaf __semwait_signal+0xa frames: 0x109a95e22 0x1042a0ce5 0x1041d50a2 0x1042a3d29 0x1042a2ea6 0x1042a2a89 0x10423a53e 0x1042a0709 0x109a91e9e
   7.264 TIGER-SAMPLE pid 0xcda n 0x19 thread 0x2703 thread 0x2703 state-kr 0x0 pc 0x109a467e6 leaf poll+0xa frames: 0x109a467e6 0x10423a53e 0x1042a0709 0x109a91e9e
   7.264 TIGER-SAMPLE pid 0xcda n 0x19 thread 0x2807 thread 0x2807 state-kr 0x0 pc 0x109a95e22 leaf __semwait_signal+0xa frames: 0x109a95e22 0x1042a0ce5 0x1041d50a2 0x1042a3d29 0x1042a2ea6 0x1042a2a89 0x10423a53e 0x1042a0709 0x109a91e9e
   7.264 TIGER-SAMPLE pid 0xcda n 0x19 thread 0x2903 thread 0x2903 state-kr 0x0 pc 0x109a95e22 leaf __semwait_signal+0xa frames: 0x109a95e22 0x1042a0ce5 0x1041d50a2 0x1042a3d29 0x1042a2ea6 0x1042a2a89 0x10423a53e 0x1042a0709 0x109a91e9e
   7.264 TIGER-SAMPLE pid 0xcda n 0x19 thread 0x2c03 thread 0x2c03 state-kr 0x0 pc 0x109a95e22 leaf __semwait_signal+0xa frames: 0x109a95e22 0x1042a0ce5 0x1041d50a2 0x1042a3d29 0x1042a2ea6 0x1042a2a89 0x10423a53e 0x1042a0709 0x109a91e9e
   7.264 TIGER-SAMPLE pid 0xcda n 0x19 thread 0x4003 thread 0x4003 state-kr 0x0 pc 0x109a95e22 leaf __semwait_signal+0xa frames: 0x109a95e22 0x1042a0ce5 0x1041d50a2 0x1042a3d29 0x1042a2ea6 0x1042a2a89 0x10423a53e 0x1042a0709 0x109a91e9e
   7.266 TIGER-SAMPLE pid 0xcda n 0x19 thread 0x4103 thread 0x4103 state-kr 0x0 pc 0x1027f4afc leaf _ZN7WebCore29FEGaussianBlurSoftwareApplier7boxBlurERKNS_11PixelBufferERS1_jiiiiiibNS_12EdgeModeTypeE+0x39c frames: 0x1027f4afc 0x1027f45ee 0x1027f41e9 0x1041d4a8e 0x10423a53e 0x1042a0709 0x109a91e9e
   7.267 TIGER-SAMPLE pid 0xcda n 0x19 thread 0x2d0b thread 0x2d0b state-kr 0x0 pc 0x109a95e22 leaf __semwait_signal+0xa frames: 0x109a95e22 0x1042a0d27 0x1041d50a2 0x1041b1c77 0x10423a53e 0x1042a0709 0x109a91e9e
   7.267 TIGER-SAMPLE pid 0xcda n 0x19 thread 0x4303 thread 0x4303 state-kr 0x0 pc 0x109a95e22 leaf __semwait_signal+0xa frames: 0x109a95e22 0x1042a0d27 0x1041d50a2 0x1041b1c77 0x10423a53e 0x1042a0709 0x109a91e9e
   7.267 TIGER-SAMPLE pid 0xcda n 0x19 thread 0x4503 thread 0x4503 state-kr 0x0 pc 0x109a95e22 leaf __semwait_signal+0xa frames: 0x109a95e22 0x1042a0ce5 0x1041d50a2 0x1042a3d29 0x1042a2ea6 0x1042a2a89 0x10423a53e 0x1042a0709 0x109a91e9e
   7.267 TIGER-SAMPLE pid 0xcda n 0x19 thread 0x2a0b thread 0x2a0b state-kr 0x0 pc 0x109a95e22 leaf __semwait_signal+0xa frames: 0x109a95e22 0x1042a0d27 0x1041d50a2 0x1041b1c77 0x10423a53e 0x1042a0709 0x109a91e9e
   7.268 TIGER-SAMPLE pid 0xcda n 0x19 thread 0x2b0f thread 0x2b0f state-kr 0x0 pc 0x109a95e22 leaf __semwait_signal+0xa frames: 0x109a95e22 0x1042a0ce5 0x1041d50a2 0x1042a3d29 0x1042a2ea6 0x1042a2a89 0x10423a53e 0x1042a0709 0x109a91e9e
   7.268 TIGER-SAMPLE pid 0xcda n 0x19 thread 0x4703 thread 0x4703 state-kr 0x0 pc 0x109a95e22 leaf __semwait_signal+0xa frames: 0x109a95e22 0x1042a0ce5 0x1041d50a2 0x1042a290c 0x10264a969 0x10264a2d9 0x1041dc1a8 0x1042a2a76 0x10423a53e 0x1042a0709 0x109a91e9e
   7.336 TIGER-SAMPLE pid 0xcdb n 0x1a main 0xd03 thread 0xd03 state-kr 0x0 pc 0x109895e22 leaf __semwait_signal+0xa frames: 0x109895e22 0x10409d117 0x103fcdc62 0x1040a0249 0x10409f336 0x10409ef19 0x10004a86b 0x100001c4c 0x100001b61 0x3
   7.336 TIGER-SAMPLE pid 0xcdb n 0x1a thread 0xf03 thread 0xf03 state-kr 0x0 pc 0x1098dfe4e leaf mach_msg_trap+0xa frames: 0x1098dfe4e 0x100328002 0x109891e9e
   7.337 TIGER-SAMPLE pid 0xcdb n 0x1a thread 0x1103 thread 0x1103 state-kr 0x0 pc 0x109895e22 leaf __semwait_signal+0xa frames: 0x109895e22 0x10409d0d5 0x103fcdc62 0x1040a0249 0x10409f336 0x10409ef19 0x1040342fe 0x10409caf9 0x109891e9e
   7.337 TIGER-SAMPLE pid 0xcdb n 0x1a thread 0x2303 thread 0x2303 state-kr 0x0 pc 0x1098467e6 leaf poll+0xa frames: 0x1098467e6 0x1040342fe 0x10409caf9 0x109891e9e
   7.337 TIGER-SAMPLE pid 0xcdb n 0x1a thread 0x2407 thread 0x2407 state-kr 0x0 pc 0x109895e22 leaf __semwait_signal+0xa frames: 0x109895e22 0x10409d0d5 0x103fcdc62 0x1040a0249 0x10409f336 0x10409ef19 0x1040342fe 0x10409caf9 0x109891e9e
   7.337 TIGER-SAMPLE pid 0xcdb n 0x1a thread 0x2503 thread 0x2503 state-kr 0x0 pc 0x109895e22 leaf __semwait_signal+0xa frames: 0x109895e22 0x10409d0d5 0x103fcdc62 0x1040a0249 0x10409f336 0x10409ef19 0x1040342fe 0x10409caf9 0x109891e9e
   7.338 TIGER-SAMPLE pid 0xcdb n 0x1a thread 0x2603 thread 0x2603 state-kr 0x0 pc 0x109895e22 leaf __semwait_signal+0xa frames: 0x109895e22 0x10409d0d5 0x103fcdc62 0x1040a0249 0x10409f336 0x10409ef19 0x1040342fe 0x10409caf9 0x109891e9e
   7.338 TIGER-SAMPLE pid 0xcdb n 0x1a thread 0x2703 thread 0x2703 state-kr 0x0 pc 0x109895e22 leaf __semwait_signal+0xa frames: 0x109895e22 0x10409d0d5 0x103fcdc62 0x1040a0249 0x10409f336 0x10409ef19 0x1040342fe 0x10409caf9 0x109891e9e
   7.338 TIGER-SAMPLE pid 0xcdb n 0x1a thread 0x2903 thread 0x2903 state-kr 0x0 pc 0x109895e22 leaf __semwait_signal+0xa frames: 0x109895e22 0x10409d0d5 0x103fcdc62 0x1040a0249 0x10409f336 0x10409ef19 0x1040342fe 0x10409caf9 0x109891e9e
   7.338 TIGER-SAMPLE pid 0xcdb n 0x1a thread 0x2a03 thread 0x2a03 state-kr 0x0 pc 0x1098467e6 leaf poll+0xa frames: 0x1098467e6 0x1040342fe 0x10409caf9 0x109891e9e
   7.339 TIGER-SAMPLE pid 0xcdb n 0x1a thread 0x2b03 thread 0x2b03 state-kr 0x0 pc 0x1098467e6 leaf poll+0xa frames: 0x1098467e6 0x104388d27 0x104388eea 0x101f332a7 0x101f3f071 0x1040342fe 0x10409caf9 0x109891e9e
   7.339 TIGER-SAMPLE pid 0xcdb n 0x1a thread 0x331b thread 0x331b state-kr 0x0 pc 0x109895e22 leaf __semwait_signal+0xa frames: 0x109895e22 0x10409d0d5 0x103fcdc62 0x1040a0249 0x10409f336 0x10409ef19 0x1040342fe 0x10409caf9 0x109891e9e
   7.513 TIGER-SAMPLE pid 0xcd7 n 0x1c main 0x117 thread 0x117 state-kr 0x0 pc 0x90009817 leaf mach_msg_trap+0x7 frames: 0x90009817 0x9082d227 0x9082ca42 0x92e06878 0x92e05f82 0x92e05dd9 0x9328cf45 0x9328cb37 0x932868c4 0x8af6 0x82f2 0x8219 0x5
   7.513 TIGER-SAMPLE pid 0xcd7 n 0x1c thread 0x1203 thread 0x1203 state-kr 0x0 pc 0x90009817 leaf mach_msg_trap+0x7 frames: 0x90009817 0x2ca6d8 0x90023d67
   7.513 TIGER-SAMPLE pid 0xcd7 n 0x1c thread 0x3207 thread 0x3207 state-kr 0x0 pc 0x90024407 leaf semaphore_wait_signal_trap+0x7 frames: 0x90024407 0x364de 0x90023d67
   7.513 TIGER-SAMPLE pid 0xcd7 n 0x1c thread 0x3403 thread 0x3403 state-kr 0x0 pc 0x90024407 leaf semaphore_wait_signal_trap+0x7 frames: 0x90024407 0x364de 0x90023d67
   7.513 TIGER-SAMPLE pid 0xcd7 n 0x1c thread 0x5103 thread 0x5103 state-kr 0x0 pc 0x900bc3fc leaf poll+0xc frames: 0x900bc3fc 0x2cd134 0x313210b 0x319b321 0x90023d67
   7.513 TIGER-SAMPLE pid 0xcd7 n 0x1c thread 0x5203 thread 0x5203 state-kr 0x0 pc 0x90024407 leaf semaphore_wait_signal_trap+0x7 frames: 0x90024407 0x364de 0x90023d67
   7.513 TIGER-SAMPLE pid 0xcd7 n 0x1c thread 0x5403 thread 0x5403 state-kr 0x0 pc 0x900bc3fc leaf poll+0xc frames: 0x900bc3fc 0x2cd134 0x313210b 0x319b321 0x90023d67
   7.513 TIGER-SAMPLE pid 0xcd7 n 0x1c thread 0x5503 thread 0x5503 state-kr 0x0 pc 0x90024407 leaf semaphore_wait_signal_trap+0x7 frames: 0x90024407 0x364de 0x90023d67
   7.513 TIGER-SAMPLE pid 0xcd7 n 0x1c thread 0x5307 thread 0x5307 state-kr 0x0 pc 0x900265fc leaf recvmsg+0xc frames: 0x900265fc 0x2cc6bb 0x2cd134 0x313210b 0x319b321 0x90023d67
   7.513 TIGER-SAMPLE pid 0xcd7 n 0x1c thread 0x5e07 thread 0x5e07 state-kr 0x0 pc 0x90024407 leaf semaphore_wait_signal_trap+0x7 frames: 0x90024407 0x915a96ab 0x915c3ddc 0x90023d67
   7.591 TIGER-SAMPLE pid 0xcda n 0x1a main 0xd03 thread 0xd03 state-kr 0x0 pc 0x1027f4a99 leaf _ZN7WebCore29FEGaussianBlurSoftwareApplier7boxBlurERKNS_11PixelBufferERS1_jiiiiiibNS_12EdgeModeTypeE+0x339 frames: 0x1027f4a99 0x1027f44de 0x1027f41e9 0x1041d464f 0x1027ede2b 0x1027ed7a7 0x1027e1675 0x101f76af1 0x1027e0b99 0x102728257 0x10273a854 0x10132b07a 0x101344599 0x10135bc9a 0x1012106ce 0x101187922 0x1011858a3 0x10118232a 0x1011854f3 0x101182441 0x10117f15a 0x101cc1372 0x10260733a 0x101f719e8 0x101f712f7 0x101f73a76 0x1027351b3 0x1010427b3 0x1010407c6 0x10103fbf5 0x1010fe63a 0x101210418 0x10116f458 0x101187922 0x1011858a3 0x10118232a 0x1011854f3 0x101182441 0x1011854f3 0x101182295 0x1011854f3
   7.591 TIGER-SAMPLE pid 0xcda n 0x1a thread 0xf03 thread 0xf03 state-kr 0x0 pc 0x109adfe4e leaf mach_msg_trap+0xa frames: 0x109adfe4e 0x10045bf12 0x109a91e9e
   7.591 TIGER-SAMPLE pid 0xcda n 0x1a thread 0x1103 thread 0x1103 state-kr 0x0 pc 0x109a95e22 leaf __semwait_signal+0xa frames: 0x109a95e22 0x1042a0ce5 0x1041d50a2 0x1042a3d29 0x1042a2ea6 0x1042a2a89 0x10423a53e 0x1042a0709 0x109a91e9e
   7.591 TIGER-SAMPLE pid 0xcda n 0x1a thread 0x2303 thread 0x2303 state-kr 0x0 pc 0x109a95e22 leaf __semwait_signal+0xa frames: 0x109a95e22 0x1042a0ce5 0x1041d50a2 0x1042a3d29 0x1042a2ea6 0x1042a2a89 0x10423a53e 0x1042a0709 0x109a91e9e
   7.591 TIGER-SAMPLE pid 0xcda n 0x1a thread 0x2403 thread 0x2403 state-kr 0x0 pc 0x109a95e22 leaf __semwait_signal+0xa frames: 0x109a95e22 0x1042a0ce5 0x1041d50a2 0x1042a3d29 0x1042a2ea6 0x1042a2a89 0x10423a53e 0x1042a0709 0x109a91e9e
   7.591 TIGER-SAMPLE pid 0xcda n 0x1a thread 0x2503 thread 0x2503 state-kr 0x0 pc 0x109a467e6 leaf poll+0xa frames: 0x109a467e6 0x10423a53e 0x1042a0709 0x109a91e9e
   7.591 TIGER-SAMPLE pid 0xcda n 0x1a thread 0x2603 thread 0x2603 state-kr 0x0 pc 0x109a95e22 leaf __semwait_signal+0xa frames: 0x109a95e22 0x1042a0ce5 0x1041d50a2 0x1042a3d29 0x1042a2ea6 0x1042a2a89 0x10423a53e 0x1042a0709 0x109a91e9e
   7.591 TIGER-SAMPLE pid 0xcda n 0x1a thread 0x2703 thread 0x2703 state-kr 0x0 pc 0x109a467e6 leaf poll+0xa frames: 0x109a467e6 0x10423a53e 0x1042a0709 0x109a91e9e
   7.591 TIGER-SAMPLE pid 0xcda n 0x1a thread 0x2807 thread 0x2807 state-kr 0x0 pc 0x109a95e22 leaf __semwait_signal+0xa frames: 0x109a95e22 0x1042a0ce5 0x1041d50a2 0x1042a3d29 0x1042a2ea6 0x1042a2a89 0x10423a53e 0x1042a0709 0x109a91e9e
   7.591 TIGER-SAMPLE pid 0xcda n 0x1a thread 0x2903 thread 0x2903 state-kr 0x0 pc 0x109a95e22 leaf __semwait_signal+0xa frames: 0x109a95e22 0x1042a0ce5 0x1041d50a2 0x1042a3d29 0x1042a2ea6 0x1042a2a89 0x10423a53e 0x1042a0709 0x109a91e9e
   7.591 TIGER-SAMPLE pid 0xcda n 0x1a thread 0x2c03 thread 0x2c03 state-kr 0x0 pc 0x109a95e22 leaf __semwait_signal+0xa frames: 0x109a95e22 0x1042a0ce5 0x1041d50a2 0x1042a3d29 0x1042a2ea6 0x1042a2a89 0x10423a53e 0x1042a0709 0x109a91e9e
   7.591 TIGER-SAMPLE pid 0xcda n 0x1a thread 0x4003 thread 0x4003 state-kr 0x0 pc 0x109a95e22 leaf __semwait_signal+0xa frames: 0x109a95e22 0x1042a0ce5 0x1041d50a2 0x1042a3d29 0x1042a2ea6 0x1042a2a89 0x10423a53e 0x1042a0709 0x109a91e9e
   7.591 TIGER-SAMPLE pid 0xcda n 0x1a thread 0x4103 thread 0x4103 state-kr 0x0 pc 0x109a95e22 leaf __semwait_signal+0xa frames: 0x109a95e22 0x1042a0ce5 0x1041d50a2 0x1041d4b56 0x10423a53e 0x1042a0709 0x109a91e9e
   7.591 TIGER-SAMPLE pid 0xcda n 0x1a thread 0x2d0b thread 0x2d0b state-kr 0x0 pc 0x109a95e22 leaf __semwait_signal+0xa frames: 0x109a95e22 0x1042a0d27 0x1041d50a2 0x1041b1c77 0x10423a53e 0x1042a0709 0x109a91e9e
   7.591 TIGER-SAMPLE pid 0xcda n 0x1a thread 0x4303 thread 0x4303 state-kr 0x0 pc 0x109a95e22 leaf __semwait_signal+0xa frames: 0x109a95e22 0x1042a0d27 0x1041d50a2 0x1041b1c77 0x10423a53e 0x1042a0709 0x109a91e9e
   7.591 TIGER-SAMPLE pid 0xcda n 0x1a thread 0x4503 thread 0x4503 state-kr 0x0 pc 0x109a95e22 leaf __semwait_signal+0xa frames: 0x109a95e22 0x1042a0ce5 0x1041d50a2 0x1042a3d29 0x1042a2ea6 0x1042a2a89 0x10423a53e 0x1042a0709 0x109a91e9e
   7.591 TIGER-SAMPLE pid 0xcda n 0x1a thread 0x2a0b thread 0x2a0b state-kr 0x0 pc 0x109a95e22 leaf __semwait_signal+0xa frames: 0x109a95e22 0x1042a0d27 0x1041d50a2 0x1041b1c77 0x10423a53e 0x1042a0709 0x109a91e9e
   7.591 TIGER-SAMPLE pid 0xcda n 0x1a thread 0x2b0f thread 0x2b0f state-kr 0x0 pc 0x109a95e22 leaf __semwait_signal+0xa frames: 0x109a95e22 0x1042a0ce5 0x1041d50a2 0x1042a3d29 0x1042a2ea6 0x1042a2a89 0x10423a53e 0x1042a0709 0x109a91e9e
   7.591 TIGER-SAMPLE pid 0xcda n 0x1a thread 0x4703 thread 0x4703 state-kr 0x0 pc 0x109a95e22 leaf __semwait_signal+0xa frames: 0x109a95e22 0x1042a0ce5 0x1041d50a2 0x1042a290c 0x10264a969 0x10264a2d9 0x1041dc1a8 0x1042a2a76 0x10423a53e 0x1042a0709 0x109a91e9e
   7.593 TIGER-SAMPLE pid 0xcdb n 0x1b main 0xd03 thread 0xd03 state-kr 0x0 pc 0x109895e22 leaf __semwait_signal+0xa frames: 0x109895e22 0x10409d117 0x103fcdc62 0x1040a0249 0x10409f336 0x10409ef19 0x10004a86b 0x100001c4c 0x100001b61 0x3
   7.593 TIGER-SAMPLE pid 0xcdb n 0x1b thread 0xf03 thread 0xf03 state-kr 0x0 pc 0x1098dfe4e leaf mach_msg_trap+0xa frames: 0x1098dfe4e 0x100328002 0x109891e9e
   7.593 TIGER-SAMPLE pid 0xcdb n 0x1b thread 0x1103 thread 0x1103 state-kr 0x0 pc 0x109895e22 leaf __semwait_signal+0xa frames: 0x109895e22 0x10409d0d5 0x103fcdc62 0x1040a0249 0x10409f336 0x10409ef19 0x1040342fe 0x10409caf9 0x109891e9e
   7.593 TIGER-SAMPLE pid 0xcdb n 0x1b thread 0x2303 thread 0x2303 state-kr 0x0 pc 0x1098467e6 leaf poll+0xa frames: 0x1098467e6 0x1040342fe 0x10409caf9 0x109891e9e
   7.593 TIGER-SAMPLE pid 0xcdb n 0x1b thread 0x2407 thread 0x2407 state-kr 0x0 pc 0x109895e22 leaf __semwait_signal+0xa frames: 0x109895e22 0x10409d0d5 0x103fcdc62 0x1040a0249 0x10409f336 0x10409ef19 0x1040342fe 0x10409caf9 0x109891e9e
   7.593 TIGER-SAMPLE pid 0xcdb n 0x1b thread 0x2503 thread 0x2503 state-kr 0x0 pc 0x109895e22 leaf __semwait_signal+0xa frames: 0x109895e22 0x10409d0d5 0x103fcdc62 0x1040a0249 0x10409f336 0x10409ef19 0x1040342fe 0x10409caf9 0x109891e9e
   7.593 TIGER-SAMPLE pid 0xcdb n 0x1b thread 0x2603 thread 0x2603 state-kr 0x0 pc 0x109895e22 leaf __semwait_signal+0xa frames: 0x109895e22 0x10409d0d5 0x103fcdc62 0x1040a0249 0x10409f336 0x10409ef19 0x1040342fe 0x10409caf9 0x109891e9e
   7.593 TIGER-SAMPLE pid 0xcdb n 0x1b thread 0x2703 thread 0x2703 state-kr 0x0 pc 0x109895e22 leaf __semwait_signal+0xa frames: 0x109895e22 0x10409d0d5 0x103fcdc62 0x1040a0249 0x10409f336 0x10409ef19 0x1040342fe 0x10409caf9 0x109891e9e
   7.593 TIGER-SAMPLE pid 0xcdb n 0x1b thread 0x2903 thread 0x2903 state-kr 0x0 pc 0x109895e22 leaf __semwait_signal+0xa frames: 0x109895e22 0x10409d0d5 0x103fcdc62 0x1040a0249 0x10409f336 0x10409ef19 0x1040342fe 0x10409caf9 0x109891e9e
   7.593 TIGER-SAMPLE pid 0xcdb n 0x1b thread 0x2a03 thread 0x2a03 state-kr 0x0 pc 0x1098467e6 leaf poll+0xa frames: 0x1098467e6 0x1040342fe 0x10409caf9 0x109891e9e
   7.593 TIGER-SAMPLE pid 0xcdb n 0x1b thread 0x2b03 thread 0x2b03 state-kr 0x0 pc 0x1098467e6 leaf poll+0xa frames: 0x1098467e6 0x104388d27 0x104388eea 0x101f332a7 0x101f3f071 0x1040342fe 0x10409caf9 0x109891e9e
   7.593 TIGER-SAMPLE pid 0xcdb n 0x1b thread 0x331b thread 0x331b state-kr 0x0 pc 0x109895e22 leaf __semwait_signal+0xa frames: 0x109895e22 0x10409d0d5 0x103fcdc62 0x1040a0249 0x10409f336 0x10409ef19 0x1040342fe 0x10409caf9 0x109891e9e
   7.765 TIGER-SAMPLE pid 0xcd7 n 0x1d main 0x117 thread 0x117 state-kr 0x0 pc 0x90009817 leaf mach_msg_trap+0x7 frames: 0x90009817 0x9082d227 0x9082ca42 0x92e06878 0x92e05f82 0x92e05dd9 0x9328cf45 0x9328cb37 0x932868c4 0x8af6 0x82f2 0x8219 0x5
   7.765 TIGER-SAMPLE pid 0xcd7 n 0x1d thread 0x1203 thread 0x1203 state-kr 0x0 pc 0x90009817 leaf mach_msg_trap+0x7 frames: 0x90009817 0x2ca6d8 0x90023d67
   7.765 TIGER-SAMPLE pid 0xcd7 n 0x1d thread 0x3207 thread 0x3207 state-kr 0x0 pc 0x90024407 leaf semaphore_wait_signal_trap+0x7 frames: 0x90024407 0x364de 0x90023d67
   7.765 TIGER-SAMPLE pid 0xcd7 n 0x1d thread 0x3403 thread 0x3403 state-kr 0x0 pc 0x90024407 leaf semaphore_wait_signal_trap+0x7 frames: 0x90024407 0x364de 0x90023d67
   7.765 TIGER-SAMPLE pid 0xcd7 n 0x1d thread 0x5103 thread 0x5103 state-kr 0x0 pc 0x900bc3fc leaf poll+0xc frames: 0x900bc3fc 0x2cd134 0x313210b 0x319b321 0x90023d67
   7.765 TIGER-SAMPLE pid 0xcd7 n 0x1d thread 0x5203 thread 0x5203 state-kr 0x0 pc 0x90024407 leaf semaphore_wait_signal_trap+0x7 frames: 0x90024407 0x364de 0x90023d67
   7.765 TIGER-SAMPLE pid 0xcd7 n 0x1d thread 0x5403 thread 0x5403 state-kr 0x0 pc 0x900bc3fc leaf poll+0xc frames: 0x900bc3fc 0x2cd134 0x313210b 0x319b321 0x90023d67
   7.765 TIGER-SAMPLE pid 0xcd7 n 0x1d thread 0x5503 thread 0x5503 state-kr 0x0 pc 0x90024407 leaf semaphore_wait_signal_trap+0x7 frames: 0x90024407 0x364de 0x90023d67
   7.765 TIGER-SAMPLE pid 0xcd7 n 0x1d thread 0x5307 thread 0x5307 state-kr 0x0 pc 0x900265fc leaf recvmsg+0xc frames: 0x900265fc 0x2cc6bb 0x2cd134 0x313210b 0x319b321 0x90023d67
   7.765 TIGER-SAMPLE pid 0xcd7 n 0x1d thread 0x5e07 thread 0x5e07 state-kr 0x0 pc 0x90024407 leaf semaphore_wait_signal_trap+0x7 frames: 0x90024407 0x915a96ab 0x915c3ddc 0x90023d67
   7.810 [com.apple.WebKit:Process:4] GPUProcessConnection::create(379)
   7.825 [com.apple.WebKit:Loading:4] 0x109a129c0 - [webProcessIdentifier=3] NetworkConnectionToWebProcess::scheduleResourceLoad: (parentPID=3287, pageProxyID=4, webPageID=5, frameID=4294967297, resourceID=380, existingLoaderToResume=0)
   7.825 [com.apple.WebKit:Loading:4] 0x109a129c0 - [webProcessIdentifier=3] NetworkConnectionToWebProcess::resolveBlobReferences: (parentPID=3287, pageProxyID=4, webPageID=5, frameID=4294967297, resourceID=380)
